NTA2020,NTAName,borough,year_month,date,borough_count,n_ntas,estimated_count
BK0101,Greenpoint,Brooklyn,2022-03,2022-03-01,1642.0,53,30.9811320754717
BK0101,Greenpoint,Brooklyn,2022-04,2022-04-01,1540.0,53,29.056603773584907
BK0101,Greenpoint,Brooklyn,2022-05,2022-05-01,2155.0,53,40.660377358490564
BK0101,Greenpoint,Brooklyn,2022-06,2022-06-01,1508.0,53,28.452830188679247
BK0101,Greenpoint,Brooklyn,2022-07,2022-07-01,1377.0,53,25.9811320754717
BK0101,Greenpoint,Brooklyn,2022-08,2022-08-01,1308.0,53,24.67924528301887
BK0101,Greenpoint,Brooklyn,2022-09,2022-09-01,1827.0,53,34.471698113207545
BK0101,Greenpoint,Brooklyn,2022-10,2022-10-01,2066.0,53,38.9811320754717
BK0101,Greenpoint,Brooklyn,2022-11,2022-11-01,1706.0,53,32.18867924528302
BK0101,Greenpoint,Brooklyn,2022-12,2022-12-01,1329.0,53,25.07547169811321
BK0101,Greenpoint,Brooklyn,2023-01,2023-01-01,1378.0,53,26.0
BK0101,Greenpoint,Brooklyn,2023-02,2023-02-01,1594.0,53,30.07547169811321
BK0101,Greenpoint,Brooklyn,2023-03,2023-03-01,1633.0,53,30.81132075471698
BK0101,Greenpoint,Brooklyn,2023-04,2023-04-01,1914.0,53,36.113207547169814
BK0101,Greenpoint,Brooklyn,2023-05,2023-05-01,1931.0,53,36.43396226415094
BK0101,Greenpoint,Brooklyn,2023-06,2023-06-01,1760.0,53,33.20754716981132
BK0101,Greenpoint,Brooklyn,2023-07,2023-07-01,1442.0,53,27.20754716981132
BK0101,Greenpoint,Brooklyn,2023-08,2023-08-01,1449.0,53,27.339622641509433
BK0101,Greenpoint,Brooklyn,2023-09,2023-09-01,1753.0,53,33.075471698113205
BK0101,Greenpoint,Brooklyn,2023-10,2023-10-01,2030.0,53,38.301886792452834
BK0101,Greenpoint,Brooklyn,2023-11,2023-11-01,1857.0,53,35.0377358490566
BK0101,Greenpoint,Brooklyn,2023-12,2023-12-01,1815.0,53,34.24528301886792
BK0101,Greenpoint,Brooklyn,2024-01,2024-01-01,1689.0,53,31.867924528301888
BK0101,Greenpoint,Brooklyn,2024-02,2024-02-01,1461.0,53,27.566037735849058
BK0101,Greenpoint,Brooklyn,2024-03,2024-03-01,1538.0,53,29.0188679245283
BK0101,Greenpoint,Brooklyn,2024-04,2024-04-01,1636.0,53,30.867924528301888
BK0101,Greenpoint,Brooklyn,2024-05,2024-05-01,1928.0,53,36.37735849056604
BK0101,Greenpoint,Brooklyn,2024-06,2024-06-01,1406.0,53,26.528301886792452
BK0101,Greenpoint,Brooklyn,2024-07,2024-07-01,1334.0,53,25.169811320754718
BK0101,Greenpoint,Brooklyn,2024-08,2024-08-01,1423.0,53,26.849056603773583
BK0101,Greenpoint,Brooklyn,2024-09,2024-09-01,1775.0,53,33.490566037735846
BK0101,Greenpoint,Brooklyn,2024-10,2024-10-01,1834.0,53,34.60377358490566
BK0101,Greenpoint,Brooklyn,2024-11,2024-11-01,1657.0,53,31.264150943396228
BK0101,Greenpoint,Brooklyn,2024-12,2024-12-01,1715.0,53,32.35849056603774
BK0101,Greenpoint,Brooklyn,2025-01,2025-01-01,1489.0,53,28.09433962264151
BK0101,Greenpoint,Brooklyn,2025-02,2025-02-01,1240.0,53,23.39622641509434
BK0101,Greenpoint,Brooklyn,2025-03,2025-03-01,1558.0,53,29.39622641509434
BK0101,Greenpoint,Brooklyn,2025-04,2025-04-01,1784.0,53,33.660377358490564
BK0101,Greenpoint,Brooklyn,2025-05,2025-05-01,1973.0,53,37.22641509433962
BK0101,Greenpoint,Brooklyn,2025-06,2025-06-01,1433.0,53,27.037735849056602
BK0101,Greenpoint,Brooklyn,2025-07,2025-07-01,1376.0,53,25.962264150943398
BK0101,Greenpoint,Brooklyn,2025-08,2025-08-01,1437.0,53,27.11320754716981
BK0101,Greenpoint,Brooklyn,2025-09,2025-09-01,1716.0,53,32.37735849056604
BK0101,Greenpoint,Brooklyn,2025-10,2025-10-01,1699.0,53,32.056603773584904
BK0101,Greenpoint,Brooklyn,2025-11,2025-11-01,50.0,53,0.9433962264150944
BK0102,Williamsburg,Brooklyn,2022-03,2022-03-01,1642.0,53,30.9811320754717
BK0102,Williamsburg,Brooklyn,2022-04,2022-04-01,1540.0,53,29.056603773584907
BK0102,Williamsburg,Brooklyn,2022-05,2022-05-01,2155.0,53,40.660377358490564
BK0102,Williamsburg,Brooklyn,2022-06,2022-06-01,1508.0,53,28.452830188679247
BK0102,Williamsburg,Brooklyn,2022-07,2022-07-01,1377.0,53,25.9811320754717
BK0102,Williamsburg,Brooklyn,2022-08,2022-08-01,1308.0,53,24.67924528301887
BK0102,Williamsburg,Brooklyn,2022-09,2022-09-01,1827.0,53,34.471698113207545
BK0102,Williamsburg,Brooklyn,2022-10,2022-10-01,2066.0,53,38.9811320754717
BK0102,Williamsburg,Brooklyn,2022-11,2022-11-01,1706.0,53,32.18867924528302
BK0102,Williamsburg,Brooklyn,2022-12,2022-12-01,1329.0,53,25.07547169811321
BK0102,Williamsburg,Brooklyn,2023-01,2023-01-01,1378.0,53,26.0
BK0102,Williamsburg,Brooklyn,2023-02,2023-02-01,1594.0,53,30.07547169811321
BK0102,Williamsburg,Brooklyn,2023-03,2023-03-01,1633.0,53,30.81132075471698
BK0102,Williamsburg,Brooklyn,2023-04,2023-04-01,1914.0,53,36.113207547169814
BK0102,Williamsburg,Brooklyn,2023-05,2023-05-01,1931.0,53,36.43396226415094
BK0102,Williamsburg,Brooklyn,2023-06,2023-06-01,1760.0,53,33.20754716981132
BK0102,Williamsburg,Brooklyn,2023-07,2023-07-01,1442.0,53,27.20754716981132
BK0102,Williamsburg,Brooklyn,2023-08,2023-08-01,1449.0,53,27.339622641509433
BK0102,Williamsburg,Brooklyn,2023-09,2023-09-01,1753.0,53,33.075471698113205
BK0102,Williamsburg,Brooklyn,2023-10,2023-10-01,2030.0,53,38.301886792452834
BK0102,Williamsburg,Brooklyn,2023-11,2023-11-01,1857.0,53,35.0377358490566
BK0102,Williamsburg,Brooklyn,2023-12,2023-12-01,1815.0,53,34.24528301886792
BK0102,Williamsburg,Brooklyn,2024-01,2024-01-01,1689.0,53,31.867924528301888
BK0102,Williamsburg,Brooklyn,2024-02,2024-02-01,1461.0,53,27.566037735849058
BK0102,Williamsburg,Brooklyn,2024-03,2024-03-01,1538.0,53,29.0188679245283
BK0102,Williamsburg,Brooklyn,2024-04,2024-04-01,1636.0,53,30.867924528301888
BK0102,Williamsburg,Brooklyn,2024-05,2024-05-01,1928.0,53,36.37735849056604
BK0102,Williamsburg,Brooklyn,2024-06,2024-06-01,1406.0,53,26.528301886792452
BK0102,Williamsburg,Brooklyn,2024-07,2024-07-01,1334.0,53,25.169811320754718
BK0102,Williamsburg,Brooklyn,2024-08,2024-08-01,1423.0,53,26.849056603773583
BK0102,Williamsburg,Brooklyn,2024-09,2024-09-01,1775.0,53,33.490566037735846
BK0102,Williamsburg,Brooklyn,2024-10,2024-10-01,1834.0,53,34.60377358490566
BK0102,Williamsburg,Brooklyn,2024-11,2024-11-01,1657.0,53,31.264150943396228
BK0102,Williamsburg,Brooklyn,2024-12,2024-12-01,1715.0,53,32.35849056603774
BK0102,Williamsburg,Brooklyn,2025-01,2025-01-01,1489.0,53,28.09433962264151
BK0102,Williamsburg,Brooklyn,2025-02,2025-02-01,1240.0,53,23.39622641509434
BK0102,Williamsburg,Brooklyn,2025-03,2025-03-01,1558.0,53,29.39622641509434
BK0102,Williamsburg,Brooklyn,2025-04,2025-04-01,1784.0,53,33.660377358490564
BK0102,Williamsburg,Brooklyn,2025-05,2025-05-01,1973.0,53,37.22641509433962
BK0102,Williamsburg,Brooklyn,2025-06,2025-06-01,1433.0,53,27.037735849056602
BK0102,Williamsburg,Brooklyn,2025-07,2025-07-01,1376.0,53,25.962264150943398
BK0102,Williamsburg,Brooklyn,2025-08,2025-08-01,1437.0,53,27.11320754716981
BK0102,Williamsburg,Brooklyn,2025-09,2025-09-01,1716.0,53,32.37735849056604
BK0102,Williamsburg,Brooklyn,2025-10,2025-10-01,1699.0,53,32.056603773584904
BK0102,Williamsburg,Brooklyn,2025-11,2025-11-01,50.0,53,0.9433962264150944
BK0103,South Williamsburg,Brooklyn,2022-03,2022-03-01,1642.0,53,30.9811320754717
BK0103,South Williamsburg,Brooklyn,2022-04,2022-04-01,1540.0,53,29.056603773584907
BK0103,South Williamsburg,Brooklyn,2022-05,2022-05-01,2155.0,53,40.660377358490564
BK0103,South Williamsburg,Brooklyn,2022-06,2022-06-01,1508.0,53,28.452830188679247
BK0103,South Williamsburg,Brooklyn,2022-07,2022-07-01,1377.0,53,25.9811320754717
BK0103,South Williamsburg,Brooklyn,2022-08,2022-08-01,1308.0,53,24.67924528301887
BK0103,South Williamsburg,Brooklyn,2022-09,2022-09-01,1827.0,53,34.471698113207545
BK0103,South Williamsburg,Brooklyn,2022-10,2022-10-01,2066.0,53,38.9811320754717
BK0103,South Williamsburg,Brooklyn,2022-11,2022-11-01,1706.0,53,32.18867924528302
BK0103,South Williamsburg,Brooklyn,2022-12,2022-12-01,1329.0,53,25.07547169811321
BK0103,South Williamsburg,Brooklyn,2023-01,2023-01-01,1378.0,53,26.0
BK0103,South Williamsburg,Brooklyn,2023-02,2023-02-01,1594.0,53,30.07547169811321
BK0103,South Williamsburg,Brooklyn,2023-03,2023-03-01,1633.0,53,30.81132075471698
BK0103,South Williamsburg,Brooklyn,2023-04,2023-04-01,1914.0,53,36.113207547169814
BK0103,South Williamsburg,Brooklyn,2023-05,2023-05-01,1931.0,53,36.43396226415094
BK0103,South Williamsburg,Brooklyn,2023-06,2023-06-01,1760.0,53,33.20754716981132
BK0103,South Williamsburg,Brooklyn,2023-07,2023-07-01,1442.0,53,27.20754716981132
BK0103,South Williamsburg,Brooklyn,2023-08,2023-08-01,1449.0,53,27.339622641509433
BK0103,South Williamsburg,Brooklyn,2023-09,2023-09-01,1753.0,53,33.075471698113205
BK0103,South Williamsburg,Brooklyn,2023-10,2023-10-01,2030.0,53,38.301886792452834
BK0103,South Williamsburg,Brooklyn,2023-11,2023-11-01,1857.0,53,35.0377358490566
BK0103,South Williamsburg,Brooklyn,2023-12,2023-12-01,1815.0,53,34.24528301886792
BK0103,South Williamsburg,Brooklyn,2024-01,2024-01-01,1689.0,53,31.867924528301888
BK0103,South Williamsburg,Brooklyn,2024-02,2024-02-01,1461.0,53,27.566037735849058
BK0103,South Williamsburg,Brooklyn,2024-03,2024-03-01,1538.0,53,29.0188679245283
BK0103,South Williamsburg,Brooklyn,2024-04,2024-04-01,1636.0,53,30.867924528301888
BK0103,South Williamsburg,Brooklyn,2024-05,2024-05-01,1928.0,53,36.37735849056604
BK0103,South Williamsburg,Brooklyn,2024-06,2024-06-01,1406.0,53,26.528301886792452
BK0103,South Williamsburg,Brooklyn,2024-07,2024-07-01,1334.0,53,25.169811320754718
BK0103,South Williamsburg,Brooklyn,2024-08,2024-08-01,1423.0,53,26.849056603773583
BK0103,South Williamsburg,Brooklyn,2024-09,2024-09-01,1775.0,53,33.490566037735846
BK0103,South Williamsburg,Brooklyn,2024-10,2024-10-01,1834.0,53,34.60377358490566
BK0103,South Williamsburg,Brooklyn,2024-11,2024-11-01,1657.0,53,31.264150943396228
BK0103,South Williamsburg,Brooklyn,2024-12,2024-12-01,1715.0,53,32.35849056603774
BK0103,South Williamsburg,Brooklyn,2025-01,2025-01-01,1489.0,53,28.09433962264151
BK0103,South Williamsburg,Brooklyn,2025-02,2025-02-01,1240.0,53,23.39622641509434
BK0103,South Williamsburg,Brooklyn,2025-03,2025-03-01,1558.0,53,29.39622641509434
BK0103,South Williamsburg,Brooklyn,2025-04,2025-04-01,1784.0,53,33.660377358490564
BK0103,South Williamsburg,Brooklyn,2025-05,2025-05-01,1973.0,53,37.22641509433962
BK0103,South Williamsburg,Brooklyn,2025-06,2025-06-01,1433.0,53,27.037735849056602
BK0103,South Williamsburg,Brooklyn,2025-07,2025-07-01,1376.0,53,25.962264150943398
BK0103,South Williamsburg,Brooklyn,2025-08,2025-08-01,1437.0,53,27.11320754716981
BK0103,South Williamsburg,Brooklyn,2025-09,2025-09-01,1716.0,53,32.37735849056604
BK0103,South Williamsburg,Brooklyn,2025-10,2025-10-01,1699.0,53,32.056603773584904
BK0103,South Williamsburg,Brooklyn,2025-11,2025-11-01,50.0,53,0.9433962264150944
BK0104,East Williamsburg,Brooklyn,2022-03,2022-03-01,1642.0,53,30.9811320754717
BK0104,East Williamsburg,Brooklyn,2022-04,2022-04-01,1540.0,53,29.056603773584907
BK0104,East Williamsburg,Brooklyn,2022-05,2022-05-01,2155.0,53,40.660377358490564
BK0104,East Williamsburg,Brooklyn,2022-06,2022-06-01,1508.0,53,28.452830188679247
BK0104,East Williamsburg,Brooklyn,2022-07,2022-07-01,1377.0,53,25.9811320754717
BK0104,East Williamsburg,Brooklyn,2022-08,2022-08-01,1308.0,53,24.67924528301887
BK0104,East Williamsburg,Brooklyn,2022-09,2022-09-01,1827.0,53,34.471698113207545
BK0104,East Williamsburg,Brooklyn,2022-10,2022-10-01,2066.0,53,38.9811320754717
BK0104,East Williamsburg,Brooklyn,2022-11,2022-11-01,1706.0,53,32.18867924528302
BK0104,East Williamsburg,Brooklyn,2022-12,2022-12-01,1329.0,53,25.07547169811321
BK0104,East Williamsburg,Brooklyn,2023-01,2023-01-01,1378.0,53,26.0
BK0104,East Williamsburg,Brooklyn,2023-02,2023-02-01,1594.0,53,30.07547169811321
BK0104,East Williamsburg,Brooklyn,2023-03,2023-03-01,1633.0,53,30.81132075471698
BK0104,East Williamsburg,Brooklyn,2023-04,2023-04-01,1914.0,53,36.113207547169814
BK0104,East Williamsburg,Brooklyn,2023-05,2023-05-01,1931.0,53,36.43396226415094
BK0104,East Williamsburg,Brooklyn,2023-06,2023-06-01,1760.0,53,33.20754716981132
BK0104,East Williamsburg,Brooklyn,2023-07,2023-07-01,1442.0,53,27.20754716981132
BK0104,East Williamsburg,Brooklyn,2023-08,2023-08-01,1449.0,53,27.339622641509433
BK0104,East Williamsburg,Brooklyn,2023-09,2023-09-01,1753.0,53,33.075471698113205
BK0104,East Williamsburg,Brooklyn,2023-10,2023-10-01,2030.0,53,38.301886792452834
BK0104,East Williamsburg,Brooklyn,2023-11,2023-11-01,1857.0,53,35.0377358490566
BK0104,East Williamsburg,Brooklyn,2023-12,2023-12-01,1815.0,53,34.24528301886792
BK0104,East Williamsburg,Brooklyn,2024-01,2024-01-01,1689.0,53,31.867924528301888
BK0104,East Williamsburg,Brooklyn,2024-02,2024-02-01,1461.0,53,27.566037735849058
BK0104,East Williamsburg,Brooklyn,2024-03,2024-03-01,1538.0,53,29.0188679245283
BK0104,East Williamsburg,Brooklyn,2024-04,2024-04-01,1636.0,53,30.867924528301888
BK0104,East Williamsburg,Brooklyn,2024-05,2024-05-01,1928.0,53,36.37735849056604
BK0104,East Williamsburg,Brooklyn,2024-06,2024-06-01,1406.0,53,26.528301886792452
BK0104,East Williamsburg,Brooklyn,2024-07,2024-07-01,1334.0,53,25.169811320754718
BK0104,East Williamsburg,Brooklyn,2024-08,2024-08-01,1423.0,53,26.849056603773583
BK0104,East Williamsburg,Brooklyn,2024-09,2024-09-01,1775.0,53,33.490566037735846
BK0104,East Williamsburg,Brooklyn,2024-10,2024-10-01,1834.0,53,34.60377358490566
BK0104,East Williamsburg,Brooklyn,2024-11,2024-11-01,1657.0,53,31.264150943396228
BK0104,East Williamsburg,Brooklyn,2024-12,2024-12-01,1715.0,53,32.35849056603774
BK0104,East Williamsburg,Brooklyn,2025-01,2025-01-01,1489.0,53,28.09433962264151
BK0104,East Williamsburg,Brooklyn,2025-02,2025-02-01,1240.0,53,23.39622641509434
BK0104,East Williamsburg,Brooklyn,2025-03,2025-03-01,1558.0,53,29.39622641509434
BK0104,East Williamsburg,Brooklyn,2025-04,2025-04-01,1784.0,53,33.660377358490564
BK0104,East Williamsburg,Brooklyn,2025-05,2025-05-01,1973.0,53,37.22641509433962
BK0104,East Williamsburg,Brooklyn,2025-06,2025-06-01,1433.0,53,27.037735849056602
BK0104,East Williamsburg,Brooklyn,2025-07,2025-07-01,1376.0,53,25.962264150943398
BK0104,East Williamsburg,Brooklyn,2025-08,2025-08-01,1437.0,53,27.11320754716981
BK0104,East Williamsburg,Brooklyn,2025-09,2025-09-01,1716.0,53,32.37735849056604
BK0104,East Williamsburg,Brooklyn,2025-10,2025-10-01,1699.0,53,32.056603773584904
BK0104,East Williamsburg,Brooklyn,2025-11,2025-11-01,50.0,53,0.9433962264150944
BK0201,Brooklyn Heights,Brooklyn,2022-03,2022-03-01,1642.0,53,30.9811320754717
BK0201,Brooklyn Heights,Brooklyn,2022-04,2022-04-01,1540.0,53,29.056603773584907
BK0201,Brooklyn Heights,Brooklyn,2022-05,2022-05-01,2155.0,53,40.660377358490564
BK0201,Brooklyn Heights,Brooklyn,2022-06,2022-06-01,1508.0,53,28.452830188679247
BK0201,Brooklyn Heights,Brooklyn,2022-07,2022-07-01,1377.0,53,25.9811320754717
BK0201,Brooklyn Heights,Brooklyn,2022-08,2022-08-01,1308.0,53,24.67924528301887
BK0201,Brooklyn Heights,Brooklyn,2022-09,2022-09-01,1827.0,53,34.471698113207545
BK0201,Brooklyn Heights,Brooklyn,2022-10,2022-10-01,2066.0,53,38.9811320754717
BK0201,Brooklyn Heights,Brooklyn,2022-11,2022-11-01,1706.0,53,32.18867924528302
BK0201,Brooklyn Heights,Brooklyn,2022-12,2022-12-01,1329.0,53,25.07547169811321
BK0201,Brooklyn Heights,Brooklyn,2023-01,2023-01-01,1378.0,53,26.0
BK0201,Brooklyn Heights,Brooklyn,2023-02,2023-02-01,1594.0,53,30.07547169811321
BK0201,Brooklyn Heights,Brooklyn,2023-03,2023-03-01,1633.0,53,30.81132075471698
BK0201,Brooklyn Heights,Brooklyn,2023-04,2023-04-01,1914.0,53,36.113207547169814
BK0201,Brooklyn Heights,Brooklyn,2023-05,2023-05-01,1931.0,53,36.43396226415094
BK0201,Brooklyn Heights,Brooklyn,2023-06,2023-06-01,1760.0,53,33.20754716981132
BK0201,Brooklyn Heights,Brooklyn,2023-07,2023-07-01,1442.0,53,27.20754716981132
BK0201,Brooklyn Heights,Brooklyn,2023-08,2023-08-01,1449.0,53,27.339622641509433
BK0201,Brooklyn Heights,Brooklyn,2023-09,2023-09-01,1753.0,53,33.075471698113205
BK0201,Brooklyn Heights,Brooklyn,2023-10,2023-10-01,2030.0,53,38.301886792452834
BK0201,Brooklyn Heights,Brooklyn,2023-11,2023-11-01,1857.0,53,35.0377358490566
BK0201,Brooklyn Heights,Brooklyn,2023-12,2023-12-01,1815.0,53,34.24528301886792
BK0201,Brooklyn Heights,Brooklyn,2024-01,2024-01-01,1689.0,53,31.867924528301888
BK0201,Brooklyn Heights,Brooklyn,2024-02,2024-02-01,1461.0,53,27.566037735849058
BK0201,Brooklyn Heights,Brooklyn,2024-03,2024-03-01,1538.0,53,29.0188679245283
BK0201,Brooklyn Heights,Brooklyn,2024-04,2024-04-01,1636.0,53,30.867924528301888
BK0201,Brooklyn Heights,Brooklyn,2024-05,2024-05-01,1928.0,53,36.37735849056604
BK0201,Brooklyn Heights,Brooklyn,2024-06,2024-06-01,1406.0,53,26.528301886792452
BK0201,Brooklyn Heights,Brooklyn,2024-07,2024-07-01,1334.0,53,25.169811320754718
BK0201,Brooklyn Heights,Brooklyn,2024-08,2024-08-01,1423.0,53,26.849056603773583
BK0201,Brooklyn Heights,Brooklyn,2024-09,2024-09-01,1775.0,53,33.490566037735846
BK0201,Brooklyn Heights,Brooklyn,2024-10,2024-10-01,1834.0,53,34.60377358490566
BK0201,Brooklyn Heights,Brooklyn,2024-11,2024-11-01,1657.0,53,31.264150943396228
BK0201,Brooklyn Heights,Brooklyn,2024-12,2024-12-01,1715.0,53,32.35849056603774
BK0201,Brooklyn Heights,Brooklyn,2025-01,2025-01-01,1489.0,53,28.09433962264151
BK0201,Brooklyn Heights,Brooklyn,2025-02,2025-02-01,1240.0,53,23.39622641509434
BK0201,Brooklyn Heights,Brooklyn,2025-03,2025-03-01,1558.0,53,29.39622641509434
BK0201,Brooklyn Heights,Brooklyn,2025-04,2025-04-01,1784.0,53,33.660377358490564
BK0201,Brooklyn Heights,Brooklyn,2025-05,2025-05-01,1973.0,53,37.22641509433962
BK0201,Brooklyn Heights,Brooklyn,2025-06,2025-06-01,1433.0,53,27.037735849056602
BK0201,Brooklyn Heights,Brooklyn,2025-07,2025-07-01,1376.0,53,25.962264150943398
BK0201,Brooklyn Heights,Brooklyn,2025-08,2025-08-01,1437.0,53,27.11320754716981
BK0201,Brooklyn Heights,Brooklyn,2025-09,2025-09-01,1716.0,53,32.37735849056604
BK0201,Brooklyn Heights,Brooklyn,2025-10,2025-10-01,1699.0,53,32.056603773584904
BK0201,Brooklyn Heights,Brooklyn,2025-11,2025-11-01,50.0,53,0.9433962264150944
BK0202,Downtown Brooklyn-DUMBO-Boerum Hill,Brooklyn,2022-03,2022-03-01,1642.0,53,30.9811320754717
BK0202,Downtown Brooklyn-DUMBO-Boerum Hill,Brooklyn,2022-04,2022-04-01,1540.0,53,29.056603773584907
BK0202,Downtown Brooklyn-DUMBO-Boerum Hill,Brooklyn,2022-05,2022-05-01,2155.0,53,40.660377358490564
BK0202,Downtown Brooklyn-DUMBO-Boerum Hill,Brooklyn,2022-06,2022-06-01,1508.0,53,28.452830188679247
BK0202,Downtown Brooklyn-DUMBO-Boerum Hill,Brooklyn,2022-07,2022-07-01,1377.0,53,25.9811320754717
BK0202,Downtown Brooklyn-DUMBO-Boerum Hill,Brooklyn,2022-08,2022-08-01,1308.0,53,24.67924528301887
BK0202,Downtown Brooklyn-DUMBO-Boerum Hill,Brooklyn,2022-09,2022-09-01,1827.0,53,34.471698113207545
BK0202,Downtown Brooklyn-DUMBO-Boerum Hill,Brooklyn,2022-10,2022-10-01,2066.0,53,38.9811320754717
BK0202,Downtown Brooklyn-DUMBO-Boerum Hill,Brooklyn,2022-11,2022-11-01,1706.0,53,32.18867924528302
BK0202,Downtown Brooklyn-DUMBO-Boerum Hill,Brooklyn,2022-12,2022-12-01,1329.0,53,25.07547169811321
BK0202,Downtown Brooklyn-DUMBO-Boerum Hill,Brooklyn,2023-01,2023-01-01,1378.0,53,26.0
BK0202,Downtown Brooklyn-DUMBO-Boerum Hill,Brooklyn,2023-02,2023-02-01,1594.0,53,30.07547169811321
BK0202,Downtown Brooklyn-DUMBO-Boerum Hill,Brooklyn,2023-03,2023-03-01,1633.0,53,30.81132075471698
BK0202,Downtown Brooklyn-DUMBO-Boerum Hill,Brooklyn,2023-04,2023-04-01,1914.0,53,36.113207547169814
BK0202,Downtown Brooklyn-DUMBO-Boerum Hill,Brooklyn,2023-05,2023-05-01,1931.0,53,36.43396226415094
BK0202,Downtown Brooklyn-DUMBO-Boerum Hill,Brooklyn,2023-06,2023-06-01,1760.0,53,33.20754716981132
BK0202,Downtown Brooklyn-DUMBO-Boerum Hill,Brooklyn,2023-07,2023-07-01,1442.0,53,27.20754716981132
BK0202,Downtown Brooklyn-DUMBO-Boerum Hill,Brooklyn,2023-08,2023-08-01,1449.0,53,27.339622641509433
BK0202,Downtown Brooklyn-DUMBO-Boerum Hill,Brooklyn,2023-09,2023-09-01,1753.0,53,33.075471698113205
BK0202,Downtown Brooklyn-DUMBO-Boerum Hill,Brooklyn,2023-10,2023-10-01,2030.0,53,38.301886792452834
BK0202,Downtown Brooklyn-DUMBO-Boerum Hill,Brooklyn,2023-11,2023-11-01,1857.0,53,35.0377358490566
BK0202,Downtown Brooklyn-DUMBO-Boerum Hill,Brooklyn,2023-12,2023-12-01,1815.0,53,34.24528301886792
BK0202,Downtown Brooklyn-DUMBO-Boerum Hill,Brooklyn,2024-01,2024-01-01,1689.0,53,31.867924528301888
BK0202,Downtown Brooklyn-DUMBO-Boerum Hill,Brooklyn,2024-02,2024-02-01,1461.0,53,27.566037735849058
BK0202,Downtown Brooklyn-DUMBO-Boerum Hill,Brooklyn,2024-03,2024-03-01,1538.0,53,29.0188679245283
BK0202,Downtown Brooklyn-DUMBO-Boerum Hill,Brooklyn,2024-04,2024-04-01,1636.0,53,30.867924528301888
BK0202,Downtown Brooklyn-DUMBO-Boerum Hill,Brooklyn,2024-05,2024-05-01,1928.0,53,36.37735849056604
BK0202,Downtown Brooklyn-DUMBO-Boerum Hill,Brooklyn,2024-06,2024-06-01,1406.0,53,26.528301886792452
BK0202,Downtown Brooklyn-DUMBO-Boerum Hill,Brooklyn,2024-07,2024-07-01,1334.0,53,25.169811320754718
BK0202,Downtown Brooklyn-DUMBO-Boerum Hill,Brooklyn,2024-08,2024-08-01,1423.0,53,26.849056603773583
BK0202,Downtown Brooklyn-DUMBO-Boerum Hill,Brooklyn,2024-09,2024-09-01,1775.0,53,33.490566037735846
BK0202,Downtown Brooklyn-DUMBO-Boerum Hill,Brooklyn,2024-10,2024-10-01,1834.0,53,34.60377358490566
BK0202,Downtown Brooklyn-DUMBO-Boerum Hill,Brooklyn,2024-11,2024-11-01,1657.0,53,31.264150943396228
BK0202,Downtown Brooklyn-DUMBO-Boerum Hill,Brooklyn,2024-12,2024-12-01,1715.0,53,32.35849056603774
BK0202,Downtown Brooklyn-DUMBO-Boerum Hill,Brooklyn,2025-01,2025-01-01,1489.0,53,28.09433962264151
BK0202,Downtown Brooklyn-DUMBO-Boerum Hill,Brooklyn,2025-02,2025-02-01,1240.0,53,23.39622641509434
BK0202,Downtown Brooklyn-DUMBO-Boerum Hill,Brooklyn,2025-03,2025-03-01,1558.0,53,29.39622641509434
BK0202,Downtown Brooklyn-DUMBO-Boerum Hill,Brooklyn,2025-04,2025-04-01,1784.0,53,33.660377358490564
BK0202,Downtown Brooklyn-DUMBO-Boerum Hill,Brooklyn,2025-05,2025-05-01,1973.0,53,37.22641509433962
BK0202,Downtown Brooklyn-DUMBO-Boerum Hill,Brooklyn,2025-06,2025-06-01,1433.0,53,27.037735849056602
BK0202,Downtown Brooklyn-DUMBO-Boerum Hill,Brooklyn,2025-07,2025-07-01,1376.0,53,25.962264150943398
BK0202,Downtown Brooklyn-DUMBO-Boerum Hill,Brooklyn,2025-08,2025-08-01,1437.0,53,27.11320754716981
BK0202,Downtown Brooklyn-DUMBO-Boerum Hill,Brooklyn,2025-09,2025-09-01,1716.0,53,32.37735849056604
BK0202,Downtown Brooklyn-DUMBO-Boerum Hill,Brooklyn,2025-10,2025-10-01,1699.0,53,32.056603773584904
BK0202,Downtown Brooklyn-DUMBO-Boerum Hill,Brooklyn,2025-11,2025-11-01,50.0,53,0.9433962264150944
BK0203,Fort Greene,Brooklyn,2022-03,2022-03-01,1642.0,53,30.9811320754717
BK0203,Fort Greene,Brooklyn,2022-04,2022-04-01,1540.0,53,29.056603773584907
BK0203,Fort Greene,Brooklyn,2022-05,2022-05-01,2155.0,53,40.660377358490564
BK0203,Fort Greene,Brooklyn,2022-06,2022-06-01,1508.0,53,28.452830188679247
BK0203,Fort Greene,Brooklyn,2022-07,2022-07-01,1377.0,53,25.9811320754717
BK0203,Fort Greene,Brooklyn,2022-08,2022-08-01,1308.0,53,24.67924528301887
BK0203,Fort Greene,Brooklyn,2022-09,2022-09-01,1827.0,53,34.471698113207545
BK0203,Fort Greene,Brooklyn,2022-10,2022-10-01,2066.0,53,38.9811320754717
BK0203,Fort Greene,Brooklyn,2022-11,2022-11-01,1706.0,53,32.18867924528302
BK0203,Fort Greene,Brooklyn,2022-12,2022-12-01,1329.0,53,25.07547169811321
BK0203,Fort Greene,Brooklyn,2023-01,2023-01-01,1378.0,53,26.0
BK0203,Fort Greene,Brooklyn,2023-02,2023-02-01,1594.0,53,30.07547169811321
BK0203,Fort Greene,Brooklyn,2023-03,2023-03-01,1633.0,53,30.81132075471698
BK0203,Fort Greene,Brooklyn,2023-04,2023-04-01,1914.0,53,36.113207547169814
BK0203,Fort Greene,Brooklyn,2023-05,2023-05-01,1931.0,53,36.43396226415094
BK0203,Fort Greene,Brooklyn,2023-06,2023-06-01,1760.0,53,33.20754716981132
BK0203,Fort Greene,Brooklyn,2023-07,2023-07-01,1442.0,53,27.20754716981132
BK0203,Fort Greene,Brooklyn,2023-08,2023-08-01,1449.0,53,27.339622641509433
BK0203,Fort Greene,Brooklyn,2023-09,2023-09-01,1753.0,53,33.075471698113205
BK0203,Fort Greene,Brooklyn,2023-10,2023-10-01,2030.0,53,38.301886792452834
BK0203,Fort Greene,Brooklyn,2023-11,2023-11-01,1857.0,53,35.0377358490566
BK0203,Fort Greene,Brooklyn,2023-12,2023-12-01,1815.0,53,34.24528301886792
BK0203,Fort Greene,Brooklyn,2024-01,2024-01-01,1689.0,53,31.867924528301888
BK0203,Fort Greene,Brooklyn,2024-02,2024-02-01,1461.0,53,27.566037735849058
BK0203,Fort Greene,Brooklyn,2024-03,2024-03-01,1538.0,53,29.0188679245283
BK0203,Fort Greene,Brooklyn,2024-04,2024-04-01,1636.0,53,30.867924528301888
BK0203,Fort Greene,Brooklyn,2024-05,2024-05-01,1928.0,53,36.37735849056604
BK0203,Fort Greene,Brooklyn,2024-06,2024-06-01,1406.0,53,26.528301886792452
BK0203,Fort Greene,Brooklyn,2024-07,2024-07-01,1334.0,53,25.169811320754718
BK0203,Fort Greene,Brooklyn,2024-08,2024-08-01,1423.0,53,26.849056603773583
BK0203,Fort Greene,Brooklyn,2024-09,2024-09-01,1775.0,53,33.490566037735846
BK0203,Fort Greene,Brooklyn,2024-10,2024-10-01,1834.0,53,34.60377358490566
BK0203,Fort Greene,Brooklyn,2024-11,2024-11-01,1657.0,53,31.264150943396228
BK0203,Fort Greene,Brooklyn,2024-12,2024-12-01,1715.0,53,32.35849056603774
BK0203,Fort Greene,Brooklyn,2025-01,2025-01-01,1489.0,53,28.09433962264151
BK0203,Fort Greene,Brooklyn,2025-02,2025-02-01,1240.0,53,23.39622641509434
BK0203,Fort Greene,Brooklyn,2025-03,2025-03-01,1558.0,53,29.39622641509434
BK0203,Fort Greene,Brooklyn,2025-04,2025-04-01,1784.0,53,33.660377358490564
BK0203,Fort Greene,Brooklyn,2025-05,2025-05-01,1973.0,53,37.22641509433962
BK0203,Fort Greene,Brooklyn,2025-06,2025-06-01,1433.0,53,27.037735849056602
BK0203,Fort Greene,Brooklyn,2025-07,2025-07-01,1376.0,53,25.962264150943398
BK0203,Fort Greene,Brooklyn,2025-08,2025-08-01,1437.0,53,27.11320754716981
BK0203,Fort Greene,Brooklyn,2025-09,2025-09-01,1716.0,53,32.37735849056604
BK0203,Fort Greene,Brooklyn,2025-10,2025-10-01,1699.0,53,32.056603773584904
BK0203,Fort Greene,Brooklyn,2025-11,2025-11-01,50.0,53,0.9433962264150944
BK0204,Clinton Hill,Brooklyn,2022-03,2022-03-01,1642.0,53,30.9811320754717
BK0204,Clinton Hill,Brooklyn,2022-04,2022-04-01,1540.0,53,29.056603773584907
BK0204,Clinton Hill,Brooklyn,2022-05,2022-05-01,2155.0,53,40.660377358490564
BK0204,Clinton Hill,Brooklyn,2022-06,2022-06-01,1508.0,53,28.452830188679247
BK0204,Clinton Hill,Brooklyn,2022-07,2022-07-01,1377.0,53,25.9811320754717
BK0204,Clinton Hill,Brooklyn,2022-08,2022-08-01,1308.0,53,24.67924528301887
BK0204,Clinton Hill,Brooklyn,2022-09,2022-09-01,1827.0,53,34.471698113207545
BK0204,Clinton Hill,Brooklyn,2022-10,2022-10-01,2066.0,53,38.9811320754717
BK0204,Clinton Hill,Brooklyn,2022-11,2022-11-01,1706.0,53,32.18867924528302
BK0204,Clinton Hill,Brooklyn,2022-12,2022-12-01,1329.0,53,25.07547169811321
BK0204,Clinton Hill,Brooklyn,2023-01,2023-01-01,1378.0,53,26.0
BK0204,Clinton Hill,Brooklyn,2023-02,2023-02-01,1594.0,53,30.07547169811321
BK0204,Clinton Hill,Brooklyn,2023-03,2023-03-01,1633.0,53,30.81132075471698
BK0204,Clinton Hill,Brooklyn,2023-04,2023-04-01,1914.0,53,36.113207547169814
BK0204,Clinton Hill,Brooklyn,2023-05,2023-05-01,1931.0,53,36.43396226415094
BK0204,Clinton Hill,Brooklyn,2023-06,2023-06-01,1760.0,53,33.20754716981132
BK0204,Clinton Hill,Brooklyn,2023-07,2023-07-01,1442.0,53,27.20754716981132
BK0204,Clinton Hill,Brooklyn,2023-08,2023-08-01,1449.0,53,27.339622641509433
BK0204,Clinton Hill,Brooklyn,2023-09,2023-09-01,1753.0,53,33.075471698113205
BK0204,Clinton Hill,Brooklyn,2023-10,2023-10-01,2030.0,53,38.301886792452834
BK0204,Clinton Hill,Brooklyn,2023-11,2023-11-01,1857.0,53,35.0377358490566
BK0204,Clinton Hill,Brooklyn,2023-12,2023-12-01,1815.0,53,34.24528301886792
BK0204,Clinton Hill,Brooklyn,2024-01,2024-01-01,1689.0,53,31.867924528301888
BK0204,Clinton Hill,Brooklyn,2024-02,2024-02-01,1461.0,53,27.566037735849058
BK0204,Clinton Hill,Brooklyn,2024-03,2024-03-01,1538.0,53,29.0188679245283
BK0204,Clinton Hill,Brooklyn,2024-04,2024-04-01,1636.0,53,30.867924528301888
BK0204,Clinton Hill,Brooklyn,2024-05,2024-05-01,1928.0,53,36.37735849056604
BK0204,Clinton Hill,Brooklyn,2024-06,2024-06-01,1406.0,53,26.528301886792452
BK0204,Clinton Hill,Brooklyn,2024-07,2024-07-01,1334.0,53,25.169811320754718
BK0204,Clinton Hill,Brooklyn,2024-08,2024-08-01,1423.0,53,26.849056603773583
BK0204,Clinton Hill,Brooklyn,2024-09,2024-09-01,1775.0,53,33.490566037735846
BK0204,Clinton Hill,Brooklyn,2024-10,2024-10-01,1834.0,53,34.60377358490566
BK0204,Clinton Hill,Brooklyn,2024-11,2024-11-01,1657.0,53,31.264150943396228
BK0204,Clinton Hill,Brooklyn,2024-12,2024-12-01,1715.0,53,32.35849056603774
BK0204,Clinton Hill,Brooklyn,2025-01,2025-01-01,1489.0,53,28.09433962264151
BK0204,Clinton Hill,Brooklyn,2025-02,2025-02-01,1240.0,53,23.39622641509434
BK0204,Clinton Hill,Brooklyn,2025-03,2025-03-01,1558.0,53,29.39622641509434
BK0204,Clinton Hill,Brooklyn,2025-04,2025-04-01,1784.0,53,33.660377358490564
BK0204,Clinton Hill,Brooklyn,2025-05,2025-05-01,1973.0,53,37.22641509433962
BK0204,Clinton Hill,Brooklyn,2025-06,2025-06-01,1433.0,53,27.037735849056602
BK0204,Clinton Hill,Brooklyn,2025-07,2025-07-01,1376.0,53,25.962264150943398
BK0204,Clinton Hill,Brooklyn,2025-08,2025-08-01,1437.0,53,27.11320754716981
BK0204,Clinton Hill,Brooklyn,2025-09,2025-09-01,1716.0,53,32.37735849056604
BK0204,Clinton Hill,Brooklyn,2025-10,2025-10-01,1699.0,53,32.056603773584904
BK0204,Clinton Hill,Brooklyn,2025-11,2025-11-01,50.0,53,0.9433962264150944
BK0301,Bedford-Stuyvesant (West),Brooklyn,2022-03,2022-03-01,1642.0,53,30.9811320754717
BK0301,Bedford-Stuyvesant (West),Brooklyn,2022-04,2022-04-01,1540.0,53,29.056603773584907
BK0301,Bedford-Stuyvesant (West),Brooklyn,2022-05,2022-05-01,2155.0,53,40.660377358490564
BK0301,Bedford-Stuyvesant (West),Brooklyn,2022-06,2022-06-01,1508.0,53,28.452830188679247
BK0301,Bedford-Stuyvesant (West),Brooklyn,2022-07,2022-07-01,1377.0,53,25.9811320754717
BK0301,Bedford-Stuyvesant (West),Brooklyn,2022-08,2022-08-01,1308.0,53,24.67924528301887
BK0301,Bedford-Stuyvesant (West),Brooklyn,2022-09,2022-09-01,1827.0,53,34.471698113207545
BK0301,Bedford-Stuyvesant (West),Brooklyn,2022-10,2022-10-01,2066.0,53,38.9811320754717
BK0301,Bedford-Stuyvesant (West),Brooklyn,2022-11,2022-11-01,1706.0,53,32.18867924528302
BK0301,Bedford-Stuyvesant (West),Brooklyn,2022-12,2022-12-01,1329.0,53,25.07547169811321
BK0301,Bedford-Stuyvesant (West),Brooklyn,2023-01,2023-01-01,1378.0,53,26.0
BK0301,Bedford-Stuyvesant (West),Brooklyn,2023-02,2023-02-01,1594.0,53,30.07547169811321
BK0301,Bedford-Stuyvesant (West),Brooklyn,2023-03,2023-03-01,1633.0,53,30.81132075471698
BK0301,Bedford-Stuyvesant (West),Brooklyn,2023-04,2023-04-01,1914.0,53,36.113207547169814
BK0301,Bedford-Stuyvesant (West),Brooklyn,2023-05,2023-05-01,1931.0,53,36.43396226415094
BK0301,Bedford-Stuyvesant (West),Brooklyn,2023-06,2023-06-01,1760.0,53,33.20754716981132
BK0301,Bedford-Stuyvesant (West),Brooklyn,2023-07,2023-07-01,1442.0,53,27.20754716981132
BK0301,Bedford-Stuyvesant (West),Brooklyn,2023-08,2023-08-01,1449.0,53,27.339622641509433
BK0301,Bedford-Stuyvesant (West),Brooklyn,2023-09,2023-09-01,1753.0,53,33.075471698113205
BK0301,Bedford-Stuyvesant (West),Brooklyn,2023-10,2023-10-01,2030.0,53,38.301886792452834
BK0301,Bedford-Stuyvesant (West),Brooklyn,2023-11,2023-11-01,1857.0,53,35.0377358490566
BK0301,Bedford-Stuyvesant (West),Brooklyn,2023-12,2023-12-01,1815.0,53,34.24528301886792
BK0301,Bedford-Stuyvesant (West),Brooklyn,2024-01,2024-01-01,1689.0,53,31.867924528301888
BK0301,Bedford-Stuyvesant (West),Brooklyn,2024-02,2024-02-01,1461.0,53,27.566037735849058
BK0301,Bedford-Stuyvesant (West),Brooklyn,2024-03,2024-03-01,1538.0,53,29.0188679245283
BK0301,Bedford-Stuyvesant (West),Brooklyn,2024-04,2024-04-01,1636.0,53,30.867924528301888
BK0301,Bedford-Stuyvesant (West),Brooklyn,2024-05,2024-05-01,1928.0,53,36.37735849056604
BK0301,Bedford-Stuyvesant (West),Brooklyn,2024-06,2024-06-01,1406.0,53,26.528301886792452
BK0301,Bedford-Stuyvesant (West),Brooklyn,2024-07,2024-07-01,1334.0,53,25.169811320754718
BK0301,Bedford-Stuyvesant (West),Brooklyn,2024-08,2024-08-01,1423.0,53,26.849056603773583
BK0301,Bedford-Stuyvesant (West),Brooklyn,2024-09,2024-09-01,1775.0,53,33.490566037735846
BK0301,Bedford-Stuyvesant (West),Brooklyn,2024-10,2024-10-01,1834.0,53,34.60377358490566
BK0301,Bedford-Stuyvesant (West),Brooklyn,2024-11,2024-11-01,1657.0,53,31.264150943396228
BK0301,Bedford-Stuyvesant (West),Brooklyn,2024-12,2024-12-01,1715.0,53,32.35849056603774
BK0301,Bedford-Stuyvesant (West),Brooklyn,2025-01,2025-01-01,1489.0,53,28.09433962264151
BK0301,Bedford-Stuyvesant (West),Brooklyn,2025-02,2025-02-01,1240.0,53,23.39622641509434
BK0301,Bedford-Stuyvesant (West),Brooklyn,2025-03,2025-03-01,1558.0,53,29.39622641509434
BK0301,Bedford-Stuyvesant (West),Brooklyn,2025-04,2025-04-01,1784.0,53,33.660377358490564
BK0301,Bedford-Stuyvesant (West),Brooklyn,2025-05,2025-05-01,1973.0,53,37.22641509433962
BK0301,Bedford-Stuyvesant (West),Brooklyn,2025-06,2025-06-01,1433.0,53,27.037735849056602
BK0301,Bedford-Stuyvesant (West),Brooklyn,2025-07,2025-07-01,1376.0,53,25.962264150943398
BK0301,Bedford-Stuyvesant (West),Brooklyn,2025-08,2025-08-01,1437.0,53,27.11320754716981
BK0301,Bedford-Stuyvesant (West),Brooklyn,2025-09,2025-09-01,1716.0,53,32.37735849056604
BK0301,Bedford-Stuyvesant (West),Brooklyn,2025-10,2025-10-01,1699.0,53,32.056603773584904
BK0301,Bedford-Stuyvesant (West),Brooklyn,2025-11,2025-11-01,50.0,53,0.9433962264150944
BK0302,Bedford-Stuyvesant (East),Brooklyn,2022-03,2022-03-01,1642.0,53,30.9811320754717
BK0302,Bedford-Stuyvesant (East),Brooklyn,2022-04,2022-04-01,1540.0,53,29.056603773584907
BK0302,Bedford-Stuyvesant (East),Brooklyn,2022-05,2022-05-01,2155.0,53,40.660377358490564
BK0302,Bedford-Stuyvesant (East),Brooklyn,2022-06,2022-06-01,1508.0,53,28.452830188679247
BK0302,Bedford-Stuyvesant (East),Brooklyn,2022-07,2022-07-01,1377.0,53,25.9811320754717
BK0302,Bedford-Stuyvesant (East),Brooklyn,2022-08,2022-08-01,1308.0,53,24.67924528301887
BK0302,Bedford-Stuyvesant (East),Brooklyn,2022-09,2022-09-01,1827.0,53,34.471698113207545
BK0302,Bedford-Stuyvesant (East),Brooklyn,2022-10,2022-10-01,2066.0,53,38.9811320754717
BK0302,Bedford-Stuyvesant (East),Brooklyn,2022-11,2022-11-01,1706.0,53,32.18867924528302
BK0302,Bedford-Stuyvesant (East),Brooklyn,2022-12,2022-12-01,1329.0,53,25.07547169811321
BK0302,Bedford-Stuyvesant (East),Brooklyn,2023-01,2023-01-01,1378.0,53,26.0
BK0302,Bedford-Stuyvesant (East),Brooklyn,2023-02,2023-02-01,1594.0,53,30.07547169811321
BK0302,Bedford-Stuyvesant (East),Brooklyn,2023-03,2023-03-01,1633.0,53,30.81132075471698
BK0302,Bedford-Stuyvesant (East),Brooklyn,2023-04,2023-04-01,1914.0,53,36.113207547169814
BK0302,Bedford-Stuyvesant (East),Brooklyn,2023-05,2023-05-01,1931.0,53,36.43396226415094
BK0302,Bedford-Stuyvesant (East),Brooklyn,2023-06,2023-06-01,1760.0,53,33.20754716981132
BK0302,Bedford-Stuyvesant (East),Brooklyn,2023-07,2023-07-01,1442.0,53,27.20754716981132
BK0302,Bedford-Stuyvesant (East),Brooklyn,2023-08,2023-08-01,1449.0,53,27.339622641509433
BK0302,Bedford-Stuyvesant (East),Brooklyn,2023-09,2023-09-01,1753.0,53,33.075471698113205
BK0302,Bedford-Stuyvesant (East),Brooklyn,2023-10,2023-10-01,2030.0,53,38.301886792452834
BK0302,Bedford-Stuyvesant (East),Brooklyn,2023-11,2023-11-01,1857.0,53,35.0377358490566
BK0302,Bedford-Stuyvesant (East),Brooklyn,2023-12,2023-12-01,1815.0,53,34.24528301886792
BK0302,Bedford-Stuyvesant (East),Brooklyn,2024-01,2024-01-01,1689.0,53,31.867924528301888
BK0302,Bedford-Stuyvesant (East),Brooklyn,2024-02,2024-02-01,1461.0,53,27.566037735849058
BK0302,Bedford-Stuyvesant (East),Brooklyn,2024-03,2024-03-01,1538.0,53,29.0188679245283
BK0302,Bedford-Stuyvesant (East),Brooklyn,2024-04,2024-04-01,1636.0,53,30.867924528301888
BK0302,Bedford-Stuyvesant (East),Brooklyn,2024-05,2024-05-01,1928.0,53,36.37735849056604
BK0302,Bedford-Stuyvesant (East),Brooklyn,2024-06,2024-06-01,1406.0,53,26.528301886792452
BK0302,Bedford-Stuyvesant (East),Brooklyn,2024-07,2024-07-01,1334.0,53,25.169811320754718
BK0302,Bedford-Stuyvesant (East),Brooklyn,2024-08,2024-08-01,1423.0,53,26.849056603773583
BK0302,Bedford-Stuyvesant (East),Brooklyn,2024-09,2024-09-01,1775.0,53,33.490566037735846
BK0302,Bedford-Stuyvesant (East),Brooklyn,2024-10,2024-10-01,1834.0,53,34.60377358490566
BK0302,Bedford-Stuyvesant (East),Brooklyn,2024-11,2024-11-01,1657.0,53,31.264150943396228
BK0302,Bedford-Stuyvesant (East),Brooklyn,2024-12,2024-12-01,1715.0,53,32.35849056603774
BK0302,Bedford-Stuyvesant (East),Brooklyn,2025-01,2025-01-01,1489.0,53,28.09433962264151
BK0302,Bedford-Stuyvesant (East),Brooklyn,2025-02,2025-02-01,1240.0,53,23.39622641509434
BK0302,Bedford-Stuyvesant (East),Brooklyn,2025-03,2025-03-01,1558.0,53,29.39622641509434
BK0302,Bedford-Stuyvesant (East),Brooklyn,2025-04,2025-04-01,1784.0,53,33.660377358490564
BK0302,Bedford-Stuyvesant (East),Brooklyn,2025-05,2025-05-01,1973.0,53,37.22641509433962
BK0302,Bedford-Stuyvesant (East),Brooklyn,2025-06,2025-06-01,1433.0,53,27.037735849056602
BK0302,Bedford-Stuyvesant (East),Brooklyn,2025-07,2025-07-01,1376.0,53,25.962264150943398
BK0302,Bedford-Stuyvesant (East),Brooklyn,2025-08,2025-08-01,1437.0,53,27.11320754716981
BK0302,Bedford-Stuyvesant (East),Brooklyn,2025-09,2025-09-01,1716.0,53,32.37735849056604
BK0302,Bedford-Stuyvesant (East),Brooklyn,2025-10,2025-10-01,1699.0,53,32.056603773584904
BK0302,Bedford-Stuyvesant (East),Brooklyn,2025-11,2025-11-01,50.0,53,0.9433962264150944
BK0401,Bushwick (West),Brooklyn,2022-03,2022-03-01,1642.0,53,30.9811320754717
BK0401,Bushwick (West),Brooklyn,2022-04,2022-04-01,1540.0,53,29.056603773584907
BK0401,Bushwick (West),Brooklyn,2022-05,2022-05-01,2155.0,53,40.660377358490564
BK0401,Bushwick (West),Brooklyn,2022-06,2022-06-01,1508.0,53,28.452830188679247
BK0401,Bushwick (West),Brooklyn,2022-07,2022-07-01,1377.0,53,25.9811320754717
BK0401,Bushwick (West),Brooklyn,2022-08,2022-08-01,1308.0,53,24.67924528301887
BK0401,Bushwick (West),Brooklyn,2022-09,2022-09-01,1827.0,53,34.471698113207545
BK0401,Bushwick (West),Brooklyn,2022-10,2022-10-01,2066.0,53,38.9811320754717
BK0401,Bushwick (West),Brooklyn,2022-11,2022-11-01,1706.0,53,32.18867924528302
BK0401,Bushwick (West),Brooklyn,2022-12,2022-12-01,1329.0,53,25.07547169811321
BK0401,Bushwick (West),Brooklyn,2023-01,2023-01-01,1378.0,53,26.0
BK0401,Bushwick (West),Brooklyn,2023-02,2023-02-01,1594.0,53,30.07547169811321
BK0401,Bushwick (West),Brooklyn,2023-03,2023-03-01,1633.0,53,30.81132075471698
BK0401,Bushwick (West),Brooklyn,2023-04,2023-04-01,1914.0,53,36.113207547169814
BK0401,Bushwick (West),Brooklyn,2023-05,2023-05-01,1931.0,53,36.43396226415094
BK0401,Bushwick (West),Brooklyn,2023-06,2023-06-01,1760.0,53,33.20754716981132
BK0401,Bushwick (West),Brooklyn,2023-07,2023-07-01,1442.0,53,27.20754716981132
BK0401,Bushwick (West),Brooklyn,2023-08,2023-08-01,1449.0,53,27.339622641509433
BK0401,Bushwick (West),Brooklyn,2023-09,2023-09-01,1753.0,53,33.075471698113205
BK0401,Bushwick (West),Brooklyn,2023-10,2023-10-01,2030.0,53,38.301886792452834
BK0401,Bushwick (West),Brooklyn,2023-11,2023-11-01,1857.0,53,35.0377358490566
BK0401,Bushwick (West),Brooklyn,2023-12,2023-12-01,1815.0,53,34.24528301886792
BK0401,Bushwick (West),Brooklyn,2024-01,2024-01-01,1689.0,53,31.867924528301888
BK0401,Bushwick (West),Brooklyn,2024-02,2024-02-01,1461.0,53,27.566037735849058
BK0401,Bushwick (West),Brooklyn,2024-03,2024-03-01,1538.0,53,29.0188679245283
BK0401,Bushwick (West),Brooklyn,2024-04,2024-04-01,1636.0,53,30.867924528301888
BK0401,Bushwick (West),Brooklyn,2024-05,2024-05-01,1928.0,53,36.37735849056604
BK0401,Bushwick (West),Brooklyn,2024-06,2024-06-01,1406.0,53,26.528301886792452
BK0401,Bushwick (West),Brooklyn,2024-07,2024-07-01,1334.0,53,25.169811320754718
BK0401,Bushwick (West),Brooklyn,2024-08,2024-08-01,1423.0,53,26.849056603773583
BK0401,Bushwick (West),Brooklyn,2024-09,2024-09-01,1775.0,53,33.490566037735846
BK0401,Bushwick (West),Brooklyn,2024-10,2024-10-01,1834.0,53,34.60377358490566
BK0401,Bushwick (West),Brooklyn,2024-11,2024-11-01,1657.0,53,31.264150943396228
BK0401,Bushwick (West),Brooklyn,2024-12,2024-12-01,1715.0,53,32.35849056603774
BK0401,Bushwick (West),Brooklyn,2025-01,2025-01-01,1489.0,53,28.09433962264151
BK0401,Bushwick (West),Brooklyn,2025-02,2025-02-01,1240.0,53,23.39622641509434
BK0401,Bushwick (West),Brooklyn,2025-03,2025-03-01,1558.0,53,29.39622641509434
BK0401,Bushwick (West),Brooklyn,2025-04,2025-04-01,1784.0,53,33.660377358490564
BK0401,Bushwick (West),Brooklyn,2025-05,2025-05-01,1973.0,53,37.22641509433962
BK0401,Bushwick (West),Brooklyn,2025-06,2025-06-01,1433.0,53,27.037735849056602
BK0401,Bushwick (West),Brooklyn,2025-07,2025-07-01,1376.0,53,25.962264150943398
BK0401,Bushwick (West),Brooklyn,2025-08,2025-08-01,1437.0,53,27.11320754716981
BK0401,Bushwick (West),Brooklyn,2025-09,2025-09-01,1716.0,53,32.37735849056604
BK0401,Bushwick (West),Brooklyn,2025-10,2025-10-01,1699.0,53,32.056603773584904
BK0401,Bushwick (West),Brooklyn,2025-11,2025-11-01,50.0,53,0.9433962264150944
BK0402,Bushwick (East),Brooklyn,2022-03,2022-03-01,1642.0,53,30.9811320754717
BK0402,Bushwick (East),Brooklyn,2022-04,2022-04-01,1540.0,53,29.056603773584907
BK0402,Bushwick (East),Brooklyn,2022-05,2022-05-01,2155.0,53,40.660377358490564
BK0402,Bushwick (East),Brooklyn,2022-06,2022-06-01,1508.0,53,28.452830188679247
BK0402,Bushwick (East),Brooklyn,2022-07,2022-07-01,1377.0,53,25.9811320754717
BK0402,Bushwick (East),Brooklyn,2022-08,2022-08-01,1308.0,53,24.67924528301887
BK0402,Bushwick (East),Brooklyn,2022-09,2022-09-01,1827.0,53,34.471698113207545
BK0402,Bushwick (East),Brooklyn,2022-10,2022-10-01,2066.0,53,38.9811320754717
BK0402,Bushwick (East),Brooklyn,2022-11,2022-11-01,1706.0,53,32.18867924528302
BK0402,Bushwick (East),Brooklyn,2022-12,2022-12-01,1329.0,53,25.07547169811321
BK0402,Bushwick (East),Brooklyn,2023-01,2023-01-01,1378.0,53,26.0
BK0402,Bushwick (East),Brooklyn,2023-02,2023-02-01,1594.0,53,30.07547169811321
BK0402,Bushwick (East),Brooklyn,2023-03,2023-03-01,1633.0,53,30.81132075471698
BK0402,Bushwick (East),Brooklyn,2023-04,2023-04-01,1914.0,53,36.113207547169814
BK0402,Bushwick (East),Brooklyn,2023-05,2023-05-01,1931.0,53,36.43396226415094
BK0402,Bushwick (East),Brooklyn,2023-06,2023-06-01,1760.0,53,33.20754716981132
BK0402,Bushwick (East),Brooklyn,2023-07,2023-07-01,1442.0,53,27.20754716981132
BK0402,Bushwick (East),Brooklyn,2023-08,2023-08-01,1449.0,53,27.339622641509433
BK0402,Bushwick (East),Brooklyn,2023-09,2023-09-01,1753.0,53,33.075471698113205
BK0402,Bushwick (East),Brooklyn,2023-10,2023-10-01,2030.0,53,38.301886792452834
BK0402,Bushwick (East),Brooklyn,2023-11,2023-11-01,1857.0,53,35.0377358490566
BK0402,Bushwick (East),Brooklyn,2023-12,2023-12-01,1815.0,53,34.24528301886792
BK0402,Bushwick (East),Brooklyn,2024-01,2024-01-01,1689.0,53,31.867924528301888
BK0402,Bushwick (East),Brooklyn,2024-02,2024-02-01,1461.0,53,27.566037735849058
BK0402,Bushwick (East),Brooklyn,2024-03,2024-03-01,1538.0,53,29.0188679245283
BK0402,Bushwick (East),Brooklyn,2024-04,2024-04-01,1636.0,53,30.867924528301888
BK0402,Bushwick (East),Brooklyn,2024-05,2024-05-01,1928.0,53,36.37735849056604
BK0402,Bushwick (East),Brooklyn,2024-06,2024-06-01,1406.0,53,26.528301886792452
BK0402,Bushwick (East),Brooklyn,2024-07,2024-07-01,1334.0,53,25.169811320754718
BK0402,Bushwick (East),Brooklyn,2024-08,2024-08-01,1423.0,53,26.849056603773583
BK0402,Bushwick (East),Brooklyn,2024-09,2024-09-01,1775.0,53,33.490566037735846
BK0402,Bushwick (East),Brooklyn,2024-10,2024-10-01,1834.0,53,34.60377358490566
BK0402,Bushwick (East),Brooklyn,2024-11,2024-11-01,1657.0,53,31.264150943396228
BK0402,Bushwick (East),Brooklyn,2024-12,2024-12-01,1715.0,53,32.35849056603774
BK0402,Bushwick (East),Brooklyn,2025-01,2025-01-01,1489.0,53,28.09433962264151
BK0402,Bushwick (East),Brooklyn,2025-02,2025-02-01,1240.0,53,23.39622641509434
BK0402,Bushwick (East),Brooklyn,2025-03,2025-03-01,1558.0,53,29.39622641509434
BK0402,Bushwick (East),Brooklyn,2025-04,2025-04-01,1784.0,53,33.660377358490564
BK0402,Bushwick (East),Brooklyn,2025-05,2025-05-01,1973.0,53,37.22641509433962
BK0402,Bushwick (East),Brooklyn,2025-06,2025-06-01,1433.0,53,27.037735849056602
BK0402,Bushwick (East),Brooklyn,2025-07,2025-07-01,1376.0,53,25.962264150943398
BK0402,Bushwick (East),Brooklyn,2025-08,2025-08-01,1437.0,53,27.11320754716981
BK0402,Bushwick (East),Brooklyn,2025-09,2025-09-01,1716.0,53,32.37735849056604
BK0402,Bushwick (East),Brooklyn,2025-10,2025-10-01,1699.0,53,32.056603773584904
BK0402,Bushwick (East),Brooklyn,2025-11,2025-11-01,50.0,53,0.9433962264150944
BK0501,Cypress Hills,Brooklyn,2022-03,2022-03-01,1642.0,53,30.9811320754717
BK0501,Cypress Hills,Brooklyn,2022-04,2022-04-01,1540.0,53,29.056603773584907
BK0501,Cypress Hills,Brooklyn,2022-05,2022-05-01,2155.0,53,40.660377358490564
BK0501,Cypress Hills,Brooklyn,2022-06,2022-06-01,1508.0,53,28.452830188679247
BK0501,Cypress Hills,Brooklyn,2022-07,2022-07-01,1377.0,53,25.9811320754717
BK0501,Cypress Hills,Brooklyn,2022-08,2022-08-01,1308.0,53,24.67924528301887
BK0501,Cypress Hills,Brooklyn,2022-09,2022-09-01,1827.0,53,34.471698113207545
BK0501,Cypress Hills,Brooklyn,2022-10,2022-10-01,2066.0,53,38.9811320754717
BK0501,Cypress Hills,Brooklyn,2022-11,2022-11-01,1706.0,53,32.18867924528302
BK0501,Cypress Hills,Brooklyn,2022-12,2022-12-01,1329.0,53,25.07547169811321
BK0501,Cypress Hills,Brooklyn,2023-01,2023-01-01,1378.0,53,26.0
BK0501,Cypress Hills,Brooklyn,2023-02,2023-02-01,1594.0,53,30.07547169811321
BK0501,Cypress Hills,Brooklyn,2023-03,2023-03-01,1633.0,53,30.81132075471698
BK0501,Cypress Hills,Brooklyn,2023-04,2023-04-01,1914.0,53,36.113207547169814
BK0501,Cypress Hills,Brooklyn,2023-05,2023-05-01,1931.0,53,36.43396226415094
BK0501,Cypress Hills,Brooklyn,2023-06,2023-06-01,1760.0,53,33.20754716981132
BK0501,Cypress Hills,Brooklyn,2023-07,2023-07-01,1442.0,53,27.20754716981132
BK0501,Cypress Hills,Brooklyn,2023-08,2023-08-01,1449.0,53,27.339622641509433
BK0501,Cypress Hills,Brooklyn,2023-09,2023-09-01,1753.0,53,33.075471698113205
BK0501,Cypress Hills,Brooklyn,2023-10,2023-10-01,2030.0,53,38.301886792452834
BK0501,Cypress Hills,Brooklyn,2023-11,2023-11-01,1857.0,53,35.0377358490566
BK0501,Cypress Hills,Brooklyn,2023-12,2023-12-01,1815.0,53,34.24528301886792
BK0501,Cypress Hills,Brooklyn,2024-01,2024-01-01,1689.0,53,31.867924528301888
BK0501,Cypress Hills,Brooklyn,2024-02,2024-02-01,1461.0,53,27.566037735849058
BK0501,Cypress Hills,Brooklyn,2024-03,2024-03-01,1538.0,53,29.0188679245283
BK0501,Cypress Hills,Brooklyn,2024-04,2024-04-01,1636.0,53,30.867924528301888
BK0501,Cypress Hills,Brooklyn,2024-05,2024-05-01,1928.0,53,36.37735849056604
BK0501,Cypress Hills,Brooklyn,2024-06,2024-06-01,1406.0,53,26.528301886792452
BK0501,Cypress Hills,Brooklyn,2024-07,2024-07-01,1334.0,53,25.169811320754718
BK0501,Cypress Hills,Brooklyn,2024-08,2024-08-01,1423.0,53,26.849056603773583
BK0501,Cypress Hills,Brooklyn,2024-09,2024-09-01,1775.0,53,33.490566037735846
BK0501,Cypress Hills,Brooklyn,2024-10,2024-10-01,1834.0,53,34.60377358490566
BK0501,Cypress Hills,Brooklyn,2024-11,2024-11-01,1657.0,53,31.264150943396228
BK0501,Cypress Hills,Brooklyn,2024-12,2024-12-01,1715.0,53,32.35849056603774
BK0501,Cypress Hills,Brooklyn,2025-01,2025-01-01,1489.0,53,28.09433962264151
BK0501,Cypress Hills,Brooklyn,2025-02,2025-02-01,1240.0,53,23.39622641509434
BK0501,Cypress Hills,Brooklyn,2025-03,2025-03-01,1558.0,53,29.39622641509434
BK0501,Cypress Hills,Brooklyn,2025-04,2025-04-01,1784.0,53,33.660377358490564
BK0501,Cypress Hills,Brooklyn,2025-05,2025-05-01,1973.0,53,37.22641509433962
BK0501,Cypress Hills,Brooklyn,2025-06,2025-06-01,1433.0,53,27.037735849056602
BK0501,Cypress Hills,Brooklyn,2025-07,2025-07-01,1376.0,53,25.962264150943398
BK0501,Cypress Hills,Brooklyn,2025-08,2025-08-01,1437.0,53,27.11320754716981
BK0501,Cypress Hills,Brooklyn,2025-09,2025-09-01,1716.0,53,32.37735849056604
BK0501,Cypress Hills,Brooklyn,2025-10,2025-10-01,1699.0,53,32.056603773584904
BK0501,Cypress Hills,Brooklyn,2025-11,2025-11-01,50.0,53,0.9433962264150944
BK0502,East New York (North),Brooklyn,2022-03,2022-03-01,1642.0,53,30.9811320754717
BK0502,East New York (North),Brooklyn,2022-04,2022-04-01,1540.0,53,29.056603773584907
BK0502,East New York (North),Brooklyn,2022-05,2022-05-01,2155.0,53,40.660377358490564
BK0502,East New York (North),Brooklyn,2022-06,2022-06-01,1508.0,53,28.452830188679247
BK0502,East New York (North),Brooklyn,2022-07,2022-07-01,1377.0,53,25.9811320754717
BK0502,East New York (North),Brooklyn,2022-08,2022-08-01,1308.0,53,24.67924528301887
BK0502,East New York (North),Brooklyn,2022-09,2022-09-01,1827.0,53,34.471698113207545
BK0502,East New York (North),Brooklyn,2022-10,2022-10-01,2066.0,53,38.9811320754717
BK0502,East New York (North),Brooklyn,2022-11,2022-11-01,1706.0,53,32.18867924528302
BK0502,East New York (North),Brooklyn,2022-12,2022-12-01,1329.0,53,25.07547169811321
BK0502,East New York (North),Brooklyn,2023-01,2023-01-01,1378.0,53,26.0
BK0502,East New York (North),Brooklyn,2023-02,2023-02-01,1594.0,53,30.07547169811321
BK0502,East New York (North),Brooklyn,2023-03,2023-03-01,1633.0,53,30.81132075471698
BK0502,East New York (North),Brooklyn,2023-04,2023-04-01,1914.0,53,36.113207547169814
BK0502,East New York (North),Brooklyn,2023-05,2023-05-01,1931.0,53,36.43396226415094
BK0502,East New York (North),Brooklyn,2023-06,2023-06-01,1760.0,53,33.20754716981132
BK0502,East New York (North),Brooklyn,2023-07,2023-07-01,1442.0,53,27.20754716981132
BK0502,East New York (North),Brooklyn,2023-08,2023-08-01,1449.0,53,27.339622641509433
BK0502,East New York (North),Brooklyn,2023-09,2023-09-01,1753.0,53,33.075471698113205
BK0502,East New York (North),Brooklyn,2023-10,2023-10-01,2030.0,53,38.301886792452834
BK0502,East New York (North),Brooklyn,2023-11,2023-11-01,1857.0,53,35.0377358490566
BK0502,East New York (North),Brooklyn,2023-12,2023-12-01,1815.0,53,34.24528301886792
BK0502,East New York (North),Brooklyn,2024-01,2024-01-01,1689.0,53,31.867924528301888
BK0502,East New York (North),Brooklyn,2024-02,2024-02-01,1461.0,53,27.566037735849058
BK0502,East New York (North),Brooklyn,2024-03,2024-03-01,1538.0,53,29.0188679245283
BK0502,East New York (North),Brooklyn,2024-04,2024-04-01,1636.0,53,30.867924528301888
BK0502,East New York (North),Brooklyn,2024-05,2024-05-01,1928.0,53,36.37735849056604
BK0502,East New York (North),Brooklyn,2024-06,2024-06-01,1406.0,53,26.528301886792452
BK0502,East New York (North),Brooklyn,2024-07,2024-07-01,1334.0,53,25.169811320754718
BK0502,East New York (North),Brooklyn,2024-08,2024-08-01,1423.0,53,26.849056603773583
BK0502,East New York (North),Brooklyn,2024-09,2024-09-01,1775.0,53,33.490566037735846
BK0502,East New York (North),Brooklyn,2024-10,2024-10-01,1834.0,53,34.60377358490566
BK0502,East New York (North),Brooklyn,2024-11,2024-11-01,1657.0,53,31.264150943396228
BK0502,East New York (North),Brooklyn,2024-12,2024-12-01,1715.0,53,32.35849056603774
BK0502,East New York (North),Brooklyn,2025-01,2025-01-01,1489.0,53,28.09433962264151
BK0502,East New York (North),Brooklyn,2025-02,2025-02-01,1240.0,53,23.39622641509434
BK0502,East New York (North),Brooklyn,2025-03,2025-03-01,1558.0,53,29.39622641509434
BK0502,East New York (North),Brooklyn,2025-04,2025-04-01,1784.0,53,33.660377358490564
BK0502,East New York (North),Brooklyn,2025-05,2025-05-01,1973.0,53,37.22641509433962
BK0502,East New York (North),Brooklyn,2025-06,2025-06-01,1433.0,53,27.037735849056602
BK0502,East New York (North),Brooklyn,2025-07,2025-07-01,1376.0,53,25.962264150943398
BK0502,East New York (North),Brooklyn,2025-08,2025-08-01,1437.0,53,27.11320754716981
BK0502,East New York (North),Brooklyn,2025-09,2025-09-01,1716.0,53,32.37735849056604
BK0502,East New York (North),Brooklyn,2025-10,2025-10-01,1699.0,53,32.056603773584904
BK0502,East New York (North),Brooklyn,2025-11,2025-11-01,50.0,53,0.9433962264150944
BK0503,East New York-New Lots,Brooklyn,2022-03,2022-03-01,1642.0,53,30.9811320754717
BK0503,East New York-New Lots,Brooklyn,2022-04,2022-04-01,1540.0,53,29.056603773584907
BK0503,East New York-New Lots,Brooklyn,2022-05,2022-05-01,2155.0,53,40.660377358490564
BK0503,East New York-New Lots,Brooklyn,2022-06,2022-06-01,1508.0,53,28.452830188679247
BK0503,East New York-New Lots,Brooklyn,2022-07,2022-07-01,1377.0,53,25.9811320754717
BK0503,East New York-New Lots,Brooklyn,2022-08,2022-08-01,1308.0,53,24.67924528301887
BK0503,East New York-New Lots,Brooklyn,2022-09,2022-09-01,1827.0,53,34.471698113207545
BK0503,East New York-New Lots,Brooklyn,2022-10,2022-10-01,2066.0,53,38.9811320754717
BK0503,East New York-New Lots,Brooklyn,2022-11,2022-11-01,1706.0,53,32.18867924528302
BK0503,East New York-New Lots,Brooklyn,2022-12,2022-12-01,1329.0,53,25.07547169811321
BK0503,East New York-New Lots,Brooklyn,2023-01,2023-01-01,1378.0,53,26.0
BK0503,East New York-New Lots,Brooklyn,2023-02,2023-02-01,1594.0,53,30.07547169811321
BK0503,East New York-New Lots,Brooklyn,2023-03,2023-03-01,1633.0,53,30.81132075471698
BK0503,East New York-New Lots,Brooklyn,2023-04,2023-04-01,1914.0,53,36.113207547169814
BK0503,East New York-New Lots,Brooklyn,2023-05,2023-05-01,1931.0,53,36.43396226415094
BK0503,East New York-New Lots,Brooklyn,2023-06,2023-06-01,1760.0,53,33.20754716981132
BK0503,East New York-New Lots,Brooklyn,2023-07,2023-07-01,1442.0,53,27.20754716981132
BK0503,East New York-New Lots,Brooklyn,2023-08,2023-08-01,1449.0,53,27.339622641509433
BK0503,East New York-New Lots,Brooklyn,2023-09,2023-09-01,1753.0,53,33.075471698113205
BK0503,East New York-New Lots,Brooklyn,2023-10,2023-10-01,2030.0,53,38.301886792452834
BK0503,East New York-New Lots,Brooklyn,2023-11,2023-11-01,1857.0,53,35.0377358490566
BK0503,East New York-New Lots,Brooklyn,2023-12,2023-12-01,1815.0,53,34.24528301886792
BK0503,East New York-New Lots,Brooklyn,2024-01,2024-01-01,1689.0,53,31.867924528301888
BK0503,East New York-New Lots,Brooklyn,2024-02,2024-02-01,1461.0,53,27.566037735849058
BK0503,East New York-New Lots,Brooklyn,2024-03,2024-03-01,1538.0,53,29.0188679245283
BK0503,East New York-New Lots,Brooklyn,2024-04,2024-04-01,1636.0,53,30.867924528301888
BK0503,East New York-New Lots,Brooklyn,2024-05,2024-05-01,1928.0,53,36.37735849056604
BK0503,East New York-New Lots,Brooklyn,2024-06,2024-06-01,1406.0,53,26.528301886792452
BK0503,East New York-New Lots,Brooklyn,2024-07,2024-07-01,1334.0,53,25.169811320754718
BK0503,East New York-New Lots,Brooklyn,2024-08,2024-08-01,1423.0,53,26.849056603773583
BK0503,East New York-New Lots,Brooklyn,2024-09,2024-09-01,1775.0,53,33.490566037735846
BK0503,East New York-New Lots,Brooklyn,2024-10,2024-10-01,1834.0,53,34.60377358490566
BK0503,East New York-New Lots,Brooklyn,2024-11,2024-11-01,1657.0,53,31.264150943396228
BK0503,East New York-New Lots,Brooklyn,2024-12,2024-12-01,1715.0,53,32.35849056603774
BK0503,East New York-New Lots,Brooklyn,2025-01,2025-01-01,1489.0,53,28.09433962264151
BK0503,East New York-New Lots,Brooklyn,2025-02,2025-02-01,1240.0,53,23.39622641509434
BK0503,East New York-New Lots,Brooklyn,2025-03,2025-03-01,1558.0,53,29.39622641509434
BK0503,East New York-New Lots,Brooklyn,2025-04,2025-04-01,1784.0,53,33.660377358490564
BK0503,East New York-New Lots,Brooklyn,2025-05,2025-05-01,1973.0,53,37.22641509433962
BK0503,East New York-New Lots,Brooklyn,2025-06,2025-06-01,1433.0,53,27.037735849056602
BK0503,East New York-New Lots,Brooklyn,2025-07,2025-07-01,1376.0,53,25.962264150943398
BK0503,East New York-New Lots,Brooklyn,2025-08,2025-08-01,1437.0,53,27.11320754716981
BK0503,East New York-New Lots,Brooklyn,2025-09,2025-09-01,1716.0,53,32.37735849056604
BK0503,East New York-New Lots,Brooklyn,2025-10,2025-10-01,1699.0,53,32.056603773584904
BK0503,East New York-New Lots,Brooklyn,2025-11,2025-11-01,50.0,53,0.9433962264150944
BK0504,Spring Creek-Starrett City,Brooklyn,2022-03,2022-03-01,1642.0,53,30.9811320754717
BK0504,Spring Creek-Starrett City,Brooklyn,2022-04,2022-04-01,1540.0,53,29.056603773584907
BK0504,Spring Creek-Starrett City,Brooklyn,2022-05,2022-05-01,2155.0,53,40.660377358490564
BK0504,Spring Creek-Starrett City,Brooklyn,2022-06,2022-06-01,1508.0,53,28.452830188679247
BK0504,Spring Creek-Starrett City,Brooklyn,2022-07,2022-07-01,1377.0,53,25.9811320754717
BK0504,Spring Creek-Starrett City,Brooklyn,2022-08,2022-08-01,1308.0,53,24.67924528301887
BK0504,Spring Creek-Starrett City,Brooklyn,2022-09,2022-09-01,1827.0,53,34.471698113207545
BK0504,Spring Creek-Starrett City,Brooklyn,2022-10,2022-10-01,2066.0,53,38.9811320754717
BK0504,Spring Creek-Starrett City,Brooklyn,2022-11,2022-11-01,1706.0,53,32.18867924528302
BK0504,Spring Creek-Starrett City,Brooklyn,2022-12,2022-12-01,1329.0,53,25.07547169811321
BK0504,Spring Creek-Starrett City,Brooklyn,2023-01,2023-01-01,1378.0,53,26.0
BK0504,Spring Creek-Starrett City,Brooklyn,2023-02,2023-02-01,1594.0,53,30.07547169811321
BK0504,Spring Creek-Starrett City,Brooklyn,2023-03,2023-03-01,1633.0,53,30.81132075471698
BK0504,Spring Creek-Starrett City,Brooklyn,2023-04,2023-04-01,1914.0,53,36.113207547169814
BK0504,Spring Creek-Starrett City,Brooklyn,2023-05,2023-05-01,1931.0,53,36.43396226415094
BK0504,Spring Creek-Starrett City,Brooklyn,2023-06,2023-06-01,1760.0,53,33.20754716981132
BK0504,Spring Creek-Starrett City,Brooklyn,2023-07,2023-07-01,1442.0,53,27.20754716981132
BK0504,Spring Creek-Starrett City,Brooklyn,2023-08,2023-08-01,1449.0,53,27.339622641509433
BK0504,Spring Creek-Starrett City,Brooklyn,2023-09,2023-09-01,1753.0,53,33.075471698113205
BK0504,Spring Creek-Starrett City,Brooklyn,2023-10,2023-10-01,2030.0,53,38.301886792452834
BK0504,Spring Creek-Starrett City,Brooklyn,2023-11,2023-11-01,1857.0,53,35.0377358490566
BK0504,Spring Creek-Starrett City,Brooklyn,2023-12,2023-12-01,1815.0,53,34.24528301886792
BK0504,Spring Creek-Starrett City,Brooklyn,2024-01,2024-01-01,1689.0,53,31.867924528301888
BK0504,Spring Creek-Starrett City,Brooklyn,2024-02,2024-02-01,1461.0,53,27.566037735849058
BK0504,Spring Creek-Starrett City,Brooklyn,2024-03,2024-03-01,1538.0,53,29.0188679245283
BK0504,Spring Creek-Starrett City,Brooklyn,2024-04,2024-04-01,1636.0,53,30.867924528301888
BK0504,Spring Creek-Starrett City,Brooklyn,2024-05,2024-05-01,1928.0,53,36.37735849056604
BK0504,Spring Creek-Starrett City,Brooklyn,2024-06,2024-06-01,1406.0,53,26.528301886792452
BK0504,Spring Creek-Starrett City,Brooklyn,2024-07,2024-07-01,1334.0,53,25.169811320754718
BK0504,Spring Creek-Starrett City,Brooklyn,2024-08,2024-08-01,1423.0,53,26.849056603773583
BK0504,Spring Creek-Starrett City,Brooklyn,2024-09,2024-09-01,1775.0,53,33.490566037735846
BK0504,Spring Creek-Starrett City,Brooklyn,2024-10,2024-10-01,1834.0,53,34.60377358490566
BK0504,Spring Creek-Starrett City,Brooklyn,2024-11,2024-11-01,1657.0,53,31.264150943396228
BK0504,Spring Creek-Starrett City,Brooklyn,2024-12,2024-12-01,1715.0,53,32.35849056603774
BK0504,Spring Creek-Starrett City,Brooklyn,2025-01,2025-01-01,1489.0,53,28.09433962264151
BK0504,Spring Creek-Starrett City,Brooklyn,2025-02,2025-02-01,1240.0,53,23.39622641509434
BK0504,Spring Creek-Starrett City,Brooklyn,2025-03,2025-03-01,1558.0,53,29.39622641509434
BK0504,Spring Creek-Starrett City,Brooklyn,2025-04,2025-04-01,1784.0,53,33.660377358490564
BK0504,Spring Creek-Starrett City,Brooklyn,2025-05,2025-05-01,1973.0,53,37.22641509433962
BK0504,Spring Creek-Starrett City,Brooklyn,2025-06,2025-06-01,1433.0,53,27.037735849056602
BK0504,Spring Creek-Starrett City,Brooklyn,2025-07,2025-07-01,1376.0,53,25.962264150943398
BK0504,Spring Creek-Starrett City,Brooklyn,2025-08,2025-08-01,1437.0,53,27.11320754716981
BK0504,Spring Creek-Starrett City,Brooklyn,2025-09,2025-09-01,1716.0,53,32.37735849056604
BK0504,Spring Creek-Starrett City,Brooklyn,2025-10,2025-10-01,1699.0,53,32.056603773584904
BK0504,Spring Creek-Starrett City,Brooklyn,2025-11,2025-11-01,50.0,53,0.9433962264150944
BK0505,East New York-City Line,Brooklyn,2022-03,2022-03-01,1642.0,53,30.9811320754717
BK0505,East New York-City Line,Brooklyn,2022-04,2022-04-01,1540.0,53,29.056603773584907
BK0505,East New York-City Line,Brooklyn,2022-05,2022-05-01,2155.0,53,40.660377358490564
BK0505,East New York-City Line,Brooklyn,2022-06,2022-06-01,1508.0,53,28.452830188679247
BK0505,East New York-City Line,Brooklyn,2022-07,2022-07-01,1377.0,53,25.9811320754717
BK0505,East New York-City Line,Brooklyn,2022-08,2022-08-01,1308.0,53,24.67924528301887
BK0505,East New York-City Line,Brooklyn,2022-09,2022-09-01,1827.0,53,34.471698113207545
BK0505,East New York-City Line,Brooklyn,2022-10,2022-10-01,2066.0,53,38.9811320754717
BK0505,East New York-City Line,Brooklyn,2022-11,2022-11-01,1706.0,53,32.18867924528302
BK0505,East New York-City Line,Brooklyn,2022-12,2022-12-01,1329.0,53,25.07547169811321
BK0505,East New York-City Line,Brooklyn,2023-01,2023-01-01,1378.0,53,26.0
BK0505,East New York-City Line,Brooklyn,2023-02,2023-02-01,1594.0,53,30.07547169811321
BK0505,East New York-City Line,Brooklyn,2023-03,2023-03-01,1633.0,53,30.81132075471698
BK0505,East New York-City Line,Brooklyn,2023-04,2023-04-01,1914.0,53,36.113207547169814
BK0505,East New York-City Line,Brooklyn,2023-05,2023-05-01,1931.0,53,36.43396226415094
BK0505,East New York-City Line,Brooklyn,2023-06,2023-06-01,1760.0,53,33.20754716981132
BK0505,East New York-City Line,Brooklyn,2023-07,2023-07-01,1442.0,53,27.20754716981132
BK0505,East New York-City Line,Brooklyn,2023-08,2023-08-01,1449.0,53,27.339622641509433
BK0505,East New York-City Line,Brooklyn,2023-09,2023-09-01,1753.0,53,33.075471698113205
BK0505,East New York-City Line,Brooklyn,2023-10,2023-10-01,2030.0,53,38.301886792452834
BK0505,East New York-City Line,Brooklyn,2023-11,2023-11-01,1857.0,53,35.0377358490566
BK0505,East New York-City Line,Brooklyn,2023-12,2023-12-01,1815.0,53,34.24528301886792
BK0505,East New York-City Line,Brooklyn,2024-01,2024-01-01,1689.0,53,31.867924528301888
BK0505,East New York-City Line,Brooklyn,2024-02,2024-02-01,1461.0,53,27.566037735849058
BK0505,East New York-City Line,Brooklyn,2024-03,2024-03-01,1538.0,53,29.0188679245283
BK0505,East New York-City Line,Brooklyn,2024-04,2024-04-01,1636.0,53,30.867924528301888
BK0505,East New York-City Line,Brooklyn,2024-05,2024-05-01,1928.0,53,36.37735849056604
BK0505,East New York-City Line,Brooklyn,2024-06,2024-06-01,1406.0,53,26.528301886792452
BK0505,East New York-City Line,Brooklyn,2024-07,2024-07-01,1334.0,53,25.169811320754718
BK0505,East New York-City Line,Brooklyn,2024-08,2024-08-01,1423.0,53,26.849056603773583
BK0505,East New York-City Line,Brooklyn,2024-09,2024-09-01,1775.0,53,33.490566037735846
BK0505,East New York-City Line,Brooklyn,2024-10,2024-10-01,1834.0,53,34.60377358490566
BK0505,East New York-City Line,Brooklyn,2024-11,2024-11-01,1657.0,53,31.264150943396228
BK0505,East New York-City Line,Brooklyn,2024-12,2024-12-01,1715.0,53,32.35849056603774
BK0505,East New York-City Line,Brooklyn,2025-01,2025-01-01,1489.0,53,28.09433962264151
BK0505,East New York-City Line,Brooklyn,2025-02,2025-02-01,1240.0,53,23.39622641509434
BK0505,East New York-City Line,Brooklyn,2025-03,2025-03-01,1558.0,53,29.39622641509434
BK0505,East New York-City Line,Brooklyn,2025-04,2025-04-01,1784.0,53,33.660377358490564
BK0505,East New York-City Line,Brooklyn,2025-05,2025-05-01,1973.0,53,37.22641509433962
BK0505,East New York-City Line,Brooklyn,2025-06,2025-06-01,1433.0,53,27.037735849056602
BK0505,East New York-City Line,Brooklyn,2025-07,2025-07-01,1376.0,53,25.962264150943398
BK0505,East New York-City Line,Brooklyn,2025-08,2025-08-01,1437.0,53,27.11320754716981
BK0505,East New York-City Line,Brooklyn,2025-09,2025-09-01,1716.0,53,32.37735849056604
BK0505,East New York-City Line,Brooklyn,2025-10,2025-10-01,1699.0,53,32.056603773584904
BK0505,East New York-City Line,Brooklyn,2025-11,2025-11-01,50.0,53,0.9433962264150944
BK0601,Carroll Gardens-Cobble Hill-Gowanus-Red Hook,Brooklyn,2022-03,2022-03-01,1642.0,53,30.9811320754717
BK0601,Carroll Gardens-Cobble Hill-Gowanus-Red Hook,Brooklyn,2022-04,2022-04-01,1540.0,53,29.056603773584907
BK0601,Carroll Gardens-Cobble Hill-Gowanus-Red Hook,Brooklyn,2022-05,2022-05-01,2155.0,53,40.660377358490564
BK0601,Carroll Gardens-Cobble Hill-Gowanus-Red Hook,Brooklyn,2022-06,2022-06-01,1508.0,53,28.452830188679247
BK0601,Carroll Gardens-Cobble Hill-Gowanus-Red Hook,Brooklyn,2022-07,2022-07-01,1377.0,53,25.9811320754717
BK0601,Carroll Gardens-Cobble Hill-Gowanus-Red Hook,Brooklyn,2022-08,2022-08-01,1308.0,53,24.67924528301887
BK0601,Carroll Gardens-Cobble Hill-Gowanus-Red Hook,Brooklyn,2022-09,2022-09-01,1827.0,53,34.471698113207545
BK0601,Carroll Gardens-Cobble Hill-Gowanus-Red Hook,Brooklyn,2022-10,2022-10-01,2066.0,53,38.9811320754717
BK0601,Carroll Gardens-Cobble Hill-Gowanus-Red Hook,Brooklyn,2022-11,2022-11-01,1706.0,53,32.18867924528302
BK0601,Carroll Gardens-Cobble Hill-Gowanus-Red Hook,Brooklyn,2022-12,2022-12-01,1329.0,53,25.07547169811321
BK0601,Carroll Gardens-Cobble Hill-Gowanus-Red Hook,Brooklyn,2023-01,2023-01-01,1378.0,53,26.0
BK0601,Carroll Gardens-Cobble Hill-Gowanus-Red Hook,Brooklyn,2023-02,2023-02-01,1594.0,53,30.07547169811321
BK0601,Carroll Gardens-Cobble Hill-Gowanus-Red Hook,Brooklyn,2023-03,2023-03-01,1633.0,53,30.81132075471698
BK0601,Carroll Gardens-Cobble Hill-Gowanus-Red Hook,Brooklyn,2023-04,2023-04-01,1914.0,53,36.113207547169814
BK0601,Carroll Gardens-Cobble Hill-Gowanus-Red Hook,Brooklyn,2023-05,2023-05-01,1931.0,53,36.43396226415094
BK0601,Carroll Gardens-Cobble Hill-Gowanus-Red Hook,Brooklyn,2023-06,2023-06-01,1760.0,53,33.20754716981132
BK0601,Carroll Gardens-Cobble Hill-Gowanus-Red Hook,Brooklyn,2023-07,2023-07-01,1442.0,53,27.20754716981132
BK0601,Carroll Gardens-Cobble Hill-Gowanus-Red Hook,Brooklyn,2023-08,2023-08-01,1449.0,53,27.339622641509433
BK0601,Carroll Gardens-Cobble Hill-Gowanus-Red Hook,Brooklyn,2023-09,2023-09-01,1753.0,53,33.075471698113205
BK0601,Carroll Gardens-Cobble Hill-Gowanus-Red Hook,Brooklyn,2023-10,2023-10-01,2030.0,53,38.301886792452834
BK0601,Carroll Gardens-Cobble Hill-Gowanus-Red Hook,Brooklyn,2023-11,2023-11-01,1857.0,53,35.0377358490566
BK0601,Carroll Gardens-Cobble Hill-Gowanus-Red Hook,Brooklyn,2023-12,2023-12-01,1815.0,53,34.24528301886792
BK0601,Carroll Gardens-Cobble Hill-Gowanus-Red Hook,Brooklyn,2024-01,2024-01-01,1689.0,53,31.867924528301888
BK0601,Carroll Gardens-Cobble Hill-Gowanus-Red Hook,Brooklyn,2024-02,2024-02-01,1461.0,53,27.566037735849058
BK0601,Carroll Gardens-Cobble Hill-Gowanus-Red Hook,Brooklyn,2024-03,2024-03-01,1538.0,53,29.0188679245283
BK0601,Carroll Gardens-Cobble Hill-Gowanus-Red Hook,Brooklyn,2024-04,2024-04-01,1636.0,53,30.867924528301888
BK0601,Carroll Gardens-Cobble Hill-Gowanus-Red Hook,Brooklyn,2024-05,2024-05-01,1928.0,53,36.37735849056604
BK0601,Carroll Gardens-Cobble Hill-Gowanus-Red Hook,Brooklyn,2024-06,2024-06-01,1406.0,53,26.528301886792452
BK0601,Carroll Gardens-Cobble Hill-Gowanus-Red Hook,Brooklyn,2024-07,2024-07-01,1334.0,53,25.169811320754718
BK0601,Carroll Gardens-Cobble Hill-Gowanus-Red Hook,Brooklyn,2024-08,2024-08-01,1423.0,53,26.849056603773583
BK0601,Carroll Gardens-Cobble Hill-Gowanus-Red Hook,Brooklyn,2024-09,2024-09-01,1775.0,53,33.490566037735846
BK0601,Carroll Gardens-Cobble Hill-Gowanus-Red Hook,Brooklyn,2024-10,2024-10-01,1834.0,53,34.60377358490566
BK0601,Carroll Gardens-Cobble Hill-Gowanus-Red Hook,Brooklyn,2024-11,2024-11-01,1657.0,53,31.264150943396228
BK0601,Carroll Gardens-Cobble Hill-Gowanus-Red Hook,Brooklyn,2024-12,2024-12-01,1715.0,53,32.35849056603774
BK0601,Carroll Gardens-Cobble Hill-Gowanus-Red Hook,Brooklyn,2025-01,2025-01-01,1489.0,53,28.09433962264151
BK0601,Carroll Gardens-Cobble Hill-Gowanus-Red Hook,Brooklyn,2025-02,2025-02-01,1240.0,53,23.39622641509434
BK0601,Carroll Gardens-Cobble Hill-Gowanus-Red Hook,Brooklyn,2025-03,2025-03-01,1558.0,53,29.39622641509434
BK0601,Carroll Gardens-Cobble Hill-Gowanus-Red Hook,Brooklyn,2025-04,2025-04-01,1784.0,53,33.660377358490564
BK0601,Carroll Gardens-Cobble Hill-Gowanus-Red Hook,Brooklyn,2025-05,2025-05-01,1973.0,53,37.22641509433962
BK0601,Carroll Gardens-Cobble Hill-Gowanus-Red Hook,Brooklyn,2025-06,2025-06-01,1433.0,53,27.037735849056602
BK0601,Carroll Gardens-Cobble Hill-Gowanus-Red Hook,Brooklyn,2025-07,2025-07-01,1376.0,53,25.962264150943398
BK0601,Carroll Gardens-Cobble Hill-Gowanus-Red Hook,Brooklyn,2025-08,2025-08-01,1437.0,53,27.11320754716981
BK0601,Carroll Gardens-Cobble Hill-Gowanus-Red Hook,Brooklyn,2025-09,2025-09-01,1716.0,53,32.37735849056604
BK0601,Carroll Gardens-Cobble Hill-Gowanus-Red Hook,Brooklyn,2025-10,2025-10-01,1699.0,53,32.056603773584904
BK0601,Carroll Gardens-Cobble Hill-Gowanus-Red Hook,Brooklyn,2025-11,2025-11-01,50.0,53,0.9433962264150944
BK0602,Park Slope,Brooklyn,2022-03,2022-03-01,1642.0,53,30.9811320754717
BK0602,Park Slope,Brooklyn,2022-04,2022-04-01,1540.0,53,29.056603773584907
BK0602,Park Slope,Brooklyn,2022-05,2022-05-01,2155.0,53,40.660377358490564
BK0602,Park Slope,Brooklyn,2022-06,2022-06-01,1508.0,53,28.452830188679247
BK0602,Park Slope,Brooklyn,2022-07,2022-07-01,1377.0,53,25.9811320754717
BK0602,Park Slope,Brooklyn,2022-08,2022-08-01,1308.0,53,24.67924528301887
BK0602,Park Slope,Brooklyn,2022-09,2022-09-01,1827.0,53,34.471698113207545
BK0602,Park Slope,Brooklyn,2022-10,2022-10-01,2066.0,53,38.9811320754717
BK0602,Park Slope,Brooklyn,2022-11,2022-11-01,1706.0,53,32.18867924528302
BK0602,Park Slope,Brooklyn,2022-12,2022-12-01,1329.0,53,25.07547169811321
BK0602,Park Slope,Brooklyn,2023-01,2023-01-01,1378.0,53,26.0
BK0602,Park Slope,Brooklyn,2023-02,2023-02-01,1594.0,53,30.07547169811321
BK0602,Park Slope,Brooklyn,2023-03,2023-03-01,1633.0,53,30.81132075471698
BK0602,Park Slope,Brooklyn,2023-04,2023-04-01,1914.0,53,36.113207547169814
BK0602,Park Slope,Brooklyn,2023-05,2023-05-01,1931.0,53,36.43396226415094
BK0602,Park Slope,Brooklyn,2023-06,2023-06-01,1760.0,53,33.20754716981132
BK0602,Park Slope,Brooklyn,2023-07,2023-07-01,1442.0,53,27.20754716981132
BK0602,Park Slope,Brooklyn,2023-08,2023-08-01,1449.0,53,27.339622641509433
BK0602,Park Slope,Brooklyn,2023-09,2023-09-01,1753.0,53,33.075471698113205
BK0602,Park Slope,Brooklyn,2023-10,2023-10-01,2030.0,53,38.301886792452834
BK0602,Park Slope,Brooklyn,2023-11,2023-11-01,1857.0,53,35.0377358490566
BK0602,Park Slope,Brooklyn,2023-12,2023-12-01,1815.0,53,34.24528301886792
BK0602,Park Slope,Brooklyn,2024-01,2024-01-01,1689.0,53,31.867924528301888
BK0602,Park Slope,Brooklyn,2024-02,2024-02-01,1461.0,53,27.566037735849058
BK0602,Park Slope,Brooklyn,2024-03,2024-03-01,1538.0,53,29.0188679245283
BK0602,Park Slope,Brooklyn,2024-04,2024-04-01,1636.0,53,30.867924528301888
BK0602,Park Slope,Brooklyn,2024-05,2024-05-01,1928.0,53,36.37735849056604
BK0602,Park Slope,Brooklyn,2024-06,2024-06-01,1406.0,53,26.528301886792452
BK0602,Park Slope,Brooklyn,2024-07,2024-07-01,1334.0,53,25.169811320754718
BK0602,Park Slope,Brooklyn,2024-08,2024-08-01,1423.0,53,26.849056603773583
BK0602,Park Slope,Brooklyn,2024-09,2024-09-01,1775.0,53,33.490566037735846
BK0602,Park Slope,Brooklyn,2024-10,2024-10-01,1834.0,53,34.60377358490566
BK0602,Park Slope,Brooklyn,2024-11,2024-11-01,1657.0,53,31.264150943396228
BK0602,Park Slope,Brooklyn,2024-12,2024-12-01,1715.0,53,32.35849056603774
BK0602,Park Slope,Brooklyn,2025-01,2025-01-01,1489.0,53,28.09433962264151
BK0602,Park Slope,Brooklyn,2025-02,2025-02-01,1240.0,53,23.39622641509434
BK0602,Park Slope,Brooklyn,2025-03,2025-03-01,1558.0,53,29.39622641509434
BK0602,Park Slope,Brooklyn,2025-04,2025-04-01,1784.0,53,33.660377358490564
BK0602,Park Slope,Brooklyn,2025-05,2025-05-01,1973.0,53,37.22641509433962
BK0602,Park Slope,Brooklyn,2025-06,2025-06-01,1433.0,53,27.037735849056602
BK0602,Park Slope,Brooklyn,2025-07,2025-07-01,1376.0,53,25.962264150943398
BK0602,Park Slope,Brooklyn,2025-08,2025-08-01,1437.0,53,27.11320754716981
BK0602,Park Slope,Brooklyn,2025-09,2025-09-01,1716.0,53,32.37735849056604
BK0602,Park Slope,Brooklyn,2025-10,2025-10-01,1699.0,53,32.056603773584904
BK0602,Park Slope,Brooklyn,2025-11,2025-11-01,50.0,53,0.9433962264150944
BK0701,Windsor Terrace-South Slope,Brooklyn,2022-03,2022-03-01,1642.0,53,30.9811320754717
BK0701,Windsor Terrace-South Slope,Brooklyn,2022-04,2022-04-01,1540.0,53,29.056603773584907
BK0701,Windsor Terrace-South Slope,Brooklyn,2022-05,2022-05-01,2155.0,53,40.660377358490564
BK0701,Windsor Terrace-South Slope,Brooklyn,2022-06,2022-06-01,1508.0,53,28.452830188679247
BK0701,Windsor Terrace-South Slope,Brooklyn,2022-07,2022-07-01,1377.0,53,25.9811320754717
BK0701,Windsor Terrace-South Slope,Brooklyn,2022-08,2022-08-01,1308.0,53,24.67924528301887
BK0701,Windsor Terrace-South Slope,Brooklyn,2022-09,2022-09-01,1827.0,53,34.471698113207545
BK0701,Windsor Terrace-South Slope,Brooklyn,2022-10,2022-10-01,2066.0,53,38.9811320754717
BK0701,Windsor Terrace-South Slope,Brooklyn,2022-11,2022-11-01,1706.0,53,32.18867924528302
BK0701,Windsor Terrace-South Slope,Brooklyn,2022-12,2022-12-01,1329.0,53,25.07547169811321
BK0701,Windsor Terrace-South Slope,Brooklyn,2023-01,2023-01-01,1378.0,53,26.0
BK0701,Windsor Terrace-South Slope,Brooklyn,2023-02,2023-02-01,1594.0,53,30.07547169811321
BK0701,Windsor Terrace-South Slope,Brooklyn,2023-03,2023-03-01,1633.0,53,30.81132075471698
BK0701,Windsor Terrace-South Slope,Brooklyn,2023-04,2023-04-01,1914.0,53,36.113207547169814
BK0701,Windsor Terrace-South Slope,Brooklyn,2023-05,2023-05-01,1931.0,53,36.43396226415094
BK0701,Windsor Terrace-South Slope,Brooklyn,2023-06,2023-06-01,1760.0,53,33.20754716981132
BK0701,Windsor Terrace-South Slope,Brooklyn,2023-07,2023-07-01,1442.0,53,27.20754716981132
BK0701,Windsor Terrace-South Slope,Brooklyn,2023-08,2023-08-01,1449.0,53,27.339622641509433
BK0701,Windsor Terrace-South Slope,Brooklyn,2023-09,2023-09-01,1753.0,53,33.075471698113205
BK0701,Windsor Terrace-South Slope,Brooklyn,2023-10,2023-10-01,2030.0,53,38.301886792452834
BK0701,Windsor Terrace-South Slope,Brooklyn,2023-11,2023-11-01,1857.0,53,35.0377358490566
BK0701,Windsor Terrace-South Slope,Brooklyn,2023-12,2023-12-01,1815.0,53,34.24528301886792
BK0701,Windsor Terrace-South Slope,Brooklyn,2024-01,2024-01-01,1689.0,53,31.867924528301888
BK0701,Windsor Terrace-South Slope,Brooklyn,2024-02,2024-02-01,1461.0,53,27.566037735849058
BK0701,Windsor Terrace-South Slope,Brooklyn,2024-03,2024-03-01,1538.0,53,29.0188679245283
BK0701,Windsor Terrace-South Slope,Brooklyn,2024-04,2024-04-01,1636.0,53,30.867924528301888
BK0701,Windsor Terrace-South Slope,Brooklyn,2024-05,2024-05-01,1928.0,53,36.37735849056604
BK0701,Windsor Terrace-South Slope,Brooklyn,2024-06,2024-06-01,1406.0,53,26.528301886792452
BK0701,Windsor Terrace-South Slope,Brooklyn,2024-07,2024-07-01,1334.0,53,25.169811320754718
BK0701,Windsor Terrace-South Slope,Brooklyn,2024-08,2024-08-01,1423.0,53,26.849056603773583
BK0701,Windsor Terrace-South Slope,Brooklyn,2024-09,2024-09-01,1775.0,53,33.490566037735846
BK0701,Windsor Terrace-South Slope,Brooklyn,2024-10,2024-10-01,1834.0,53,34.60377358490566
BK0701,Windsor Terrace-South Slope,Brooklyn,2024-11,2024-11-01,1657.0,53,31.264150943396228
BK0701,Windsor Terrace-South Slope,Brooklyn,2024-12,2024-12-01,1715.0,53,32.35849056603774
BK0701,Windsor Terrace-South Slope,Brooklyn,2025-01,2025-01-01,1489.0,53,28.09433962264151
BK0701,Windsor Terrace-South Slope,Brooklyn,2025-02,2025-02-01,1240.0,53,23.39622641509434
BK0701,Windsor Terrace-South Slope,Brooklyn,2025-03,2025-03-01,1558.0,53,29.39622641509434
BK0701,Windsor Terrace-South Slope,Brooklyn,2025-04,2025-04-01,1784.0,53,33.660377358490564
BK0701,Windsor Terrace-South Slope,Brooklyn,2025-05,2025-05-01,1973.0,53,37.22641509433962
BK0701,Windsor Terrace-South Slope,Brooklyn,2025-06,2025-06-01,1433.0,53,27.037735849056602
BK0701,Windsor Terrace-South Slope,Brooklyn,2025-07,2025-07-01,1376.0,53,25.962264150943398
BK0701,Windsor Terrace-South Slope,Brooklyn,2025-08,2025-08-01,1437.0,53,27.11320754716981
BK0701,Windsor Terrace-South Slope,Brooklyn,2025-09,2025-09-01,1716.0,53,32.37735849056604
BK0701,Windsor Terrace-South Slope,Brooklyn,2025-10,2025-10-01,1699.0,53,32.056603773584904
BK0701,Windsor Terrace-South Slope,Brooklyn,2025-11,2025-11-01,50.0,53,0.9433962264150944
BK0702,Sunset Park (West),Brooklyn,2022-03,2022-03-01,1642.0,53,30.9811320754717
BK0702,Sunset Park (West),Brooklyn,2022-04,2022-04-01,1540.0,53,29.056603773584907
BK0702,Sunset Park (West),Brooklyn,2022-05,2022-05-01,2155.0,53,40.660377358490564
BK0702,Sunset Park (West),Brooklyn,2022-06,2022-06-01,1508.0,53,28.452830188679247
BK0702,Sunset Park (West),Brooklyn,2022-07,2022-07-01,1377.0,53,25.9811320754717
BK0702,Sunset Park (West),Brooklyn,2022-08,2022-08-01,1308.0,53,24.67924528301887
BK0702,Sunset Park (West),Brooklyn,2022-09,2022-09-01,1827.0,53,34.471698113207545
BK0702,Sunset Park (West),Brooklyn,2022-10,2022-10-01,2066.0,53,38.9811320754717
BK0702,Sunset Park (West),Brooklyn,2022-11,2022-11-01,1706.0,53,32.18867924528302
BK0702,Sunset Park (West),Brooklyn,2022-12,2022-12-01,1329.0,53,25.07547169811321
BK0702,Sunset Park (West),Brooklyn,2023-01,2023-01-01,1378.0,53,26.0
BK0702,Sunset Park (West),Brooklyn,2023-02,2023-02-01,1594.0,53,30.07547169811321
BK0702,Sunset Park (West),Brooklyn,2023-03,2023-03-01,1633.0,53,30.81132075471698
BK0702,Sunset Park (West),Brooklyn,2023-04,2023-04-01,1914.0,53,36.113207547169814
BK0702,Sunset Park (West),Brooklyn,2023-05,2023-05-01,1931.0,53,36.43396226415094
BK0702,Sunset Park (West),Brooklyn,2023-06,2023-06-01,1760.0,53,33.20754716981132
BK0702,Sunset Park (West),Brooklyn,2023-07,2023-07-01,1442.0,53,27.20754716981132
BK0702,Sunset Park (West),Brooklyn,2023-08,2023-08-01,1449.0,53,27.339622641509433
BK0702,Sunset Park (West),Brooklyn,2023-09,2023-09-01,1753.0,53,33.075471698113205
BK0702,Sunset Park (West),Brooklyn,2023-10,2023-10-01,2030.0,53,38.301886792452834
BK0702,Sunset Park (West),Brooklyn,2023-11,2023-11-01,1857.0,53,35.0377358490566
BK0702,Sunset Park (West),Brooklyn,2023-12,2023-12-01,1815.0,53,34.24528301886792
BK0702,Sunset Park (West),Brooklyn,2024-01,2024-01-01,1689.0,53,31.867924528301888
BK0702,Sunset Park (West),Brooklyn,2024-02,2024-02-01,1461.0,53,27.566037735849058
BK0702,Sunset Park (West),Brooklyn,2024-03,2024-03-01,1538.0,53,29.0188679245283
BK0702,Sunset Park (West),Brooklyn,2024-04,2024-04-01,1636.0,53,30.867924528301888
BK0702,Sunset Park (West),Brooklyn,2024-05,2024-05-01,1928.0,53,36.37735849056604
BK0702,Sunset Park (West),Brooklyn,2024-06,2024-06-01,1406.0,53,26.528301886792452
BK0702,Sunset Park (West),Brooklyn,2024-07,2024-07-01,1334.0,53,25.169811320754718
BK0702,Sunset Park (West),Brooklyn,2024-08,2024-08-01,1423.0,53,26.849056603773583
BK0702,Sunset Park (West),Brooklyn,2024-09,2024-09-01,1775.0,53,33.490566037735846
BK0702,Sunset Park (West),Brooklyn,2024-10,2024-10-01,1834.0,53,34.60377358490566
BK0702,Sunset Park (West),Brooklyn,2024-11,2024-11-01,1657.0,53,31.264150943396228
BK0702,Sunset Park (West),Brooklyn,2024-12,2024-12-01,1715.0,53,32.35849056603774
BK0702,Sunset Park (West),Brooklyn,2025-01,2025-01-01,1489.0,53,28.09433962264151
BK0702,Sunset Park (West),Brooklyn,2025-02,2025-02-01,1240.0,53,23.39622641509434
BK0702,Sunset Park (West),Brooklyn,2025-03,2025-03-01,1558.0,53,29.39622641509434
BK0702,Sunset Park (West),Brooklyn,2025-04,2025-04-01,1784.0,53,33.660377358490564
BK0702,Sunset Park (West),Brooklyn,2025-05,2025-05-01,1973.0,53,37.22641509433962
BK0702,Sunset Park (West),Brooklyn,2025-06,2025-06-01,1433.0,53,27.037735849056602
BK0702,Sunset Park (West),Brooklyn,2025-07,2025-07-01,1376.0,53,25.962264150943398
BK0702,Sunset Park (West),Brooklyn,2025-08,2025-08-01,1437.0,53,27.11320754716981
BK0702,Sunset Park (West),Brooklyn,2025-09,2025-09-01,1716.0,53,32.37735849056604
BK0702,Sunset Park (West),Brooklyn,2025-10,2025-10-01,1699.0,53,32.056603773584904
BK0702,Sunset Park (West),Brooklyn,2025-11,2025-11-01,50.0,53,0.9433962264150944
BK0703,Sunset Park (Central),Brooklyn,2022-03,2022-03-01,1642.0,53,30.9811320754717
BK0703,Sunset Park (Central),Brooklyn,2022-04,2022-04-01,1540.0,53,29.056603773584907
BK0703,Sunset Park (Central),Brooklyn,2022-05,2022-05-01,2155.0,53,40.660377358490564
BK0703,Sunset Park (Central),Brooklyn,2022-06,2022-06-01,1508.0,53,28.452830188679247
BK0703,Sunset Park (Central),Brooklyn,2022-07,2022-07-01,1377.0,53,25.9811320754717
BK0703,Sunset Park (Central),Brooklyn,2022-08,2022-08-01,1308.0,53,24.67924528301887
BK0703,Sunset Park (Central),Brooklyn,2022-09,2022-09-01,1827.0,53,34.471698113207545
BK0703,Sunset Park (Central),Brooklyn,2022-10,2022-10-01,2066.0,53,38.9811320754717
BK0703,Sunset Park (Central),Brooklyn,2022-11,2022-11-01,1706.0,53,32.18867924528302
BK0703,Sunset Park (Central),Brooklyn,2022-12,2022-12-01,1329.0,53,25.07547169811321
BK0703,Sunset Park (Central),Brooklyn,2023-01,2023-01-01,1378.0,53,26.0
BK0703,Sunset Park (Central),Brooklyn,2023-02,2023-02-01,1594.0,53,30.07547169811321
BK0703,Sunset Park (Central),Brooklyn,2023-03,2023-03-01,1633.0,53,30.81132075471698
BK0703,Sunset Park (Central),Brooklyn,2023-04,2023-04-01,1914.0,53,36.113207547169814
BK0703,Sunset Park (Central),Brooklyn,2023-05,2023-05-01,1931.0,53,36.43396226415094
BK0703,Sunset Park (Central),Brooklyn,2023-06,2023-06-01,1760.0,53,33.20754716981132
BK0703,Sunset Park (Central),Brooklyn,2023-07,2023-07-01,1442.0,53,27.20754716981132
BK0703,Sunset Park (Central),Brooklyn,2023-08,2023-08-01,1449.0,53,27.339622641509433
BK0703,Sunset Park (Central),Brooklyn,2023-09,2023-09-01,1753.0,53,33.075471698113205
BK0703,Sunset Park (Central),Brooklyn,2023-10,2023-10-01,2030.0,53,38.301886792452834
BK0703,Sunset Park (Central),Brooklyn,2023-11,2023-11-01,1857.0,53,35.0377358490566
BK0703,Sunset Park (Central),Brooklyn,2023-12,2023-12-01,1815.0,53,34.24528301886792
BK0703,Sunset Park (Central),Brooklyn,2024-01,2024-01-01,1689.0,53,31.867924528301888
BK0703,Sunset Park (Central),Brooklyn,2024-02,2024-02-01,1461.0,53,27.566037735849058
BK0703,Sunset Park (Central),Brooklyn,2024-03,2024-03-01,1538.0,53,29.0188679245283
BK0703,Sunset Park (Central),Brooklyn,2024-04,2024-04-01,1636.0,53,30.867924528301888
BK0703,Sunset Park (Central),Brooklyn,2024-05,2024-05-01,1928.0,53,36.37735849056604
BK0703,Sunset Park (Central),Brooklyn,2024-06,2024-06-01,1406.0,53,26.528301886792452
BK0703,Sunset Park (Central),Brooklyn,2024-07,2024-07-01,1334.0,53,25.169811320754718
BK0703,Sunset Park (Central),Brooklyn,2024-08,2024-08-01,1423.0,53,26.849056603773583
BK0703,Sunset Park (Central),Brooklyn,2024-09,2024-09-01,1775.0,53,33.490566037735846
BK0703,Sunset Park (Central),Brooklyn,2024-10,2024-10-01,1834.0,53,34.60377358490566
BK0703,Sunset Park (Central),Brooklyn,2024-11,2024-11-01,1657.0,53,31.264150943396228
BK0703,Sunset Park (Central),Brooklyn,2024-12,2024-12-01,1715.0,53,32.35849056603774
BK0703,Sunset Park (Central),Brooklyn,2025-01,2025-01-01,1489.0,53,28.09433962264151
BK0703,Sunset Park (Central),Brooklyn,2025-02,2025-02-01,1240.0,53,23.39622641509434
BK0703,Sunset Park (Central),Brooklyn,2025-03,2025-03-01,1558.0,53,29.39622641509434
BK0703,Sunset Park (Central),Brooklyn,2025-04,2025-04-01,1784.0,53,33.660377358490564
BK0703,Sunset Park (Central),Brooklyn,2025-05,2025-05-01,1973.0,53,37.22641509433962
BK0703,Sunset Park (Central),Brooklyn,2025-06,2025-06-01,1433.0,53,27.037735849056602
BK0703,Sunset Park (Central),Brooklyn,2025-07,2025-07-01,1376.0,53,25.962264150943398
BK0703,Sunset Park (Central),Brooklyn,2025-08,2025-08-01,1437.0,53,27.11320754716981
BK0703,Sunset Park (Central),Brooklyn,2025-09,2025-09-01,1716.0,53,32.37735849056604
BK0703,Sunset Park (Central),Brooklyn,2025-10,2025-10-01,1699.0,53,32.056603773584904
BK0703,Sunset Park (Central),Brooklyn,2025-11,2025-11-01,50.0,53,0.9433962264150944
BK0801,Prospect Heights,Brooklyn,2022-03,2022-03-01,1642.0,53,30.9811320754717
BK0801,Prospect Heights,Brooklyn,2022-04,2022-04-01,1540.0,53,29.056603773584907
BK0801,Prospect Heights,Brooklyn,2022-05,2022-05-01,2155.0,53,40.660377358490564
BK0801,Prospect Heights,Brooklyn,2022-06,2022-06-01,1508.0,53,28.452830188679247
BK0801,Prospect Heights,Brooklyn,2022-07,2022-07-01,1377.0,53,25.9811320754717
BK0801,Prospect Heights,Brooklyn,2022-08,2022-08-01,1308.0,53,24.67924528301887
BK0801,Prospect Heights,Brooklyn,2022-09,2022-09-01,1827.0,53,34.471698113207545
BK0801,Prospect Heights,Brooklyn,2022-10,2022-10-01,2066.0,53,38.9811320754717
BK0801,Prospect Heights,Brooklyn,2022-11,2022-11-01,1706.0,53,32.18867924528302
BK0801,Prospect Heights,Brooklyn,2022-12,2022-12-01,1329.0,53,25.07547169811321
BK0801,Prospect Heights,Brooklyn,2023-01,2023-01-01,1378.0,53,26.0
BK0801,Prospect Heights,Brooklyn,2023-02,2023-02-01,1594.0,53,30.07547169811321
BK0801,Prospect Heights,Brooklyn,2023-03,2023-03-01,1633.0,53,30.81132075471698
BK0801,Prospect Heights,Brooklyn,2023-04,2023-04-01,1914.0,53,36.113207547169814
BK0801,Prospect Heights,Brooklyn,2023-05,2023-05-01,1931.0,53,36.43396226415094
BK0801,Prospect Heights,Brooklyn,2023-06,2023-06-01,1760.0,53,33.20754716981132
BK0801,Prospect Heights,Brooklyn,2023-07,2023-07-01,1442.0,53,27.20754716981132
BK0801,Prospect Heights,Brooklyn,2023-08,2023-08-01,1449.0,53,27.339622641509433
BK0801,Prospect Heights,Brooklyn,2023-09,2023-09-01,1753.0,53,33.075471698113205
BK0801,Prospect Heights,Brooklyn,2023-10,2023-10-01,2030.0,53,38.301886792452834
BK0801,Prospect Heights,Brooklyn,2023-11,2023-11-01,1857.0,53,35.0377358490566
BK0801,Prospect Heights,Brooklyn,2023-12,2023-12-01,1815.0,53,34.24528301886792
BK0801,Prospect Heights,Brooklyn,2024-01,2024-01-01,1689.0,53,31.867924528301888
BK0801,Prospect Heights,Brooklyn,2024-02,2024-02-01,1461.0,53,27.566037735849058
BK0801,Prospect Heights,Brooklyn,2024-03,2024-03-01,1538.0,53,29.0188679245283
BK0801,Prospect Heights,Brooklyn,2024-04,2024-04-01,1636.0,53,30.867924528301888
BK0801,Prospect Heights,Brooklyn,2024-05,2024-05-01,1928.0,53,36.37735849056604
BK0801,Prospect Heights,Brooklyn,2024-06,2024-06-01,1406.0,53,26.528301886792452
BK0801,Prospect Heights,Brooklyn,2024-07,2024-07-01,1334.0,53,25.169811320754718
BK0801,Prospect Heights,Brooklyn,2024-08,2024-08-01,1423.0,53,26.849056603773583
BK0801,Prospect Heights,Brooklyn,2024-09,2024-09-01,1775.0,53,33.490566037735846
BK0801,Prospect Heights,Brooklyn,2024-10,2024-10-01,1834.0,53,34.60377358490566
BK0801,Prospect Heights,Brooklyn,2024-11,2024-11-01,1657.0,53,31.264150943396228
BK0801,Prospect Heights,Brooklyn,2024-12,2024-12-01,1715.0,53,32.35849056603774
BK0801,Prospect Heights,Brooklyn,2025-01,2025-01-01,1489.0,53,28.09433962264151
BK0801,Prospect Heights,Brooklyn,2025-02,2025-02-01,1240.0,53,23.39622641509434
BK0801,Prospect Heights,Brooklyn,2025-03,2025-03-01,1558.0,53,29.39622641509434
BK0801,Prospect Heights,Brooklyn,2025-04,2025-04-01,1784.0,53,33.660377358490564
BK0801,Prospect Heights,Brooklyn,2025-05,2025-05-01,1973.0,53,37.22641509433962
BK0801,Prospect Heights,Brooklyn,2025-06,2025-06-01,1433.0,53,27.037735849056602
BK0801,Prospect Heights,Brooklyn,2025-07,2025-07-01,1376.0,53,25.962264150943398
BK0801,Prospect Heights,Brooklyn,2025-08,2025-08-01,1437.0,53,27.11320754716981
BK0801,Prospect Heights,Brooklyn,2025-09,2025-09-01,1716.0,53,32.37735849056604
BK0801,Prospect Heights,Brooklyn,2025-10,2025-10-01,1699.0,53,32.056603773584904
BK0801,Prospect Heights,Brooklyn,2025-11,2025-11-01,50.0,53,0.9433962264150944
BK0802,Crown Heights (North),Brooklyn,2022-03,2022-03-01,1642.0,53,30.9811320754717
BK0802,Crown Heights (North),Brooklyn,2022-04,2022-04-01,1540.0,53,29.056603773584907
BK0802,Crown Heights (North),Brooklyn,2022-05,2022-05-01,2155.0,53,40.660377358490564
BK0802,Crown Heights (North),Brooklyn,2022-06,2022-06-01,1508.0,53,28.452830188679247
BK0802,Crown Heights (North),Brooklyn,2022-07,2022-07-01,1377.0,53,25.9811320754717
BK0802,Crown Heights (North),Brooklyn,2022-08,2022-08-01,1308.0,53,24.67924528301887
BK0802,Crown Heights (North),Brooklyn,2022-09,2022-09-01,1827.0,53,34.471698113207545
BK0802,Crown Heights (North),Brooklyn,2022-10,2022-10-01,2066.0,53,38.9811320754717
BK0802,Crown Heights (North),Brooklyn,2022-11,2022-11-01,1706.0,53,32.18867924528302
BK0802,Crown Heights (North),Brooklyn,2022-12,2022-12-01,1329.0,53,25.07547169811321
BK0802,Crown Heights (North),Brooklyn,2023-01,2023-01-01,1378.0,53,26.0
BK0802,Crown Heights (North),Brooklyn,2023-02,2023-02-01,1594.0,53,30.07547169811321
BK0802,Crown Heights (North),Brooklyn,2023-03,2023-03-01,1633.0,53,30.81132075471698
BK0802,Crown Heights (North),Brooklyn,2023-04,2023-04-01,1914.0,53,36.113207547169814
BK0802,Crown Heights (North),Brooklyn,2023-05,2023-05-01,1931.0,53,36.43396226415094
BK0802,Crown Heights (North),Brooklyn,2023-06,2023-06-01,1760.0,53,33.20754716981132
BK0802,Crown Heights (North),Brooklyn,2023-07,2023-07-01,1442.0,53,27.20754716981132
BK0802,Crown Heights (North),Brooklyn,2023-08,2023-08-01,1449.0,53,27.339622641509433
BK0802,Crown Heights (North),Brooklyn,2023-09,2023-09-01,1753.0,53,33.075471698113205
BK0802,Crown Heights (North),Brooklyn,2023-10,2023-10-01,2030.0,53,38.301886792452834
BK0802,Crown Heights (North),Brooklyn,2023-11,2023-11-01,1857.0,53,35.0377358490566
BK0802,Crown Heights (North),Brooklyn,2023-12,2023-12-01,1815.0,53,34.24528301886792
BK0802,Crown Heights (North),Brooklyn,2024-01,2024-01-01,1689.0,53,31.867924528301888
BK0802,Crown Heights (North),Brooklyn,2024-02,2024-02-01,1461.0,53,27.566037735849058
BK0802,Crown Heights (North),Brooklyn,2024-03,2024-03-01,1538.0,53,29.0188679245283
BK0802,Crown Heights (North),Brooklyn,2024-04,2024-04-01,1636.0,53,30.867924528301888
BK0802,Crown Heights (North),Brooklyn,2024-05,2024-05-01,1928.0,53,36.37735849056604
BK0802,Crown Heights (North),Brooklyn,2024-06,2024-06-01,1406.0,53,26.528301886792452
BK0802,Crown Heights (North),Brooklyn,2024-07,2024-07-01,1334.0,53,25.169811320754718
BK0802,Crown Heights (North),Brooklyn,2024-08,2024-08-01,1423.0,53,26.849056603773583
BK0802,Crown Heights (North),Brooklyn,2024-09,2024-09-01,1775.0,53,33.490566037735846
BK0802,Crown Heights (North),Brooklyn,2024-10,2024-10-01,1834.0,53,34.60377358490566
BK0802,Crown Heights (North),Brooklyn,2024-11,2024-11-01,1657.0,53,31.264150943396228
BK0802,Crown Heights (North),Brooklyn,2024-12,2024-12-01,1715.0,53,32.35849056603774
BK0802,Crown Heights (North),Brooklyn,2025-01,2025-01-01,1489.0,53,28.09433962264151
BK0802,Crown Heights (North),Brooklyn,2025-02,2025-02-01,1240.0,53,23.39622641509434
BK0802,Crown Heights (North),Brooklyn,2025-03,2025-03-01,1558.0,53,29.39622641509434
BK0802,Crown Heights (North),Brooklyn,2025-04,2025-04-01,1784.0,53,33.660377358490564
BK0802,Crown Heights (North),Brooklyn,2025-05,2025-05-01,1973.0,53,37.22641509433962
BK0802,Crown Heights (North),Brooklyn,2025-06,2025-06-01,1433.0,53,27.037735849056602
BK0802,Crown Heights (North),Brooklyn,2025-07,2025-07-01,1376.0,53,25.962264150943398
BK0802,Crown Heights (North),Brooklyn,2025-08,2025-08-01,1437.0,53,27.11320754716981
BK0802,Crown Heights (North),Brooklyn,2025-09,2025-09-01,1716.0,53,32.37735849056604
BK0802,Crown Heights (North),Brooklyn,2025-10,2025-10-01,1699.0,53,32.056603773584904
BK0802,Crown Heights (North),Brooklyn,2025-11,2025-11-01,50.0,53,0.9433962264150944
BK0901,Crown Heights (South),Brooklyn,2022-03,2022-03-01,1642.0,53,30.9811320754717
BK0901,Crown Heights (South),Brooklyn,2022-04,2022-04-01,1540.0,53,29.056603773584907
BK0901,Crown Heights (South),Brooklyn,2022-05,2022-05-01,2155.0,53,40.660377358490564
BK0901,Crown Heights (South),Brooklyn,2022-06,2022-06-01,1508.0,53,28.452830188679247
BK0901,Crown Heights (South),Brooklyn,2022-07,2022-07-01,1377.0,53,25.9811320754717
BK0901,Crown Heights (South),Brooklyn,2022-08,2022-08-01,1308.0,53,24.67924528301887
BK0901,Crown Heights (South),Brooklyn,2022-09,2022-09-01,1827.0,53,34.471698113207545
BK0901,Crown Heights (South),Brooklyn,2022-10,2022-10-01,2066.0,53,38.9811320754717
BK0901,Crown Heights (South),Brooklyn,2022-11,2022-11-01,1706.0,53,32.18867924528302
BK0901,Crown Heights (South),Brooklyn,2022-12,2022-12-01,1329.0,53,25.07547169811321
BK0901,Crown Heights (South),Brooklyn,2023-01,2023-01-01,1378.0,53,26.0
BK0901,Crown Heights (South),Brooklyn,2023-02,2023-02-01,1594.0,53,30.07547169811321
BK0901,Crown Heights (South),Brooklyn,2023-03,2023-03-01,1633.0,53,30.81132075471698
BK0901,Crown Heights (South),Brooklyn,2023-04,2023-04-01,1914.0,53,36.113207547169814
BK0901,Crown Heights (South),Brooklyn,2023-05,2023-05-01,1931.0,53,36.43396226415094
BK0901,Crown Heights (South),Brooklyn,2023-06,2023-06-01,1760.0,53,33.20754716981132
BK0901,Crown Heights (South),Brooklyn,2023-07,2023-07-01,1442.0,53,27.20754716981132
BK0901,Crown Heights (South),Brooklyn,2023-08,2023-08-01,1449.0,53,27.339622641509433
BK0901,Crown Heights (South),Brooklyn,2023-09,2023-09-01,1753.0,53,33.075471698113205
BK0901,Crown Heights (South),Brooklyn,2023-10,2023-10-01,2030.0,53,38.301886792452834
BK0901,Crown Heights (South),Brooklyn,2023-11,2023-11-01,1857.0,53,35.0377358490566
BK0901,Crown Heights (South),Brooklyn,2023-12,2023-12-01,1815.0,53,34.24528301886792
BK0901,Crown Heights (South),Brooklyn,2024-01,2024-01-01,1689.0,53,31.867924528301888
BK0901,Crown Heights (South),Brooklyn,2024-02,2024-02-01,1461.0,53,27.566037735849058
BK0901,Crown Heights (South),Brooklyn,2024-03,2024-03-01,1538.0,53,29.0188679245283
BK0901,Crown Heights (South),Brooklyn,2024-04,2024-04-01,1636.0,53,30.867924528301888
BK0901,Crown Heights (South),Brooklyn,2024-05,2024-05-01,1928.0,53,36.37735849056604
BK0901,Crown Heights (South),Brooklyn,2024-06,2024-06-01,1406.0,53,26.528301886792452
BK0901,Crown Heights (South),Brooklyn,2024-07,2024-07-01,1334.0,53,25.169811320754718
BK0901,Crown Heights (South),Brooklyn,2024-08,2024-08-01,1423.0,53,26.849056603773583
BK0901,Crown Heights (South),Brooklyn,2024-09,2024-09-01,1775.0,53,33.490566037735846
BK0901,Crown Heights (South),Brooklyn,2024-10,2024-10-01,1834.0,53,34.60377358490566
BK0901,Crown Heights (South),Brooklyn,2024-11,2024-11-01,1657.0,53,31.264150943396228
BK0901,Crown Heights (South),Brooklyn,2024-12,2024-12-01,1715.0,53,32.35849056603774
BK0901,Crown Heights (South),Brooklyn,2025-01,2025-01-01,1489.0,53,28.09433962264151
BK0901,Crown Heights (South),Brooklyn,2025-02,2025-02-01,1240.0,53,23.39622641509434
BK0901,Crown Heights (South),Brooklyn,2025-03,2025-03-01,1558.0,53,29.39622641509434
BK0901,Crown Heights (South),Brooklyn,2025-04,2025-04-01,1784.0,53,33.660377358490564
BK0901,Crown Heights (South),Brooklyn,2025-05,2025-05-01,1973.0,53,37.22641509433962
BK0901,Crown Heights (South),Brooklyn,2025-06,2025-06-01,1433.0,53,27.037735849056602
BK0901,Crown Heights (South),Brooklyn,2025-07,2025-07-01,1376.0,53,25.962264150943398
BK0901,Crown Heights (South),Brooklyn,2025-08,2025-08-01,1437.0,53,27.11320754716981
BK0901,Crown Heights (South),Brooklyn,2025-09,2025-09-01,1716.0,53,32.37735849056604
BK0901,Crown Heights (South),Brooklyn,2025-10,2025-10-01,1699.0,53,32.056603773584904
BK0901,Crown Heights (South),Brooklyn,2025-11,2025-11-01,50.0,53,0.9433962264150944
BK0902,Prospect Lefferts Gardens-Wingate,Brooklyn,2022-03,2022-03-01,1642.0,53,30.9811320754717
BK0902,Prospect Lefferts Gardens-Wingate,Brooklyn,2022-04,2022-04-01,1540.0,53,29.056603773584907
BK0902,Prospect Lefferts Gardens-Wingate,Brooklyn,2022-05,2022-05-01,2155.0,53,40.660377358490564
BK0902,Prospect Lefferts Gardens-Wingate,Brooklyn,2022-06,2022-06-01,1508.0,53,28.452830188679247
BK0902,Prospect Lefferts Gardens-Wingate,Brooklyn,2022-07,2022-07-01,1377.0,53,25.9811320754717
BK0902,Prospect Lefferts Gardens-Wingate,Brooklyn,2022-08,2022-08-01,1308.0,53,24.67924528301887
BK0902,Prospect Lefferts Gardens-Wingate,Brooklyn,2022-09,2022-09-01,1827.0,53,34.471698113207545
BK0902,Prospect Lefferts Gardens-Wingate,Brooklyn,2022-10,2022-10-01,2066.0,53,38.9811320754717
BK0902,Prospect Lefferts Gardens-Wingate,Brooklyn,2022-11,2022-11-01,1706.0,53,32.18867924528302
BK0902,Prospect Lefferts Gardens-Wingate,Brooklyn,2022-12,2022-12-01,1329.0,53,25.07547169811321
BK0902,Prospect Lefferts Gardens-Wingate,Brooklyn,2023-01,2023-01-01,1378.0,53,26.0
BK0902,Prospect Lefferts Gardens-Wingate,Brooklyn,2023-02,2023-02-01,1594.0,53,30.07547169811321
BK0902,Prospect Lefferts Gardens-Wingate,Brooklyn,2023-03,2023-03-01,1633.0,53,30.81132075471698
BK0902,Prospect Lefferts Gardens-Wingate,Brooklyn,2023-04,2023-04-01,1914.0,53,36.113207547169814
BK0902,Prospect Lefferts Gardens-Wingate,Brooklyn,2023-05,2023-05-01,1931.0,53,36.43396226415094
BK0902,Prospect Lefferts Gardens-Wingate,Brooklyn,2023-06,2023-06-01,1760.0,53,33.20754716981132
BK0902,Prospect Lefferts Gardens-Wingate,Brooklyn,2023-07,2023-07-01,1442.0,53,27.20754716981132
BK0902,Prospect Lefferts Gardens-Wingate,Brooklyn,2023-08,2023-08-01,1449.0,53,27.339622641509433
BK0902,Prospect Lefferts Gardens-Wingate,Brooklyn,2023-09,2023-09-01,1753.0,53,33.075471698113205
BK0902,Prospect Lefferts Gardens-Wingate,Brooklyn,2023-10,2023-10-01,2030.0,53,38.301886792452834
BK0902,Prospect Lefferts Gardens-Wingate,Brooklyn,2023-11,2023-11-01,1857.0,53,35.0377358490566
BK0902,Prospect Lefferts Gardens-Wingate,Brooklyn,2023-12,2023-12-01,1815.0,53,34.24528301886792
BK0902,Prospect Lefferts Gardens-Wingate,Brooklyn,2024-01,2024-01-01,1689.0,53,31.867924528301888
BK0902,Prospect Lefferts Gardens-Wingate,Brooklyn,2024-02,2024-02-01,1461.0,53,27.566037735849058
BK0902,Prospect Lefferts Gardens-Wingate,Brooklyn,2024-03,2024-03-01,1538.0,53,29.0188679245283
BK0902,Prospect Lefferts Gardens-Wingate,Brooklyn,2024-04,2024-04-01,1636.0,53,30.867924528301888
BK0902,Prospect Lefferts Gardens-Wingate,Brooklyn,2024-05,2024-05-01,1928.0,53,36.37735849056604
BK0902,Prospect Lefferts Gardens-Wingate,Brooklyn,2024-06,2024-06-01,1406.0,53,26.528301886792452
BK0902,Prospect Lefferts Gardens-Wingate,Brooklyn,2024-07,2024-07-01,1334.0,53,25.169811320754718
BK0902,Prospect Lefferts Gardens-Wingate,Brooklyn,2024-08,2024-08-01,1423.0,53,26.849056603773583
BK0902,Prospect Lefferts Gardens-Wingate,Brooklyn,2024-09,2024-09-01,1775.0,53,33.490566037735846
BK0902,Prospect Lefferts Gardens-Wingate,Brooklyn,2024-10,2024-10-01,1834.0,53,34.60377358490566
BK0902,Prospect Lefferts Gardens-Wingate,Brooklyn,2024-11,2024-11-01,1657.0,53,31.264150943396228
BK0902,Prospect Lefferts Gardens-Wingate,Brooklyn,2024-12,2024-12-01,1715.0,53,32.35849056603774
BK0902,Prospect Lefferts Gardens-Wingate,Brooklyn,2025-01,2025-01-01,1489.0,53,28.09433962264151
BK0902,Prospect Lefferts Gardens-Wingate,Brooklyn,2025-02,2025-02-01,1240.0,53,23.39622641509434
BK0902,Prospect Lefferts Gardens-Wingate,Brooklyn,2025-03,2025-03-01,1558.0,53,29.39622641509434
BK0902,Prospect Lefferts Gardens-Wingate,Brooklyn,2025-04,2025-04-01,1784.0,53,33.660377358490564
BK0902,Prospect Lefferts Gardens-Wingate,Brooklyn,2025-05,2025-05-01,1973.0,53,37.22641509433962
BK0902,Prospect Lefferts Gardens-Wingate,Brooklyn,2025-06,2025-06-01,1433.0,53,27.037735849056602
BK0902,Prospect Lefferts Gardens-Wingate,Brooklyn,2025-07,2025-07-01,1376.0,53,25.962264150943398
BK0902,Prospect Lefferts Gardens-Wingate,Brooklyn,2025-08,2025-08-01,1437.0,53,27.11320754716981
BK0902,Prospect Lefferts Gardens-Wingate,Brooklyn,2025-09,2025-09-01,1716.0,53,32.37735849056604
BK0902,Prospect Lefferts Gardens-Wingate,Brooklyn,2025-10,2025-10-01,1699.0,53,32.056603773584904
BK0902,Prospect Lefferts Gardens-Wingate,Brooklyn,2025-11,2025-11-01,50.0,53,0.9433962264150944
BK1001,Bay Ridge,Brooklyn,2022-03,2022-03-01,1642.0,53,30.9811320754717
BK1001,Bay Ridge,Brooklyn,2022-04,2022-04-01,1540.0,53,29.056603773584907
BK1001,Bay Ridge,Brooklyn,2022-05,2022-05-01,2155.0,53,40.660377358490564
BK1001,Bay Ridge,Brooklyn,2022-06,2022-06-01,1508.0,53,28.452830188679247
BK1001,Bay Ridge,Brooklyn,2022-07,2022-07-01,1377.0,53,25.9811320754717
BK1001,Bay Ridge,Brooklyn,2022-08,2022-08-01,1308.0,53,24.67924528301887
BK1001,Bay Ridge,Brooklyn,2022-09,2022-09-01,1827.0,53,34.471698113207545
BK1001,Bay Ridge,Brooklyn,2022-10,2022-10-01,2066.0,53,38.9811320754717
BK1001,Bay Ridge,Brooklyn,2022-11,2022-11-01,1706.0,53,32.18867924528302
BK1001,Bay Ridge,Brooklyn,2022-12,2022-12-01,1329.0,53,25.07547169811321
BK1001,Bay Ridge,Brooklyn,2023-01,2023-01-01,1378.0,53,26.0
BK1001,Bay Ridge,Brooklyn,2023-02,2023-02-01,1594.0,53,30.07547169811321
BK1001,Bay Ridge,Brooklyn,2023-03,2023-03-01,1633.0,53,30.81132075471698
BK1001,Bay Ridge,Brooklyn,2023-04,2023-04-01,1914.0,53,36.113207547169814
BK1001,Bay Ridge,Brooklyn,2023-05,2023-05-01,1931.0,53,36.43396226415094
BK1001,Bay Ridge,Brooklyn,2023-06,2023-06-01,1760.0,53,33.20754716981132
BK1001,Bay Ridge,Brooklyn,2023-07,2023-07-01,1442.0,53,27.20754716981132
BK1001,Bay Ridge,Brooklyn,2023-08,2023-08-01,1449.0,53,27.339622641509433
BK1001,Bay Ridge,Brooklyn,2023-09,2023-09-01,1753.0,53,33.075471698113205
BK1001,Bay Ridge,Brooklyn,2023-10,2023-10-01,2030.0,53,38.301886792452834
BK1001,Bay Ridge,Brooklyn,2023-11,2023-11-01,1857.0,53,35.0377358490566
BK1001,Bay Ridge,Brooklyn,2023-12,2023-12-01,1815.0,53,34.24528301886792
BK1001,Bay Ridge,Brooklyn,2024-01,2024-01-01,1689.0,53,31.867924528301888
BK1001,Bay Ridge,Brooklyn,2024-02,2024-02-01,1461.0,53,27.566037735849058
BK1001,Bay Ridge,Brooklyn,2024-03,2024-03-01,1538.0,53,29.0188679245283
BK1001,Bay Ridge,Brooklyn,2024-04,2024-04-01,1636.0,53,30.867924528301888
BK1001,Bay Ridge,Brooklyn,2024-05,2024-05-01,1928.0,53,36.37735849056604
BK1001,Bay Ridge,Brooklyn,2024-06,2024-06-01,1406.0,53,26.528301886792452
BK1001,Bay Ridge,Brooklyn,2024-07,2024-07-01,1334.0,53,25.169811320754718
BK1001,Bay Ridge,Brooklyn,2024-08,2024-08-01,1423.0,53,26.849056603773583
BK1001,Bay Ridge,Brooklyn,2024-09,2024-09-01,1775.0,53,33.490566037735846
BK1001,Bay Ridge,Brooklyn,2024-10,2024-10-01,1834.0,53,34.60377358490566
BK1001,Bay Ridge,Brooklyn,2024-11,2024-11-01,1657.0,53,31.264150943396228
BK1001,Bay Ridge,Brooklyn,2024-12,2024-12-01,1715.0,53,32.35849056603774
BK1001,Bay Ridge,Brooklyn,2025-01,2025-01-01,1489.0,53,28.09433962264151
BK1001,Bay Ridge,Brooklyn,2025-02,2025-02-01,1240.0,53,23.39622641509434
BK1001,Bay Ridge,Brooklyn,2025-03,2025-03-01,1558.0,53,29.39622641509434
BK1001,Bay Ridge,Brooklyn,2025-04,2025-04-01,1784.0,53,33.660377358490564
BK1001,Bay Ridge,Brooklyn,2025-05,2025-05-01,1973.0,53,37.22641509433962
BK1001,Bay Ridge,Brooklyn,2025-06,2025-06-01,1433.0,53,27.037735849056602
BK1001,Bay Ridge,Brooklyn,2025-07,2025-07-01,1376.0,53,25.962264150943398
BK1001,Bay Ridge,Brooklyn,2025-08,2025-08-01,1437.0,53,27.11320754716981
BK1001,Bay Ridge,Brooklyn,2025-09,2025-09-01,1716.0,53,32.37735849056604
BK1001,Bay Ridge,Brooklyn,2025-10,2025-10-01,1699.0,53,32.056603773584904
BK1001,Bay Ridge,Brooklyn,2025-11,2025-11-01,50.0,53,0.9433962264150944
BK1002,Dyker Heights,Brooklyn,2022-03,2022-03-01,1642.0,53,30.9811320754717
BK1002,Dyker Heights,Brooklyn,2022-04,2022-04-01,1540.0,53,29.056603773584907
BK1002,Dyker Heights,Brooklyn,2022-05,2022-05-01,2155.0,53,40.660377358490564
BK1002,Dyker Heights,Brooklyn,2022-06,2022-06-01,1508.0,53,28.452830188679247
BK1002,Dyker Heights,Brooklyn,2022-07,2022-07-01,1377.0,53,25.9811320754717
BK1002,Dyker Heights,Brooklyn,2022-08,2022-08-01,1308.0,53,24.67924528301887
BK1002,Dyker Heights,Brooklyn,2022-09,2022-09-01,1827.0,53,34.471698113207545
BK1002,Dyker Heights,Brooklyn,2022-10,2022-10-01,2066.0,53,38.9811320754717
BK1002,Dyker Heights,Brooklyn,2022-11,2022-11-01,1706.0,53,32.18867924528302
BK1002,Dyker Heights,Brooklyn,2022-12,2022-12-01,1329.0,53,25.07547169811321
BK1002,Dyker Heights,Brooklyn,2023-01,2023-01-01,1378.0,53,26.0
BK1002,Dyker Heights,Brooklyn,2023-02,2023-02-01,1594.0,53,30.07547169811321
BK1002,Dyker Heights,Brooklyn,2023-03,2023-03-01,1633.0,53,30.81132075471698
BK1002,Dyker Heights,Brooklyn,2023-04,2023-04-01,1914.0,53,36.113207547169814
BK1002,Dyker Heights,Brooklyn,2023-05,2023-05-01,1931.0,53,36.43396226415094
BK1002,Dyker Heights,Brooklyn,2023-06,2023-06-01,1760.0,53,33.20754716981132
BK1002,Dyker Heights,Brooklyn,2023-07,2023-07-01,1442.0,53,27.20754716981132
BK1002,Dyker Heights,Brooklyn,2023-08,2023-08-01,1449.0,53,27.339622641509433
BK1002,Dyker Heights,Brooklyn,2023-09,2023-09-01,1753.0,53,33.075471698113205
BK1002,Dyker Heights,Brooklyn,2023-10,2023-10-01,2030.0,53,38.301886792452834
BK1002,Dyker Heights,Brooklyn,2023-11,2023-11-01,1857.0,53,35.0377358490566
BK1002,Dyker Heights,Brooklyn,2023-12,2023-12-01,1815.0,53,34.24528301886792
BK1002,Dyker Heights,Brooklyn,2024-01,2024-01-01,1689.0,53,31.867924528301888
BK1002,Dyker Heights,Brooklyn,2024-02,2024-02-01,1461.0,53,27.566037735849058
BK1002,Dyker Heights,Brooklyn,2024-03,2024-03-01,1538.0,53,29.0188679245283
BK1002,Dyker Heights,Brooklyn,2024-04,2024-04-01,1636.0,53,30.867924528301888
BK1002,Dyker Heights,Brooklyn,2024-05,2024-05-01,1928.0,53,36.37735849056604
BK1002,Dyker Heights,Brooklyn,2024-06,2024-06-01,1406.0,53,26.528301886792452
BK1002,Dyker Heights,Brooklyn,2024-07,2024-07-01,1334.0,53,25.169811320754718
BK1002,Dyker Heights,Brooklyn,2024-08,2024-08-01,1423.0,53,26.849056603773583
BK1002,Dyker Heights,Brooklyn,2024-09,2024-09-01,1775.0,53,33.490566037735846
BK1002,Dyker Heights,Brooklyn,2024-10,2024-10-01,1834.0,53,34.60377358490566
BK1002,Dyker Heights,Brooklyn,2024-11,2024-11-01,1657.0,53,31.264150943396228
BK1002,Dyker Heights,Brooklyn,2024-12,2024-12-01,1715.0,53,32.35849056603774
BK1002,Dyker Heights,Brooklyn,2025-01,2025-01-01,1489.0,53,28.09433962264151
BK1002,Dyker Heights,Brooklyn,2025-02,2025-02-01,1240.0,53,23.39622641509434
BK1002,Dyker Heights,Brooklyn,2025-03,2025-03-01,1558.0,53,29.39622641509434
BK1002,Dyker Heights,Brooklyn,2025-04,2025-04-01,1784.0,53,33.660377358490564
BK1002,Dyker Heights,Brooklyn,2025-05,2025-05-01,1973.0,53,37.22641509433962
BK1002,Dyker Heights,Brooklyn,2025-06,2025-06-01,1433.0,53,27.037735849056602
BK1002,Dyker Heights,Brooklyn,2025-07,2025-07-01,1376.0,53,25.962264150943398
BK1002,Dyker Heights,Brooklyn,2025-08,2025-08-01,1437.0,53,27.11320754716981
BK1002,Dyker Heights,Brooklyn,2025-09,2025-09-01,1716.0,53,32.37735849056604
BK1002,Dyker Heights,Brooklyn,2025-10,2025-10-01,1699.0,53,32.056603773584904
BK1002,Dyker Heights,Brooklyn,2025-11,2025-11-01,50.0,53,0.9433962264150944
BK1101,Bensonhurst,Brooklyn,2022-03,2022-03-01,1642.0,53,30.9811320754717
BK1101,Bensonhurst,Brooklyn,2022-04,2022-04-01,1540.0,53,29.056603773584907
BK1101,Bensonhurst,Brooklyn,2022-05,2022-05-01,2155.0,53,40.660377358490564
BK1101,Bensonhurst,Brooklyn,2022-06,2022-06-01,1508.0,53,28.452830188679247
BK1101,Bensonhurst,Brooklyn,2022-07,2022-07-01,1377.0,53,25.9811320754717
BK1101,Bensonhurst,Brooklyn,2022-08,2022-08-01,1308.0,53,24.67924528301887
BK1101,Bensonhurst,Brooklyn,2022-09,2022-09-01,1827.0,53,34.471698113207545
BK1101,Bensonhurst,Brooklyn,2022-10,2022-10-01,2066.0,53,38.9811320754717
BK1101,Bensonhurst,Brooklyn,2022-11,2022-11-01,1706.0,53,32.18867924528302
BK1101,Bensonhurst,Brooklyn,2022-12,2022-12-01,1329.0,53,25.07547169811321
BK1101,Bensonhurst,Brooklyn,2023-01,2023-01-01,1378.0,53,26.0
BK1101,Bensonhurst,Brooklyn,2023-02,2023-02-01,1594.0,53,30.07547169811321
BK1101,Bensonhurst,Brooklyn,2023-03,2023-03-01,1633.0,53,30.81132075471698
BK1101,Bensonhurst,Brooklyn,2023-04,2023-04-01,1914.0,53,36.113207547169814
BK1101,Bensonhurst,Brooklyn,2023-05,2023-05-01,1931.0,53,36.43396226415094
BK1101,Bensonhurst,Brooklyn,2023-06,2023-06-01,1760.0,53,33.20754716981132
BK1101,Bensonhurst,Brooklyn,2023-07,2023-07-01,1442.0,53,27.20754716981132
BK1101,Bensonhurst,Brooklyn,2023-08,2023-08-01,1449.0,53,27.339622641509433
BK1101,Bensonhurst,Brooklyn,2023-09,2023-09-01,1753.0,53,33.075471698113205
BK1101,Bensonhurst,Brooklyn,2023-10,2023-10-01,2030.0,53,38.301886792452834
BK1101,Bensonhurst,Brooklyn,2023-11,2023-11-01,1857.0,53,35.0377358490566
BK1101,Bensonhurst,Brooklyn,2023-12,2023-12-01,1815.0,53,34.24528301886792
BK1101,Bensonhurst,Brooklyn,2024-01,2024-01-01,1689.0,53,31.867924528301888
BK1101,Bensonhurst,Brooklyn,2024-02,2024-02-01,1461.0,53,27.566037735849058
BK1101,Bensonhurst,Brooklyn,2024-03,2024-03-01,1538.0,53,29.0188679245283
BK1101,Bensonhurst,Brooklyn,2024-04,2024-04-01,1636.0,53,30.867924528301888
BK1101,Bensonhurst,Brooklyn,2024-05,2024-05-01,1928.0,53,36.37735849056604
BK1101,Bensonhurst,Brooklyn,2024-06,2024-06-01,1406.0,53,26.528301886792452
BK1101,Bensonhurst,Brooklyn,2024-07,2024-07-01,1334.0,53,25.169811320754718
BK1101,Bensonhurst,Brooklyn,2024-08,2024-08-01,1423.0,53,26.849056603773583
BK1101,Bensonhurst,Brooklyn,2024-09,2024-09-01,1775.0,53,33.490566037735846
BK1101,Bensonhurst,Brooklyn,2024-10,2024-10-01,1834.0,53,34.60377358490566
BK1101,Bensonhurst,Brooklyn,2024-11,2024-11-01,1657.0,53,31.264150943396228
BK1101,Bensonhurst,Brooklyn,2024-12,2024-12-01,1715.0,53,32.35849056603774
BK1101,Bensonhurst,Brooklyn,2025-01,2025-01-01,1489.0,53,28.09433962264151
BK1101,Bensonhurst,Brooklyn,2025-02,2025-02-01,1240.0,53,23.39622641509434
BK1101,Bensonhurst,Brooklyn,2025-03,2025-03-01,1558.0,53,29.39622641509434
BK1101,Bensonhurst,Brooklyn,2025-04,2025-04-01,1784.0,53,33.660377358490564
BK1101,Bensonhurst,Brooklyn,2025-05,2025-05-01,1973.0,53,37.22641509433962
BK1101,Bensonhurst,Brooklyn,2025-06,2025-06-01,1433.0,53,27.037735849056602
BK1101,Bensonhurst,Brooklyn,2025-07,2025-07-01,1376.0,53,25.962264150943398
BK1101,Bensonhurst,Brooklyn,2025-08,2025-08-01,1437.0,53,27.11320754716981
BK1101,Bensonhurst,Brooklyn,2025-09,2025-09-01,1716.0,53,32.37735849056604
BK1101,Bensonhurst,Brooklyn,2025-10,2025-10-01,1699.0,53,32.056603773584904
BK1101,Bensonhurst,Brooklyn,2025-11,2025-11-01,50.0,53,0.9433962264150944
BK1102,Bath Beach,Brooklyn,2022-03,2022-03-01,1642.0,53,30.9811320754717
BK1102,Bath Beach,Brooklyn,2022-04,2022-04-01,1540.0,53,29.056603773584907
BK1102,Bath Beach,Brooklyn,2022-05,2022-05-01,2155.0,53,40.660377358490564
BK1102,Bath Beach,Brooklyn,2022-06,2022-06-01,1508.0,53,28.452830188679247
BK1102,Bath Beach,Brooklyn,2022-07,2022-07-01,1377.0,53,25.9811320754717
BK1102,Bath Beach,Brooklyn,2022-08,2022-08-01,1308.0,53,24.67924528301887
BK1102,Bath Beach,Brooklyn,2022-09,2022-09-01,1827.0,53,34.471698113207545
BK1102,Bath Beach,Brooklyn,2022-10,2022-10-01,2066.0,53,38.9811320754717
BK1102,Bath Beach,Brooklyn,2022-11,2022-11-01,1706.0,53,32.18867924528302
BK1102,Bath Beach,Brooklyn,2022-12,2022-12-01,1329.0,53,25.07547169811321
BK1102,Bath Beach,Brooklyn,2023-01,2023-01-01,1378.0,53,26.0
BK1102,Bath Beach,Brooklyn,2023-02,2023-02-01,1594.0,53,30.07547169811321
BK1102,Bath Beach,Brooklyn,2023-03,2023-03-01,1633.0,53,30.81132075471698
BK1102,Bath Beach,Brooklyn,2023-04,2023-04-01,1914.0,53,36.113207547169814
BK1102,Bath Beach,Brooklyn,2023-05,2023-05-01,1931.0,53,36.43396226415094
BK1102,Bath Beach,Brooklyn,2023-06,2023-06-01,1760.0,53,33.20754716981132
BK1102,Bath Beach,Brooklyn,2023-07,2023-07-01,1442.0,53,27.20754716981132
BK1102,Bath Beach,Brooklyn,2023-08,2023-08-01,1449.0,53,27.339622641509433
BK1102,Bath Beach,Brooklyn,2023-09,2023-09-01,1753.0,53,33.075471698113205
BK1102,Bath Beach,Brooklyn,2023-10,2023-10-01,2030.0,53,38.301886792452834
BK1102,Bath Beach,Brooklyn,2023-11,2023-11-01,1857.0,53,35.0377358490566
BK1102,Bath Beach,Brooklyn,2023-12,2023-12-01,1815.0,53,34.24528301886792
BK1102,Bath Beach,Brooklyn,2024-01,2024-01-01,1689.0,53,31.867924528301888
BK1102,Bath Beach,Brooklyn,2024-02,2024-02-01,1461.0,53,27.566037735849058
BK1102,Bath Beach,Brooklyn,2024-03,2024-03-01,1538.0,53,29.0188679245283
BK1102,Bath Beach,Brooklyn,2024-04,2024-04-01,1636.0,53,30.867924528301888
BK1102,Bath Beach,Brooklyn,2024-05,2024-05-01,1928.0,53,36.37735849056604
BK1102,Bath Beach,Brooklyn,2024-06,2024-06-01,1406.0,53,26.528301886792452
BK1102,Bath Beach,Brooklyn,2024-07,2024-07-01,1334.0,53,25.169811320754718
BK1102,Bath Beach,Brooklyn,2024-08,2024-08-01,1423.0,53,26.849056603773583
BK1102,Bath Beach,Brooklyn,2024-09,2024-09-01,1775.0,53,33.490566037735846
BK1102,Bath Beach,Brooklyn,2024-10,2024-10-01,1834.0,53,34.60377358490566
BK1102,Bath Beach,Brooklyn,2024-11,2024-11-01,1657.0,53,31.264150943396228
BK1102,Bath Beach,Brooklyn,2024-12,2024-12-01,1715.0,53,32.35849056603774
BK1102,Bath Beach,Brooklyn,2025-01,2025-01-01,1489.0,53,28.09433962264151
BK1102,Bath Beach,Brooklyn,2025-02,2025-02-01,1240.0,53,23.39622641509434
BK1102,Bath Beach,Brooklyn,2025-03,2025-03-01,1558.0,53,29.39622641509434
BK1102,Bath Beach,Brooklyn,2025-04,2025-04-01,1784.0,53,33.660377358490564
BK1102,Bath Beach,Brooklyn,2025-05,2025-05-01,1973.0,53,37.22641509433962
BK1102,Bath Beach,Brooklyn,2025-06,2025-06-01,1433.0,53,27.037735849056602
BK1102,Bath Beach,Brooklyn,2025-07,2025-07-01,1376.0,53,25.962264150943398
BK1102,Bath Beach,Brooklyn,2025-08,2025-08-01,1437.0,53,27.11320754716981
BK1102,Bath Beach,Brooklyn,2025-09,2025-09-01,1716.0,53,32.37735849056604
BK1102,Bath Beach,Brooklyn,2025-10,2025-10-01,1699.0,53,32.056603773584904
BK1102,Bath Beach,Brooklyn,2025-11,2025-11-01,50.0,53,0.9433962264150944
BK1103,Gravesend (West),Brooklyn,2022-03,2022-03-01,1642.0,53,30.9811320754717
BK1103,Gravesend (West),Brooklyn,2022-04,2022-04-01,1540.0,53,29.056603773584907
BK1103,Gravesend (West),Brooklyn,2022-05,2022-05-01,2155.0,53,40.660377358490564
BK1103,Gravesend (West),Brooklyn,2022-06,2022-06-01,1508.0,53,28.452830188679247
BK1103,Gravesend (West),Brooklyn,2022-07,2022-07-01,1377.0,53,25.9811320754717
BK1103,Gravesend (West),Brooklyn,2022-08,2022-08-01,1308.0,53,24.67924528301887
BK1103,Gravesend (West),Brooklyn,2022-09,2022-09-01,1827.0,53,34.471698113207545
BK1103,Gravesend (West),Brooklyn,2022-10,2022-10-01,2066.0,53,38.9811320754717
BK1103,Gravesend (West),Brooklyn,2022-11,2022-11-01,1706.0,53,32.18867924528302
BK1103,Gravesend (West),Brooklyn,2022-12,2022-12-01,1329.0,53,25.07547169811321
BK1103,Gravesend (West),Brooklyn,2023-01,2023-01-01,1378.0,53,26.0
BK1103,Gravesend (West),Brooklyn,2023-02,2023-02-01,1594.0,53,30.07547169811321
BK1103,Gravesend (West),Brooklyn,2023-03,2023-03-01,1633.0,53,30.81132075471698
BK1103,Gravesend (West),Brooklyn,2023-04,2023-04-01,1914.0,53,36.113207547169814
BK1103,Gravesend (West),Brooklyn,2023-05,2023-05-01,1931.0,53,36.43396226415094
BK1103,Gravesend (West),Brooklyn,2023-06,2023-06-01,1760.0,53,33.20754716981132
BK1103,Gravesend (West),Brooklyn,2023-07,2023-07-01,1442.0,53,27.20754716981132
BK1103,Gravesend (West),Brooklyn,2023-08,2023-08-01,1449.0,53,27.339622641509433
BK1103,Gravesend (West),Brooklyn,2023-09,2023-09-01,1753.0,53,33.075471698113205
BK1103,Gravesend (West),Brooklyn,2023-10,2023-10-01,2030.0,53,38.301886792452834
BK1103,Gravesend (West),Brooklyn,2023-11,2023-11-01,1857.0,53,35.0377358490566
BK1103,Gravesend (West),Brooklyn,2023-12,2023-12-01,1815.0,53,34.24528301886792
BK1103,Gravesend (West),Brooklyn,2024-01,2024-01-01,1689.0,53,31.867924528301888
BK1103,Gravesend (West),Brooklyn,2024-02,2024-02-01,1461.0,53,27.566037735849058
BK1103,Gravesend (West),Brooklyn,2024-03,2024-03-01,1538.0,53,29.0188679245283
BK1103,Gravesend (West),Brooklyn,2024-04,2024-04-01,1636.0,53,30.867924528301888
BK1103,Gravesend (West),Brooklyn,2024-05,2024-05-01,1928.0,53,36.37735849056604
BK1103,Gravesend (West),Brooklyn,2024-06,2024-06-01,1406.0,53,26.528301886792452
BK1103,Gravesend (West),Brooklyn,2024-07,2024-07-01,1334.0,53,25.169811320754718
BK1103,Gravesend (West),Brooklyn,2024-08,2024-08-01,1423.0,53,26.849056603773583
BK1103,Gravesend (West),Brooklyn,2024-09,2024-09-01,1775.0,53,33.490566037735846
BK1103,Gravesend (West),Brooklyn,2024-10,2024-10-01,1834.0,53,34.60377358490566
BK1103,Gravesend (West),Brooklyn,2024-11,2024-11-01,1657.0,53,31.264150943396228
BK1103,Gravesend (West),Brooklyn,2024-12,2024-12-01,1715.0,53,32.35849056603774
BK1103,Gravesend (West),Brooklyn,2025-01,2025-01-01,1489.0,53,28.09433962264151
BK1103,Gravesend (West),Brooklyn,2025-02,2025-02-01,1240.0,53,23.39622641509434
BK1103,Gravesend (West),Brooklyn,2025-03,2025-03-01,1558.0,53,29.39622641509434
BK1103,Gravesend (West),Brooklyn,2025-04,2025-04-01,1784.0,53,33.660377358490564
BK1103,Gravesend (West),Brooklyn,2025-05,2025-05-01,1973.0,53,37.22641509433962
BK1103,Gravesend (West),Brooklyn,2025-06,2025-06-01,1433.0,53,27.037735849056602
BK1103,Gravesend (West),Brooklyn,2025-07,2025-07-01,1376.0,53,25.962264150943398
BK1103,Gravesend (West),Brooklyn,2025-08,2025-08-01,1437.0,53,27.11320754716981
BK1103,Gravesend (West),Brooklyn,2025-09,2025-09-01,1716.0,53,32.37735849056604
BK1103,Gravesend (West),Brooklyn,2025-10,2025-10-01,1699.0,53,32.056603773584904
BK1103,Gravesend (West),Brooklyn,2025-11,2025-11-01,50.0,53,0.9433962264150944
BK1201,Sunset Park (East)-Borough Park (West),Brooklyn,2022-03,2022-03-01,1642.0,53,30.9811320754717
BK1201,Sunset Park (East)-Borough Park (West),Brooklyn,2022-04,2022-04-01,1540.0,53,29.056603773584907
BK1201,Sunset Park (East)-Borough Park (West),Brooklyn,2022-05,2022-05-01,2155.0,53,40.660377358490564
BK1201,Sunset Park (East)-Borough Park (West),Brooklyn,2022-06,2022-06-01,1508.0,53,28.452830188679247
BK1201,Sunset Park (East)-Borough Park (West),Brooklyn,2022-07,2022-07-01,1377.0,53,25.9811320754717
BK1201,Sunset Park (East)-Borough Park (West),Brooklyn,2022-08,2022-08-01,1308.0,53,24.67924528301887
BK1201,Sunset Park (East)-Borough Park (West),Brooklyn,2022-09,2022-09-01,1827.0,53,34.471698113207545
BK1201,Sunset Park (East)-Borough Park (West),Brooklyn,2022-10,2022-10-01,2066.0,53,38.9811320754717
BK1201,Sunset Park (East)-Borough Park (West),Brooklyn,2022-11,2022-11-01,1706.0,53,32.18867924528302
BK1201,Sunset Park (East)-Borough Park (West),Brooklyn,2022-12,2022-12-01,1329.0,53,25.07547169811321
BK1201,Sunset Park (East)-Borough Park (West),Brooklyn,2023-01,2023-01-01,1378.0,53,26.0
BK1201,Sunset Park (East)-Borough Park (West),Brooklyn,2023-02,2023-02-01,1594.0,53,30.07547169811321
BK1201,Sunset Park (East)-Borough Park (West),Brooklyn,2023-03,2023-03-01,1633.0,53,30.81132075471698
BK1201,Sunset Park (East)-Borough Park (West),Brooklyn,2023-04,2023-04-01,1914.0,53,36.113207547169814
BK1201,Sunset Park (East)-Borough Park (West),Brooklyn,2023-05,2023-05-01,1931.0,53,36.43396226415094
BK1201,Sunset Park (East)-Borough Park (West),Brooklyn,2023-06,2023-06-01,1760.0,53,33.20754716981132
BK1201,Sunset Park (East)-Borough Park (West),Brooklyn,2023-07,2023-07-01,1442.0,53,27.20754716981132
BK1201,Sunset Park (East)-Borough Park (West),Brooklyn,2023-08,2023-08-01,1449.0,53,27.339622641509433
BK1201,Sunset Park (East)-Borough Park (West),Brooklyn,2023-09,2023-09-01,1753.0,53,33.075471698113205
BK1201,Sunset Park (East)-Borough Park (West),Brooklyn,2023-10,2023-10-01,2030.0,53,38.301886792452834
BK1201,Sunset Park (East)-Borough Park (West),Brooklyn,2023-11,2023-11-01,1857.0,53,35.0377358490566
BK1201,Sunset Park (East)-Borough Park (West),Brooklyn,2023-12,2023-12-01,1815.0,53,34.24528301886792
BK1201,Sunset Park (East)-Borough Park (West),Brooklyn,2024-01,2024-01-01,1689.0,53,31.867924528301888
BK1201,Sunset Park (East)-Borough Park (West),Brooklyn,2024-02,2024-02-01,1461.0,53,27.566037735849058
BK1201,Sunset Park (East)-Borough Park (West),Brooklyn,2024-03,2024-03-01,1538.0,53,29.0188679245283
BK1201,Sunset Park (East)-Borough Park (West),Brooklyn,2024-04,2024-04-01,1636.0,53,30.867924528301888
BK1201,Sunset Park (East)-Borough Park (West),Brooklyn,2024-05,2024-05-01,1928.0,53,36.37735849056604
BK1201,Sunset Park (East)-Borough Park (West),Brooklyn,2024-06,2024-06-01,1406.0,53,26.528301886792452
BK1201,Sunset Park (East)-Borough Park (West),Brooklyn,2024-07,2024-07-01,1334.0,53,25.169811320754718
BK1201,Sunset Park (East)-Borough Park (West),Brooklyn,2024-08,2024-08-01,1423.0,53,26.849056603773583
BK1201,Sunset Park (East)-Borough Park (West),Brooklyn,2024-09,2024-09-01,1775.0,53,33.490566037735846
BK1201,Sunset Park (East)-Borough Park (West),Brooklyn,2024-10,2024-10-01,1834.0,53,34.60377358490566
BK1201,Sunset Park (East)-Borough Park (West),Brooklyn,2024-11,2024-11-01,1657.0,53,31.264150943396228
BK1201,Sunset Park (East)-Borough Park (West),Brooklyn,2024-12,2024-12-01,1715.0,53,32.35849056603774
BK1201,Sunset Park (East)-Borough Park (West),Brooklyn,2025-01,2025-01-01,1489.0,53,28.09433962264151
BK1201,Sunset Park (East)-Borough Park (West),Brooklyn,2025-02,2025-02-01,1240.0,53,23.39622641509434
BK1201,Sunset Park (East)-Borough Park (West),Brooklyn,2025-03,2025-03-01,1558.0,53,29.39622641509434
BK1201,Sunset Park (East)-Borough Park (West),Brooklyn,2025-04,2025-04-01,1784.0,53,33.660377358490564
BK1201,Sunset Park (East)-Borough Park (West),Brooklyn,2025-05,2025-05-01,1973.0,53,37.22641509433962
BK1201,Sunset Park (East)-Borough Park (West),Brooklyn,2025-06,2025-06-01,1433.0,53,27.037735849056602
BK1201,Sunset Park (East)-Borough Park (West),Brooklyn,2025-07,2025-07-01,1376.0,53,25.962264150943398
BK1201,Sunset Park (East)-Borough Park (West),Brooklyn,2025-08,2025-08-01,1437.0,53,27.11320754716981
BK1201,Sunset Park (East)-Borough Park (West),Brooklyn,2025-09,2025-09-01,1716.0,53,32.37735849056604
BK1201,Sunset Park (East)-Borough Park (West),Brooklyn,2025-10,2025-10-01,1699.0,53,32.056603773584904
BK1201,Sunset Park (East)-Borough Park (West),Brooklyn,2025-11,2025-11-01,50.0,53,0.9433962264150944
BK1202,Borough Park,Brooklyn,2022-03,2022-03-01,1642.0,53,30.9811320754717
BK1202,Borough Park,Brooklyn,2022-04,2022-04-01,1540.0,53,29.056603773584907
BK1202,Borough Park,Brooklyn,2022-05,2022-05-01,2155.0,53,40.660377358490564
BK1202,Borough Park,Brooklyn,2022-06,2022-06-01,1508.0,53,28.452830188679247
BK1202,Borough Park,Brooklyn,2022-07,2022-07-01,1377.0,53,25.9811320754717
BK1202,Borough Park,Brooklyn,2022-08,2022-08-01,1308.0,53,24.67924528301887
BK1202,Borough Park,Brooklyn,2022-09,2022-09-01,1827.0,53,34.471698113207545
BK1202,Borough Park,Brooklyn,2022-10,2022-10-01,2066.0,53,38.9811320754717
BK1202,Borough Park,Brooklyn,2022-11,2022-11-01,1706.0,53,32.18867924528302
BK1202,Borough Park,Brooklyn,2022-12,2022-12-01,1329.0,53,25.07547169811321
BK1202,Borough Park,Brooklyn,2023-01,2023-01-01,1378.0,53,26.0
BK1202,Borough Park,Brooklyn,2023-02,2023-02-01,1594.0,53,30.07547169811321
BK1202,Borough Park,Brooklyn,2023-03,2023-03-01,1633.0,53,30.81132075471698
BK1202,Borough Park,Brooklyn,2023-04,2023-04-01,1914.0,53,36.113207547169814
BK1202,Borough Park,Brooklyn,2023-05,2023-05-01,1931.0,53,36.43396226415094
BK1202,Borough Park,Brooklyn,2023-06,2023-06-01,1760.0,53,33.20754716981132
BK1202,Borough Park,Brooklyn,2023-07,2023-07-01,1442.0,53,27.20754716981132
BK1202,Borough Park,Brooklyn,2023-08,2023-08-01,1449.0,53,27.339622641509433
BK1202,Borough Park,Brooklyn,2023-09,2023-09-01,1753.0,53,33.075471698113205
BK1202,Borough Park,Brooklyn,2023-10,2023-10-01,2030.0,53,38.301886792452834
BK1202,Borough Park,Brooklyn,2023-11,2023-11-01,1857.0,53,35.0377358490566
BK1202,Borough Park,Brooklyn,2023-12,2023-12-01,1815.0,53,34.24528301886792
BK1202,Borough Park,Brooklyn,2024-01,2024-01-01,1689.0,53,31.867924528301888
BK1202,Borough Park,Brooklyn,2024-02,2024-02-01,1461.0,53,27.566037735849058
BK1202,Borough Park,Brooklyn,2024-03,2024-03-01,1538.0,53,29.0188679245283
BK1202,Borough Park,Brooklyn,2024-04,2024-04-01,1636.0,53,30.867924528301888
BK1202,Borough Park,Brooklyn,2024-05,2024-05-01,1928.0,53,36.37735849056604
BK1202,Borough Park,Brooklyn,2024-06,2024-06-01,1406.0,53,26.528301886792452
BK1202,Borough Park,Brooklyn,2024-07,2024-07-01,1334.0,53,25.169811320754718
BK1202,Borough Park,Brooklyn,2024-08,2024-08-01,1423.0,53,26.849056603773583
BK1202,Borough Park,Brooklyn,2024-09,2024-09-01,1775.0,53,33.490566037735846
BK1202,Borough Park,Brooklyn,2024-10,2024-10-01,1834.0,53,34.60377358490566
BK1202,Borough Park,Brooklyn,2024-11,2024-11-01,1657.0,53,31.264150943396228
BK1202,Borough Park,Brooklyn,2024-12,2024-12-01,1715.0,53,32.35849056603774
BK1202,Borough Park,Brooklyn,2025-01,2025-01-01,1489.0,53,28.09433962264151
BK1202,Borough Park,Brooklyn,2025-02,2025-02-01,1240.0,53,23.39622641509434
BK1202,Borough Park,Brooklyn,2025-03,2025-03-01,1558.0,53,29.39622641509434
BK1202,Borough Park,Brooklyn,2025-04,2025-04-01,1784.0,53,33.660377358490564
BK1202,Borough Park,Brooklyn,2025-05,2025-05-01,1973.0,53,37.22641509433962
BK1202,Borough Park,Brooklyn,2025-06,2025-06-01,1433.0,53,27.037735849056602
BK1202,Borough Park,Brooklyn,2025-07,2025-07-01,1376.0,53,25.962264150943398
BK1202,Borough Park,Brooklyn,2025-08,2025-08-01,1437.0,53,27.11320754716981
BK1202,Borough Park,Brooklyn,2025-09,2025-09-01,1716.0,53,32.37735849056604
BK1202,Borough Park,Brooklyn,2025-10,2025-10-01,1699.0,53,32.056603773584904
BK1202,Borough Park,Brooklyn,2025-11,2025-11-01,50.0,53,0.9433962264150944
BK1203,Kensington,Brooklyn,2022-03,2022-03-01,1642.0,53,30.9811320754717
BK1203,Kensington,Brooklyn,2022-04,2022-04-01,1540.0,53,29.056603773584907
BK1203,Kensington,Brooklyn,2022-05,2022-05-01,2155.0,53,40.660377358490564
BK1203,Kensington,Brooklyn,2022-06,2022-06-01,1508.0,53,28.452830188679247
BK1203,Kensington,Brooklyn,2022-07,2022-07-01,1377.0,53,25.9811320754717
BK1203,Kensington,Brooklyn,2022-08,2022-08-01,1308.0,53,24.67924528301887
BK1203,Kensington,Brooklyn,2022-09,2022-09-01,1827.0,53,34.471698113207545
BK1203,Kensington,Brooklyn,2022-10,2022-10-01,2066.0,53,38.9811320754717
BK1203,Kensington,Brooklyn,2022-11,2022-11-01,1706.0,53,32.18867924528302
BK1203,Kensington,Brooklyn,2022-12,2022-12-01,1329.0,53,25.07547169811321
BK1203,Kensington,Brooklyn,2023-01,2023-01-01,1378.0,53,26.0
BK1203,Kensington,Brooklyn,2023-02,2023-02-01,1594.0,53,30.07547169811321
BK1203,Kensington,Brooklyn,2023-03,2023-03-01,1633.0,53,30.81132075471698
BK1203,Kensington,Brooklyn,2023-04,2023-04-01,1914.0,53,36.113207547169814
BK1203,Kensington,Brooklyn,2023-05,2023-05-01,1931.0,53,36.43396226415094
BK1203,Kensington,Brooklyn,2023-06,2023-06-01,1760.0,53,33.20754716981132
BK1203,Kensington,Brooklyn,2023-07,2023-07-01,1442.0,53,27.20754716981132
BK1203,Kensington,Brooklyn,2023-08,2023-08-01,1449.0,53,27.339622641509433
BK1203,Kensington,Brooklyn,2023-09,2023-09-01,1753.0,53,33.075471698113205
BK1203,Kensington,Brooklyn,2023-10,2023-10-01,2030.0,53,38.301886792452834
BK1203,Kensington,Brooklyn,2023-11,2023-11-01,1857.0,53,35.0377358490566
BK1203,Kensington,Brooklyn,2023-12,2023-12-01,1815.0,53,34.24528301886792
BK1203,Kensington,Brooklyn,2024-01,2024-01-01,1689.0,53,31.867924528301888
BK1203,Kensington,Brooklyn,2024-02,2024-02-01,1461.0,53,27.566037735849058
BK1203,Kensington,Brooklyn,2024-03,2024-03-01,1538.0,53,29.0188679245283
BK1203,Kensington,Brooklyn,2024-04,2024-04-01,1636.0,53,30.867924528301888
BK1203,Kensington,Brooklyn,2024-05,2024-05-01,1928.0,53,36.37735849056604
BK1203,Kensington,Brooklyn,2024-06,2024-06-01,1406.0,53,26.528301886792452
BK1203,Kensington,Brooklyn,2024-07,2024-07-01,1334.0,53,25.169811320754718
BK1203,Kensington,Brooklyn,2024-08,2024-08-01,1423.0,53,26.849056603773583
BK1203,Kensington,Brooklyn,2024-09,2024-09-01,1775.0,53,33.490566037735846
BK1203,Kensington,Brooklyn,2024-10,2024-10-01,1834.0,53,34.60377358490566
BK1203,Kensington,Brooklyn,2024-11,2024-11-01,1657.0,53,31.264150943396228
BK1203,Kensington,Brooklyn,2024-12,2024-12-01,1715.0,53,32.35849056603774
BK1203,Kensington,Brooklyn,2025-01,2025-01-01,1489.0,53,28.09433962264151
BK1203,Kensington,Brooklyn,2025-02,2025-02-01,1240.0,53,23.39622641509434
BK1203,Kensington,Brooklyn,2025-03,2025-03-01,1558.0,53,29.39622641509434
BK1203,Kensington,Brooklyn,2025-04,2025-04-01,1784.0,53,33.660377358490564
BK1203,Kensington,Brooklyn,2025-05,2025-05-01,1973.0,53,37.22641509433962
BK1203,Kensington,Brooklyn,2025-06,2025-06-01,1433.0,53,27.037735849056602
BK1203,Kensington,Brooklyn,2025-07,2025-07-01,1376.0,53,25.962264150943398
BK1203,Kensington,Brooklyn,2025-08,2025-08-01,1437.0,53,27.11320754716981
BK1203,Kensington,Brooklyn,2025-09,2025-09-01,1716.0,53,32.37735849056604
BK1203,Kensington,Brooklyn,2025-10,2025-10-01,1699.0,53,32.056603773584904
BK1203,Kensington,Brooklyn,2025-11,2025-11-01,50.0,53,0.9433962264150944
BK1204,Mapleton-Midwood (West),Brooklyn,2022-03,2022-03-01,1642.0,53,30.9811320754717
BK1204,Mapleton-Midwood (West),Brooklyn,2022-04,2022-04-01,1540.0,53,29.056603773584907
BK1204,Mapleton-Midwood (West),Brooklyn,2022-05,2022-05-01,2155.0,53,40.660377358490564
BK1204,Mapleton-Midwood (West),Brooklyn,2022-06,2022-06-01,1508.0,53,28.452830188679247
BK1204,Mapleton-Midwood (West),Brooklyn,2022-07,2022-07-01,1377.0,53,25.9811320754717
BK1204,Mapleton-Midwood (West),Brooklyn,2022-08,2022-08-01,1308.0,53,24.67924528301887
BK1204,Mapleton-Midwood (West),Brooklyn,2022-09,2022-09-01,1827.0,53,34.471698113207545
BK1204,Mapleton-Midwood (West),Brooklyn,2022-10,2022-10-01,2066.0,53,38.9811320754717
BK1204,Mapleton-Midwood (West),Brooklyn,2022-11,2022-11-01,1706.0,53,32.18867924528302
BK1204,Mapleton-Midwood (West),Brooklyn,2022-12,2022-12-01,1329.0,53,25.07547169811321
BK1204,Mapleton-Midwood (West),Brooklyn,2023-01,2023-01-01,1378.0,53,26.0
BK1204,Mapleton-Midwood (West),Brooklyn,2023-02,2023-02-01,1594.0,53,30.07547169811321
BK1204,Mapleton-Midwood (West),Brooklyn,2023-03,2023-03-01,1633.0,53,30.81132075471698
BK1204,Mapleton-Midwood (West),Brooklyn,2023-04,2023-04-01,1914.0,53,36.113207547169814
BK1204,Mapleton-Midwood (West),Brooklyn,2023-05,2023-05-01,1931.0,53,36.43396226415094
BK1204,Mapleton-Midwood (West),Brooklyn,2023-06,2023-06-01,1760.0,53,33.20754716981132
BK1204,Mapleton-Midwood (West),Brooklyn,2023-07,2023-07-01,1442.0,53,27.20754716981132
BK1204,Mapleton-Midwood (West),Brooklyn,2023-08,2023-08-01,1449.0,53,27.339622641509433
BK1204,Mapleton-Midwood (West),Brooklyn,2023-09,2023-09-01,1753.0,53,33.075471698113205
BK1204,Mapleton-Midwood (West),Brooklyn,2023-10,2023-10-01,2030.0,53,38.301886792452834
BK1204,Mapleton-Midwood (West),Brooklyn,2023-11,2023-11-01,1857.0,53,35.0377358490566
BK1204,Mapleton-Midwood (West),Brooklyn,2023-12,2023-12-01,1815.0,53,34.24528301886792
BK1204,Mapleton-Midwood (West),Brooklyn,2024-01,2024-01-01,1689.0,53,31.867924528301888
BK1204,Mapleton-Midwood (West),Brooklyn,2024-02,2024-02-01,1461.0,53,27.566037735849058
BK1204,Mapleton-Midwood (West),Brooklyn,2024-03,2024-03-01,1538.0,53,29.0188679245283
BK1204,Mapleton-Midwood (West),Brooklyn,2024-04,2024-04-01,1636.0,53,30.867924528301888
BK1204,Mapleton-Midwood (West),Brooklyn,2024-05,2024-05-01,1928.0,53,36.37735849056604
BK1204,Mapleton-Midwood (West),Brooklyn,2024-06,2024-06-01,1406.0,53,26.528301886792452
BK1204,Mapleton-Midwood (West),Brooklyn,2024-07,2024-07-01,1334.0,53,25.169811320754718
BK1204,Mapleton-Midwood (West),Brooklyn,2024-08,2024-08-01,1423.0,53,26.849056603773583
BK1204,Mapleton-Midwood (West),Brooklyn,2024-09,2024-09-01,1775.0,53,33.490566037735846
BK1204,Mapleton-Midwood (West),Brooklyn,2024-10,2024-10-01,1834.0,53,34.60377358490566
BK1204,Mapleton-Midwood (West),Brooklyn,2024-11,2024-11-01,1657.0,53,31.264150943396228
BK1204,Mapleton-Midwood (West),Brooklyn,2024-12,2024-12-01,1715.0,53,32.35849056603774
BK1204,Mapleton-Midwood (West),Brooklyn,2025-01,2025-01-01,1489.0,53,28.09433962264151
BK1204,Mapleton-Midwood (West),Brooklyn,2025-02,2025-02-01,1240.0,53,23.39622641509434
BK1204,Mapleton-Midwood (West),Brooklyn,2025-03,2025-03-01,1558.0,53,29.39622641509434
BK1204,Mapleton-Midwood (West),Brooklyn,2025-04,2025-04-01,1784.0,53,33.660377358490564
BK1204,Mapleton-Midwood (West),Brooklyn,2025-05,2025-05-01,1973.0,53,37.22641509433962
BK1204,Mapleton-Midwood (West),Brooklyn,2025-06,2025-06-01,1433.0,53,27.037735849056602
BK1204,Mapleton-Midwood (West),Brooklyn,2025-07,2025-07-01,1376.0,53,25.962264150943398
BK1204,Mapleton-Midwood (West),Brooklyn,2025-08,2025-08-01,1437.0,53,27.11320754716981
BK1204,Mapleton-Midwood (West),Brooklyn,2025-09,2025-09-01,1716.0,53,32.37735849056604
BK1204,Mapleton-Midwood (West),Brooklyn,2025-10,2025-10-01,1699.0,53,32.056603773584904
BK1204,Mapleton-Midwood (West),Brooklyn,2025-11,2025-11-01,50.0,53,0.9433962264150944
BK1301,Gravesend (South),Brooklyn,2022-03,2022-03-01,1642.0,53,30.9811320754717
BK1301,Gravesend (South),Brooklyn,2022-04,2022-04-01,1540.0,53,29.056603773584907
BK1301,Gravesend (South),Brooklyn,2022-05,2022-05-01,2155.0,53,40.660377358490564
BK1301,Gravesend (South),Brooklyn,2022-06,2022-06-01,1508.0,53,28.452830188679247
BK1301,Gravesend (South),Brooklyn,2022-07,2022-07-01,1377.0,53,25.9811320754717
BK1301,Gravesend (South),Brooklyn,2022-08,2022-08-01,1308.0,53,24.67924528301887
BK1301,Gravesend (South),Brooklyn,2022-09,2022-09-01,1827.0,53,34.471698113207545
BK1301,Gravesend (South),Brooklyn,2022-10,2022-10-01,2066.0,53,38.9811320754717
BK1301,Gravesend (South),Brooklyn,2022-11,2022-11-01,1706.0,53,32.18867924528302
BK1301,Gravesend (South),Brooklyn,2022-12,2022-12-01,1329.0,53,25.07547169811321
BK1301,Gravesend (South),Brooklyn,2023-01,2023-01-01,1378.0,53,26.0
BK1301,Gravesend (South),Brooklyn,2023-02,2023-02-01,1594.0,53,30.07547169811321
BK1301,Gravesend (South),Brooklyn,2023-03,2023-03-01,1633.0,53,30.81132075471698
BK1301,Gravesend (South),Brooklyn,2023-04,2023-04-01,1914.0,53,36.113207547169814
BK1301,Gravesend (South),Brooklyn,2023-05,2023-05-01,1931.0,53,36.43396226415094
BK1301,Gravesend (South),Brooklyn,2023-06,2023-06-01,1760.0,53,33.20754716981132
BK1301,Gravesend (South),Brooklyn,2023-07,2023-07-01,1442.0,53,27.20754716981132
BK1301,Gravesend (South),Brooklyn,2023-08,2023-08-01,1449.0,53,27.339622641509433
BK1301,Gravesend (South),Brooklyn,2023-09,2023-09-01,1753.0,53,33.075471698113205
BK1301,Gravesend (South),Brooklyn,2023-10,2023-10-01,2030.0,53,38.301886792452834
BK1301,Gravesend (South),Brooklyn,2023-11,2023-11-01,1857.0,53,35.0377358490566
BK1301,Gravesend (South),Brooklyn,2023-12,2023-12-01,1815.0,53,34.24528301886792
BK1301,Gravesend (South),Brooklyn,2024-01,2024-01-01,1689.0,53,31.867924528301888
BK1301,Gravesend (South),Brooklyn,2024-02,2024-02-01,1461.0,53,27.566037735849058
BK1301,Gravesend (South),Brooklyn,2024-03,2024-03-01,1538.0,53,29.0188679245283
BK1301,Gravesend (South),Brooklyn,2024-04,2024-04-01,1636.0,53,30.867924528301888
BK1301,Gravesend (South),Brooklyn,2024-05,2024-05-01,1928.0,53,36.37735849056604
BK1301,Gravesend (South),Brooklyn,2024-06,2024-06-01,1406.0,53,26.528301886792452
BK1301,Gravesend (South),Brooklyn,2024-07,2024-07-01,1334.0,53,25.169811320754718
BK1301,Gravesend (South),Brooklyn,2024-08,2024-08-01,1423.0,53,26.849056603773583
BK1301,Gravesend (South),Brooklyn,2024-09,2024-09-01,1775.0,53,33.490566037735846
BK1301,Gravesend (South),Brooklyn,2024-10,2024-10-01,1834.0,53,34.60377358490566
BK1301,Gravesend (South),Brooklyn,2024-11,2024-11-01,1657.0,53,31.264150943396228
BK1301,Gravesend (South),Brooklyn,2024-12,2024-12-01,1715.0,53,32.35849056603774
BK1301,Gravesend (South),Brooklyn,2025-01,2025-01-01,1489.0,53,28.09433962264151
BK1301,Gravesend (South),Brooklyn,2025-02,2025-02-01,1240.0,53,23.39622641509434
BK1301,Gravesend (South),Brooklyn,2025-03,2025-03-01,1558.0,53,29.39622641509434
BK1301,Gravesend (South),Brooklyn,2025-04,2025-04-01,1784.0,53,33.660377358490564
BK1301,Gravesend (South),Brooklyn,2025-05,2025-05-01,1973.0,53,37.22641509433962
BK1301,Gravesend (South),Brooklyn,2025-06,2025-06-01,1433.0,53,27.037735849056602
BK1301,Gravesend (South),Brooklyn,2025-07,2025-07-01,1376.0,53,25.962264150943398
BK1301,Gravesend (South),Brooklyn,2025-08,2025-08-01,1437.0,53,27.11320754716981
BK1301,Gravesend (South),Brooklyn,2025-09,2025-09-01,1716.0,53,32.37735849056604
BK1301,Gravesend (South),Brooklyn,2025-10,2025-10-01,1699.0,53,32.056603773584904
BK1301,Gravesend (South),Brooklyn,2025-11,2025-11-01,50.0,53,0.9433962264150944
BK1302,Coney Island-Sea Gate,Brooklyn,2022-03,2022-03-01,1642.0,53,30.9811320754717
BK1302,Coney Island-Sea Gate,Brooklyn,2022-04,2022-04-01,1540.0,53,29.056603773584907
BK1302,Coney Island-Sea Gate,Brooklyn,2022-05,2022-05-01,2155.0,53,40.660377358490564
BK1302,Coney Island-Sea Gate,Brooklyn,2022-06,2022-06-01,1508.0,53,28.452830188679247
BK1302,Coney Island-Sea Gate,Brooklyn,2022-07,2022-07-01,1377.0,53,25.9811320754717
BK1302,Coney Island-Sea Gate,Brooklyn,2022-08,2022-08-01,1308.0,53,24.67924528301887
BK1302,Coney Island-Sea Gate,Brooklyn,2022-09,2022-09-01,1827.0,53,34.471698113207545
BK1302,Coney Island-Sea Gate,Brooklyn,2022-10,2022-10-01,2066.0,53,38.9811320754717
BK1302,Coney Island-Sea Gate,Brooklyn,2022-11,2022-11-01,1706.0,53,32.18867924528302
BK1302,Coney Island-Sea Gate,Brooklyn,2022-12,2022-12-01,1329.0,53,25.07547169811321
BK1302,Coney Island-Sea Gate,Brooklyn,2023-01,2023-01-01,1378.0,53,26.0
BK1302,Coney Island-Sea Gate,Brooklyn,2023-02,2023-02-01,1594.0,53,30.07547169811321
BK1302,Coney Island-Sea Gate,Brooklyn,2023-03,2023-03-01,1633.0,53,30.81132075471698
BK1302,Coney Island-Sea Gate,Brooklyn,2023-04,2023-04-01,1914.0,53,36.113207547169814
BK1302,Coney Island-Sea Gate,Brooklyn,2023-05,2023-05-01,1931.0,53,36.43396226415094
BK1302,Coney Island-Sea Gate,Brooklyn,2023-06,2023-06-01,1760.0,53,33.20754716981132
BK1302,Coney Island-Sea Gate,Brooklyn,2023-07,2023-07-01,1442.0,53,27.20754716981132
BK1302,Coney Island-Sea Gate,Brooklyn,2023-08,2023-08-01,1449.0,53,27.339622641509433
BK1302,Coney Island-Sea Gate,Brooklyn,2023-09,2023-09-01,1753.0,53,33.075471698113205
BK1302,Coney Island-Sea Gate,Brooklyn,2023-10,2023-10-01,2030.0,53,38.301886792452834
BK1302,Coney Island-Sea Gate,Brooklyn,2023-11,2023-11-01,1857.0,53,35.0377358490566
BK1302,Coney Island-Sea Gate,Brooklyn,2023-12,2023-12-01,1815.0,53,34.24528301886792
BK1302,Coney Island-Sea Gate,Brooklyn,2024-01,2024-01-01,1689.0,53,31.867924528301888
BK1302,Coney Island-Sea Gate,Brooklyn,2024-02,2024-02-01,1461.0,53,27.566037735849058
BK1302,Coney Island-Sea Gate,Brooklyn,2024-03,2024-03-01,1538.0,53,29.0188679245283
BK1302,Coney Island-Sea Gate,Brooklyn,2024-04,2024-04-01,1636.0,53,30.867924528301888
BK1302,Coney Island-Sea Gate,Brooklyn,2024-05,2024-05-01,1928.0,53,36.37735849056604
BK1302,Coney Island-Sea Gate,Brooklyn,2024-06,2024-06-01,1406.0,53,26.528301886792452
BK1302,Coney Island-Sea Gate,Brooklyn,2024-07,2024-07-01,1334.0,53,25.169811320754718
BK1302,Coney Island-Sea Gate,Brooklyn,2024-08,2024-08-01,1423.0,53,26.849056603773583
BK1302,Coney Island-Sea Gate,Brooklyn,2024-09,2024-09-01,1775.0,53,33.490566037735846
BK1302,Coney Island-Sea Gate,Brooklyn,2024-10,2024-10-01,1834.0,53,34.60377358490566
BK1302,Coney Island-Sea Gate,Brooklyn,2024-11,2024-11-01,1657.0,53,31.264150943396228
BK1302,Coney Island-Sea Gate,Brooklyn,2024-12,2024-12-01,1715.0,53,32.35849056603774
BK1302,Coney Island-Sea Gate,Brooklyn,2025-01,2025-01-01,1489.0,53,28.09433962264151
BK1302,Coney Island-Sea Gate,Brooklyn,2025-02,2025-02-01,1240.0,53,23.39622641509434
BK1302,Coney Island-Sea Gate,Brooklyn,2025-03,2025-03-01,1558.0,53,29.39622641509434
BK1302,Coney Island-Sea Gate,Brooklyn,2025-04,2025-04-01,1784.0,53,33.660377358490564
BK1302,Coney Island-Sea Gate,Brooklyn,2025-05,2025-05-01,1973.0,53,37.22641509433962
BK1302,Coney Island-Sea Gate,Brooklyn,2025-06,2025-06-01,1433.0,53,27.037735849056602
BK1302,Coney Island-Sea Gate,Brooklyn,2025-07,2025-07-01,1376.0,53,25.962264150943398
BK1302,Coney Island-Sea Gate,Brooklyn,2025-08,2025-08-01,1437.0,53,27.11320754716981
BK1302,Coney Island-Sea Gate,Brooklyn,2025-09,2025-09-01,1716.0,53,32.37735849056604
BK1302,Coney Island-Sea Gate,Brooklyn,2025-10,2025-10-01,1699.0,53,32.056603773584904
BK1302,Coney Island-Sea Gate,Brooklyn,2025-11,2025-11-01,50.0,53,0.9433962264150944
BK1303,Brighton Beach,Brooklyn,2022-03,2022-03-01,1642.0,53,30.9811320754717
BK1303,Brighton Beach,Brooklyn,2022-04,2022-04-01,1540.0,53,29.056603773584907
BK1303,Brighton Beach,Brooklyn,2022-05,2022-05-01,2155.0,53,40.660377358490564
BK1303,Brighton Beach,Brooklyn,2022-06,2022-06-01,1508.0,53,28.452830188679247
BK1303,Brighton Beach,Brooklyn,2022-07,2022-07-01,1377.0,53,25.9811320754717
BK1303,Brighton Beach,Brooklyn,2022-08,2022-08-01,1308.0,53,24.67924528301887
BK1303,Brighton Beach,Brooklyn,2022-09,2022-09-01,1827.0,53,34.471698113207545
BK1303,Brighton Beach,Brooklyn,2022-10,2022-10-01,2066.0,53,38.9811320754717
BK1303,Brighton Beach,Brooklyn,2022-11,2022-11-01,1706.0,53,32.18867924528302
BK1303,Brighton Beach,Brooklyn,2022-12,2022-12-01,1329.0,53,25.07547169811321
BK1303,Brighton Beach,Brooklyn,2023-01,2023-01-01,1378.0,53,26.0
BK1303,Brighton Beach,Brooklyn,2023-02,2023-02-01,1594.0,53,30.07547169811321
BK1303,Brighton Beach,Brooklyn,2023-03,2023-03-01,1633.0,53,30.81132075471698
BK1303,Brighton Beach,Brooklyn,2023-04,2023-04-01,1914.0,53,36.113207547169814
BK1303,Brighton Beach,Brooklyn,2023-05,2023-05-01,1931.0,53,36.43396226415094
BK1303,Brighton Beach,Brooklyn,2023-06,2023-06-01,1760.0,53,33.20754716981132
BK1303,Brighton Beach,Brooklyn,2023-07,2023-07-01,1442.0,53,27.20754716981132
BK1303,Brighton Beach,Brooklyn,2023-08,2023-08-01,1449.0,53,27.339622641509433
BK1303,Brighton Beach,Brooklyn,2023-09,2023-09-01,1753.0,53,33.075471698113205
BK1303,Brighton Beach,Brooklyn,2023-10,2023-10-01,2030.0,53,38.301886792452834
BK1303,Brighton Beach,Brooklyn,2023-11,2023-11-01,1857.0,53,35.0377358490566
BK1303,Brighton Beach,Brooklyn,2023-12,2023-12-01,1815.0,53,34.24528301886792
BK1303,Brighton Beach,Brooklyn,2024-01,2024-01-01,1689.0,53,31.867924528301888
BK1303,Brighton Beach,Brooklyn,2024-02,2024-02-01,1461.0,53,27.566037735849058
BK1303,Brighton Beach,Brooklyn,2024-03,2024-03-01,1538.0,53,29.0188679245283
BK1303,Brighton Beach,Brooklyn,2024-04,2024-04-01,1636.0,53,30.867924528301888
BK1303,Brighton Beach,Brooklyn,2024-05,2024-05-01,1928.0,53,36.37735849056604
BK1303,Brighton Beach,Brooklyn,2024-06,2024-06-01,1406.0,53,26.528301886792452
BK1303,Brighton Beach,Brooklyn,2024-07,2024-07-01,1334.0,53,25.169811320754718
BK1303,Brighton Beach,Brooklyn,2024-08,2024-08-01,1423.0,53,26.849056603773583
BK1303,Brighton Beach,Brooklyn,2024-09,2024-09-01,1775.0,53,33.490566037735846
BK1303,Brighton Beach,Brooklyn,2024-10,2024-10-01,1834.0,53,34.60377358490566
BK1303,Brighton Beach,Brooklyn,2024-11,2024-11-01,1657.0,53,31.264150943396228
BK1303,Brighton Beach,Brooklyn,2024-12,2024-12-01,1715.0,53,32.35849056603774
BK1303,Brighton Beach,Brooklyn,2025-01,2025-01-01,1489.0,53,28.09433962264151
BK1303,Brighton Beach,Brooklyn,2025-02,2025-02-01,1240.0,53,23.39622641509434
BK1303,Brighton Beach,Brooklyn,2025-03,2025-03-01,1558.0,53,29.39622641509434
BK1303,Brighton Beach,Brooklyn,2025-04,2025-04-01,1784.0,53,33.660377358490564
BK1303,Brighton Beach,Brooklyn,2025-05,2025-05-01,1973.0,53,37.22641509433962
BK1303,Brighton Beach,Brooklyn,2025-06,2025-06-01,1433.0,53,27.037735849056602
BK1303,Brighton Beach,Brooklyn,2025-07,2025-07-01,1376.0,53,25.962264150943398
BK1303,Brighton Beach,Brooklyn,2025-08,2025-08-01,1437.0,53,27.11320754716981
BK1303,Brighton Beach,Brooklyn,2025-09,2025-09-01,1716.0,53,32.37735849056604
BK1303,Brighton Beach,Brooklyn,2025-10,2025-10-01,1699.0,53,32.056603773584904
BK1303,Brighton Beach,Brooklyn,2025-11,2025-11-01,50.0,53,0.9433962264150944
BK1401,Flatbush,Brooklyn,2022-03,2022-03-01,1642.0,53,30.9811320754717
BK1401,Flatbush,Brooklyn,2022-04,2022-04-01,1540.0,53,29.056603773584907
BK1401,Flatbush,Brooklyn,2022-05,2022-05-01,2155.0,53,40.660377358490564
BK1401,Flatbush,Brooklyn,2022-06,2022-06-01,1508.0,53,28.452830188679247
BK1401,Flatbush,Brooklyn,2022-07,2022-07-01,1377.0,53,25.9811320754717
BK1401,Flatbush,Brooklyn,2022-08,2022-08-01,1308.0,53,24.67924528301887
BK1401,Flatbush,Brooklyn,2022-09,2022-09-01,1827.0,53,34.471698113207545
BK1401,Flatbush,Brooklyn,2022-10,2022-10-01,2066.0,53,38.9811320754717
BK1401,Flatbush,Brooklyn,2022-11,2022-11-01,1706.0,53,32.18867924528302
BK1401,Flatbush,Brooklyn,2022-12,2022-12-01,1329.0,53,25.07547169811321
BK1401,Flatbush,Brooklyn,2023-01,2023-01-01,1378.0,53,26.0
BK1401,Flatbush,Brooklyn,2023-02,2023-02-01,1594.0,53,30.07547169811321
BK1401,Flatbush,Brooklyn,2023-03,2023-03-01,1633.0,53,30.81132075471698
BK1401,Flatbush,Brooklyn,2023-04,2023-04-01,1914.0,53,36.113207547169814
BK1401,Flatbush,Brooklyn,2023-05,2023-05-01,1931.0,53,36.43396226415094
BK1401,Flatbush,Brooklyn,2023-06,2023-06-01,1760.0,53,33.20754716981132
BK1401,Flatbush,Brooklyn,2023-07,2023-07-01,1442.0,53,27.20754716981132
BK1401,Flatbush,Brooklyn,2023-08,2023-08-01,1449.0,53,27.339622641509433
BK1401,Flatbush,Brooklyn,2023-09,2023-09-01,1753.0,53,33.075471698113205
BK1401,Flatbush,Brooklyn,2023-10,2023-10-01,2030.0,53,38.301886792452834
BK1401,Flatbush,Brooklyn,2023-11,2023-11-01,1857.0,53,35.0377358490566
BK1401,Flatbush,Brooklyn,2023-12,2023-12-01,1815.0,53,34.24528301886792
BK1401,Flatbush,Brooklyn,2024-01,2024-01-01,1689.0,53,31.867924528301888
BK1401,Flatbush,Brooklyn,2024-02,2024-02-01,1461.0,53,27.566037735849058
BK1401,Flatbush,Brooklyn,2024-03,2024-03-01,1538.0,53,29.0188679245283
BK1401,Flatbush,Brooklyn,2024-04,2024-04-01,1636.0,53,30.867924528301888
BK1401,Flatbush,Brooklyn,2024-05,2024-05-01,1928.0,53,36.37735849056604
BK1401,Flatbush,Brooklyn,2024-06,2024-06-01,1406.0,53,26.528301886792452
BK1401,Flatbush,Brooklyn,2024-07,2024-07-01,1334.0,53,25.169811320754718
BK1401,Flatbush,Brooklyn,2024-08,2024-08-01,1423.0,53,26.849056603773583
BK1401,Flatbush,Brooklyn,2024-09,2024-09-01,1775.0,53,33.490566037735846
BK1401,Flatbush,Brooklyn,2024-10,2024-10-01,1834.0,53,34.60377358490566
BK1401,Flatbush,Brooklyn,2024-11,2024-11-01,1657.0,53,31.264150943396228
BK1401,Flatbush,Brooklyn,2024-12,2024-12-01,1715.0,53,32.35849056603774
BK1401,Flatbush,Brooklyn,2025-01,2025-01-01,1489.0,53,28.09433962264151
BK1401,Flatbush,Brooklyn,2025-02,2025-02-01,1240.0,53,23.39622641509434
BK1401,Flatbush,Brooklyn,2025-03,2025-03-01,1558.0,53,29.39622641509434
BK1401,Flatbush,Brooklyn,2025-04,2025-04-01,1784.0,53,33.660377358490564
BK1401,Flatbush,Brooklyn,2025-05,2025-05-01,1973.0,53,37.22641509433962
BK1401,Flatbush,Brooklyn,2025-06,2025-06-01,1433.0,53,27.037735849056602
BK1401,Flatbush,Brooklyn,2025-07,2025-07-01,1376.0,53,25.962264150943398
BK1401,Flatbush,Brooklyn,2025-08,2025-08-01,1437.0,53,27.11320754716981
BK1401,Flatbush,Brooklyn,2025-09,2025-09-01,1716.0,53,32.37735849056604
BK1401,Flatbush,Brooklyn,2025-10,2025-10-01,1699.0,53,32.056603773584904
BK1401,Flatbush,Brooklyn,2025-11,2025-11-01,50.0,53,0.9433962264150944
BK1402,Flatbush (West)-Ditmas Park-Parkville,Brooklyn,2022-03,2022-03-01,1642.0,53,30.9811320754717
BK1402,Flatbush (West)-Ditmas Park-Parkville,Brooklyn,2022-04,2022-04-01,1540.0,53,29.056603773584907
BK1402,Flatbush (West)-Ditmas Park-Parkville,Brooklyn,2022-05,2022-05-01,2155.0,53,40.660377358490564
BK1402,Flatbush (West)-Ditmas Park-Parkville,Brooklyn,2022-06,2022-06-01,1508.0,53,28.452830188679247
BK1402,Flatbush (West)-Ditmas Park-Parkville,Brooklyn,2022-07,2022-07-01,1377.0,53,25.9811320754717
BK1402,Flatbush (West)-Ditmas Park-Parkville,Brooklyn,2022-08,2022-08-01,1308.0,53,24.67924528301887
BK1402,Flatbush (West)-Ditmas Park-Parkville,Brooklyn,2022-09,2022-09-01,1827.0,53,34.471698113207545
BK1402,Flatbush (West)-Ditmas Park-Parkville,Brooklyn,2022-10,2022-10-01,2066.0,53,38.9811320754717
BK1402,Flatbush (West)-Ditmas Park-Parkville,Brooklyn,2022-11,2022-11-01,1706.0,53,32.18867924528302
BK1402,Flatbush (West)-Ditmas Park-Parkville,Brooklyn,2022-12,2022-12-01,1329.0,53,25.07547169811321
BK1402,Flatbush (West)-Ditmas Park-Parkville,Brooklyn,2023-01,2023-01-01,1378.0,53,26.0
BK1402,Flatbush (West)-Ditmas Park-Parkville,Brooklyn,2023-02,2023-02-01,1594.0,53,30.07547169811321
BK1402,Flatbush (West)-Ditmas Park-Parkville,Brooklyn,2023-03,2023-03-01,1633.0,53,30.81132075471698
BK1402,Flatbush (West)-Ditmas Park-Parkville,Brooklyn,2023-04,2023-04-01,1914.0,53,36.113207547169814
BK1402,Flatbush (West)-Ditmas Park-Parkville,Brooklyn,2023-05,2023-05-01,1931.0,53,36.43396226415094
BK1402,Flatbush (West)-Ditmas Park-Parkville,Brooklyn,2023-06,2023-06-01,1760.0,53,33.20754716981132
BK1402,Flatbush (West)-Ditmas Park-Parkville,Brooklyn,2023-07,2023-07-01,1442.0,53,27.20754716981132
BK1402,Flatbush (West)-Ditmas Park-Parkville,Brooklyn,2023-08,2023-08-01,1449.0,53,27.339622641509433
BK1402,Flatbush (West)-Ditmas Park-Parkville,Brooklyn,2023-09,2023-09-01,1753.0,53,33.075471698113205
BK1402,Flatbush (West)-Ditmas Park-Parkville,Brooklyn,2023-10,2023-10-01,2030.0,53,38.301886792452834
BK1402,Flatbush (West)-Ditmas Park-Parkville,Brooklyn,2023-11,2023-11-01,1857.0,53,35.0377358490566
BK1402,Flatbush (West)-Ditmas Park-Parkville,Brooklyn,2023-12,2023-12-01,1815.0,53,34.24528301886792
BK1402,Flatbush (West)-Ditmas Park-Parkville,Brooklyn,2024-01,2024-01-01,1689.0,53,31.867924528301888
BK1402,Flatbush (West)-Ditmas Park-Parkville,Brooklyn,2024-02,2024-02-01,1461.0,53,27.566037735849058
BK1402,Flatbush (West)-Ditmas Park-Parkville,Brooklyn,2024-03,2024-03-01,1538.0,53,29.0188679245283
BK1402,Flatbush (West)-Ditmas Park-Parkville,Brooklyn,2024-04,2024-04-01,1636.0,53,30.867924528301888
BK1402,Flatbush (West)-Ditmas Park-Parkville,Brooklyn,2024-05,2024-05-01,1928.0,53,36.37735849056604
BK1402,Flatbush (West)-Ditmas Park-Parkville,Brooklyn,2024-06,2024-06-01,1406.0,53,26.528301886792452
BK1402,Flatbush (West)-Ditmas Park-Parkville,Brooklyn,2024-07,2024-07-01,1334.0,53,25.169811320754718
BK1402,Flatbush (West)-Ditmas Park-Parkville,Brooklyn,2024-08,2024-08-01,1423.0,53,26.849056603773583
BK1402,Flatbush (West)-Ditmas Park-Parkville,Brooklyn,2024-09,2024-09-01,1775.0,53,33.490566037735846
BK1402,Flatbush (West)-Ditmas Park-Parkville,Brooklyn,2024-10,2024-10-01,1834.0,53,34.60377358490566
BK1402,Flatbush (West)-Ditmas Park-Parkville,Brooklyn,2024-11,2024-11-01,1657.0,53,31.264150943396228
BK1402,Flatbush (West)-Ditmas Park-Parkville,Brooklyn,2024-12,2024-12-01,1715.0,53,32.35849056603774
BK1402,Flatbush (West)-Ditmas Park-Parkville,Brooklyn,2025-01,2025-01-01,1489.0,53,28.09433962264151
BK1402,Flatbush (West)-Ditmas Park-Parkville,Brooklyn,2025-02,2025-02-01,1240.0,53,23.39622641509434
BK1402,Flatbush (West)-Ditmas Park-Parkville,Brooklyn,2025-03,2025-03-01,1558.0,53,29.39622641509434
BK1402,Flatbush (West)-Ditmas Park-Parkville,Brooklyn,2025-04,2025-04-01,1784.0,53,33.660377358490564
BK1402,Flatbush (West)-Ditmas Park-Parkville,Brooklyn,2025-05,2025-05-01,1973.0,53,37.22641509433962
BK1402,Flatbush (West)-Ditmas Park-Parkville,Brooklyn,2025-06,2025-06-01,1433.0,53,27.037735849056602
BK1402,Flatbush (West)-Ditmas Park-Parkville,Brooklyn,2025-07,2025-07-01,1376.0,53,25.962264150943398
BK1402,Flatbush (West)-Ditmas Park-Parkville,Brooklyn,2025-08,2025-08-01,1437.0,53,27.11320754716981
BK1402,Flatbush (West)-Ditmas Park-Parkville,Brooklyn,2025-09,2025-09-01,1716.0,53,32.37735849056604
BK1402,Flatbush (West)-Ditmas Park-Parkville,Brooklyn,2025-10,2025-10-01,1699.0,53,32.056603773584904
BK1402,Flatbush (West)-Ditmas Park-Parkville,Brooklyn,2025-11,2025-11-01,50.0,53,0.9433962264150944
BK1403,Midwood,Brooklyn,2022-03,2022-03-01,1642.0,53,30.9811320754717
BK1403,Midwood,Brooklyn,2022-04,2022-04-01,1540.0,53,29.056603773584907
BK1403,Midwood,Brooklyn,2022-05,2022-05-01,2155.0,53,40.660377358490564
BK1403,Midwood,Brooklyn,2022-06,2022-06-01,1508.0,53,28.452830188679247
BK1403,Midwood,Brooklyn,2022-07,2022-07-01,1377.0,53,25.9811320754717
BK1403,Midwood,Brooklyn,2022-08,2022-08-01,1308.0,53,24.67924528301887
BK1403,Midwood,Brooklyn,2022-09,2022-09-01,1827.0,53,34.471698113207545
BK1403,Midwood,Brooklyn,2022-10,2022-10-01,2066.0,53,38.9811320754717
BK1403,Midwood,Brooklyn,2022-11,2022-11-01,1706.0,53,32.18867924528302
BK1403,Midwood,Brooklyn,2022-12,2022-12-01,1329.0,53,25.07547169811321
BK1403,Midwood,Brooklyn,2023-01,2023-01-01,1378.0,53,26.0
BK1403,Midwood,Brooklyn,2023-02,2023-02-01,1594.0,53,30.07547169811321
BK1403,Midwood,Brooklyn,2023-03,2023-03-01,1633.0,53,30.81132075471698
BK1403,Midwood,Brooklyn,2023-04,2023-04-01,1914.0,53,36.113207547169814
BK1403,Midwood,Brooklyn,2023-05,2023-05-01,1931.0,53,36.43396226415094
BK1403,Midwood,Brooklyn,2023-06,2023-06-01,1760.0,53,33.20754716981132
BK1403,Midwood,Brooklyn,2023-07,2023-07-01,1442.0,53,27.20754716981132
BK1403,Midwood,Brooklyn,2023-08,2023-08-01,1449.0,53,27.339622641509433
BK1403,Midwood,Brooklyn,2023-09,2023-09-01,1753.0,53,33.075471698113205
BK1403,Midwood,Brooklyn,2023-10,2023-10-01,2030.0,53,38.301886792452834
BK1403,Midwood,Brooklyn,2023-11,2023-11-01,1857.0,53,35.0377358490566
BK1403,Midwood,Brooklyn,2023-12,2023-12-01,1815.0,53,34.24528301886792
BK1403,Midwood,Brooklyn,2024-01,2024-01-01,1689.0,53,31.867924528301888
BK1403,Midwood,Brooklyn,2024-02,2024-02-01,1461.0,53,27.566037735849058
BK1403,Midwood,Brooklyn,2024-03,2024-03-01,1538.0,53,29.0188679245283
BK1403,Midwood,Brooklyn,2024-04,2024-04-01,1636.0,53,30.867924528301888
BK1403,Midwood,Brooklyn,2024-05,2024-05-01,1928.0,53,36.37735849056604
BK1403,Midwood,Brooklyn,2024-06,2024-06-01,1406.0,53,26.528301886792452
BK1403,Midwood,Brooklyn,2024-07,2024-07-01,1334.0,53,25.169811320754718
BK1403,Midwood,Brooklyn,2024-08,2024-08-01,1423.0,53,26.849056603773583
BK1403,Midwood,Brooklyn,2024-09,2024-09-01,1775.0,53,33.490566037735846
BK1403,Midwood,Brooklyn,2024-10,2024-10-01,1834.0,53,34.60377358490566
BK1403,Midwood,Brooklyn,2024-11,2024-11-01,1657.0,53,31.264150943396228
BK1403,Midwood,Brooklyn,2024-12,2024-12-01,1715.0,53,32.35849056603774
BK1403,Midwood,Brooklyn,2025-01,2025-01-01,1489.0,53,28.09433962264151
BK1403,Midwood,Brooklyn,2025-02,2025-02-01,1240.0,53,23.39622641509434
BK1403,Midwood,Brooklyn,2025-03,2025-03-01,1558.0,53,29.39622641509434
BK1403,Midwood,Brooklyn,2025-04,2025-04-01,1784.0,53,33.660377358490564
BK1403,Midwood,Brooklyn,2025-05,2025-05-01,1973.0,53,37.22641509433962
BK1403,Midwood,Brooklyn,2025-06,2025-06-01,1433.0,53,27.037735849056602
BK1403,Midwood,Brooklyn,2025-07,2025-07-01,1376.0,53,25.962264150943398
BK1403,Midwood,Brooklyn,2025-08,2025-08-01,1437.0,53,27.11320754716981
BK1403,Midwood,Brooklyn,2025-09,2025-09-01,1716.0,53,32.37735849056604
BK1403,Midwood,Brooklyn,2025-10,2025-10-01,1699.0,53,32.056603773584904
BK1403,Midwood,Brooklyn,2025-11,2025-11-01,50.0,53,0.9433962264150944
BK1501,Gravesend (East)-Homecrest,Brooklyn,2022-03,2022-03-01,1642.0,53,30.9811320754717
BK1501,Gravesend (East)-Homecrest,Brooklyn,2022-04,2022-04-01,1540.0,53,29.056603773584907
BK1501,Gravesend (East)-Homecrest,Brooklyn,2022-05,2022-05-01,2155.0,53,40.660377358490564
BK1501,Gravesend (East)-Homecrest,Brooklyn,2022-06,2022-06-01,1508.0,53,28.452830188679247
BK1501,Gravesend (East)-Homecrest,Brooklyn,2022-07,2022-07-01,1377.0,53,25.9811320754717
BK1501,Gravesend (East)-Homecrest,Brooklyn,2022-08,2022-08-01,1308.0,53,24.67924528301887
BK1501,Gravesend (East)-Homecrest,Brooklyn,2022-09,2022-09-01,1827.0,53,34.471698113207545
BK1501,Gravesend (East)-Homecrest,Brooklyn,2022-10,2022-10-01,2066.0,53,38.9811320754717
BK1501,Gravesend (East)-Homecrest,Brooklyn,2022-11,2022-11-01,1706.0,53,32.18867924528302
BK1501,Gravesend (East)-Homecrest,Brooklyn,2022-12,2022-12-01,1329.0,53,25.07547169811321
BK1501,Gravesend (East)-Homecrest,Brooklyn,2023-01,2023-01-01,1378.0,53,26.0
BK1501,Gravesend (East)-Homecrest,Brooklyn,2023-02,2023-02-01,1594.0,53,30.07547169811321
BK1501,Gravesend (East)-Homecrest,Brooklyn,2023-03,2023-03-01,1633.0,53,30.81132075471698
BK1501,Gravesend (East)-Homecrest,Brooklyn,2023-04,2023-04-01,1914.0,53,36.113207547169814
BK1501,Gravesend (East)-Homecrest,Brooklyn,2023-05,2023-05-01,1931.0,53,36.43396226415094
BK1501,Gravesend (East)-Homecrest,Brooklyn,2023-06,2023-06-01,1760.0,53,33.20754716981132
BK1501,Gravesend (East)-Homecrest,Brooklyn,2023-07,2023-07-01,1442.0,53,27.20754716981132
BK1501,Gravesend (East)-Homecrest,Brooklyn,2023-08,2023-08-01,1449.0,53,27.339622641509433
BK1501,Gravesend (East)-Homecrest,Brooklyn,2023-09,2023-09-01,1753.0,53,33.075471698113205
BK1501,Gravesend (East)-Homecrest,Brooklyn,2023-10,2023-10-01,2030.0,53,38.301886792452834
BK1501,Gravesend (East)-Homecrest,Brooklyn,2023-11,2023-11-01,1857.0,53,35.0377358490566
BK1501,Gravesend (East)-Homecrest,Brooklyn,2023-12,2023-12-01,1815.0,53,34.24528301886792
BK1501,Gravesend (East)-Homecrest,Brooklyn,2024-01,2024-01-01,1689.0,53,31.867924528301888
BK1501,Gravesend (East)-Homecrest,Brooklyn,2024-02,2024-02-01,1461.0,53,27.566037735849058
BK1501,Gravesend (East)-Homecrest,Brooklyn,2024-03,2024-03-01,1538.0,53,29.0188679245283
BK1501,Gravesend (East)-Homecrest,Brooklyn,2024-04,2024-04-01,1636.0,53,30.867924528301888
BK1501,Gravesend (East)-Homecrest,Brooklyn,2024-05,2024-05-01,1928.0,53,36.37735849056604
BK1501,Gravesend (East)-Homecrest,Brooklyn,2024-06,2024-06-01,1406.0,53,26.528301886792452
BK1501,Gravesend (East)-Homecrest,Brooklyn,2024-07,2024-07-01,1334.0,53,25.169811320754718
BK1501,Gravesend (East)-Homecrest,Brooklyn,2024-08,2024-08-01,1423.0,53,26.849056603773583
BK1501,Gravesend (East)-Homecrest,Brooklyn,2024-09,2024-09-01,1775.0,53,33.490566037735846
BK1501,Gravesend (East)-Homecrest,Brooklyn,2024-10,2024-10-01,1834.0,53,34.60377358490566
BK1501,Gravesend (East)-Homecrest,Brooklyn,2024-11,2024-11-01,1657.0,53,31.264150943396228
BK1501,Gravesend (East)-Homecrest,Brooklyn,2024-12,2024-12-01,1715.0,53,32.35849056603774
BK1501,Gravesend (East)-Homecrest,Brooklyn,2025-01,2025-01-01,1489.0,53,28.09433962264151
BK1501,Gravesend (East)-Homecrest,Brooklyn,2025-02,2025-02-01,1240.0,53,23.39622641509434
BK1501,Gravesend (East)-Homecrest,Brooklyn,2025-03,2025-03-01,1558.0,53,29.39622641509434
BK1501,Gravesend (East)-Homecrest,Brooklyn,2025-04,2025-04-01,1784.0,53,33.660377358490564
BK1501,Gravesend (East)-Homecrest,Brooklyn,2025-05,2025-05-01,1973.0,53,37.22641509433962
BK1501,Gravesend (East)-Homecrest,Brooklyn,2025-06,2025-06-01,1433.0,53,27.037735849056602
BK1501,Gravesend (East)-Homecrest,Brooklyn,2025-07,2025-07-01,1376.0,53,25.962264150943398
BK1501,Gravesend (East)-Homecrest,Brooklyn,2025-08,2025-08-01,1437.0,53,27.11320754716981
BK1501,Gravesend (East)-Homecrest,Brooklyn,2025-09,2025-09-01,1716.0,53,32.37735849056604
BK1501,Gravesend (East)-Homecrest,Brooklyn,2025-10,2025-10-01,1699.0,53,32.056603773584904
BK1501,Gravesend (East)-Homecrest,Brooklyn,2025-11,2025-11-01,50.0,53,0.9433962264150944
BK1502,Madison,Brooklyn,2022-03,2022-03-01,1642.0,53,30.9811320754717
BK1502,Madison,Brooklyn,2022-04,2022-04-01,1540.0,53,29.056603773584907
BK1502,Madison,Brooklyn,2022-05,2022-05-01,2155.0,53,40.660377358490564
BK1502,Madison,Brooklyn,2022-06,2022-06-01,1508.0,53,28.452830188679247
BK1502,Madison,Brooklyn,2022-07,2022-07-01,1377.0,53,25.9811320754717
BK1502,Madison,Brooklyn,2022-08,2022-08-01,1308.0,53,24.67924528301887
BK1502,Madison,Brooklyn,2022-09,2022-09-01,1827.0,53,34.471698113207545
BK1502,Madison,Brooklyn,2022-10,2022-10-01,2066.0,53,38.9811320754717
BK1502,Madison,Brooklyn,2022-11,2022-11-01,1706.0,53,32.18867924528302
BK1502,Madison,Brooklyn,2022-12,2022-12-01,1329.0,53,25.07547169811321
BK1502,Madison,Brooklyn,2023-01,2023-01-01,1378.0,53,26.0
BK1502,Madison,Brooklyn,2023-02,2023-02-01,1594.0,53,30.07547169811321
BK1502,Madison,Brooklyn,2023-03,2023-03-01,1633.0,53,30.81132075471698
BK1502,Madison,Brooklyn,2023-04,2023-04-01,1914.0,53,36.113207547169814
BK1502,Madison,Brooklyn,2023-05,2023-05-01,1931.0,53,36.43396226415094
BK1502,Madison,Brooklyn,2023-06,2023-06-01,1760.0,53,33.20754716981132
BK1502,Madison,Brooklyn,2023-07,2023-07-01,1442.0,53,27.20754716981132
BK1502,Madison,Brooklyn,2023-08,2023-08-01,1449.0,53,27.339622641509433
BK1502,Madison,Brooklyn,2023-09,2023-09-01,1753.0,53,33.075471698113205
BK1502,Madison,Brooklyn,2023-10,2023-10-01,2030.0,53,38.301886792452834
BK1502,Madison,Brooklyn,2023-11,2023-11-01,1857.0,53,35.0377358490566
BK1502,Madison,Brooklyn,2023-12,2023-12-01,1815.0,53,34.24528301886792
BK1502,Madison,Brooklyn,2024-01,2024-01-01,1689.0,53,31.867924528301888
BK1502,Madison,Brooklyn,2024-02,2024-02-01,1461.0,53,27.566037735849058
BK1502,Madison,Brooklyn,2024-03,2024-03-01,1538.0,53,29.0188679245283
BK1502,Madison,Brooklyn,2024-04,2024-04-01,1636.0,53,30.867924528301888
BK1502,Madison,Brooklyn,2024-05,2024-05-01,1928.0,53,36.37735849056604
BK1502,Madison,Brooklyn,2024-06,2024-06-01,1406.0,53,26.528301886792452
BK1502,Madison,Brooklyn,2024-07,2024-07-01,1334.0,53,25.169811320754718
BK1502,Madison,Brooklyn,2024-08,2024-08-01,1423.0,53,26.849056603773583
BK1502,Madison,Brooklyn,2024-09,2024-09-01,1775.0,53,33.490566037735846
BK1502,Madison,Brooklyn,2024-10,2024-10-01,1834.0,53,34.60377358490566
BK1502,Madison,Brooklyn,2024-11,2024-11-01,1657.0,53,31.264150943396228
BK1502,Madison,Brooklyn,2024-12,2024-12-01,1715.0,53,32.35849056603774
BK1502,Madison,Brooklyn,2025-01,2025-01-01,1489.0,53,28.09433962264151
BK1502,Madison,Brooklyn,2025-02,2025-02-01,1240.0,53,23.39622641509434
BK1502,Madison,Brooklyn,2025-03,2025-03-01,1558.0,53,29.39622641509434
BK1502,Madison,Brooklyn,2025-04,2025-04-01,1784.0,53,33.660377358490564
BK1502,Madison,Brooklyn,2025-05,2025-05-01,1973.0,53,37.22641509433962
BK1502,Madison,Brooklyn,2025-06,2025-06-01,1433.0,53,27.037735849056602
BK1502,Madison,Brooklyn,2025-07,2025-07-01,1376.0,53,25.962264150943398
BK1502,Madison,Brooklyn,2025-08,2025-08-01,1437.0,53,27.11320754716981
BK1502,Madison,Brooklyn,2025-09,2025-09-01,1716.0,53,32.37735849056604
BK1502,Madison,Brooklyn,2025-10,2025-10-01,1699.0,53,32.056603773584904
BK1502,Madison,Brooklyn,2025-11,2025-11-01,50.0,53,0.9433962264150944
BK1503,Sheepshead Bay-Manhattan Beach-Gerritsen Beach,Brooklyn,2022-03,2022-03-01,1642.0,53,30.9811320754717
BK1503,Sheepshead Bay-Manhattan Beach-Gerritsen Beach,Brooklyn,2022-04,2022-04-01,1540.0,53,29.056603773584907
BK1503,Sheepshead Bay-Manhattan Beach-Gerritsen Beach,Brooklyn,2022-05,2022-05-01,2155.0,53,40.660377358490564
BK1503,Sheepshead Bay-Manhattan Beach-Gerritsen Beach,Brooklyn,2022-06,2022-06-01,1508.0,53,28.452830188679247
BK1503,Sheepshead Bay-Manhattan Beach-Gerritsen Beach,Brooklyn,2022-07,2022-07-01,1377.0,53,25.9811320754717
BK1503,Sheepshead Bay-Manhattan Beach-Gerritsen Beach,Brooklyn,2022-08,2022-08-01,1308.0,53,24.67924528301887
BK1503,Sheepshead Bay-Manhattan Beach-Gerritsen Beach,Brooklyn,2022-09,2022-09-01,1827.0,53,34.471698113207545
BK1503,Sheepshead Bay-Manhattan Beach-Gerritsen Beach,Brooklyn,2022-10,2022-10-01,2066.0,53,38.9811320754717
BK1503,Sheepshead Bay-Manhattan Beach-Gerritsen Beach,Brooklyn,2022-11,2022-11-01,1706.0,53,32.18867924528302
BK1503,Sheepshead Bay-Manhattan Beach-Gerritsen Beach,Brooklyn,2022-12,2022-12-01,1329.0,53,25.07547169811321
BK1503,Sheepshead Bay-Manhattan Beach-Gerritsen Beach,Brooklyn,2023-01,2023-01-01,1378.0,53,26.0
BK1503,Sheepshead Bay-Manhattan Beach-Gerritsen Beach,Brooklyn,2023-02,2023-02-01,1594.0,53,30.07547169811321
BK1503,Sheepshead Bay-Manhattan Beach-Gerritsen Beach,Brooklyn,2023-03,2023-03-01,1633.0,53,30.81132075471698
BK1503,Sheepshead Bay-Manhattan Beach-Gerritsen Beach,Brooklyn,2023-04,2023-04-01,1914.0,53,36.113207547169814
BK1503,Sheepshead Bay-Manhattan Beach-Gerritsen Beach,Brooklyn,2023-05,2023-05-01,1931.0,53,36.43396226415094
BK1503,Sheepshead Bay-Manhattan Beach-Gerritsen Beach,Brooklyn,2023-06,2023-06-01,1760.0,53,33.20754716981132
BK1503,Sheepshead Bay-Manhattan Beach-Gerritsen Beach,Brooklyn,2023-07,2023-07-01,1442.0,53,27.20754716981132
BK1503,Sheepshead Bay-Manhattan Beach-Gerritsen Beach,Brooklyn,2023-08,2023-08-01,1449.0,53,27.339622641509433
BK1503,Sheepshead Bay-Manhattan Beach-Gerritsen Beach,Brooklyn,2023-09,2023-09-01,1753.0,53,33.075471698113205
BK1503,Sheepshead Bay-Manhattan Beach-Gerritsen Beach,Brooklyn,2023-10,2023-10-01,2030.0,53,38.301886792452834
BK1503,Sheepshead Bay-Manhattan Beach-Gerritsen Beach,Brooklyn,2023-11,2023-11-01,1857.0,53,35.0377358490566
BK1503,Sheepshead Bay-Manhattan Beach-Gerritsen Beach,Brooklyn,2023-12,2023-12-01,1815.0,53,34.24528301886792
BK1503,Sheepshead Bay-Manhattan Beach-Gerritsen Beach,Brooklyn,2024-01,2024-01-01,1689.0,53,31.867924528301888
BK1503,Sheepshead Bay-Manhattan Beach-Gerritsen Beach,Brooklyn,2024-02,2024-02-01,1461.0,53,27.566037735849058
BK1503,Sheepshead Bay-Manhattan Beach-Gerritsen Beach,Brooklyn,2024-03,2024-03-01,1538.0,53,29.0188679245283
BK1503,Sheepshead Bay-Manhattan Beach-Gerritsen Beach,Brooklyn,2024-04,2024-04-01,1636.0,53,30.867924528301888
BK1503,Sheepshead Bay-Manhattan Beach-Gerritsen Beach,Brooklyn,2024-05,2024-05-01,1928.0,53,36.37735849056604
BK1503,Sheepshead Bay-Manhattan Beach-Gerritsen Beach,Brooklyn,2024-06,2024-06-01,1406.0,53,26.528301886792452
BK1503,Sheepshead Bay-Manhattan Beach-Gerritsen Beach,Brooklyn,2024-07,2024-07-01,1334.0,53,25.169811320754718
BK1503,Sheepshead Bay-Manhattan Beach-Gerritsen Beach,Brooklyn,2024-08,2024-08-01,1423.0,53,26.849056603773583
BK1503,Sheepshead Bay-Manhattan Beach-Gerritsen Beach,Brooklyn,2024-09,2024-09-01,1775.0,53,33.490566037735846
BK1503,Sheepshead Bay-Manhattan Beach-Gerritsen Beach,Brooklyn,2024-10,2024-10-01,1834.0,53,34.60377358490566
BK1503,Sheepshead Bay-Manhattan Beach-Gerritsen Beach,Brooklyn,2024-11,2024-11-01,1657.0,53,31.264150943396228
BK1503,Sheepshead Bay-Manhattan Beach-Gerritsen Beach,Brooklyn,2024-12,2024-12-01,1715.0,53,32.35849056603774
BK1503,Sheepshead Bay-Manhattan Beach-Gerritsen Beach,Brooklyn,2025-01,2025-01-01,1489.0,53,28.09433962264151
BK1503,Sheepshead Bay-Manhattan Beach-Gerritsen Beach,Brooklyn,2025-02,2025-02-01,1240.0,53,23.39622641509434
BK1503,Sheepshead Bay-Manhattan Beach-Gerritsen Beach,Brooklyn,2025-03,2025-03-01,1558.0,53,29.39622641509434
BK1503,Sheepshead Bay-Manhattan Beach-Gerritsen Beach,Brooklyn,2025-04,2025-04-01,1784.0,53,33.660377358490564
BK1503,Sheepshead Bay-Manhattan Beach-Gerritsen Beach,Brooklyn,2025-05,2025-05-01,1973.0,53,37.22641509433962
BK1503,Sheepshead Bay-Manhattan Beach-Gerritsen Beach,Brooklyn,2025-06,2025-06-01,1433.0,53,27.037735849056602
BK1503,Sheepshead Bay-Manhattan Beach-Gerritsen Beach,Brooklyn,2025-07,2025-07-01,1376.0,53,25.962264150943398
BK1503,Sheepshead Bay-Manhattan Beach-Gerritsen Beach,Brooklyn,2025-08,2025-08-01,1437.0,53,27.11320754716981
BK1503,Sheepshead Bay-Manhattan Beach-Gerritsen Beach,Brooklyn,2025-09,2025-09-01,1716.0,53,32.37735849056604
BK1503,Sheepshead Bay-Manhattan Beach-Gerritsen Beach,Brooklyn,2025-10,2025-10-01,1699.0,53,32.056603773584904
BK1503,Sheepshead Bay-Manhattan Beach-Gerritsen Beach,Brooklyn,2025-11,2025-11-01,50.0,53,0.9433962264150944
BK1601,Ocean Hill,Brooklyn,2022-03,2022-03-01,1642.0,53,30.9811320754717
BK1601,Ocean Hill,Brooklyn,2022-04,2022-04-01,1540.0,53,29.056603773584907
BK1601,Ocean Hill,Brooklyn,2022-05,2022-05-01,2155.0,53,40.660377358490564
BK1601,Ocean Hill,Brooklyn,2022-06,2022-06-01,1508.0,53,28.452830188679247
BK1601,Ocean Hill,Brooklyn,2022-07,2022-07-01,1377.0,53,25.9811320754717
BK1601,Ocean Hill,Brooklyn,2022-08,2022-08-01,1308.0,53,24.67924528301887
BK1601,Ocean Hill,Brooklyn,2022-09,2022-09-01,1827.0,53,34.471698113207545
BK1601,Ocean Hill,Brooklyn,2022-10,2022-10-01,2066.0,53,38.9811320754717
BK1601,Ocean Hill,Brooklyn,2022-11,2022-11-01,1706.0,53,32.18867924528302
BK1601,Ocean Hill,Brooklyn,2022-12,2022-12-01,1329.0,53,25.07547169811321
BK1601,Ocean Hill,Brooklyn,2023-01,2023-01-01,1378.0,53,26.0
BK1601,Ocean Hill,Brooklyn,2023-02,2023-02-01,1594.0,53,30.07547169811321
BK1601,Ocean Hill,Brooklyn,2023-03,2023-03-01,1633.0,53,30.81132075471698
BK1601,Ocean Hill,Brooklyn,2023-04,2023-04-01,1914.0,53,36.113207547169814
BK1601,Ocean Hill,Brooklyn,2023-05,2023-05-01,1931.0,53,36.43396226415094
BK1601,Ocean Hill,Brooklyn,2023-06,2023-06-01,1760.0,53,33.20754716981132
BK1601,Ocean Hill,Brooklyn,2023-07,2023-07-01,1442.0,53,27.20754716981132
BK1601,Ocean Hill,Brooklyn,2023-08,2023-08-01,1449.0,53,27.339622641509433
BK1601,Ocean Hill,Brooklyn,2023-09,2023-09-01,1753.0,53,33.075471698113205
BK1601,Ocean Hill,Brooklyn,2023-10,2023-10-01,2030.0,53,38.301886792452834
BK1601,Ocean Hill,Brooklyn,2023-11,2023-11-01,1857.0,53,35.0377358490566
BK1601,Ocean Hill,Brooklyn,2023-12,2023-12-01,1815.0,53,34.24528301886792
BK1601,Ocean Hill,Brooklyn,2024-01,2024-01-01,1689.0,53,31.867924528301888
BK1601,Ocean Hill,Brooklyn,2024-02,2024-02-01,1461.0,53,27.566037735849058
BK1601,Ocean Hill,Brooklyn,2024-03,2024-03-01,1538.0,53,29.0188679245283
BK1601,Ocean Hill,Brooklyn,2024-04,2024-04-01,1636.0,53,30.867924528301888
BK1601,Ocean Hill,Brooklyn,2024-05,2024-05-01,1928.0,53,36.37735849056604
BK1601,Ocean Hill,Brooklyn,2024-06,2024-06-01,1406.0,53,26.528301886792452
BK1601,Ocean Hill,Brooklyn,2024-07,2024-07-01,1334.0,53,25.169811320754718
BK1601,Ocean Hill,Brooklyn,2024-08,2024-08-01,1423.0,53,26.849056603773583
BK1601,Ocean Hill,Brooklyn,2024-09,2024-09-01,1775.0,53,33.490566037735846
BK1601,Ocean Hill,Brooklyn,2024-10,2024-10-01,1834.0,53,34.60377358490566
BK1601,Ocean Hill,Brooklyn,2024-11,2024-11-01,1657.0,53,31.264150943396228
BK1601,Ocean Hill,Brooklyn,2024-12,2024-12-01,1715.0,53,32.35849056603774
BK1601,Ocean Hill,Brooklyn,2025-01,2025-01-01,1489.0,53,28.09433962264151
BK1601,Ocean Hill,Brooklyn,2025-02,2025-02-01,1240.0,53,23.39622641509434
BK1601,Ocean Hill,Brooklyn,2025-03,2025-03-01,1558.0,53,29.39622641509434
BK1601,Ocean Hill,Brooklyn,2025-04,2025-04-01,1784.0,53,33.660377358490564
BK1601,Ocean Hill,Brooklyn,2025-05,2025-05-01,1973.0,53,37.22641509433962
BK1601,Ocean Hill,Brooklyn,2025-06,2025-06-01,1433.0,53,27.037735849056602
BK1601,Ocean Hill,Brooklyn,2025-07,2025-07-01,1376.0,53,25.962264150943398
BK1601,Ocean Hill,Brooklyn,2025-08,2025-08-01,1437.0,53,27.11320754716981
BK1601,Ocean Hill,Brooklyn,2025-09,2025-09-01,1716.0,53,32.37735849056604
BK1601,Ocean Hill,Brooklyn,2025-10,2025-10-01,1699.0,53,32.056603773584904
BK1601,Ocean Hill,Brooklyn,2025-11,2025-11-01,50.0,53,0.9433962264150944
BK1602,Brownsville,Brooklyn,2022-03,2022-03-01,1642.0,53,30.9811320754717
BK1602,Brownsville,Brooklyn,2022-04,2022-04-01,1540.0,53,29.056603773584907
BK1602,Brownsville,Brooklyn,2022-05,2022-05-01,2155.0,53,40.660377358490564
BK1602,Brownsville,Brooklyn,2022-06,2022-06-01,1508.0,53,28.452830188679247
BK1602,Brownsville,Brooklyn,2022-07,2022-07-01,1377.0,53,25.9811320754717
BK1602,Brownsville,Brooklyn,2022-08,2022-08-01,1308.0,53,24.67924528301887
BK1602,Brownsville,Brooklyn,2022-09,2022-09-01,1827.0,53,34.471698113207545
BK1602,Brownsville,Brooklyn,2022-10,2022-10-01,2066.0,53,38.9811320754717
BK1602,Brownsville,Brooklyn,2022-11,2022-11-01,1706.0,53,32.18867924528302
BK1602,Brownsville,Brooklyn,2022-12,2022-12-01,1329.0,53,25.07547169811321
BK1602,Brownsville,Brooklyn,2023-01,2023-01-01,1378.0,53,26.0
BK1602,Brownsville,Brooklyn,2023-02,2023-02-01,1594.0,53,30.07547169811321
BK1602,Brownsville,Brooklyn,2023-03,2023-03-01,1633.0,53,30.81132075471698
BK1602,Brownsville,Brooklyn,2023-04,2023-04-01,1914.0,53,36.113207547169814
BK1602,Brownsville,Brooklyn,2023-05,2023-05-01,1931.0,53,36.43396226415094
BK1602,Brownsville,Brooklyn,2023-06,2023-06-01,1760.0,53,33.20754716981132
BK1602,Brownsville,Brooklyn,2023-07,2023-07-01,1442.0,53,27.20754716981132
BK1602,Brownsville,Brooklyn,2023-08,2023-08-01,1449.0,53,27.339622641509433
BK1602,Brownsville,Brooklyn,2023-09,2023-09-01,1753.0,53,33.075471698113205
BK1602,Brownsville,Brooklyn,2023-10,2023-10-01,2030.0,53,38.301886792452834
BK1602,Brownsville,Brooklyn,2023-11,2023-11-01,1857.0,53,35.0377358490566
BK1602,Brownsville,Brooklyn,2023-12,2023-12-01,1815.0,53,34.24528301886792
BK1602,Brownsville,Brooklyn,2024-01,2024-01-01,1689.0,53,31.867924528301888
BK1602,Brownsville,Brooklyn,2024-02,2024-02-01,1461.0,53,27.566037735849058
BK1602,Brownsville,Brooklyn,2024-03,2024-03-01,1538.0,53,29.0188679245283
BK1602,Brownsville,Brooklyn,2024-04,2024-04-01,1636.0,53,30.867924528301888
BK1602,Brownsville,Brooklyn,2024-05,2024-05-01,1928.0,53,36.37735849056604
BK1602,Brownsville,Brooklyn,2024-06,2024-06-01,1406.0,53,26.528301886792452
BK1602,Brownsville,Brooklyn,2024-07,2024-07-01,1334.0,53,25.169811320754718
BK1602,Brownsville,Brooklyn,2024-08,2024-08-01,1423.0,53,26.849056603773583
BK1602,Brownsville,Brooklyn,2024-09,2024-09-01,1775.0,53,33.490566037735846
BK1602,Brownsville,Brooklyn,2024-10,2024-10-01,1834.0,53,34.60377358490566
BK1602,Brownsville,Brooklyn,2024-11,2024-11-01,1657.0,53,31.264150943396228
BK1602,Brownsville,Brooklyn,2024-12,2024-12-01,1715.0,53,32.35849056603774
BK1602,Brownsville,Brooklyn,2025-01,2025-01-01,1489.0,53,28.09433962264151
BK1602,Brownsville,Brooklyn,2025-02,2025-02-01,1240.0,53,23.39622641509434
BK1602,Brownsville,Brooklyn,2025-03,2025-03-01,1558.0,53,29.39622641509434
BK1602,Brownsville,Brooklyn,2025-04,2025-04-01,1784.0,53,33.660377358490564
BK1602,Brownsville,Brooklyn,2025-05,2025-05-01,1973.0,53,37.22641509433962
BK1602,Brownsville,Brooklyn,2025-06,2025-06-01,1433.0,53,27.037735849056602
BK1602,Brownsville,Brooklyn,2025-07,2025-07-01,1376.0,53,25.962264150943398
BK1602,Brownsville,Brooklyn,2025-08,2025-08-01,1437.0,53,27.11320754716981
BK1602,Brownsville,Brooklyn,2025-09,2025-09-01,1716.0,53,32.37735849056604
BK1602,Brownsville,Brooklyn,2025-10,2025-10-01,1699.0,53,32.056603773584904
BK1602,Brownsville,Brooklyn,2025-11,2025-11-01,50.0,53,0.9433962264150944
BK1701,East Flatbush-Erasmus,Brooklyn,2022-03,2022-03-01,1642.0,53,30.9811320754717
BK1701,East Flatbush-Erasmus,Brooklyn,2022-04,2022-04-01,1540.0,53,29.056603773584907
BK1701,East Flatbush-Erasmus,Brooklyn,2022-05,2022-05-01,2155.0,53,40.660377358490564
BK1701,East Flatbush-Erasmus,Brooklyn,2022-06,2022-06-01,1508.0,53,28.452830188679247
BK1701,East Flatbush-Erasmus,Brooklyn,2022-07,2022-07-01,1377.0,53,25.9811320754717
BK1701,East Flatbush-Erasmus,Brooklyn,2022-08,2022-08-01,1308.0,53,24.67924528301887
BK1701,East Flatbush-Erasmus,Brooklyn,2022-09,2022-09-01,1827.0,53,34.471698113207545
BK1701,East Flatbush-Erasmus,Brooklyn,2022-10,2022-10-01,2066.0,53,38.9811320754717
BK1701,East Flatbush-Erasmus,Brooklyn,2022-11,2022-11-01,1706.0,53,32.18867924528302
BK1701,East Flatbush-Erasmus,Brooklyn,2022-12,2022-12-01,1329.0,53,25.07547169811321
BK1701,East Flatbush-Erasmus,Brooklyn,2023-01,2023-01-01,1378.0,53,26.0
BK1701,East Flatbush-Erasmus,Brooklyn,2023-02,2023-02-01,1594.0,53,30.07547169811321
BK1701,East Flatbush-Erasmus,Brooklyn,2023-03,2023-03-01,1633.0,53,30.81132075471698
BK1701,East Flatbush-Erasmus,Brooklyn,2023-04,2023-04-01,1914.0,53,36.113207547169814
BK1701,East Flatbush-Erasmus,Brooklyn,2023-05,2023-05-01,1931.0,53,36.43396226415094
BK1701,East Flatbush-Erasmus,Brooklyn,2023-06,2023-06-01,1760.0,53,33.20754716981132
BK1701,East Flatbush-Erasmus,Brooklyn,2023-07,2023-07-01,1442.0,53,27.20754716981132
BK1701,East Flatbush-Erasmus,Brooklyn,2023-08,2023-08-01,1449.0,53,27.339622641509433
BK1701,East Flatbush-Erasmus,Brooklyn,2023-09,2023-09-01,1753.0,53,33.075471698113205
BK1701,East Flatbush-Erasmus,Brooklyn,2023-10,2023-10-01,2030.0,53,38.301886792452834
BK1701,East Flatbush-Erasmus,Brooklyn,2023-11,2023-11-01,1857.0,53,35.0377358490566
BK1701,East Flatbush-Erasmus,Brooklyn,2023-12,2023-12-01,1815.0,53,34.24528301886792
BK1701,East Flatbush-Erasmus,Brooklyn,2024-01,2024-01-01,1689.0,53,31.867924528301888
BK1701,East Flatbush-Erasmus,Brooklyn,2024-02,2024-02-01,1461.0,53,27.566037735849058
BK1701,East Flatbush-Erasmus,Brooklyn,2024-03,2024-03-01,1538.0,53,29.0188679245283
BK1701,East Flatbush-Erasmus,Brooklyn,2024-04,2024-04-01,1636.0,53,30.867924528301888
BK1701,East Flatbush-Erasmus,Brooklyn,2024-05,2024-05-01,1928.0,53,36.37735849056604
BK1701,East Flatbush-Erasmus,Brooklyn,2024-06,2024-06-01,1406.0,53,26.528301886792452
BK1701,East Flatbush-Erasmus,Brooklyn,2024-07,2024-07-01,1334.0,53,25.169811320754718
BK1701,East Flatbush-Erasmus,Brooklyn,2024-08,2024-08-01,1423.0,53,26.849056603773583
BK1701,East Flatbush-Erasmus,Brooklyn,2024-09,2024-09-01,1775.0,53,33.490566037735846
BK1701,East Flatbush-Erasmus,Brooklyn,2024-10,2024-10-01,1834.0,53,34.60377358490566
BK1701,East Flatbush-Erasmus,Brooklyn,2024-11,2024-11-01,1657.0,53,31.264150943396228
BK1701,East Flatbush-Erasmus,Brooklyn,2024-12,2024-12-01,1715.0,53,32.35849056603774
BK1701,East Flatbush-Erasmus,Brooklyn,2025-01,2025-01-01,1489.0,53,28.09433962264151
BK1701,East Flatbush-Erasmus,Brooklyn,2025-02,2025-02-01,1240.0,53,23.39622641509434
BK1701,East Flatbush-Erasmus,Brooklyn,2025-03,2025-03-01,1558.0,53,29.39622641509434
BK1701,East Flatbush-Erasmus,Brooklyn,2025-04,2025-04-01,1784.0,53,33.660377358490564
BK1701,East Flatbush-Erasmus,Brooklyn,2025-05,2025-05-01,1973.0,53,37.22641509433962
BK1701,East Flatbush-Erasmus,Brooklyn,2025-06,2025-06-01,1433.0,53,27.037735849056602
BK1701,East Flatbush-Erasmus,Brooklyn,2025-07,2025-07-01,1376.0,53,25.962264150943398
BK1701,East Flatbush-Erasmus,Brooklyn,2025-08,2025-08-01,1437.0,53,27.11320754716981
BK1701,East Flatbush-Erasmus,Brooklyn,2025-09,2025-09-01,1716.0,53,32.37735849056604
BK1701,East Flatbush-Erasmus,Brooklyn,2025-10,2025-10-01,1699.0,53,32.056603773584904
BK1701,East Flatbush-Erasmus,Brooklyn,2025-11,2025-11-01,50.0,53,0.9433962264150944
BK1702,East Flatbush-Farragut,Brooklyn,2022-03,2022-03-01,1642.0,53,30.9811320754717
BK1702,East Flatbush-Farragut,Brooklyn,2022-04,2022-04-01,1540.0,53,29.056603773584907
BK1702,East Flatbush-Farragut,Brooklyn,2022-05,2022-05-01,2155.0,53,40.660377358490564
BK1702,East Flatbush-Farragut,Brooklyn,2022-06,2022-06-01,1508.0,53,28.452830188679247
BK1702,East Flatbush-Farragut,Brooklyn,2022-07,2022-07-01,1377.0,53,25.9811320754717
BK1702,East Flatbush-Farragut,Brooklyn,2022-08,2022-08-01,1308.0,53,24.67924528301887
BK1702,East Flatbush-Farragut,Brooklyn,2022-09,2022-09-01,1827.0,53,34.471698113207545
BK1702,East Flatbush-Farragut,Brooklyn,2022-10,2022-10-01,2066.0,53,38.9811320754717
BK1702,East Flatbush-Farragut,Brooklyn,2022-11,2022-11-01,1706.0,53,32.18867924528302
BK1702,East Flatbush-Farragut,Brooklyn,2022-12,2022-12-01,1329.0,53,25.07547169811321
BK1702,East Flatbush-Farragut,Brooklyn,2023-01,2023-01-01,1378.0,53,26.0
BK1702,East Flatbush-Farragut,Brooklyn,2023-02,2023-02-01,1594.0,53,30.07547169811321
BK1702,East Flatbush-Farragut,Brooklyn,2023-03,2023-03-01,1633.0,53,30.81132075471698
BK1702,East Flatbush-Farragut,Brooklyn,2023-04,2023-04-01,1914.0,53,36.113207547169814
BK1702,East Flatbush-Farragut,Brooklyn,2023-05,2023-05-01,1931.0,53,36.43396226415094
BK1702,East Flatbush-Farragut,Brooklyn,2023-06,2023-06-01,1760.0,53,33.20754716981132
BK1702,East Flatbush-Farragut,Brooklyn,2023-07,2023-07-01,1442.0,53,27.20754716981132
BK1702,East Flatbush-Farragut,Brooklyn,2023-08,2023-08-01,1449.0,53,27.339622641509433
BK1702,East Flatbush-Farragut,Brooklyn,2023-09,2023-09-01,1753.0,53,33.075471698113205
BK1702,East Flatbush-Farragut,Brooklyn,2023-10,2023-10-01,2030.0,53,38.301886792452834
BK1702,East Flatbush-Farragut,Brooklyn,2023-11,2023-11-01,1857.0,53,35.0377358490566
BK1702,East Flatbush-Farragut,Brooklyn,2023-12,2023-12-01,1815.0,53,34.24528301886792
BK1702,East Flatbush-Farragut,Brooklyn,2024-01,2024-01-01,1689.0,53,31.867924528301888
BK1702,East Flatbush-Farragut,Brooklyn,2024-02,2024-02-01,1461.0,53,27.566037735849058
BK1702,East Flatbush-Farragut,Brooklyn,2024-03,2024-03-01,1538.0,53,29.0188679245283
BK1702,East Flatbush-Farragut,Brooklyn,2024-04,2024-04-01,1636.0,53,30.867924528301888
BK1702,East Flatbush-Farragut,Brooklyn,2024-05,2024-05-01,1928.0,53,36.37735849056604
BK1702,East Flatbush-Farragut,Brooklyn,2024-06,2024-06-01,1406.0,53,26.528301886792452
BK1702,East Flatbush-Farragut,Brooklyn,2024-07,2024-07-01,1334.0,53,25.169811320754718
BK1702,East Flatbush-Farragut,Brooklyn,2024-08,2024-08-01,1423.0,53,26.849056603773583
BK1702,East Flatbush-Farragut,Brooklyn,2024-09,2024-09-01,1775.0,53,33.490566037735846
BK1702,East Flatbush-Farragut,Brooklyn,2024-10,2024-10-01,1834.0,53,34.60377358490566
BK1702,East Flatbush-Farragut,Brooklyn,2024-11,2024-11-01,1657.0,53,31.264150943396228
BK1702,East Flatbush-Farragut,Brooklyn,2024-12,2024-12-01,1715.0,53,32.35849056603774
BK1702,East Flatbush-Farragut,Brooklyn,2025-01,2025-01-01,1489.0,53,28.09433962264151
BK1702,East Flatbush-Farragut,Brooklyn,2025-02,2025-02-01,1240.0,53,23.39622641509434
BK1702,East Flatbush-Farragut,Brooklyn,2025-03,2025-03-01,1558.0,53,29.39622641509434
BK1702,East Flatbush-Farragut,Brooklyn,2025-04,2025-04-01,1784.0,53,33.660377358490564
BK1702,East Flatbush-Farragut,Brooklyn,2025-05,2025-05-01,1973.0,53,37.22641509433962
BK1702,East Flatbush-Farragut,Brooklyn,2025-06,2025-06-01,1433.0,53,27.037735849056602
BK1702,East Flatbush-Farragut,Brooklyn,2025-07,2025-07-01,1376.0,53,25.962264150943398
BK1702,East Flatbush-Farragut,Brooklyn,2025-08,2025-08-01,1437.0,53,27.11320754716981
BK1702,East Flatbush-Farragut,Brooklyn,2025-09,2025-09-01,1716.0,53,32.37735849056604
BK1702,East Flatbush-Farragut,Brooklyn,2025-10,2025-10-01,1699.0,53,32.056603773584904
BK1702,East Flatbush-Farragut,Brooklyn,2025-11,2025-11-01,50.0,53,0.9433962264150944
BK1703,East Flatbush-Rugby,Brooklyn,2022-03,2022-03-01,1642.0,53,30.9811320754717
BK1703,East Flatbush-Rugby,Brooklyn,2022-04,2022-04-01,1540.0,53,29.056603773584907
BK1703,East Flatbush-Rugby,Brooklyn,2022-05,2022-05-01,2155.0,53,40.660377358490564
BK1703,East Flatbush-Rugby,Brooklyn,2022-06,2022-06-01,1508.0,53,28.452830188679247
BK1703,East Flatbush-Rugby,Brooklyn,2022-07,2022-07-01,1377.0,53,25.9811320754717
BK1703,East Flatbush-Rugby,Brooklyn,2022-08,2022-08-01,1308.0,53,24.67924528301887
BK1703,East Flatbush-Rugby,Brooklyn,2022-09,2022-09-01,1827.0,53,34.471698113207545
BK1703,East Flatbush-Rugby,Brooklyn,2022-10,2022-10-01,2066.0,53,38.9811320754717
BK1703,East Flatbush-Rugby,Brooklyn,2022-11,2022-11-01,1706.0,53,32.18867924528302
BK1703,East Flatbush-Rugby,Brooklyn,2022-12,2022-12-01,1329.0,53,25.07547169811321
BK1703,East Flatbush-Rugby,Brooklyn,2023-01,2023-01-01,1378.0,53,26.0
BK1703,East Flatbush-Rugby,Brooklyn,2023-02,2023-02-01,1594.0,53,30.07547169811321
BK1703,East Flatbush-Rugby,Brooklyn,2023-03,2023-03-01,1633.0,53,30.81132075471698
BK1703,East Flatbush-Rugby,Brooklyn,2023-04,2023-04-01,1914.0,53,36.113207547169814
BK1703,East Flatbush-Rugby,Brooklyn,2023-05,2023-05-01,1931.0,53,36.43396226415094
BK1703,East Flatbush-Rugby,Brooklyn,2023-06,2023-06-01,1760.0,53,33.20754716981132
BK1703,East Flatbush-Rugby,Brooklyn,2023-07,2023-07-01,1442.0,53,27.20754716981132
BK1703,East Flatbush-Rugby,Brooklyn,2023-08,2023-08-01,1449.0,53,27.339622641509433
BK1703,East Flatbush-Rugby,Brooklyn,2023-09,2023-09-01,1753.0,53,33.075471698113205
BK1703,East Flatbush-Rugby,Brooklyn,2023-10,2023-10-01,2030.0,53,38.301886792452834
BK1703,East Flatbush-Rugby,Brooklyn,2023-11,2023-11-01,1857.0,53,35.0377358490566
BK1703,East Flatbush-Rugby,Brooklyn,2023-12,2023-12-01,1815.0,53,34.24528301886792
BK1703,East Flatbush-Rugby,Brooklyn,2024-01,2024-01-01,1689.0,53,31.867924528301888
BK1703,East Flatbush-Rugby,Brooklyn,2024-02,2024-02-01,1461.0,53,27.566037735849058
BK1703,East Flatbush-Rugby,Brooklyn,2024-03,2024-03-01,1538.0,53,29.0188679245283
BK1703,East Flatbush-Rugby,Brooklyn,2024-04,2024-04-01,1636.0,53,30.867924528301888
BK1703,East Flatbush-Rugby,Brooklyn,2024-05,2024-05-01,1928.0,53,36.37735849056604
BK1703,East Flatbush-Rugby,Brooklyn,2024-06,2024-06-01,1406.0,53,26.528301886792452
BK1703,East Flatbush-Rugby,Brooklyn,2024-07,2024-07-01,1334.0,53,25.169811320754718
BK1703,East Flatbush-Rugby,Brooklyn,2024-08,2024-08-01,1423.0,53,26.849056603773583
BK1703,East Flatbush-Rugby,Brooklyn,2024-09,2024-09-01,1775.0,53,33.490566037735846
BK1703,East Flatbush-Rugby,Brooklyn,2024-10,2024-10-01,1834.0,53,34.60377358490566
BK1703,East Flatbush-Rugby,Brooklyn,2024-11,2024-11-01,1657.0,53,31.264150943396228
BK1703,East Flatbush-Rugby,Brooklyn,2024-12,2024-12-01,1715.0,53,32.35849056603774
BK1703,East Flatbush-Rugby,Brooklyn,2025-01,2025-01-01,1489.0,53,28.09433962264151
BK1703,East Flatbush-Rugby,Brooklyn,2025-02,2025-02-01,1240.0,53,23.39622641509434
BK1703,East Flatbush-Rugby,Brooklyn,2025-03,2025-03-01,1558.0,53,29.39622641509434
BK1703,East Flatbush-Rugby,Brooklyn,2025-04,2025-04-01,1784.0,53,33.660377358490564
BK1703,East Flatbush-Rugby,Brooklyn,2025-05,2025-05-01,1973.0,53,37.22641509433962
BK1703,East Flatbush-Rugby,Brooklyn,2025-06,2025-06-01,1433.0,53,27.037735849056602
BK1703,East Flatbush-Rugby,Brooklyn,2025-07,2025-07-01,1376.0,53,25.962264150943398
BK1703,East Flatbush-Rugby,Brooklyn,2025-08,2025-08-01,1437.0,53,27.11320754716981
BK1703,East Flatbush-Rugby,Brooklyn,2025-09,2025-09-01,1716.0,53,32.37735849056604
BK1703,East Flatbush-Rugby,Brooklyn,2025-10,2025-10-01,1699.0,53,32.056603773584904
BK1703,East Flatbush-Rugby,Brooklyn,2025-11,2025-11-01,50.0,53,0.9433962264150944
BK1704,East Flatbush-Remsen Village,Brooklyn,2022-03,2022-03-01,1642.0,53,30.9811320754717
BK1704,East Flatbush-Remsen Village,Brooklyn,2022-04,2022-04-01,1540.0,53,29.056603773584907
BK1704,East Flatbush-Remsen Village,Brooklyn,2022-05,2022-05-01,2155.0,53,40.660377358490564
BK1704,East Flatbush-Remsen Village,Brooklyn,2022-06,2022-06-01,1508.0,53,28.452830188679247
BK1704,East Flatbush-Remsen Village,Brooklyn,2022-07,2022-07-01,1377.0,53,25.9811320754717
BK1704,East Flatbush-Remsen Village,Brooklyn,2022-08,2022-08-01,1308.0,53,24.67924528301887
BK1704,East Flatbush-Remsen Village,Brooklyn,2022-09,2022-09-01,1827.0,53,34.471698113207545
BK1704,East Flatbush-Remsen Village,Brooklyn,2022-10,2022-10-01,2066.0,53,38.9811320754717
BK1704,East Flatbush-Remsen Village,Brooklyn,2022-11,2022-11-01,1706.0,53,32.18867924528302
BK1704,East Flatbush-Remsen Village,Brooklyn,2022-12,2022-12-01,1329.0,53,25.07547169811321
BK1704,East Flatbush-Remsen Village,Brooklyn,2023-01,2023-01-01,1378.0,53,26.0
BK1704,East Flatbush-Remsen Village,Brooklyn,2023-02,2023-02-01,1594.0,53,30.07547169811321
BK1704,East Flatbush-Remsen Village,Brooklyn,2023-03,2023-03-01,1633.0,53,30.81132075471698
BK1704,East Flatbush-Remsen Village,Brooklyn,2023-04,2023-04-01,1914.0,53,36.113207547169814
BK1704,East Flatbush-Remsen Village,Brooklyn,2023-05,2023-05-01,1931.0,53,36.43396226415094
BK1704,East Flatbush-Remsen Village,Brooklyn,2023-06,2023-06-01,1760.0,53,33.20754716981132
BK1704,East Flatbush-Remsen Village,Brooklyn,2023-07,2023-07-01,1442.0,53,27.20754716981132
BK1704,East Flatbush-Remsen Village,Brooklyn,2023-08,2023-08-01,1449.0,53,27.339622641509433
BK1704,East Flatbush-Remsen Village,Brooklyn,2023-09,2023-09-01,1753.0,53,33.075471698113205
BK1704,East Flatbush-Remsen Village,Brooklyn,2023-10,2023-10-01,2030.0,53,38.301886792452834
BK1704,East Flatbush-Remsen Village,Brooklyn,2023-11,2023-11-01,1857.0,53,35.0377358490566
BK1704,East Flatbush-Remsen Village,Brooklyn,2023-12,2023-12-01,1815.0,53,34.24528301886792
BK1704,East Flatbush-Remsen Village,Brooklyn,2024-01,2024-01-01,1689.0,53,31.867924528301888
BK1704,East Flatbush-Remsen Village,Brooklyn,2024-02,2024-02-01,1461.0,53,27.566037735849058
BK1704,East Flatbush-Remsen Village,Brooklyn,2024-03,2024-03-01,1538.0,53,29.0188679245283
BK1704,East Flatbush-Remsen Village,Brooklyn,2024-04,2024-04-01,1636.0,53,30.867924528301888
BK1704,East Flatbush-Remsen Village,Brooklyn,2024-05,2024-05-01,1928.0,53,36.37735849056604
BK1704,East Flatbush-Remsen Village,Brooklyn,2024-06,2024-06-01,1406.0,53,26.528301886792452
BK1704,East Flatbush-Remsen Village,Brooklyn,2024-07,2024-07-01,1334.0,53,25.169811320754718
BK1704,East Flatbush-Remsen Village,Brooklyn,2024-08,2024-08-01,1423.0,53,26.849056603773583
BK1704,East Flatbush-Remsen Village,Brooklyn,2024-09,2024-09-01,1775.0,53,33.490566037735846
BK1704,East Flatbush-Remsen Village,Brooklyn,2024-10,2024-10-01,1834.0,53,34.60377358490566
BK1704,East Flatbush-Remsen Village,Brooklyn,2024-11,2024-11-01,1657.0,53,31.264150943396228
BK1704,East Flatbush-Remsen Village,Brooklyn,2024-12,2024-12-01,1715.0,53,32.35849056603774
BK1704,East Flatbush-Remsen Village,Brooklyn,2025-01,2025-01-01,1489.0,53,28.09433962264151
BK1704,East Flatbush-Remsen Village,Brooklyn,2025-02,2025-02-01,1240.0,53,23.39622641509434
BK1704,East Flatbush-Remsen Village,Brooklyn,2025-03,2025-03-01,1558.0,53,29.39622641509434
BK1704,East Flatbush-Remsen Village,Brooklyn,2025-04,2025-04-01,1784.0,53,33.660377358490564
BK1704,East Flatbush-Remsen Village,Brooklyn,2025-05,2025-05-01,1973.0,53,37.22641509433962
BK1704,East Flatbush-Remsen Village,Brooklyn,2025-06,2025-06-01,1433.0,53,27.037735849056602
BK1704,East Flatbush-Remsen Village,Brooklyn,2025-07,2025-07-01,1376.0,53,25.962264150943398
BK1704,East Flatbush-Remsen Village,Brooklyn,2025-08,2025-08-01,1437.0,53,27.11320754716981
BK1704,East Flatbush-Remsen Village,Brooklyn,2025-09,2025-09-01,1716.0,53,32.37735849056604
BK1704,East Flatbush-Remsen Village,Brooklyn,2025-10,2025-10-01,1699.0,53,32.056603773584904
BK1704,East Flatbush-Remsen Village,Brooklyn,2025-11,2025-11-01,50.0,53,0.9433962264150944
BK1801,Flatlands,Brooklyn,2022-03,2022-03-01,1642.0,53,30.9811320754717
BK1801,Flatlands,Brooklyn,2022-04,2022-04-01,1540.0,53,29.056603773584907
BK1801,Flatlands,Brooklyn,2022-05,2022-05-01,2155.0,53,40.660377358490564
BK1801,Flatlands,Brooklyn,2022-06,2022-06-01,1508.0,53,28.452830188679247
BK1801,Flatlands,Brooklyn,2022-07,2022-07-01,1377.0,53,25.9811320754717
BK1801,Flatlands,Brooklyn,2022-08,2022-08-01,1308.0,53,24.67924528301887
BK1801,Flatlands,Brooklyn,2022-09,2022-09-01,1827.0,53,34.471698113207545
BK1801,Flatlands,Brooklyn,2022-10,2022-10-01,2066.0,53,38.9811320754717
BK1801,Flatlands,Brooklyn,2022-11,2022-11-01,1706.0,53,32.18867924528302
BK1801,Flatlands,Brooklyn,2022-12,2022-12-01,1329.0,53,25.07547169811321
BK1801,Flatlands,Brooklyn,2023-01,2023-01-01,1378.0,53,26.0
BK1801,Flatlands,Brooklyn,2023-02,2023-02-01,1594.0,53,30.07547169811321
BK1801,Flatlands,Brooklyn,2023-03,2023-03-01,1633.0,53,30.81132075471698
BK1801,Flatlands,Brooklyn,2023-04,2023-04-01,1914.0,53,36.113207547169814
BK1801,Flatlands,Brooklyn,2023-05,2023-05-01,1931.0,53,36.43396226415094
BK1801,Flatlands,Brooklyn,2023-06,2023-06-01,1760.0,53,33.20754716981132
BK1801,Flatlands,Brooklyn,2023-07,2023-07-01,1442.0,53,27.20754716981132
BK1801,Flatlands,Brooklyn,2023-08,2023-08-01,1449.0,53,27.339622641509433
BK1801,Flatlands,Brooklyn,2023-09,2023-09-01,1753.0,53,33.075471698113205
BK1801,Flatlands,Brooklyn,2023-10,2023-10-01,2030.0,53,38.301886792452834
BK1801,Flatlands,Brooklyn,2023-11,2023-11-01,1857.0,53,35.0377358490566
BK1801,Flatlands,Brooklyn,2023-12,2023-12-01,1815.0,53,34.24528301886792
BK1801,Flatlands,Brooklyn,2024-01,2024-01-01,1689.0,53,31.867924528301888
BK1801,Flatlands,Brooklyn,2024-02,2024-02-01,1461.0,53,27.566037735849058
BK1801,Flatlands,Brooklyn,2024-03,2024-03-01,1538.0,53,29.0188679245283
BK1801,Flatlands,Brooklyn,2024-04,2024-04-01,1636.0,53,30.867924528301888
BK1801,Flatlands,Brooklyn,2024-05,2024-05-01,1928.0,53,36.37735849056604
BK1801,Flatlands,Brooklyn,2024-06,2024-06-01,1406.0,53,26.528301886792452
BK1801,Flatlands,Brooklyn,2024-07,2024-07-01,1334.0,53,25.169811320754718
BK1801,Flatlands,Brooklyn,2024-08,2024-08-01,1423.0,53,26.849056603773583
BK1801,Flatlands,Brooklyn,2024-09,2024-09-01,1775.0,53,33.490566037735846
BK1801,Flatlands,Brooklyn,2024-10,2024-10-01,1834.0,53,34.60377358490566
BK1801,Flatlands,Brooklyn,2024-11,2024-11-01,1657.0,53,31.264150943396228
BK1801,Flatlands,Brooklyn,2024-12,2024-12-01,1715.0,53,32.35849056603774
BK1801,Flatlands,Brooklyn,2025-01,2025-01-01,1489.0,53,28.09433962264151
BK1801,Flatlands,Brooklyn,2025-02,2025-02-01,1240.0,53,23.39622641509434
BK1801,Flatlands,Brooklyn,2025-03,2025-03-01,1558.0,53,29.39622641509434
BK1801,Flatlands,Brooklyn,2025-04,2025-04-01,1784.0,53,33.660377358490564
BK1801,Flatlands,Brooklyn,2025-05,2025-05-01,1973.0,53,37.22641509433962
BK1801,Flatlands,Brooklyn,2025-06,2025-06-01,1433.0,53,27.037735849056602
BK1801,Flatlands,Brooklyn,2025-07,2025-07-01,1376.0,53,25.962264150943398
BK1801,Flatlands,Brooklyn,2025-08,2025-08-01,1437.0,53,27.11320754716981
BK1801,Flatlands,Brooklyn,2025-09,2025-09-01,1716.0,53,32.37735849056604
BK1801,Flatlands,Brooklyn,2025-10,2025-10-01,1699.0,53,32.056603773584904
BK1801,Flatlands,Brooklyn,2025-11,2025-11-01,50.0,53,0.9433962264150944
BK1802,Marine Park-Mill Basin-Bergen Beach,Brooklyn,2022-03,2022-03-01,1642.0,53,30.9811320754717
BK1802,Marine Park-Mill Basin-Bergen Beach,Brooklyn,2022-04,2022-04-01,1540.0,53,29.056603773584907
BK1802,Marine Park-Mill Basin-Bergen Beach,Brooklyn,2022-05,2022-05-01,2155.0,53,40.660377358490564
BK1802,Marine Park-Mill Basin-Bergen Beach,Brooklyn,2022-06,2022-06-01,1508.0,53,28.452830188679247
BK1802,Marine Park-Mill Basin-Bergen Beach,Brooklyn,2022-07,2022-07-01,1377.0,53,25.9811320754717
BK1802,Marine Park-Mill Basin-Bergen Beach,Brooklyn,2022-08,2022-08-01,1308.0,53,24.67924528301887
BK1802,Marine Park-Mill Basin-Bergen Beach,Brooklyn,2022-09,2022-09-01,1827.0,53,34.471698113207545
BK1802,Marine Park-Mill Basin-Bergen Beach,Brooklyn,2022-10,2022-10-01,2066.0,53,38.9811320754717
BK1802,Marine Park-Mill Basin-Bergen Beach,Brooklyn,2022-11,2022-11-01,1706.0,53,32.18867924528302
BK1802,Marine Park-Mill Basin-Bergen Beach,Brooklyn,2022-12,2022-12-01,1329.0,53,25.07547169811321
BK1802,Marine Park-Mill Basin-Bergen Beach,Brooklyn,2023-01,2023-01-01,1378.0,53,26.0
BK1802,Marine Park-Mill Basin-Bergen Beach,Brooklyn,2023-02,2023-02-01,1594.0,53,30.07547169811321
BK1802,Marine Park-Mill Basin-Bergen Beach,Brooklyn,2023-03,2023-03-01,1633.0,53,30.81132075471698
BK1802,Marine Park-Mill Basin-Bergen Beach,Brooklyn,2023-04,2023-04-01,1914.0,53,36.113207547169814
BK1802,Marine Park-Mill Basin-Bergen Beach,Brooklyn,2023-05,2023-05-01,1931.0,53,36.43396226415094
BK1802,Marine Park-Mill Basin-Bergen Beach,Brooklyn,2023-06,2023-06-01,1760.0,53,33.20754716981132
BK1802,Marine Park-Mill Basin-Bergen Beach,Brooklyn,2023-07,2023-07-01,1442.0,53,27.20754716981132
BK1802,Marine Park-Mill Basin-Bergen Beach,Brooklyn,2023-08,2023-08-01,1449.0,53,27.339622641509433
BK1802,Marine Park-Mill Basin-Bergen Beach,Brooklyn,2023-09,2023-09-01,1753.0,53,33.075471698113205
BK1802,Marine Park-Mill Basin-Bergen Beach,Brooklyn,2023-10,2023-10-01,2030.0,53,38.301886792452834
BK1802,Marine Park-Mill Basin-Bergen Beach,Brooklyn,2023-11,2023-11-01,1857.0,53,35.0377358490566
BK1802,Marine Park-Mill Basin-Bergen Beach,Brooklyn,2023-12,2023-12-01,1815.0,53,34.24528301886792
BK1802,Marine Park-Mill Basin-Bergen Beach,Brooklyn,2024-01,2024-01-01,1689.0,53,31.867924528301888
BK1802,Marine Park-Mill Basin-Bergen Beach,Brooklyn,2024-02,2024-02-01,1461.0,53,27.566037735849058
BK1802,Marine Park-Mill Basin-Bergen Beach,Brooklyn,2024-03,2024-03-01,1538.0,53,29.0188679245283
BK1802,Marine Park-Mill Basin-Bergen Beach,Brooklyn,2024-04,2024-04-01,1636.0,53,30.867924528301888
BK1802,Marine Park-Mill Basin-Bergen Beach,Brooklyn,2024-05,2024-05-01,1928.0,53,36.37735849056604
BK1802,Marine Park-Mill Basin-Bergen Beach,Brooklyn,2024-06,2024-06-01,1406.0,53,26.528301886792452
BK1802,Marine Park-Mill Basin-Bergen Beach,Brooklyn,2024-07,2024-07-01,1334.0,53,25.169811320754718
BK1802,Marine Park-Mill Basin-Bergen Beach,Brooklyn,2024-08,2024-08-01,1423.0,53,26.849056603773583
BK1802,Marine Park-Mill Basin-Bergen Beach,Brooklyn,2024-09,2024-09-01,1775.0,53,33.490566037735846
BK1802,Marine Park-Mill Basin-Bergen Beach,Brooklyn,2024-10,2024-10-01,1834.0,53,34.60377358490566
BK1802,Marine Park-Mill Basin-Bergen Beach,Brooklyn,2024-11,2024-11-01,1657.0,53,31.264150943396228
BK1802,Marine Park-Mill Basin-Bergen Beach,Brooklyn,2024-12,2024-12-01,1715.0,53,32.35849056603774
BK1802,Marine Park-Mill Basin-Bergen Beach,Brooklyn,2025-01,2025-01-01,1489.0,53,28.09433962264151
BK1802,Marine Park-Mill Basin-Bergen Beach,Brooklyn,2025-02,2025-02-01,1240.0,53,23.39622641509434
BK1802,Marine Park-Mill Basin-Bergen Beach,Brooklyn,2025-03,2025-03-01,1558.0,53,29.39622641509434
BK1802,Marine Park-Mill Basin-Bergen Beach,Brooklyn,2025-04,2025-04-01,1784.0,53,33.660377358490564
BK1802,Marine Park-Mill Basin-Bergen Beach,Brooklyn,2025-05,2025-05-01,1973.0,53,37.22641509433962
BK1802,Marine Park-Mill Basin-Bergen Beach,Brooklyn,2025-06,2025-06-01,1433.0,53,27.037735849056602
BK1802,Marine Park-Mill Basin-Bergen Beach,Brooklyn,2025-07,2025-07-01,1376.0,53,25.962264150943398
BK1802,Marine Park-Mill Basin-Bergen Beach,Brooklyn,2025-08,2025-08-01,1437.0,53,27.11320754716981
BK1802,Marine Park-Mill Basin-Bergen Beach,Brooklyn,2025-09,2025-09-01,1716.0,53,32.37735849056604
BK1802,Marine Park-Mill Basin-Bergen Beach,Brooklyn,2025-10,2025-10-01,1699.0,53,32.056603773584904
BK1802,Marine Park-Mill Basin-Bergen Beach,Brooklyn,2025-11,2025-11-01,50.0,53,0.9433962264150944
BK1803,Canarsie,Brooklyn,2022-03,2022-03-01,1642.0,53,30.9811320754717
BK1803,Canarsie,Brooklyn,2022-04,2022-04-01,1540.0,53,29.056603773584907
BK1803,Canarsie,Brooklyn,2022-05,2022-05-01,2155.0,53,40.660377358490564
BK1803,Canarsie,Brooklyn,2022-06,2022-06-01,1508.0,53,28.452830188679247
BK1803,Canarsie,Brooklyn,2022-07,2022-07-01,1377.0,53,25.9811320754717
BK1803,Canarsie,Brooklyn,2022-08,2022-08-01,1308.0,53,24.67924528301887
BK1803,Canarsie,Brooklyn,2022-09,2022-09-01,1827.0,53,34.471698113207545
BK1803,Canarsie,Brooklyn,2022-10,2022-10-01,2066.0,53,38.9811320754717
BK1803,Canarsie,Brooklyn,2022-11,2022-11-01,1706.0,53,32.18867924528302
BK1803,Canarsie,Brooklyn,2022-12,2022-12-01,1329.0,53,25.07547169811321
BK1803,Canarsie,Brooklyn,2023-01,2023-01-01,1378.0,53,26.0
BK1803,Canarsie,Brooklyn,2023-02,2023-02-01,1594.0,53,30.07547169811321
BK1803,Canarsie,Brooklyn,2023-03,2023-03-01,1633.0,53,30.81132075471698
BK1803,Canarsie,Brooklyn,2023-04,2023-04-01,1914.0,53,36.113207547169814
BK1803,Canarsie,Brooklyn,2023-05,2023-05-01,1931.0,53,36.43396226415094
BK1803,Canarsie,Brooklyn,2023-06,2023-06-01,1760.0,53,33.20754716981132
BK1803,Canarsie,Brooklyn,2023-07,2023-07-01,1442.0,53,27.20754716981132
BK1803,Canarsie,Brooklyn,2023-08,2023-08-01,1449.0,53,27.339622641509433
BK1803,Canarsie,Brooklyn,2023-09,2023-09-01,1753.0,53,33.075471698113205
BK1803,Canarsie,Brooklyn,2023-10,2023-10-01,2030.0,53,38.301886792452834
BK1803,Canarsie,Brooklyn,2023-11,2023-11-01,1857.0,53,35.0377358490566
BK1803,Canarsie,Brooklyn,2023-12,2023-12-01,1815.0,53,34.24528301886792
BK1803,Canarsie,Brooklyn,2024-01,2024-01-01,1689.0,53,31.867924528301888
BK1803,Canarsie,Brooklyn,2024-02,2024-02-01,1461.0,53,27.566037735849058
BK1803,Canarsie,Brooklyn,2024-03,2024-03-01,1538.0,53,29.0188679245283
BK1803,Canarsie,Brooklyn,2024-04,2024-04-01,1636.0,53,30.867924528301888
BK1803,Canarsie,Brooklyn,2024-05,2024-05-01,1928.0,53,36.37735849056604
BK1803,Canarsie,Brooklyn,2024-06,2024-06-01,1406.0,53,26.528301886792452
BK1803,Canarsie,Brooklyn,2024-07,2024-07-01,1334.0,53,25.169811320754718
BK1803,Canarsie,Brooklyn,2024-08,2024-08-01,1423.0,53,26.849056603773583
BK1803,Canarsie,Brooklyn,2024-09,2024-09-01,1775.0,53,33.490566037735846
BK1803,Canarsie,Brooklyn,2024-10,2024-10-01,1834.0,53,34.60377358490566
BK1803,Canarsie,Brooklyn,2024-11,2024-11-01,1657.0,53,31.264150943396228
BK1803,Canarsie,Brooklyn,2024-12,2024-12-01,1715.0,53,32.35849056603774
BK1803,Canarsie,Brooklyn,2025-01,2025-01-01,1489.0,53,28.09433962264151
BK1803,Canarsie,Brooklyn,2025-02,2025-02-01,1240.0,53,23.39622641509434
BK1803,Canarsie,Brooklyn,2025-03,2025-03-01,1558.0,53,29.39622641509434
BK1803,Canarsie,Brooklyn,2025-04,2025-04-01,1784.0,53,33.660377358490564
BK1803,Canarsie,Brooklyn,2025-05,2025-05-01,1973.0,53,37.22641509433962
BK1803,Canarsie,Brooklyn,2025-06,2025-06-01,1433.0,53,27.037735849056602
BK1803,Canarsie,Brooklyn,2025-07,2025-07-01,1376.0,53,25.962264150943398
BK1803,Canarsie,Brooklyn,2025-08,2025-08-01,1437.0,53,27.11320754716981
BK1803,Canarsie,Brooklyn,2025-09,2025-09-01,1716.0,53,32.37735849056604
BK1803,Canarsie,Brooklyn,2025-10,2025-10-01,1699.0,53,32.056603773584904
BK1803,Canarsie,Brooklyn,2025-11,2025-11-01,50.0,53,0.9433962264150944
BX0101,Mott Haven-Port Morris,Bronx,2022-03,2022-03-01,1406.0,37,38.0
BX0101,Mott Haven-Port Morris,Bronx,2022-04,2022-04-01,1290.0,37,34.86486486486486
BX0101,Mott Haven-Port Morris,Bronx,2022-05,2022-05-01,1789.0,37,48.351351351351354
BX0101,Mott Haven-Port Morris,Bronx,2022-06,2022-06-01,1309.0,37,35.37837837837838
BX0101,Mott Haven-Port Morris,Bronx,2022-07,2022-07-01,1060.0,37,28.64864864864865
BX0101,Mott Haven-Port Morris,Bronx,2022-08,2022-08-01,1153.0,37,31.16216216216216
BX0101,Mott Haven-Port Morris,Bronx,2022-09,2022-09-01,1672.0,37,45.189189189189186
BX0101,Mott Haven-Port Morris,Bronx,2022-10,2022-10-01,1910.0,37,51.62162162162162
BX0101,Mott Haven-Port Morris,Bronx,2022-11,2022-11-01,1729.0,37,46.729729729729726
BX0101,Mott Haven-Port Morris,Bronx,2022-12,2022-12-01,1476.0,37,39.891891891891895
BX0101,Mott Haven-Port Morris,Bronx,2023-01,2023-01-01,1491.0,37,40.2972972972973
BX0101,Mott Haven-Port Morris,Bronx,2023-02,2023-02-01,1464.0,37,39.567567567567565
BX0101,Mott Haven-Port Morris,Bronx,2023-03,2023-03-01,1657.0,37,44.78378378378378
BX0101,Mott Haven-Port Morris,Bronx,2023-04,2023-04-01,1622.0,37,43.83783783783784
BX0101,Mott Haven-Port Morris,Bronx,2023-05,2023-05-01,1721.0,37,46.513513513513516
BX0101,Mott Haven-Port Morris,Bronx,2023-06,2023-06-01,1479.0,37,39.972972972972975
BX0101,Mott Haven-Port Morris,Bronx,2023-07,2023-07-01,1212.0,37,32.75675675675676
BX0101,Mott Haven-Port Morris,Bronx,2023-08,2023-08-01,1134.0,37,30.64864864864865
BX0101,Mott Haven-Port Morris,Bronx,2023-09,2023-09-01,1473.0,37,39.810810810810814
BX0101,Mott Haven-Port Morris,Bronx,2023-10,2023-10-01,1733.0,37,46.83783783783784
BX0101,Mott Haven-Port Morris,Bronx,2023-11,2023-11-01,1720.0,37,46.486486486486484
BX0101,Mott Haven-Port Morris,Bronx,2023-12,2023-12-01,1469.0,37,39.7027027027027
BX0101,Mott Haven-Port Morris,Bronx,2024-01,2024-01-01,1413.0,37,38.189189189189186
BX0101,Mott Haven-Port Morris,Bronx,2024-02,2024-02-01,1226.0,37,33.13513513513514
BX0101,Mott Haven-Port Morris,Bronx,2024-03,2024-03-01,1359.0,37,36.729729729729726
BX0101,Mott Haven-Port Morris,Bronx,2024-04,2024-04-01,1371.0,37,37.054054054054056
BX0101,Mott Haven-Port Morris,Bronx,2024-05,2024-05-01,1732.0,37,46.810810810810814
BX0101,Mott Haven-Port Morris,Bronx,2024-06,2024-06-01,1182.0,37,31.945945945945947
BX0101,Mott Haven-Port Morris,Bronx,2024-07,2024-07-01,1172.0,37,31.675675675675677
BX0101,Mott Haven-Port Morris,Bronx,2024-08,2024-08-01,1190.0,37,32.16216216216216
BX0101,Mott Haven-Port Morris,Bronx,2024-09,2024-09-01,1734.0,37,46.86486486486486
BX0101,Mott Haven-Port Morris,Bronx,2024-10,2024-10-01,1859.0,37,50.24324324324324
BX0101,Mott Haven-Port Morris,Bronx,2024-11,2024-11-01,1678.0,37,45.351351351351354
BX0101,Mott Haven-Port Morris,Bronx,2024-12,2024-12-01,1611.0,37,43.54054054054054
BX0101,Mott Haven-Port Morris,Bronx,2025-01,2025-01-01,1430.0,37,38.648648648648646
BX0101,Mott Haven-Port Morris,Bronx,2025-02,2025-02-01,1161.0,37,31.37837837837838
BX0101,Mott Haven-Port Morris,Bronx,2025-03,2025-03-01,1419.0,37,38.351351351351354
BX0101,Mott Haven-Port Morris,Bronx,2025-04,2025-04-01,1577.0,37,42.62162162162162
BX0101,Mott Haven-Port Morris,Bronx,2025-05,2025-05-01,1711.0,37,46.24324324324324
BX0101,Mott Haven-Port Morris,Bronx,2025-06,2025-06-01,1244.0,37,33.62162162162162
BX0101,Mott Haven-Port Morris,Bronx,2025-07,2025-07-01,1061.0,37,28.675675675675677
BX0101,Mott Haven-Port Morris,Bronx,2025-08,2025-08-01,1126.0,37,30.43243243243243
BX0101,Mott Haven-Port Morris,Bronx,2025-09,2025-09-01,1545.0,37,41.75675675675676
BX0101,Mott Haven-Port Morris,Bronx,2025-10,2025-10-01,1571.0,37,42.45945945945946
BX0101,Mott Haven-Port Morris,Bronx,2025-11,2025-11-01,56.0,37,1.5135135135135136
BX0102,Melrose,Bronx,2022-03,2022-03-01,1406.0,37,38.0
BX0102,Melrose,Bronx,2022-04,2022-04-01,1290.0,37,34.86486486486486
BX0102,Melrose,Bronx,2022-05,2022-05-01,1789.0,37,48.351351351351354
BX0102,Melrose,Bronx,2022-06,2022-06-01,1309.0,37,35.37837837837838
BX0102,Melrose,Bronx,2022-07,2022-07-01,1060.0,37,28.64864864864865
BX0102,Melrose,Bronx,2022-08,2022-08-01,1153.0,37,31.16216216216216
BX0102,Melrose,Bronx,2022-09,2022-09-01,1672.0,37,45.189189189189186
BX0102,Melrose,Bronx,2022-10,2022-10-01,1910.0,37,51.62162162162162
BX0102,Melrose,Bronx,2022-11,2022-11-01,1729.0,37,46.729729729729726
BX0102,Melrose,Bronx,2022-12,2022-12-01,1476.0,37,39.891891891891895
BX0102,Melrose,Bronx,2023-01,2023-01-01,1491.0,37,40.2972972972973
BX0102,Melrose,Bronx,2023-02,2023-02-01,1464.0,37,39.567567567567565
BX0102,Melrose,Bronx,2023-03,2023-03-01,1657.0,37,44.78378378378378
BX0102,Melrose,Bronx,2023-04,2023-04-01,1622.0,37,43.83783783783784
BX0102,Melrose,Bronx,2023-05,2023-05-01,1721.0,37,46.513513513513516
BX0102,Melrose,Bronx,2023-06,2023-06-01,1479.0,37,39.972972972972975
BX0102,Melrose,Bronx,2023-07,2023-07-01,1212.0,37,32.75675675675676
BX0102,Melrose,Bronx,2023-08,2023-08-01,1134.0,37,30.64864864864865
BX0102,Melrose,Bronx,2023-09,2023-09-01,1473.0,37,39.810810810810814
BX0102,Melrose,Bronx,2023-10,2023-10-01,1733.0,37,46.83783783783784
BX0102,Melrose,Bronx,2023-11,2023-11-01,1720.0,37,46.486486486486484
BX0102,Melrose,Bronx,2023-12,2023-12-01,1469.0,37,39.7027027027027
BX0102,Melrose,Bronx,2024-01,2024-01-01,1413.0,37,38.189189189189186
BX0102,Melrose,Bronx,2024-02,2024-02-01,1226.0,37,33.13513513513514
BX0102,Melrose,Bronx,2024-03,2024-03-01,1359.0,37,36.729729729729726
BX0102,Melrose,Bronx,2024-04,2024-04-01,1371.0,37,37.054054054054056
BX0102,Melrose,Bronx,2024-05,2024-05-01,1732.0,37,46.810810810810814
BX0102,Melrose,Bronx,2024-06,2024-06-01,1182.0,37,31.945945945945947
BX0102,Melrose,Bronx,2024-07,2024-07-01,1172.0,37,31.675675675675677
BX0102,Melrose,Bronx,2024-08,2024-08-01,1190.0,37,32.16216216216216
BX0102,Melrose,Bronx,2024-09,2024-09-01,1734.0,37,46.86486486486486
BX0102,Melrose,Bronx,2024-10,2024-10-01,1859.0,37,50.24324324324324
BX0102,Melrose,Bronx,2024-11,2024-11-01,1678.0,37,45.351351351351354
BX0102,Melrose,Bronx,2024-12,2024-12-01,1611.0,37,43.54054054054054
BX0102,Melrose,Bronx,2025-01,2025-01-01,1430.0,37,38.648648648648646
BX0102,Melrose,Bronx,2025-02,2025-02-01,1161.0,37,31.37837837837838
BX0102,Melrose,Bronx,2025-03,2025-03-01,1419.0,37,38.351351351351354
BX0102,Melrose,Bronx,2025-04,2025-04-01,1577.0,37,42.62162162162162
BX0102,Melrose,Bronx,2025-05,2025-05-01,1711.0,37,46.24324324324324
BX0102,Melrose,Bronx,2025-06,2025-06-01,1244.0,37,33.62162162162162
BX0102,Melrose,Bronx,2025-07,2025-07-01,1061.0,37,28.675675675675677
BX0102,Melrose,Bronx,2025-08,2025-08-01,1126.0,37,30.43243243243243
BX0102,Melrose,Bronx,2025-09,2025-09-01,1545.0,37,41.75675675675676
BX0102,Melrose,Bronx,2025-10,2025-10-01,1571.0,37,42.45945945945946
BX0102,Melrose,Bronx,2025-11,2025-11-01,56.0,37,1.5135135135135136
BX0201,Hunts Point,Bronx,2022-03,2022-03-01,1406.0,37,38.0
BX0201,Hunts Point,Bronx,2022-04,2022-04-01,1290.0,37,34.86486486486486
BX0201,Hunts Point,Bronx,2022-05,2022-05-01,1789.0,37,48.351351351351354
BX0201,Hunts Point,Bronx,2022-06,2022-06-01,1309.0,37,35.37837837837838
BX0201,Hunts Point,Bronx,2022-07,2022-07-01,1060.0,37,28.64864864864865
BX0201,Hunts Point,Bronx,2022-08,2022-08-01,1153.0,37,31.16216216216216
BX0201,Hunts Point,Bronx,2022-09,2022-09-01,1672.0,37,45.189189189189186
BX0201,Hunts Point,Bronx,2022-10,2022-10-01,1910.0,37,51.62162162162162
BX0201,Hunts Point,Bronx,2022-11,2022-11-01,1729.0,37,46.729729729729726
BX0201,Hunts Point,Bronx,2022-12,2022-12-01,1476.0,37,39.891891891891895
BX0201,Hunts Point,Bronx,2023-01,2023-01-01,1491.0,37,40.2972972972973
BX0201,Hunts Point,Bronx,2023-02,2023-02-01,1464.0,37,39.567567567567565
BX0201,Hunts Point,Bronx,2023-03,2023-03-01,1657.0,37,44.78378378378378
BX0201,Hunts Point,Bronx,2023-04,2023-04-01,1622.0,37,43.83783783783784
BX0201,Hunts Point,Bronx,2023-05,2023-05-01,1721.0,37,46.513513513513516
BX0201,Hunts Point,Bronx,2023-06,2023-06-01,1479.0,37,39.972972972972975
BX0201,Hunts Point,Bronx,2023-07,2023-07-01,1212.0,37,32.75675675675676
BX0201,Hunts Point,Bronx,2023-08,2023-08-01,1134.0,37,30.64864864864865
BX0201,Hunts Point,Bronx,2023-09,2023-09-01,1473.0,37,39.810810810810814
BX0201,Hunts Point,Bronx,2023-10,2023-10-01,1733.0,37,46.83783783783784
BX0201,Hunts Point,Bronx,2023-11,2023-11-01,1720.0,37,46.486486486486484
BX0201,Hunts Point,Bronx,2023-12,2023-12-01,1469.0,37,39.7027027027027
BX0201,Hunts Point,Bronx,2024-01,2024-01-01,1413.0,37,38.189189189189186
BX0201,Hunts Point,Bronx,2024-02,2024-02-01,1226.0,37,33.13513513513514
BX0201,Hunts Point,Bronx,2024-03,2024-03-01,1359.0,37,36.729729729729726
BX0201,Hunts Point,Bronx,2024-04,2024-04-01,1371.0,37,37.054054054054056
BX0201,Hunts Point,Bronx,2024-05,2024-05-01,1732.0,37,46.810810810810814
BX0201,Hunts Point,Bronx,2024-06,2024-06-01,1182.0,37,31.945945945945947
BX0201,Hunts Point,Bronx,2024-07,2024-07-01,1172.0,37,31.675675675675677
BX0201,Hunts Point,Bronx,2024-08,2024-08-01,1190.0,37,32.16216216216216
BX0201,Hunts Point,Bronx,2024-09,2024-09-01,1734.0,37,46.86486486486486
BX0201,Hunts Point,Bronx,2024-10,2024-10-01,1859.0,37,50.24324324324324
BX0201,Hunts Point,Bronx,2024-11,2024-11-01,1678.0,37,45.351351351351354
BX0201,Hunts Point,Bronx,2024-12,2024-12-01,1611.0,37,43.54054054054054
BX0201,Hunts Point,Bronx,2025-01,2025-01-01,1430.0,37,38.648648648648646
BX0201,Hunts Point,Bronx,2025-02,2025-02-01,1161.0,37,31.37837837837838
BX0201,Hunts Point,Bronx,2025-03,2025-03-01,1419.0,37,38.351351351351354
BX0201,Hunts Point,Bronx,2025-04,2025-04-01,1577.0,37,42.62162162162162
BX0201,Hunts Point,Bronx,2025-05,2025-05-01,1711.0,37,46.24324324324324
BX0201,Hunts Point,Bronx,2025-06,2025-06-01,1244.0,37,33.62162162162162
BX0201,Hunts Point,Bronx,2025-07,2025-07-01,1061.0,37,28.675675675675677
BX0201,Hunts Point,Bronx,2025-08,2025-08-01,1126.0,37,30.43243243243243
BX0201,Hunts Point,Bronx,2025-09,2025-09-01,1545.0,37,41.75675675675676
BX0201,Hunts Point,Bronx,2025-10,2025-10-01,1571.0,37,42.45945945945946
BX0201,Hunts Point,Bronx,2025-11,2025-11-01,56.0,37,1.5135135135135136
BX0202,Longwood,Bronx,2022-03,2022-03-01,1406.0,37,38.0
BX0202,Longwood,Bronx,2022-04,2022-04-01,1290.0,37,34.86486486486486
BX0202,Longwood,Bronx,2022-05,2022-05-01,1789.0,37,48.351351351351354
BX0202,Longwood,Bronx,2022-06,2022-06-01,1309.0,37,35.37837837837838
BX0202,Longwood,Bronx,2022-07,2022-07-01,1060.0,37,28.64864864864865
BX0202,Longwood,Bronx,2022-08,2022-08-01,1153.0,37,31.16216216216216
BX0202,Longwood,Bronx,2022-09,2022-09-01,1672.0,37,45.189189189189186
BX0202,Longwood,Bronx,2022-10,2022-10-01,1910.0,37,51.62162162162162
BX0202,Longwood,Bronx,2022-11,2022-11-01,1729.0,37,46.729729729729726
BX0202,Longwood,Bronx,2022-12,2022-12-01,1476.0,37,39.891891891891895
BX0202,Longwood,Bronx,2023-01,2023-01-01,1491.0,37,40.2972972972973
BX0202,Longwood,Bronx,2023-02,2023-02-01,1464.0,37,39.567567567567565
BX0202,Longwood,Bronx,2023-03,2023-03-01,1657.0,37,44.78378378378378
BX0202,Longwood,Bronx,2023-04,2023-04-01,1622.0,37,43.83783783783784
BX0202,Longwood,Bronx,2023-05,2023-05-01,1721.0,37,46.513513513513516
BX0202,Longwood,Bronx,2023-06,2023-06-01,1479.0,37,39.972972972972975
BX0202,Longwood,Bronx,2023-07,2023-07-01,1212.0,37,32.75675675675676
BX0202,Longwood,Bronx,2023-08,2023-08-01,1134.0,37,30.64864864864865
BX0202,Longwood,Bronx,2023-09,2023-09-01,1473.0,37,39.810810810810814
BX0202,Longwood,Bronx,2023-10,2023-10-01,1733.0,37,46.83783783783784
BX0202,Longwood,Bronx,2023-11,2023-11-01,1720.0,37,46.486486486486484
BX0202,Longwood,Bronx,2023-12,2023-12-01,1469.0,37,39.7027027027027
BX0202,Longwood,Bronx,2024-01,2024-01-01,1413.0,37,38.189189189189186
BX0202,Longwood,Bronx,2024-02,2024-02-01,1226.0,37,33.13513513513514
BX0202,Longwood,Bronx,2024-03,2024-03-01,1359.0,37,36.729729729729726
BX0202,Longwood,Bronx,2024-04,2024-04-01,1371.0,37,37.054054054054056
BX0202,Longwood,Bronx,2024-05,2024-05-01,1732.0,37,46.810810810810814
BX0202,Longwood,Bronx,2024-06,2024-06-01,1182.0,37,31.945945945945947
BX0202,Longwood,Bronx,2024-07,2024-07-01,1172.0,37,31.675675675675677
BX0202,Longwood,Bronx,2024-08,2024-08-01,1190.0,37,32.16216216216216
BX0202,Longwood,Bronx,2024-09,2024-09-01,1734.0,37,46.86486486486486
BX0202,Longwood,Bronx,2024-10,2024-10-01,1859.0,37,50.24324324324324
BX0202,Longwood,Bronx,2024-11,2024-11-01,1678.0,37,45.351351351351354
BX0202,Longwood,Bronx,2024-12,2024-12-01,1611.0,37,43.54054054054054
BX0202,Longwood,Bronx,2025-01,2025-01-01,1430.0,37,38.648648648648646
BX0202,Longwood,Bronx,2025-02,2025-02-01,1161.0,37,31.37837837837838
BX0202,Longwood,Bronx,2025-03,2025-03-01,1419.0,37,38.351351351351354
BX0202,Longwood,Bronx,2025-04,2025-04-01,1577.0,37,42.62162162162162
BX0202,Longwood,Bronx,2025-05,2025-05-01,1711.0,37,46.24324324324324
BX0202,Longwood,Bronx,2025-06,2025-06-01,1244.0,37,33.62162162162162
BX0202,Longwood,Bronx,2025-07,2025-07-01,1061.0,37,28.675675675675677
BX0202,Longwood,Bronx,2025-08,2025-08-01,1126.0,37,30.43243243243243
BX0202,Longwood,Bronx,2025-09,2025-09-01,1545.0,37,41.75675675675676
BX0202,Longwood,Bronx,2025-10,2025-10-01,1571.0,37,42.45945945945946
BX0202,Longwood,Bronx,2025-11,2025-11-01,56.0,37,1.5135135135135136
BX0301,Morrisania,Bronx,2022-03,2022-03-01,1406.0,37,38.0
BX0301,Morrisania,Bronx,2022-04,2022-04-01,1290.0,37,34.86486486486486
BX0301,Morrisania,Bronx,2022-05,2022-05-01,1789.0,37,48.351351351351354
BX0301,Morrisania,Bronx,2022-06,2022-06-01,1309.0,37,35.37837837837838
BX0301,Morrisania,Bronx,2022-07,2022-07-01,1060.0,37,28.64864864864865
BX0301,Morrisania,Bronx,2022-08,2022-08-01,1153.0,37,31.16216216216216
BX0301,Morrisania,Bronx,2022-09,2022-09-01,1672.0,37,45.189189189189186
BX0301,Morrisania,Bronx,2022-10,2022-10-01,1910.0,37,51.62162162162162
BX0301,Morrisania,Bronx,2022-11,2022-11-01,1729.0,37,46.729729729729726
BX0301,Morrisania,Bronx,2022-12,2022-12-01,1476.0,37,39.891891891891895
BX0301,Morrisania,Bronx,2023-01,2023-01-01,1491.0,37,40.2972972972973
BX0301,Morrisania,Bronx,2023-02,2023-02-01,1464.0,37,39.567567567567565
BX0301,Morrisania,Bronx,2023-03,2023-03-01,1657.0,37,44.78378378378378
BX0301,Morrisania,Bronx,2023-04,2023-04-01,1622.0,37,43.83783783783784
BX0301,Morrisania,Bronx,2023-05,2023-05-01,1721.0,37,46.513513513513516
BX0301,Morrisania,Bronx,2023-06,2023-06-01,1479.0,37,39.972972972972975
BX0301,Morrisania,Bronx,2023-07,2023-07-01,1212.0,37,32.75675675675676
BX0301,Morrisania,Bronx,2023-08,2023-08-01,1134.0,37,30.64864864864865
BX0301,Morrisania,Bronx,2023-09,2023-09-01,1473.0,37,39.810810810810814
BX0301,Morrisania,Bronx,2023-10,2023-10-01,1733.0,37,46.83783783783784
BX0301,Morrisania,Bronx,2023-11,2023-11-01,1720.0,37,46.486486486486484
BX0301,Morrisania,Bronx,2023-12,2023-12-01,1469.0,37,39.7027027027027
BX0301,Morrisania,Bronx,2024-01,2024-01-01,1413.0,37,38.189189189189186
BX0301,Morrisania,Bronx,2024-02,2024-02-01,1226.0,37,33.13513513513514
BX0301,Morrisania,Bronx,2024-03,2024-03-01,1359.0,37,36.729729729729726
BX0301,Morrisania,Bronx,2024-04,2024-04-01,1371.0,37,37.054054054054056
BX0301,Morrisania,Bronx,2024-05,2024-05-01,1732.0,37,46.810810810810814
BX0301,Morrisania,Bronx,2024-06,2024-06-01,1182.0,37,31.945945945945947
BX0301,Morrisania,Bronx,2024-07,2024-07-01,1172.0,37,31.675675675675677
BX0301,Morrisania,Bronx,2024-08,2024-08-01,1190.0,37,32.16216216216216
BX0301,Morrisania,Bronx,2024-09,2024-09-01,1734.0,37,46.86486486486486
BX0301,Morrisania,Bronx,2024-10,2024-10-01,1859.0,37,50.24324324324324
BX0301,Morrisania,Bronx,2024-11,2024-11-01,1678.0,37,45.351351351351354
BX0301,Morrisania,Bronx,2024-12,2024-12-01,1611.0,37,43.54054054054054
BX0301,Morrisania,Bronx,2025-01,2025-01-01,1430.0,37,38.648648648648646
BX0301,Morrisania,Bronx,2025-02,2025-02-01,1161.0,37,31.37837837837838
BX0301,Morrisania,Bronx,2025-03,2025-03-01,1419.0,37,38.351351351351354
BX0301,Morrisania,Bronx,2025-04,2025-04-01,1577.0,37,42.62162162162162
BX0301,Morrisania,Bronx,2025-05,2025-05-01,1711.0,37,46.24324324324324
BX0301,Morrisania,Bronx,2025-06,2025-06-01,1244.0,37,33.62162162162162
BX0301,Morrisania,Bronx,2025-07,2025-07-01,1061.0,37,28.675675675675677
BX0301,Morrisania,Bronx,2025-08,2025-08-01,1126.0,37,30.43243243243243
BX0301,Morrisania,Bronx,2025-09,2025-09-01,1545.0,37,41.75675675675676
BX0301,Morrisania,Bronx,2025-10,2025-10-01,1571.0,37,42.45945945945946
BX0301,Morrisania,Bronx,2025-11,2025-11-01,56.0,37,1.5135135135135136
BX0302,Claremont Village-Claremont (East),Bronx,2022-03,2022-03-01,1406.0,37,38.0
BX0302,Claremont Village-Claremont (East),Bronx,2022-04,2022-04-01,1290.0,37,34.86486486486486
BX0302,Claremont Village-Claremont (East),Bronx,2022-05,2022-05-01,1789.0,37,48.351351351351354
BX0302,Claremont Village-Claremont (East),Bronx,2022-06,2022-06-01,1309.0,37,35.37837837837838
BX0302,Claremont Village-Claremont (East),Bronx,2022-07,2022-07-01,1060.0,37,28.64864864864865
BX0302,Claremont Village-Claremont (East),Bronx,2022-08,2022-08-01,1153.0,37,31.16216216216216
BX0302,Claremont Village-Claremont (East),Bronx,2022-09,2022-09-01,1672.0,37,45.189189189189186
BX0302,Claremont Village-Claremont (East),Bronx,2022-10,2022-10-01,1910.0,37,51.62162162162162
BX0302,Claremont Village-Claremont (East),Bronx,2022-11,2022-11-01,1729.0,37,46.729729729729726
BX0302,Claremont Village-Claremont (East),Bronx,2022-12,2022-12-01,1476.0,37,39.891891891891895
BX0302,Claremont Village-Claremont (East),Bronx,2023-01,2023-01-01,1491.0,37,40.2972972972973
BX0302,Claremont Village-Claremont (East),Bronx,2023-02,2023-02-01,1464.0,37,39.567567567567565
BX0302,Claremont Village-Claremont (East),Bronx,2023-03,2023-03-01,1657.0,37,44.78378378378378
BX0302,Claremont Village-Claremont (East),Bronx,2023-04,2023-04-01,1622.0,37,43.83783783783784
BX0302,Claremont Village-Claremont (East),Bronx,2023-05,2023-05-01,1721.0,37,46.513513513513516
BX0302,Claremont Village-Claremont (East),Bronx,2023-06,2023-06-01,1479.0,37,39.972972972972975
BX0302,Claremont Village-Claremont (East),Bronx,2023-07,2023-07-01,1212.0,37,32.75675675675676
BX0302,Claremont Village-Claremont (East),Bronx,2023-08,2023-08-01,1134.0,37,30.64864864864865
BX0302,Claremont Village-Claremont (East),Bronx,2023-09,2023-09-01,1473.0,37,39.810810810810814
BX0302,Claremont Village-Claremont (East),Bronx,2023-10,2023-10-01,1733.0,37,46.83783783783784
BX0302,Claremont Village-Claremont (East),Bronx,2023-11,2023-11-01,1720.0,37,46.486486486486484
BX0302,Claremont Village-Claremont (East),Bronx,2023-12,2023-12-01,1469.0,37,39.7027027027027
BX0302,Claremont Village-Claremont (East),Bronx,2024-01,2024-01-01,1413.0,37,38.189189189189186
BX0302,Claremont Village-Claremont (East),Bronx,2024-02,2024-02-01,1226.0,37,33.13513513513514
BX0302,Claremont Village-Claremont (East),Bronx,2024-03,2024-03-01,1359.0,37,36.729729729729726
BX0302,Claremont Village-Claremont (East),Bronx,2024-04,2024-04-01,1371.0,37,37.054054054054056
BX0302,Claremont Village-Claremont (East),Bronx,2024-05,2024-05-01,1732.0,37,46.810810810810814
BX0302,Claremont Village-Claremont (East),Bronx,2024-06,2024-06-01,1182.0,37,31.945945945945947
BX0302,Claremont Village-Claremont (East),Bronx,2024-07,2024-07-01,1172.0,37,31.675675675675677
BX0302,Claremont Village-Claremont (East),Bronx,2024-08,2024-08-01,1190.0,37,32.16216216216216
BX0302,Claremont Village-Claremont (East),Bronx,2024-09,2024-09-01,1734.0,37,46.86486486486486
BX0302,Claremont Village-Claremont (East),Bronx,2024-10,2024-10-01,1859.0,37,50.24324324324324
BX0302,Claremont Village-Claremont (East),Bronx,2024-11,2024-11-01,1678.0,37,45.351351351351354
BX0302,Claremont Village-Claremont (East),Bronx,2024-12,2024-12-01,1611.0,37,43.54054054054054
BX0302,Claremont Village-Claremont (East),Bronx,2025-01,2025-01-01,1430.0,37,38.648648648648646
BX0302,Claremont Village-Claremont (East),Bronx,2025-02,2025-02-01,1161.0,37,31.37837837837838
BX0302,Claremont Village-Claremont (East),Bronx,2025-03,2025-03-01,1419.0,37,38.351351351351354
BX0302,Claremont Village-Claremont (East),Bronx,2025-04,2025-04-01,1577.0,37,42.62162162162162
BX0302,Claremont Village-Claremont (East),Bronx,2025-05,2025-05-01,1711.0,37,46.24324324324324
BX0302,Claremont Village-Claremont (East),Bronx,2025-06,2025-06-01,1244.0,37,33.62162162162162
BX0302,Claremont Village-Claremont (East),Bronx,2025-07,2025-07-01,1061.0,37,28.675675675675677
BX0302,Claremont Village-Claremont (East),Bronx,2025-08,2025-08-01,1126.0,37,30.43243243243243
BX0302,Claremont Village-Claremont (East),Bronx,2025-09,2025-09-01,1545.0,37,41.75675675675676
BX0302,Claremont Village-Claremont (East),Bronx,2025-10,2025-10-01,1571.0,37,42.45945945945946
BX0302,Claremont Village-Claremont (East),Bronx,2025-11,2025-11-01,56.0,37,1.5135135135135136
BX0303,Crotona Park East,Bronx,2022-03,2022-03-01,1406.0,37,38.0
BX0303,Crotona Park East,Bronx,2022-04,2022-04-01,1290.0,37,34.86486486486486
BX0303,Crotona Park East,Bronx,2022-05,2022-05-01,1789.0,37,48.351351351351354
BX0303,Crotona Park East,Bronx,2022-06,2022-06-01,1309.0,37,35.37837837837838
BX0303,Crotona Park East,Bronx,2022-07,2022-07-01,1060.0,37,28.64864864864865
BX0303,Crotona Park East,Bronx,2022-08,2022-08-01,1153.0,37,31.16216216216216
BX0303,Crotona Park East,Bronx,2022-09,2022-09-01,1672.0,37,45.189189189189186
BX0303,Crotona Park East,Bronx,2022-10,2022-10-01,1910.0,37,51.62162162162162
BX0303,Crotona Park East,Bronx,2022-11,2022-11-01,1729.0,37,46.729729729729726
BX0303,Crotona Park East,Bronx,2022-12,2022-12-01,1476.0,37,39.891891891891895
BX0303,Crotona Park East,Bronx,2023-01,2023-01-01,1491.0,37,40.2972972972973
BX0303,Crotona Park East,Bronx,2023-02,2023-02-01,1464.0,37,39.567567567567565
BX0303,Crotona Park East,Bronx,2023-03,2023-03-01,1657.0,37,44.78378378378378
BX0303,Crotona Park East,Bronx,2023-04,2023-04-01,1622.0,37,43.83783783783784
BX0303,Crotona Park East,Bronx,2023-05,2023-05-01,1721.0,37,46.513513513513516
BX0303,Crotona Park East,Bronx,2023-06,2023-06-01,1479.0,37,39.972972972972975
BX0303,Crotona Park East,Bronx,2023-07,2023-07-01,1212.0,37,32.75675675675676
BX0303,Crotona Park East,Bronx,2023-08,2023-08-01,1134.0,37,30.64864864864865
BX0303,Crotona Park East,Bronx,2023-09,2023-09-01,1473.0,37,39.810810810810814
BX0303,Crotona Park East,Bronx,2023-10,2023-10-01,1733.0,37,46.83783783783784
BX0303,Crotona Park East,Bronx,2023-11,2023-11-01,1720.0,37,46.486486486486484
BX0303,Crotona Park East,Bronx,2023-12,2023-12-01,1469.0,37,39.7027027027027
BX0303,Crotona Park East,Bronx,2024-01,2024-01-01,1413.0,37,38.189189189189186
BX0303,Crotona Park East,Bronx,2024-02,2024-02-01,1226.0,37,33.13513513513514
BX0303,Crotona Park East,Bronx,2024-03,2024-03-01,1359.0,37,36.729729729729726
BX0303,Crotona Park East,Bronx,2024-04,2024-04-01,1371.0,37,37.054054054054056
BX0303,Crotona Park East,Bronx,2024-05,2024-05-01,1732.0,37,46.810810810810814
BX0303,Crotona Park East,Bronx,2024-06,2024-06-01,1182.0,37,31.945945945945947
BX0303,Crotona Park East,Bronx,2024-07,2024-07-01,1172.0,37,31.675675675675677
BX0303,Crotona Park East,Bronx,2024-08,2024-08-01,1190.0,37,32.16216216216216
BX0303,Crotona Park East,Bronx,2024-09,2024-09-01,1734.0,37,46.86486486486486
BX0303,Crotona Park East,Bronx,2024-10,2024-10-01,1859.0,37,50.24324324324324
BX0303,Crotona Park East,Bronx,2024-11,2024-11-01,1678.0,37,45.351351351351354
BX0303,Crotona Park East,Bronx,2024-12,2024-12-01,1611.0,37,43.54054054054054
BX0303,Crotona Park East,Bronx,2025-01,2025-01-01,1430.0,37,38.648648648648646
BX0303,Crotona Park East,Bronx,2025-02,2025-02-01,1161.0,37,31.37837837837838
BX0303,Crotona Park East,Bronx,2025-03,2025-03-01,1419.0,37,38.351351351351354
BX0303,Crotona Park East,Bronx,2025-04,2025-04-01,1577.0,37,42.62162162162162
BX0303,Crotona Park East,Bronx,2025-05,2025-05-01,1711.0,37,46.24324324324324
BX0303,Crotona Park East,Bronx,2025-06,2025-06-01,1244.0,37,33.62162162162162
BX0303,Crotona Park East,Bronx,2025-07,2025-07-01,1061.0,37,28.675675675675677
BX0303,Crotona Park East,Bronx,2025-08,2025-08-01,1126.0,37,30.43243243243243
BX0303,Crotona Park East,Bronx,2025-09,2025-09-01,1545.0,37,41.75675675675676
BX0303,Crotona Park East,Bronx,2025-10,2025-10-01,1571.0,37,42.45945945945946
BX0303,Crotona Park East,Bronx,2025-11,2025-11-01,56.0,37,1.5135135135135136
BX0401,Concourse-Concourse Village,Bronx,2022-03,2022-03-01,1406.0,37,38.0
BX0401,Concourse-Concourse Village,Bronx,2022-04,2022-04-01,1290.0,37,34.86486486486486
BX0401,Concourse-Concourse Village,Bronx,2022-05,2022-05-01,1789.0,37,48.351351351351354
BX0401,Concourse-Concourse Village,Bronx,2022-06,2022-06-01,1309.0,37,35.37837837837838
BX0401,Concourse-Concourse Village,Bronx,2022-07,2022-07-01,1060.0,37,28.64864864864865
BX0401,Concourse-Concourse Village,Bronx,2022-08,2022-08-01,1153.0,37,31.16216216216216
BX0401,Concourse-Concourse Village,Bronx,2022-09,2022-09-01,1672.0,37,45.189189189189186
BX0401,Concourse-Concourse Village,Bronx,2022-10,2022-10-01,1910.0,37,51.62162162162162
BX0401,Concourse-Concourse Village,Bronx,2022-11,2022-11-01,1729.0,37,46.729729729729726
BX0401,Concourse-Concourse Village,Bronx,2022-12,2022-12-01,1476.0,37,39.891891891891895
BX0401,Concourse-Concourse Village,Bronx,2023-01,2023-01-01,1491.0,37,40.2972972972973
BX0401,Concourse-Concourse Village,Bronx,2023-02,2023-02-01,1464.0,37,39.567567567567565
BX0401,Concourse-Concourse Village,Bronx,2023-03,2023-03-01,1657.0,37,44.78378378378378
BX0401,Concourse-Concourse Village,Bronx,2023-04,2023-04-01,1622.0,37,43.83783783783784
BX0401,Concourse-Concourse Village,Bronx,2023-05,2023-05-01,1721.0,37,46.513513513513516
BX0401,Concourse-Concourse Village,Bronx,2023-06,2023-06-01,1479.0,37,39.972972972972975
BX0401,Concourse-Concourse Village,Bronx,2023-07,2023-07-01,1212.0,37,32.75675675675676
BX0401,Concourse-Concourse Village,Bronx,2023-08,2023-08-01,1134.0,37,30.64864864864865
BX0401,Concourse-Concourse Village,Bronx,2023-09,2023-09-01,1473.0,37,39.810810810810814
BX0401,Concourse-Concourse Village,Bronx,2023-10,2023-10-01,1733.0,37,46.83783783783784
BX0401,Concourse-Concourse Village,Bronx,2023-11,2023-11-01,1720.0,37,46.486486486486484
BX0401,Concourse-Concourse Village,Bronx,2023-12,2023-12-01,1469.0,37,39.7027027027027
BX0401,Concourse-Concourse Village,Bronx,2024-01,2024-01-01,1413.0,37,38.189189189189186
BX0401,Concourse-Concourse Village,Bronx,2024-02,2024-02-01,1226.0,37,33.13513513513514
BX0401,Concourse-Concourse Village,Bronx,2024-03,2024-03-01,1359.0,37,36.729729729729726
BX0401,Concourse-Concourse Village,Bronx,2024-04,2024-04-01,1371.0,37,37.054054054054056
BX0401,Concourse-Concourse Village,Bronx,2024-05,2024-05-01,1732.0,37,46.810810810810814
BX0401,Concourse-Concourse Village,Bronx,2024-06,2024-06-01,1182.0,37,31.945945945945947
BX0401,Concourse-Concourse Village,Bronx,2024-07,2024-07-01,1172.0,37,31.675675675675677
BX0401,Concourse-Concourse Village,Bronx,2024-08,2024-08-01,1190.0,37,32.16216216216216
BX0401,Concourse-Concourse Village,Bronx,2024-09,2024-09-01,1734.0,37,46.86486486486486
BX0401,Concourse-Concourse Village,Bronx,2024-10,2024-10-01,1859.0,37,50.24324324324324
BX0401,Concourse-Concourse Village,Bronx,2024-11,2024-11-01,1678.0,37,45.351351351351354
BX0401,Concourse-Concourse Village,Bronx,2024-12,2024-12-01,1611.0,37,43.54054054054054
BX0401,Concourse-Concourse Village,Bronx,2025-01,2025-01-01,1430.0,37,38.648648648648646
BX0401,Concourse-Concourse Village,Bronx,2025-02,2025-02-01,1161.0,37,31.37837837837838
BX0401,Concourse-Concourse Village,Bronx,2025-03,2025-03-01,1419.0,37,38.351351351351354
BX0401,Concourse-Concourse Village,Bronx,2025-04,2025-04-01,1577.0,37,42.62162162162162
BX0401,Concourse-Concourse Village,Bronx,2025-05,2025-05-01,1711.0,37,46.24324324324324
BX0401,Concourse-Concourse Village,Bronx,2025-06,2025-06-01,1244.0,37,33.62162162162162
BX0401,Concourse-Concourse Village,Bronx,2025-07,2025-07-01,1061.0,37,28.675675675675677
BX0401,Concourse-Concourse Village,Bronx,2025-08,2025-08-01,1126.0,37,30.43243243243243
BX0401,Concourse-Concourse Village,Bronx,2025-09,2025-09-01,1545.0,37,41.75675675675676
BX0401,Concourse-Concourse Village,Bronx,2025-10,2025-10-01,1571.0,37,42.45945945945946
BX0401,Concourse-Concourse Village,Bronx,2025-11,2025-11-01,56.0,37,1.5135135135135136
BX0402,Highbridge,Bronx,2022-03,2022-03-01,1406.0,37,38.0
BX0402,Highbridge,Bronx,2022-04,2022-04-01,1290.0,37,34.86486486486486
BX0402,Highbridge,Bronx,2022-05,2022-05-01,1789.0,37,48.351351351351354
BX0402,Highbridge,Bronx,2022-06,2022-06-01,1309.0,37,35.37837837837838
BX0402,Highbridge,Bronx,2022-07,2022-07-01,1060.0,37,28.64864864864865
BX0402,Highbridge,Bronx,2022-08,2022-08-01,1153.0,37,31.16216216216216
BX0402,Highbridge,Bronx,2022-09,2022-09-01,1672.0,37,45.189189189189186
BX0402,Highbridge,Bronx,2022-10,2022-10-01,1910.0,37,51.62162162162162
BX0402,Highbridge,Bronx,2022-11,2022-11-01,1729.0,37,46.729729729729726
BX0402,Highbridge,Bronx,2022-12,2022-12-01,1476.0,37,39.891891891891895
BX0402,Highbridge,Bronx,2023-01,2023-01-01,1491.0,37,40.2972972972973
BX0402,Highbridge,Bronx,2023-02,2023-02-01,1464.0,37,39.567567567567565
BX0402,Highbridge,Bronx,2023-03,2023-03-01,1657.0,37,44.78378378378378
BX0402,Highbridge,Bronx,2023-04,2023-04-01,1622.0,37,43.83783783783784
BX0402,Highbridge,Bronx,2023-05,2023-05-01,1721.0,37,46.513513513513516
BX0402,Highbridge,Bronx,2023-06,2023-06-01,1479.0,37,39.972972972972975
BX0402,Highbridge,Bronx,2023-07,2023-07-01,1212.0,37,32.75675675675676
BX0402,Highbridge,Bronx,2023-08,2023-08-01,1134.0,37,30.64864864864865
BX0402,Highbridge,Bronx,2023-09,2023-09-01,1473.0,37,39.810810810810814
BX0402,Highbridge,Bronx,2023-10,2023-10-01,1733.0,37,46.83783783783784
BX0402,Highbridge,Bronx,2023-11,2023-11-01,1720.0,37,46.486486486486484
BX0402,Highbridge,Bronx,2023-12,2023-12-01,1469.0,37,39.7027027027027
BX0402,Highbridge,Bronx,2024-01,2024-01-01,1413.0,37,38.189189189189186
BX0402,Highbridge,Bronx,2024-02,2024-02-01,1226.0,37,33.13513513513514
BX0402,Highbridge,Bronx,2024-03,2024-03-01,1359.0,37,36.729729729729726
BX0402,Highbridge,Bronx,2024-04,2024-04-01,1371.0,37,37.054054054054056
BX0402,Highbridge,Bronx,2024-05,2024-05-01,1732.0,37,46.810810810810814
BX0402,Highbridge,Bronx,2024-06,2024-06-01,1182.0,37,31.945945945945947
BX0402,Highbridge,Bronx,2024-07,2024-07-01,1172.0,37,31.675675675675677
BX0402,Highbridge,Bronx,2024-08,2024-08-01,1190.0,37,32.16216216216216
BX0402,Highbridge,Bronx,2024-09,2024-09-01,1734.0,37,46.86486486486486
BX0402,Highbridge,Bronx,2024-10,2024-10-01,1859.0,37,50.24324324324324
BX0402,Highbridge,Bronx,2024-11,2024-11-01,1678.0,37,45.351351351351354
BX0402,Highbridge,Bronx,2024-12,2024-12-01,1611.0,37,43.54054054054054
BX0402,Highbridge,Bronx,2025-01,2025-01-01,1430.0,37,38.648648648648646
BX0402,Highbridge,Bronx,2025-02,2025-02-01,1161.0,37,31.37837837837838
BX0402,Highbridge,Bronx,2025-03,2025-03-01,1419.0,37,38.351351351351354
BX0402,Highbridge,Bronx,2025-04,2025-04-01,1577.0,37,42.62162162162162
BX0402,Highbridge,Bronx,2025-05,2025-05-01,1711.0,37,46.24324324324324
BX0402,Highbridge,Bronx,2025-06,2025-06-01,1244.0,37,33.62162162162162
BX0402,Highbridge,Bronx,2025-07,2025-07-01,1061.0,37,28.675675675675677
BX0402,Highbridge,Bronx,2025-08,2025-08-01,1126.0,37,30.43243243243243
BX0402,Highbridge,Bronx,2025-09,2025-09-01,1545.0,37,41.75675675675676
BX0402,Highbridge,Bronx,2025-10,2025-10-01,1571.0,37,42.45945945945946
BX0402,Highbridge,Bronx,2025-11,2025-11-01,56.0,37,1.5135135135135136
BX0403,Mount Eden-Claremont (West),Bronx,2022-03,2022-03-01,1406.0,37,38.0
BX0403,Mount Eden-Claremont (West),Bronx,2022-04,2022-04-01,1290.0,37,34.86486486486486
BX0403,Mount Eden-Claremont (West),Bronx,2022-05,2022-05-01,1789.0,37,48.351351351351354
BX0403,Mount Eden-Claremont (West),Bronx,2022-06,2022-06-01,1309.0,37,35.37837837837838
BX0403,Mount Eden-Claremont (West),Bronx,2022-07,2022-07-01,1060.0,37,28.64864864864865
BX0403,Mount Eden-Claremont (West),Bronx,2022-08,2022-08-01,1153.0,37,31.16216216216216
BX0403,Mount Eden-Claremont (West),Bronx,2022-09,2022-09-01,1672.0,37,45.189189189189186
BX0403,Mount Eden-Claremont (West),Bronx,2022-10,2022-10-01,1910.0,37,51.62162162162162
BX0403,Mount Eden-Claremont (West),Bronx,2022-11,2022-11-01,1729.0,37,46.729729729729726
BX0403,Mount Eden-Claremont (West),Bronx,2022-12,2022-12-01,1476.0,37,39.891891891891895
BX0403,Mount Eden-Claremont (West),Bronx,2023-01,2023-01-01,1491.0,37,40.2972972972973
BX0403,Mount Eden-Claremont (West),Bronx,2023-02,2023-02-01,1464.0,37,39.567567567567565
BX0403,Mount Eden-Claremont (West),Bronx,2023-03,2023-03-01,1657.0,37,44.78378378378378
BX0403,Mount Eden-Claremont (West),Bronx,2023-04,2023-04-01,1622.0,37,43.83783783783784
BX0403,Mount Eden-Claremont (West),Bronx,2023-05,2023-05-01,1721.0,37,46.513513513513516
BX0403,Mount Eden-Claremont (West),Bronx,2023-06,2023-06-01,1479.0,37,39.972972972972975
BX0403,Mount Eden-Claremont (West),Bronx,2023-07,2023-07-01,1212.0,37,32.75675675675676
BX0403,Mount Eden-Claremont (West),Bronx,2023-08,2023-08-01,1134.0,37,30.64864864864865
BX0403,Mount Eden-Claremont (West),Bronx,2023-09,2023-09-01,1473.0,37,39.810810810810814
BX0403,Mount Eden-Claremont (West),Bronx,2023-10,2023-10-01,1733.0,37,46.83783783783784
BX0403,Mount Eden-Claremont (West),Bronx,2023-11,2023-11-01,1720.0,37,46.486486486486484
BX0403,Mount Eden-Claremont (West),Bronx,2023-12,2023-12-01,1469.0,37,39.7027027027027
BX0403,Mount Eden-Claremont (West),Bronx,2024-01,2024-01-01,1413.0,37,38.189189189189186
BX0403,Mount Eden-Claremont (West),Bronx,2024-02,2024-02-01,1226.0,37,33.13513513513514
BX0403,Mount Eden-Claremont (West),Bronx,2024-03,2024-03-01,1359.0,37,36.729729729729726
BX0403,Mount Eden-Claremont (West),Bronx,2024-04,2024-04-01,1371.0,37,37.054054054054056
BX0403,Mount Eden-Claremont (West),Bronx,2024-05,2024-05-01,1732.0,37,46.810810810810814
BX0403,Mount Eden-Claremont (West),Bronx,2024-06,2024-06-01,1182.0,37,31.945945945945947
BX0403,Mount Eden-Claremont (West),Bronx,2024-07,2024-07-01,1172.0,37,31.675675675675677
BX0403,Mount Eden-Claremont (West),Bronx,2024-08,2024-08-01,1190.0,37,32.16216216216216
BX0403,Mount Eden-Claremont (West),Bronx,2024-09,2024-09-01,1734.0,37,46.86486486486486
BX0403,Mount Eden-Claremont (West),Bronx,2024-10,2024-10-01,1859.0,37,50.24324324324324
BX0403,Mount Eden-Claremont (West),Bronx,2024-11,2024-11-01,1678.0,37,45.351351351351354
BX0403,Mount Eden-Claremont (West),Bronx,2024-12,2024-12-01,1611.0,37,43.54054054054054
BX0403,Mount Eden-Claremont (West),Bronx,2025-01,2025-01-01,1430.0,37,38.648648648648646
BX0403,Mount Eden-Claremont (West),Bronx,2025-02,2025-02-01,1161.0,37,31.37837837837838
BX0403,Mount Eden-Claremont (West),Bronx,2025-03,2025-03-01,1419.0,37,38.351351351351354
BX0403,Mount Eden-Claremont (West),Bronx,2025-04,2025-04-01,1577.0,37,42.62162162162162
BX0403,Mount Eden-Claremont (West),Bronx,2025-05,2025-05-01,1711.0,37,46.24324324324324
BX0403,Mount Eden-Claremont (West),Bronx,2025-06,2025-06-01,1244.0,37,33.62162162162162
BX0403,Mount Eden-Claremont (West),Bronx,2025-07,2025-07-01,1061.0,37,28.675675675675677
BX0403,Mount Eden-Claremont (West),Bronx,2025-08,2025-08-01,1126.0,37,30.43243243243243
BX0403,Mount Eden-Claremont (West),Bronx,2025-09,2025-09-01,1545.0,37,41.75675675675676
BX0403,Mount Eden-Claremont (West),Bronx,2025-10,2025-10-01,1571.0,37,42.45945945945946
BX0403,Mount Eden-Claremont (West),Bronx,2025-11,2025-11-01,56.0,37,1.5135135135135136
BX0501,University Heights (South)-Morris Heights,Bronx,2022-03,2022-03-01,1406.0,37,38.0
BX0501,University Heights (South)-Morris Heights,Bronx,2022-04,2022-04-01,1290.0,37,34.86486486486486
BX0501,University Heights (South)-Morris Heights,Bronx,2022-05,2022-05-01,1789.0,37,48.351351351351354
BX0501,University Heights (South)-Morris Heights,Bronx,2022-06,2022-06-01,1309.0,37,35.37837837837838
BX0501,University Heights (South)-Morris Heights,Bronx,2022-07,2022-07-01,1060.0,37,28.64864864864865
BX0501,University Heights (South)-Morris Heights,Bronx,2022-08,2022-08-01,1153.0,37,31.16216216216216
BX0501,University Heights (South)-Morris Heights,Bronx,2022-09,2022-09-01,1672.0,37,45.189189189189186
BX0501,University Heights (South)-Morris Heights,Bronx,2022-10,2022-10-01,1910.0,37,51.62162162162162
BX0501,University Heights (South)-Morris Heights,Bronx,2022-11,2022-11-01,1729.0,37,46.729729729729726
BX0501,University Heights (South)-Morris Heights,Bronx,2022-12,2022-12-01,1476.0,37,39.891891891891895
BX0501,University Heights (South)-Morris Heights,Bronx,2023-01,2023-01-01,1491.0,37,40.2972972972973
BX0501,University Heights (South)-Morris Heights,Bronx,2023-02,2023-02-01,1464.0,37,39.567567567567565
BX0501,University Heights (South)-Morris Heights,Bronx,2023-03,2023-03-01,1657.0,37,44.78378378378378
BX0501,University Heights (South)-Morris Heights,Bronx,2023-04,2023-04-01,1622.0,37,43.83783783783784
BX0501,University Heights (South)-Morris Heights,Bronx,2023-05,2023-05-01,1721.0,37,46.513513513513516
BX0501,University Heights (South)-Morris Heights,Bronx,2023-06,2023-06-01,1479.0,37,39.972972972972975
BX0501,University Heights (South)-Morris Heights,Bronx,2023-07,2023-07-01,1212.0,37,32.75675675675676
BX0501,University Heights (South)-Morris Heights,Bronx,2023-08,2023-08-01,1134.0,37,30.64864864864865
BX0501,University Heights (South)-Morris Heights,Bronx,2023-09,2023-09-01,1473.0,37,39.810810810810814
BX0501,University Heights (South)-Morris Heights,Bronx,2023-10,2023-10-01,1733.0,37,46.83783783783784
BX0501,University Heights (South)-Morris Heights,Bronx,2023-11,2023-11-01,1720.0,37,46.486486486486484
BX0501,University Heights (South)-Morris Heights,Bronx,2023-12,2023-12-01,1469.0,37,39.7027027027027
BX0501,University Heights (South)-Morris Heights,Bronx,2024-01,2024-01-01,1413.0,37,38.189189189189186
BX0501,University Heights (South)-Morris Heights,Bronx,2024-02,2024-02-01,1226.0,37,33.13513513513514
BX0501,University Heights (South)-Morris Heights,Bronx,2024-03,2024-03-01,1359.0,37,36.729729729729726
BX0501,University Heights (South)-Morris Heights,Bronx,2024-04,2024-04-01,1371.0,37,37.054054054054056
BX0501,University Heights (South)-Morris Heights,Bronx,2024-05,2024-05-01,1732.0,37,46.810810810810814
BX0501,University Heights (South)-Morris Heights,Bronx,2024-06,2024-06-01,1182.0,37,31.945945945945947
BX0501,University Heights (South)-Morris Heights,Bronx,2024-07,2024-07-01,1172.0,37,31.675675675675677
BX0501,University Heights (South)-Morris Heights,Bronx,2024-08,2024-08-01,1190.0,37,32.16216216216216
BX0501,University Heights (South)-Morris Heights,Bronx,2024-09,2024-09-01,1734.0,37,46.86486486486486
BX0501,University Heights (South)-Morris Heights,Bronx,2024-10,2024-10-01,1859.0,37,50.24324324324324
BX0501,University Heights (South)-Morris Heights,Bronx,2024-11,2024-11-01,1678.0,37,45.351351351351354
BX0501,University Heights (South)-Morris Heights,Bronx,2024-12,2024-12-01,1611.0,37,43.54054054054054
BX0501,University Heights (South)-Morris Heights,Bronx,2025-01,2025-01-01,1430.0,37,38.648648648648646
BX0501,University Heights (South)-Morris Heights,Bronx,2025-02,2025-02-01,1161.0,37,31.37837837837838
BX0501,University Heights (South)-Morris Heights,Bronx,2025-03,2025-03-01,1419.0,37,38.351351351351354
BX0501,University Heights (South)-Morris Heights,Bronx,2025-04,2025-04-01,1577.0,37,42.62162162162162
BX0501,University Heights (South)-Morris Heights,Bronx,2025-05,2025-05-01,1711.0,37,46.24324324324324
BX0501,University Heights (South)-Morris Heights,Bronx,2025-06,2025-06-01,1244.0,37,33.62162162162162
BX0501,University Heights (South)-Morris Heights,Bronx,2025-07,2025-07-01,1061.0,37,28.675675675675677
BX0501,University Heights (South)-Morris Heights,Bronx,2025-08,2025-08-01,1126.0,37,30.43243243243243
BX0501,University Heights (South)-Morris Heights,Bronx,2025-09,2025-09-01,1545.0,37,41.75675675675676
BX0501,University Heights (South)-Morris Heights,Bronx,2025-10,2025-10-01,1571.0,37,42.45945945945946
BX0501,University Heights (South)-Morris Heights,Bronx,2025-11,2025-11-01,56.0,37,1.5135135135135136
BX0502,Mount Hope,Bronx,2022-03,2022-03-01,1406.0,37,38.0
BX0502,Mount Hope,Bronx,2022-04,2022-04-01,1290.0,37,34.86486486486486
BX0502,Mount Hope,Bronx,2022-05,2022-05-01,1789.0,37,48.351351351351354
BX0502,Mount Hope,Bronx,2022-06,2022-06-01,1309.0,37,35.37837837837838
BX0502,Mount Hope,Bronx,2022-07,2022-07-01,1060.0,37,28.64864864864865
BX0502,Mount Hope,Bronx,2022-08,2022-08-01,1153.0,37,31.16216216216216
BX0502,Mount Hope,Bronx,2022-09,2022-09-01,1672.0,37,45.189189189189186
BX0502,Mount Hope,Bronx,2022-10,2022-10-01,1910.0,37,51.62162162162162
BX0502,Mount Hope,Bronx,2022-11,2022-11-01,1729.0,37,46.729729729729726
BX0502,Mount Hope,Bronx,2022-12,2022-12-01,1476.0,37,39.891891891891895
BX0502,Mount Hope,Bronx,2023-01,2023-01-01,1491.0,37,40.2972972972973
BX0502,Mount Hope,Bronx,2023-02,2023-02-01,1464.0,37,39.567567567567565
BX0502,Mount Hope,Bronx,2023-03,2023-03-01,1657.0,37,44.78378378378378
BX0502,Mount Hope,Bronx,2023-04,2023-04-01,1622.0,37,43.83783783783784
BX0502,Mount Hope,Bronx,2023-05,2023-05-01,1721.0,37,46.513513513513516
BX0502,Mount Hope,Bronx,2023-06,2023-06-01,1479.0,37,39.972972972972975
BX0502,Mount Hope,Bronx,2023-07,2023-07-01,1212.0,37,32.75675675675676
BX0502,Mount Hope,Bronx,2023-08,2023-08-01,1134.0,37,30.64864864864865
BX0502,Mount Hope,Bronx,2023-09,2023-09-01,1473.0,37,39.810810810810814
BX0502,Mount Hope,Bronx,2023-10,2023-10-01,1733.0,37,46.83783783783784
BX0502,Mount Hope,Bronx,2023-11,2023-11-01,1720.0,37,46.486486486486484
BX0502,Mount Hope,Bronx,2023-12,2023-12-01,1469.0,37,39.7027027027027
BX0502,Mount Hope,Bronx,2024-01,2024-01-01,1413.0,37,38.189189189189186
BX0502,Mount Hope,Bronx,2024-02,2024-02-01,1226.0,37,33.13513513513514
BX0502,Mount Hope,Bronx,2024-03,2024-03-01,1359.0,37,36.729729729729726
BX0502,Mount Hope,Bronx,2024-04,2024-04-01,1371.0,37,37.054054054054056
BX0502,Mount Hope,Bronx,2024-05,2024-05-01,1732.0,37,46.810810810810814
BX0502,Mount Hope,Bronx,2024-06,2024-06-01,1182.0,37,31.945945945945947
BX0502,Mount Hope,Bronx,2024-07,2024-07-01,1172.0,37,31.675675675675677
BX0502,Mount Hope,Bronx,2024-08,2024-08-01,1190.0,37,32.16216216216216
BX0502,Mount Hope,Bronx,2024-09,2024-09-01,1734.0,37,46.86486486486486
BX0502,Mount Hope,Bronx,2024-10,2024-10-01,1859.0,37,50.24324324324324
BX0502,Mount Hope,Bronx,2024-11,2024-11-01,1678.0,37,45.351351351351354
BX0502,Mount Hope,Bronx,2024-12,2024-12-01,1611.0,37,43.54054054054054
BX0502,Mount Hope,Bronx,2025-01,2025-01-01,1430.0,37,38.648648648648646
BX0502,Mount Hope,Bronx,2025-02,2025-02-01,1161.0,37,31.37837837837838
BX0502,Mount Hope,Bronx,2025-03,2025-03-01,1419.0,37,38.351351351351354
BX0502,Mount Hope,Bronx,2025-04,2025-04-01,1577.0,37,42.62162162162162
BX0502,Mount Hope,Bronx,2025-05,2025-05-01,1711.0,37,46.24324324324324
BX0502,Mount Hope,Bronx,2025-06,2025-06-01,1244.0,37,33.62162162162162
BX0502,Mount Hope,Bronx,2025-07,2025-07-01,1061.0,37,28.675675675675677
BX0502,Mount Hope,Bronx,2025-08,2025-08-01,1126.0,37,30.43243243243243
BX0502,Mount Hope,Bronx,2025-09,2025-09-01,1545.0,37,41.75675675675676
BX0502,Mount Hope,Bronx,2025-10,2025-10-01,1571.0,37,42.45945945945946
BX0502,Mount Hope,Bronx,2025-11,2025-11-01,56.0,37,1.5135135135135136
BX0503,Fordham Heights,Bronx,2022-03,2022-03-01,1406.0,37,38.0
BX0503,Fordham Heights,Bronx,2022-04,2022-04-01,1290.0,37,34.86486486486486
BX0503,Fordham Heights,Bronx,2022-05,2022-05-01,1789.0,37,48.351351351351354
BX0503,Fordham Heights,Bronx,2022-06,2022-06-01,1309.0,37,35.37837837837838
BX0503,Fordham Heights,Bronx,2022-07,2022-07-01,1060.0,37,28.64864864864865
BX0503,Fordham Heights,Bronx,2022-08,2022-08-01,1153.0,37,31.16216216216216
BX0503,Fordham Heights,Bronx,2022-09,2022-09-01,1672.0,37,45.189189189189186
BX0503,Fordham Heights,Bronx,2022-10,2022-10-01,1910.0,37,51.62162162162162
BX0503,Fordham Heights,Bronx,2022-11,2022-11-01,1729.0,37,46.729729729729726
BX0503,Fordham Heights,Bronx,2022-12,2022-12-01,1476.0,37,39.891891891891895
BX0503,Fordham Heights,Bronx,2023-01,2023-01-01,1491.0,37,40.2972972972973
BX0503,Fordham Heights,Bronx,2023-02,2023-02-01,1464.0,37,39.567567567567565
BX0503,Fordham Heights,Bronx,2023-03,2023-03-01,1657.0,37,44.78378378378378
BX0503,Fordham Heights,Bronx,2023-04,2023-04-01,1622.0,37,43.83783783783784
BX0503,Fordham Heights,Bronx,2023-05,2023-05-01,1721.0,37,46.513513513513516
BX0503,Fordham Heights,Bronx,2023-06,2023-06-01,1479.0,37,39.972972972972975
BX0503,Fordham Heights,Bronx,2023-07,2023-07-01,1212.0,37,32.75675675675676
BX0503,Fordham Heights,Bronx,2023-08,2023-08-01,1134.0,37,30.64864864864865
BX0503,Fordham Heights,Bronx,2023-09,2023-09-01,1473.0,37,39.810810810810814
BX0503,Fordham Heights,Bronx,2023-10,2023-10-01,1733.0,37,46.83783783783784
BX0503,Fordham Heights,Bronx,2023-11,2023-11-01,1720.0,37,46.486486486486484
BX0503,Fordham Heights,Bronx,2023-12,2023-12-01,1469.0,37,39.7027027027027
BX0503,Fordham Heights,Bronx,2024-01,2024-01-01,1413.0,37,38.189189189189186
BX0503,Fordham Heights,Bronx,2024-02,2024-02-01,1226.0,37,33.13513513513514
BX0503,Fordham Heights,Bronx,2024-03,2024-03-01,1359.0,37,36.729729729729726
BX0503,Fordham Heights,Bronx,2024-04,2024-04-01,1371.0,37,37.054054054054056
BX0503,Fordham Heights,Bronx,2024-05,2024-05-01,1732.0,37,46.810810810810814
BX0503,Fordham Heights,Bronx,2024-06,2024-06-01,1182.0,37,31.945945945945947
BX0503,Fordham Heights,Bronx,2024-07,2024-07-01,1172.0,37,31.675675675675677
BX0503,Fordham Heights,Bronx,2024-08,2024-08-01,1190.0,37,32.16216216216216
BX0503,Fordham Heights,Bronx,2024-09,2024-09-01,1734.0,37,46.86486486486486
BX0503,Fordham Heights,Bronx,2024-10,2024-10-01,1859.0,37,50.24324324324324
BX0503,Fordham Heights,Bronx,2024-11,2024-11-01,1678.0,37,45.351351351351354
BX0503,Fordham Heights,Bronx,2024-12,2024-12-01,1611.0,37,43.54054054054054
BX0503,Fordham Heights,Bronx,2025-01,2025-01-01,1430.0,37,38.648648648648646
BX0503,Fordham Heights,Bronx,2025-02,2025-02-01,1161.0,37,31.37837837837838
BX0503,Fordham Heights,Bronx,2025-03,2025-03-01,1419.0,37,38.351351351351354
BX0503,Fordham Heights,Bronx,2025-04,2025-04-01,1577.0,37,42.62162162162162
BX0503,Fordham Heights,Bronx,2025-05,2025-05-01,1711.0,37,46.24324324324324
BX0503,Fordham Heights,Bronx,2025-06,2025-06-01,1244.0,37,33.62162162162162
BX0503,Fordham Heights,Bronx,2025-07,2025-07-01,1061.0,37,28.675675675675677
BX0503,Fordham Heights,Bronx,2025-08,2025-08-01,1126.0,37,30.43243243243243
BX0503,Fordham Heights,Bronx,2025-09,2025-09-01,1545.0,37,41.75675675675676
BX0503,Fordham Heights,Bronx,2025-10,2025-10-01,1571.0,37,42.45945945945946
BX0503,Fordham Heights,Bronx,2025-11,2025-11-01,56.0,37,1.5135135135135136
BX0601,West Farms,Bronx,2022-03,2022-03-01,1406.0,37,38.0
BX0601,West Farms,Bronx,2022-04,2022-04-01,1290.0,37,34.86486486486486
BX0601,West Farms,Bronx,2022-05,2022-05-01,1789.0,37,48.351351351351354
BX0601,West Farms,Bronx,2022-06,2022-06-01,1309.0,37,35.37837837837838
BX0601,West Farms,Bronx,2022-07,2022-07-01,1060.0,37,28.64864864864865
BX0601,West Farms,Bronx,2022-08,2022-08-01,1153.0,37,31.16216216216216
BX0601,West Farms,Bronx,2022-09,2022-09-01,1672.0,37,45.189189189189186
BX0601,West Farms,Bronx,2022-10,2022-10-01,1910.0,37,51.62162162162162
BX0601,West Farms,Bronx,2022-11,2022-11-01,1729.0,37,46.729729729729726
BX0601,West Farms,Bronx,2022-12,2022-12-01,1476.0,37,39.891891891891895
BX0601,West Farms,Bronx,2023-01,2023-01-01,1491.0,37,40.2972972972973
BX0601,West Farms,Bronx,2023-02,2023-02-01,1464.0,37,39.567567567567565
BX0601,West Farms,Bronx,2023-03,2023-03-01,1657.0,37,44.78378378378378
BX0601,West Farms,Bronx,2023-04,2023-04-01,1622.0,37,43.83783783783784
BX0601,West Farms,Bronx,2023-05,2023-05-01,1721.0,37,46.513513513513516
BX0601,West Farms,Bronx,2023-06,2023-06-01,1479.0,37,39.972972972972975
BX0601,West Farms,Bronx,2023-07,2023-07-01,1212.0,37,32.75675675675676
BX0601,West Farms,Bronx,2023-08,2023-08-01,1134.0,37,30.64864864864865
BX0601,West Farms,Bronx,2023-09,2023-09-01,1473.0,37,39.810810810810814
BX0601,West Farms,Bronx,2023-10,2023-10-01,1733.0,37,46.83783783783784
BX0601,West Farms,Bronx,2023-11,2023-11-01,1720.0,37,46.486486486486484
BX0601,West Farms,Bronx,2023-12,2023-12-01,1469.0,37,39.7027027027027
BX0601,West Farms,Bronx,2024-01,2024-01-01,1413.0,37,38.189189189189186
BX0601,West Farms,Bronx,2024-02,2024-02-01,1226.0,37,33.13513513513514
BX0601,West Farms,Bronx,2024-03,2024-03-01,1359.0,37,36.729729729729726
BX0601,West Farms,Bronx,2024-04,2024-04-01,1371.0,37,37.054054054054056
BX0601,West Farms,Bronx,2024-05,2024-05-01,1732.0,37,46.810810810810814
BX0601,West Farms,Bronx,2024-06,2024-06-01,1182.0,37,31.945945945945947
BX0601,West Farms,Bronx,2024-07,2024-07-01,1172.0,37,31.675675675675677
BX0601,West Farms,Bronx,2024-08,2024-08-01,1190.0,37,32.16216216216216
BX0601,West Farms,Bronx,2024-09,2024-09-01,1734.0,37,46.86486486486486
BX0601,West Farms,Bronx,2024-10,2024-10-01,1859.0,37,50.24324324324324
BX0601,West Farms,Bronx,2024-11,2024-11-01,1678.0,37,45.351351351351354
BX0601,West Farms,Bronx,2024-12,2024-12-01,1611.0,37,43.54054054054054
BX0601,West Farms,Bronx,2025-01,2025-01-01,1430.0,37,38.648648648648646
BX0601,West Farms,Bronx,2025-02,2025-02-01,1161.0,37,31.37837837837838
BX0601,West Farms,Bronx,2025-03,2025-03-01,1419.0,37,38.351351351351354
BX0601,West Farms,Bronx,2025-04,2025-04-01,1577.0,37,42.62162162162162
BX0601,West Farms,Bronx,2025-05,2025-05-01,1711.0,37,46.24324324324324
BX0601,West Farms,Bronx,2025-06,2025-06-01,1244.0,37,33.62162162162162
BX0601,West Farms,Bronx,2025-07,2025-07-01,1061.0,37,28.675675675675677
BX0601,West Farms,Bronx,2025-08,2025-08-01,1126.0,37,30.43243243243243
BX0601,West Farms,Bronx,2025-09,2025-09-01,1545.0,37,41.75675675675676
BX0601,West Farms,Bronx,2025-10,2025-10-01,1571.0,37,42.45945945945946
BX0601,West Farms,Bronx,2025-11,2025-11-01,56.0,37,1.5135135135135136
BX0602,Tremont,Bronx,2022-03,2022-03-01,1406.0,37,38.0
BX0602,Tremont,Bronx,2022-04,2022-04-01,1290.0,37,34.86486486486486
BX0602,Tremont,Bronx,2022-05,2022-05-01,1789.0,37,48.351351351351354
BX0602,Tremont,Bronx,2022-06,2022-06-01,1309.0,37,35.37837837837838
BX0602,Tremont,Bronx,2022-07,2022-07-01,1060.0,37,28.64864864864865
BX0602,Tremont,Bronx,2022-08,2022-08-01,1153.0,37,31.16216216216216
BX0602,Tremont,Bronx,2022-09,2022-09-01,1672.0,37,45.189189189189186
BX0602,Tremont,Bronx,2022-10,2022-10-01,1910.0,37,51.62162162162162
BX0602,Tremont,Bronx,2022-11,2022-11-01,1729.0,37,46.729729729729726
BX0602,Tremont,Bronx,2022-12,2022-12-01,1476.0,37,39.891891891891895
BX0602,Tremont,Bronx,2023-01,2023-01-01,1491.0,37,40.2972972972973
BX0602,Tremont,Bronx,2023-02,2023-02-01,1464.0,37,39.567567567567565
BX0602,Tremont,Bronx,2023-03,2023-03-01,1657.0,37,44.78378378378378
BX0602,Tremont,Bronx,2023-04,2023-04-01,1622.0,37,43.83783783783784
BX0602,Tremont,Bronx,2023-05,2023-05-01,1721.0,37,46.513513513513516
BX0602,Tremont,Bronx,2023-06,2023-06-01,1479.0,37,39.972972972972975
BX0602,Tremont,Bronx,2023-07,2023-07-01,1212.0,37,32.75675675675676
BX0602,Tremont,Bronx,2023-08,2023-08-01,1134.0,37,30.64864864864865
BX0602,Tremont,Bronx,2023-09,2023-09-01,1473.0,37,39.810810810810814
BX0602,Tremont,Bronx,2023-10,2023-10-01,1733.0,37,46.83783783783784
BX0602,Tremont,Bronx,2023-11,2023-11-01,1720.0,37,46.486486486486484
BX0602,Tremont,Bronx,2023-12,2023-12-01,1469.0,37,39.7027027027027
BX0602,Tremont,Bronx,2024-01,2024-01-01,1413.0,37,38.189189189189186
BX0602,Tremont,Bronx,2024-02,2024-02-01,1226.0,37,33.13513513513514
BX0602,Tremont,Bronx,2024-03,2024-03-01,1359.0,37,36.729729729729726
BX0602,Tremont,Bronx,2024-04,2024-04-01,1371.0,37,37.054054054054056
BX0602,Tremont,Bronx,2024-05,2024-05-01,1732.0,37,46.810810810810814
BX0602,Tremont,Bronx,2024-06,2024-06-01,1182.0,37,31.945945945945947
BX0602,Tremont,Bronx,2024-07,2024-07-01,1172.0,37,31.675675675675677
BX0602,Tremont,Bronx,2024-08,2024-08-01,1190.0,37,32.16216216216216
BX0602,Tremont,Bronx,2024-09,2024-09-01,1734.0,37,46.86486486486486
BX0602,Tremont,Bronx,2024-10,2024-10-01,1859.0,37,50.24324324324324
BX0602,Tremont,Bronx,2024-11,2024-11-01,1678.0,37,45.351351351351354
BX0602,Tremont,Bronx,2024-12,2024-12-01,1611.0,37,43.54054054054054
BX0602,Tremont,Bronx,2025-01,2025-01-01,1430.0,37,38.648648648648646
BX0602,Tremont,Bronx,2025-02,2025-02-01,1161.0,37,31.37837837837838
BX0602,Tremont,Bronx,2025-03,2025-03-01,1419.0,37,38.351351351351354
BX0602,Tremont,Bronx,2025-04,2025-04-01,1577.0,37,42.62162162162162
BX0602,Tremont,Bronx,2025-05,2025-05-01,1711.0,37,46.24324324324324
BX0602,Tremont,Bronx,2025-06,2025-06-01,1244.0,37,33.62162162162162
BX0602,Tremont,Bronx,2025-07,2025-07-01,1061.0,37,28.675675675675677
BX0602,Tremont,Bronx,2025-08,2025-08-01,1126.0,37,30.43243243243243
BX0602,Tremont,Bronx,2025-09,2025-09-01,1545.0,37,41.75675675675676
BX0602,Tremont,Bronx,2025-10,2025-10-01,1571.0,37,42.45945945945946
BX0602,Tremont,Bronx,2025-11,2025-11-01,56.0,37,1.5135135135135136
BX0603,Belmont,Bronx,2022-03,2022-03-01,1406.0,37,38.0
BX0603,Belmont,Bronx,2022-04,2022-04-01,1290.0,37,34.86486486486486
BX0603,Belmont,Bronx,2022-05,2022-05-01,1789.0,37,48.351351351351354
BX0603,Belmont,Bronx,2022-06,2022-06-01,1309.0,37,35.37837837837838
BX0603,Belmont,Bronx,2022-07,2022-07-01,1060.0,37,28.64864864864865
BX0603,Belmont,Bronx,2022-08,2022-08-01,1153.0,37,31.16216216216216
BX0603,Belmont,Bronx,2022-09,2022-09-01,1672.0,37,45.189189189189186
BX0603,Belmont,Bronx,2022-10,2022-10-01,1910.0,37,51.62162162162162
BX0603,Belmont,Bronx,2022-11,2022-11-01,1729.0,37,46.729729729729726
BX0603,Belmont,Bronx,2022-12,2022-12-01,1476.0,37,39.891891891891895
BX0603,Belmont,Bronx,2023-01,2023-01-01,1491.0,37,40.2972972972973
BX0603,Belmont,Bronx,2023-02,2023-02-01,1464.0,37,39.567567567567565
BX0603,Belmont,Bronx,2023-03,2023-03-01,1657.0,37,44.78378378378378
BX0603,Belmont,Bronx,2023-04,2023-04-01,1622.0,37,43.83783783783784
BX0603,Belmont,Bronx,2023-05,2023-05-01,1721.0,37,46.513513513513516
BX0603,Belmont,Bronx,2023-06,2023-06-01,1479.0,37,39.972972972972975
BX0603,Belmont,Bronx,2023-07,2023-07-01,1212.0,37,32.75675675675676
BX0603,Belmont,Bronx,2023-08,2023-08-01,1134.0,37,30.64864864864865
BX0603,Belmont,Bronx,2023-09,2023-09-01,1473.0,37,39.810810810810814
BX0603,Belmont,Bronx,2023-10,2023-10-01,1733.0,37,46.83783783783784
BX0603,Belmont,Bronx,2023-11,2023-11-01,1720.0,37,46.486486486486484
BX0603,Belmont,Bronx,2023-12,2023-12-01,1469.0,37,39.7027027027027
BX0603,Belmont,Bronx,2024-01,2024-01-01,1413.0,37,38.189189189189186
BX0603,Belmont,Bronx,2024-02,2024-02-01,1226.0,37,33.13513513513514
BX0603,Belmont,Bronx,2024-03,2024-03-01,1359.0,37,36.729729729729726
BX0603,Belmont,Bronx,2024-04,2024-04-01,1371.0,37,37.054054054054056
BX0603,Belmont,Bronx,2024-05,2024-05-01,1732.0,37,46.810810810810814
BX0603,Belmont,Bronx,2024-06,2024-06-01,1182.0,37,31.945945945945947
BX0603,Belmont,Bronx,2024-07,2024-07-01,1172.0,37,31.675675675675677
BX0603,Belmont,Bronx,2024-08,2024-08-01,1190.0,37,32.16216216216216
BX0603,Belmont,Bronx,2024-09,2024-09-01,1734.0,37,46.86486486486486
BX0603,Belmont,Bronx,2024-10,2024-10-01,1859.0,37,50.24324324324324
BX0603,Belmont,Bronx,2024-11,2024-11-01,1678.0,37,45.351351351351354
BX0603,Belmont,Bronx,2024-12,2024-12-01,1611.0,37,43.54054054054054
BX0603,Belmont,Bronx,2025-01,2025-01-01,1430.0,37,38.648648648648646
BX0603,Belmont,Bronx,2025-02,2025-02-01,1161.0,37,31.37837837837838
BX0603,Belmont,Bronx,2025-03,2025-03-01,1419.0,37,38.351351351351354
BX0603,Belmont,Bronx,2025-04,2025-04-01,1577.0,37,42.62162162162162
BX0603,Belmont,Bronx,2025-05,2025-05-01,1711.0,37,46.24324324324324
BX0603,Belmont,Bronx,2025-06,2025-06-01,1244.0,37,33.62162162162162
BX0603,Belmont,Bronx,2025-07,2025-07-01,1061.0,37,28.675675675675677
BX0603,Belmont,Bronx,2025-08,2025-08-01,1126.0,37,30.43243243243243
BX0603,Belmont,Bronx,2025-09,2025-09-01,1545.0,37,41.75675675675676
BX0603,Belmont,Bronx,2025-10,2025-10-01,1571.0,37,42.45945945945946
BX0603,Belmont,Bronx,2025-11,2025-11-01,56.0,37,1.5135135135135136
BX0701,University Heights (North)-Fordham,Bronx,2022-03,2022-03-01,1406.0,37,38.0
BX0701,University Heights (North)-Fordham,Bronx,2022-04,2022-04-01,1290.0,37,34.86486486486486
BX0701,University Heights (North)-Fordham,Bronx,2022-05,2022-05-01,1789.0,37,48.351351351351354
BX0701,University Heights (North)-Fordham,Bronx,2022-06,2022-06-01,1309.0,37,35.37837837837838
BX0701,University Heights (North)-Fordham,Bronx,2022-07,2022-07-01,1060.0,37,28.64864864864865
BX0701,University Heights (North)-Fordham,Bronx,2022-08,2022-08-01,1153.0,37,31.16216216216216
BX0701,University Heights (North)-Fordham,Bronx,2022-09,2022-09-01,1672.0,37,45.189189189189186
BX0701,University Heights (North)-Fordham,Bronx,2022-10,2022-10-01,1910.0,37,51.62162162162162
BX0701,University Heights (North)-Fordham,Bronx,2022-11,2022-11-01,1729.0,37,46.729729729729726
BX0701,University Heights (North)-Fordham,Bronx,2022-12,2022-12-01,1476.0,37,39.891891891891895
BX0701,University Heights (North)-Fordham,Bronx,2023-01,2023-01-01,1491.0,37,40.2972972972973
BX0701,University Heights (North)-Fordham,Bronx,2023-02,2023-02-01,1464.0,37,39.567567567567565
BX0701,University Heights (North)-Fordham,Bronx,2023-03,2023-03-01,1657.0,37,44.78378378378378
BX0701,University Heights (North)-Fordham,Bronx,2023-04,2023-04-01,1622.0,37,43.83783783783784
BX0701,University Heights (North)-Fordham,Bronx,2023-05,2023-05-01,1721.0,37,46.513513513513516
BX0701,University Heights (North)-Fordham,Bronx,2023-06,2023-06-01,1479.0,37,39.972972972972975
BX0701,University Heights (North)-Fordham,Bronx,2023-07,2023-07-01,1212.0,37,32.75675675675676
BX0701,University Heights (North)-Fordham,Bronx,2023-08,2023-08-01,1134.0,37,30.64864864864865
BX0701,University Heights (North)-Fordham,Bronx,2023-09,2023-09-01,1473.0,37,39.810810810810814
BX0701,University Heights (North)-Fordham,Bronx,2023-10,2023-10-01,1733.0,37,46.83783783783784
BX0701,University Heights (North)-Fordham,Bronx,2023-11,2023-11-01,1720.0,37,46.486486486486484
BX0701,University Heights (North)-Fordham,Bronx,2023-12,2023-12-01,1469.0,37,39.7027027027027
BX0701,University Heights (North)-Fordham,Bronx,2024-01,2024-01-01,1413.0,37,38.189189189189186
BX0701,University Heights (North)-Fordham,Bronx,2024-02,2024-02-01,1226.0,37,33.13513513513514
BX0701,University Heights (North)-Fordham,Bronx,2024-03,2024-03-01,1359.0,37,36.729729729729726
BX0701,University Heights (North)-Fordham,Bronx,2024-04,2024-04-01,1371.0,37,37.054054054054056
BX0701,University Heights (North)-Fordham,Bronx,2024-05,2024-05-01,1732.0,37,46.810810810810814
BX0701,University Heights (North)-Fordham,Bronx,2024-06,2024-06-01,1182.0,37,31.945945945945947
BX0701,University Heights (North)-Fordham,Bronx,2024-07,2024-07-01,1172.0,37,31.675675675675677
BX0701,University Heights (North)-Fordham,Bronx,2024-08,2024-08-01,1190.0,37,32.16216216216216
BX0701,University Heights (North)-Fordham,Bronx,2024-09,2024-09-01,1734.0,37,46.86486486486486
BX0701,University Heights (North)-Fordham,Bronx,2024-10,2024-10-01,1859.0,37,50.24324324324324
BX0701,University Heights (North)-Fordham,Bronx,2024-11,2024-11-01,1678.0,37,45.351351351351354
BX0701,University Heights (North)-Fordham,Bronx,2024-12,2024-12-01,1611.0,37,43.54054054054054
BX0701,University Heights (North)-Fordham,Bronx,2025-01,2025-01-01,1430.0,37,38.648648648648646
BX0701,University Heights (North)-Fordham,Bronx,2025-02,2025-02-01,1161.0,37,31.37837837837838
BX0701,University Heights (North)-Fordham,Bronx,2025-03,2025-03-01,1419.0,37,38.351351351351354
BX0701,University Heights (North)-Fordham,Bronx,2025-04,2025-04-01,1577.0,37,42.62162162162162
BX0701,University Heights (North)-Fordham,Bronx,2025-05,2025-05-01,1711.0,37,46.24324324324324
BX0701,University Heights (North)-Fordham,Bronx,2025-06,2025-06-01,1244.0,37,33.62162162162162
BX0701,University Heights (North)-Fordham,Bronx,2025-07,2025-07-01,1061.0,37,28.675675675675677
BX0701,University Heights (North)-Fordham,Bronx,2025-08,2025-08-01,1126.0,37,30.43243243243243
BX0701,University Heights (North)-Fordham,Bronx,2025-09,2025-09-01,1545.0,37,41.75675675675676
BX0701,University Heights (North)-Fordham,Bronx,2025-10,2025-10-01,1571.0,37,42.45945945945946
BX0701,University Heights (North)-Fordham,Bronx,2025-11,2025-11-01,56.0,37,1.5135135135135136
BX0702,Bedford Park,Bronx,2022-03,2022-03-01,1406.0,37,38.0
BX0702,Bedford Park,Bronx,2022-04,2022-04-01,1290.0,37,34.86486486486486
BX0702,Bedford Park,Bronx,2022-05,2022-05-01,1789.0,37,48.351351351351354
BX0702,Bedford Park,Bronx,2022-06,2022-06-01,1309.0,37,35.37837837837838
BX0702,Bedford Park,Bronx,2022-07,2022-07-01,1060.0,37,28.64864864864865
BX0702,Bedford Park,Bronx,2022-08,2022-08-01,1153.0,37,31.16216216216216
BX0702,Bedford Park,Bronx,2022-09,2022-09-01,1672.0,37,45.189189189189186
BX0702,Bedford Park,Bronx,2022-10,2022-10-01,1910.0,37,51.62162162162162
BX0702,Bedford Park,Bronx,2022-11,2022-11-01,1729.0,37,46.729729729729726
BX0702,Bedford Park,Bronx,2022-12,2022-12-01,1476.0,37,39.891891891891895
BX0702,Bedford Park,Bronx,2023-01,2023-01-01,1491.0,37,40.2972972972973
BX0702,Bedford Park,Bronx,2023-02,2023-02-01,1464.0,37,39.567567567567565
BX0702,Bedford Park,Bronx,2023-03,2023-03-01,1657.0,37,44.78378378378378
BX0702,Bedford Park,Bronx,2023-04,2023-04-01,1622.0,37,43.83783783783784
BX0702,Bedford Park,Bronx,2023-05,2023-05-01,1721.0,37,46.513513513513516
BX0702,Bedford Park,Bronx,2023-06,2023-06-01,1479.0,37,39.972972972972975
BX0702,Bedford Park,Bronx,2023-07,2023-07-01,1212.0,37,32.75675675675676
BX0702,Bedford Park,Bronx,2023-08,2023-08-01,1134.0,37,30.64864864864865
BX0702,Bedford Park,Bronx,2023-09,2023-09-01,1473.0,37,39.810810810810814
BX0702,Bedford Park,Bronx,2023-10,2023-10-01,1733.0,37,46.83783783783784
BX0702,Bedford Park,Bronx,2023-11,2023-11-01,1720.0,37,46.486486486486484
BX0702,Bedford Park,Bronx,2023-12,2023-12-01,1469.0,37,39.7027027027027
BX0702,Bedford Park,Bronx,2024-01,2024-01-01,1413.0,37,38.189189189189186
BX0702,Bedford Park,Bronx,2024-02,2024-02-01,1226.0,37,33.13513513513514
BX0702,Bedford Park,Bronx,2024-03,2024-03-01,1359.0,37,36.729729729729726
BX0702,Bedford Park,Bronx,2024-04,2024-04-01,1371.0,37,37.054054054054056
BX0702,Bedford Park,Bronx,2024-05,2024-05-01,1732.0,37,46.810810810810814
BX0702,Bedford Park,Bronx,2024-06,2024-06-01,1182.0,37,31.945945945945947
BX0702,Bedford Park,Bronx,2024-07,2024-07-01,1172.0,37,31.675675675675677
BX0702,Bedford Park,Bronx,2024-08,2024-08-01,1190.0,37,32.16216216216216
BX0702,Bedford Park,Bronx,2024-09,2024-09-01,1734.0,37,46.86486486486486
BX0702,Bedford Park,Bronx,2024-10,2024-10-01,1859.0,37,50.24324324324324
BX0702,Bedford Park,Bronx,2024-11,2024-11-01,1678.0,37,45.351351351351354
BX0702,Bedford Park,Bronx,2024-12,2024-12-01,1611.0,37,43.54054054054054
BX0702,Bedford Park,Bronx,2025-01,2025-01-01,1430.0,37,38.648648648648646
BX0702,Bedford Park,Bronx,2025-02,2025-02-01,1161.0,37,31.37837837837838
BX0702,Bedford Park,Bronx,2025-03,2025-03-01,1419.0,37,38.351351351351354
BX0702,Bedford Park,Bronx,2025-04,2025-04-01,1577.0,37,42.62162162162162
BX0702,Bedford Park,Bronx,2025-05,2025-05-01,1711.0,37,46.24324324324324
BX0702,Bedford Park,Bronx,2025-06,2025-06-01,1244.0,37,33.62162162162162
BX0702,Bedford Park,Bronx,2025-07,2025-07-01,1061.0,37,28.675675675675677
BX0702,Bedford Park,Bronx,2025-08,2025-08-01,1126.0,37,30.43243243243243
BX0702,Bedford Park,Bronx,2025-09,2025-09-01,1545.0,37,41.75675675675676
BX0702,Bedford Park,Bronx,2025-10,2025-10-01,1571.0,37,42.45945945945946
BX0702,Bedford Park,Bronx,2025-11,2025-11-01,56.0,37,1.5135135135135136
BX0703,Norwood,Bronx,2022-03,2022-03-01,1406.0,37,38.0
BX0703,Norwood,Bronx,2022-04,2022-04-01,1290.0,37,34.86486486486486
BX0703,Norwood,Bronx,2022-05,2022-05-01,1789.0,37,48.351351351351354
BX0703,Norwood,Bronx,2022-06,2022-06-01,1309.0,37,35.37837837837838
BX0703,Norwood,Bronx,2022-07,2022-07-01,1060.0,37,28.64864864864865
BX0703,Norwood,Bronx,2022-08,2022-08-01,1153.0,37,31.16216216216216
BX0703,Norwood,Bronx,2022-09,2022-09-01,1672.0,37,45.189189189189186
BX0703,Norwood,Bronx,2022-10,2022-10-01,1910.0,37,51.62162162162162
BX0703,Norwood,Bronx,2022-11,2022-11-01,1729.0,37,46.729729729729726
BX0703,Norwood,Bronx,2022-12,2022-12-01,1476.0,37,39.891891891891895
BX0703,Norwood,Bronx,2023-01,2023-01-01,1491.0,37,40.2972972972973
BX0703,Norwood,Bronx,2023-02,2023-02-01,1464.0,37,39.567567567567565
BX0703,Norwood,Bronx,2023-03,2023-03-01,1657.0,37,44.78378378378378
BX0703,Norwood,Bronx,2023-04,2023-04-01,1622.0,37,43.83783783783784
BX0703,Norwood,Bronx,2023-05,2023-05-01,1721.0,37,46.513513513513516
BX0703,Norwood,Bronx,2023-06,2023-06-01,1479.0,37,39.972972972972975
BX0703,Norwood,Bronx,2023-07,2023-07-01,1212.0,37,32.75675675675676
BX0703,Norwood,Bronx,2023-08,2023-08-01,1134.0,37,30.64864864864865
BX0703,Norwood,Bronx,2023-09,2023-09-01,1473.0,37,39.810810810810814
BX0703,Norwood,Bronx,2023-10,2023-10-01,1733.0,37,46.83783783783784
BX0703,Norwood,Bronx,2023-11,2023-11-01,1720.0,37,46.486486486486484
BX0703,Norwood,Bronx,2023-12,2023-12-01,1469.0,37,39.7027027027027
BX0703,Norwood,Bronx,2024-01,2024-01-01,1413.0,37,38.189189189189186
BX0703,Norwood,Bronx,2024-02,2024-02-01,1226.0,37,33.13513513513514
BX0703,Norwood,Bronx,2024-03,2024-03-01,1359.0,37,36.729729729729726
BX0703,Norwood,Bronx,2024-04,2024-04-01,1371.0,37,37.054054054054056
BX0703,Norwood,Bronx,2024-05,2024-05-01,1732.0,37,46.810810810810814
BX0703,Norwood,Bronx,2024-06,2024-06-01,1182.0,37,31.945945945945947
BX0703,Norwood,Bronx,2024-07,2024-07-01,1172.0,37,31.675675675675677
BX0703,Norwood,Bronx,2024-08,2024-08-01,1190.0,37,32.16216216216216
BX0703,Norwood,Bronx,2024-09,2024-09-01,1734.0,37,46.86486486486486
BX0703,Norwood,Bronx,2024-10,2024-10-01,1859.0,37,50.24324324324324
BX0703,Norwood,Bronx,2024-11,2024-11-01,1678.0,37,45.351351351351354
BX0703,Norwood,Bronx,2024-12,2024-12-01,1611.0,37,43.54054054054054
BX0703,Norwood,Bronx,2025-01,2025-01-01,1430.0,37,38.648648648648646
BX0703,Norwood,Bronx,2025-02,2025-02-01,1161.0,37,31.37837837837838
BX0703,Norwood,Bronx,2025-03,2025-03-01,1419.0,37,38.351351351351354
BX0703,Norwood,Bronx,2025-04,2025-04-01,1577.0,37,42.62162162162162
BX0703,Norwood,Bronx,2025-05,2025-05-01,1711.0,37,46.24324324324324
BX0703,Norwood,Bronx,2025-06,2025-06-01,1244.0,37,33.62162162162162
BX0703,Norwood,Bronx,2025-07,2025-07-01,1061.0,37,28.675675675675677
BX0703,Norwood,Bronx,2025-08,2025-08-01,1126.0,37,30.43243243243243
BX0703,Norwood,Bronx,2025-09,2025-09-01,1545.0,37,41.75675675675676
BX0703,Norwood,Bronx,2025-10,2025-10-01,1571.0,37,42.45945945945946
BX0703,Norwood,Bronx,2025-11,2025-11-01,56.0,37,1.5135135135135136
BX0801,Kingsbridge Heights-Van Cortlandt Village,Bronx,2022-03,2022-03-01,1406.0,37,38.0
BX0801,Kingsbridge Heights-Van Cortlandt Village,Bronx,2022-04,2022-04-01,1290.0,37,34.86486486486486
BX0801,Kingsbridge Heights-Van Cortlandt Village,Bronx,2022-05,2022-05-01,1789.0,37,48.351351351351354
BX0801,Kingsbridge Heights-Van Cortlandt Village,Bronx,2022-06,2022-06-01,1309.0,37,35.37837837837838
BX0801,Kingsbridge Heights-Van Cortlandt Village,Bronx,2022-07,2022-07-01,1060.0,37,28.64864864864865
BX0801,Kingsbridge Heights-Van Cortlandt Village,Bronx,2022-08,2022-08-01,1153.0,37,31.16216216216216
BX0801,Kingsbridge Heights-Van Cortlandt Village,Bronx,2022-09,2022-09-01,1672.0,37,45.189189189189186
BX0801,Kingsbridge Heights-Van Cortlandt Village,Bronx,2022-10,2022-10-01,1910.0,37,51.62162162162162
BX0801,Kingsbridge Heights-Van Cortlandt Village,Bronx,2022-11,2022-11-01,1729.0,37,46.729729729729726
BX0801,Kingsbridge Heights-Van Cortlandt Village,Bronx,2022-12,2022-12-01,1476.0,37,39.891891891891895
BX0801,Kingsbridge Heights-Van Cortlandt Village,Bronx,2023-01,2023-01-01,1491.0,37,40.2972972972973
BX0801,Kingsbridge Heights-Van Cortlandt Village,Bronx,2023-02,2023-02-01,1464.0,37,39.567567567567565
BX0801,Kingsbridge Heights-Van Cortlandt Village,Bronx,2023-03,2023-03-01,1657.0,37,44.78378378378378
BX0801,Kingsbridge Heights-Van Cortlandt Village,Bronx,2023-04,2023-04-01,1622.0,37,43.83783783783784
BX0801,Kingsbridge Heights-Van Cortlandt Village,Bronx,2023-05,2023-05-01,1721.0,37,46.513513513513516
BX0801,Kingsbridge Heights-Van Cortlandt Village,Bronx,2023-06,2023-06-01,1479.0,37,39.972972972972975
BX0801,Kingsbridge Heights-Van Cortlandt Village,Bronx,2023-07,2023-07-01,1212.0,37,32.75675675675676
BX0801,Kingsbridge Heights-Van Cortlandt Village,Bronx,2023-08,2023-08-01,1134.0,37,30.64864864864865
BX0801,Kingsbridge Heights-Van Cortlandt Village,Bronx,2023-09,2023-09-01,1473.0,37,39.810810810810814
BX0801,Kingsbridge Heights-Van Cortlandt Village,Bronx,2023-10,2023-10-01,1733.0,37,46.83783783783784
BX0801,Kingsbridge Heights-Van Cortlandt Village,Bronx,2023-11,2023-11-01,1720.0,37,46.486486486486484
BX0801,Kingsbridge Heights-Van Cortlandt Village,Bronx,2023-12,2023-12-01,1469.0,37,39.7027027027027
BX0801,Kingsbridge Heights-Van Cortlandt Village,Bronx,2024-01,2024-01-01,1413.0,37,38.189189189189186
BX0801,Kingsbridge Heights-Van Cortlandt Village,Bronx,2024-02,2024-02-01,1226.0,37,33.13513513513514
BX0801,Kingsbridge Heights-Van Cortlandt Village,Bronx,2024-03,2024-03-01,1359.0,37,36.729729729729726
BX0801,Kingsbridge Heights-Van Cortlandt Village,Bronx,2024-04,2024-04-01,1371.0,37,37.054054054054056
BX0801,Kingsbridge Heights-Van Cortlandt Village,Bronx,2024-05,2024-05-01,1732.0,37,46.810810810810814
BX0801,Kingsbridge Heights-Van Cortlandt Village,Bronx,2024-06,2024-06-01,1182.0,37,31.945945945945947
BX0801,Kingsbridge Heights-Van Cortlandt Village,Bronx,2024-07,2024-07-01,1172.0,37,31.675675675675677
BX0801,Kingsbridge Heights-Van Cortlandt Village,Bronx,2024-08,2024-08-01,1190.0,37,32.16216216216216
BX0801,Kingsbridge Heights-Van Cortlandt Village,Bronx,2024-09,2024-09-01,1734.0,37,46.86486486486486
BX0801,Kingsbridge Heights-Van Cortlandt Village,Bronx,2024-10,2024-10-01,1859.0,37,50.24324324324324
BX0801,Kingsbridge Heights-Van Cortlandt Village,Bronx,2024-11,2024-11-01,1678.0,37,45.351351351351354
BX0801,Kingsbridge Heights-Van Cortlandt Village,Bronx,2024-12,2024-12-01,1611.0,37,43.54054054054054
BX0801,Kingsbridge Heights-Van Cortlandt Village,Bronx,2025-01,2025-01-01,1430.0,37,38.648648648648646
BX0801,Kingsbridge Heights-Van Cortlandt Village,Bronx,2025-02,2025-02-01,1161.0,37,31.37837837837838
BX0801,Kingsbridge Heights-Van Cortlandt Village,Bronx,2025-03,2025-03-01,1419.0,37,38.351351351351354
BX0801,Kingsbridge Heights-Van Cortlandt Village,Bronx,2025-04,2025-04-01,1577.0,37,42.62162162162162
BX0801,Kingsbridge Heights-Van Cortlandt Village,Bronx,2025-05,2025-05-01,1711.0,37,46.24324324324324
BX0801,Kingsbridge Heights-Van Cortlandt Village,Bronx,2025-06,2025-06-01,1244.0,37,33.62162162162162
BX0801,Kingsbridge Heights-Van Cortlandt Village,Bronx,2025-07,2025-07-01,1061.0,37,28.675675675675677
BX0801,Kingsbridge Heights-Van Cortlandt Village,Bronx,2025-08,2025-08-01,1126.0,37,30.43243243243243
BX0801,Kingsbridge Heights-Van Cortlandt Village,Bronx,2025-09,2025-09-01,1545.0,37,41.75675675675676
BX0801,Kingsbridge Heights-Van Cortlandt Village,Bronx,2025-10,2025-10-01,1571.0,37,42.45945945945946
BX0801,Kingsbridge Heights-Van Cortlandt Village,Bronx,2025-11,2025-11-01,56.0,37,1.5135135135135136
BX0802,Kingsbridge-Marble Hill,Bronx,2022-03,2022-03-01,1406.0,37,38.0
BX0802,Kingsbridge-Marble Hill,Bronx,2022-04,2022-04-01,1290.0,37,34.86486486486486
BX0802,Kingsbridge-Marble Hill,Bronx,2022-05,2022-05-01,1789.0,37,48.351351351351354
BX0802,Kingsbridge-Marble Hill,Bronx,2022-06,2022-06-01,1309.0,37,35.37837837837838
BX0802,Kingsbridge-Marble Hill,Bronx,2022-07,2022-07-01,1060.0,37,28.64864864864865
BX0802,Kingsbridge-Marble Hill,Bronx,2022-08,2022-08-01,1153.0,37,31.16216216216216
BX0802,Kingsbridge-Marble Hill,Bronx,2022-09,2022-09-01,1672.0,37,45.189189189189186
BX0802,Kingsbridge-Marble Hill,Bronx,2022-10,2022-10-01,1910.0,37,51.62162162162162
BX0802,Kingsbridge-Marble Hill,Bronx,2022-11,2022-11-01,1729.0,37,46.729729729729726
BX0802,Kingsbridge-Marble Hill,Bronx,2022-12,2022-12-01,1476.0,37,39.891891891891895
BX0802,Kingsbridge-Marble Hill,Bronx,2023-01,2023-01-01,1491.0,37,40.2972972972973
BX0802,Kingsbridge-Marble Hill,Bronx,2023-02,2023-02-01,1464.0,37,39.567567567567565
BX0802,Kingsbridge-Marble Hill,Bronx,2023-03,2023-03-01,1657.0,37,44.78378378378378
BX0802,Kingsbridge-Marble Hill,Bronx,2023-04,2023-04-01,1622.0,37,43.83783783783784
BX0802,Kingsbridge-Marble Hill,Bronx,2023-05,2023-05-01,1721.0,37,46.513513513513516
BX0802,Kingsbridge-Marble Hill,Bronx,2023-06,2023-06-01,1479.0,37,39.972972972972975
BX0802,Kingsbridge-Marble Hill,Bronx,2023-07,2023-07-01,1212.0,37,32.75675675675676
BX0802,Kingsbridge-Marble Hill,Bronx,2023-08,2023-08-01,1134.0,37,30.64864864864865
BX0802,Kingsbridge-Marble Hill,Bronx,2023-09,2023-09-01,1473.0,37,39.810810810810814
BX0802,Kingsbridge-Marble Hill,Bronx,2023-10,2023-10-01,1733.0,37,46.83783783783784
BX0802,Kingsbridge-Marble Hill,Bronx,2023-11,2023-11-01,1720.0,37,46.486486486486484
BX0802,Kingsbridge-Marble Hill,Bronx,2023-12,2023-12-01,1469.0,37,39.7027027027027
BX0802,Kingsbridge-Marble Hill,Bronx,2024-01,2024-01-01,1413.0,37,38.189189189189186
BX0802,Kingsbridge-Marble Hill,Bronx,2024-02,2024-02-01,1226.0,37,33.13513513513514
BX0802,Kingsbridge-Marble Hill,Bronx,2024-03,2024-03-01,1359.0,37,36.729729729729726
BX0802,Kingsbridge-Marble Hill,Bronx,2024-04,2024-04-01,1371.0,37,37.054054054054056
BX0802,Kingsbridge-Marble Hill,Bronx,2024-05,2024-05-01,1732.0,37,46.810810810810814
BX0802,Kingsbridge-Marble Hill,Bronx,2024-06,2024-06-01,1182.0,37,31.945945945945947
BX0802,Kingsbridge-Marble Hill,Bronx,2024-07,2024-07-01,1172.0,37,31.675675675675677
BX0802,Kingsbridge-Marble Hill,Bronx,2024-08,2024-08-01,1190.0,37,32.16216216216216
BX0802,Kingsbridge-Marble Hill,Bronx,2024-09,2024-09-01,1734.0,37,46.86486486486486
BX0802,Kingsbridge-Marble Hill,Bronx,2024-10,2024-10-01,1859.0,37,50.24324324324324
BX0802,Kingsbridge-Marble Hill,Bronx,2024-11,2024-11-01,1678.0,37,45.351351351351354
BX0802,Kingsbridge-Marble Hill,Bronx,2024-12,2024-12-01,1611.0,37,43.54054054054054
BX0802,Kingsbridge-Marble Hill,Bronx,2025-01,2025-01-01,1430.0,37,38.648648648648646
BX0802,Kingsbridge-Marble Hill,Bronx,2025-02,2025-02-01,1161.0,37,31.37837837837838
BX0802,Kingsbridge-Marble Hill,Bronx,2025-03,2025-03-01,1419.0,37,38.351351351351354
BX0802,Kingsbridge-Marble Hill,Bronx,2025-04,2025-04-01,1577.0,37,42.62162162162162
BX0802,Kingsbridge-Marble Hill,Bronx,2025-05,2025-05-01,1711.0,37,46.24324324324324
BX0802,Kingsbridge-Marble Hill,Bronx,2025-06,2025-06-01,1244.0,37,33.62162162162162
BX0802,Kingsbridge-Marble Hill,Bronx,2025-07,2025-07-01,1061.0,37,28.675675675675677
BX0802,Kingsbridge-Marble Hill,Bronx,2025-08,2025-08-01,1126.0,37,30.43243243243243
BX0802,Kingsbridge-Marble Hill,Bronx,2025-09,2025-09-01,1545.0,37,41.75675675675676
BX0802,Kingsbridge-Marble Hill,Bronx,2025-10,2025-10-01,1571.0,37,42.45945945945946
BX0802,Kingsbridge-Marble Hill,Bronx,2025-11,2025-11-01,56.0,37,1.5135135135135136
BX0803,Riverdale-Spuyten Duyvil,Bronx,2022-03,2022-03-01,1406.0,37,38.0
BX0803,Riverdale-Spuyten Duyvil,Bronx,2022-04,2022-04-01,1290.0,37,34.86486486486486
BX0803,Riverdale-Spuyten Duyvil,Bronx,2022-05,2022-05-01,1789.0,37,48.351351351351354
BX0803,Riverdale-Spuyten Duyvil,Bronx,2022-06,2022-06-01,1309.0,37,35.37837837837838
BX0803,Riverdale-Spuyten Duyvil,Bronx,2022-07,2022-07-01,1060.0,37,28.64864864864865
BX0803,Riverdale-Spuyten Duyvil,Bronx,2022-08,2022-08-01,1153.0,37,31.16216216216216
BX0803,Riverdale-Spuyten Duyvil,Bronx,2022-09,2022-09-01,1672.0,37,45.189189189189186
BX0803,Riverdale-Spuyten Duyvil,Bronx,2022-10,2022-10-01,1910.0,37,51.62162162162162
BX0803,Riverdale-Spuyten Duyvil,Bronx,2022-11,2022-11-01,1729.0,37,46.729729729729726
BX0803,Riverdale-Spuyten Duyvil,Bronx,2022-12,2022-12-01,1476.0,37,39.891891891891895
BX0803,Riverdale-Spuyten Duyvil,Bronx,2023-01,2023-01-01,1491.0,37,40.2972972972973
BX0803,Riverdale-Spuyten Duyvil,Bronx,2023-02,2023-02-01,1464.0,37,39.567567567567565
BX0803,Riverdale-Spuyten Duyvil,Bronx,2023-03,2023-03-01,1657.0,37,44.78378378378378
BX0803,Riverdale-Spuyten Duyvil,Bronx,2023-04,2023-04-01,1622.0,37,43.83783783783784
BX0803,Riverdale-Spuyten Duyvil,Bronx,2023-05,2023-05-01,1721.0,37,46.513513513513516
BX0803,Riverdale-Spuyten Duyvil,Bronx,2023-06,2023-06-01,1479.0,37,39.972972972972975
BX0803,Riverdale-Spuyten Duyvil,Bronx,2023-07,2023-07-01,1212.0,37,32.75675675675676
BX0803,Riverdale-Spuyten Duyvil,Bronx,2023-08,2023-08-01,1134.0,37,30.64864864864865
BX0803,Riverdale-Spuyten Duyvil,Bronx,2023-09,2023-09-01,1473.0,37,39.810810810810814
BX0803,Riverdale-Spuyten Duyvil,Bronx,2023-10,2023-10-01,1733.0,37,46.83783783783784
BX0803,Riverdale-Spuyten Duyvil,Bronx,2023-11,2023-11-01,1720.0,37,46.486486486486484
BX0803,Riverdale-Spuyten Duyvil,Bronx,2023-12,2023-12-01,1469.0,37,39.7027027027027
BX0803,Riverdale-Spuyten Duyvil,Bronx,2024-01,2024-01-01,1413.0,37,38.189189189189186
BX0803,Riverdale-Spuyten Duyvil,Bronx,2024-02,2024-02-01,1226.0,37,33.13513513513514
BX0803,Riverdale-Spuyten Duyvil,Bronx,2024-03,2024-03-01,1359.0,37,36.729729729729726
BX0803,Riverdale-Spuyten Duyvil,Bronx,2024-04,2024-04-01,1371.0,37,37.054054054054056
BX0803,Riverdale-Spuyten Duyvil,Bronx,2024-05,2024-05-01,1732.0,37,46.810810810810814
BX0803,Riverdale-Spuyten Duyvil,Bronx,2024-06,2024-06-01,1182.0,37,31.945945945945947
BX0803,Riverdale-Spuyten Duyvil,Bronx,2024-07,2024-07-01,1172.0,37,31.675675675675677
BX0803,Riverdale-Spuyten Duyvil,Bronx,2024-08,2024-08-01,1190.0,37,32.16216216216216
BX0803,Riverdale-Spuyten Duyvil,Bronx,2024-09,2024-09-01,1734.0,37,46.86486486486486
BX0803,Riverdale-Spuyten Duyvil,Bronx,2024-10,2024-10-01,1859.0,37,50.24324324324324
BX0803,Riverdale-Spuyten Duyvil,Bronx,2024-11,2024-11-01,1678.0,37,45.351351351351354
BX0803,Riverdale-Spuyten Duyvil,Bronx,2024-12,2024-12-01,1611.0,37,43.54054054054054
BX0803,Riverdale-Spuyten Duyvil,Bronx,2025-01,2025-01-01,1430.0,37,38.648648648648646
BX0803,Riverdale-Spuyten Duyvil,Bronx,2025-02,2025-02-01,1161.0,37,31.37837837837838
BX0803,Riverdale-Spuyten Duyvil,Bronx,2025-03,2025-03-01,1419.0,37,38.351351351351354
BX0803,Riverdale-Spuyten Duyvil,Bronx,2025-04,2025-04-01,1577.0,37,42.62162162162162
BX0803,Riverdale-Spuyten Duyvil,Bronx,2025-05,2025-05-01,1711.0,37,46.24324324324324
BX0803,Riverdale-Spuyten Duyvil,Bronx,2025-06,2025-06-01,1244.0,37,33.62162162162162
BX0803,Riverdale-Spuyten Duyvil,Bronx,2025-07,2025-07-01,1061.0,37,28.675675675675677
BX0803,Riverdale-Spuyten Duyvil,Bronx,2025-08,2025-08-01,1126.0,37,30.43243243243243
BX0803,Riverdale-Spuyten Duyvil,Bronx,2025-09,2025-09-01,1545.0,37,41.75675675675676
BX0803,Riverdale-Spuyten Duyvil,Bronx,2025-10,2025-10-01,1571.0,37,42.45945945945946
BX0803,Riverdale-Spuyten Duyvil,Bronx,2025-11,2025-11-01,56.0,37,1.5135135135135136
BX0901,Soundview-Bruckner-Bronx River,Bronx,2022-03,2022-03-01,1406.0,37,38.0
BX0901,Soundview-Bruckner-Bronx River,Bronx,2022-04,2022-04-01,1290.0,37,34.86486486486486
BX0901,Soundview-Bruckner-Bronx River,Bronx,2022-05,2022-05-01,1789.0,37,48.351351351351354
BX0901,Soundview-Bruckner-Bronx River,Bronx,2022-06,2022-06-01,1309.0,37,35.37837837837838
BX0901,Soundview-Bruckner-Bronx River,Bronx,2022-07,2022-07-01,1060.0,37,28.64864864864865
BX0901,Soundview-Bruckner-Bronx River,Bronx,2022-08,2022-08-01,1153.0,37,31.16216216216216
BX0901,Soundview-Bruckner-Bronx River,Bronx,2022-09,2022-09-01,1672.0,37,45.189189189189186
BX0901,Soundview-Bruckner-Bronx River,Bronx,2022-10,2022-10-01,1910.0,37,51.62162162162162
BX0901,Soundview-Bruckner-Bronx River,Bronx,2022-11,2022-11-01,1729.0,37,46.729729729729726
BX0901,Soundview-Bruckner-Bronx River,Bronx,2022-12,2022-12-01,1476.0,37,39.891891891891895
BX0901,Soundview-Bruckner-Bronx River,Bronx,2023-01,2023-01-01,1491.0,37,40.2972972972973
BX0901,Soundview-Bruckner-Bronx River,Bronx,2023-02,2023-02-01,1464.0,37,39.567567567567565
BX0901,Soundview-Bruckner-Bronx River,Bronx,2023-03,2023-03-01,1657.0,37,44.78378378378378
BX0901,Soundview-Bruckner-Bronx River,Bronx,2023-04,2023-04-01,1622.0,37,43.83783783783784
BX0901,Soundview-Bruckner-Bronx River,Bronx,2023-05,2023-05-01,1721.0,37,46.513513513513516
BX0901,Soundview-Bruckner-Bronx River,Bronx,2023-06,2023-06-01,1479.0,37,39.972972972972975
BX0901,Soundview-Bruckner-Bronx River,Bronx,2023-07,2023-07-01,1212.0,37,32.75675675675676
BX0901,Soundview-Bruckner-Bronx River,Bronx,2023-08,2023-08-01,1134.0,37,30.64864864864865
BX0901,Soundview-Bruckner-Bronx River,Bronx,2023-09,2023-09-01,1473.0,37,39.810810810810814
BX0901,Soundview-Bruckner-Bronx River,Bronx,2023-10,2023-10-01,1733.0,37,46.83783783783784
BX0901,Soundview-Bruckner-Bronx River,Bronx,2023-11,2023-11-01,1720.0,37,46.486486486486484
BX0901,Soundview-Bruckner-Bronx River,Bronx,2023-12,2023-12-01,1469.0,37,39.7027027027027
BX0901,Soundview-Bruckner-Bronx River,Bronx,2024-01,2024-01-01,1413.0,37,38.189189189189186
BX0901,Soundview-Bruckner-Bronx River,Bronx,2024-02,2024-02-01,1226.0,37,33.13513513513514
BX0901,Soundview-Bruckner-Bronx River,Bronx,2024-03,2024-03-01,1359.0,37,36.729729729729726
BX0901,Soundview-Bruckner-Bronx River,Bronx,2024-04,2024-04-01,1371.0,37,37.054054054054056
BX0901,Soundview-Bruckner-Bronx River,Bronx,2024-05,2024-05-01,1732.0,37,46.810810810810814
BX0901,Soundview-Bruckner-Bronx River,Bronx,2024-06,2024-06-01,1182.0,37,31.945945945945947
BX0901,Soundview-Bruckner-Bronx River,Bronx,2024-07,2024-07-01,1172.0,37,31.675675675675677
BX0901,Soundview-Bruckner-Bronx River,Bronx,2024-08,2024-08-01,1190.0,37,32.16216216216216
BX0901,Soundview-Bruckner-Bronx River,Bronx,2024-09,2024-09-01,1734.0,37,46.86486486486486
BX0901,Soundview-Bruckner-Bronx River,Bronx,2024-10,2024-10-01,1859.0,37,50.24324324324324
BX0901,Soundview-Bruckner-Bronx River,Bronx,2024-11,2024-11-01,1678.0,37,45.351351351351354
BX0901,Soundview-Bruckner-Bronx River,Bronx,2024-12,2024-12-01,1611.0,37,43.54054054054054
BX0901,Soundview-Bruckner-Bronx River,Bronx,2025-01,2025-01-01,1430.0,37,38.648648648648646
BX0901,Soundview-Bruckner-Bronx River,Bronx,2025-02,2025-02-01,1161.0,37,31.37837837837838
BX0901,Soundview-Bruckner-Bronx River,Bronx,2025-03,2025-03-01,1419.0,37,38.351351351351354
BX0901,Soundview-Bruckner-Bronx River,Bronx,2025-04,2025-04-01,1577.0,37,42.62162162162162
BX0901,Soundview-Bruckner-Bronx River,Bronx,2025-05,2025-05-01,1711.0,37,46.24324324324324
BX0901,Soundview-Bruckner-Bronx River,Bronx,2025-06,2025-06-01,1244.0,37,33.62162162162162
BX0901,Soundview-Bruckner-Bronx River,Bronx,2025-07,2025-07-01,1061.0,37,28.675675675675677
BX0901,Soundview-Bruckner-Bronx River,Bronx,2025-08,2025-08-01,1126.0,37,30.43243243243243
BX0901,Soundview-Bruckner-Bronx River,Bronx,2025-09,2025-09-01,1545.0,37,41.75675675675676
BX0901,Soundview-Bruckner-Bronx River,Bronx,2025-10,2025-10-01,1571.0,37,42.45945945945946
BX0901,Soundview-Bruckner-Bronx River,Bronx,2025-11,2025-11-01,56.0,37,1.5135135135135136
BX0902,Soundview-Clason Point,Bronx,2022-03,2022-03-01,1406.0,37,38.0
BX0902,Soundview-Clason Point,Bronx,2022-04,2022-04-01,1290.0,37,34.86486486486486
BX0902,Soundview-Clason Point,Bronx,2022-05,2022-05-01,1789.0,37,48.351351351351354
BX0902,Soundview-Clason Point,Bronx,2022-06,2022-06-01,1309.0,37,35.37837837837838
BX0902,Soundview-Clason Point,Bronx,2022-07,2022-07-01,1060.0,37,28.64864864864865
BX0902,Soundview-Clason Point,Bronx,2022-08,2022-08-01,1153.0,37,31.16216216216216
BX0902,Soundview-Clason Point,Bronx,2022-09,2022-09-01,1672.0,37,45.189189189189186
BX0902,Soundview-Clason Point,Bronx,2022-10,2022-10-01,1910.0,37,51.62162162162162
BX0902,Soundview-Clason Point,Bronx,2022-11,2022-11-01,1729.0,37,46.729729729729726
BX0902,Soundview-Clason Point,Bronx,2022-12,2022-12-01,1476.0,37,39.891891891891895
BX0902,Soundview-Clason Point,Bronx,2023-01,2023-01-01,1491.0,37,40.2972972972973
BX0902,Soundview-Clason Point,Bronx,2023-02,2023-02-01,1464.0,37,39.567567567567565
BX0902,Soundview-Clason Point,Bronx,2023-03,2023-03-01,1657.0,37,44.78378378378378
BX0902,Soundview-Clason Point,Bronx,2023-04,2023-04-01,1622.0,37,43.83783783783784
BX0902,Soundview-Clason Point,Bronx,2023-05,2023-05-01,1721.0,37,46.513513513513516
BX0902,Soundview-Clason Point,Bronx,2023-06,2023-06-01,1479.0,37,39.972972972972975
BX0902,Soundview-Clason Point,Bronx,2023-07,2023-07-01,1212.0,37,32.75675675675676
BX0902,Soundview-Clason Point,Bronx,2023-08,2023-08-01,1134.0,37,30.64864864864865
BX0902,Soundview-Clason Point,Bronx,2023-09,2023-09-01,1473.0,37,39.810810810810814
BX0902,Soundview-Clason Point,Bronx,2023-10,2023-10-01,1733.0,37,46.83783783783784
BX0902,Soundview-Clason Point,Bronx,2023-11,2023-11-01,1720.0,37,46.486486486486484
BX0902,Soundview-Clason Point,Bronx,2023-12,2023-12-01,1469.0,37,39.7027027027027
BX0902,Soundview-Clason Point,Bronx,2024-01,2024-01-01,1413.0,37,38.189189189189186
BX0902,Soundview-Clason Point,Bronx,2024-02,2024-02-01,1226.0,37,33.13513513513514
BX0902,Soundview-Clason Point,Bronx,2024-03,2024-03-01,1359.0,37,36.729729729729726
BX0902,Soundview-Clason Point,Bronx,2024-04,2024-04-01,1371.0,37,37.054054054054056
BX0902,Soundview-Clason Point,Bronx,2024-05,2024-05-01,1732.0,37,46.810810810810814
BX0902,Soundview-Clason Point,Bronx,2024-06,2024-06-01,1182.0,37,31.945945945945947
BX0902,Soundview-Clason Point,Bronx,2024-07,2024-07-01,1172.0,37,31.675675675675677
BX0902,Soundview-Clason Point,Bronx,2024-08,2024-08-01,1190.0,37,32.16216216216216
BX0902,Soundview-Clason Point,Bronx,2024-09,2024-09-01,1734.0,37,46.86486486486486
BX0902,Soundview-Clason Point,Bronx,2024-10,2024-10-01,1859.0,37,50.24324324324324
BX0902,Soundview-Clason Point,Bronx,2024-11,2024-11-01,1678.0,37,45.351351351351354
BX0902,Soundview-Clason Point,Bronx,2024-12,2024-12-01,1611.0,37,43.54054054054054
BX0902,Soundview-Clason Point,Bronx,2025-01,2025-01-01,1430.0,37,38.648648648648646
BX0902,Soundview-Clason Point,Bronx,2025-02,2025-02-01,1161.0,37,31.37837837837838
BX0902,Soundview-Clason Point,Bronx,2025-03,2025-03-01,1419.0,37,38.351351351351354
BX0902,Soundview-Clason Point,Bronx,2025-04,2025-04-01,1577.0,37,42.62162162162162
BX0902,Soundview-Clason Point,Bronx,2025-05,2025-05-01,1711.0,37,46.24324324324324
BX0902,Soundview-Clason Point,Bronx,2025-06,2025-06-01,1244.0,37,33.62162162162162
BX0902,Soundview-Clason Point,Bronx,2025-07,2025-07-01,1061.0,37,28.675675675675677
BX0902,Soundview-Clason Point,Bronx,2025-08,2025-08-01,1126.0,37,30.43243243243243
BX0902,Soundview-Clason Point,Bronx,2025-09,2025-09-01,1545.0,37,41.75675675675676
BX0902,Soundview-Clason Point,Bronx,2025-10,2025-10-01,1571.0,37,42.45945945945946
BX0902,Soundview-Clason Point,Bronx,2025-11,2025-11-01,56.0,37,1.5135135135135136
BX0903,Castle Hill-Unionport,Bronx,2022-03,2022-03-01,1406.0,37,38.0
BX0903,Castle Hill-Unionport,Bronx,2022-04,2022-04-01,1290.0,37,34.86486486486486
BX0903,Castle Hill-Unionport,Bronx,2022-05,2022-05-01,1789.0,37,48.351351351351354
BX0903,Castle Hill-Unionport,Bronx,2022-06,2022-06-01,1309.0,37,35.37837837837838
BX0903,Castle Hill-Unionport,Bronx,2022-07,2022-07-01,1060.0,37,28.64864864864865
BX0903,Castle Hill-Unionport,Bronx,2022-08,2022-08-01,1153.0,37,31.16216216216216
BX0903,Castle Hill-Unionport,Bronx,2022-09,2022-09-01,1672.0,37,45.189189189189186
BX0903,Castle Hill-Unionport,Bronx,2022-10,2022-10-01,1910.0,37,51.62162162162162
BX0903,Castle Hill-Unionport,Bronx,2022-11,2022-11-01,1729.0,37,46.729729729729726
BX0903,Castle Hill-Unionport,Bronx,2022-12,2022-12-01,1476.0,37,39.891891891891895
BX0903,Castle Hill-Unionport,Bronx,2023-01,2023-01-01,1491.0,37,40.2972972972973
BX0903,Castle Hill-Unionport,Bronx,2023-02,2023-02-01,1464.0,37,39.567567567567565
BX0903,Castle Hill-Unionport,Bronx,2023-03,2023-03-01,1657.0,37,44.78378378378378
BX0903,Castle Hill-Unionport,Bronx,2023-04,2023-04-01,1622.0,37,43.83783783783784
BX0903,Castle Hill-Unionport,Bronx,2023-05,2023-05-01,1721.0,37,46.513513513513516
BX0903,Castle Hill-Unionport,Bronx,2023-06,2023-06-01,1479.0,37,39.972972972972975
BX0903,Castle Hill-Unionport,Bronx,2023-07,2023-07-01,1212.0,37,32.75675675675676
BX0903,Castle Hill-Unionport,Bronx,2023-08,2023-08-01,1134.0,37,30.64864864864865
BX0903,Castle Hill-Unionport,Bronx,2023-09,2023-09-01,1473.0,37,39.810810810810814
BX0903,Castle Hill-Unionport,Bronx,2023-10,2023-10-01,1733.0,37,46.83783783783784
BX0903,Castle Hill-Unionport,Bronx,2023-11,2023-11-01,1720.0,37,46.486486486486484
BX0903,Castle Hill-Unionport,Bronx,2023-12,2023-12-01,1469.0,37,39.7027027027027
BX0903,Castle Hill-Unionport,Bronx,2024-01,2024-01-01,1413.0,37,38.189189189189186
BX0903,Castle Hill-Unionport,Bronx,2024-02,2024-02-01,1226.0,37,33.13513513513514
BX0903,Castle Hill-Unionport,Bronx,2024-03,2024-03-01,1359.0,37,36.729729729729726
BX0903,Castle Hill-Unionport,Bronx,2024-04,2024-04-01,1371.0,37,37.054054054054056
BX0903,Castle Hill-Unionport,Bronx,2024-05,2024-05-01,1732.0,37,46.810810810810814
BX0903,Castle Hill-Unionport,Bronx,2024-06,2024-06-01,1182.0,37,31.945945945945947
BX0903,Castle Hill-Unionport,Bronx,2024-07,2024-07-01,1172.0,37,31.675675675675677
BX0903,Castle Hill-Unionport,Bronx,2024-08,2024-08-01,1190.0,37,32.16216216216216
BX0903,Castle Hill-Unionport,Bronx,2024-09,2024-09-01,1734.0,37,46.86486486486486
BX0903,Castle Hill-Unionport,Bronx,2024-10,2024-10-01,1859.0,37,50.24324324324324
BX0903,Castle Hill-Unionport,Bronx,2024-11,2024-11-01,1678.0,37,45.351351351351354
BX0903,Castle Hill-Unionport,Bronx,2024-12,2024-12-01,1611.0,37,43.54054054054054
BX0903,Castle Hill-Unionport,Bronx,2025-01,2025-01-01,1430.0,37,38.648648648648646
BX0903,Castle Hill-Unionport,Bronx,2025-02,2025-02-01,1161.0,37,31.37837837837838
BX0903,Castle Hill-Unionport,Bronx,2025-03,2025-03-01,1419.0,37,38.351351351351354
BX0903,Castle Hill-Unionport,Bronx,2025-04,2025-04-01,1577.0,37,42.62162162162162
BX0903,Castle Hill-Unionport,Bronx,2025-05,2025-05-01,1711.0,37,46.24324324324324
BX0903,Castle Hill-Unionport,Bronx,2025-06,2025-06-01,1244.0,37,33.62162162162162
BX0903,Castle Hill-Unionport,Bronx,2025-07,2025-07-01,1061.0,37,28.675675675675677
BX0903,Castle Hill-Unionport,Bronx,2025-08,2025-08-01,1126.0,37,30.43243243243243
BX0903,Castle Hill-Unionport,Bronx,2025-09,2025-09-01,1545.0,37,41.75675675675676
BX0903,Castle Hill-Unionport,Bronx,2025-10,2025-10-01,1571.0,37,42.45945945945946
BX0903,Castle Hill-Unionport,Bronx,2025-11,2025-11-01,56.0,37,1.5135135135135136
BX0904,Parkchester,Bronx,2022-03,2022-03-01,1406.0,37,38.0
BX0904,Parkchester,Bronx,2022-04,2022-04-01,1290.0,37,34.86486486486486
BX0904,Parkchester,Bronx,2022-05,2022-05-01,1789.0,37,48.351351351351354
BX0904,Parkchester,Bronx,2022-06,2022-06-01,1309.0,37,35.37837837837838
BX0904,Parkchester,Bronx,2022-07,2022-07-01,1060.0,37,28.64864864864865
BX0904,Parkchester,Bronx,2022-08,2022-08-01,1153.0,37,31.16216216216216
BX0904,Parkchester,Bronx,2022-09,2022-09-01,1672.0,37,45.189189189189186
BX0904,Parkchester,Bronx,2022-10,2022-10-01,1910.0,37,51.62162162162162
BX0904,Parkchester,Bronx,2022-11,2022-11-01,1729.0,37,46.729729729729726
BX0904,Parkchester,Bronx,2022-12,2022-12-01,1476.0,37,39.891891891891895
BX0904,Parkchester,Bronx,2023-01,2023-01-01,1491.0,37,40.2972972972973
BX0904,Parkchester,Bronx,2023-02,2023-02-01,1464.0,37,39.567567567567565
BX0904,Parkchester,Bronx,2023-03,2023-03-01,1657.0,37,44.78378378378378
BX0904,Parkchester,Bronx,2023-04,2023-04-01,1622.0,37,43.83783783783784
BX0904,Parkchester,Bronx,2023-05,2023-05-01,1721.0,37,46.513513513513516
BX0904,Parkchester,Bronx,2023-06,2023-06-01,1479.0,37,39.972972972972975
BX0904,Parkchester,Bronx,2023-07,2023-07-01,1212.0,37,32.75675675675676
BX0904,Parkchester,Bronx,2023-08,2023-08-01,1134.0,37,30.64864864864865
BX0904,Parkchester,Bronx,2023-09,2023-09-01,1473.0,37,39.810810810810814
BX0904,Parkchester,Bronx,2023-10,2023-10-01,1733.0,37,46.83783783783784
BX0904,Parkchester,Bronx,2023-11,2023-11-01,1720.0,37,46.486486486486484
BX0904,Parkchester,Bronx,2023-12,2023-12-01,1469.0,37,39.7027027027027
BX0904,Parkchester,Bronx,2024-01,2024-01-01,1413.0,37,38.189189189189186
BX0904,Parkchester,Bronx,2024-02,2024-02-01,1226.0,37,33.13513513513514
BX0904,Parkchester,Bronx,2024-03,2024-03-01,1359.0,37,36.729729729729726
BX0904,Parkchester,Bronx,2024-04,2024-04-01,1371.0,37,37.054054054054056
BX0904,Parkchester,Bronx,2024-05,2024-05-01,1732.0,37,46.810810810810814
BX0904,Parkchester,Bronx,2024-06,2024-06-01,1182.0,37,31.945945945945947
BX0904,Parkchester,Bronx,2024-07,2024-07-01,1172.0,37,31.675675675675677
BX0904,Parkchester,Bronx,2024-08,2024-08-01,1190.0,37,32.16216216216216
BX0904,Parkchester,Bronx,2024-09,2024-09-01,1734.0,37,46.86486486486486
BX0904,Parkchester,Bronx,2024-10,2024-10-01,1859.0,37,50.24324324324324
BX0904,Parkchester,Bronx,2024-11,2024-11-01,1678.0,37,45.351351351351354
BX0904,Parkchester,Bronx,2024-12,2024-12-01,1611.0,37,43.54054054054054
BX0904,Parkchester,Bronx,2025-01,2025-01-01,1430.0,37,38.648648648648646
BX0904,Parkchester,Bronx,2025-02,2025-02-01,1161.0,37,31.37837837837838
BX0904,Parkchester,Bronx,2025-03,2025-03-01,1419.0,37,38.351351351351354
BX0904,Parkchester,Bronx,2025-04,2025-04-01,1577.0,37,42.62162162162162
BX0904,Parkchester,Bronx,2025-05,2025-05-01,1711.0,37,46.24324324324324
BX0904,Parkchester,Bronx,2025-06,2025-06-01,1244.0,37,33.62162162162162
BX0904,Parkchester,Bronx,2025-07,2025-07-01,1061.0,37,28.675675675675677
BX0904,Parkchester,Bronx,2025-08,2025-08-01,1126.0,37,30.43243243243243
BX0904,Parkchester,Bronx,2025-09,2025-09-01,1545.0,37,41.75675675675676
BX0904,Parkchester,Bronx,2025-10,2025-10-01,1571.0,37,42.45945945945946
BX0904,Parkchester,Bronx,2025-11,2025-11-01,56.0,37,1.5135135135135136
BX1001,Westchester Square,Bronx,2022-03,2022-03-01,1406.0,37,38.0
BX1001,Westchester Square,Bronx,2022-04,2022-04-01,1290.0,37,34.86486486486486
BX1001,Westchester Square,Bronx,2022-05,2022-05-01,1789.0,37,48.351351351351354
BX1001,Westchester Square,Bronx,2022-06,2022-06-01,1309.0,37,35.37837837837838
BX1001,Westchester Square,Bronx,2022-07,2022-07-01,1060.0,37,28.64864864864865
BX1001,Westchester Square,Bronx,2022-08,2022-08-01,1153.0,37,31.16216216216216
BX1001,Westchester Square,Bronx,2022-09,2022-09-01,1672.0,37,45.189189189189186
BX1001,Westchester Square,Bronx,2022-10,2022-10-01,1910.0,37,51.62162162162162
BX1001,Westchester Square,Bronx,2022-11,2022-11-01,1729.0,37,46.729729729729726
BX1001,Westchester Square,Bronx,2022-12,2022-12-01,1476.0,37,39.891891891891895
BX1001,Westchester Square,Bronx,2023-01,2023-01-01,1491.0,37,40.2972972972973
BX1001,Westchester Square,Bronx,2023-02,2023-02-01,1464.0,37,39.567567567567565
BX1001,Westchester Square,Bronx,2023-03,2023-03-01,1657.0,37,44.78378378378378
BX1001,Westchester Square,Bronx,2023-04,2023-04-01,1622.0,37,43.83783783783784
BX1001,Westchester Square,Bronx,2023-05,2023-05-01,1721.0,37,46.513513513513516
BX1001,Westchester Square,Bronx,2023-06,2023-06-01,1479.0,37,39.972972972972975
BX1001,Westchester Square,Bronx,2023-07,2023-07-01,1212.0,37,32.75675675675676
BX1001,Westchester Square,Bronx,2023-08,2023-08-01,1134.0,37,30.64864864864865
BX1001,Westchester Square,Bronx,2023-09,2023-09-01,1473.0,37,39.810810810810814
BX1001,Westchester Square,Bronx,2023-10,2023-10-01,1733.0,37,46.83783783783784
BX1001,Westchester Square,Bronx,2023-11,2023-11-01,1720.0,37,46.486486486486484
BX1001,Westchester Square,Bronx,2023-12,2023-12-01,1469.0,37,39.7027027027027
BX1001,Westchester Square,Bronx,2024-01,2024-01-01,1413.0,37,38.189189189189186
BX1001,Westchester Square,Bronx,2024-02,2024-02-01,1226.0,37,33.13513513513514
BX1001,Westchester Square,Bronx,2024-03,2024-03-01,1359.0,37,36.729729729729726
BX1001,Westchester Square,Bronx,2024-04,2024-04-01,1371.0,37,37.054054054054056
BX1001,Westchester Square,Bronx,2024-05,2024-05-01,1732.0,37,46.810810810810814
BX1001,Westchester Square,Bronx,2024-06,2024-06-01,1182.0,37,31.945945945945947
BX1001,Westchester Square,Bronx,2024-07,2024-07-01,1172.0,37,31.675675675675677
BX1001,Westchester Square,Bronx,2024-08,2024-08-01,1190.0,37,32.16216216216216
BX1001,Westchester Square,Bronx,2024-09,2024-09-01,1734.0,37,46.86486486486486
BX1001,Westchester Square,Bronx,2024-10,2024-10-01,1859.0,37,50.24324324324324
BX1001,Westchester Square,Bronx,2024-11,2024-11-01,1678.0,37,45.351351351351354
BX1001,Westchester Square,Bronx,2024-12,2024-12-01,1611.0,37,43.54054054054054
BX1001,Westchester Square,Bronx,2025-01,2025-01-01,1430.0,37,38.648648648648646
BX1001,Westchester Square,Bronx,2025-02,2025-02-01,1161.0,37,31.37837837837838
BX1001,Westchester Square,Bronx,2025-03,2025-03-01,1419.0,37,38.351351351351354
BX1001,Westchester Square,Bronx,2025-04,2025-04-01,1577.0,37,42.62162162162162
BX1001,Westchester Square,Bronx,2025-05,2025-05-01,1711.0,37,46.24324324324324
BX1001,Westchester Square,Bronx,2025-06,2025-06-01,1244.0,37,33.62162162162162
BX1001,Westchester Square,Bronx,2025-07,2025-07-01,1061.0,37,28.675675675675677
BX1001,Westchester Square,Bronx,2025-08,2025-08-01,1126.0,37,30.43243243243243
BX1001,Westchester Square,Bronx,2025-09,2025-09-01,1545.0,37,41.75675675675676
BX1001,Westchester Square,Bronx,2025-10,2025-10-01,1571.0,37,42.45945945945946
BX1001,Westchester Square,Bronx,2025-11,2025-11-01,56.0,37,1.5135135135135136
BX1002,Throgs Neck-Schuylerville,Bronx,2022-03,2022-03-01,1406.0,37,38.0
BX1002,Throgs Neck-Schuylerville,Bronx,2022-04,2022-04-01,1290.0,37,34.86486486486486
BX1002,Throgs Neck-Schuylerville,Bronx,2022-05,2022-05-01,1789.0,37,48.351351351351354
BX1002,Throgs Neck-Schuylerville,Bronx,2022-06,2022-06-01,1309.0,37,35.37837837837838
BX1002,Throgs Neck-Schuylerville,Bronx,2022-07,2022-07-01,1060.0,37,28.64864864864865
BX1002,Throgs Neck-Schuylerville,Bronx,2022-08,2022-08-01,1153.0,37,31.16216216216216
BX1002,Throgs Neck-Schuylerville,Bronx,2022-09,2022-09-01,1672.0,37,45.189189189189186
BX1002,Throgs Neck-Schuylerville,Bronx,2022-10,2022-10-01,1910.0,37,51.62162162162162
BX1002,Throgs Neck-Schuylerville,Bronx,2022-11,2022-11-01,1729.0,37,46.729729729729726
BX1002,Throgs Neck-Schuylerville,Bronx,2022-12,2022-12-01,1476.0,37,39.891891891891895
BX1002,Throgs Neck-Schuylerville,Bronx,2023-01,2023-01-01,1491.0,37,40.2972972972973
BX1002,Throgs Neck-Schuylerville,Bronx,2023-02,2023-02-01,1464.0,37,39.567567567567565
BX1002,Throgs Neck-Schuylerville,Bronx,2023-03,2023-03-01,1657.0,37,44.78378378378378
BX1002,Throgs Neck-Schuylerville,Bronx,2023-04,2023-04-01,1622.0,37,43.83783783783784
BX1002,Throgs Neck-Schuylerville,Bronx,2023-05,2023-05-01,1721.0,37,46.513513513513516
BX1002,Throgs Neck-Schuylerville,Bronx,2023-06,2023-06-01,1479.0,37,39.972972972972975
BX1002,Throgs Neck-Schuylerville,Bronx,2023-07,2023-07-01,1212.0,37,32.75675675675676
BX1002,Throgs Neck-Schuylerville,Bronx,2023-08,2023-08-01,1134.0,37,30.64864864864865
BX1002,Throgs Neck-Schuylerville,Bronx,2023-09,2023-09-01,1473.0,37,39.810810810810814
BX1002,Throgs Neck-Schuylerville,Bronx,2023-10,2023-10-01,1733.0,37,46.83783783783784
BX1002,Throgs Neck-Schuylerville,Bronx,2023-11,2023-11-01,1720.0,37,46.486486486486484
BX1002,Throgs Neck-Schuylerville,Bronx,2023-12,2023-12-01,1469.0,37,39.7027027027027
BX1002,Throgs Neck-Schuylerville,Bronx,2024-01,2024-01-01,1413.0,37,38.189189189189186
BX1002,Throgs Neck-Schuylerville,Bronx,2024-02,2024-02-01,1226.0,37,33.13513513513514
BX1002,Throgs Neck-Schuylerville,Bronx,2024-03,2024-03-01,1359.0,37,36.729729729729726
BX1002,Throgs Neck-Schuylerville,Bronx,2024-04,2024-04-01,1371.0,37,37.054054054054056
BX1002,Throgs Neck-Schuylerville,Bronx,2024-05,2024-05-01,1732.0,37,46.810810810810814
BX1002,Throgs Neck-Schuylerville,Bronx,2024-06,2024-06-01,1182.0,37,31.945945945945947
BX1002,Throgs Neck-Schuylerville,Bronx,2024-07,2024-07-01,1172.0,37,31.675675675675677
BX1002,Throgs Neck-Schuylerville,Bronx,2024-08,2024-08-01,1190.0,37,32.16216216216216
BX1002,Throgs Neck-Schuylerville,Bronx,2024-09,2024-09-01,1734.0,37,46.86486486486486
BX1002,Throgs Neck-Schuylerville,Bronx,2024-10,2024-10-01,1859.0,37,50.24324324324324
BX1002,Throgs Neck-Schuylerville,Bronx,2024-11,2024-11-01,1678.0,37,45.351351351351354
BX1002,Throgs Neck-Schuylerville,Bronx,2024-12,2024-12-01,1611.0,37,43.54054054054054
BX1002,Throgs Neck-Schuylerville,Bronx,2025-01,2025-01-01,1430.0,37,38.648648648648646
BX1002,Throgs Neck-Schuylerville,Bronx,2025-02,2025-02-01,1161.0,37,31.37837837837838
BX1002,Throgs Neck-Schuylerville,Bronx,2025-03,2025-03-01,1419.0,37,38.351351351351354
BX1002,Throgs Neck-Schuylerville,Bronx,2025-04,2025-04-01,1577.0,37,42.62162162162162
BX1002,Throgs Neck-Schuylerville,Bronx,2025-05,2025-05-01,1711.0,37,46.24324324324324
BX1002,Throgs Neck-Schuylerville,Bronx,2025-06,2025-06-01,1244.0,37,33.62162162162162
BX1002,Throgs Neck-Schuylerville,Bronx,2025-07,2025-07-01,1061.0,37,28.675675675675677
BX1002,Throgs Neck-Schuylerville,Bronx,2025-08,2025-08-01,1126.0,37,30.43243243243243
BX1002,Throgs Neck-Schuylerville,Bronx,2025-09,2025-09-01,1545.0,37,41.75675675675676
BX1002,Throgs Neck-Schuylerville,Bronx,2025-10,2025-10-01,1571.0,37,42.45945945945946
BX1002,Throgs Neck-Schuylerville,Bronx,2025-11,2025-11-01,56.0,37,1.5135135135135136
BX1003,Pelham Bay-Country Club-City Island,Bronx,2022-03,2022-03-01,1406.0,37,38.0
BX1003,Pelham Bay-Country Club-City Island,Bronx,2022-04,2022-04-01,1290.0,37,34.86486486486486
BX1003,Pelham Bay-Country Club-City Island,Bronx,2022-05,2022-05-01,1789.0,37,48.351351351351354
BX1003,Pelham Bay-Country Club-City Island,Bronx,2022-06,2022-06-01,1309.0,37,35.37837837837838
BX1003,Pelham Bay-Country Club-City Island,Bronx,2022-07,2022-07-01,1060.0,37,28.64864864864865
BX1003,Pelham Bay-Country Club-City Island,Bronx,2022-08,2022-08-01,1153.0,37,31.16216216216216
BX1003,Pelham Bay-Country Club-City Island,Bronx,2022-09,2022-09-01,1672.0,37,45.189189189189186
BX1003,Pelham Bay-Country Club-City Island,Bronx,2022-10,2022-10-01,1910.0,37,51.62162162162162
BX1003,Pelham Bay-Country Club-City Island,Bronx,2022-11,2022-11-01,1729.0,37,46.729729729729726
BX1003,Pelham Bay-Country Club-City Island,Bronx,2022-12,2022-12-01,1476.0,37,39.891891891891895
BX1003,Pelham Bay-Country Club-City Island,Bronx,2023-01,2023-01-01,1491.0,37,40.2972972972973
BX1003,Pelham Bay-Country Club-City Island,Bronx,2023-02,2023-02-01,1464.0,37,39.567567567567565
BX1003,Pelham Bay-Country Club-City Island,Bronx,2023-03,2023-03-01,1657.0,37,44.78378378378378
BX1003,Pelham Bay-Country Club-City Island,Bronx,2023-04,2023-04-01,1622.0,37,43.83783783783784
BX1003,Pelham Bay-Country Club-City Island,Bronx,2023-05,2023-05-01,1721.0,37,46.513513513513516
BX1003,Pelham Bay-Country Club-City Island,Bronx,2023-06,2023-06-01,1479.0,37,39.972972972972975
BX1003,Pelham Bay-Country Club-City Island,Bronx,2023-07,2023-07-01,1212.0,37,32.75675675675676
BX1003,Pelham Bay-Country Club-City Island,Bronx,2023-08,2023-08-01,1134.0,37,30.64864864864865
BX1003,Pelham Bay-Country Club-City Island,Bronx,2023-09,2023-09-01,1473.0,37,39.810810810810814
BX1003,Pelham Bay-Country Club-City Island,Bronx,2023-10,2023-10-01,1733.0,37,46.83783783783784
BX1003,Pelham Bay-Country Club-City Island,Bronx,2023-11,2023-11-01,1720.0,37,46.486486486486484
BX1003,Pelham Bay-Country Club-City Island,Bronx,2023-12,2023-12-01,1469.0,37,39.7027027027027
BX1003,Pelham Bay-Country Club-City Island,Bronx,2024-01,2024-01-01,1413.0,37,38.189189189189186
BX1003,Pelham Bay-Country Club-City Island,Bronx,2024-02,2024-02-01,1226.0,37,33.13513513513514
BX1003,Pelham Bay-Country Club-City Island,Bronx,2024-03,2024-03-01,1359.0,37,36.729729729729726
BX1003,Pelham Bay-Country Club-City Island,Bronx,2024-04,2024-04-01,1371.0,37,37.054054054054056
BX1003,Pelham Bay-Country Club-City Island,Bronx,2024-05,2024-05-01,1732.0,37,46.810810810810814
BX1003,Pelham Bay-Country Club-City Island,Bronx,2024-06,2024-06-01,1182.0,37,31.945945945945947
BX1003,Pelham Bay-Country Club-City Island,Bronx,2024-07,2024-07-01,1172.0,37,31.675675675675677
BX1003,Pelham Bay-Country Club-City Island,Bronx,2024-08,2024-08-01,1190.0,37,32.16216216216216
BX1003,Pelham Bay-Country Club-City Island,Bronx,2024-09,2024-09-01,1734.0,37,46.86486486486486
BX1003,Pelham Bay-Country Club-City Island,Bronx,2024-10,2024-10-01,1859.0,37,50.24324324324324
BX1003,Pelham Bay-Country Club-City Island,Bronx,2024-11,2024-11-01,1678.0,37,45.351351351351354
BX1003,Pelham Bay-Country Club-City Island,Bronx,2024-12,2024-12-01,1611.0,37,43.54054054054054
BX1003,Pelham Bay-Country Club-City Island,Bronx,2025-01,2025-01-01,1430.0,37,38.648648648648646
BX1003,Pelham Bay-Country Club-City Island,Bronx,2025-02,2025-02-01,1161.0,37,31.37837837837838
BX1003,Pelham Bay-Country Club-City Island,Bronx,2025-03,2025-03-01,1419.0,37,38.351351351351354
BX1003,Pelham Bay-Country Club-City Island,Bronx,2025-04,2025-04-01,1577.0,37,42.62162162162162
BX1003,Pelham Bay-Country Club-City Island,Bronx,2025-05,2025-05-01,1711.0,37,46.24324324324324
BX1003,Pelham Bay-Country Club-City Island,Bronx,2025-06,2025-06-01,1244.0,37,33.62162162162162
BX1003,Pelham Bay-Country Club-City Island,Bronx,2025-07,2025-07-01,1061.0,37,28.675675675675677
BX1003,Pelham Bay-Country Club-City Island,Bronx,2025-08,2025-08-01,1126.0,37,30.43243243243243
BX1003,Pelham Bay-Country Club-City Island,Bronx,2025-09,2025-09-01,1545.0,37,41.75675675675676
BX1003,Pelham Bay-Country Club-City Island,Bronx,2025-10,2025-10-01,1571.0,37,42.45945945945946
BX1003,Pelham Bay-Country Club-City Island,Bronx,2025-11,2025-11-01,56.0,37,1.5135135135135136
BX1004,Co-op City,Bronx,2022-03,2022-03-01,1406.0,37,38.0
BX1004,Co-op City,Bronx,2022-04,2022-04-01,1290.0,37,34.86486486486486
BX1004,Co-op City,Bronx,2022-05,2022-05-01,1789.0,37,48.351351351351354
BX1004,Co-op City,Bronx,2022-06,2022-06-01,1309.0,37,35.37837837837838
BX1004,Co-op City,Bronx,2022-07,2022-07-01,1060.0,37,28.64864864864865
BX1004,Co-op City,Bronx,2022-08,2022-08-01,1153.0,37,31.16216216216216
BX1004,Co-op City,Bronx,2022-09,2022-09-01,1672.0,37,45.189189189189186
BX1004,Co-op City,Bronx,2022-10,2022-10-01,1910.0,37,51.62162162162162
BX1004,Co-op City,Bronx,2022-11,2022-11-01,1729.0,37,46.729729729729726
BX1004,Co-op City,Bronx,2022-12,2022-12-01,1476.0,37,39.891891891891895
BX1004,Co-op City,Bronx,2023-01,2023-01-01,1491.0,37,40.2972972972973
BX1004,Co-op City,Bronx,2023-02,2023-02-01,1464.0,37,39.567567567567565
BX1004,Co-op City,Bronx,2023-03,2023-03-01,1657.0,37,44.78378378378378
BX1004,Co-op City,Bronx,2023-04,2023-04-01,1622.0,37,43.83783783783784
BX1004,Co-op City,Bronx,2023-05,2023-05-01,1721.0,37,46.513513513513516
BX1004,Co-op City,Bronx,2023-06,2023-06-01,1479.0,37,39.972972972972975
BX1004,Co-op City,Bronx,2023-07,2023-07-01,1212.0,37,32.75675675675676
BX1004,Co-op City,Bronx,2023-08,2023-08-01,1134.0,37,30.64864864864865
BX1004,Co-op City,Bronx,2023-09,2023-09-01,1473.0,37,39.810810810810814
BX1004,Co-op City,Bronx,2023-10,2023-10-01,1733.0,37,46.83783783783784
BX1004,Co-op City,Bronx,2023-11,2023-11-01,1720.0,37,46.486486486486484
BX1004,Co-op City,Bronx,2023-12,2023-12-01,1469.0,37,39.7027027027027
BX1004,Co-op City,Bronx,2024-01,2024-01-01,1413.0,37,38.189189189189186
BX1004,Co-op City,Bronx,2024-02,2024-02-01,1226.0,37,33.13513513513514
BX1004,Co-op City,Bronx,2024-03,2024-03-01,1359.0,37,36.729729729729726
BX1004,Co-op City,Bronx,2024-04,2024-04-01,1371.0,37,37.054054054054056
BX1004,Co-op City,Bronx,2024-05,2024-05-01,1732.0,37,46.810810810810814
BX1004,Co-op City,Bronx,2024-06,2024-06-01,1182.0,37,31.945945945945947
BX1004,Co-op City,Bronx,2024-07,2024-07-01,1172.0,37,31.675675675675677
BX1004,Co-op City,Bronx,2024-08,2024-08-01,1190.0,37,32.16216216216216
BX1004,Co-op City,Bronx,2024-09,2024-09-01,1734.0,37,46.86486486486486
BX1004,Co-op City,Bronx,2024-10,2024-10-01,1859.0,37,50.24324324324324
BX1004,Co-op City,Bronx,2024-11,2024-11-01,1678.0,37,45.351351351351354
BX1004,Co-op City,Bronx,2024-12,2024-12-01,1611.0,37,43.54054054054054
BX1004,Co-op City,Bronx,2025-01,2025-01-01,1430.0,37,38.648648648648646
BX1004,Co-op City,Bronx,2025-02,2025-02-01,1161.0,37,31.37837837837838
BX1004,Co-op City,Bronx,2025-03,2025-03-01,1419.0,37,38.351351351351354
BX1004,Co-op City,Bronx,2025-04,2025-04-01,1577.0,37,42.62162162162162
BX1004,Co-op City,Bronx,2025-05,2025-05-01,1711.0,37,46.24324324324324
BX1004,Co-op City,Bronx,2025-06,2025-06-01,1244.0,37,33.62162162162162
BX1004,Co-op City,Bronx,2025-07,2025-07-01,1061.0,37,28.675675675675677
BX1004,Co-op City,Bronx,2025-08,2025-08-01,1126.0,37,30.43243243243243
BX1004,Co-op City,Bronx,2025-09,2025-09-01,1545.0,37,41.75675675675676
BX1004,Co-op City,Bronx,2025-10,2025-10-01,1571.0,37,42.45945945945946
BX1004,Co-op City,Bronx,2025-11,2025-11-01,56.0,37,1.5135135135135136
BX1101,Pelham Parkway-Van Nest,Bronx,2022-03,2022-03-01,1406.0,37,38.0
BX1101,Pelham Parkway-Van Nest,Bronx,2022-04,2022-04-01,1290.0,37,34.86486486486486
BX1101,Pelham Parkway-Van Nest,Bronx,2022-05,2022-05-01,1789.0,37,48.351351351351354
BX1101,Pelham Parkway-Van Nest,Bronx,2022-06,2022-06-01,1309.0,37,35.37837837837838
BX1101,Pelham Parkway-Van Nest,Bronx,2022-07,2022-07-01,1060.0,37,28.64864864864865
BX1101,Pelham Parkway-Van Nest,Bronx,2022-08,2022-08-01,1153.0,37,31.16216216216216
BX1101,Pelham Parkway-Van Nest,Bronx,2022-09,2022-09-01,1672.0,37,45.189189189189186
BX1101,Pelham Parkway-Van Nest,Bronx,2022-10,2022-10-01,1910.0,37,51.62162162162162
BX1101,Pelham Parkway-Van Nest,Bronx,2022-11,2022-11-01,1729.0,37,46.729729729729726
BX1101,Pelham Parkway-Van Nest,Bronx,2022-12,2022-12-01,1476.0,37,39.891891891891895
BX1101,Pelham Parkway-Van Nest,Bronx,2023-01,2023-01-01,1491.0,37,40.2972972972973
BX1101,Pelham Parkway-Van Nest,Bronx,2023-02,2023-02-01,1464.0,37,39.567567567567565
BX1101,Pelham Parkway-Van Nest,Bronx,2023-03,2023-03-01,1657.0,37,44.78378378378378
BX1101,Pelham Parkway-Van Nest,Bronx,2023-04,2023-04-01,1622.0,37,43.83783783783784
BX1101,Pelham Parkway-Van Nest,Bronx,2023-05,2023-05-01,1721.0,37,46.513513513513516
BX1101,Pelham Parkway-Van Nest,Bronx,2023-06,2023-06-01,1479.0,37,39.972972972972975
BX1101,Pelham Parkway-Van Nest,Bronx,2023-07,2023-07-01,1212.0,37,32.75675675675676
BX1101,Pelham Parkway-Van Nest,Bronx,2023-08,2023-08-01,1134.0,37,30.64864864864865
BX1101,Pelham Parkway-Van Nest,Bronx,2023-09,2023-09-01,1473.0,37,39.810810810810814
BX1101,Pelham Parkway-Van Nest,Bronx,2023-10,2023-10-01,1733.0,37,46.83783783783784
BX1101,Pelham Parkway-Van Nest,Bronx,2023-11,2023-11-01,1720.0,37,46.486486486486484
BX1101,Pelham Parkway-Van Nest,Bronx,2023-12,2023-12-01,1469.0,37,39.7027027027027
BX1101,Pelham Parkway-Van Nest,Bronx,2024-01,2024-01-01,1413.0,37,38.189189189189186
BX1101,Pelham Parkway-Van Nest,Bronx,2024-02,2024-02-01,1226.0,37,33.13513513513514
BX1101,Pelham Parkway-Van Nest,Bronx,2024-03,2024-03-01,1359.0,37,36.729729729729726
BX1101,Pelham Parkway-Van Nest,Bronx,2024-04,2024-04-01,1371.0,37,37.054054054054056
BX1101,Pelham Parkway-Van Nest,Bronx,2024-05,2024-05-01,1732.0,37,46.810810810810814
BX1101,Pelham Parkway-Van Nest,Bronx,2024-06,2024-06-01,1182.0,37,31.945945945945947
BX1101,Pelham Parkway-Van Nest,Bronx,2024-07,2024-07-01,1172.0,37,31.675675675675677
BX1101,Pelham Parkway-Van Nest,Bronx,2024-08,2024-08-01,1190.0,37,32.16216216216216
BX1101,Pelham Parkway-Van Nest,Bronx,2024-09,2024-09-01,1734.0,37,46.86486486486486
BX1101,Pelham Parkway-Van Nest,Bronx,2024-10,2024-10-01,1859.0,37,50.24324324324324
BX1101,Pelham Parkway-Van Nest,Bronx,2024-11,2024-11-01,1678.0,37,45.351351351351354
BX1101,Pelham Parkway-Van Nest,Bronx,2024-12,2024-12-01,1611.0,37,43.54054054054054
BX1101,Pelham Parkway-Van Nest,Bronx,2025-01,2025-01-01,1430.0,37,38.648648648648646
BX1101,Pelham Parkway-Van Nest,Bronx,2025-02,2025-02-01,1161.0,37,31.37837837837838
BX1101,Pelham Parkway-Van Nest,Bronx,2025-03,2025-03-01,1419.0,37,38.351351351351354
BX1101,Pelham Parkway-Van Nest,Bronx,2025-04,2025-04-01,1577.0,37,42.62162162162162
BX1101,Pelham Parkway-Van Nest,Bronx,2025-05,2025-05-01,1711.0,37,46.24324324324324
BX1101,Pelham Parkway-Van Nest,Bronx,2025-06,2025-06-01,1244.0,37,33.62162162162162
BX1101,Pelham Parkway-Van Nest,Bronx,2025-07,2025-07-01,1061.0,37,28.675675675675677
BX1101,Pelham Parkway-Van Nest,Bronx,2025-08,2025-08-01,1126.0,37,30.43243243243243
BX1101,Pelham Parkway-Van Nest,Bronx,2025-09,2025-09-01,1545.0,37,41.75675675675676
BX1101,Pelham Parkway-Van Nest,Bronx,2025-10,2025-10-01,1571.0,37,42.45945945945946
BX1101,Pelham Parkway-Van Nest,Bronx,2025-11,2025-11-01,56.0,37,1.5135135135135136
BX1102,Morris Park,Bronx,2022-03,2022-03-01,1406.0,37,38.0
BX1102,Morris Park,Bronx,2022-04,2022-04-01,1290.0,37,34.86486486486486
BX1102,Morris Park,Bronx,2022-05,2022-05-01,1789.0,37,48.351351351351354
BX1102,Morris Park,Bronx,2022-06,2022-06-01,1309.0,37,35.37837837837838
BX1102,Morris Park,Bronx,2022-07,2022-07-01,1060.0,37,28.64864864864865
BX1102,Morris Park,Bronx,2022-08,2022-08-01,1153.0,37,31.16216216216216
BX1102,Morris Park,Bronx,2022-09,2022-09-01,1672.0,37,45.189189189189186
BX1102,Morris Park,Bronx,2022-10,2022-10-01,1910.0,37,51.62162162162162
BX1102,Morris Park,Bronx,2022-11,2022-11-01,1729.0,37,46.729729729729726
BX1102,Morris Park,Bronx,2022-12,2022-12-01,1476.0,37,39.891891891891895
BX1102,Morris Park,Bronx,2023-01,2023-01-01,1491.0,37,40.2972972972973
BX1102,Morris Park,Bronx,2023-02,2023-02-01,1464.0,37,39.567567567567565
BX1102,Morris Park,Bronx,2023-03,2023-03-01,1657.0,37,44.78378378378378
BX1102,Morris Park,Bronx,2023-04,2023-04-01,1622.0,37,43.83783783783784
BX1102,Morris Park,Bronx,2023-05,2023-05-01,1721.0,37,46.513513513513516
BX1102,Morris Park,Bronx,2023-06,2023-06-01,1479.0,37,39.972972972972975
BX1102,Morris Park,Bronx,2023-07,2023-07-01,1212.0,37,32.75675675675676
BX1102,Morris Park,Bronx,2023-08,2023-08-01,1134.0,37,30.64864864864865
BX1102,Morris Park,Bronx,2023-09,2023-09-01,1473.0,37,39.810810810810814
BX1102,Morris Park,Bronx,2023-10,2023-10-01,1733.0,37,46.83783783783784
BX1102,Morris Park,Bronx,2023-11,2023-11-01,1720.0,37,46.486486486486484
BX1102,Morris Park,Bronx,2023-12,2023-12-01,1469.0,37,39.7027027027027
BX1102,Morris Park,Bronx,2024-01,2024-01-01,1413.0,37,38.189189189189186
BX1102,Morris Park,Bronx,2024-02,2024-02-01,1226.0,37,33.13513513513514
BX1102,Morris Park,Bronx,2024-03,2024-03-01,1359.0,37,36.729729729729726
BX1102,Morris Park,Bronx,2024-04,2024-04-01,1371.0,37,37.054054054054056
BX1102,Morris Park,Bronx,2024-05,2024-05-01,1732.0,37,46.810810810810814
BX1102,Morris Park,Bronx,2024-06,2024-06-01,1182.0,37,31.945945945945947
BX1102,Morris Park,Bronx,2024-07,2024-07-01,1172.0,37,31.675675675675677
BX1102,Morris Park,Bronx,2024-08,2024-08-01,1190.0,37,32.16216216216216
BX1102,Morris Park,Bronx,2024-09,2024-09-01,1734.0,37,46.86486486486486
BX1102,Morris Park,Bronx,2024-10,2024-10-01,1859.0,37,50.24324324324324
BX1102,Morris Park,Bronx,2024-11,2024-11-01,1678.0,37,45.351351351351354
BX1102,Morris Park,Bronx,2024-12,2024-12-01,1611.0,37,43.54054054054054
BX1102,Morris Park,Bronx,2025-01,2025-01-01,1430.0,37,38.648648648648646
BX1102,Morris Park,Bronx,2025-02,2025-02-01,1161.0,37,31.37837837837838
BX1102,Morris Park,Bronx,2025-03,2025-03-01,1419.0,37,38.351351351351354
BX1102,Morris Park,Bronx,2025-04,2025-04-01,1577.0,37,42.62162162162162
BX1102,Morris Park,Bronx,2025-05,2025-05-01,1711.0,37,46.24324324324324
BX1102,Morris Park,Bronx,2025-06,2025-06-01,1244.0,37,33.62162162162162
BX1102,Morris Park,Bronx,2025-07,2025-07-01,1061.0,37,28.675675675675677
BX1102,Morris Park,Bronx,2025-08,2025-08-01,1126.0,37,30.43243243243243
BX1102,Morris Park,Bronx,2025-09,2025-09-01,1545.0,37,41.75675675675676
BX1102,Morris Park,Bronx,2025-10,2025-10-01,1571.0,37,42.45945945945946
BX1102,Morris Park,Bronx,2025-11,2025-11-01,56.0,37,1.5135135135135136
BX1103,Pelham Gardens,Bronx,2022-03,2022-03-01,1406.0,37,38.0
BX1103,Pelham Gardens,Bronx,2022-04,2022-04-01,1290.0,37,34.86486486486486
BX1103,Pelham Gardens,Bronx,2022-05,2022-05-01,1789.0,37,48.351351351351354
BX1103,Pelham Gardens,Bronx,2022-06,2022-06-01,1309.0,37,35.37837837837838
BX1103,Pelham Gardens,Bronx,2022-07,2022-07-01,1060.0,37,28.64864864864865
BX1103,Pelham Gardens,Bronx,2022-08,2022-08-01,1153.0,37,31.16216216216216
BX1103,Pelham Gardens,Bronx,2022-09,2022-09-01,1672.0,37,45.189189189189186
BX1103,Pelham Gardens,Bronx,2022-10,2022-10-01,1910.0,37,51.62162162162162
BX1103,Pelham Gardens,Bronx,2022-11,2022-11-01,1729.0,37,46.729729729729726
BX1103,Pelham Gardens,Bronx,2022-12,2022-12-01,1476.0,37,39.891891891891895
BX1103,Pelham Gardens,Bronx,2023-01,2023-01-01,1491.0,37,40.2972972972973
BX1103,Pelham Gardens,Bronx,2023-02,2023-02-01,1464.0,37,39.567567567567565
BX1103,Pelham Gardens,Bronx,2023-03,2023-03-01,1657.0,37,44.78378378378378
BX1103,Pelham Gardens,Bronx,2023-04,2023-04-01,1622.0,37,43.83783783783784
BX1103,Pelham Gardens,Bronx,2023-05,2023-05-01,1721.0,37,46.513513513513516
BX1103,Pelham Gardens,Bronx,2023-06,2023-06-01,1479.0,37,39.972972972972975
BX1103,Pelham Gardens,Bronx,2023-07,2023-07-01,1212.0,37,32.75675675675676
BX1103,Pelham Gardens,Bronx,2023-08,2023-08-01,1134.0,37,30.64864864864865
BX1103,Pelham Gardens,Bronx,2023-09,2023-09-01,1473.0,37,39.810810810810814
BX1103,Pelham Gardens,Bronx,2023-10,2023-10-01,1733.0,37,46.83783783783784
BX1103,Pelham Gardens,Bronx,2023-11,2023-11-01,1720.0,37,46.486486486486484
BX1103,Pelham Gardens,Bronx,2023-12,2023-12-01,1469.0,37,39.7027027027027
BX1103,Pelham Gardens,Bronx,2024-01,2024-01-01,1413.0,37,38.189189189189186
BX1103,Pelham Gardens,Bronx,2024-02,2024-02-01,1226.0,37,33.13513513513514
BX1103,Pelham Gardens,Bronx,2024-03,2024-03-01,1359.0,37,36.729729729729726
BX1103,Pelham Gardens,Bronx,2024-04,2024-04-01,1371.0,37,37.054054054054056
BX1103,Pelham Gardens,Bronx,2024-05,2024-05-01,1732.0,37,46.810810810810814
BX1103,Pelham Gardens,Bronx,2024-06,2024-06-01,1182.0,37,31.945945945945947
BX1103,Pelham Gardens,Bronx,2024-07,2024-07-01,1172.0,37,31.675675675675677
BX1103,Pelham Gardens,Bronx,2024-08,2024-08-01,1190.0,37,32.16216216216216
BX1103,Pelham Gardens,Bronx,2024-09,2024-09-01,1734.0,37,46.86486486486486
BX1103,Pelham Gardens,Bronx,2024-10,2024-10-01,1859.0,37,50.24324324324324
BX1103,Pelham Gardens,Bronx,2024-11,2024-11-01,1678.0,37,45.351351351351354
BX1103,Pelham Gardens,Bronx,2024-12,2024-12-01,1611.0,37,43.54054054054054
BX1103,Pelham Gardens,Bronx,2025-01,2025-01-01,1430.0,37,38.648648648648646
BX1103,Pelham Gardens,Bronx,2025-02,2025-02-01,1161.0,37,31.37837837837838
BX1103,Pelham Gardens,Bronx,2025-03,2025-03-01,1419.0,37,38.351351351351354
BX1103,Pelham Gardens,Bronx,2025-04,2025-04-01,1577.0,37,42.62162162162162
BX1103,Pelham Gardens,Bronx,2025-05,2025-05-01,1711.0,37,46.24324324324324
BX1103,Pelham Gardens,Bronx,2025-06,2025-06-01,1244.0,37,33.62162162162162
BX1103,Pelham Gardens,Bronx,2025-07,2025-07-01,1061.0,37,28.675675675675677
BX1103,Pelham Gardens,Bronx,2025-08,2025-08-01,1126.0,37,30.43243243243243
BX1103,Pelham Gardens,Bronx,2025-09,2025-09-01,1545.0,37,41.75675675675676
BX1103,Pelham Gardens,Bronx,2025-10,2025-10-01,1571.0,37,42.45945945945946
BX1103,Pelham Gardens,Bronx,2025-11,2025-11-01,56.0,37,1.5135135135135136
BX1104,Allerton,Bronx,2022-03,2022-03-01,1406.0,37,38.0
BX1104,Allerton,Bronx,2022-04,2022-04-01,1290.0,37,34.86486486486486
BX1104,Allerton,Bronx,2022-05,2022-05-01,1789.0,37,48.351351351351354
BX1104,Allerton,Bronx,2022-06,2022-06-01,1309.0,37,35.37837837837838
BX1104,Allerton,Bronx,2022-07,2022-07-01,1060.0,37,28.64864864864865
BX1104,Allerton,Bronx,2022-08,2022-08-01,1153.0,37,31.16216216216216
BX1104,Allerton,Bronx,2022-09,2022-09-01,1672.0,37,45.189189189189186
BX1104,Allerton,Bronx,2022-10,2022-10-01,1910.0,37,51.62162162162162
BX1104,Allerton,Bronx,2022-11,2022-11-01,1729.0,37,46.729729729729726
BX1104,Allerton,Bronx,2022-12,2022-12-01,1476.0,37,39.891891891891895
BX1104,Allerton,Bronx,2023-01,2023-01-01,1491.0,37,40.2972972972973
BX1104,Allerton,Bronx,2023-02,2023-02-01,1464.0,37,39.567567567567565
BX1104,Allerton,Bronx,2023-03,2023-03-01,1657.0,37,44.78378378378378
BX1104,Allerton,Bronx,2023-04,2023-04-01,1622.0,37,43.83783783783784
BX1104,Allerton,Bronx,2023-05,2023-05-01,1721.0,37,46.513513513513516
BX1104,Allerton,Bronx,2023-06,2023-06-01,1479.0,37,39.972972972972975
BX1104,Allerton,Bronx,2023-07,2023-07-01,1212.0,37,32.75675675675676
BX1104,Allerton,Bronx,2023-08,2023-08-01,1134.0,37,30.64864864864865
BX1104,Allerton,Bronx,2023-09,2023-09-01,1473.0,37,39.810810810810814
BX1104,Allerton,Bronx,2023-10,2023-10-01,1733.0,37,46.83783783783784
BX1104,Allerton,Bronx,2023-11,2023-11-01,1720.0,37,46.486486486486484
BX1104,Allerton,Bronx,2023-12,2023-12-01,1469.0,37,39.7027027027027
BX1104,Allerton,Bronx,2024-01,2024-01-01,1413.0,37,38.189189189189186
BX1104,Allerton,Bronx,2024-02,2024-02-01,1226.0,37,33.13513513513514
BX1104,Allerton,Bronx,2024-03,2024-03-01,1359.0,37,36.729729729729726
BX1104,Allerton,Bronx,2024-04,2024-04-01,1371.0,37,37.054054054054056
BX1104,Allerton,Bronx,2024-05,2024-05-01,1732.0,37,46.810810810810814
BX1104,Allerton,Bronx,2024-06,2024-06-01,1182.0,37,31.945945945945947
BX1104,Allerton,Bronx,2024-07,2024-07-01,1172.0,37,31.675675675675677
BX1104,Allerton,Bronx,2024-08,2024-08-01,1190.0,37,32.16216216216216
BX1104,Allerton,Bronx,2024-09,2024-09-01,1734.0,37,46.86486486486486
BX1104,Allerton,Bronx,2024-10,2024-10-01,1859.0,37,50.24324324324324
BX1104,Allerton,Bronx,2024-11,2024-11-01,1678.0,37,45.351351351351354
BX1104,Allerton,Bronx,2024-12,2024-12-01,1611.0,37,43.54054054054054
BX1104,Allerton,Bronx,2025-01,2025-01-01,1430.0,37,38.648648648648646
BX1104,Allerton,Bronx,2025-02,2025-02-01,1161.0,37,31.37837837837838
BX1104,Allerton,Bronx,2025-03,2025-03-01,1419.0,37,38.351351351351354
BX1104,Allerton,Bronx,2025-04,2025-04-01,1577.0,37,42.62162162162162
BX1104,Allerton,Bronx,2025-05,2025-05-01,1711.0,37,46.24324324324324
BX1104,Allerton,Bronx,2025-06,2025-06-01,1244.0,37,33.62162162162162
BX1104,Allerton,Bronx,2025-07,2025-07-01,1061.0,37,28.675675675675677
BX1104,Allerton,Bronx,2025-08,2025-08-01,1126.0,37,30.43243243243243
BX1104,Allerton,Bronx,2025-09,2025-09-01,1545.0,37,41.75675675675676
BX1104,Allerton,Bronx,2025-10,2025-10-01,1571.0,37,42.45945945945946
BX1104,Allerton,Bronx,2025-11,2025-11-01,56.0,37,1.5135135135135136
BX1201,Williamsbridge-Olinville,Bronx,2022-03,2022-03-01,1406.0,37,38.0
BX1201,Williamsbridge-Olinville,Bronx,2022-04,2022-04-01,1290.0,37,34.86486486486486
BX1201,Williamsbridge-Olinville,Bronx,2022-05,2022-05-01,1789.0,37,48.351351351351354
BX1201,Williamsbridge-Olinville,Bronx,2022-06,2022-06-01,1309.0,37,35.37837837837838
BX1201,Williamsbridge-Olinville,Bronx,2022-07,2022-07-01,1060.0,37,28.64864864864865
BX1201,Williamsbridge-Olinville,Bronx,2022-08,2022-08-01,1153.0,37,31.16216216216216
BX1201,Williamsbridge-Olinville,Bronx,2022-09,2022-09-01,1672.0,37,45.189189189189186
BX1201,Williamsbridge-Olinville,Bronx,2022-10,2022-10-01,1910.0,37,51.62162162162162
BX1201,Williamsbridge-Olinville,Bronx,2022-11,2022-11-01,1729.0,37,46.729729729729726
BX1201,Williamsbridge-Olinville,Bronx,2022-12,2022-12-01,1476.0,37,39.891891891891895
BX1201,Williamsbridge-Olinville,Bronx,2023-01,2023-01-01,1491.0,37,40.2972972972973
BX1201,Williamsbridge-Olinville,Bronx,2023-02,2023-02-01,1464.0,37,39.567567567567565
BX1201,Williamsbridge-Olinville,Bronx,2023-03,2023-03-01,1657.0,37,44.78378378378378
BX1201,Williamsbridge-Olinville,Bronx,2023-04,2023-04-01,1622.0,37,43.83783783783784
BX1201,Williamsbridge-Olinville,Bronx,2023-05,2023-05-01,1721.0,37,46.513513513513516
BX1201,Williamsbridge-Olinville,Bronx,2023-06,2023-06-01,1479.0,37,39.972972972972975
BX1201,Williamsbridge-Olinville,Bronx,2023-07,2023-07-01,1212.0,37,32.75675675675676
BX1201,Williamsbridge-Olinville,Bronx,2023-08,2023-08-01,1134.0,37,30.64864864864865
BX1201,Williamsbridge-Olinville,Bronx,2023-09,2023-09-01,1473.0,37,39.810810810810814
BX1201,Williamsbridge-Olinville,Bronx,2023-10,2023-10-01,1733.0,37,46.83783783783784
BX1201,Williamsbridge-Olinville,Bronx,2023-11,2023-11-01,1720.0,37,46.486486486486484
BX1201,Williamsbridge-Olinville,Bronx,2023-12,2023-12-01,1469.0,37,39.7027027027027
BX1201,Williamsbridge-Olinville,Bronx,2024-01,2024-01-01,1413.0,37,38.189189189189186
BX1201,Williamsbridge-Olinville,Bronx,2024-02,2024-02-01,1226.0,37,33.13513513513514
BX1201,Williamsbridge-Olinville,Bronx,2024-03,2024-03-01,1359.0,37,36.729729729729726
BX1201,Williamsbridge-Olinville,Bronx,2024-04,2024-04-01,1371.0,37,37.054054054054056
BX1201,Williamsbridge-Olinville,Bronx,2024-05,2024-05-01,1732.0,37,46.810810810810814
BX1201,Williamsbridge-Olinville,Bronx,2024-06,2024-06-01,1182.0,37,31.945945945945947
BX1201,Williamsbridge-Olinville,Bronx,2024-07,2024-07-01,1172.0,37,31.675675675675677
BX1201,Williamsbridge-Olinville,Bronx,2024-08,2024-08-01,1190.0,37,32.16216216216216
BX1201,Williamsbridge-Olinville,Bronx,2024-09,2024-09-01,1734.0,37,46.86486486486486
BX1201,Williamsbridge-Olinville,Bronx,2024-10,2024-10-01,1859.0,37,50.24324324324324
BX1201,Williamsbridge-Olinville,Bronx,2024-11,2024-11-01,1678.0,37,45.351351351351354
BX1201,Williamsbridge-Olinville,Bronx,2024-12,2024-12-01,1611.0,37,43.54054054054054
BX1201,Williamsbridge-Olinville,Bronx,2025-01,2025-01-01,1430.0,37,38.648648648648646
BX1201,Williamsbridge-Olinville,Bronx,2025-02,2025-02-01,1161.0,37,31.37837837837838
BX1201,Williamsbridge-Olinville,Bronx,2025-03,2025-03-01,1419.0,37,38.351351351351354
BX1201,Williamsbridge-Olinville,Bronx,2025-04,2025-04-01,1577.0,37,42.62162162162162
BX1201,Williamsbridge-Olinville,Bronx,2025-05,2025-05-01,1711.0,37,46.24324324324324
BX1201,Williamsbridge-Olinville,Bronx,2025-06,2025-06-01,1244.0,37,33.62162162162162
BX1201,Williamsbridge-Olinville,Bronx,2025-07,2025-07-01,1061.0,37,28.675675675675677
BX1201,Williamsbridge-Olinville,Bronx,2025-08,2025-08-01,1126.0,37,30.43243243243243
BX1201,Williamsbridge-Olinville,Bronx,2025-09,2025-09-01,1545.0,37,41.75675675675676
BX1201,Williamsbridge-Olinville,Bronx,2025-10,2025-10-01,1571.0,37,42.45945945945946
BX1201,Williamsbridge-Olinville,Bronx,2025-11,2025-11-01,56.0,37,1.5135135135135136
BX1202,Eastchester-Edenwald-Baychester,Bronx,2022-03,2022-03-01,1406.0,37,38.0
BX1202,Eastchester-Edenwald-Baychester,Bronx,2022-04,2022-04-01,1290.0,37,34.86486486486486
BX1202,Eastchester-Edenwald-Baychester,Bronx,2022-05,2022-05-01,1789.0,37,48.351351351351354
BX1202,Eastchester-Edenwald-Baychester,Bronx,2022-06,2022-06-01,1309.0,37,35.37837837837838
BX1202,Eastchester-Edenwald-Baychester,Bronx,2022-07,2022-07-01,1060.0,37,28.64864864864865
BX1202,Eastchester-Edenwald-Baychester,Bronx,2022-08,2022-08-01,1153.0,37,31.16216216216216
BX1202,Eastchester-Edenwald-Baychester,Bronx,2022-09,2022-09-01,1672.0,37,45.189189189189186
BX1202,Eastchester-Edenwald-Baychester,Bronx,2022-10,2022-10-01,1910.0,37,51.62162162162162
BX1202,Eastchester-Edenwald-Baychester,Bronx,2022-11,2022-11-01,1729.0,37,46.729729729729726
BX1202,Eastchester-Edenwald-Baychester,Bronx,2022-12,2022-12-01,1476.0,37,39.891891891891895
BX1202,Eastchester-Edenwald-Baychester,Bronx,2023-01,2023-01-01,1491.0,37,40.2972972972973
BX1202,Eastchester-Edenwald-Baychester,Bronx,2023-02,2023-02-01,1464.0,37,39.567567567567565
BX1202,Eastchester-Edenwald-Baychester,Bronx,2023-03,2023-03-01,1657.0,37,44.78378378378378
BX1202,Eastchester-Edenwald-Baychester,Bronx,2023-04,2023-04-01,1622.0,37,43.83783783783784
BX1202,Eastchester-Edenwald-Baychester,Bronx,2023-05,2023-05-01,1721.0,37,46.513513513513516
BX1202,Eastchester-Edenwald-Baychester,Bronx,2023-06,2023-06-01,1479.0,37,39.972972972972975
BX1202,Eastchester-Edenwald-Baychester,Bronx,2023-07,2023-07-01,1212.0,37,32.75675675675676
BX1202,Eastchester-Edenwald-Baychester,Bronx,2023-08,2023-08-01,1134.0,37,30.64864864864865
BX1202,Eastchester-Edenwald-Baychester,Bronx,2023-09,2023-09-01,1473.0,37,39.810810810810814
BX1202,Eastchester-Edenwald-Baychester,Bronx,2023-10,2023-10-01,1733.0,37,46.83783783783784
BX1202,Eastchester-Edenwald-Baychester,Bronx,2023-11,2023-11-01,1720.0,37,46.486486486486484
BX1202,Eastchester-Edenwald-Baychester,Bronx,2023-12,2023-12-01,1469.0,37,39.7027027027027
BX1202,Eastchester-Edenwald-Baychester,Bronx,2024-01,2024-01-01,1413.0,37,38.189189189189186
BX1202,Eastchester-Edenwald-Baychester,Bronx,2024-02,2024-02-01,1226.0,37,33.13513513513514
BX1202,Eastchester-Edenwald-Baychester,Bronx,2024-03,2024-03-01,1359.0,37,36.729729729729726
BX1202,Eastchester-Edenwald-Baychester,Bronx,2024-04,2024-04-01,1371.0,37,37.054054054054056
BX1202,Eastchester-Edenwald-Baychester,Bronx,2024-05,2024-05-01,1732.0,37,46.810810810810814
BX1202,Eastchester-Edenwald-Baychester,Bronx,2024-06,2024-06-01,1182.0,37,31.945945945945947
BX1202,Eastchester-Edenwald-Baychester,Bronx,2024-07,2024-07-01,1172.0,37,31.675675675675677
BX1202,Eastchester-Edenwald-Baychester,Bronx,2024-08,2024-08-01,1190.0,37,32.16216216216216
BX1202,Eastchester-Edenwald-Baychester,Bronx,2024-09,2024-09-01,1734.0,37,46.86486486486486
BX1202,Eastchester-Edenwald-Baychester,Bronx,2024-10,2024-10-01,1859.0,37,50.24324324324324
BX1202,Eastchester-Edenwald-Baychester,Bronx,2024-11,2024-11-01,1678.0,37,45.351351351351354
BX1202,Eastchester-Edenwald-Baychester,Bronx,2024-12,2024-12-01,1611.0,37,43.54054054054054
BX1202,Eastchester-Edenwald-Baychester,Bronx,2025-01,2025-01-01,1430.0,37,38.648648648648646
BX1202,Eastchester-Edenwald-Baychester,Bronx,2025-02,2025-02-01,1161.0,37,31.37837837837838
BX1202,Eastchester-Edenwald-Baychester,Bronx,2025-03,2025-03-01,1419.0,37,38.351351351351354
BX1202,Eastchester-Edenwald-Baychester,Bronx,2025-04,2025-04-01,1577.0,37,42.62162162162162
BX1202,Eastchester-Edenwald-Baychester,Bronx,2025-05,2025-05-01,1711.0,37,46.24324324324324
BX1202,Eastchester-Edenwald-Baychester,Bronx,2025-06,2025-06-01,1244.0,37,33.62162162162162
BX1202,Eastchester-Edenwald-Baychester,Bronx,2025-07,2025-07-01,1061.0,37,28.675675675675677
BX1202,Eastchester-Edenwald-Baychester,Bronx,2025-08,2025-08-01,1126.0,37,30.43243243243243
BX1202,Eastchester-Edenwald-Baychester,Bronx,2025-09,2025-09-01,1545.0,37,41.75675675675676
BX1202,Eastchester-Edenwald-Baychester,Bronx,2025-10,2025-10-01,1571.0,37,42.45945945945946
BX1202,Eastchester-Edenwald-Baychester,Bronx,2025-11,2025-11-01,56.0,37,1.5135135135135136
BX1203,Wakefield-Woodlawn,Bronx,2022-03,2022-03-01,1406.0,37,38.0
BX1203,Wakefield-Woodlawn,Bronx,2022-04,2022-04-01,1290.0,37,34.86486486486486
BX1203,Wakefield-Woodlawn,Bronx,2022-05,2022-05-01,1789.0,37,48.351351351351354
BX1203,Wakefield-Woodlawn,Bronx,2022-06,2022-06-01,1309.0,37,35.37837837837838
BX1203,Wakefield-Woodlawn,Bronx,2022-07,2022-07-01,1060.0,37,28.64864864864865
BX1203,Wakefield-Woodlawn,Bronx,2022-08,2022-08-01,1153.0,37,31.16216216216216
BX1203,Wakefield-Woodlawn,Bronx,2022-09,2022-09-01,1672.0,37,45.189189189189186
BX1203,Wakefield-Woodlawn,Bronx,2022-10,2022-10-01,1910.0,37,51.62162162162162
BX1203,Wakefield-Woodlawn,Bronx,2022-11,2022-11-01,1729.0,37,46.729729729729726
BX1203,Wakefield-Woodlawn,Bronx,2022-12,2022-12-01,1476.0,37,39.891891891891895
BX1203,Wakefield-Woodlawn,Bronx,2023-01,2023-01-01,1491.0,37,40.2972972972973
BX1203,Wakefield-Woodlawn,Bronx,2023-02,2023-02-01,1464.0,37,39.567567567567565
BX1203,Wakefield-Woodlawn,Bronx,2023-03,2023-03-01,1657.0,37,44.78378378378378
BX1203,Wakefield-Woodlawn,Bronx,2023-04,2023-04-01,1622.0,37,43.83783783783784
BX1203,Wakefield-Woodlawn,Bronx,2023-05,2023-05-01,1721.0,37,46.513513513513516
BX1203,Wakefield-Woodlawn,Bronx,2023-06,2023-06-01,1479.0,37,39.972972972972975
BX1203,Wakefield-Woodlawn,Bronx,2023-07,2023-07-01,1212.0,37,32.75675675675676
BX1203,Wakefield-Woodlawn,Bronx,2023-08,2023-08-01,1134.0,37,30.64864864864865
BX1203,Wakefield-Woodlawn,Bronx,2023-09,2023-09-01,1473.0,37,39.810810810810814
BX1203,Wakefield-Woodlawn,Bronx,2023-10,2023-10-01,1733.0,37,46.83783783783784
BX1203,Wakefield-Woodlawn,Bronx,2023-11,2023-11-01,1720.0,37,46.486486486486484
BX1203,Wakefield-Woodlawn,Bronx,2023-12,2023-12-01,1469.0,37,39.7027027027027
BX1203,Wakefield-Woodlawn,Bronx,2024-01,2024-01-01,1413.0,37,38.189189189189186
BX1203,Wakefield-Woodlawn,Bronx,2024-02,2024-02-01,1226.0,37,33.13513513513514
BX1203,Wakefield-Woodlawn,Bronx,2024-03,2024-03-01,1359.0,37,36.729729729729726
BX1203,Wakefield-Woodlawn,Bronx,2024-04,2024-04-01,1371.0,37,37.054054054054056
BX1203,Wakefield-Woodlawn,Bronx,2024-05,2024-05-01,1732.0,37,46.810810810810814
BX1203,Wakefield-Woodlawn,Bronx,2024-06,2024-06-01,1182.0,37,31.945945945945947
BX1203,Wakefield-Woodlawn,Bronx,2024-07,2024-07-01,1172.0,37,31.675675675675677
BX1203,Wakefield-Woodlawn,Bronx,2024-08,2024-08-01,1190.0,37,32.16216216216216
BX1203,Wakefield-Woodlawn,Bronx,2024-09,2024-09-01,1734.0,37,46.86486486486486
BX1203,Wakefield-Woodlawn,Bronx,2024-10,2024-10-01,1859.0,37,50.24324324324324
BX1203,Wakefield-Woodlawn,Bronx,2024-11,2024-11-01,1678.0,37,45.351351351351354
BX1203,Wakefield-Woodlawn,Bronx,2024-12,2024-12-01,1611.0,37,43.54054054054054
BX1203,Wakefield-Woodlawn,Bronx,2025-01,2025-01-01,1430.0,37,38.648648648648646
BX1203,Wakefield-Woodlawn,Bronx,2025-02,2025-02-01,1161.0,37,31.37837837837838
BX1203,Wakefield-Woodlawn,Bronx,2025-03,2025-03-01,1419.0,37,38.351351351351354
BX1203,Wakefield-Woodlawn,Bronx,2025-04,2025-04-01,1577.0,37,42.62162162162162
BX1203,Wakefield-Woodlawn,Bronx,2025-05,2025-05-01,1711.0,37,46.24324324324324
BX1203,Wakefield-Woodlawn,Bronx,2025-06,2025-06-01,1244.0,37,33.62162162162162
BX1203,Wakefield-Woodlawn,Bronx,2025-07,2025-07-01,1061.0,37,28.675675675675677
BX1203,Wakefield-Woodlawn,Bronx,2025-08,2025-08-01,1126.0,37,30.43243243243243
BX1203,Wakefield-Woodlawn,Bronx,2025-09,2025-09-01,1545.0,37,41.75675675675676
BX1203,Wakefield-Woodlawn,Bronx,2025-10,2025-10-01,1571.0,37,42.45945945945946
BX1203,Wakefield-Woodlawn,Bronx,2025-11,2025-11-01,56.0,37,1.5135135135135136
MN0101,Financial District-Battery Park City,Manhattan,2022-03,2022-03-01,982.0,32,30.6875
MN0101,Financial District-Battery Park City,Manhattan,2022-04,2022-04-01,888.0,32,27.75
MN0101,Financial District-Battery Park City,Manhattan,2022-05,2022-05-01,1135.0,32,35.46875
MN0101,Financial District-Battery Park City,Manhattan,2022-06,2022-06-01,802.0,32,25.0625
MN0101,Financial District-Battery Park City,Manhattan,2022-07,2022-07-01,681.0,32,21.28125
MN0101,Financial District-Battery Park City,Manhattan,2022-08,2022-08-01,690.0,32,21.5625
MN0101,Financial District-Battery Park City,Manhattan,2022-09,2022-09-01,969.0,32,30.28125
MN0101,Financial District-Battery Park City,Manhattan,2022-10,2022-10-01,1080.0,32,33.75
MN0101,Financial District-Battery Park City,Manhattan,2022-11,2022-11-01,978.0,32,30.5625
MN0101,Financial District-Battery Park City,Manhattan,2022-12,2022-12-01,816.0,32,25.5
MN0101,Financial District-Battery Park City,Manhattan,2023-01,2023-01-01,924.0,32,28.875
MN0101,Financial District-Battery Park City,Manhattan,2023-02,2023-02-01,853.0,32,26.65625
MN0101,Financial District-Battery Park City,Manhattan,2023-03,2023-03-01,927.0,32,28.96875
MN0101,Financial District-Battery Park City,Manhattan,2023-04,2023-04-01,898.0,32,28.0625
MN0101,Financial District-Battery Park City,Manhattan,2023-05,2023-05-01,1004.0,32,31.375
MN0101,Financial District-Battery Park City,Manhattan,2023-06,2023-06-01,901.0,32,28.15625
MN0101,Financial District-Battery Park City,Manhattan,2023-07,2023-07-01,750.0,32,23.4375
MN0101,Financial District-Battery Park City,Manhattan,2023-08,2023-08-01,755.0,32,23.59375
MN0101,Financial District-Battery Park City,Manhattan,2023-09,2023-09-01,820.0,32,25.625
MN0101,Financial District-Battery Park City,Manhattan,2023-10,2023-10-01,955.0,32,29.84375
MN0101,Financial District-Battery Park City,Manhattan,2023-11,2023-11-01,873.0,32,27.28125
MN0101,Financial District-Battery Park City,Manhattan,2023-12,2023-12-01,849.0,32,26.53125
MN0101,Financial District-Battery Park City,Manhattan,2024-01,2024-01-01,795.0,32,24.84375
MN0101,Financial District-Battery Park City,Manhattan,2024-02,2024-02-01,846.0,32,26.4375
MN0101,Financial District-Battery Park City,Manhattan,2024-03,2024-03-01,863.0,32,26.96875
MN0101,Financial District-Battery Park City,Manhattan,2024-04,2024-04-01,950.0,32,29.6875
MN0101,Financial District-Battery Park City,Manhattan,2024-05,2024-05-01,1005.0,32,31.40625
MN0101,Financial District-Battery Park City,Manhattan,2024-06,2024-06-01,751.0,32,23.46875
MN0101,Financial District-Battery Park City,Manhattan,2024-07,2024-07-01,776.0,32,24.25
MN0101,Financial District-Battery Park City,Manhattan,2024-08,2024-08-01,707.0,32,22.09375
MN0101,Financial District-Battery Park City,Manhattan,2024-09,2024-09-01,918.0,32,28.6875
MN0101,Financial District-Battery Park City,Manhattan,2024-10,2024-10-01,983.0,32,30.71875
MN0101,Financial District-Battery Park City,Manhattan,2024-11,2024-11-01,861.0,32,26.90625
MN0101,Financial District-Battery Park City,Manhattan,2024-12,2024-12-01,863.0,32,26.96875
MN0101,Financial District-Battery Park City,Manhattan,2025-01,2025-01-01,831.0,32,25.96875
MN0101,Financial District-Battery Park City,Manhattan,2025-02,2025-02-01,607.0,32,18.96875
MN0101,Financial District-Battery Park City,Manhattan,2025-03,2025-03-01,809.0,32,25.28125
MN0101,Financial District-Battery Park City,Manhattan,2025-04,2025-04-01,866.0,32,27.0625
MN0101,Financial District-Battery Park City,Manhattan,2025-05,2025-05-01,942.0,32,29.4375
MN0101,Financial District-Battery Park City,Manhattan,2025-06,2025-06-01,745.0,32,23.28125
MN0101,Financial District-Battery Park City,Manhattan,2025-07,2025-07-01,681.0,32,21.28125
MN0101,Financial District-Battery Park City,Manhattan,2025-08,2025-08-01,678.0,32,21.1875
MN0101,Financial District-Battery Park City,Manhattan,2025-09,2025-09-01,915.0,32,28.59375
MN0101,Financial District-Battery Park City,Manhattan,2025-10,2025-10-01,869.0,32,27.15625
MN0101,Financial District-Battery Park City,Manhattan,2025-11,2025-11-01,21.0,32,0.65625
MN0102,Tribeca-Civic Center,Manhattan,2022-03,2022-03-01,982.0,32,30.6875
MN0102,Tribeca-Civic Center,Manhattan,2022-04,2022-04-01,888.0,32,27.75
MN0102,Tribeca-Civic Center,Manhattan,2022-05,2022-05-01,1135.0,32,35.46875
MN0102,Tribeca-Civic Center,Manhattan,2022-06,2022-06-01,802.0,32,25.0625
MN0102,Tribeca-Civic Center,Manhattan,2022-07,2022-07-01,681.0,32,21.28125
MN0102,Tribeca-Civic Center,Manhattan,2022-08,2022-08-01,690.0,32,21.5625
MN0102,Tribeca-Civic Center,Manhattan,2022-09,2022-09-01,969.0,32,30.28125
MN0102,Tribeca-Civic Center,Manhattan,2022-10,2022-10-01,1080.0,32,33.75
MN0102,Tribeca-Civic Center,Manhattan,2022-11,2022-11-01,978.0,32,30.5625
MN0102,Tribeca-Civic Center,Manhattan,2022-12,2022-12-01,816.0,32,25.5
MN0102,Tribeca-Civic Center,Manhattan,2023-01,2023-01-01,924.0,32,28.875
MN0102,Tribeca-Civic Center,Manhattan,2023-02,2023-02-01,853.0,32,26.65625
MN0102,Tribeca-Civic Center,Manhattan,2023-03,2023-03-01,927.0,32,28.96875
MN0102,Tribeca-Civic Center,Manhattan,2023-04,2023-04-01,898.0,32,28.0625
MN0102,Tribeca-Civic Center,Manhattan,2023-05,2023-05-01,1004.0,32,31.375
MN0102,Tribeca-Civic Center,Manhattan,2023-06,2023-06-01,901.0,32,28.15625
MN0102,Tribeca-Civic Center,Manhattan,2023-07,2023-07-01,750.0,32,23.4375
MN0102,Tribeca-Civic Center,Manhattan,2023-08,2023-08-01,755.0,32,23.59375
MN0102,Tribeca-Civic Center,Manhattan,2023-09,2023-09-01,820.0,32,25.625
MN0102,Tribeca-Civic Center,Manhattan,2023-10,2023-10-01,955.0,32,29.84375
MN0102,Tribeca-Civic Center,Manhattan,2023-11,2023-11-01,873.0,32,27.28125
MN0102,Tribeca-Civic Center,Manhattan,2023-12,2023-12-01,849.0,32,26.53125
MN0102,Tribeca-Civic Center,Manhattan,2024-01,2024-01-01,795.0,32,24.84375
MN0102,Tribeca-Civic Center,Manhattan,2024-02,2024-02-01,846.0,32,26.4375
MN0102,Tribeca-Civic Center,Manhattan,2024-03,2024-03-01,863.0,32,26.96875
MN0102,Tribeca-Civic Center,Manhattan,2024-04,2024-04-01,950.0,32,29.6875
MN0102,Tribeca-Civic Center,Manhattan,2024-05,2024-05-01,1005.0,32,31.40625
MN0102,Tribeca-Civic Center,Manhattan,2024-06,2024-06-01,751.0,32,23.46875
MN0102,Tribeca-Civic Center,Manhattan,2024-07,2024-07-01,776.0,32,24.25
MN0102,Tribeca-Civic Center,Manhattan,2024-08,2024-08-01,707.0,32,22.09375
MN0102,Tribeca-Civic Center,Manhattan,2024-09,2024-09-01,918.0,32,28.6875
MN0102,Tribeca-Civic Center,Manhattan,2024-10,2024-10-01,983.0,32,30.71875
MN0102,Tribeca-Civic Center,Manhattan,2024-11,2024-11-01,861.0,32,26.90625
MN0102,Tribeca-Civic Center,Manhattan,2024-12,2024-12-01,863.0,32,26.96875
MN0102,Tribeca-Civic Center,Manhattan,2025-01,2025-01-01,831.0,32,25.96875
MN0102,Tribeca-Civic Center,Manhattan,2025-02,2025-02-01,607.0,32,18.96875
MN0102,Tribeca-Civic Center,Manhattan,2025-03,2025-03-01,809.0,32,25.28125
MN0102,Tribeca-Civic Center,Manhattan,2025-04,2025-04-01,866.0,32,27.0625
MN0102,Tribeca-Civic Center,Manhattan,2025-05,2025-05-01,942.0,32,29.4375
MN0102,Tribeca-Civic Center,Manhattan,2025-06,2025-06-01,745.0,32,23.28125
MN0102,Tribeca-Civic Center,Manhattan,2025-07,2025-07-01,681.0,32,21.28125
MN0102,Tribeca-Civic Center,Manhattan,2025-08,2025-08-01,678.0,32,21.1875
MN0102,Tribeca-Civic Center,Manhattan,2025-09,2025-09-01,915.0,32,28.59375
MN0102,Tribeca-Civic Center,Manhattan,2025-10,2025-10-01,869.0,32,27.15625
MN0102,Tribeca-Civic Center,Manhattan,2025-11,2025-11-01,21.0,32,0.65625
MN0201,SoHo-Little Italy-Hudson Square,Manhattan,2022-03,2022-03-01,982.0,32,30.6875
MN0201,SoHo-Little Italy-Hudson Square,Manhattan,2022-04,2022-04-01,888.0,32,27.75
MN0201,SoHo-Little Italy-Hudson Square,Manhattan,2022-05,2022-05-01,1135.0,32,35.46875
MN0201,SoHo-Little Italy-Hudson Square,Manhattan,2022-06,2022-06-01,802.0,32,25.0625
MN0201,SoHo-Little Italy-Hudson Square,Manhattan,2022-07,2022-07-01,681.0,32,21.28125
MN0201,SoHo-Little Italy-Hudson Square,Manhattan,2022-08,2022-08-01,690.0,32,21.5625
MN0201,SoHo-Little Italy-Hudson Square,Manhattan,2022-09,2022-09-01,969.0,32,30.28125
MN0201,SoHo-Little Italy-Hudson Square,Manhattan,2022-10,2022-10-01,1080.0,32,33.75
MN0201,SoHo-Little Italy-Hudson Square,Manhattan,2022-11,2022-11-01,978.0,32,30.5625
MN0201,SoHo-Little Italy-Hudson Square,Manhattan,2022-12,2022-12-01,816.0,32,25.5
MN0201,SoHo-Little Italy-Hudson Square,Manhattan,2023-01,2023-01-01,924.0,32,28.875
MN0201,SoHo-Little Italy-Hudson Square,Manhattan,2023-02,2023-02-01,853.0,32,26.65625
MN0201,SoHo-Little Italy-Hudson Square,Manhattan,2023-03,2023-03-01,927.0,32,28.96875
MN0201,SoHo-Little Italy-Hudson Square,Manhattan,2023-04,2023-04-01,898.0,32,28.0625
MN0201,SoHo-Little Italy-Hudson Square,Manhattan,2023-05,2023-05-01,1004.0,32,31.375
MN0201,SoHo-Little Italy-Hudson Square,Manhattan,2023-06,2023-06-01,901.0,32,28.15625
MN0201,SoHo-Little Italy-Hudson Square,Manhattan,2023-07,2023-07-01,750.0,32,23.4375
MN0201,SoHo-Little Italy-Hudson Square,Manhattan,2023-08,2023-08-01,755.0,32,23.59375
MN0201,SoHo-Little Italy-Hudson Square,Manhattan,2023-09,2023-09-01,820.0,32,25.625
MN0201,SoHo-Little Italy-Hudson Square,Manhattan,2023-10,2023-10-01,955.0,32,29.84375
MN0201,SoHo-Little Italy-Hudson Square,Manhattan,2023-11,2023-11-01,873.0,32,27.28125
MN0201,SoHo-Little Italy-Hudson Square,Manhattan,2023-12,2023-12-01,849.0,32,26.53125
MN0201,SoHo-Little Italy-Hudson Square,Manhattan,2024-01,2024-01-01,795.0,32,24.84375
MN0201,SoHo-Little Italy-Hudson Square,Manhattan,2024-02,2024-02-01,846.0,32,26.4375
MN0201,SoHo-Little Italy-Hudson Square,Manhattan,2024-03,2024-03-01,863.0,32,26.96875
MN0201,SoHo-Little Italy-Hudson Square,Manhattan,2024-04,2024-04-01,950.0,32,29.6875
MN0201,SoHo-Little Italy-Hudson Square,Manhattan,2024-05,2024-05-01,1005.0,32,31.40625
MN0201,SoHo-Little Italy-Hudson Square,Manhattan,2024-06,2024-06-01,751.0,32,23.46875
MN0201,SoHo-Little Italy-Hudson Square,Manhattan,2024-07,2024-07-01,776.0,32,24.25
MN0201,SoHo-Little Italy-Hudson Square,Manhattan,2024-08,2024-08-01,707.0,32,22.09375
MN0201,SoHo-Little Italy-Hudson Square,Manhattan,2024-09,2024-09-01,918.0,32,28.6875
MN0201,SoHo-Little Italy-Hudson Square,Manhattan,2024-10,2024-10-01,983.0,32,30.71875
MN0201,SoHo-Little Italy-Hudson Square,Manhattan,2024-11,2024-11-01,861.0,32,26.90625
MN0201,SoHo-Little Italy-Hudson Square,Manhattan,2024-12,2024-12-01,863.0,32,26.96875
MN0201,SoHo-Little Italy-Hudson Square,Manhattan,2025-01,2025-01-01,831.0,32,25.96875
MN0201,SoHo-Little Italy-Hudson Square,Manhattan,2025-02,2025-02-01,607.0,32,18.96875
MN0201,SoHo-Little Italy-Hudson Square,Manhattan,2025-03,2025-03-01,809.0,32,25.28125
MN0201,SoHo-Little Italy-Hudson Square,Manhattan,2025-04,2025-04-01,866.0,32,27.0625
MN0201,SoHo-Little Italy-Hudson Square,Manhattan,2025-05,2025-05-01,942.0,32,29.4375
MN0201,SoHo-Little Italy-Hudson Square,Manhattan,2025-06,2025-06-01,745.0,32,23.28125
MN0201,SoHo-Little Italy-Hudson Square,Manhattan,2025-07,2025-07-01,681.0,32,21.28125
MN0201,SoHo-Little Italy-Hudson Square,Manhattan,2025-08,2025-08-01,678.0,32,21.1875
MN0201,SoHo-Little Italy-Hudson Square,Manhattan,2025-09,2025-09-01,915.0,32,28.59375
MN0201,SoHo-Little Italy-Hudson Square,Manhattan,2025-10,2025-10-01,869.0,32,27.15625
MN0201,SoHo-Little Italy-Hudson Square,Manhattan,2025-11,2025-11-01,21.0,32,0.65625
MN0202,Greenwich Village,Manhattan,2022-03,2022-03-01,982.0,32,30.6875
MN0202,Greenwich Village,Manhattan,2022-04,2022-04-01,888.0,32,27.75
MN0202,Greenwich Village,Manhattan,2022-05,2022-05-01,1135.0,32,35.46875
MN0202,Greenwich Village,Manhattan,2022-06,2022-06-01,802.0,32,25.0625
MN0202,Greenwich Village,Manhattan,2022-07,2022-07-01,681.0,32,21.28125
MN0202,Greenwich Village,Manhattan,2022-08,2022-08-01,690.0,32,21.5625
MN0202,Greenwich Village,Manhattan,2022-09,2022-09-01,969.0,32,30.28125
MN0202,Greenwich Village,Manhattan,2022-10,2022-10-01,1080.0,32,33.75
MN0202,Greenwich Village,Manhattan,2022-11,2022-11-01,978.0,32,30.5625
MN0202,Greenwich Village,Manhattan,2022-12,2022-12-01,816.0,32,25.5
MN0202,Greenwich Village,Manhattan,2023-01,2023-01-01,924.0,32,28.875
MN0202,Greenwich Village,Manhattan,2023-02,2023-02-01,853.0,32,26.65625
MN0202,Greenwich Village,Manhattan,2023-03,2023-03-01,927.0,32,28.96875
MN0202,Greenwich Village,Manhattan,2023-04,2023-04-01,898.0,32,28.0625
MN0202,Greenwich Village,Manhattan,2023-05,2023-05-01,1004.0,32,31.375
MN0202,Greenwich Village,Manhattan,2023-06,2023-06-01,901.0,32,28.15625
MN0202,Greenwich Village,Manhattan,2023-07,2023-07-01,750.0,32,23.4375
MN0202,Greenwich Village,Manhattan,2023-08,2023-08-01,755.0,32,23.59375
MN0202,Greenwich Village,Manhattan,2023-09,2023-09-01,820.0,32,25.625
MN0202,Greenwich Village,Manhattan,2023-10,2023-10-01,955.0,32,29.84375
MN0202,Greenwich Village,Manhattan,2023-11,2023-11-01,873.0,32,27.28125
MN0202,Greenwich Village,Manhattan,2023-12,2023-12-01,849.0,32,26.53125
MN0202,Greenwich Village,Manhattan,2024-01,2024-01-01,795.0,32,24.84375
MN0202,Greenwich Village,Manhattan,2024-02,2024-02-01,846.0,32,26.4375
MN0202,Greenwich Village,Manhattan,2024-03,2024-03-01,863.0,32,26.96875
MN0202,Greenwich Village,Manhattan,2024-04,2024-04-01,950.0,32,29.6875
MN0202,Greenwich Village,Manhattan,2024-05,2024-05-01,1005.0,32,31.40625
MN0202,Greenwich Village,Manhattan,2024-06,2024-06-01,751.0,32,23.46875
MN0202,Greenwich Village,Manhattan,2024-07,2024-07-01,776.0,32,24.25
MN0202,Greenwich Village,Manhattan,2024-08,2024-08-01,707.0,32,22.09375
MN0202,Greenwich Village,Manhattan,2024-09,2024-09-01,918.0,32,28.6875
MN0202,Greenwich Village,Manhattan,2024-10,2024-10-01,983.0,32,30.71875
MN0202,Greenwich Village,Manhattan,2024-11,2024-11-01,861.0,32,26.90625
MN0202,Greenwich Village,Manhattan,2024-12,2024-12-01,863.0,32,26.96875
MN0202,Greenwich Village,Manhattan,2025-01,2025-01-01,831.0,32,25.96875
MN0202,Greenwich Village,Manhattan,2025-02,2025-02-01,607.0,32,18.96875
MN0202,Greenwich Village,Manhattan,2025-03,2025-03-01,809.0,32,25.28125
MN0202,Greenwich Village,Manhattan,2025-04,2025-04-01,866.0,32,27.0625
MN0202,Greenwich Village,Manhattan,2025-05,2025-05-01,942.0,32,29.4375
MN0202,Greenwich Village,Manhattan,2025-06,2025-06-01,745.0,32,23.28125
MN0202,Greenwich Village,Manhattan,2025-07,2025-07-01,681.0,32,21.28125
MN0202,Greenwich Village,Manhattan,2025-08,2025-08-01,678.0,32,21.1875
MN0202,Greenwich Village,Manhattan,2025-09,2025-09-01,915.0,32,28.59375
MN0202,Greenwich Village,Manhattan,2025-10,2025-10-01,869.0,32,27.15625
MN0202,Greenwich Village,Manhattan,2025-11,2025-11-01,21.0,32,0.65625
MN0203,West Village,Manhattan,2022-03,2022-03-01,982.0,32,30.6875
MN0203,West Village,Manhattan,2022-04,2022-04-01,888.0,32,27.75
MN0203,West Village,Manhattan,2022-05,2022-05-01,1135.0,32,35.46875
MN0203,West Village,Manhattan,2022-06,2022-06-01,802.0,32,25.0625
MN0203,West Village,Manhattan,2022-07,2022-07-01,681.0,32,21.28125
MN0203,West Village,Manhattan,2022-08,2022-08-01,690.0,32,21.5625
MN0203,West Village,Manhattan,2022-09,2022-09-01,969.0,32,30.28125
MN0203,West Village,Manhattan,2022-10,2022-10-01,1080.0,32,33.75
MN0203,West Village,Manhattan,2022-11,2022-11-01,978.0,32,30.5625
MN0203,West Village,Manhattan,2022-12,2022-12-01,816.0,32,25.5
MN0203,West Village,Manhattan,2023-01,2023-01-01,924.0,32,28.875
MN0203,West Village,Manhattan,2023-02,2023-02-01,853.0,32,26.65625
MN0203,West Village,Manhattan,2023-03,2023-03-01,927.0,32,28.96875
MN0203,West Village,Manhattan,2023-04,2023-04-01,898.0,32,28.0625
MN0203,West Village,Manhattan,2023-05,2023-05-01,1004.0,32,31.375
MN0203,West Village,Manhattan,2023-06,2023-06-01,901.0,32,28.15625
MN0203,West Village,Manhattan,2023-07,2023-07-01,750.0,32,23.4375
MN0203,West Village,Manhattan,2023-08,2023-08-01,755.0,32,23.59375
MN0203,West Village,Manhattan,2023-09,2023-09-01,820.0,32,25.625
MN0203,West Village,Manhattan,2023-10,2023-10-01,955.0,32,29.84375
MN0203,West Village,Manhattan,2023-11,2023-11-01,873.0,32,27.28125
MN0203,West Village,Manhattan,2023-12,2023-12-01,849.0,32,26.53125
MN0203,West Village,Manhattan,2024-01,2024-01-01,795.0,32,24.84375
MN0203,West Village,Manhattan,2024-02,2024-02-01,846.0,32,26.4375
MN0203,West Village,Manhattan,2024-03,2024-03-01,863.0,32,26.96875
MN0203,West Village,Manhattan,2024-04,2024-04-01,950.0,32,29.6875
MN0203,West Village,Manhattan,2024-05,2024-05-01,1005.0,32,31.40625
MN0203,West Village,Manhattan,2024-06,2024-06-01,751.0,32,23.46875
MN0203,West Village,Manhattan,2024-07,2024-07-01,776.0,32,24.25
MN0203,West Village,Manhattan,2024-08,2024-08-01,707.0,32,22.09375
MN0203,West Village,Manhattan,2024-09,2024-09-01,918.0,32,28.6875
MN0203,West Village,Manhattan,2024-10,2024-10-01,983.0,32,30.71875
MN0203,West Village,Manhattan,2024-11,2024-11-01,861.0,32,26.90625
MN0203,West Village,Manhattan,2024-12,2024-12-01,863.0,32,26.96875
MN0203,West Village,Manhattan,2025-01,2025-01-01,831.0,32,25.96875
MN0203,West Village,Manhattan,2025-02,2025-02-01,607.0,32,18.96875
MN0203,West Village,Manhattan,2025-03,2025-03-01,809.0,32,25.28125
MN0203,West Village,Manhattan,2025-04,2025-04-01,866.0,32,27.0625
MN0203,West Village,Manhattan,2025-05,2025-05-01,942.0,32,29.4375
MN0203,West Village,Manhattan,2025-06,2025-06-01,745.0,32,23.28125
MN0203,West Village,Manhattan,2025-07,2025-07-01,681.0,32,21.28125
MN0203,West Village,Manhattan,2025-08,2025-08-01,678.0,32,21.1875
MN0203,West Village,Manhattan,2025-09,2025-09-01,915.0,32,28.59375
MN0203,West Village,Manhattan,2025-10,2025-10-01,869.0,32,27.15625
MN0203,West Village,Manhattan,2025-11,2025-11-01,21.0,32,0.65625
MN0301,Chinatown-Two Bridges,Manhattan,2022-03,2022-03-01,982.0,32,30.6875
MN0301,Chinatown-Two Bridges,Manhattan,2022-04,2022-04-01,888.0,32,27.75
MN0301,Chinatown-Two Bridges,Manhattan,2022-05,2022-05-01,1135.0,32,35.46875
MN0301,Chinatown-Two Bridges,Manhattan,2022-06,2022-06-01,802.0,32,25.0625
MN0301,Chinatown-Two Bridges,Manhattan,2022-07,2022-07-01,681.0,32,21.28125
MN0301,Chinatown-Two Bridges,Manhattan,2022-08,2022-08-01,690.0,32,21.5625
MN0301,Chinatown-Two Bridges,Manhattan,2022-09,2022-09-01,969.0,32,30.28125
MN0301,Chinatown-Two Bridges,Manhattan,2022-10,2022-10-01,1080.0,32,33.75
MN0301,Chinatown-Two Bridges,Manhattan,2022-11,2022-11-01,978.0,32,30.5625
MN0301,Chinatown-Two Bridges,Manhattan,2022-12,2022-12-01,816.0,32,25.5
MN0301,Chinatown-Two Bridges,Manhattan,2023-01,2023-01-01,924.0,32,28.875
MN0301,Chinatown-Two Bridges,Manhattan,2023-02,2023-02-01,853.0,32,26.65625
MN0301,Chinatown-Two Bridges,Manhattan,2023-03,2023-03-01,927.0,32,28.96875
MN0301,Chinatown-Two Bridges,Manhattan,2023-04,2023-04-01,898.0,32,28.0625
MN0301,Chinatown-Two Bridges,Manhattan,2023-05,2023-05-01,1004.0,32,31.375
MN0301,Chinatown-Two Bridges,Manhattan,2023-06,2023-06-01,901.0,32,28.15625
MN0301,Chinatown-Two Bridges,Manhattan,2023-07,2023-07-01,750.0,32,23.4375
MN0301,Chinatown-Two Bridges,Manhattan,2023-08,2023-08-01,755.0,32,23.59375
MN0301,Chinatown-Two Bridges,Manhattan,2023-09,2023-09-01,820.0,32,25.625
MN0301,Chinatown-Two Bridges,Manhattan,2023-10,2023-10-01,955.0,32,29.84375
MN0301,Chinatown-Two Bridges,Manhattan,2023-11,2023-11-01,873.0,32,27.28125
MN0301,Chinatown-Two Bridges,Manhattan,2023-12,2023-12-01,849.0,32,26.53125
MN0301,Chinatown-Two Bridges,Manhattan,2024-01,2024-01-01,795.0,32,24.84375
MN0301,Chinatown-Two Bridges,Manhattan,2024-02,2024-02-01,846.0,32,26.4375
MN0301,Chinatown-Two Bridges,Manhattan,2024-03,2024-03-01,863.0,32,26.96875
MN0301,Chinatown-Two Bridges,Manhattan,2024-04,2024-04-01,950.0,32,29.6875
MN0301,Chinatown-Two Bridges,Manhattan,2024-05,2024-05-01,1005.0,32,31.40625
MN0301,Chinatown-Two Bridges,Manhattan,2024-06,2024-06-01,751.0,32,23.46875
MN0301,Chinatown-Two Bridges,Manhattan,2024-07,2024-07-01,776.0,32,24.25
MN0301,Chinatown-Two Bridges,Manhattan,2024-08,2024-08-01,707.0,32,22.09375
MN0301,Chinatown-Two Bridges,Manhattan,2024-09,2024-09-01,918.0,32,28.6875
MN0301,Chinatown-Two Bridges,Manhattan,2024-10,2024-10-01,983.0,32,30.71875
MN0301,Chinatown-Two Bridges,Manhattan,2024-11,2024-11-01,861.0,32,26.90625
MN0301,Chinatown-Two Bridges,Manhattan,2024-12,2024-12-01,863.0,32,26.96875
MN0301,Chinatown-Two Bridges,Manhattan,2025-01,2025-01-01,831.0,32,25.96875
MN0301,Chinatown-Two Bridges,Manhattan,2025-02,2025-02-01,607.0,32,18.96875
MN0301,Chinatown-Two Bridges,Manhattan,2025-03,2025-03-01,809.0,32,25.28125
MN0301,Chinatown-Two Bridges,Manhattan,2025-04,2025-04-01,866.0,32,27.0625
MN0301,Chinatown-Two Bridges,Manhattan,2025-05,2025-05-01,942.0,32,29.4375
MN0301,Chinatown-Two Bridges,Manhattan,2025-06,2025-06-01,745.0,32,23.28125
MN0301,Chinatown-Two Bridges,Manhattan,2025-07,2025-07-01,681.0,32,21.28125
MN0301,Chinatown-Two Bridges,Manhattan,2025-08,2025-08-01,678.0,32,21.1875
MN0301,Chinatown-Two Bridges,Manhattan,2025-09,2025-09-01,915.0,32,28.59375
MN0301,Chinatown-Two Bridges,Manhattan,2025-10,2025-10-01,869.0,32,27.15625
MN0301,Chinatown-Two Bridges,Manhattan,2025-11,2025-11-01,21.0,32,0.65625
MN0302,Lower East Side,Manhattan,2022-03,2022-03-01,982.0,32,30.6875
MN0302,Lower East Side,Manhattan,2022-04,2022-04-01,888.0,32,27.75
MN0302,Lower East Side,Manhattan,2022-05,2022-05-01,1135.0,32,35.46875
MN0302,Lower East Side,Manhattan,2022-06,2022-06-01,802.0,32,25.0625
MN0302,Lower East Side,Manhattan,2022-07,2022-07-01,681.0,32,21.28125
MN0302,Lower East Side,Manhattan,2022-08,2022-08-01,690.0,32,21.5625
MN0302,Lower East Side,Manhattan,2022-09,2022-09-01,969.0,32,30.28125
MN0302,Lower East Side,Manhattan,2022-10,2022-10-01,1080.0,32,33.75
MN0302,Lower East Side,Manhattan,2022-11,2022-11-01,978.0,32,30.5625
MN0302,Lower East Side,Manhattan,2022-12,2022-12-01,816.0,32,25.5
MN0302,Lower East Side,Manhattan,2023-01,2023-01-01,924.0,32,28.875
MN0302,Lower East Side,Manhattan,2023-02,2023-02-01,853.0,32,26.65625
MN0302,Lower East Side,Manhattan,2023-03,2023-03-01,927.0,32,28.96875
MN0302,Lower East Side,Manhattan,2023-04,2023-04-01,898.0,32,28.0625
MN0302,Lower East Side,Manhattan,2023-05,2023-05-01,1004.0,32,31.375
MN0302,Lower East Side,Manhattan,2023-06,2023-06-01,901.0,32,28.15625
MN0302,Lower East Side,Manhattan,2023-07,2023-07-01,750.0,32,23.4375
MN0302,Lower East Side,Manhattan,2023-08,2023-08-01,755.0,32,23.59375
MN0302,Lower East Side,Manhattan,2023-09,2023-09-01,820.0,32,25.625
MN0302,Lower East Side,Manhattan,2023-10,2023-10-01,955.0,32,29.84375
MN0302,Lower East Side,Manhattan,2023-11,2023-11-01,873.0,32,27.28125
MN0302,Lower East Side,Manhattan,2023-12,2023-12-01,849.0,32,26.53125
MN0302,Lower East Side,Manhattan,2024-01,2024-01-01,795.0,32,24.84375
MN0302,Lower East Side,Manhattan,2024-02,2024-02-01,846.0,32,26.4375
MN0302,Lower East Side,Manhattan,2024-03,2024-03-01,863.0,32,26.96875
MN0302,Lower East Side,Manhattan,2024-04,2024-04-01,950.0,32,29.6875
MN0302,Lower East Side,Manhattan,2024-05,2024-05-01,1005.0,32,31.40625
MN0302,Lower East Side,Manhattan,2024-06,2024-06-01,751.0,32,23.46875
MN0302,Lower East Side,Manhattan,2024-07,2024-07-01,776.0,32,24.25
MN0302,Lower East Side,Manhattan,2024-08,2024-08-01,707.0,32,22.09375
MN0302,Lower East Side,Manhattan,2024-09,2024-09-01,918.0,32,28.6875
MN0302,Lower East Side,Manhattan,2024-10,2024-10-01,983.0,32,30.71875
MN0302,Lower East Side,Manhattan,2024-11,2024-11-01,861.0,32,26.90625
MN0302,Lower East Side,Manhattan,2024-12,2024-12-01,863.0,32,26.96875
MN0302,Lower East Side,Manhattan,2025-01,2025-01-01,831.0,32,25.96875
MN0302,Lower East Side,Manhattan,2025-02,2025-02-01,607.0,32,18.96875
MN0302,Lower East Side,Manhattan,2025-03,2025-03-01,809.0,32,25.28125
MN0302,Lower East Side,Manhattan,2025-04,2025-04-01,866.0,32,27.0625
MN0302,Lower East Side,Manhattan,2025-05,2025-05-01,942.0,32,29.4375
MN0302,Lower East Side,Manhattan,2025-06,2025-06-01,745.0,32,23.28125
MN0302,Lower East Side,Manhattan,2025-07,2025-07-01,681.0,32,21.28125
MN0302,Lower East Side,Manhattan,2025-08,2025-08-01,678.0,32,21.1875
MN0302,Lower East Side,Manhattan,2025-09,2025-09-01,915.0,32,28.59375
MN0302,Lower East Side,Manhattan,2025-10,2025-10-01,869.0,32,27.15625
MN0302,Lower East Side,Manhattan,2025-11,2025-11-01,21.0,32,0.65625
MN0303,East Village,Manhattan,2022-03,2022-03-01,982.0,32,30.6875
MN0303,East Village,Manhattan,2022-04,2022-04-01,888.0,32,27.75
MN0303,East Village,Manhattan,2022-05,2022-05-01,1135.0,32,35.46875
MN0303,East Village,Manhattan,2022-06,2022-06-01,802.0,32,25.0625
MN0303,East Village,Manhattan,2022-07,2022-07-01,681.0,32,21.28125
MN0303,East Village,Manhattan,2022-08,2022-08-01,690.0,32,21.5625
MN0303,East Village,Manhattan,2022-09,2022-09-01,969.0,32,30.28125
MN0303,East Village,Manhattan,2022-10,2022-10-01,1080.0,32,33.75
MN0303,East Village,Manhattan,2022-11,2022-11-01,978.0,32,30.5625
MN0303,East Village,Manhattan,2022-12,2022-12-01,816.0,32,25.5
MN0303,East Village,Manhattan,2023-01,2023-01-01,924.0,32,28.875
MN0303,East Village,Manhattan,2023-02,2023-02-01,853.0,32,26.65625
MN0303,East Village,Manhattan,2023-03,2023-03-01,927.0,32,28.96875
MN0303,East Village,Manhattan,2023-04,2023-04-01,898.0,32,28.0625
MN0303,East Village,Manhattan,2023-05,2023-05-01,1004.0,32,31.375
MN0303,East Village,Manhattan,2023-06,2023-06-01,901.0,32,28.15625
MN0303,East Village,Manhattan,2023-07,2023-07-01,750.0,32,23.4375
MN0303,East Village,Manhattan,2023-08,2023-08-01,755.0,32,23.59375
MN0303,East Village,Manhattan,2023-09,2023-09-01,820.0,32,25.625
MN0303,East Village,Manhattan,2023-10,2023-10-01,955.0,32,29.84375
MN0303,East Village,Manhattan,2023-11,2023-11-01,873.0,32,27.28125
MN0303,East Village,Manhattan,2023-12,2023-12-01,849.0,32,26.53125
MN0303,East Village,Manhattan,2024-01,2024-01-01,795.0,32,24.84375
MN0303,East Village,Manhattan,2024-02,2024-02-01,846.0,32,26.4375
MN0303,East Village,Manhattan,2024-03,2024-03-01,863.0,32,26.96875
MN0303,East Village,Manhattan,2024-04,2024-04-01,950.0,32,29.6875
MN0303,East Village,Manhattan,2024-05,2024-05-01,1005.0,32,31.40625
MN0303,East Village,Manhattan,2024-06,2024-06-01,751.0,32,23.46875
MN0303,East Village,Manhattan,2024-07,2024-07-01,776.0,32,24.25
MN0303,East Village,Manhattan,2024-08,2024-08-01,707.0,32,22.09375
MN0303,East Village,Manhattan,2024-09,2024-09-01,918.0,32,28.6875
MN0303,East Village,Manhattan,2024-10,2024-10-01,983.0,32,30.71875
MN0303,East Village,Manhattan,2024-11,2024-11-01,861.0,32,26.90625
MN0303,East Village,Manhattan,2024-12,2024-12-01,863.0,32,26.96875
MN0303,East Village,Manhattan,2025-01,2025-01-01,831.0,32,25.96875
MN0303,East Village,Manhattan,2025-02,2025-02-01,607.0,32,18.96875
MN0303,East Village,Manhattan,2025-03,2025-03-01,809.0,32,25.28125
MN0303,East Village,Manhattan,2025-04,2025-04-01,866.0,32,27.0625
MN0303,East Village,Manhattan,2025-05,2025-05-01,942.0,32,29.4375
MN0303,East Village,Manhattan,2025-06,2025-06-01,745.0,32,23.28125
MN0303,East Village,Manhattan,2025-07,2025-07-01,681.0,32,21.28125
MN0303,East Village,Manhattan,2025-08,2025-08-01,678.0,32,21.1875
MN0303,East Village,Manhattan,2025-09,2025-09-01,915.0,32,28.59375
MN0303,East Village,Manhattan,2025-10,2025-10-01,869.0,32,27.15625
MN0303,East Village,Manhattan,2025-11,2025-11-01,21.0,32,0.65625
MN0401,Chelsea-Hudson Yards,Manhattan,2022-03,2022-03-01,982.0,32,30.6875
MN0401,Chelsea-Hudson Yards,Manhattan,2022-04,2022-04-01,888.0,32,27.75
MN0401,Chelsea-Hudson Yards,Manhattan,2022-05,2022-05-01,1135.0,32,35.46875
MN0401,Chelsea-Hudson Yards,Manhattan,2022-06,2022-06-01,802.0,32,25.0625
MN0401,Chelsea-Hudson Yards,Manhattan,2022-07,2022-07-01,681.0,32,21.28125
MN0401,Chelsea-Hudson Yards,Manhattan,2022-08,2022-08-01,690.0,32,21.5625
MN0401,Chelsea-Hudson Yards,Manhattan,2022-09,2022-09-01,969.0,32,30.28125
MN0401,Chelsea-Hudson Yards,Manhattan,2022-10,2022-10-01,1080.0,32,33.75
MN0401,Chelsea-Hudson Yards,Manhattan,2022-11,2022-11-01,978.0,32,30.5625
MN0401,Chelsea-Hudson Yards,Manhattan,2022-12,2022-12-01,816.0,32,25.5
MN0401,Chelsea-Hudson Yards,Manhattan,2023-01,2023-01-01,924.0,32,28.875
MN0401,Chelsea-Hudson Yards,Manhattan,2023-02,2023-02-01,853.0,32,26.65625
MN0401,Chelsea-Hudson Yards,Manhattan,2023-03,2023-03-01,927.0,32,28.96875
MN0401,Chelsea-Hudson Yards,Manhattan,2023-04,2023-04-01,898.0,32,28.0625
MN0401,Chelsea-Hudson Yards,Manhattan,2023-05,2023-05-01,1004.0,32,31.375
MN0401,Chelsea-Hudson Yards,Manhattan,2023-06,2023-06-01,901.0,32,28.15625
MN0401,Chelsea-Hudson Yards,Manhattan,2023-07,2023-07-01,750.0,32,23.4375
MN0401,Chelsea-Hudson Yards,Manhattan,2023-08,2023-08-01,755.0,32,23.59375
MN0401,Chelsea-Hudson Yards,Manhattan,2023-09,2023-09-01,820.0,32,25.625
MN0401,Chelsea-Hudson Yards,Manhattan,2023-10,2023-10-01,955.0,32,29.84375
MN0401,Chelsea-Hudson Yards,Manhattan,2023-11,2023-11-01,873.0,32,27.28125
MN0401,Chelsea-Hudson Yards,Manhattan,2023-12,2023-12-01,849.0,32,26.53125
MN0401,Chelsea-Hudson Yards,Manhattan,2024-01,2024-01-01,795.0,32,24.84375
MN0401,Chelsea-Hudson Yards,Manhattan,2024-02,2024-02-01,846.0,32,26.4375
MN0401,Chelsea-Hudson Yards,Manhattan,2024-03,2024-03-01,863.0,32,26.96875
MN0401,Chelsea-Hudson Yards,Manhattan,2024-04,2024-04-01,950.0,32,29.6875
MN0401,Chelsea-Hudson Yards,Manhattan,2024-05,2024-05-01,1005.0,32,31.40625
MN0401,Chelsea-Hudson Yards,Manhattan,2024-06,2024-06-01,751.0,32,23.46875
MN0401,Chelsea-Hudson Yards,Manhattan,2024-07,2024-07-01,776.0,32,24.25
MN0401,Chelsea-Hudson Yards,Manhattan,2024-08,2024-08-01,707.0,32,22.09375
MN0401,Chelsea-Hudson Yards,Manhattan,2024-09,2024-09-01,918.0,32,28.6875
MN0401,Chelsea-Hudson Yards,Manhattan,2024-10,2024-10-01,983.0,32,30.71875
MN0401,Chelsea-Hudson Yards,Manhattan,2024-11,2024-11-01,861.0,32,26.90625
MN0401,Chelsea-Hudson Yards,Manhattan,2024-12,2024-12-01,863.0,32,26.96875
MN0401,Chelsea-Hudson Yards,Manhattan,2025-01,2025-01-01,831.0,32,25.96875
MN0401,Chelsea-Hudson Yards,Manhattan,2025-02,2025-02-01,607.0,32,18.96875
MN0401,Chelsea-Hudson Yards,Manhattan,2025-03,2025-03-01,809.0,32,25.28125
MN0401,Chelsea-Hudson Yards,Manhattan,2025-04,2025-04-01,866.0,32,27.0625
MN0401,Chelsea-Hudson Yards,Manhattan,2025-05,2025-05-01,942.0,32,29.4375
MN0401,Chelsea-Hudson Yards,Manhattan,2025-06,2025-06-01,745.0,32,23.28125
MN0401,Chelsea-Hudson Yards,Manhattan,2025-07,2025-07-01,681.0,32,21.28125
MN0401,Chelsea-Hudson Yards,Manhattan,2025-08,2025-08-01,678.0,32,21.1875
MN0401,Chelsea-Hudson Yards,Manhattan,2025-09,2025-09-01,915.0,32,28.59375
MN0401,Chelsea-Hudson Yards,Manhattan,2025-10,2025-10-01,869.0,32,27.15625
MN0401,Chelsea-Hudson Yards,Manhattan,2025-11,2025-11-01,21.0,32,0.65625
MN0402,Hell's Kitchen,Manhattan,2022-03,2022-03-01,982.0,32,30.6875
MN0402,Hell's Kitchen,Manhattan,2022-04,2022-04-01,888.0,32,27.75
MN0402,Hell's Kitchen,Manhattan,2022-05,2022-05-01,1135.0,32,35.46875
MN0402,Hell's Kitchen,Manhattan,2022-06,2022-06-01,802.0,32,25.0625
MN0402,Hell's Kitchen,Manhattan,2022-07,2022-07-01,681.0,32,21.28125
MN0402,Hell's Kitchen,Manhattan,2022-08,2022-08-01,690.0,32,21.5625
MN0402,Hell's Kitchen,Manhattan,2022-09,2022-09-01,969.0,32,30.28125
MN0402,Hell's Kitchen,Manhattan,2022-10,2022-10-01,1080.0,32,33.75
MN0402,Hell's Kitchen,Manhattan,2022-11,2022-11-01,978.0,32,30.5625
MN0402,Hell's Kitchen,Manhattan,2022-12,2022-12-01,816.0,32,25.5
MN0402,Hell's Kitchen,Manhattan,2023-01,2023-01-01,924.0,32,28.875
MN0402,Hell's Kitchen,Manhattan,2023-02,2023-02-01,853.0,32,26.65625
MN0402,Hell's Kitchen,Manhattan,2023-03,2023-03-01,927.0,32,28.96875
MN0402,Hell's Kitchen,Manhattan,2023-04,2023-04-01,898.0,32,28.0625
MN0402,Hell's Kitchen,Manhattan,2023-05,2023-05-01,1004.0,32,31.375
MN0402,Hell's Kitchen,Manhattan,2023-06,2023-06-01,901.0,32,28.15625
MN0402,Hell's Kitchen,Manhattan,2023-07,2023-07-01,750.0,32,23.4375
MN0402,Hell's Kitchen,Manhattan,2023-08,2023-08-01,755.0,32,23.59375
MN0402,Hell's Kitchen,Manhattan,2023-09,2023-09-01,820.0,32,25.625
MN0402,Hell's Kitchen,Manhattan,2023-10,2023-10-01,955.0,32,29.84375
MN0402,Hell's Kitchen,Manhattan,2023-11,2023-11-01,873.0,32,27.28125
MN0402,Hell's Kitchen,Manhattan,2023-12,2023-12-01,849.0,32,26.53125
MN0402,Hell's Kitchen,Manhattan,2024-01,2024-01-01,795.0,32,24.84375
MN0402,Hell's Kitchen,Manhattan,2024-02,2024-02-01,846.0,32,26.4375
MN0402,Hell's Kitchen,Manhattan,2024-03,2024-03-01,863.0,32,26.96875
MN0402,Hell's Kitchen,Manhattan,2024-04,2024-04-01,950.0,32,29.6875
MN0402,Hell's Kitchen,Manhattan,2024-05,2024-05-01,1005.0,32,31.40625
MN0402,Hell's Kitchen,Manhattan,2024-06,2024-06-01,751.0,32,23.46875
MN0402,Hell's Kitchen,Manhattan,2024-07,2024-07-01,776.0,32,24.25
MN0402,Hell's Kitchen,Manhattan,2024-08,2024-08-01,707.0,32,22.09375
MN0402,Hell's Kitchen,Manhattan,2024-09,2024-09-01,918.0,32,28.6875
MN0402,Hell's Kitchen,Manhattan,2024-10,2024-10-01,983.0,32,30.71875
MN0402,Hell's Kitchen,Manhattan,2024-11,2024-11-01,861.0,32,26.90625
MN0402,Hell's Kitchen,Manhattan,2024-12,2024-12-01,863.0,32,26.96875
MN0402,Hell's Kitchen,Manhattan,2025-01,2025-01-01,831.0,32,25.96875
MN0402,Hell's Kitchen,Manhattan,2025-02,2025-02-01,607.0,32,18.96875
MN0402,Hell's Kitchen,Manhattan,2025-03,2025-03-01,809.0,32,25.28125
MN0402,Hell's Kitchen,Manhattan,2025-04,2025-04-01,866.0,32,27.0625
MN0402,Hell's Kitchen,Manhattan,2025-05,2025-05-01,942.0,32,29.4375
MN0402,Hell's Kitchen,Manhattan,2025-06,2025-06-01,745.0,32,23.28125
MN0402,Hell's Kitchen,Manhattan,2025-07,2025-07-01,681.0,32,21.28125
MN0402,Hell's Kitchen,Manhattan,2025-08,2025-08-01,678.0,32,21.1875
MN0402,Hell's Kitchen,Manhattan,2025-09,2025-09-01,915.0,32,28.59375
MN0402,Hell's Kitchen,Manhattan,2025-10,2025-10-01,869.0,32,27.15625
MN0402,Hell's Kitchen,Manhattan,2025-11,2025-11-01,21.0,32,0.65625
MN0501,Midtown South-Flatiron-Union Square,Manhattan,2022-03,2022-03-01,982.0,32,30.6875
MN0501,Midtown South-Flatiron-Union Square,Manhattan,2022-04,2022-04-01,888.0,32,27.75
MN0501,Midtown South-Flatiron-Union Square,Manhattan,2022-05,2022-05-01,1135.0,32,35.46875
MN0501,Midtown South-Flatiron-Union Square,Manhattan,2022-06,2022-06-01,802.0,32,25.0625
MN0501,Midtown South-Flatiron-Union Square,Manhattan,2022-07,2022-07-01,681.0,32,21.28125
MN0501,Midtown South-Flatiron-Union Square,Manhattan,2022-08,2022-08-01,690.0,32,21.5625
MN0501,Midtown South-Flatiron-Union Square,Manhattan,2022-09,2022-09-01,969.0,32,30.28125
MN0501,Midtown South-Flatiron-Union Square,Manhattan,2022-10,2022-10-01,1080.0,32,33.75
MN0501,Midtown South-Flatiron-Union Square,Manhattan,2022-11,2022-11-01,978.0,32,30.5625
MN0501,Midtown South-Flatiron-Union Square,Manhattan,2022-12,2022-12-01,816.0,32,25.5
MN0501,Midtown South-Flatiron-Union Square,Manhattan,2023-01,2023-01-01,924.0,32,28.875
MN0501,Midtown South-Flatiron-Union Square,Manhattan,2023-02,2023-02-01,853.0,32,26.65625
MN0501,Midtown South-Flatiron-Union Square,Manhattan,2023-03,2023-03-01,927.0,32,28.96875
MN0501,Midtown South-Flatiron-Union Square,Manhattan,2023-04,2023-04-01,898.0,32,28.0625
MN0501,Midtown South-Flatiron-Union Square,Manhattan,2023-05,2023-05-01,1004.0,32,31.375
MN0501,Midtown South-Flatiron-Union Square,Manhattan,2023-06,2023-06-01,901.0,32,28.15625
MN0501,Midtown South-Flatiron-Union Square,Manhattan,2023-07,2023-07-01,750.0,32,23.4375
MN0501,Midtown South-Flatiron-Union Square,Manhattan,2023-08,2023-08-01,755.0,32,23.59375
MN0501,Midtown South-Flatiron-Union Square,Manhattan,2023-09,2023-09-01,820.0,32,25.625
MN0501,Midtown South-Flatiron-Union Square,Manhattan,2023-10,2023-10-01,955.0,32,29.84375
MN0501,Midtown South-Flatiron-Union Square,Manhattan,2023-11,2023-11-01,873.0,32,27.28125
MN0501,Midtown South-Flatiron-Union Square,Manhattan,2023-12,2023-12-01,849.0,32,26.53125
MN0501,Midtown South-Flatiron-Union Square,Manhattan,2024-01,2024-01-01,795.0,32,24.84375
MN0501,Midtown South-Flatiron-Union Square,Manhattan,2024-02,2024-02-01,846.0,32,26.4375
MN0501,Midtown South-Flatiron-Union Square,Manhattan,2024-03,2024-03-01,863.0,32,26.96875
MN0501,Midtown South-Flatiron-Union Square,Manhattan,2024-04,2024-04-01,950.0,32,29.6875
MN0501,Midtown South-Flatiron-Union Square,Manhattan,2024-05,2024-05-01,1005.0,32,31.40625
MN0501,Midtown South-Flatiron-Union Square,Manhattan,2024-06,2024-06-01,751.0,32,23.46875
MN0501,Midtown South-Flatiron-Union Square,Manhattan,2024-07,2024-07-01,776.0,32,24.25
MN0501,Midtown South-Flatiron-Union Square,Manhattan,2024-08,2024-08-01,707.0,32,22.09375
MN0501,Midtown South-Flatiron-Union Square,Manhattan,2024-09,2024-09-01,918.0,32,28.6875
MN0501,Midtown South-Flatiron-Union Square,Manhattan,2024-10,2024-10-01,983.0,32,30.71875
MN0501,Midtown South-Flatiron-Union Square,Manhattan,2024-11,2024-11-01,861.0,32,26.90625
MN0501,Midtown South-Flatiron-Union Square,Manhattan,2024-12,2024-12-01,863.0,32,26.96875
MN0501,Midtown South-Flatiron-Union Square,Manhattan,2025-01,2025-01-01,831.0,32,25.96875
MN0501,Midtown South-Flatiron-Union Square,Manhattan,2025-02,2025-02-01,607.0,32,18.96875
MN0501,Midtown South-Flatiron-Union Square,Manhattan,2025-03,2025-03-01,809.0,32,25.28125
MN0501,Midtown South-Flatiron-Union Square,Manhattan,2025-04,2025-04-01,866.0,32,27.0625
MN0501,Midtown South-Flatiron-Union Square,Manhattan,2025-05,2025-05-01,942.0,32,29.4375
MN0501,Midtown South-Flatiron-Union Square,Manhattan,2025-06,2025-06-01,745.0,32,23.28125
MN0501,Midtown South-Flatiron-Union Square,Manhattan,2025-07,2025-07-01,681.0,32,21.28125
MN0501,Midtown South-Flatiron-Union Square,Manhattan,2025-08,2025-08-01,678.0,32,21.1875
MN0501,Midtown South-Flatiron-Union Square,Manhattan,2025-09,2025-09-01,915.0,32,28.59375
MN0501,Midtown South-Flatiron-Union Square,Manhattan,2025-10,2025-10-01,869.0,32,27.15625
MN0501,Midtown South-Flatiron-Union Square,Manhattan,2025-11,2025-11-01,21.0,32,0.65625
MN0502,Midtown-Times Square,Manhattan,2022-03,2022-03-01,982.0,32,30.6875
MN0502,Midtown-Times Square,Manhattan,2022-04,2022-04-01,888.0,32,27.75
MN0502,Midtown-Times Square,Manhattan,2022-05,2022-05-01,1135.0,32,35.46875
MN0502,Midtown-Times Square,Manhattan,2022-06,2022-06-01,802.0,32,25.0625
MN0502,Midtown-Times Square,Manhattan,2022-07,2022-07-01,681.0,32,21.28125
MN0502,Midtown-Times Square,Manhattan,2022-08,2022-08-01,690.0,32,21.5625
MN0502,Midtown-Times Square,Manhattan,2022-09,2022-09-01,969.0,32,30.28125
MN0502,Midtown-Times Square,Manhattan,2022-10,2022-10-01,1080.0,32,33.75
MN0502,Midtown-Times Square,Manhattan,2022-11,2022-11-01,978.0,32,30.5625
MN0502,Midtown-Times Square,Manhattan,2022-12,2022-12-01,816.0,32,25.5
MN0502,Midtown-Times Square,Manhattan,2023-01,2023-01-01,924.0,32,28.875
MN0502,Midtown-Times Square,Manhattan,2023-02,2023-02-01,853.0,32,26.65625
MN0502,Midtown-Times Square,Manhattan,2023-03,2023-03-01,927.0,32,28.96875
MN0502,Midtown-Times Square,Manhattan,2023-04,2023-04-01,898.0,32,28.0625
MN0502,Midtown-Times Square,Manhattan,2023-05,2023-05-01,1004.0,32,31.375
MN0502,Midtown-Times Square,Manhattan,2023-06,2023-06-01,901.0,32,28.15625
MN0502,Midtown-Times Square,Manhattan,2023-07,2023-07-01,750.0,32,23.4375
MN0502,Midtown-Times Square,Manhattan,2023-08,2023-08-01,755.0,32,23.59375
MN0502,Midtown-Times Square,Manhattan,2023-09,2023-09-01,820.0,32,25.625
MN0502,Midtown-Times Square,Manhattan,2023-10,2023-10-01,955.0,32,29.84375
MN0502,Midtown-Times Square,Manhattan,2023-11,2023-11-01,873.0,32,27.28125
MN0502,Midtown-Times Square,Manhattan,2023-12,2023-12-01,849.0,32,26.53125
MN0502,Midtown-Times Square,Manhattan,2024-01,2024-01-01,795.0,32,24.84375
MN0502,Midtown-Times Square,Manhattan,2024-02,2024-02-01,846.0,32,26.4375
MN0502,Midtown-Times Square,Manhattan,2024-03,2024-03-01,863.0,32,26.96875
MN0502,Midtown-Times Square,Manhattan,2024-04,2024-04-01,950.0,32,29.6875
MN0502,Midtown-Times Square,Manhattan,2024-05,2024-05-01,1005.0,32,31.40625
MN0502,Midtown-Times Square,Manhattan,2024-06,2024-06-01,751.0,32,23.46875
MN0502,Midtown-Times Square,Manhattan,2024-07,2024-07-01,776.0,32,24.25
MN0502,Midtown-Times Square,Manhattan,2024-08,2024-08-01,707.0,32,22.09375
MN0502,Midtown-Times Square,Manhattan,2024-09,2024-09-01,918.0,32,28.6875
MN0502,Midtown-Times Square,Manhattan,2024-10,2024-10-01,983.0,32,30.71875
MN0502,Midtown-Times Square,Manhattan,2024-11,2024-11-01,861.0,32,26.90625
MN0502,Midtown-Times Square,Manhattan,2024-12,2024-12-01,863.0,32,26.96875
MN0502,Midtown-Times Square,Manhattan,2025-01,2025-01-01,831.0,32,25.96875
MN0502,Midtown-Times Square,Manhattan,2025-02,2025-02-01,607.0,32,18.96875
MN0502,Midtown-Times Square,Manhattan,2025-03,2025-03-01,809.0,32,25.28125
MN0502,Midtown-Times Square,Manhattan,2025-04,2025-04-01,866.0,32,27.0625
MN0502,Midtown-Times Square,Manhattan,2025-05,2025-05-01,942.0,32,29.4375
MN0502,Midtown-Times Square,Manhattan,2025-06,2025-06-01,745.0,32,23.28125
MN0502,Midtown-Times Square,Manhattan,2025-07,2025-07-01,681.0,32,21.28125
MN0502,Midtown-Times Square,Manhattan,2025-08,2025-08-01,678.0,32,21.1875
MN0502,Midtown-Times Square,Manhattan,2025-09,2025-09-01,915.0,32,28.59375
MN0502,Midtown-Times Square,Manhattan,2025-10,2025-10-01,869.0,32,27.15625
MN0502,Midtown-Times Square,Manhattan,2025-11,2025-11-01,21.0,32,0.65625
MN0601,Stuyvesant Town-Peter Cooper Village,Manhattan,2022-03,2022-03-01,982.0,32,30.6875
MN0601,Stuyvesant Town-Peter Cooper Village,Manhattan,2022-04,2022-04-01,888.0,32,27.75
MN0601,Stuyvesant Town-Peter Cooper Village,Manhattan,2022-05,2022-05-01,1135.0,32,35.46875
MN0601,Stuyvesant Town-Peter Cooper Village,Manhattan,2022-06,2022-06-01,802.0,32,25.0625
MN0601,Stuyvesant Town-Peter Cooper Village,Manhattan,2022-07,2022-07-01,681.0,32,21.28125
MN0601,Stuyvesant Town-Peter Cooper Village,Manhattan,2022-08,2022-08-01,690.0,32,21.5625
MN0601,Stuyvesant Town-Peter Cooper Village,Manhattan,2022-09,2022-09-01,969.0,32,30.28125
MN0601,Stuyvesant Town-Peter Cooper Village,Manhattan,2022-10,2022-10-01,1080.0,32,33.75
MN0601,Stuyvesant Town-Peter Cooper Village,Manhattan,2022-11,2022-11-01,978.0,32,30.5625
MN0601,Stuyvesant Town-Peter Cooper Village,Manhattan,2022-12,2022-12-01,816.0,32,25.5
MN0601,Stuyvesant Town-Peter Cooper Village,Manhattan,2023-01,2023-01-01,924.0,32,28.875
MN0601,Stuyvesant Town-Peter Cooper Village,Manhattan,2023-02,2023-02-01,853.0,32,26.65625
MN0601,Stuyvesant Town-Peter Cooper Village,Manhattan,2023-03,2023-03-01,927.0,32,28.96875
MN0601,Stuyvesant Town-Peter Cooper Village,Manhattan,2023-04,2023-04-01,898.0,32,28.0625
MN0601,Stuyvesant Town-Peter Cooper Village,Manhattan,2023-05,2023-05-01,1004.0,32,31.375
MN0601,Stuyvesant Town-Peter Cooper Village,Manhattan,2023-06,2023-06-01,901.0,32,28.15625
MN0601,Stuyvesant Town-Peter Cooper Village,Manhattan,2023-07,2023-07-01,750.0,32,23.4375
MN0601,Stuyvesant Town-Peter Cooper Village,Manhattan,2023-08,2023-08-01,755.0,32,23.59375
MN0601,Stuyvesant Town-Peter Cooper Village,Manhattan,2023-09,2023-09-01,820.0,32,25.625
MN0601,Stuyvesant Town-Peter Cooper Village,Manhattan,2023-10,2023-10-01,955.0,32,29.84375
MN0601,Stuyvesant Town-Peter Cooper Village,Manhattan,2023-11,2023-11-01,873.0,32,27.28125
MN0601,Stuyvesant Town-Peter Cooper Village,Manhattan,2023-12,2023-12-01,849.0,32,26.53125
MN0601,Stuyvesant Town-Peter Cooper Village,Manhattan,2024-01,2024-01-01,795.0,32,24.84375
MN0601,Stuyvesant Town-Peter Cooper Village,Manhattan,2024-02,2024-02-01,846.0,32,26.4375
MN0601,Stuyvesant Town-Peter Cooper Village,Manhattan,2024-03,2024-03-01,863.0,32,26.96875
MN0601,Stuyvesant Town-Peter Cooper Village,Manhattan,2024-04,2024-04-01,950.0,32,29.6875
MN0601,Stuyvesant Town-Peter Cooper Village,Manhattan,2024-05,2024-05-01,1005.0,32,31.40625
MN0601,Stuyvesant Town-Peter Cooper Village,Manhattan,2024-06,2024-06-01,751.0,32,23.46875
MN0601,Stuyvesant Town-Peter Cooper Village,Manhattan,2024-07,2024-07-01,776.0,32,24.25
MN0601,Stuyvesant Town-Peter Cooper Village,Manhattan,2024-08,2024-08-01,707.0,32,22.09375
MN0601,Stuyvesant Town-Peter Cooper Village,Manhattan,2024-09,2024-09-01,918.0,32,28.6875
MN0601,Stuyvesant Town-Peter Cooper Village,Manhattan,2024-10,2024-10-01,983.0,32,30.71875
MN0601,Stuyvesant Town-Peter Cooper Village,Manhattan,2024-11,2024-11-01,861.0,32,26.90625
MN0601,Stuyvesant Town-Peter Cooper Village,Manhattan,2024-12,2024-12-01,863.0,32,26.96875
MN0601,Stuyvesant Town-Peter Cooper Village,Manhattan,2025-01,2025-01-01,831.0,32,25.96875
MN0601,Stuyvesant Town-Peter Cooper Village,Manhattan,2025-02,2025-02-01,607.0,32,18.96875
MN0601,Stuyvesant Town-Peter Cooper Village,Manhattan,2025-03,2025-03-01,809.0,32,25.28125
MN0601,Stuyvesant Town-Peter Cooper Village,Manhattan,2025-04,2025-04-01,866.0,32,27.0625
MN0601,Stuyvesant Town-Peter Cooper Village,Manhattan,2025-05,2025-05-01,942.0,32,29.4375
MN0601,Stuyvesant Town-Peter Cooper Village,Manhattan,2025-06,2025-06-01,745.0,32,23.28125
MN0601,Stuyvesant Town-Peter Cooper Village,Manhattan,2025-07,2025-07-01,681.0,32,21.28125
MN0601,Stuyvesant Town-Peter Cooper Village,Manhattan,2025-08,2025-08-01,678.0,32,21.1875
MN0601,Stuyvesant Town-Peter Cooper Village,Manhattan,2025-09,2025-09-01,915.0,32,28.59375
MN0601,Stuyvesant Town-Peter Cooper Village,Manhattan,2025-10,2025-10-01,869.0,32,27.15625
MN0601,Stuyvesant Town-Peter Cooper Village,Manhattan,2025-11,2025-11-01,21.0,32,0.65625
MN0602,Gramercy,Manhattan,2022-03,2022-03-01,982.0,32,30.6875
MN0602,Gramercy,Manhattan,2022-04,2022-04-01,888.0,32,27.75
MN0602,Gramercy,Manhattan,2022-05,2022-05-01,1135.0,32,35.46875
MN0602,Gramercy,Manhattan,2022-06,2022-06-01,802.0,32,25.0625
MN0602,Gramercy,Manhattan,2022-07,2022-07-01,681.0,32,21.28125
MN0602,Gramercy,Manhattan,2022-08,2022-08-01,690.0,32,21.5625
MN0602,Gramercy,Manhattan,2022-09,2022-09-01,969.0,32,30.28125
MN0602,Gramercy,Manhattan,2022-10,2022-10-01,1080.0,32,33.75
MN0602,Gramercy,Manhattan,2022-11,2022-11-01,978.0,32,30.5625
MN0602,Gramercy,Manhattan,2022-12,2022-12-01,816.0,32,25.5
MN0602,Gramercy,Manhattan,2023-01,2023-01-01,924.0,32,28.875
MN0602,Gramercy,Manhattan,2023-02,2023-02-01,853.0,32,26.65625
MN0602,Gramercy,Manhattan,2023-03,2023-03-01,927.0,32,28.96875
MN0602,Gramercy,Manhattan,2023-04,2023-04-01,898.0,32,28.0625
MN0602,Gramercy,Manhattan,2023-05,2023-05-01,1004.0,32,31.375
MN0602,Gramercy,Manhattan,2023-06,2023-06-01,901.0,32,28.15625
MN0602,Gramercy,Manhattan,2023-07,2023-07-01,750.0,32,23.4375
MN0602,Gramercy,Manhattan,2023-08,2023-08-01,755.0,32,23.59375
MN0602,Gramercy,Manhattan,2023-09,2023-09-01,820.0,32,25.625
MN0602,Gramercy,Manhattan,2023-10,2023-10-01,955.0,32,29.84375
MN0602,Gramercy,Manhattan,2023-11,2023-11-01,873.0,32,27.28125
MN0602,Gramercy,Manhattan,2023-12,2023-12-01,849.0,32,26.53125
MN0602,Gramercy,Manhattan,2024-01,2024-01-01,795.0,32,24.84375
MN0602,Gramercy,Manhattan,2024-02,2024-02-01,846.0,32,26.4375
MN0602,Gramercy,Manhattan,2024-03,2024-03-01,863.0,32,26.96875
MN0602,Gramercy,Manhattan,2024-04,2024-04-01,950.0,32,29.6875
MN0602,Gramercy,Manhattan,2024-05,2024-05-01,1005.0,32,31.40625
MN0602,Gramercy,Manhattan,2024-06,2024-06-01,751.0,32,23.46875
MN0602,Gramercy,Manhattan,2024-07,2024-07-01,776.0,32,24.25
MN0602,Gramercy,Manhattan,2024-08,2024-08-01,707.0,32,22.09375
MN0602,Gramercy,Manhattan,2024-09,2024-09-01,918.0,32,28.6875
MN0602,Gramercy,Manhattan,2024-10,2024-10-01,983.0,32,30.71875
MN0602,Gramercy,Manhattan,2024-11,2024-11-01,861.0,32,26.90625
MN0602,Gramercy,Manhattan,2024-12,2024-12-01,863.0,32,26.96875
MN0602,Gramercy,Manhattan,2025-01,2025-01-01,831.0,32,25.96875
MN0602,Gramercy,Manhattan,2025-02,2025-02-01,607.0,32,18.96875
MN0602,Gramercy,Manhattan,2025-03,2025-03-01,809.0,32,25.28125
MN0602,Gramercy,Manhattan,2025-04,2025-04-01,866.0,32,27.0625
MN0602,Gramercy,Manhattan,2025-05,2025-05-01,942.0,32,29.4375
MN0602,Gramercy,Manhattan,2025-06,2025-06-01,745.0,32,23.28125
MN0602,Gramercy,Manhattan,2025-07,2025-07-01,681.0,32,21.28125
MN0602,Gramercy,Manhattan,2025-08,2025-08-01,678.0,32,21.1875
MN0602,Gramercy,Manhattan,2025-09,2025-09-01,915.0,32,28.59375
MN0602,Gramercy,Manhattan,2025-10,2025-10-01,869.0,32,27.15625
MN0602,Gramercy,Manhattan,2025-11,2025-11-01,21.0,32,0.65625
MN0603,Murray Hill-Kips Bay,Manhattan,2022-03,2022-03-01,982.0,32,30.6875
MN0603,Murray Hill-Kips Bay,Manhattan,2022-04,2022-04-01,888.0,32,27.75
MN0603,Murray Hill-Kips Bay,Manhattan,2022-05,2022-05-01,1135.0,32,35.46875
MN0603,Murray Hill-Kips Bay,Manhattan,2022-06,2022-06-01,802.0,32,25.0625
MN0603,Murray Hill-Kips Bay,Manhattan,2022-07,2022-07-01,681.0,32,21.28125
MN0603,Murray Hill-Kips Bay,Manhattan,2022-08,2022-08-01,690.0,32,21.5625
MN0603,Murray Hill-Kips Bay,Manhattan,2022-09,2022-09-01,969.0,32,30.28125
MN0603,Murray Hill-Kips Bay,Manhattan,2022-10,2022-10-01,1080.0,32,33.75
MN0603,Murray Hill-Kips Bay,Manhattan,2022-11,2022-11-01,978.0,32,30.5625
MN0603,Murray Hill-Kips Bay,Manhattan,2022-12,2022-12-01,816.0,32,25.5
MN0603,Murray Hill-Kips Bay,Manhattan,2023-01,2023-01-01,924.0,32,28.875
MN0603,Murray Hill-Kips Bay,Manhattan,2023-02,2023-02-01,853.0,32,26.65625
MN0603,Murray Hill-Kips Bay,Manhattan,2023-03,2023-03-01,927.0,32,28.96875
MN0603,Murray Hill-Kips Bay,Manhattan,2023-04,2023-04-01,898.0,32,28.0625
MN0603,Murray Hill-Kips Bay,Manhattan,2023-05,2023-05-01,1004.0,32,31.375
MN0603,Murray Hill-Kips Bay,Manhattan,2023-06,2023-06-01,901.0,32,28.15625
MN0603,Murray Hill-Kips Bay,Manhattan,2023-07,2023-07-01,750.0,32,23.4375
MN0603,Murray Hill-Kips Bay,Manhattan,2023-08,2023-08-01,755.0,32,23.59375
MN0603,Murray Hill-Kips Bay,Manhattan,2023-09,2023-09-01,820.0,32,25.625
MN0603,Murray Hill-Kips Bay,Manhattan,2023-10,2023-10-01,955.0,32,29.84375
MN0603,Murray Hill-Kips Bay,Manhattan,2023-11,2023-11-01,873.0,32,27.28125
MN0603,Murray Hill-Kips Bay,Manhattan,2023-12,2023-12-01,849.0,32,26.53125
MN0603,Murray Hill-Kips Bay,Manhattan,2024-01,2024-01-01,795.0,32,24.84375
MN0603,Murray Hill-Kips Bay,Manhattan,2024-02,2024-02-01,846.0,32,26.4375
MN0603,Murray Hill-Kips Bay,Manhattan,2024-03,2024-03-01,863.0,32,26.96875
MN0603,Murray Hill-Kips Bay,Manhattan,2024-04,2024-04-01,950.0,32,29.6875
MN0603,Murray Hill-Kips Bay,Manhattan,2024-05,2024-05-01,1005.0,32,31.40625
MN0603,Murray Hill-Kips Bay,Manhattan,2024-06,2024-06-01,751.0,32,23.46875
MN0603,Murray Hill-Kips Bay,Manhattan,2024-07,2024-07-01,776.0,32,24.25
MN0603,Murray Hill-Kips Bay,Manhattan,2024-08,2024-08-01,707.0,32,22.09375
MN0603,Murray Hill-Kips Bay,Manhattan,2024-09,2024-09-01,918.0,32,28.6875
MN0603,Murray Hill-Kips Bay,Manhattan,2024-10,2024-10-01,983.0,32,30.71875
MN0603,Murray Hill-Kips Bay,Manhattan,2024-11,2024-11-01,861.0,32,26.90625
MN0603,Murray Hill-Kips Bay,Manhattan,2024-12,2024-12-01,863.0,32,26.96875
MN0603,Murray Hill-Kips Bay,Manhattan,2025-01,2025-01-01,831.0,32,25.96875
MN0603,Murray Hill-Kips Bay,Manhattan,2025-02,2025-02-01,607.0,32,18.96875
MN0603,Murray Hill-Kips Bay,Manhattan,2025-03,2025-03-01,809.0,32,25.28125
MN0603,Murray Hill-Kips Bay,Manhattan,2025-04,2025-04-01,866.0,32,27.0625
MN0603,Murray Hill-Kips Bay,Manhattan,2025-05,2025-05-01,942.0,32,29.4375
MN0603,Murray Hill-Kips Bay,Manhattan,2025-06,2025-06-01,745.0,32,23.28125
MN0603,Murray Hill-Kips Bay,Manhattan,2025-07,2025-07-01,681.0,32,21.28125
MN0603,Murray Hill-Kips Bay,Manhattan,2025-08,2025-08-01,678.0,32,21.1875
MN0603,Murray Hill-Kips Bay,Manhattan,2025-09,2025-09-01,915.0,32,28.59375
MN0603,Murray Hill-Kips Bay,Manhattan,2025-10,2025-10-01,869.0,32,27.15625
MN0603,Murray Hill-Kips Bay,Manhattan,2025-11,2025-11-01,21.0,32,0.65625
MN0604,East Midtown-Turtle Bay,Manhattan,2022-03,2022-03-01,982.0,32,30.6875
MN0604,East Midtown-Turtle Bay,Manhattan,2022-04,2022-04-01,888.0,32,27.75
MN0604,East Midtown-Turtle Bay,Manhattan,2022-05,2022-05-01,1135.0,32,35.46875
MN0604,East Midtown-Turtle Bay,Manhattan,2022-06,2022-06-01,802.0,32,25.0625
MN0604,East Midtown-Turtle Bay,Manhattan,2022-07,2022-07-01,681.0,32,21.28125
MN0604,East Midtown-Turtle Bay,Manhattan,2022-08,2022-08-01,690.0,32,21.5625
MN0604,East Midtown-Turtle Bay,Manhattan,2022-09,2022-09-01,969.0,32,30.28125
MN0604,East Midtown-Turtle Bay,Manhattan,2022-10,2022-10-01,1080.0,32,33.75
MN0604,East Midtown-Turtle Bay,Manhattan,2022-11,2022-11-01,978.0,32,30.5625
MN0604,East Midtown-Turtle Bay,Manhattan,2022-12,2022-12-01,816.0,32,25.5
MN0604,East Midtown-Turtle Bay,Manhattan,2023-01,2023-01-01,924.0,32,28.875
MN0604,East Midtown-Turtle Bay,Manhattan,2023-02,2023-02-01,853.0,32,26.65625
MN0604,East Midtown-Turtle Bay,Manhattan,2023-03,2023-03-01,927.0,32,28.96875
MN0604,East Midtown-Turtle Bay,Manhattan,2023-04,2023-04-01,898.0,32,28.0625
MN0604,East Midtown-Turtle Bay,Manhattan,2023-05,2023-05-01,1004.0,32,31.375
MN0604,East Midtown-Turtle Bay,Manhattan,2023-06,2023-06-01,901.0,32,28.15625
MN0604,East Midtown-Turtle Bay,Manhattan,2023-07,2023-07-01,750.0,32,23.4375
MN0604,East Midtown-Turtle Bay,Manhattan,2023-08,2023-08-01,755.0,32,23.59375
MN0604,East Midtown-Turtle Bay,Manhattan,2023-09,2023-09-01,820.0,32,25.625
MN0604,East Midtown-Turtle Bay,Manhattan,2023-10,2023-10-01,955.0,32,29.84375
MN0604,East Midtown-Turtle Bay,Manhattan,2023-11,2023-11-01,873.0,32,27.28125
MN0604,East Midtown-Turtle Bay,Manhattan,2023-12,2023-12-01,849.0,32,26.53125
MN0604,East Midtown-Turtle Bay,Manhattan,2024-01,2024-01-01,795.0,32,24.84375
MN0604,East Midtown-Turtle Bay,Manhattan,2024-02,2024-02-01,846.0,32,26.4375
MN0604,East Midtown-Turtle Bay,Manhattan,2024-03,2024-03-01,863.0,32,26.96875
MN0604,East Midtown-Turtle Bay,Manhattan,2024-04,2024-04-01,950.0,32,29.6875
MN0604,East Midtown-Turtle Bay,Manhattan,2024-05,2024-05-01,1005.0,32,31.40625
MN0604,East Midtown-Turtle Bay,Manhattan,2024-06,2024-06-01,751.0,32,23.46875
MN0604,East Midtown-Turtle Bay,Manhattan,2024-07,2024-07-01,776.0,32,24.25
MN0604,East Midtown-Turtle Bay,Manhattan,2024-08,2024-08-01,707.0,32,22.09375
MN0604,East Midtown-Turtle Bay,Manhattan,2024-09,2024-09-01,918.0,32,28.6875
MN0604,East Midtown-Turtle Bay,Manhattan,2024-10,2024-10-01,983.0,32,30.71875
MN0604,East Midtown-Turtle Bay,Manhattan,2024-11,2024-11-01,861.0,32,26.90625
MN0604,East Midtown-Turtle Bay,Manhattan,2024-12,2024-12-01,863.0,32,26.96875
MN0604,East Midtown-Turtle Bay,Manhattan,2025-01,2025-01-01,831.0,32,25.96875
MN0604,East Midtown-Turtle Bay,Manhattan,2025-02,2025-02-01,607.0,32,18.96875
MN0604,East Midtown-Turtle Bay,Manhattan,2025-03,2025-03-01,809.0,32,25.28125
MN0604,East Midtown-Turtle Bay,Manhattan,2025-04,2025-04-01,866.0,32,27.0625
MN0604,East Midtown-Turtle Bay,Manhattan,2025-05,2025-05-01,942.0,32,29.4375
MN0604,East Midtown-Turtle Bay,Manhattan,2025-06,2025-06-01,745.0,32,23.28125
MN0604,East Midtown-Turtle Bay,Manhattan,2025-07,2025-07-01,681.0,32,21.28125
MN0604,East Midtown-Turtle Bay,Manhattan,2025-08,2025-08-01,678.0,32,21.1875
MN0604,East Midtown-Turtle Bay,Manhattan,2025-09,2025-09-01,915.0,32,28.59375
MN0604,East Midtown-Turtle Bay,Manhattan,2025-10,2025-10-01,869.0,32,27.15625
MN0604,East Midtown-Turtle Bay,Manhattan,2025-11,2025-11-01,21.0,32,0.65625
MN0701,Upper West Side-Lincoln Square,Manhattan,2022-03,2022-03-01,982.0,32,30.6875
MN0701,Upper West Side-Lincoln Square,Manhattan,2022-04,2022-04-01,888.0,32,27.75
MN0701,Upper West Side-Lincoln Square,Manhattan,2022-05,2022-05-01,1135.0,32,35.46875
MN0701,Upper West Side-Lincoln Square,Manhattan,2022-06,2022-06-01,802.0,32,25.0625
MN0701,Upper West Side-Lincoln Square,Manhattan,2022-07,2022-07-01,681.0,32,21.28125
MN0701,Upper West Side-Lincoln Square,Manhattan,2022-08,2022-08-01,690.0,32,21.5625
MN0701,Upper West Side-Lincoln Square,Manhattan,2022-09,2022-09-01,969.0,32,30.28125
MN0701,Upper West Side-Lincoln Square,Manhattan,2022-10,2022-10-01,1080.0,32,33.75
MN0701,Upper West Side-Lincoln Square,Manhattan,2022-11,2022-11-01,978.0,32,30.5625
MN0701,Upper West Side-Lincoln Square,Manhattan,2022-12,2022-12-01,816.0,32,25.5
MN0701,Upper West Side-Lincoln Square,Manhattan,2023-01,2023-01-01,924.0,32,28.875
MN0701,Upper West Side-Lincoln Square,Manhattan,2023-02,2023-02-01,853.0,32,26.65625
MN0701,Upper West Side-Lincoln Square,Manhattan,2023-03,2023-03-01,927.0,32,28.96875
MN0701,Upper West Side-Lincoln Square,Manhattan,2023-04,2023-04-01,898.0,32,28.0625
MN0701,Upper West Side-Lincoln Square,Manhattan,2023-05,2023-05-01,1004.0,32,31.375
MN0701,Upper West Side-Lincoln Square,Manhattan,2023-06,2023-06-01,901.0,32,28.15625
MN0701,Upper West Side-Lincoln Square,Manhattan,2023-07,2023-07-01,750.0,32,23.4375
MN0701,Upper West Side-Lincoln Square,Manhattan,2023-08,2023-08-01,755.0,32,23.59375
MN0701,Upper West Side-Lincoln Square,Manhattan,2023-09,2023-09-01,820.0,32,25.625
MN0701,Upper West Side-Lincoln Square,Manhattan,2023-10,2023-10-01,955.0,32,29.84375
MN0701,Upper West Side-Lincoln Square,Manhattan,2023-11,2023-11-01,873.0,32,27.28125
MN0701,Upper West Side-Lincoln Square,Manhattan,2023-12,2023-12-01,849.0,32,26.53125
MN0701,Upper West Side-Lincoln Square,Manhattan,2024-01,2024-01-01,795.0,32,24.84375
MN0701,Upper West Side-Lincoln Square,Manhattan,2024-02,2024-02-01,846.0,32,26.4375
MN0701,Upper West Side-Lincoln Square,Manhattan,2024-03,2024-03-01,863.0,32,26.96875
MN0701,Upper West Side-Lincoln Square,Manhattan,2024-04,2024-04-01,950.0,32,29.6875
MN0701,Upper West Side-Lincoln Square,Manhattan,2024-05,2024-05-01,1005.0,32,31.40625
MN0701,Upper West Side-Lincoln Square,Manhattan,2024-06,2024-06-01,751.0,32,23.46875
MN0701,Upper West Side-Lincoln Square,Manhattan,2024-07,2024-07-01,776.0,32,24.25
MN0701,Upper West Side-Lincoln Square,Manhattan,2024-08,2024-08-01,707.0,32,22.09375
MN0701,Upper West Side-Lincoln Square,Manhattan,2024-09,2024-09-01,918.0,32,28.6875
MN0701,Upper West Side-Lincoln Square,Manhattan,2024-10,2024-10-01,983.0,32,30.71875
MN0701,Upper West Side-Lincoln Square,Manhattan,2024-11,2024-11-01,861.0,32,26.90625
MN0701,Upper West Side-Lincoln Square,Manhattan,2024-12,2024-12-01,863.0,32,26.96875
MN0701,Upper West Side-Lincoln Square,Manhattan,2025-01,2025-01-01,831.0,32,25.96875
MN0701,Upper West Side-Lincoln Square,Manhattan,2025-02,2025-02-01,607.0,32,18.96875
MN0701,Upper West Side-Lincoln Square,Manhattan,2025-03,2025-03-01,809.0,32,25.28125
MN0701,Upper West Side-Lincoln Square,Manhattan,2025-04,2025-04-01,866.0,32,27.0625
MN0701,Upper West Side-Lincoln Square,Manhattan,2025-05,2025-05-01,942.0,32,29.4375
MN0701,Upper West Side-Lincoln Square,Manhattan,2025-06,2025-06-01,745.0,32,23.28125
MN0701,Upper West Side-Lincoln Square,Manhattan,2025-07,2025-07-01,681.0,32,21.28125
MN0701,Upper West Side-Lincoln Square,Manhattan,2025-08,2025-08-01,678.0,32,21.1875
MN0701,Upper West Side-Lincoln Square,Manhattan,2025-09,2025-09-01,915.0,32,28.59375
MN0701,Upper West Side-Lincoln Square,Manhattan,2025-10,2025-10-01,869.0,32,27.15625
MN0701,Upper West Side-Lincoln Square,Manhattan,2025-11,2025-11-01,21.0,32,0.65625
MN0702,Upper West Side (Central),Manhattan,2022-03,2022-03-01,982.0,32,30.6875
MN0702,Upper West Side (Central),Manhattan,2022-04,2022-04-01,888.0,32,27.75
MN0702,Upper West Side (Central),Manhattan,2022-05,2022-05-01,1135.0,32,35.46875
MN0702,Upper West Side (Central),Manhattan,2022-06,2022-06-01,802.0,32,25.0625
MN0702,Upper West Side (Central),Manhattan,2022-07,2022-07-01,681.0,32,21.28125
MN0702,Upper West Side (Central),Manhattan,2022-08,2022-08-01,690.0,32,21.5625
MN0702,Upper West Side (Central),Manhattan,2022-09,2022-09-01,969.0,32,30.28125
MN0702,Upper West Side (Central),Manhattan,2022-10,2022-10-01,1080.0,32,33.75
MN0702,Upper West Side (Central),Manhattan,2022-11,2022-11-01,978.0,32,30.5625
MN0702,Upper West Side (Central),Manhattan,2022-12,2022-12-01,816.0,32,25.5
MN0702,Upper West Side (Central),Manhattan,2023-01,2023-01-01,924.0,32,28.875
MN0702,Upper West Side (Central),Manhattan,2023-02,2023-02-01,853.0,32,26.65625
MN0702,Upper West Side (Central),Manhattan,2023-03,2023-03-01,927.0,32,28.96875
MN0702,Upper West Side (Central),Manhattan,2023-04,2023-04-01,898.0,32,28.0625
MN0702,Upper West Side (Central),Manhattan,2023-05,2023-05-01,1004.0,32,31.375
MN0702,Upper West Side (Central),Manhattan,2023-06,2023-06-01,901.0,32,28.15625
MN0702,Upper West Side (Central),Manhattan,2023-07,2023-07-01,750.0,32,23.4375
MN0702,Upper West Side (Central),Manhattan,2023-08,2023-08-01,755.0,32,23.59375
MN0702,Upper West Side (Central),Manhattan,2023-09,2023-09-01,820.0,32,25.625
MN0702,Upper West Side (Central),Manhattan,2023-10,2023-10-01,955.0,32,29.84375
MN0702,Upper West Side (Central),Manhattan,2023-11,2023-11-01,873.0,32,27.28125
MN0702,Upper West Side (Central),Manhattan,2023-12,2023-12-01,849.0,32,26.53125
MN0702,Upper West Side (Central),Manhattan,2024-01,2024-01-01,795.0,32,24.84375
MN0702,Upper West Side (Central),Manhattan,2024-02,2024-02-01,846.0,32,26.4375
MN0702,Upper West Side (Central),Manhattan,2024-03,2024-03-01,863.0,32,26.96875
MN0702,Upper West Side (Central),Manhattan,2024-04,2024-04-01,950.0,32,29.6875
MN0702,Upper West Side (Central),Manhattan,2024-05,2024-05-01,1005.0,32,31.40625
MN0702,Upper West Side (Central),Manhattan,2024-06,2024-06-01,751.0,32,23.46875
MN0702,Upper West Side (Central),Manhattan,2024-07,2024-07-01,776.0,32,24.25
MN0702,Upper West Side (Central),Manhattan,2024-08,2024-08-01,707.0,32,22.09375
MN0702,Upper West Side (Central),Manhattan,2024-09,2024-09-01,918.0,32,28.6875
MN0702,Upper West Side (Central),Manhattan,2024-10,2024-10-01,983.0,32,30.71875
MN0702,Upper West Side (Central),Manhattan,2024-11,2024-11-01,861.0,32,26.90625
MN0702,Upper West Side (Central),Manhattan,2024-12,2024-12-01,863.0,32,26.96875
MN0702,Upper West Side (Central),Manhattan,2025-01,2025-01-01,831.0,32,25.96875
MN0702,Upper West Side (Central),Manhattan,2025-02,2025-02-01,607.0,32,18.96875
MN0702,Upper West Side (Central),Manhattan,2025-03,2025-03-01,809.0,32,25.28125
MN0702,Upper West Side (Central),Manhattan,2025-04,2025-04-01,866.0,32,27.0625
MN0702,Upper West Side (Central),Manhattan,2025-05,2025-05-01,942.0,32,29.4375
MN0702,Upper West Side (Central),Manhattan,2025-06,2025-06-01,745.0,32,23.28125
MN0702,Upper West Side (Central),Manhattan,2025-07,2025-07-01,681.0,32,21.28125
MN0702,Upper West Side (Central),Manhattan,2025-08,2025-08-01,678.0,32,21.1875
MN0702,Upper West Side (Central),Manhattan,2025-09,2025-09-01,915.0,32,28.59375
MN0702,Upper West Side (Central),Manhattan,2025-10,2025-10-01,869.0,32,27.15625
MN0702,Upper West Side (Central),Manhattan,2025-11,2025-11-01,21.0,32,0.65625
MN0703,Upper West Side-Manhattan Valley,Manhattan,2022-03,2022-03-01,982.0,32,30.6875
MN0703,Upper West Side-Manhattan Valley,Manhattan,2022-04,2022-04-01,888.0,32,27.75
MN0703,Upper West Side-Manhattan Valley,Manhattan,2022-05,2022-05-01,1135.0,32,35.46875
MN0703,Upper West Side-Manhattan Valley,Manhattan,2022-06,2022-06-01,802.0,32,25.0625
MN0703,Upper West Side-Manhattan Valley,Manhattan,2022-07,2022-07-01,681.0,32,21.28125
MN0703,Upper West Side-Manhattan Valley,Manhattan,2022-08,2022-08-01,690.0,32,21.5625
MN0703,Upper West Side-Manhattan Valley,Manhattan,2022-09,2022-09-01,969.0,32,30.28125
MN0703,Upper West Side-Manhattan Valley,Manhattan,2022-10,2022-10-01,1080.0,32,33.75
MN0703,Upper West Side-Manhattan Valley,Manhattan,2022-11,2022-11-01,978.0,32,30.5625
MN0703,Upper West Side-Manhattan Valley,Manhattan,2022-12,2022-12-01,816.0,32,25.5
MN0703,Upper West Side-Manhattan Valley,Manhattan,2023-01,2023-01-01,924.0,32,28.875
MN0703,Upper West Side-Manhattan Valley,Manhattan,2023-02,2023-02-01,853.0,32,26.65625
MN0703,Upper West Side-Manhattan Valley,Manhattan,2023-03,2023-03-01,927.0,32,28.96875
MN0703,Upper West Side-Manhattan Valley,Manhattan,2023-04,2023-04-01,898.0,32,28.0625
MN0703,Upper West Side-Manhattan Valley,Manhattan,2023-05,2023-05-01,1004.0,32,31.375
MN0703,Upper West Side-Manhattan Valley,Manhattan,2023-06,2023-06-01,901.0,32,28.15625
MN0703,Upper West Side-Manhattan Valley,Manhattan,2023-07,2023-07-01,750.0,32,23.4375
MN0703,Upper West Side-Manhattan Valley,Manhattan,2023-08,2023-08-01,755.0,32,23.59375
MN0703,Upper West Side-Manhattan Valley,Manhattan,2023-09,2023-09-01,820.0,32,25.625
MN0703,Upper West Side-Manhattan Valley,Manhattan,2023-10,2023-10-01,955.0,32,29.84375
MN0703,Upper West Side-Manhattan Valley,Manhattan,2023-11,2023-11-01,873.0,32,27.28125
MN0703,Upper West Side-Manhattan Valley,Manhattan,2023-12,2023-12-01,849.0,32,26.53125
MN0703,Upper West Side-Manhattan Valley,Manhattan,2024-01,2024-01-01,795.0,32,24.84375
MN0703,Upper West Side-Manhattan Valley,Manhattan,2024-02,2024-02-01,846.0,32,26.4375
MN0703,Upper West Side-Manhattan Valley,Manhattan,2024-03,2024-03-01,863.0,32,26.96875
MN0703,Upper West Side-Manhattan Valley,Manhattan,2024-04,2024-04-01,950.0,32,29.6875
MN0703,Upper West Side-Manhattan Valley,Manhattan,2024-05,2024-05-01,1005.0,32,31.40625
MN0703,Upper West Side-Manhattan Valley,Manhattan,2024-06,2024-06-01,751.0,32,23.46875
MN0703,Upper West Side-Manhattan Valley,Manhattan,2024-07,2024-07-01,776.0,32,24.25
MN0703,Upper West Side-Manhattan Valley,Manhattan,2024-08,2024-08-01,707.0,32,22.09375
MN0703,Upper West Side-Manhattan Valley,Manhattan,2024-09,2024-09-01,918.0,32,28.6875
MN0703,Upper West Side-Manhattan Valley,Manhattan,2024-10,2024-10-01,983.0,32,30.71875
MN0703,Upper West Side-Manhattan Valley,Manhattan,2024-11,2024-11-01,861.0,32,26.90625
MN0703,Upper West Side-Manhattan Valley,Manhattan,2024-12,2024-12-01,863.0,32,26.96875
MN0703,Upper West Side-Manhattan Valley,Manhattan,2025-01,2025-01-01,831.0,32,25.96875
MN0703,Upper West Side-Manhattan Valley,Manhattan,2025-02,2025-02-01,607.0,32,18.96875
MN0703,Upper West Side-Manhattan Valley,Manhattan,2025-03,2025-03-01,809.0,32,25.28125
MN0703,Upper West Side-Manhattan Valley,Manhattan,2025-04,2025-04-01,866.0,32,27.0625
MN0703,Upper West Side-Manhattan Valley,Manhattan,2025-05,2025-05-01,942.0,32,29.4375
MN0703,Upper West Side-Manhattan Valley,Manhattan,2025-06,2025-06-01,745.0,32,23.28125
MN0703,Upper West Side-Manhattan Valley,Manhattan,2025-07,2025-07-01,681.0,32,21.28125
MN0703,Upper West Side-Manhattan Valley,Manhattan,2025-08,2025-08-01,678.0,32,21.1875
MN0703,Upper West Side-Manhattan Valley,Manhattan,2025-09,2025-09-01,915.0,32,28.59375
MN0703,Upper West Side-Manhattan Valley,Manhattan,2025-10,2025-10-01,869.0,32,27.15625
MN0703,Upper West Side-Manhattan Valley,Manhattan,2025-11,2025-11-01,21.0,32,0.65625
MN0801,Upper East Side-Lenox Hill-Roosevelt Island,Manhattan,2022-03,2022-03-01,982.0,32,30.6875
MN0801,Upper East Side-Lenox Hill-Roosevelt Island,Manhattan,2022-04,2022-04-01,888.0,32,27.75
MN0801,Upper East Side-Lenox Hill-Roosevelt Island,Manhattan,2022-05,2022-05-01,1135.0,32,35.46875
MN0801,Upper East Side-Lenox Hill-Roosevelt Island,Manhattan,2022-06,2022-06-01,802.0,32,25.0625
MN0801,Upper East Side-Lenox Hill-Roosevelt Island,Manhattan,2022-07,2022-07-01,681.0,32,21.28125
MN0801,Upper East Side-Lenox Hill-Roosevelt Island,Manhattan,2022-08,2022-08-01,690.0,32,21.5625
MN0801,Upper East Side-Lenox Hill-Roosevelt Island,Manhattan,2022-09,2022-09-01,969.0,32,30.28125
MN0801,Upper East Side-Lenox Hill-Roosevelt Island,Manhattan,2022-10,2022-10-01,1080.0,32,33.75
MN0801,Upper East Side-Lenox Hill-Roosevelt Island,Manhattan,2022-11,2022-11-01,978.0,32,30.5625
MN0801,Upper East Side-Lenox Hill-Roosevelt Island,Manhattan,2022-12,2022-12-01,816.0,32,25.5
MN0801,Upper East Side-Lenox Hill-Roosevelt Island,Manhattan,2023-01,2023-01-01,924.0,32,28.875
MN0801,Upper East Side-Lenox Hill-Roosevelt Island,Manhattan,2023-02,2023-02-01,853.0,32,26.65625
MN0801,Upper East Side-Lenox Hill-Roosevelt Island,Manhattan,2023-03,2023-03-01,927.0,32,28.96875
MN0801,Upper East Side-Lenox Hill-Roosevelt Island,Manhattan,2023-04,2023-04-01,898.0,32,28.0625
MN0801,Upper East Side-Lenox Hill-Roosevelt Island,Manhattan,2023-05,2023-05-01,1004.0,32,31.375
MN0801,Upper East Side-Lenox Hill-Roosevelt Island,Manhattan,2023-06,2023-06-01,901.0,32,28.15625
MN0801,Upper East Side-Lenox Hill-Roosevelt Island,Manhattan,2023-07,2023-07-01,750.0,32,23.4375
MN0801,Upper East Side-Lenox Hill-Roosevelt Island,Manhattan,2023-08,2023-08-01,755.0,32,23.59375
MN0801,Upper East Side-Lenox Hill-Roosevelt Island,Manhattan,2023-09,2023-09-01,820.0,32,25.625
MN0801,Upper East Side-Lenox Hill-Roosevelt Island,Manhattan,2023-10,2023-10-01,955.0,32,29.84375
MN0801,Upper East Side-Lenox Hill-Roosevelt Island,Manhattan,2023-11,2023-11-01,873.0,32,27.28125
MN0801,Upper East Side-Lenox Hill-Roosevelt Island,Manhattan,2023-12,2023-12-01,849.0,32,26.53125
MN0801,Upper East Side-Lenox Hill-Roosevelt Island,Manhattan,2024-01,2024-01-01,795.0,32,24.84375
MN0801,Upper East Side-Lenox Hill-Roosevelt Island,Manhattan,2024-02,2024-02-01,846.0,32,26.4375
MN0801,Upper East Side-Lenox Hill-Roosevelt Island,Manhattan,2024-03,2024-03-01,863.0,32,26.96875
MN0801,Upper East Side-Lenox Hill-Roosevelt Island,Manhattan,2024-04,2024-04-01,950.0,32,29.6875
MN0801,Upper East Side-Lenox Hill-Roosevelt Island,Manhattan,2024-05,2024-05-01,1005.0,32,31.40625
MN0801,Upper East Side-Lenox Hill-Roosevelt Island,Manhattan,2024-06,2024-06-01,751.0,32,23.46875
MN0801,Upper East Side-Lenox Hill-Roosevelt Island,Manhattan,2024-07,2024-07-01,776.0,32,24.25
MN0801,Upper East Side-Lenox Hill-Roosevelt Island,Manhattan,2024-08,2024-08-01,707.0,32,22.09375
MN0801,Upper East Side-Lenox Hill-Roosevelt Island,Manhattan,2024-09,2024-09-01,918.0,32,28.6875
MN0801,Upper East Side-Lenox Hill-Roosevelt Island,Manhattan,2024-10,2024-10-01,983.0,32,30.71875
MN0801,Upper East Side-Lenox Hill-Roosevelt Island,Manhattan,2024-11,2024-11-01,861.0,32,26.90625
MN0801,Upper East Side-Lenox Hill-Roosevelt Island,Manhattan,2024-12,2024-12-01,863.0,32,26.96875
MN0801,Upper East Side-Lenox Hill-Roosevelt Island,Manhattan,2025-01,2025-01-01,831.0,32,25.96875
MN0801,Upper East Side-Lenox Hill-Roosevelt Island,Manhattan,2025-02,2025-02-01,607.0,32,18.96875
MN0801,Upper East Side-Lenox Hill-Roosevelt Island,Manhattan,2025-03,2025-03-01,809.0,32,25.28125
MN0801,Upper East Side-Lenox Hill-Roosevelt Island,Manhattan,2025-04,2025-04-01,866.0,32,27.0625
MN0801,Upper East Side-Lenox Hill-Roosevelt Island,Manhattan,2025-05,2025-05-01,942.0,32,29.4375
MN0801,Upper East Side-Lenox Hill-Roosevelt Island,Manhattan,2025-06,2025-06-01,745.0,32,23.28125
MN0801,Upper East Side-Lenox Hill-Roosevelt Island,Manhattan,2025-07,2025-07-01,681.0,32,21.28125
MN0801,Upper East Side-Lenox Hill-Roosevelt Island,Manhattan,2025-08,2025-08-01,678.0,32,21.1875
MN0801,Upper East Side-Lenox Hill-Roosevelt Island,Manhattan,2025-09,2025-09-01,915.0,32,28.59375
MN0801,Upper East Side-Lenox Hill-Roosevelt Island,Manhattan,2025-10,2025-10-01,869.0,32,27.15625
MN0801,Upper East Side-Lenox Hill-Roosevelt Island,Manhattan,2025-11,2025-11-01,21.0,32,0.65625
MN0802,Upper East Side-Carnegie Hill,Manhattan,2022-03,2022-03-01,982.0,32,30.6875
MN0802,Upper East Side-Carnegie Hill,Manhattan,2022-04,2022-04-01,888.0,32,27.75
MN0802,Upper East Side-Carnegie Hill,Manhattan,2022-05,2022-05-01,1135.0,32,35.46875
MN0802,Upper East Side-Carnegie Hill,Manhattan,2022-06,2022-06-01,802.0,32,25.0625
MN0802,Upper East Side-Carnegie Hill,Manhattan,2022-07,2022-07-01,681.0,32,21.28125
MN0802,Upper East Side-Carnegie Hill,Manhattan,2022-08,2022-08-01,690.0,32,21.5625
MN0802,Upper East Side-Carnegie Hill,Manhattan,2022-09,2022-09-01,969.0,32,30.28125
MN0802,Upper East Side-Carnegie Hill,Manhattan,2022-10,2022-10-01,1080.0,32,33.75
MN0802,Upper East Side-Carnegie Hill,Manhattan,2022-11,2022-11-01,978.0,32,30.5625
MN0802,Upper East Side-Carnegie Hill,Manhattan,2022-12,2022-12-01,816.0,32,25.5
MN0802,Upper East Side-Carnegie Hill,Manhattan,2023-01,2023-01-01,924.0,32,28.875
MN0802,Upper East Side-Carnegie Hill,Manhattan,2023-02,2023-02-01,853.0,32,26.65625
MN0802,Upper East Side-Carnegie Hill,Manhattan,2023-03,2023-03-01,927.0,32,28.96875
MN0802,Upper East Side-Carnegie Hill,Manhattan,2023-04,2023-04-01,898.0,32,28.0625
MN0802,Upper East Side-Carnegie Hill,Manhattan,2023-05,2023-05-01,1004.0,32,31.375
MN0802,Upper East Side-Carnegie Hill,Manhattan,2023-06,2023-06-01,901.0,32,28.15625
MN0802,Upper East Side-Carnegie Hill,Manhattan,2023-07,2023-07-01,750.0,32,23.4375
MN0802,Upper East Side-Carnegie Hill,Manhattan,2023-08,2023-08-01,755.0,32,23.59375
MN0802,Upper East Side-Carnegie Hill,Manhattan,2023-09,2023-09-01,820.0,32,25.625
MN0802,Upper East Side-Carnegie Hill,Manhattan,2023-10,2023-10-01,955.0,32,29.84375
MN0802,Upper East Side-Carnegie Hill,Manhattan,2023-11,2023-11-01,873.0,32,27.28125
MN0802,Upper East Side-Carnegie Hill,Manhattan,2023-12,2023-12-01,849.0,32,26.53125
MN0802,Upper East Side-Carnegie Hill,Manhattan,2024-01,2024-01-01,795.0,32,24.84375
MN0802,Upper East Side-Carnegie Hill,Manhattan,2024-02,2024-02-01,846.0,32,26.4375
MN0802,Upper East Side-Carnegie Hill,Manhattan,2024-03,2024-03-01,863.0,32,26.96875
MN0802,Upper East Side-Carnegie Hill,Manhattan,2024-04,2024-04-01,950.0,32,29.6875
MN0802,Upper East Side-Carnegie Hill,Manhattan,2024-05,2024-05-01,1005.0,32,31.40625
MN0802,Upper East Side-Carnegie Hill,Manhattan,2024-06,2024-06-01,751.0,32,23.46875
MN0802,Upper East Side-Carnegie Hill,Manhattan,2024-07,2024-07-01,776.0,32,24.25
MN0802,Upper East Side-Carnegie Hill,Manhattan,2024-08,2024-08-01,707.0,32,22.09375
MN0802,Upper East Side-Carnegie Hill,Manhattan,2024-09,2024-09-01,918.0,32,28.6875
MN0802,Upper East Side-Carnegie Hill,Manhattan,2024-10,2024-10-01,983.0,32,30.71875
MN0802,Upper East Side-Carnegie Hill,Manhattan,2024-11,2024-11-01,861.0,32,26.90625
MN0802,Upper East Side-Carnegie Hill,Manhattan,2024-12,2024-12-01,863.0,32,26.96875
MN0802,Upper East Side-Carnegie Hill,Manhattan,2025-01,2025-01-01,831.0,32,25.96875
MN0802,Upper East Side-Carnegie Hill,Manhattan,2025-02,2025-02-01,607.0,32,18.96875
MN0802,Upper East Side-Carnegie Hill,Manhattan,2025-03,2025-03-01,809.0,32,25.28125
MN0802,Upper East Side-Carnegie Hill,Manhattan,2025-04,2025-04-01,866.0,32,27.0625
MN0802,Upper East Side-Carnegie Hill,Manhattan,2025-05,2025-05-01,942.0,32,29.4375
MN0802,Upper East Side-Carnegie Hill,Manhattan,2025-06,2025-06-01,745.0,32,23.28125
MN0802,Upper East Side-Carnegie Hill,Manhattan,2025-07,2025-07-01,681.0,32,21.28125
MN0802,Upper East Side-Carnegie Hill,Manhattan,2025-08,2025-08-01,678.0,32,21.1875
MN0802,Upper East Side-Carnegie Hill,Manhattan,2025-09,2025-09-01,915.0,32,28.59375
MN0802,Upper East Side-Carnegie Hill,Manhattan,2025-10,2025-10-01,869.0,32,27.15625
MN0802,Upper East Side-Carnegie Hill,Manhattan,2025-11,2025-11-01,21.0,32,0.65625
MN0803,Upper East Side-Yorkville,Manhattan,2022-03,2022-03-01,982.0,32,30.6875
MN0803,Upper East Side-Yorkville,Manhattan,2022-04,2022-04-01,888.0,32,27.75
MN0803,Upper East Side-Yorkville,Manhattan,2022-05,2022-05-01,1135.0,32,35.46875
MN0803,Upper East Side-Yorkville,Manhattan,2022-06,2022-06-01,802.0,32,25.0625
MN0803,Upper East Side-Yorkville,Manhattan,2022-07,2022-07-01,681.0,32,21.28125
MN0803,Upper East Side-Yorkville,Manhattan,2022-08,2022-08-01,690.0,32,21.5625
MN0803,Upper East Side-Yorkville,Manhattan,2022-09,2022-09-01,969.0,32,30.28125
MN0803,Upper East Side-Yorkville,Manhattan,2022-10,2022-10-01,1080.0,32,33.75
MN0803,Upper East Side-Yorkville,Manhattan,2022-11,2022-11-01,978.0,32,30.5625
MN0803,Upper East Side-Yorkville,Manhattan,2022-12,2022-12-01,816.0,32,25.5
MN0803,Upper East Side-Yorkville,Manhattan,2023-01,2023-01-01,924.0,32,28.875
MN0803,Upper East Side-Yorkville,Manhattan,2023-02,2023-02-01,853.0,32,26.65625
MN0803,Upper East Side-Yorkville,Manhattan,2023-03,2023-03-01,927.0,32,28.96875
MN0803,Upper East Side-Yorkville,Manhattan,2023-04,2023-04-01,898.0,32,28.0625
MN0803,Upper East Side-Yorkville,Manhattan,2023-05,2023-05-01,1004.0,32,31.375
MN0803,Upper East Side-Yorkville,Manhattan,2023-06,2023-06-01,901.0,32,28.15625
MN0803,Upper East Side-Yorkville,Manhattan,2023-07,2023-07-01,750.0,32,23.4375
MN0803,Upper East Side-Yorkville,Manhattan,2023-08,2023-08-01,755.0,32,23.59375
MN0803,Upper East Side-Yorkville,Manhattan,2023-09,2023-09-01,820.0,32,25.625
MN0803,Upper East Side-Yorkville,Manhattan,2023-10,2023-10-01,955.0,32,29.84375
MN0803,Upper East Side-Yorkville,Manhattan,2023-11,2023-11-01,873.0,32,27.28125
MN0803,Upper East Side-Yorkville,Manhattan,2023-12,2023-12-01,849.0,32,26.53125
MN0803,Upper East Side-Yorkville,Manhattan,2024-01,2024-01-01,795.0,32,24.84375
MN0803,Upper East Side-Yorkville,Manhattan,2024-02,2024-02-01,846.0,32,26.4375
MN0803,Upper East Side-Yorkville,Manhattan,2024-03,2024-03-01,863.0,32,26.96875
MN0803,Upper East Side-Yorkville,Manhattan,2024-04,2024-04-01,950.0,32,29.6875
MN0803,Upper East Side-Yorkville,Manhattan,2024-05,2024-05-01,1005.0,32,31.40625
MN0803,Upper East Side-Yorkville,Manhattan,2024-06,2024-06-01,751.0,32,23.46875
MN0803,Upper East Side-Yorkville,Manhattan,2024-07,2024-07-01,776.0,32,24.25
MN0803,Upper East Side-Yorkville,Manhattan,2024-08,2024-08-01,707.0,32,22.09375
MN0803,Upper East Side-Yorkville,Manhattan,2024-09,2024-09-01,918.0,32,28.6875
MN0803,Upper East Side-Yorkville,Manhattan,2024-10,2024-10-01,983.0,32,30.71875
MN0803,Upper East Side-Yorkville,Manhattan,2024-11,2024-11-01,861.0,32,26.90625
MN0803,Upper East Side-Yorkville,Manhattan,2024-12,2024-12-01,863.0,32,26.96875
MN0803,Upper East Side-Yorkville,Manhattan,2025-01,2025-01-01,831.0,32,25.96875
MN0803,Upper East Side-Yorkville,Manhattan,2025-02,2025-02-01,607.0,32,18.96875
MN0803,Upper East Side-Yorkville,Manhattan,2025-03,2025-03-01,809.0,32,25.28125
MN0803,Upper East Side-Yorkville,Manhattan,2025-04,2025-04-01,866.0,32,27.0625
MN0803,Upper East Side-Yorkville,Manhattan,2025-05,2025-05-01,942.0,32,29.4375
MN0803,Upper East Side-Yorkville,Manhattan,2025-06,2025-06-01,745.0,32,23.28125
MN0803,Upper East Side-Yorkville,Manhattan,2025-07,2025-07-01,681.0,32,21.28125
MN0803,Upper East Side-Yorkville,Manhattan,2025-08,2025-08-01,678.0,32,21.1875
MN0803,Upper East Side-Yorkville,Manhattan,2025-09,2025-09-01,915.0,32,28.59375
MN0803,Upper East Side-Yorkville,Manhattan,2025-10,2025-10-01,869.0,32,27.15625
MN0803,Upper East Side-Yorkville,Manhattan,2025-11,2025-11-01,21.0,32,0.65625
MN0901,Morningside Heights,Manhattan,2022-03,2022-03-01,982.0,32,30.6875
MN0901,Morningside Heights,Manhattan,2022-04,2022-04-01,888.0,32,27.75
MN0901,Morningside Heights,Manhattan,2022-05,2022-05-01,1135.0,32,35.46875
MN0901,Morningside Heights,Manhattan,2022-06,2022-06-01,802.0,32,25.0625
MN0901,Morningside Heights,Manhattan,2022-07,2022-07-01,681.0,32,21.28125
MN0901,Morningside Heights,Manhattan,2022-08,2022-08-01,690.0,32,21.5625
MN0901,Morningside Heights,Manhattan,2022-09,2022-09-01,969.0,32,30.28125
MN0901,Morningside Heights,Manhattan,2022-10,2022-10-01,1080.0,32,33.75
MN0901,Morningside Heights,Manhattan,2022-11,2022-11-01,978.0,32,30.5625
MN0901,Morningside Heights,Manhattan,2022-12,2022-12-01,816.0,32,25.5
MN0901,Morningside Heights,Manhattan,2023-01,2023-01-01,924.0,32,28.875
MN0901,Morningside Heights,Manhattan,2023-02,2023-02-01,853.0,32,26.65625
MN0901,Morningside Heights,Manhattan,2023-03,2023-03-01,927.0,32,28.96875
MN0901,Morningside Heights,Manhattan,2023-04,2023-04-01,898.0,32,28.0625
MN0901,Morningside Heights,Manhattan,2023-05,2023-05-01,1004.0,32,31.375
MN0901,Morningside Heights,Manhattan,2023-06,2023-06-01,901.0,32,28.15625
MN0901,Morningside Heights,Manhattan,2023-07,2023-07-01,750.0,32,23.4375
MN0901,Morningside Heights,Manhattan,2023-08,2023-08-01,755.0,32,23.59375
MN0901,Morningside Heights,Manhattan,2023-09,2023-09-01,820.0,32,25.625
MN0901,Morningside Heights,Manhattan,2023-10,2023-10-01,955.0,32,29.84375
MN0901,Morningside Heights,Manhattan,2023-11,2023-11-01,873.0,32,27.28125
MN0901,Morningside Heights,Manhattan,2023-12,2023-12-01,849.0,32,26.53125
MN0901,Morningside Heights,Manhattan,2024-01,2024-01-01,795.0,32,24.84375
MN0901,Morningside Heights,Manhattan,2024-02,2024-02-01,846.0,32,26.4375
MN0901,Morningside Heights,Manhattan,2024-03,2024-03-01,863.0,32,26.96875
MN0901,Morningside Heights,Manhattan,2024-04,2024-04-01,950.0,32,29.6875
MN0901,Morningside Heights,Manhattan,2024-05,2024-05-01,1005.0,32,31.40625
MN0901,Morningside Heights,Manhattan,2024-06,2024-06-01,751.0,32,23.46875
MN0901,Morningside Heights,Manhattan,2024-07,2024-07-01,776.0,32,24.25
MN0901,Morningside Heights,Manhattan,2024-08,2024-08-01,707.0,32,22.09375
MN0901,Morningside Heights,Manhattan,2024-09,2024-09-01,918.0,32,28.6875
MN0901,Morningside Heights,Manhattan,2024-10,2024-10-01,983.0,32,30.71875
MN0901,Morningside Heights,Manhattan,2024-11,2024-11-01,861.0,32,26.90625
MN0901,Morningside Heights,Manhattan,2024-12,2024-12-01,863.0,32,26.96875
MN0901,Morningside Heights,Manhattan,2025-01,2025-01-01,831.0,32,25.96875
MN0901,Morningside Heights,Manhattan,2025-02,2025-02-01,607.0,32,18.96875
MN0901,Morningside Heights,Manhattan,2025-03,2025-03-01,809.0,32,25.28125
MN0901,Morningside Heights,Manhattan,2025-04,2025-04-01,866.0,32,27.0625
MN0901,Morningside Heights,Manhattan,2025-05,2025-05-01,942.0,32,29.4375
MN0901,Morningside Heights,Manhattan,2025-06,2025-06-01,745.0,32,23.28125
MN0901,Morningside Heights,Manhattan,2025-07,2025-07-01,681.0,32,21.28125
MN0901,Morningside Heights,Manhattan,2025-08,2025-08-01,678.0,32,21.1875
MN0901,Morningside Heights,Manhattan,2025-09,2025-09-01,915.0,32,28.59375
MN0901,Morningside Heights,Manhattan,2025-10,2025-10-01,869.0,32,27.15625
MN0901,Morningside Heights,Manhattan,2025-11,2025-11-01,21.0,32,0.65625
MN0902,Manhattanville-West Harlem,Manhattan,2022-03,2022-03-01,982.0,32,30.6875
MN0902,Manhattanville-West Harlem,Manhattan,2022-04,2022-04-01,888.0,32,27.75
MN0902,Manhattanville-West Harlem,Manhattan,2022-05,2022-05-01,1135.0,32,35.46875
MN0902,Manhattanville-West Harlem,Manhattan,2022-06,2022-06-01,802.0,32,25.0625
MN0902,Manhattanville-West Harlem,Manhattan,2022-07,2022-07-01,681.0,32,21.28125
MN0902,Manhattanville-West Harlem,Manhattan,2022-08,2022-08-01,690.0,32,21.5625
MN0902,Manhattanville-West Harlem,Manhattan,2022-09,2022-09-01,969.0,32,30.28125
MN0902,Manhattanville-West Harlem,Manhattan,2022-10,2022-10-01,1080.0,32,33.75
MN0902,Manhattanville-West Harlem,Manhattan,2022-11,2022-11-01,978.0,32,30.5625
MN0902,Manhattanville-West Harlem,Manhattan,2022-12,2022-12-01,816.0,32,25.5
MN0902,Manhattanville-West Harlem,Manhattan,2023-01,2023-01-01,924.0,32,28.875
MN0902,Manhattanville-West Harlem,Manhattan,2023-02,2023-02-01,853.0,32,26.65625
MN0902,Manhattanville-West Harlem,Manhattan,2023-03,2023-03-01,927.0,32,28.96875
MN0902,Manhattanville-West Harlem,Manhattan,2023-04,2023-04-01,898.0,32,28.0625
MN0902,Manhattanville-West Harlem,Manhattan,2023-05,2023-05-01,1004.0,32,31.375
MN0902,Manhattanville-West Harlem,Manhattan,2023-06,2023-06-01,901.0,32,28.15625
MN0902,Manhattanville-West Harlem,Manhattan,2023-07,2023-07-01,750.0,32,23.4375
MN0902,Manhattanville-West Harlem,Manhattan,2023-08,2023-08-01,755.0,32,23.59375
MN0902,Manhattanville-West Harlem,Manhattan,2023-09,2023-09-01,820.0,32,25.625
MN0902,Manhattanville-West Harlem,Manhattan,2023-10,2023-10-01,955.0,32,29.84375
MN0902,Manhattanville-West Harlem,Manhattan,2023-11,2023-11-01,873.0,32,27.28125
MN0902,Manhattanville-West Harlem,Manhattan,2023-12,2023-12-01,849.0,32,26.53125
MN0902,Manhattanville-West Harlem,Manhattan,2024-01,2024-01-01,795.0,32,24.84375
MN0902,Manhattanville-West Harlem,Manhattan,2024-02,2024-02-01,846.0,32,26.4375
MN0902,Manhattanville-West Harlem,Manhattan,2024-03,2024-03-01,863.0,32,26.96875
MN0902,Manhattanville-West Harlem,Manhattan,2024-04,2024-04-01,950.0,32,29.6875
MN0902,Manhattanville-West Harlem,Manhattan,2024-05,2024-05-01,1005.0,32,31.40625
MN0902,Manhattanville-West Harlem,Manhattan,2024-06,2024-06-01,751.0,32,23.46875
MN0902,Manhattanville-West Harlem,Manhattan,2024-07,2024-07-01,776.0,32,24.25
MN0902,Manhattanville-West Harlem,Manhattan,2024-08,2024-08-01,707.0,32,22.09375
MN0902,Manhattanville-West Harlem,Manhattan,2024-09,2024-09-01,918.0,32,28.6875
MN0902,Manhattanville-West Harlem,Manhattan,2024-10,2024-10-01,983.0,32,30.71875
MN0902,Manhattanville-West Harlem,Manhattan,2024-11,2024-11-01,861.0,32,26.90625
MN0902,Manhattanville-West Harlem,Manhattan,2024-12,2024-12-01,863.0,32,26.96875
MN0902,Manhattanville-West Harlem,Manhattan,2025-01,2025-01-01,831.0,32,25.96875
MN0902,Manhattanville-West Harlem,Manhattan,2025-02,2025-02-01,607.0,32,18.96875
MN0902,Manhattanville-West Harlem,Manhattan,2025-03,2025-03-01,809.0,32,25.28125
MN0902,Manhattanville-West Harlem,Manhattan,2025-04,2025-04-01,866.0,32,27.0625
MN0902,Manhattanville-West Harlem,Manhattan,2025-05,2025-05-01,942.0,32,29.4375
MN0902,Manhattanville-West Harlem,Manhattan,2025-06,2025-06-01,745.0,32,23.28125
MN0902,Manhattanville-West Harlem,Manhattan,2025-07,2025-07-01,681.0,32,21.28125
MN0902,Manhattanville-West Harlem,Manhattan,2025-08,2025-08-01,678.0,32,21.1875
MN0902,Manhattanville-West Harlem,Manhattan,2025-09,2025-09-01,915.0,32,28.59375
MN0902,Manhattanville-West Harlem,Manhattan,2025-10,2025-10-01,869.0,32,27.15625
MN0902,Manhattanville-West Harlem,Manhattan,2025-11,2025-11-01,21.0,32,0.65625
MN0903,Hamilton Heights-Sugar Hill,Manhattan,2022-03,2022-03-01,982.0,32,30.6875
MN0903,Hamilton Heights-Sugar Hill,Manhattan,2022-04,2022-04-01,888.0,32,27.75
MN0903,Hamilton Heights-Sugar Hill,Manhattan,2022-05,2022-05-01,1135.0,32,35.46875
MN0903,Hamilton Heights-Sugar Hill,Manhattan,2022-06,2022-06-01,802.0,32,25.0625
MN0903,Hamilton Heights-Sugar Hill,Manhattan,2022-07,2022-07-01,681.0,32,21.28125
MN0903,Hamilton Heights-Sugar Hill,Manhattan,2022-08,2022-08-01,690.0,32,21.5625
MN0903,Hamilton Heights-Sugar Hill,Manhattan,2022-09,2022-09-01,969.0,32,30.28125
MN0903,Hamilton Heights-Sugar Hill,Manhattan,2022-10,2022-10-01,1080.0,32,33.75
MN0903,Hamilton Heights-Sugar Hill,Manhattan,2022-11,2022-11-01,978.0,32,30.5625
MN0903,Hamilton Heights-Sugar Hill,Manhattan,2022-12,2022-12-01,816.0,32,25.5
MN0903,Hamilton Heights-Sugar Hill,Manhattan,2023-01,2023-01-01,924.0,32,28.875
MN0903,Hamilton Heights-Sugar Hill,Manhattan,2023-02,2023-02-01,853.0,32,26.65625
MN0903,Hamilton Heights-Sugar Hill,Manhattan,2023-03,2023-03-01,927.0,32,28.96875
MN0903,Hamilton Heights-Sugar Hill,Manhattan,2023-04,2023-04-01,898.0,32,28.0625
MN0903,Hamilton Heights-Sugar Hill,Manhattan,2023-05,2023-05-01,1004.0,32,31.375
MN0903,Hamilton Heights-Sugar Hill,Manhattan,2023-06,2023-06-01,901.0,32,28.15625
MN0903,Hamilton Heights-Sugar Hill,Manhattan,2023-07,2023-07-01,750.0,32,23.4375
MN0903,Hamilton Heights-Sugar Hill,Manhattan,2023-08,2023-08-01,755.0,32,23.59375
MN0903,Hamilton Heights-Sugar Hill,Manhattan,2023-09,2023-09-01,820.0,32,25.625
MN0903,Hamilton Heights-Sugar Hill,Manhattan,2023-10,2023-10-01,955.0,32,29.84375
MN0903,Hamilton Heights-Sugar Hill,Manhattan,2023-11,2023-11-01,873.0,32,27.28125
MN0903,Hamilton Heights-Sugar Hill,Manhattan,2023-12,2023-12-01,849.0,32,26.53125
MN0903,Hamilton Heights-Sugar Hill,Manhattan,2024-01,2024-01-01,795.0,32,24.84375
MN0903,Hamilton Heights-Sugar Hill,Manhattan,2024-02,2024-02-01,846.0,32,26.4375
MN0903,Hamilton Heights-Sugar Hill,Manhattan,2024-03,2024-03-01,863.0,32,26.96875
MN0903,Hamilton Heights-Sugar Hill,Manhattan,2024-04,2024-04-01,950.0,32,29.6875
MN0903,Hamilton Heights-Sugar Hill,Manhattan,2024-05,2024-05-01,1005.0,32,31.40625
MN0903,Hamilton Heights-Sugar Hill,Manhattan,2024-06,2024-06-01,751.0,32,23.46875
MN0903,Hamilton Heights-Sugar Hill,Manhattan,2024-07,2024-07-01,776.0,32,24.25
MN0903,Hamilton Heights-Sugar Hill,Manhattan,2024-08,2024-08-01,707.0,32,22.09375
MN0903,Hamilton Heights-Sugar Hill,Manhattan,2024-09,2024-09-01,918.0,32,28.6875
MN0903,Hamilton Heights-Sugar Hill,Manhattan,2024-10,2024-10-01,983.0,32,30.71875
MN0903,Hamilton Heights-Sugar Hill,Manhattan,2024-11,2024-11-01,861.0,32,26.90625
MN0903,Hamilton Heights-Sugar Hill,Manhattan,2024-12,2024-12-01,863.0,32,26.96875
MN0903,Hamilton Heights-Sugar Hill,Manhattan,2025-01,2025-01-01,831.0,32,25.96875
MN0903,Hamilton Heights-Sugar Hill,Manhattan,2025-02,2025-02-01,607.0,32,18.96875
MN0903,Hamilton Heights-Sugar Hill,Manhattan,2025-03,2025-03-01,809.0,32,25.28125
MN0903,Hamilton Heights-Sugar Hill,Manhattan,2025-04,2025-04-01,866.0,32,27.0625
MN0903,Hamilton Heights-Sugar Hill,Manhattan,2025-05,2025-05-01,942.0,32,29.4375
MN0903,Hamilton Heights-Sugar Hill,Manhattan,2025-06,2025-06-01,745.0,32,23.28125
MN0903,Hamilton Heights-Sugar Hill,Manhattan,2025-07,2025-07-01,681.0,32,21.28125
MN0903,Hamilton Heights-Sugar Hill,Manhattan,2025-08,2025-08-01,678.0,32,21.1875
MN0903,Hamilton Heights-Sugar Hill,Manhattan,2025-09,2025-09-01,915.0,32,28.59375
MN0903,Hamilton Heights-Sugar Hill,Manhattan,2025-10,2025-10-01,869.0,32,27.15625
MN0903,Hamilton Heights-Sugar Hill,Manhattan,2025-11,2025-11-01,21.0,32,0.65625
MN1001,Harlem (South),Manhattan,2022-03,2022-03-01,982.0,32,30.6875
MN1001,Harlem (South),Manhattan,2022-04,2022-04-01,888.0,32,27.75
MN1001,Harlem (South),Manhattan,2022-05,2022-05-01,1135.0,32,35.46875
MN1001,Harlem (South),Manhattan,2022-06,2022-06-01,802.0,32,25.0625
MN1001,Harlem (South),Manhattan,2022-07,2022-07-01,681.0,32,21.28125
MN1001,Harlem (South),Manhattan,2022-08,2022-08-01,690.0,32,21.5625
MN1001,Harlem (South),Manhattan,2022-09,2022-09-01,969.0,32,30.28125
MN1001,Harlem (South),Manhattan,2022-10,2022-10-01,1080.0,32,33.75
MN1001,Harlem (South),Manhattan,2022-11,2022-11-01,978.0,32,30.5625
MN1001,Harlem (South),Manhattan,2022-12,2022-12-01,816.0,32,25.5
MN1001,Harlem (South),Manhattan,2023-01,2023-01-01,924.0,32,28.875
MN1001,Harlem (South),Manhattan,2023-02,2023-02-01,853.0,32,26.65625
MN1001,Harlem (South),Manhattan,2023-03,2023-03-01,927.0,32,28.96875
MN1001,Harlem (South),Manhattan,2023-04,2023-04-01,898.0,32,28.0625
MN1001,Harlem (South),Manhattan,2023-05,2023-05-01,1004.0,32,31.375
MN1001,Harlem (South),Manhattan,2023-06,2023-06-01,901.0,32,28.15625
MN1001,Harlem (South),Manhattan,2023-07,2023-07-01,750.0,32,23.4375
MN1001,Harlem (South),Manhattan,2023-08,2023-08-01,755.0,32,23.59375
MN1001,Harlem (South),Manhattan,2023-09,2023-09-01,820.0,32,25.625
MN1001,Harlem (South),Manhattan,2023-10,2023-10-01,955.0,32,29.84375
MN1001,Harlem (South),Manhattan,2023-11,2023-11-01,873.0,32,27.28125
MN1001,Harlem (South),Manhattan,2023-12,2023-12-01,849.0,32,26.53125
MN1001,Harlem (South),Manhattan,2024-01,2024-01-01,795.0,32,24.84375
MN1001,Harlem (South),Manhattan,2024-02,2024-02-01,846.0,32,26.4375
MN1001,Harlem (South),Manhattan,2024-03,2024-03-01,863.0,32,26.96875
MN1001,Harlem (South),Manhattan,2024-04,2024-04-01,950.0,32,29.6875
MN1001,Harlem (South),Manhattan,2024-05,2024-05-01,1005.0,32,31.40625
MN1001,Harlem (South),Manhattan,2024-06,2024-06-01,751.0,32,23.46875
MN1001,Harlem (South),Manhattan,2024-07,2024-07-01,776.0,32,24.25
MN1001,Harlem (South),Manhattan,2024-08,2024-08-01,707.0,32,22.09375
MN1001,Harlem (South),Manhattan,2024-09,2024-09-01,918.0,32,28.6875
MN1001,Harlem (South),Manhattan,2024-10,2024-10-01,983.0,32,30.71875
MN1001,Harlem (South),Manhattan,2024-11,2024-11-01,861.0,32,26.90625
MN1001,Harlem (South),Manhattan,2024-12,2024-12-01,863.0,32,26.96875
MN1001,Harlem (South),Manhattan,2025-01,2025-01-01,831.0,32,25.96875
MN1001,Harlem (South),Manhattan,2025-02,2025-02-01,607.0,32,18.96875
MN1001,Harlem (South),Manhattan,2025-03,2025-03-01,809.0,32,25.28125
MN1001,Harlem (South),Manhattan,2025-04,2025-04-01,866.0,32,27.0625
MN1001,Harlem (South),Manhattan,2025-05,2025-05-01,942.0,32,29.4375
MN1001,Harlem (South),Manhattan,2025-06,2025-06-01,745.0,32,23.28125
MN1001,Harlem (South),Manhattan,2025-07,2025-07-01,681.0,32,21.28125
MN1001,Harlem (South),Manhattan,2025-08,2025-08-01,678.0,32,21.1875
MN1001,Harlem (South),Manhattan,2025-09,2025-09-01,915.0,32,28.59375
MN1001,Harlem (South),Manhattan,2025-10,2025-10-01,869.0,32,27.15625
MN1001,Harlem (South),Manhattan,2025-11,2025-11-01,21.0,32,0.65625
MN1002,Harlem (North),Manhattan,2022-03,2022-03-01,982.0,32,30.6875
MN1002,Harlem (North),Manhattan,2022-04,2022-04-01,888.0,32,27.75
MN1002,Harlem (North),Manhattan,2022-05,2022-05-01,1135.0,32,35.46875
MN1002,Harlem (North),Manhattan,2022-06,2022-06-01,802.0,32,25.0625
MN1002,Harlem (North),Manhattan,2022-07,2022-07-01,681.0,32,21.28125
MN1002,Harlem (North),Manhattan,2022-08,2022-08-01,690.0,32,21.5625
MN1002,Harlem (North),Manhattan,2022-09,2022-09-01,969.0,32,30.28125
MN1002,Harlem (North),Manhattan,2022-10,2022-10-01,1080.0,32,33.75
MN1002,Harlem (North),Manhattan,2022-11,2022-11-01,978.0,32,30.5625
MN1002,Harlem (North),Manhattan,2022-12,2022-12-01,816.0,32,25.5
MN1002,Harlem (North),Manhattan,2023-01,2023-01-01,924.0,32,28.875
MN1002,Harlem (North),Manhattan,2023-02,2023-02-01,853.0,32,26.65625
MN1002,Harlem (North),Manhattan,2023-03,2023-03-01,927.0,32,28.96875
MN1002,Harlem (North),Manhattan,2023-04,2023-04-01,898.0,32,28.0625
MN1002,Harlem (North),Manhattan,2023-05,2023-05-01,1004.0,32,31.375
MN1002,Harlem (North),Manhattan,2023-06,2023-06-01,901.0,32,28.15625
MN1002,Harlem (North),Manhattan,2023-07,2023-07-01,750.0,32,23.4375
MN1002,Harlem (North),Manhattan,2023-08,2023-08-01,755.0,32,23.59375
MN1002,Harlem (North),Manhattan,2023-09,2023-09-01,820.0,32,25.625
MN1002,Harlem (North),Manhattan,2023-10,2023-10-01,955.0,32,29.84375
MN1002,Harlem (North),Manhattan,2023-11,2023-11-01,873.0,32,27.28125
MN1002,Harlem (North),Manhattan,2023-12,2023-12-01,849.0,32,26.53125
MN1002,Harlem (North),Manhattan,2024-01,2024-01-01,795.0,32,24.84375
MN1002,Harlem (North),Manhattan,2024-02,2024-02-01,846.0,32,26.4375
MN1002,Harlem (North),Manhattan,2024-03,2024-03-01,863.0,32,26.96875
MN1002,Harlem (North),Manhattan,2024-04,2024-04-01,950.0,32,29.6875
MN1002,Harlem (North),Manhattan,2024-05,2024-05-01,1005.0,32,31.40625
MN1002,Harlem (North),Manhattan,2024-06,2024-06-01,751.0,32,23.46875
MN1002,Harlem (North),Manhattan,2024-07,2024-07-01,776.0,32,24.25
MN1002,Harlem (North),Manhattan,2024-08,2024-08-01,707.0,32,22.09375
MN1002,Harlem (North),Manhattan,2024-09,2024-09-01,918.0,32,28.6875
MN1002,Harlem (North),Manhattan,2024-10,2024-10-01,983.0,32,30.71875
MN1002,Harlem (North),Manhattan,2024-11,2024-11-01,861.0,32,26.90625
MN1002,Harlem (North),Manhattan,2024-12,2024-12-01,863.0,32,26.96875
MN1002,Harlem (North),Manhattan,2025-01,2025-01-01,831.0,32,25.96875
MN1002,Harlem (North),Manhattan,2025-02,2025-02-01,607.0,32,18.96875
MN1002,Harlem (North),Manhattan,2025-03,2025-03-01,809.0,32,25.28125
MN1002,Harlem (North),Manhattan,2025-04,2025-04-01,866.0,32,27.0625
MN1002,Harlem (North),Manhattan,2025-05,2025-05-01,942.0,32,29.4375
MN1002,Harlem (North),Manhattan,2025-06,2025-06-01,745.0,32,23.28125
MN1002,Harlem (North),Manhattan,2025-07,2025-07-01,681.0,32,21.28125
MN1002,Harlem (North),Manhattan,2025-08,2025-08-01,678.0,32,21.1875
MN1002,Harlem (North),Manhattan,2025-09,2025-09-01,915.0,32,28.59375
MN1002,Harlem (North),Manhattan,2025-10,2025-10-01,869.0,32,27.15625
MN1002,Harlem (North),Manhattan,2025-11,2025-11-01,21.0,32,0.65625
MN1101,East Harlem (South),Manhattan,2022-03,2022-03-01,982.0,32,30.6875
MN1101,East Harlem (South),Manhattan,2022-04,2022-04-01,888.0,32,27.75
MN1101,East Harlem (South),Manhattan,2022-05,2022-05-01,1135.0,32,35.46875
MN1101,East Harlem (South),Manhattan,2022-06,2022-06-01,802.0,32,25.0625
MN1101,East Harlem (South),Manhattan,2022-07,2022-07-01,681.0,32,21.28125
MN1101,East Harlem (South),Manhattan,2022-08,2022-08-01,690.0,32,21.5625
MN1101,East Harlem (South),Manhattan,2022-09,2022-09-01,969.0,32,30.28125
MN1101,East Harlem (South),Manhattan,2022-10,2022-10-01,1080.0,32,33.75
MN1101,East Harlem (South),Manhattan,2022-11,2022-11-01,978.0,32,30.5625
MN1101,East Harlem (South),Manhattan,2022-12,2022-12-01,816.0,32,25.5
MN1101,East Harlem (South),Manhattan,2023-01,2023-01-01,924.0,32,28.875
MN1101,East Harlem (South),Manhattan,2023-02,2023-02-01,853.0,32,26.65625
MN1101,East Harlem (South),Manhattan,2023-03,2023-03-01,927.0,32,28.96875
MN1101,East Harlem (South),Manhattan,2023-04,2023-04-01,898.0,32,28.0625
MN1101,East Harlem (South),Manhattan,2023-05,2023-05-01,1004.0,32,31.375
MN1101,East Harlem (South),Manhattan,2023-06,2023-06-01,901.0,32,28.15625
MN1101,East Harlem (South),Manhattan,2023-07,2023-07-01,750.0,32,23.4375
MN1101,East Harlem (South),Manhattan,2023-08,2023-08-01,755.0,32,23.59375
MN1101,East Harlem (South),Manhattan,2023-09,2023-09-01,820.0,32,25.625
MN1101,East Harlem (South),Manhattan,2023-10,2023-10-01,955.0,32,29.84375
MN1101,East Harlem (South),Manhattan,2023-11,2023-11-01,873.0,32,27.28125
MN1101,East Harlem (South),Manhattan,2023-12,2023-12-01,849.0,32,26.53125
MN1101,East Harlem (South),Manhattan,2024-01,2024-01-01,795.0,32,24.84375
MN1101,East Harlem (South),Manhattan,2024-02,2024-02-01,846.0,32,26.4375
MN1101,East Harlem (South),Manhattan,2024-03,2024-03-01,863.0,32,26.96875
MN1101,East Harlem (South),Manhattan,2024-04,2024-04-01,950.0,32,29.6875
MN1101,East Harlem (South),Manhattan,2024-05,2024-05-01,1005.0,32,31.40625
MN1101,East Harlem (South),Manhattan,2024-06,2024-06-01,751.0,32,23.46875
MN1101,East Harlem (South),Manhattan,2024-07,2024-07-01,776.0,32,24.25
MN1101,East Harlem (South),Manhattan,2024-08,2024-08-01,707.0,32,22.09375
MN1101,East Harlem (South),Manhattan,2024-09,2024-09-01,918.0,32,28.6875
MN1101,East Harlem (South),Manhattan,2024-10,2024-10-01,983.0,32,30.71875
MN1101,East Harlem (South),Manhattan,2024-11,2024-11-01,861.0,32,26.90625
MN1101,East Harlem (South),Manhattan,2024-12,2024-12-01,863.0,32,26.96875
MN1101,East Harlem (South),Manhattan,2025-01,2025-01-01,831.0,32,25.96875
MN1101,East Harlem (South),Manhattan,2025-02,2025-02-01,607.0,32,18.96875
MN1101,East Harlem (South),Manhattan,2025-03,2025-03-01,809.0,32,25.28125
MN1101,East Harlem (South),Manhattan,2025-04,2025-04-01,866.0,32,27.0625
MN1101,East Harlem (South),Manhattan,2025-05,2025-05-01,942.0,32,29.4375
MN1101,East Harlem (South),Manhattan,2025-06,2025-06-01,745.0,32,23.28125
MN1101,East Harlem (South),Manhattan,2025-07,2025-07-01,681.0,32,21.28125
MN1101,East Harlem (South),Manhattan,2025-08,2025-08-01,678.0,32,21.1875
MN1101,East Harlem (South),Manhattan,2025-09,2025-09-01,915.0,32,28.59375
MN1101,East Harlem (South),Manhattan,2025-10,2025-10-01,869.0,32,27.15625
MN1101,East Harlem (South),Manhattan,2025-11,2025-11-01,21.0,32,0.65625
MN1102,East Harlem (North),Manhattan,2022-03,2022-03-01,982.0,32,30.6875
MN1102,East Harlem (North),Manhattan,2022-04,2022-04-01,888.0,32,27.75
MN1102,East Harlem (North),Manhattan,2022-05,2022-05-01,1135.0,32,35.46875
MN1102,East Harlem (North),Manhattan,2022-06,2022-06-01,802.0,32,25.0625
MN1102,East Harlem (North),Manhattan,2022-07,2022-07-01,681.0,32,21.28125
MN1102,East Harlem (North),Manhattan,2022-08,2022-08-01,690.0,32,21.5625
MN1102,East Harlem (North),Manhattan,2022-09,2022-09-01,969.0,32,30.28125
MN1102,East Harlem (North),Manhattan,2022-10,2022-10-01,1080.0,32,33.75
MN1102,East Harlem (North),Manhattan,2022-11,2022-11-01,978.0,32,30.5625
MN1102,East Harlem (North),Manhattan,2022-12,2022-12-01,816.0,32,25.5
MN1102,East Harlem (North),Manhattan,2023-01,2023-01-01,924.0,32,28.875
MN1102,East Harlem (North),Manhattan,2023-02,2023-02-01,853.0,32,26.65625
MN1102,East Harlem (North),Manhattan,2023-03,2023-03-01,927.0,32,28.96875
MN1102,East Harlem (North),Manhattan,2023-04,2023-04-01,898.0,32,28.0625
MN1102,East Harlem (North),Manhattan,2023-05,2023-05-01,1004.0,32,31.375
MN1102,East Harlem (North),Manhattan,2023-06,2023-06-01,901.0,32,28.15625
MN1102,East Harlem (North),Manhattan,2023-07,2023-07-01,750.0,32,23.4375
MN1102,East Harlem (North),Manhattan,2023-08,2023-08-01,755.0,32,23.59375
MN1102,East Harlem (North),Manhattan,2023-09,2023-09-01,820.0,32,25.625
MN1102,East Harlem (North),Manhattan,2023-10,2023-10-01,955.0,32,29.84375
MN1102,East Harlem (North),Manhattan,2023-11,2023-11-01,873.0,32,27.28125
MN1102,East Harlem (North),Manhattan,2023-12,2023-12-01,849.0,32,26.53125
MN1102,East Harlem (North),Manhattan,2024-01,2024-01-01,795.0,32,24.84375
MN1102,East Harlem (North),Manhattan,2024-02,2024-02-01,846.0,32,26.4375
MN1102,East Harlem (North),Manhattan,2024-03,2024-03-01,863.0,32,26.96875
MN1102,East Harlem (North),Manhattan,2024-04,2024-04-01,950.0,32,29.6875
MN1102,East Harlem (North),Manhattan,2024-05,2024-05-01,1005.0,32,31.40625
MN1102,East Harlem (North),Manhattan,2024-06,2024-06-01,751.0,32,23.46875
MN1102,East Harlem (North),Manhattan,2024-07,2024-07-01,776.0,32,24.25
MN1102,East Harlem (North),Manhattan,2024-08,2024-08-01,707.0,32,22.09375
MN1102,East Harlem (North),Manhattan,2024-09,2024-09-01,918.0,32,28.6875
MN1102,East Harlem (North),Manhattan,2024-10,2024-10-01,983.0,32,30.71875
MN1102,East Harlem (North),Manhattan,2024-11,2024-11-01,861.0,32,26.90625
MN1102,East Harlem (North),Manhattan,2024-12,2024-12-01,863.0,32,26.96875
MN1102,East Harlem (North),Manhattan,2025-01,2025-01-01,831.0,32,25.96875
MN1102,East Harlem (North),Manhattan,2025-02,2025-02-01,607.0,32,18.96875
MN1102,East Harlem (North),Manhattan,2025-03,2025-03-01,809.0,32,25.28125
MN1102,East Harlem (North),Manhattan,2025-04,2025-04-01,866.0,32,27.0625
MN1102,East Harlem (North),Manhattan,2025-05,2025-05-01,942.0,32,29.4375
MN1102,East Harlem (North),Manhattan,2025-06,2025-06-01,745.0,32,23.28125
MN1102,East Harlem (North),Manhattan,2025-07,2025-07-01,681.0,32,21.28125
MN1102,East Harlem (North),Manhattan,2025-08,2025-08-01,678.0,32,21.1875
MN1102,East Harlem (North),Manhattan,2025-09,2025-09-01,915.0,32,28.59375
MN1102,East Harlem (North),Manhattan,2025-10,2025-10-01,869.0,32,27.15625
MN1102,East Harlem (North),Manhattan,2025-11,2025-11-01,21.0,32,0.65625
MN1201,Washington Heights (South),Manhattan,2022-03,2022-03-01,982.0,32,30.6875
MN1201,Washington Heights (South),Manhattan,2022-04,2022-04-01,888.0,32,27.75
MN1201,Washington Heights (South),Manhattan,2022-05,2022-05-01,1135.0,32,35.46875
MN1201,Washington Heights (South),Manhattan,2022-06,2022-06-01,802.0,32,25.0625
MN1201,Washington Heights (South),Manhattan,2022-07,2022-07-01,681.0,32,21.28125
MN1201,Washington Heights (South),Manhattan,2022-08,2022-08-01,690.0,32,21.5625
MN1201,Washington Heights (South),Manhattan,2022-09,2022-09-01,969.0,32,30.28125
MN1201,Washington Heights (South),Manhattan,2022-10,2022-10-01,1080.0,32,33.75
MN1201,Washington Heights (South),Manhattan,2022-11,2022-11-01,978.0,32,30.5625
MN1201,Washington Heights (South),Manhattan,2022-12,2022-12-01,816.0,32,25.5
MN1201,Washington Heights (South),Manhattan,2023-01,2023-01-01,924.0,32,28.875
MN1201,Washington Heights (South),Manhattan,2023-02,2023-02-01,853.0,32,26.65625
MN1201,Washington Heights (South),Manhattan,2023-03,2023-03-01,927.0,32,28.96875
MN1201,Washington Heights (South),Manhattan,2023-04,2023-04-01,898.0,32,28.0625
MN1201,Washington Heights (South),Manhattan,2023-05,2023-05-01,1004.0,32,31.375
MN1201,Washington Heights (South),Manhattan,2023-06,2023-06-01,901.0,32,28.15625
MN1201,Washington Heights (South),Manhattan,2023-07,2023-07-01,750.0,32,23.4375
MN1201,Washington Heights (South),Manhattan,2023-08,2023-08-01,755.0,32,23.59375
MN1201,Washington Heights (South),Manhattan,2023-09,2023-09-01,820.0,32,25.625
MN1201,Washington Heights (South),Manhattan,2023-10,2023-10-01,955.0,32,29.84375
MN1201,Washington Heights (South),Manhattan,2023-11,2023-11-01,873.0,32,27.28125
MN1201,Washington Heights (South),Manhattan,2023-12,2023-12-01,849.0,32,26.53125
MN1201,Washington Heights (South),Manhattan,2024-01,2024-01-01,795.0,32,24.84375
MN1201,Washington Heights (South),Manhattan,2024-02,2024-02-01,846.0,32,26.4375
MN1201,Washington Heights (South),Manhattan,2024-03,2024-03-01,863.0,32,26.96875
MN1201,Washington Heights (South),Manhattan,2024-04,2024-04-01,950.0,32,29.6875
MN1201,Washington Heights (South),Manhattan,2024-05,2024-05-01,1005.0,32,31.40625
MN1201,Washington Heights (South),Manhattan,2024-06,2024-06-01,751.0,32,23.46875
MN1201,Washington Heights (South),Manhattan,2024-07,2024-07-01,776.0,32,24.25
MN1201,Washington Heights (South),Manhattan,2024-08,2024-08-01,707.0,32,22.09375
MN1201,Washington Heights (South),Manhattan,2024-09,2024-09-01,918.0,32,28.6875
MN1201,Washington Heights (South),Manhattan,2024-10,2024-10-01,983.0,32,30.71875
MN1201,Washington Heights (South),Manhattan,2024-11,2024-11-01,861.0,32,26.90625
MN1201,Washington Heights (South),Manhattan,2024-12,2024-12-01,863.0,32,26.96875
MN1201,Washington Heights (South),Manhattan,2025-01,2025-01-01,831.0,32,25.96875
MN1201,Washington Heights (South),Manhattan,2025-02,2025-02-01,607.0,32,18.96875
MN1201,Washington Heights (South),Manhattan,2025-03,2025-03-01,809.0,32,25.28125
MN1201,Washington Heights (South),Manhattan,2025-04,2025-04-01,866.0,32,27.0625
MN1201,Washington Heights (South),Manhattan,2025-05,2025-05-01,942.0,32,29.4375
MN1201,Washington Heights (South),Manhattan,2025-06,2025-06-01,745.0,32,23.28125
MN1201,Washington Heights (South),Manhattan,2025-07,2025-07-01,681.0,32,21.28125
MN1201,Washington Heights (South),Manhattan,2025-08,2025-08-01,678.0,32,21.1875
MN1201,Washington Heights (South),Manhattan,2025-09,2025-09-01,915.0,32,28.59375
MN1201,Washington Heights (South),Manhattan,2025-10,2025-10-01,869.0,32,27.15625
MN1201,Washington Heights (South),Manhattan,2025-11,2025-11-01,21.0,32,0.65625
MN1202,Washington Heights (North),Manhattan,2022-03,2022-03-01,982.0,32,30.6875
MN1202,Washington Heights (North),Manhattan,2022-04,2022-04-01,888.0,32,27.75
MN1202,Washington Heights (North),Manhattan,2022-05,2022-05-01,1135.0,32,35.46875
MN1202,Washington Heights (North),Manhattan,2022-06,2022-06-01,802.0,32,25.0625
MN1202,Washington Heights (North),Manhattan,2022-07,2022-07-01,681.0,32,21.28125
MN1202,Washington Heights (North),Manhattan,2022-08,2022-08-01,690.0,32,21.5625
MN1202,Washington Heights (North),Manhattan,2022-09,2022-09-01,969.0,32,30.28125
MN1202,Washington Heights (North),Manhattan,2022-10,2022-10-01,1080.0,32,33.75
MN1202,Washington Heights (North),Manhattan,2022-11,2022-11-01,978.0,32,30.5625
MN1202,Washington Heights (North),Manhattan,2022-12,2022-12-01,816.0,32,25.5
MN1202,Washington Heights (North),Manhattan,2023-01,2023-01-01,924.0,32,28.875
MN1202,Washington Heights (North),Manhattan,2023-02,2023-02-01,853.0,32,26.65625
MN1202,Washington Heights (North),Manhattan,2023-03,2023-03-01,927.0,32,28.96875
MN1202,Washington Heights (North),Manhattan,2023-04,2023-04-01,898.0,32,28.0625
MN1202,Washington Heights (North),Manhattan,2023-05,2023-05-01,1004.0,32,31.375
MN1202,Washington Heights (North),Manhattan,2023-06,2023-06-01,901.0,32,28.15625
MN1202,Washington Heights (North),Manhattan,2023-07,2023-07-01,750.0,32,23.4375
MN1202,Washington Heights (North),Manhattan,2023-08,2023-08-01,755.0,32,23.59375
MN1202,Washington Heights (North),Manhattan,2023-09,2023-09-01,820.0,32,25.625
MN1202,Washington Heights (North),Manhattan,2023-10,2023-10-01,955.0,32,29.84375
MN1202,Washington Heights (North),Manhattan,2023-11,2023-11-01,873.0,32,27.28125
MN1202,Washington Heights (North),Manhattan,2023-12,2023-12-01,849.0,32,26.53125
MN1202,Washington Heights (North),Manhattan,2024-01,2024-01-01,795.0,32,24.84375
MN1202,Washington Heights (North),Manhattan,2024-02,2024-02-01,846.0,32,26.4375
MN1202,Washington Heights (North),Manhattan,2024-03,2024-03-01,863.0,32,26.96875
MN1202,Washington Heights (North),Manhattan,2024-04,2024-04-01,950.0,32,29.6875
MN1202,Washington Heights (North),Manhattan,2024-05,2024-05-01,1005.0,32,31.40625
MN1202,Washington Heights (North),Manhattan,2024-06,2024-06-01,751.0,32,23.46875
MN1202,Washington Heights (North),Manhattan,2024-07,2024-07-01,776.0,32,24.25
MN1202,Washington Heights (North),Manhattan,2024-08,2024-08-01,707.0,32,22.09375
MN1202,Washington Heights (North),Manhattan,2024-09,2024-09-01,918.0,32,28.6875
MN1202,Washington Heights (North),Manhattan,2024-10,2024-10-01,983.0,32,30.71875
MN1202,Washington Heights (North),Manhattan,2024-11,2024-11-01,861.0,32,26.90625
MN1202,Washington Heights (North),Manhattan,2024-12,2024-12-01,863.0,32,26.96875
MN1202,Washington Heights (North),Manhattan,2025-01,2025-01-01,831.0,32,25.96875
MN1202,Washington Heights (North),Manhattan,2025-02,2025-02-01,607.0,32,18.96875
MN1202,Washington Heights (North),Manhattan,2025-03,2025-03-01,809.0,32,25.28125
MN1202,Washington Heights (North),Manhattan,2025-04,2025-04-01,866.0,32,27.0625
MN1202,Washington Heights (North),Manhattan,2025-05,2025-05-01,942.0,32,29.4375
MN1202,Washington Heights (North),Manhattan,2025-06,2025-06-01,745.0,32,23.28125
MN1202,Washington Heights (North),Manhattan,2025-07,2025-07-01,681.0,32,21.28125
MN1202,Washington Heights (North),Manhattan,2025-08,2025-08-01,678.0,32,21.1875
MN1202,Washington Heights (North),Manhattan,2025-09,2025-09-01,915.0,32,28.59375
MN1202,Washington Heights (North),Manhattan,2025-10,2025-10-01,869.0,32,27.15625
MN1202,Washington Heights (North),Manhattan,2025-11,2025-11-01,21.0,32,0.65625
MN1203,Inwood,Manhattan,2022-03,2022-03-01,982.0,32,30.6875
MN1203,Inwood,Manhattan,2022-04,2022-04-01,888.0,32,27.75
MN1203,Inwood,Manhattan,2022-05,2022-05-01,1135.0,32,35.46875
MN1203,Inwood,Manhattan,2022-06,2022-06-01,802.0,32,25.0625
MN1203,Inwood,Manhattan,2022-07,2022-07-01,681.0,32,21.28125
MN1203,Inwood,Manhattan,2022-08,2022-08-01,690.0,32,21.5625
MN1203,Inwood,Manhattan,2022-09,2022-09-01,969.0,32,30.28125
MN1203,Inwood,Manhattan,2022-10,2022-10-01,1080.0,32,33.75
MN1203,Inwood,Manhattan,2022-11,2022-11-01,978.0,32,30.5625
MN1203,Inwood,Manhattan,2022-12,2022-12-01,816.0,32,25.5
MN1203,Inwood,Manhattan,2023-01,2023-01-01,924.0,32,28.875
MN1203,Inwood,Manhattan,2023-02,2023-02-01,853.0,32,26.65625
MN1203,Inwood,Manhattan,2023-03,2023-03-01,927.0,32,28.96875
MN1203,Inwood,Manhattan,2023-04,2023-04-01,898.0,32,28.0625
MN1203,Inwood,Manhattan,2023-05,2023-05-01,1004.0,32,31.375
MN1203,Inwood,Manhattan,2023-06,2023-06-01,901.0,32,28.15625
MN1203,Inwood,Manhattan,2023-07,2023-07-01,750.0,32,23.4375
MN1203,Inwood,Manhattan,2023-08,2023-08-01,755.0,32,23.59375
MN1203,Inwood,Manhattan,2023-09,2023-09-01,820.0,32,25.625
MN1203,Inwood,Manhattan,2023-10,2023-10-01,955.0,32,29.84375
MN1203,Inwood,Manhattan,2023-11,2023-11-01,873.0,32,27.28125
MN1203,Inwood,Manhattan,2023-12,2023-12-01,849.0,32,26.53125
MN1203,Inwood,Manhattan,2024-01,2024-01-01,795.0,32,24.84375
MN1203,Inwood,Manhattan,2024-02,2024-02-01,846.0,32,26.4375
MN1203,Inwood,Manhattan,2024-03,2024-03-01,863.0,32,26.96875
MN1203,Inwood,Manhattan,2024-04,2024-04-01,950.0,32,29.6875
MN1203,Inwood,Manhattan,2024-05,2024-05-01,1005.0,32,31.40625
MN1203,Inwood,Manhattan,2024-06,2024-06-01,751.0,32,23.46875
MN1203,Inwood,Manhattan,2024-07,2024-07-01,776.0,32,24.25
MN1203,Inwood,Manhattan,2024-08,2024-08-01,707.0,32,22.09375
MN1203,Inwood,Manhattan,2024-09,2024-09-01,918.0,32,28.6875
MN1203,Inwood,Manhattan,2024-10,2024-10-01,983.0,32,30.71875
MN1203,Inwood,Manhattan,2024-11,2024-11-01,861.0,32,26.90625
MN1203,Inwood,Manhattan,2024-12,2024-12-01,863.0,32,26.96875
MN1203,Inwood,Manhattan,2025-01,2025-01-01,831.0,32,25.96875
MN1203,Inwood,Manhattan,2025-02,2025-02-01,607.0,32,18.96875
MN1203,Inwood,Manhattan,2025-03,2025-03-01,809.0,32,25.28125
MN1203,Inwood,Manhattan,2025-04,2025-04-01,866.0,32,27.0625
MN1203,Inwood,Manhattan,2025-05,2025-05-01,942.0,32,29.4375
MN1203,Inwood,Manhattan,2025-06,2025-06-01,745.0,32,23.28125
MN1203,Inwood,Manhattan,2025-07,2025-07-01,681.0,32,21.28125
MN1203,Inwood,Manhattan,2025-08,2025-08-01,678.0,32,21.1875
MN1203,Inwood,Manhattan,2025-09,2025-09-01,915.0,32,28.59375
MN1203,Inwood,Manhattan,2025-10,2025-10-01,869.0,32,27.15625
MN1203,Inwood,Manhattan,2025-11,2025-11-01,21.0,32,0.65625
QN0101,Astoria (North)-Ditmars-Steinway,Queens,2022-03,2022-03-01,873.0,59,14.796610169491526
QN0101,Astoria (North)-Ditmars-Steinway,Queens,2022-04,2022-04-01,780.0,59,13.220338983050848
QN0101,Astoria (North)-Ditmars-Steinway,Queens,2022-05,2022-05-01,993.0,59,16.83050847457627
QN0101,Astoria (North)-Ditmars-Steinway,Queens,2022-06,2022-06-01,705.0,59,11.94915254237288
QN0101,Astoria (North)-Ditmars-Steinway,Queens,2022-07,2022-07-01,625.0,59,10.59322033898305
QN0101,Astoria (North)-Ditmars-Steinway,Queens,2022-08,2022-08-01,622.0,59,10.542372881355933
QN0101,Astoria (North)-Ditmars-Steinway,Queens,2022-09,2022-09-01,940.0,59,15.932203389830509
QN0101,Astoria (North)-Ditmars-Steinway,Queens,2022-10,2022-10-01,1071.0,59,18.152542372881356
QN0101,Astoria (North)-Ditmars-Steinway,Queens,2022-11,2022-11-01,1010.0,59,17.11864406779661
QN0101,Astoria (North)-Ditmars-Steinway,Queens,2022-12,2022-12-01,787.0,59,13.338983050847459
QN0101,Astoria (North)-Ditmars-Steinway,Queens,2023-01,2023-01-01,921.0,59,15.610169491525424
QN0101,Astoria (North)-Ditmars-Steinway,Queens,2023-02,2023-02-01,821.0,59,13.915254237288135
QN0101,Astoria (North)-Ditmars-Steinway,Queens,2023-03,2023-03-01,934.0,59,15.830508474576272
QN0101,Astoria (North)-Ditmars-Steinway,Queens,2023-04,2023-04-01,1099.0,59,18.627118644067796
QN0101,Astoria (North)-Ditmars-Steinway,Queens,2023-05,2023-05-01,931.0,59,15.779661016949152
QN0101,Astoria (North)-Ditmars-Steinway,Queens,2023-06,2023-06-01,864.0,59,14.64406779661017
QN0101,Astoria (North)-Ditmars-Steinway,Queens,2023-07,2023-07-01,755.0,59,12.796610169491526
QN0101,Astoria (North)-Ditmars-Steinway,Queens,2023-08,2023-08-01,733.0,59,12.423728813559322
QN0101,Astoria (North)-Ditmars-Steinway,Queens,2023-09,2023-09-01,909.0,59,15.40677966101695
QN0101,Astoria (North)-Ditmars-Steinway,Queens,2023-10,2023-10-01,955.0,59,16.1864406779661
QN0101,Astoria (North)-Ditmars-Steinway,Queens,2023-11,2023-11-01,977.0,59,16.559322033898304
QN0101,Astoria (North)-Ditmars-Steinway,Queens,2023-12,2023-12-01,922.0,59,15.627118644067796
QN0101,Astoria (North)-Ditmars-Steinway,Queens,2024-01,2024-01-01,779.0,59,13.203389830508474
QN0101,Astoria (North)-Ditmars-Steinway,Queens,2024-02,2024-02-01,816.0,59,13.830508474576272
QN0101,Astoria (North)-Ditmars-Steinway,Queens,2024-03,2024-03-01,827.0,59,14.016949152542374
QN0101,Astoria (North)-Ditmars-Steinway,Queens,2024-04,2024-04-01,824.0,59,13.966101694915254
QN0101,Astoria (North)-Ditmars-Steinway,Queens,2024-05,2024-05-01,1013.0,59,17.16949152542373
QN0101,Astoria (North)-Ditmars-Steinway,Queens,2024-06,2024-06-01,795.0,59,13.474576271186441
QN0101,Astoria (North)-Ditmars-Steinway,Queens,2024-07,2024-07-01,684.0,59,11.59322033898305
QN0101,Astoria (North)-Ditmars-Steinway,Queens,2024-08,2024-08-01,691.0,59,11.711864406779661
QN0101,Astoria (North)-Ditmars-Steinway,Queens,2024-09,2024-09-01,837.0,59,14.186440677966102
QN0101,Astoria (North)-Ditmars-Steinway,Queens,2024-10,2024-10-01,1036.0,59,17.559322033898304
QN0101,Astoria (North)-Ditmars-Steinway,Queens,2024-11,2024-11-01,1035.0,59,17.54237288135593
QN0101,Astoria (North)-Ditmars-Steinway,Queens,2024-12,2024-12-01,796.0,59,13.491525423728813
QN0101,Astoria (North)-Ditmars-Steinway,Queens,2025-01,2025-01-01,746.0,59,12.64406779661017
QN0101,Astoria (North)-Ditmars-Steinway,Queens,2025-02,2025-02-01,665.0,59,11.271186440677965
QN0101,Astoria (North)-Ditmars-Steinway,Queens,2025-03,2025-03-01,871.0,59,14.76271186440678
QN0101,Astoria (North)-Ditmars-Steinway,Queens,2025-04,2025-04-01,858.0,59,14.542372881355933
QN0101,Astoria (North)-Ditmars-Steinway,Queens,2025-05,2025-05-01,982.0,59,16.64406779661017
QN0101,Astoria (North)-Ditmars-Steinway,Queens,2025-06,2025-06-01,700.0,59,11.864406779661017
QN0101,Astoria (North)-Ditmars-Steinway,Queens,2025-07,2025-07-01,586.0,59,9.932203389830509
QN0101,Astoria (North)-Ditmars-Steinway,Queens,2025-08,2025-08-01,578.0,59,9.796610169491526
QN0101,Astoria (North)-Ditmars-Steinway,Queens,2025-09,2025-09-01,857.0,59,14.525423728813559
QN0101,Astoria (North)-Ditmars-Steinway,Queens,2025-10,2025-10-01,821.0,59,13.915254237288135
QN0101,Astoria (North)-Ditmars-Steinway,Queens,2025-11,2025-11-01,22.0,59,0.3728813559322034
QN0102,Old Astoria-Hallets Point,Queens,2022-03,2022-03-01,873.0,59,14.796610169491526
QN0102,Old Astoria-Hallets Point,Queens,2022-04,2022-04-01,780.0,59,13.220338983050848
QN0102,Old Astoria-Hallets Point,Queens,2022-05,2022-05-01,993.0,59,16.83050847457627
QN0102,Old Astoria-Hallets Point,Queens,2022-06,2022-06-01,705.0,59,11.94915254237288
QN0102,Old Astoria-Hallets Point,Queens,2022-07,2022-07-01,625.0,59,10.59322033898305
QN0102,Old Astoria-Hallets Point,Queens,2022-08,2022-08-01,622.0,59,10.542372881355933
QN0102,Old Astoria-Hallets Point,Queens,2022-09,2022-09-01,940.0,59,15.932203389830509
QN0102,Old Astoria-Hallets Point,Queens,2022-10,2022-10-01,1071.0,59,18.152542372881356
QN0102,Old Astoria-Hallets Point,Queens,2022-11,2022-11-01,1010.0,59,17.11864406779661
QN0102,Old Astoria-Hallets Point,Queens,2022-12,2022-12-01,787.0,59,13.338983050847459
QN0102,Old Astoria-Hallets Point,Queens,2023-01,2023-01-01,921.0,59,15.610169491525424
QN0102,Old Astoria-Hallets Point,Queens,2023-02,2023-02-01,821.0,59,13.915254237288135
QN0102,Old Astoria-Hallets Point,Queens,2023-03,2023-03-01,934.0,59,15.830508474576272
QN0102,Old Astoria-Hallets Point,Queens,2023-04,2023-04-01,1099.0,59,18.627118644067796
QN0102,Old Astoria-Hallets Point,Queens,2023-05,2023-05-01,931.0,59,15.779661016949152
QN0102,Old Astoria-Hallets Point,Queens,2023-06,2023-06-01,864.0,59,14.64406779661017
QN0102,Old Astoria-Hallets Point,Queens,2023-07,2023-07-01,755.0,59,12.796610169491526
QN0102,Old Astoria-Hallets Point,Queens,2023-08,2023-08-01,733.0,59,12.423728813559322
QN0102,Old Astoria-Hallets Point,Queens,2023-09,2023-09-01,909.0,59,15.40677966101695
QN0102,Old Astoria-Hallets Point,Queens,2023-10,2023-10-01,955.0,59,16.1864406779661
QN0102,Old Astoria-Hallets Point,Queens,2023-11,2023-11-01,977.0,59,16.559322033898304
QN0102,Old Astoria-Hallets Point,Queens,2023-12,2023-12-01,922.0,59,15.627118644067796
QN0102,Old Astoria-Hallets Point,Queens,2024-01,2024-01-01,779.0,59,13.203389830508474
QN0102,Old Astoria-Hallets Point,Queens,2024-02,2024-02-01,816.0,59,13.830508474576272
QN0102,Old Astoria-Hallets Point,Queens,2024-03,2024-03-01,827.0,59,14.016949152542374
QN0102,Old Astoria-Hallets Point,Queens,2024-04,2024-04-01,824.0,59,13.966101694915254
QN0102,Old Astoria-Hallets Point,Queens,2024-05,2024-05-01,1013.0,59,17.16949152542373
QN0102,Old Astoria-Hallets Point,Queens,2024-06,2024-06-01,795.0,59,13.474576271186441
QN0102,Old Astoria-Hallets Point,Queens,2024-07,2024-07-01,684.0,59,11.59322033898305
QN0102,Old Astoria-Hallets Point,Queens,2024-08,2024-08-01,691.0,59,11.711864406779661
QN0102,Old Astoria-Hallets Point,Queens,2024-09,2024-09-01,837.0,59,14.186440677966102
QN0102,Old Astoria-Hallets Point,Queens,2024-10,2024-10-01,1036.0,59,17.559322033898304
QN0102,Old Astoria-Hallets Point,Queens,2024-11,2024-11-01,1035.0,59,17.54237288135593
QN0102,Old Astoria-Hallets Point,Queens,2024-12,2024-12-01,796.0,59,13.491525423728813
QN0102,Old Astoria-Hallets Point,Queens,2025-01,2025-01-01,746.0,59,12.64406779661017
QN0102,Old Astoria-Hallets Point,Queens,2025-02,2025-02-01,665.0,59,11.271186440677965
QN0102,Old Astoria-Hallets Point,Queens,2025-03,2025-03-01,871.0,59,14.76271186440678
QN0102,Old Astoria-Hallets Point,Queens,2025-04,2025-04-01,858.0,59,14.542372881355933
QN0102,Old Astoria-Hallets Point,Queens,2025-05,2025-05-01,982.0,59,16.64406779661017
QN0102,Old Astoria-Hallets Point,Queens,2025-06,2025-06-01,700.0,59,11.864406779661017
QN0102,Old Astoria-Hallets Point,Queens,2025-07,2025-07-01,586.0,59,9.932203389830509
QN0102,Old Astoria-Hallets Point,Queens,2025-08,2025-08-01,578.0,59,9.796610169491526
QN0102,Old Astoria-Hallets Point,Queens,2025-09,2025-09-01,857.0,59,14.525423728813559
QN0102,Old Astoria-Hallets Point,Queens,2025-10,2025-10-01,821.0,59,13.915254237288135
QN0102,Old Astoria-Hallets Point,Queens,2025-11,2025-11-01,22.0,59,0.3728813559322034
QN0103,Astoria (Central),Queens,2022-03,2022-03-01,873.0,59,14.796610169491526
QN0103,Astoria (Central),Queens,2022-04,2022-04-01,780.0,59,13.220338983050848
QN0103,Astoria (Central),Queens,2022-05,2022-05-01,993.0,59,16.83050847457627
QN0103,Astoria (Central),Queens,2022-06,2022-06-01,705.0,59,11.94915254237288
QN0103,Astoria (Central),Queens,2022-07,2022-07-01,625.0,59,10.59322033898305
QN0103,Astoria (Central),Queens,2022-08,2022-08-01,622.0,59,10.542372881355933
QN0103,Astoria (Central),Queens,2022-09,2022-09-01,940.0,59,15.932203389830509
QN0103,Astoria (Central),Queens,2022-10,2022-10-01,1071.0,59,18.152542372881356
QN0103,Astoria (Central),Queens,2022-11,2022-11-01,1010.0,59,17.11864406779661
QN0103,Astoria (Central),Queens,2022-12,2022-12-01,787.0,59,13.338983050847459
QN0103,Astoria (Central),Queens,2023-01,2023-01-01,921.0,59,15.610169491525424
QN0103,Astoria (Central),Queens,2023-02,2023-02-01,821.0,59,13.915254237288135
QN0103,Astoria (Central),Queens,2023-03,2023-03-01,934.0,59,15.830508474576272
QN0103,Astoria (Central),Queens,2023-04,2023-04-01,1099.0,59,18.627118644067796
QN0103,Astoria (Central),Queens,2023-05,2023-05-01,931.0,59,15.779661016949152
QN0103,Astoria (Central),Queens,2023-06,2023-06-01,864.0,59,14.64406779661017
QN0103,Astoria (Central),Queens,2023-07,2023-07-01,755.0,59,12.796610169491526
QN0103,Astoria (Central),Queens,2023-08,2023-08-01,733.0,59,12.423728813559322
QN0103,Astoria (Central),Queens,2023-09,2023-09-01,909.0,59,15.40677966101695
QN0103,Astoria (Central),Queens,2023-10,2023-10-01,955.0,59,16.1864406779661
QN0103,Astoria (Central),Queens,2023-11,2023-11-01,977.0,59,16.559322033898304
QN0103,Astoria (Central),Queens,2023-12,2023-12-01,922.0,59,15.627118644067796
QN0103,Astoria (Central),Queens,2024-01,2024-01-01,779.0,59,13.203389830508474
QN0103,Astoria (Central),Queens,2024-02,2024-02-01,816.0,59,13.830508474576272
QN0103,Astoria (Central),Queens,2024-03,2024-03-01,827.0,59,14.016949152542374
QN0103,Astoria (Central),Queens,2024-04,2024-04-01,824.0,59,13.966101694915254
QN0103,Astoria (Central),Queens,2024-05,2024-05-01,1013.0,59,17.16949152542373
QN0103,Astoria (Central),Queens,2024-06,2024-06-01,795.0,59,13.474576271186441
QN0103,Astoria (Central),Queens,2024-07,2024-07-01,684.0,59,11.59322033898305
QN0103,Astoria (Central),Queens,2024-08,2024-08-01,691.0,59,11.711864406779661
QN0103,Astoria (Central),Queens,2024-09,2024-09-01,837.0,59,14.186440677966102
QN0103,Astoria (Central),Queens,2024-10,2024-10-01,1036.0,59,17.559322033898304
QN0103,Astoria (Central),Queens,2024-11,2024-11-01,1035.0,59,17.54237288135593
QN0103,Astoria (Central),Queens,2024-12,2024-12-01,796.0,59,13.491525423728813
QN0103,Astoria (Central),Queens,2025-01,2025-01-01,746.0,59,12.64406779661017
QN0103,Astoria (Central),Queens,2025-02,2025-02-01,665.0,59,11.271186440677965
QN0103,Astoria (Central),Queens,2025-03,2025-03-01,871.0,59,14.76271186440678
QN0103,Astoria (Central),Queens,2025-04,2025-04-01,858.0,59,14.542372881355933
QN0103,Astoria (Central),Queens,2025-05,2025-05-01,982.0,59,16.64406779661017
QN0103,Astoria (Central),Queens,2025-06,2025-06-01,700.0,59,11.864406779661017
QN0103,Astoria (Central),Queens,2025-07,2025-07-01,586.0,59,9.932203389830509
QN0103,Astoria (Central),Queens,2025-08,2025-08-01,578.0,59,9.796610169491526
QN0103,Astoria (Central),Queens,2025-09,2025-09-01,857.0,59,14.525423728813559
QN0103,Astoria (Central),Queens,2025-10,2025-10-01,821.0,59,13.915254237288135
QN0103,Astoria (Central),Queens,2025-11,2025-11-01,22.0,59,0.3728813559322034
QN0104,Astoria (East)-Woodside (North),Queens,2022-03,2022-03-01,873.0,59,14.796610169491526
QN0104,Astoria (East)-Woodside (North),Queens,2022-04,2022-04-01,780.0,59,13.220338983050848
QN0104,Astoria (East)-Woodside (North),Queens,2022-05,2022-05-01,993.0,59,16.83050847457627
QN0104,Astoria (East)-Woodside (North),Queens,2022-06,2022-06-01,705.0,59,11.94915254237288
QN0104,Astoria (East)-Woodside (North),Queens,2022-07,2022-07-01,625.0,59,10.59322033898305
QN0104,Astoria (East)-Woodside (North),Queens,2022-08,2022-08-01,622.0,59,10.542372881355933
QN0104,Astoria (East)-Woodside (North),Queens,2022-09,2022-09-01,940.0,59,15.932203389830509
QN0104,Astoria (East)-Woodside (North),Queens,2022-10,2022-10-01,1071.0,59,18.152542372881356
QN0104,Astoria (East)-Woodside (North),Queens,2022-11,2022-11-01,1010.0,59,17.11864406779661
QN0104,Astoria (East)-Woodside (North),Queens,2022-12,2022-12-01,787.0,59,13.338983050847459
QN0104,Astoria (East)-Woodside (North),Queens,2023-01,2023-01-01,921.0,59,15.610169491525424
QN0104,Astoria (East)-Woodside (North),Queens,2023-02,2023-02-01,821.0,59,13.915254237288135
QN0104,Astoria (East)-Woodside (North),Queens,2023-03,2023-03-01,934.0,59,15.830508474576272
QN0104,Astoria (East)-Woodside (North),Queens,2023-04,2023-04-01,1099.0,59,18.627118644067796
QN0104,Astoria (East)-Woodside (North),Queens,2023-05,2023-05-01,931.0,59,15.779661016949152
QN0104,Astoria (East)-Woodside (North),Queens,2023-06,2023-06-01,864.0,59,14.64406779661017
QN0104,Astoria (East)-Woodside (North),Queens,2023-07,2023-07-01,755.0,59,12.796610169491526
QN0104,Astoria (East)-Woodside (North),Queens,2023-08,2023-08-01,733.0,59,12.423728813559322
QN0104,Astoria (East)-Woodside (North),Queens,2023-09,2023-09-01,909.0,59,15.40677966101695
QN0104,Astoria (East)-Woodside (North),Queens,2023-10,2023-10-01,955.0,59,16.1864406779661
QN0104,Astoria (East)-Woodside (North),Queens,2023-11,2023-11-01,977.0,59,16.559322033898304
QN0104,Astoria (East)-Woodside (North),Queens,2023-12,2023-12-01,922.0,59,15.627118644067796
QN0104,Astoria (East)-Woodside (North),Queens,2024-01,2024-01-01,779.0,59,13.203389830508474
QN0104,Astoria (East)-Woodside (North),Queens,2024-02,2024-02-01,816.0,59,13.830508474576272
QN0104,Astoria (East)-Woodside (North),Queens,2024-03,2024-03-01,827.0,59,14.016949152542374
QN0104,Astoria (East)-Woodside (North),Queens,2024-04,2024-04-01,824.0,59,13.966101694915254
QN0104,Astoria (East)-Woodside (North),Queens,2024-05,2024-05-01,1013.0,59,17.16949152542373
QN0104,Astoria (East)-Woodside (North),Queens,2024-06,2024-06-01,795.0,59,13.474576271186441
QN0104,Astoria (East)-Woodside (North),Queens,2024-07,2024-07-01,684.0,59,11.59322033898305
QN0104,Astoria (East)-Woodside (North),Queens,2024-08,2024-08-01,691.0,59,11.711864406779661
QN0104,Astoria (East)-Woodside (North),Queens,2024-09,2024-09-01,837.0,59,14.186440677966102
QN0104,Astoria (East)-Woodside (North),Queens,2024-10,2024-10-01,1036.0,59,17.559322033898304
QN0104,Astoria (East)-Woodside (North),Queens,2024-11,2024-11-01,1035.0,59,17.54237288135593
QN0104,Astoria (East)-Woodside (North),Queens,2024-12,2024-12-01,796.0,59,13.491525423728813
QN0104,Astoria (East)-Woodside (North),Queens,2025-01,2025-01-01,746.0,59,12.64406779661017
QN0104,Astoria (East)-Woodside (North),Queens,2025-02,2025-02-01,665.0,59,11.271186440677965
QN0104,Astoria (East)-Woodside (North),Queens,2025-03,2025-03-01,871.0,59,14.76271186440678
QN0104,Astoria (East)-Woodside (North),Queens,2025-04,2025-04-01,858.0,59,14.542372881355933
QN0104,Astoria (East)-Woodside (North),Queens,2025-05,2025-05-01,982.0,59,16.64406779661017
QN0104,Astoria (East)-Woodside (North),Queens,2025-06,2025-06-01,700.0,59,11.864406779661017
QN0104,Astoria (East)-Woodside (North),Queens,2025-07,2025-07-01,586.0,59,9.932203389830509
QN0104,Astoria (East)-Woodside (North),Queens,2025-08,2025-08-01,578.0,59,9.796610169491526
QN0104,Astoria (East)-Woodside (North),Queens,2025-09,2025-09-01,857.0,59,14.525423728813559
QN0104,Astoria (East)-Woodside (North),Queens,2025-10,2025-10-01,821.0,59,13.915254237288135
QN0104,Astoria (East)-Woodside (North),Queens,2025-11,2025-11-01,22.0,59,0.3728813559322034
QN0105,Queensbridge-Ravenswood-Dutch Kills,Queens,2022-03,2022-03-01,873.0,59,14.796610169491526
QN0105,Queensbridge-Ravenswood-Dutch Kills,Queens,2022-04,2022-04-01,780.0,59,13.220338983050848
QN0105,Queensbridge-Ravenswood-Dutch Kills,Queens,2022-05,2022-05-01,993.0,59,16.83050847457627
QN0105,Queensbridge-Ravenswood-Dutch Kills,Queens,2022-06,2022-06-01,705.0,59,11.94915254237288
QN0105,Queensbridge-Ravenswood-Dutch Kills,Queens,2022-07,2022-07-01,625.0,59,10.59322033898305
QN0105,Queensbridge-Ravenswood-Dutch Kills,Queens,2022-08,2022-08-01,622.0,59,10.542372881355933
QN0105,Queensbridge-Ravenswood-Dutch Kills,Queens,2022-09,2022-09-01,940.0,59,15.932203389830509
QN0105,Queensbridge-Ravenswood-Dutch Kills,Queens,2022-10,2022-10-01,1071.0,59,18.152542372881356
QN0105,Queensbridge-Ravenswood-Dutch Kills,Queens,2022-11,2022-11-01,1010.0,59,17.11864406779661
QN0105,Queensbridge-Ravenswood-Dutch Kills,Queens,2022-12,2022-12-01,787.0,59,13.338983050847459
QN0105,Queensbridge-Ravenswood-Dutch Kills,Queens,2023-01,2023-01-01,921.0,59,15.610169491525424
QN0105,Queensbridge-Ravenswood-Dutch Kills,Queens,2023-02,2023-02-01,821.0,59,13.915254237288135
QN0105,Queensbridge-Ravenswood-Dutch Kills,Queens,2023-03,2023-03-01,934.0,59,15.830508474576272
QN0105,Queensbridge-Ravenswood-Dutch Kills,Queens,2023-04,2023-04-01,1099.0,59,18.627118644067796
QN0105,Queensbridge-Ravenswood-Dutch Kills,Queens,2023-05,2023-05-01,931.0,59,15.779661016949152
QN0105,Queensbridge-Ravenswood-Dutch Kills,Queens,2023-06,2023-06-01,864.0,59,14.64406779661017
QN0105,Queensbridge-Ravenswood-Dutch Kills,Queens,2023-07,2023-07-01,755.0,59,12.796610169491526
QN0105,Queensbridge-Ravenswood-Dutch Kills,Queens,2023-08,2023-08-01,733.0,59,12.423728813559322
QN0105,Queensbridge-Ravenswood-Dutch Kills,Queens,2023-09,2023-09-01,909.0,59,15.40677966101695
QN0105,Queensbridge-Ravenswood-Dutch Kills,Queens,2023-10,2023-10-01,955.0,59,16.1864406779661
QN0105,Queensbridge-Ravenswood-Dutch Kills,Queens,2023-11,2023-11-01,977.0,59,16.559322033898304
QN0105,Queensbridge-Ravenswood-Dutch Kills,Queens,2023-12,2023-12-01,922.0,59,15.627118644067796
QN0105,Queensbridge-Ravenswood-Dutch Kills,Queens,2024-01,2024-01-01,779.0,59,13.203389830508474
QN0105,Queensbridge-Ravenswood-Dutch Kills,Queens,2024-02,2024-02-01,816.0,59,13.830508474576272
QN0105,Queensbridge-Ravenswood-Dutch Kills,Queens,2024-03,2024-03-01,827.0,59,14.016949152542374
QN0105,Queensbridge-Ravenswood-Dutch Kills,Queens,2024-04,2024-04-01,824.0,59,13.966101694915254
QN0105,Queensbridge-Ravenswood-Dutch Kills,Queens,2024-05,2024-05-01,1013.0,59,17.16949152542373
QN0105,Queensbridge-Ravenswood-Dutch Kills,Queens,2024-06,2024-06-01,795.0,59,13.474576271186441
QN0105,Queensbridge-Ravenswood-Dutch Kills,Queens,2024-07,2024-07-01,684.0,59,11.59322033898305
QN0105,Queensbridge-Ravenswood-Dutch Kills,Queens,2024-08,2024-08-01,691.0,59,11.711864406779661
QN0105,Queensbridge-Ravenswood-Dutch Kills,Queens,2024-09,2024-09-01,837.0,59,14.186440677966102
QN0105,Queensbridge-Ravenswood-Dutch Kills,Queens,2024-10,2024-10-01,1036.0,59,17.559322033898304
QN0105,Queensbridge-Ravenswood-Dutch Kills,Queens,2024-11,2024-11-01,1035.0,59,17.54237288135593
QN0105,Queensbridge-Ravenswood-Dutch Kills,Queens,2024-12,2024-12-01,796.0,59,13.491525423728813
QN0105,Queensbridge-Ravenswood-Dutch Kills,Queens,2025-01,2025-01-01,746.0,59,12.64406779661017
QN0105,Queensbridge-Ravenswood-Dutch Kills,Queens,2025-02,2025-02-01,665.0,59,11.271186440677965
QN0105,Queensbridge-Ravenswood-Dutch Kills,Queens,2025-03,2025-03-01,871.0,59,14.76271186440678
QN0105,Queensbridge-Ravenswood-Dutch Kills,Queens,2025-04,2025-04-01,858.0,59,14.542372881355933
QN0105,Queensbridge-Ravenswood-Dutch Kills,Queens,2025-05,2025-05-01,982.0,59,16.64406779661017
QN0105,Queensbridge-Ravenswood-Dutch Kills,Queens,2025-06,2025-06-01,700.0,59,11.864406779661017
QN0105,Queensbridge-Ravenswood-Dutch Kills,Queens,2025-07,2025-07-01,586.0,59,9.932203389830509
QN0105,Queensbridge-Ravenswood-Dutch Kills,Queens,2025-08,2025-08-01,578.0,59,9.796610169491526
QN0105,Queensbridge-Ravenswood-Dutch Kills,Queens,2025-09,2025-09-01,857.0,59,14.525423728813559
QN0105,Queensbridge-Ravenswood-Dutch Kills,Queens,2025-10,2025-10-01,821.0,59,13.915254237288135
QN0105,Queensbridge-Ravenswood-Dutch Kills,Queens,2025-11,2025-11-01,22.0,59,0.3728813559322034
QN0201,Long Island City-Hunters Point,Queens,2022-03,2022-03-01,873.0,59,14.796610169491526
QN0201,Long Island City-Hunters Point,Queens,2022-04,2022-04-01,780.0,59,13.220338983050848
QN0201,Long Island City-Hunters Point,Queens,2022-05,2022-05-01,993.0,59,16.83050847457627
QN0201,Long Island City-Hunters Point,Queens,2022-06,2022-06-01,705.0,59,11.94915254237288
QN0201,Long Island City-Hunters Point,Queens,2022-07,2022-07-01,625.0,59,10.59322033898305
QN0201,Long Island City-Hunters Point,Queens,2022-08,2022-08-01,622.0,59,10.542372881355933
QN0201,Long Island City-Hunters Point,Queens,2022-09,2022-09-01,940.0,59,15.932203389830509
QN0201,Long Island City-Hunters Point,Queens,2022-10,2022-10-01,1071.0,59,18.152542372881356
QN0201,Long Island City-Hunters Point,Queens,2022-11,2022-11-01,1010.0,59,17.11864406779661
QN0201,Long Island City-Hunters Point,Queens,2022-12,2022-12-01,787.0,59,13.338983050847459
QN0201,Long Island City-Hunters Point,Queens,2023-01,2023-01-01,921.0,59,15.610169491525424
QN0201,Long Island City-Hunters Point,Queens,2023-02,2023-02-01,821.0,59,13.915254237288135
QN0201,Long Island City-Hunters Point,Queens,2023-03,2023-03-01,934.0,59,15.830508474576272
QN0201,Long Island City-Hunters Point,Queens,2023-04,2023-04-01,1099.0,59,18.627118644067796
QN0201,Long Island City-Hunters Point,Queens,2023-05,2023-05-01,931.0,59,15.779661016949152
QN0201,Long Island City-Hunters Point,Queens,2023-06,2023-06-01,864.0,59,14.64406779661017
QN0201,Long Island City-Hunters Point,Queens,2023-07,2023-07-01,755.0,59,12.796610169491526
QN0201,Long Island City-Hunters Point,Queens,2023-08,2023-08-01,733.0,59,12.423728813559322
QN0201,Long Island City-Hunters Point,Queens,2023-09,2023-09-01,909.0,59,15.40677966101695
QN0201,Long Island City-Hunters Point,Queens,2023-10,2023-10-01,955.0,59,16.1864406779661
QN0201,Long Island City-Hunters Point,Queens,2023-11,2023-11-01,977.0,59,16.559322033898304
QN0201,Long Island City-Hunters Point,Queens,2023-12,2023-12-01,922.0,59,15.627118644067796
QN0201,Long Island City-Hunters Point,Queens,2024-01,2024-01-01,779.0,59,13.203389830508474
QN0201,Long Island City-Hunters Point,Queens,2024-02,2024-02-01,816.0,59,13.830508474576272
QN0201,Long Island City-Hunters Point,Queens,2024-03,2024-03-01,827.0,59,14.016949152542374
QN0201,Long Island City-Hunters Point,Queens,2024-04,2024-04-01,824.0,59,13.966101694915254
QN0201,Long Island City-Hunters Point,Queens,2024-05,2024-05-01,1013.0,59,17.16949152542373
QN0201,Long Island City-Hunters Point,Queens,2024-06,2024-06-01,795.0,59,13.474576271186441
QN0201,Long Island City-Hunters Point,Queens,2024-07,2024-07-01,684.0,59,11.59322033898305
QN0201,Long Island City-Hunters Point,Queens,2024-08,2024-08-01,691.0,59,11.711864406779661
QN0201,Long Island City-Hunters Point,Queens,2024-09,2024-09-01,837.0,59,14.186440677966102
QN0201,Long Island City-Hunters Point,Queens,2024-10,2024-10-01,1036.0,59,17.559322033898304
QN0201,Long Island City-Hunters Point,Queens,2024-11,2024-11-01,1035.0,59,17.54237288135593
QN0201,Long Island City-Hunters Point,Queens,2024-12,2024-12-01,796.0,59,13.491525423728813
QN0201,Long Island City-Hunters Point,Queens,2025-01,2025-01-01,746.0,59,12.64406779661017
QN0201,Long Island City-Hunters Point,Queens,2025-02,2025-02-01,665.0,59,11.271186440677965
QN0201,Long Island City-Hunters Point,Queens,2025-03,2025-03-01,871.0,59,14.76271186440678
QN0201,Long Island City-Hunters Point,Queens,2025-04,2025-04-01,858.0,59,14.542372881355933
QN0201,Long Island City-Hunters Point,Queens,2025-05,2025-05-01,982.0,59,16.64406779661017
QN0201,Long Island City-Hunters Point,Queens,2025-06,2025-06-01,700.0,59,11.864406779661017
QN0201,Long Island City-Hunters Point,Queens,2025-07,2025-07-01,586.0,59,9.932203389830509
QN0201,Long Island City-Hunters Point,Queens,2025-08,2025-08-01,578.0,59,9.796610169491526
QN0201,Long Island City-Hunters Point,Queens,2025-09,2025-09-01,857.0,59,14.525423728813559
QN0201,Long Island City-Hunters Point,Queens,2025-10,2025-10-01,821.0,59,13.915254237288135
QN0201,Long Island City-Hunters Point,Queens,2025-11,2025-11-01,22.0,59,0.3728813559322034
QN0202,Sunnyside,Queens,2022-03,2022-03-01,873.0,59,14.796610169491526
QN0202,Sunnyside,Queens,2022-04,2022-04-01,780.0,59,13.220338983050848
QN0202,Sunnyside,Queens,2022-05,2022-05-01,993.0,59,16.83050847457627
QN0202,Sunnyside,Queens,2022-06,2022-06-01,705.0,59,11.94915254237288
QN0202,Sunnyside,Queens,2022-07,2022-07-01,625.0,59,10.59322033898305
QN0202,Sunnyside,Queens,2022-08,2022-08-01,622.0,59,10.542372881355933
QN0202,Sunnyside,Queens,2022-09,2022-09-01,940.0,59,15.932203389830509
QN0202,Sunnyside,Queens,2022-10,2022-10-01,1071.0,59,18.152542372881356
QN0202,Sunnyside,Queens,2022-11,2022-11-01,1010.0,59,17.11864406779661
QN0202,Sunnyside,Queens,2022-12,2022-12-01,787.0,59,13.338983050847459
QN0202,Sunnyside,Queens,2023-01,2023-01-01,921.0,59,15.610169491525424
QN0202,Sunnyside,Queens,2023-02,2023-02-01,821.0,59,13.915254237288135
QN0202,Sunnyside,Queens,2023-03,2023-03-01,934.0,59,15.830508474576272
QN0202,Sunnyside,Queens,2023-04,2023-04-01,1099.0,59,18.627118644067796
QN0202,Sunnyside,Queens,2023-05,2023-05-01,931.0,59,15.779661016949152
QN0202,Sunnyside,Queens,2023-06,2023-06-01,864.0,59,14.64406779661017
QN0202,Sunnyside,Queens,2023-07,2023-07-01,755.0,59,12.796610169491526
QN0202,Sunnyside,Queens,2023-08,2023-08-01,733.0,59,12.423728813559322
QN0202,Sunnyside,Queens,2023-09,2023-09-01,909.0,59,15.40677966101695
QN0202,Sunnyside,Queens,2023-10,2023-10-01,955.0,59,16.1864406779661
QN0202,Sunnyside,Queens,2023-11,2023-11-01,977.0,59,16.559322033898304
QN0202,Sunnyside,Queens,2023-12,2023-12-01,922.0,59,15.627118644067796
QN0202,Sunnyside,Queens,2024-01,2024-01-01,779.0,59,13.203389830508474
QN0202,Sunnyside,Queens,2024-02,2024-02-01,816.0,59,13.830508474576272
QN0202,Sunnyside,Queens,2024-03,2024-03-01,827.0,59,14.016949152542374
QN0202,Sunnyside,Queens,2024-04,2024-04-01,824.0,59,13.966101694915254
QN0202,Sunnyside,Queens,2024-05,2024-05-01,1013.0,59,17.16949152542373
QN0202,Sunnyside,Queens,2024-06,2024-06-01,795.0,59,13.474576271186441
QN0202,Sunnyside,Queens,2024-07,2024-07-01,684.0,59,11.59322033898305
QN0202,Sunnyside,Queens,2024-08,2024-08-01,691.0,59,11.711864406779661
QN0202,Sunnyside,Queens,2024-09,2024-09-01,837.0,59,14.186440677966102
QN0202,Sunnyside,Queens,2024-10,2024-10-01,1036.0,59,17.559322033898304
QN0202,Sunnyside,Queens,2024-11,2024-11-01,1035.0,59,17.54237288135593
QN0202,Sunnyside,Queens,2024-12,2024-12-01,796.0,59,13.491525423728813
QN0202,Sunnyside,Queens,2025-01,2025-01-01,746.0,59,12.64406779661017
QN0202,Sunnyside,Queens,2025-02,2025-02-01,665.0,59,11.271186440677965
QN0202,Sunnyside,Queens,2025-03,2025-03-01,871.0,59,14.76271186440678
QN0202,Sunnyside,Queens,2025-04,2025-04-01,858.0,59,14.542372881355933
QN0202,Sunnyside,Queens,2025-05,2025-05-01,982.0,59,16.64406779661017
QN0202,Sunnyside,Queens,2025-06,2025-06-01,700.0,59,11.864406779661017
QN0202,Sunnyside,Queens,2025-07,2025-07-01,586.0,59,9.932203389830509
QN0202,Sunnyside,Queens,2025-08,2025-08-01,578.0,59,9.796610169491526
QN0202,Sunnyside,Queens,2025-09,2025-09-01,857.0,59,14.525423728813559
QN0202,Sunnyside,Queens,2025-10,2025-10-01,821.0,59,13.915254237288135
QN0202,Sunnyside,Queens,2025-11,2025-11-01,22.0,59,0.3728813559322034
QN0203,Woodside,Queens,2022-03,2022-03-01,873.0,59,14.796610169491526
QN0203,Woodside,Queens,2022-04,2022-04-01,780.0,59,13.220338983050848
QN0203,Woodside,Queens,2022-05,2022-05-01,993.0,59,16.83050847457627
QN0203,Woodside,Queens,2022-06,2022-06-01,705.0,59,11.94915254237288
QN0203,Woodside,Queens,2022-07,2022-07-01,625.0,59,10.59322033898305
QN0203,Woodside,Queens,2022-08,2022-08-01,622.0,59,10.542372881355933
QN0203,Woodside,Queens,2022-09,2022-09-01,940.0,59,15.932203389830509
QN0203,Woodside,Queens,2022-10,2022-10-01,1071.0,59,18.152542372881356
QN0203,Woodside,Queens,2022-11,2022-11-01,1010.0,59,17.11864406779661
QN0203,Woodside,Queens,2022-12,2022-12-01,787.0,59,13.338983050847459
QN0203,Woodside,Queens,2023-01,2023-01-01,921.0,59,15.610169491525424
QN0203,Woodside,Queens,2023-02,2023-02-01,821.0,59,13.915254237288135
QN0203,Woodside,Queens,2023-03,2023-03-01,934.0,59,15.830508474576272
QN0203,Woodside,Queens,2023-04,2023-04-01,1099.0,59,18.627118644067796
QN0203,Woodside,Queens,2023-05,2023-05-01,931.0,59,15.779661016949152
QN0203,Woodside,Queens,2023-06,2023-06-01,864.0,59,14.64406779661017
QN0203,Woodside,Queens,2023-07,2023-07-01,755.0,59,12.796610169491526
QN0203,Woodside,Queens,2023-08,2023-08-01,733.0,59,12.423728813559322
QN0203,Woodside,Queens,2023-09,2023-09-01,909.0,59,15.40677966101695
QN0203,Woodside,Queens,2023-10,2023-10-01,955.0,59,16.1864406779661
QN0203,Woodside,Queens,2023-11,2023-11-01,977.0,59,16.559322033898304
QN0203,Woodside,Queens,2023-12,2023-12-01,922.0,59,15.627118644067796
QN0203,Woodside,Queens,2024-01,2024-01-01,779.0,59,13.203389830508474
QN0203,Woodside,Queens,2024-02,2024-02-01,816.0,59,13.830508474576272
QN0203,Woodside,Queens,2024-03,2024-03-01,827.0,59,14.016949152542374
QN0203,Woodside,Queens,2024-04,2024-04-01,824.0,59,13.966101694915254
QN0203,Woodside,Queens,2024-05,2024-05-01,1013.0,59,17.16949152542373
QN0203,Woodside,Queens,2024-06,2024-06-01,795.0,59,13.474576271186441
QN0203,Woodside,Queens,2024-07,2024-07-01,684.0,59,11.59322033898305
QN0203,Woodside,Queens,2024-08,2024-08-01,691.0,59,11.711864406779661
QN0203,Woodside,Queens,2024-09,2024-09-01,837.0,59,14.186440677966102
QN0203,Woodside,Queens,2024-10,2024-10-01,1036.0,59,17.559322033898304
QN0203,Woodside,Queens,2024-11,2024-11-01,1035.0,59,17.54237288135593
QN0203,Woodside,Queens,2024-12,2024-12-01,796.0,59,13.491525423728813
QN0203,Woodside,Queens,2025-01,2025-01-01,746.0,59,12.64406779661017
QN0203,Woodside,Queens,2025-02,2025-02-01,665.0,59,11.271186440677965
QN0203,Woodside,Queens,2025-03,2025-03-01,871.0,59,14.76271186440678
QN0203,Woodside,Queens,2025-04,2025-04-01,858.0,59,14.542372881355933
QN0203,Woodside,Queens,2025-05,2025-05-01,982.0,59,16.64406779661017
QN0203,Woodside,Queens,2025-06,2025-06-01,700.0,59,11.864406779661017
QN0203,Woodside,Queens,2025-07,2025-07-01,586.0,59,9.932203389830509
QN0203,Woodside,Queens,2025-08,2025-08-01,578.0,59,9.796610169491526
QN0203,Woodside,Queens,2025-09,2025-09-01,857.0,59,14.525423728813559
QN0203,Woodside,Queens,2025-10,2025-10-01,821.0,59,13.915254237288135
QN0203,Woodside,Queens,2025-11,2025-11-01,22.0,59,0.3728813559322034
QN0301,Jackson Heights,Queens,2022-03,2022-03-01,873.0,59,14.796610169491526
QN0301,Jackson Heights,Queens,2022-04,2022-04-01,780.0,59,13.220338983050848
QN0301,Jackson Heights,Queens,2022-05,2022-05-01,993.0,59,16.83050847457627
QN0301,Jackson Heights,Queens,2022-06,2022-06-01,705.0,59,11.94915254237288
QN0301,Jackson Heights,Queens,2022-07,2022-07-01,625.0,59,10.59322033898305
QN0301,Jackson Heights,Queens,2022-08,2022-08-01,622.0,59,10.542372881355933
QN0301,Jackson Heights,Queens,2022-09,2022-09-01,940.0,59,15.932203389830509
QN0301,Jackson Heights,Queens,2022-10,2022-10-01,1071.0,59,18.152542372881356
QN0301,Jackson Heights,Queens,2022-11,2022-11-01,1010.0,59,17.11864406779661
QN0301,Jackson Heights,Queens,2022-12,2022-12-01,787.0,59,13.338983050847459
QN0301,Jackson Heights,Queens,2023-01,2023-01-01,921.0,59,15.610169491525424
QN0301,Jackson Heights,Queens,2023-02,2023-02-01,821.0,59,13.915254237288135
QN0301,Jackson Heights,Queens,2023-03,2023-03-01,934.0,59,15.830508474576272
QN0301,Jackson Heights,Queens,2023-04,2023-04-01,1099.0,59,18.627118644067796
QN0301,Jackson Heights,Queens,2023-05,2023-05-01,931.0,59,15.779661016949152
QN0301,Jackson Heights,Queens,2023-06,2023-06-01,864.0,59,14.64406779661017
QN0301,Jackson Heights,Queens,2023-07,2023-07-01,755.0,59,12.796610169491526
QN0301,Jackson Heights,Queens,2023-08,2023-08-01,733.0,59,12.423728813559322
QN0301,Jackson Heights,Queens,2023-09,2023-09-01,909.0,59,15.40677966101695
QN0301,Jackson Heights,Queens,2023-10,2023-10-01,955.0,59,16.1864406779661
QN0301,Jackson Heights,Queens,2023-11,2023-11-01,977.0,59,16.559322033898304
QN0301,Jackson Heights,Queens,2023-12,2023-12-01,922.0,59,15.627118644067796
QN0301,Jackson Heights,Queens,2024-01,2024-01-01,779.0,59,13.203389830508474
QN0301,Jackson Heights,Queens,2024-02,2024-02-01,816.0,59,13.830508474576272
QN0301,Jackson Heights,Queens,2024-03,2024-03-01,827.0,59,14.016949152542374
QN0301,Jackson Heights,Queens,2024-04,2024-04-01,824.0,59,13.966101694915254
QN0301,Jackson Heights,Queens,2024-05,2024-05-01,1013.0,59,17.16949152542373
QN0301,Jackson Heights,Queens,2024-06,2024-06-01,795.0,59,13.474576271186441
QN0301,Jackson Heights,Queens,2024-07,2024-07-01,684.0,59,11.59322033898305
QN0301,Jackson Heights,Queens,2024-08,2024-08-01,691.0,59,11.711864406779661
QN0301,Jackson Heights,Queens,2024-09,2024-09-01,837.0,59,14.186440677966102
QN0301,Jackson Heights,Queens,2024-10,2024-10-01,1036.0,59,17.559322033898304
QN0301,Jackson Heights,Queens,2024-11,2024-11-01,1035.0,59,17.54237288135593
QN0301,Jackson Heights,Queens,2024-12,2024-12-01,796.0,59,13.491525423728813
QN0301,Jackson Heights,Queens,2025-01,2025-01-01,746.0,59,12.64406779661017
QN0301,Jackson Heights,Queens,2025-02,2025-02-01,665.0,59,11.271186440677965
QN0301,Jackson Heights,Queens,2025-03,2025-03-01,871.0,59,14.76271186440678
QN0301,Jackson Heights,Queens,2025-04,2025-04-01,858.0,59,14.542372881355933
QN0301,Jackson Heights,Queens,2025-05,2025-05-01,982.0,59,16.64406779661017
QN0301,Jackson Heights,Queens,2025-06,2025-06-01,700.0,59,11.864406779661017
QN0301,Jackson Heights,Queens,2025-07,2025-07-01,586.0,59,9.932203389830509
QN0301,Jackson Heights,Queens,2025-08,2025-08-01,578.0,59,9.796610169491526
QN0301,Jackson Heights,Queens,2025-09,2025-09-01,857.0,59,14.525423728813559
QN0301,Jackson Heights,Queens,2025-10,2025-10-01,821.0,59,13.915254237288135
QN0301,Jackson Heights,Queens,2025-11,2025-11-01,22.0,59,0.3728813559322034
QN0302,East Elmhurst,Queens,2022-03,2022-03-01,873.0,59,14.796610169491526
QN0302,East Elmhurst,Queens,2022-04,2022-04-01,780.0,59,13.220338983050848
QN0302,East Elmhurst,Queens,2022-05,2022-05-01,993.0,59,16.83050847457627
QN0302,East Elmhurst,Queens,2022-06,2022-06-01,705.0,59,11.94915254237288
QN0302,East Elmhurst,Queens,2022-07,2022-07-01,625.0,59,10.59322033898305
QN0302,East Elmhurst,Queens,2022-08,2022-08-01,622.0,59,10.542372881355933
QN0302,East Elmhurst,Queens,2022-09,2022-09-01,940.0,59,15.932203389830509
QN0302,East Elmhurst,Queens,2022-10,2022-10-01,1071.0,59,18.152542372881356
QN0302,East Elmhurst,Queens,2022-11,2022-11-01,1010.0,59,17.11864406779661
QN0302,East Elmhurst,Queens,2022-12,2022-12-01,787.0,59,13.338983050847459
QN0302,East Elmhurst,Queens,2023-01,2023-01-01,921.0,59,15.610169491525424
QN0302,East Elmhurst,Queens,2023-02,2023-02-01,821.0,59,13.915254237288135
QN0302,East Elmhurst,Queens,2023-03,2023-03-01,934.0,59,15.830508474576272
QN0302,East Elmhurst,Queens,2023-04,2023-04-01,1099.0,59,18.627118644067796
QN0302,East Elmhurst,Queens,2023-05,2023-05-01,931.0,59,15.779661016949152
QN0302,East Elmhurst,Queens,2023-06,2023-06-01,864.0,59,14.64406779661017
QN0302,East Elmhurst,Queens,2023-07,2023-07-01,755.0,59,12.796610169491526
QN0302,East Elmhurst,Queens,2023-08,2023-08-01,733.0,59,12.423728813559322
QN0302,East Elmhurst,Queens,2023-09,2023-09-01,909.0,59,15.40677966101695
QN0302,East Elmhurst,Queens,2023-10,2023-10-01,955.0,59,16.1864406779661
QN0302,East Elmhurst,Queens,2023-11,2023-11-01,977.0,59,16.559322033898304
QN0302,East Elmhurst,Queens,2023-12,2023-12-01,922.0,59,15.627118644067796
QN0302,East Elmhurst,Queens,2024-01,2024-01-01,779.0,59,13.203389830508474
QN0302,East Elmhurst,Queens,2024-02,2024-02-01,816.0,59,13.830508474576272
QN0302,East Elmhurst,Queens,2024-03,2024-03-01,827.0,59,14.016949152542374
QN0302,East Elmhurst,Queens,2024-04,2024-04-01,824.0,59,13.966101694915254
QN0302,East Elmhurst,Queens,2024-05,2024-05-01,1013.0,59,17.16949152542373
QN0302,East Elmhurst,Queens,2024-06,2024-06-01,795.0,59,13.474576271186441
QN0302,East Elmhurst,Queens,2024-07,2024-07-01,684.0,59,11.59322033898305
QN0302,East Elmhurst,Queens,2024-08,2024-08-01,691.0,59,11.711864406779661
QN0302,East Elmhurst,Queens,2024-09,2024-09-01,837.0,59,14.186440677966102
QN0302,East Elmhurst,Queens,2024-10,2024-10-01,1036.0,59,17.559322033898304
QN0302,East Elmhurst,Queens,2024-11,2024-11-01,1035.0,59,17.54237288135593
QN0302,East Elmhurst,Queens,2024-12,2024-12-01,796.0,59,13.491525423728813
QN0302,East Elmhurst,Queens,2025-01,2025-01-01,746.0,59,12.64406779661017
QN0302,East Elmhurst,Queens,2025-02,2025-02-01,665.0,59,11.271186440677965
QN0302,East Elmhurst,Queens,2025-03,2025-03-01,871.0,59,14.76271186440678
QN0302,East Elmhurst,Queens,2025-04,2025-04-01,858.0,59,14.542372881355933
QN0302,East Elmhurst,Queens,2025-05,2025-05-01,982.0,59,16.64406779661017
QN0302,East Elmhurst,Queens,2025-06,2025-06-01,700.0,59,11.864406779661017
QN0302,East Elmhurst,Queens,2025-07,2025-07-01,586.0,59,9.932203389830509
QN0302,East Elmhurst,Queens,2025-08,2025-08-01,578.0,59,9.796610169491526
QN0302,East Elmhurst,Queens,2025-09,2025-09-01,857.0,59,14.525423728813559
QN0302,East Elmhurst,Queens,2025-10,2025-10-01,821.0,59,13.915254237288135
QN0302,East Elmhurst,Queens,2025-11,2025-11-01,22.0,59,0.3728813559322034
QN0303,North Corona,Queens,2022-03,2022-03-01,873.0,59,14.796610169491526
QN0303,North Corona,Queens,2022-04,2022-04-01,780.0,59,13.220338983050848
QN0303,North Corona,Queens,2022-05,2022-05-01,993.0,59,16.83050847457627
QN0303,North Corona,Queens,2022-06,2022-06-01,705.0,59,11.94915254237288
QN0303,North Corona,Queens,2022-07,2022-07-01,625.0,59,10.59322033898305
QN0303,North Corona,Queens,2022-08,2022-08-01,622.0,59,10.542372881355933
QN0303,North Corona,Queens,2022-09,2022-09-01,940.0,59,15.932203389830509
QN0303,North Corona,Queens,2022-10,2022-10-01,1071.0,59,18.152542372881356
QN0303,North Corona,Queens,2022-11,2022-11-01,1010.0,59,17.11864406779661
QN0303,North Corona,Queens,2022-12,2022-12-01,787.0,59,13.338983050847459
QN0303,North Corona,Queens,2023-01,2023-01-01,921.0,59,15.610169491525424
QN0303,North Corona,Queens,2023-02,2023-02-01,821.0,59,13.915254237288135
QN0303,North Corona,Queens,2023-03,2023-03-01,934.0,59,15.830508474576272
QN0303,North Corona,Queens,2023-04,2023-04-01,1099.0,59,18.627118644067796
QN0303,North Corona,Queens,2023-05,2023-05-01,931.0,59,15.779661016949152
QN0303,North Corona,Queens,2023-06,2023-06-01,864.0,59,14.64406779661017
QN0303,North Corona,Queens,2023-07,2023-07-01,755.0,59,12.796610169491526
QN0303,North Corona,Queens,2023-08,2023-08-01,733.0,59,12.423728813559322
QN0303,North Corona,Queens,2023-09,2023-09-01,909.0,59,15.40677966101695
QN0303,North Corona,Queens,2023-10,2023-10-01,955.0,59,16.1864406779661
QN0303,North Corona,Queens,2023-11,2023-11-01,977.0,59,16.559322033898304
QN0303,North Corona,Queens,2023-12,2023-12-01,922.0,59,15.627118644067796
QN0303,North Corona,Queens,2024-01,2024-01-01,779.0,59,13.203389830508474
QN0303,North Corona,Queens,2024-02,2024-02-01,816.0,59,13.830508474576272
QN0303,North Corona,Queens,2024-03,2024-03-01,827.0,59,14.016949152542374
QN0303,North Corona,Queens,2024-04,2024-04-01,824.0,59,13.966101694915254
QN0303,North Corona,Queens,2024-05,2024-05-01,1013.0,59,17.16949152542373
QN0303,North Corona,Queens,2024-06,2024-06-01,795.0,59,13.474576271186441
QN0303,North Corona,Queens,2024-07,2024-07-01,684.0,59,11.59322033898305
QN0303,North Corona,Queens,2024-08,2024-08-01,691.0,59,11.711864406779661
QN0303,North Corona,Queens,2024-09,2024-09-01,837.0,59,14.186440677966102
QN0303,North Corona,Queens,2024-10,2024-10-01,1036.0,59,17.559322033898304
QN0303,North Corona,Queens,2024-11,2024-11-01,1035.0,59,17.54237288135593
QN0303,North Corona,Queens,2024-12,2024-12-01,796.0,59,13.491525423728813
QN0303,North Corona,Queens,2025-01,2025-01-01,746.0,59,12.64406779661017
QN0303,North Corona,Queens,2025-02,2025-02-01,665.0,59,11.271186440677965
QN0303,North Corona,Queens,2025-03,2025-03-01,871.0,59,14.76271186440678
QN0303,North Corona,Queens,2025-04,2025-04-01,858.0,59,14.542372881355933
QN0303,North Corona,Queens,2025-05,2025-05-01,982.0,59,16.64406779661017
QN0303,North Corona,Queens,2025-06,2025-06-01,700.0,59,11.864406779661017
QN0303,North Corona,Queens,2025-07,2025-07-01,586.0,59,9.932203389830509
QN0303,North Corona,Queens,2025-08,2025-08-01,578.0,59,9.796610169491526
QN0303,North Corona,Queens,2025-09,2025-09-01,857.0,59,14.525423728813559
QN0303,North Corona,Queens,2025-10,2025-10-01,821.0,59,13.915254237288135
QN0303,North Corona,Queens,2025-11,2025-11-01,22.0,59,0.3728813559322034
QN0401,Elmhurst,Queens,2022-03,2022-03-01,873.0,59,14.796610169491526
QN0401,Elmhurst,Queens,2022-04,2022-04-01,780.0,59,13.220338983050848
QN0401,Elmhurst,Queens,2022-05,2022-05-01,993.0,59,16.83050847457627
QN0401,Elmhurst,Queens,2022-06,2022-06-01,705.0,59,11.94915254237288
QN0401,Elmhurst,Queens,2022-07,2022-07-01,625.0,59,10.59322033898305
QN0401,Elmhurst,Queens,2022-08,2022-08-01,622.0,59,10.542372881355933
QN0401,Elmhurst,Queens,2022-09,2022-09-01,940.0,59,15.932203389830509
QN0401,Elmhurst,Queens,2022-10,2022-10-01,1071.0,59,18.152542372881356
QN0401,Elmhurst,Queens,2022-11,2022-11-01,1010.0,59,17.11864406779661
QN0401,Elmhurst,Queens,2022-12,2022-12-01,787.0,59,13.338983050847459
QN0401,Elmhurst,Queens,2023-01,2023-01-01,921.0,59,15.610169491525424
QN0401,Elmhurst,Queens,2023-02,2023-02-01,821.0,59,13.915254237288135
QN0401,Elmhurst,Queens,2023-03,2023-03-01,934.0,59,15.830508474576272
QN0401,Elmhurst,Queens,2023-04,2023-04-01,1099.0,59,18.627118644067796
QN0401,Elmhurst,Queens,2023-05,2023-05-01,931.0,59,15.779661016949152
QN0401,Elmhurst,Queens,2023-06,2023-06-01,864.0,59,14.64406779661017
QN0401,Elmhurst,Queens,2023-07,2023-07-01,755.0,59,12.796610169491526
QN0401,Elmhurst,Queens,2023-08,2023-08-01,733.0,59,12.423728813559322
QN0401,Elmhurst,Queens,2023-09,2023-09-01,909.0,59,15.40677966101695
QN0401,Elmhurst,Queens,2023-10,2023-10-01,955.0,59,16.1864406779661
QN0401,Elmhurst,Queens,2023-11,2023-11-01,977.0,59,16.559322033898304
QN0401,Elmhurst,Queens,2023-12,2023-12-01,922.0,59,15.627118644067796
QN0401,Elmhurst,Queens,2024-01,2024-01-01,779.0,59,13.203389830508474
QN0401,Elmhurst,Queens,2024-02,2024-02-01,816.0,59,13.830508474576272
QN0401,Elmhurst,Queens,2024-03,2024-03-01,827.0,59,14.016949152542374
QN0401,Elmhurst,Queens,2024-04,2024-04-01,824.0,59,13.966101694915254
QN0401,Elmhurst,Queens,2024-05,2024-05-01,1013.0,59,17.16949152542373
QN0401,Elmhurst,Queens,2024-06,2024-06-01,795.0,59,13.474576271186441
QN0401,Elmhurst,Queens,2024-07,2024-07-01,684.0,59,11.59322033898305
QN0401,Elmhurst,Queens,2024-08,2024-08-01,691.0,59,11.711864406779661
QN0401,Elmhurst,Queens,2024-09,2024-09-01,837.0,59,14.186440677966102
QN0401,Elmhurst,Queens,2024-10,2024-10-01,1036.0,59,17.559322033898304
QN0401,Elmhurst,Queens,2024-11,2024-11-01,1035.0,59,17.54237288135593
QN0401,Elmhurst,Queens,2024-12,2024-12-01,796.0,59,13.491525423728813
QN0401,Elmhurst,Queens,2025-01,2025-01-01,746.0,59,12.64406779661017
QN0401,Elmhurst,Queens,2025-02,2025-02-01,665.0,59,11.271186440677965
QN0401,Elmhurst,Queens,2025-03,2025-03-01,871.0,59,14.76271186440678
QN0401,Elmhurst,Queens,2025-04,2025-04-01,858.0,59,14.542372881355933
QN0401,Elmhurst,Queens,2025-05,2025-05-01,982.0,59,16.64406779661017
QN0401,Elmhurst,Queens,2025-06,2025-06-01,700.0,59,11.864406779661017
QN0401,Elmhurst,Queens,2025-07,2025-07-01,586.0,59,9.932203389830509
QN0401,Elmhurst,Queens,2025-08,2025-08-01,578.0,59,9.796610169491526
QN0401,Elmhurst,Queens,2025-09,2025-09-01,857.0,59,14.525423728813559
QN0401,Elmhurst,Queens,2025-10,2025-10-01,821.0,59,13.915254237288135
QN0401,Elmhurst,Queens,2025-11,2025-11-01,22.0,59,0.3728813559322034
QN0402,Corona,Queens,2022-03,2022-03-01,873.0,59,14.796610169491526
QN0402,Corona,Queens,2022-04,2022-04-01,780.0,59,13.220338983050848
QN0402,Corona,Queens,2022-05,2022-05-01,993.0,59,16.83050847457627
QN0402,Corona,Queens,2022-06,2022-06-01,705.0,59,11.94915254237288
QN0402,Corona,Queens,2022-07,2022-07-01,625.0,59,10.59322033898305
QN0402,Corona,Queens,2022-08,2022-08-01,622.0,59,10.542372881355933
QN0402,Corona,Queens,2022-09,2022-09-01,940.0,59,15.932203389830509
QN0402,Corona,Queens,2022-10,2022-10-01,1071.0,59,18.152542372881356
QN0402,Corona,Queens,2022-11,2022-11-01,1010.0,59,17.11864406779661
QN0402,Corona,Queens,2022-12,2022-12-01,787.0,59,13.338983050847459
QN0402,Corona,Queens,2023-01,2023-01-01,921.0,59,15.610169491525424
QN0402,Corona,Queens,2023-02,2023-02-01,821.0,59,13.915254237288135
QN0402,Corona,Queens,2023-03,2023-03-01,934.0,59,15.830508474576272
QN0402,Corona,Queens,2023-04,2023-04-01,1099.0,59,18.627118644067796
QN0402,Corona,Queens,2023-05,2023-05-01,931.0,59,15.779661016949152
QN0402,Corona,Queens,2023-06,2023-06-01,864.0,59,14.64406779661017
QN0402,Corona,Queens,2023-07,2023-07-01,755.0,59,12.796610169491526
QN0402,Corona,Queens,2023-08,2023-08-01,733.0,59,12.423728813559322
QN0402,Corona,Queens,2023-09,2023-09-01,909.0,59,15.40677966101695
QN0402,Corona,Queens,2023-10,2023-10-01,955.0,59,16.1864406779661
QN0402,Corona,Queens,2023-11,2023-11-01,977.0,59,16.559322033898304
QN0402,Corona,Queens,2023-12,2023-12-01,922.0,59,15.627118644067796
QN0402,Corona,Queens,2024-01,2024-01-01,779.0,59,13.203389830508474
QN0402,Corona,Queens,2024-02,2024-02-01,816.0,59,13.830508474576272
QN0402,Corona,Queens,2024-03,2024-03-01,827.0,59,14.016949152542374
QN0402,Corona,Queens,2024-04,2024-04-01,824.0,59,13.966101694915254
QN0402,Corona,Queens,2024-05,2024-05-01,1013.0,59,17.16949152542373
QN0402,Corona,Queens,2024-06,2024-06-01,795.0,59,13.474576271186441
QN0402,Corona,Queens,2024-07,2024-07-01,684.0,59,11.59322033898305
QN0402,Corona,Queens,2024-08,2024-08-01,691.0,59,11.711864406779661
QN0402,Corona,Queens,2024-09,2024-09-01,837.0,59,14.186440677966102
QN0402,Corona,Queens,2024-10,2024-10-01,1036.0,59,17.559322033898304
QN0402,Corona,Queens,2024-11,2024-11-01,1035.0,59,17.54237288135593
QN0402,Corona,Queens,2024-12,2024-12-01,796.0,59,13.491525423728813
QN0402,Corona,Queens,2025-01,2025-01-01,746.0,59,12.64406779661017
QN0402,Corona,Queens,2025-02,2025-02-01,665.0,59,11.271186440677965
QN0402,Corona,Queens,2025-03,2025-03-01,871.0,59,14.76271186440678
QN0402,Corona,Queens,2025-04,2025-04-01,858.0,59,14.542372881355933
QN0402,Corona,Queens,2025-05,2025-05-01,982.0,59,16.64406779661017
QN0402,Corona,Queens,2025-06,2025-06-01,700.0,59,11.864406779661017
QN0402,Corona,Queens,2025-07,2025-07-01,586.0,59,9.932203389830509
QN0402,Corona,Queens,2025-08,2025-08-01,578.0,59,9.796610169491526
QN0402,Corona,Queens,2025-09,2025-09-01,857.0,59,14.525423728813559
QN0402,Corona,Queens,2025-10,2025-10-01,821.0,59,13.915254237288135
QN0402,Corona,Queens,2025-11,2025-11-01,22.0,59,0.3728813559322034
QN0501,Maspeth,Queens,2022-03,2022-03-01,873.0,59,14.796610169491526
QN0501,Maspeth,Queens,2022-04,2022-04-01,780.0,59,13.220338983050848
QN0501,Maspeth,Queens,2022-05,2022-05-01,993.0,59,16.83050847457627
QN0501,Maspeth,Queens,2022-06,2022-06-01,705.0,59,11.94915254237288
QN0501,Maspeth,Queens,2022-07,2022-07-01,625.0,59,10.59322033898305
QN0501,Maspeth,Queens,2022-08,2022-08-01,622.0,59,10.542372881355933
QN0501,Maspeth,Queens,2022-09,2022-09-01,940.0,59,15.932203389830509
QN0501,Maspeth,Queens,2022-10,2022-10-01,1071.0,59,18.152542372881356
QN0501,Maspeth,Queens,2022-11,2022-11-01,1010.0,59,17.11864406779661
QN0501,Maspeth,Queens,2022-12,2022-12-01,787.0,59,13.338983050847459
QN0501,Maspeth,Queens,2023-01,2023-01-01,921.0,59,15.610169491525424
QN0501,Maspeth,Queens,2023-02,2023-02-01,821.0,59,13.915254237288135
QN0501,Maspeth,Queens,2023-03,2023-03-01,934.0,59,15.830508474576272
QN0501,Maspeth,Queens,2023-04,2023-04-01,1099.0,59,18.627118644067796
QN0501,Maspeth,Queens,2023-05,2023-05-01,931.0,59,15.779661016949152
QN0501,Maspeth,Queens,2023-06,2023-06-01,864.0,59,14.64406779661017
QN0501,Maspeth,Queens,2023-07,2023-07-01,755.0,59,12.796610169491526
QN0501,Maspeth,Queens,2023-08,2023-08-01,733.0,59,12.423728813559322
QN0501,Maspeth,Queens,2023-09,2023-09-01,909.0,59,15.40677966101695
QN0501,Maspeth,Queens,2023-10,2023-10-01,955.0,59,16.1864406779661
QN0501,Maspeth,Queens,2023-11,2023-11-01,977.0,59,16.559322033898304
QN0501,Maspeth,Queens,2023-12,2023-12-01,922.0,59,15.627118644067796
QN0501,Maspeth,Queens,2024-01,2024-01-01,779.0,59,13.203389830508474
QN0501,Maspeth,Queens,2024-02,2024-02-01,816.0,59,13.830508474576272
QN0501,Maspeth,Queens,2024-03,2024-03-01,827.0,59,14.016949152542374
QN0501,Maspeth,Queens,2024-04,2024-04-01,824.0,59,13.966101694915254
QN0501,Maspeth,Queens,2024-05,2024-05-01,1013.0,59,17.16949152542373
QN0501,Maspeth,Queens,2024-06,2024-06-01,795.0,59,13.474576271186441
QN0501,Maspeth,Queens,2024-07,2024-07-01,684.0,59,11.59322033898305
QN0501,Maspeth,Queens,2024-08,2024-08-01,691.0,59,11.711864406779661
QN0501,Maspeth,Queens,2024-09,2024-09-01,837.0,59,14.186440677966102
QN0501,Maspeth,Queens,2024-10,2024-10-01,1036.0,59,17.559322033898304
QN0501,Maspeth,Queens,2024-11,2024-11-01,1035.0,59,17.54237288135593
QN0501,Maspeth,Queens,2024-12,2024-12-01,796.0,59,13.491525423728813
QN0501,Maspeth,Queens,2025-01,2025-01-01,746.0,59,12.64406779661017
QN0501,Maspeth,Queens,2025-02,2025-02-01,665.0,59,11.271186440677965
QN0501,Maspeth,Queens,2025-03,2025-03-01,871.0,59,14.76271186440678
QN0501,Maspeth,Queens,2025-04,2025-04-01,858.0,59,14.542372881355933
QN0501,Maspeth,Queens,2025-05,2025-05-01,982.0,59,16.64406779661017
QN0501,Maspeth,Queens,2025-06,2025-06-01,700.0,59,11.864406779661017
QN0501,Maspeth,Queens,2025-07,2025-07-01,586.0,59,9.932203389830509
QN0501,Maspeth,Queens,2025-08,2025-08-01,578.0,59,9.796610169491526
QN0501,Maspeth,Queens,2025-09,2025-09-01,857.0,59,14.525423728813559
QN0501,Maspeth,Queens,2025-10,2025-10-01,821.0,59,13.915254237288135
QN0501,Maspeth,Queens,2025-11,2025-11-01,22.0,59,0.3728813559322034
QN0502,Ridgewood,Queens,2022-03,2022-03-01,873.0,59,14.796610169491526
QN0502,Ridgewood,Queens,2022-04,2022-04-01,780.0,59,13.220338983050848
QN0502,Ridgewood,Queens,2022-05,2022-05-01,993.0,59,16.83050847457627
QN0502,Ridgewood,Queens,2022-06,2022-06-01,705.0,59,11.94915254237288
QN0502,Ridgewood,Queens,2022-07,2022-07-01,625.0,59,10.59322033898305
QN0502,Ridgewood,Queens,2022-08,2022-08-01,622.0,59,10.542372881355933
QN0502,Ridgewood,Queens,2022-09,2022-09-01,940.0,59,15.932203389830509
QN0502,Ridgewood,Queens,2022-10,2022-10-01,1071.0,59,18.152542372881356
QN0502,Ridgewood,Queens,2022-11,2022-11-01,1010.0,59,17.11864406779661
QN0502,Ridgewood,Queens,2022-12,2022-12-01,787.0,59,13.338983050847459
QN0502,Ridgewood,Queens,2023-01,2023-01-01,921.0,59,15.610169491525424
QN0502,Ridgewood,Queens,2023-02,2023-02-01,821.0,59,13.915254237288135
QN0502,Ridgewood,Queens,2023-03,2023-03-01,934.0,59,15.830508474576272
QN0502,Ridgewood,Queens,2023-04,2023-04-01,1099.0,59,18.627118644067796
QN0502,Ridgewood,Queens,2023-05,2023-05-01,931.0,59,15.779661016949152
QN0502,Ridgewood,Queens,2023-06,2023-06-01,864.0,59,14.64406779661017
QN0502,Ridgewood,Queens,2023-07,2023-07-01,755.0,59,12.796610169491526
QN0502,Ridgewood,Queens,2023-08,2023-08-01,733.0,59,12.423728813559322
QN0502,Ridgewood,Queens,2023-09,2023-09-01,909.0,59,15.40677966101695
QN0502,Ridgewood,Queens,2023-10,2023-10-01,955.0,59,16.1864406779661
QN0502,Ridgewood,Queens,2023-11,2023-11-01,977.0,59,16.559322033898304
QN0502,Ridgewood,Queens,2023-12,2023-12-01,922.0,59,15.627118644067796
QN0502,Ridgewood,Queens,2024-01,2024-01-01,779.0,59,13.203389830508474
QN0502,Ridgewood,Queens,2024-02,2024-02-01,816.0,59,13.830508474576272
QN0502,Ridgewood,Queens,2024-03,2024-03-01,827.0,59,14.016949152542374
QN0502,Ridgewood,Queens,2024-04,2024-04-01,824.0,59,13.966101694915254
QN0502,Ridgewood,Queens,2024-05,2024-05-01,1013.0,59,17.16949152542373
QN0502,Ridgewood,Queens,2024-06,2024-06-01,795.0,59,13.474576271186441
QN0502,Ridgewood,Queens,2024-07,2024-07-01,684.0,59,11.59322033898305
QN0502,Ridgewood,Queens,2024-08,2024-08-01,691.0,59,11.711864406779661
QN0502,Ridgewood,Queens,2024-09,2024-09-01,837.0,59,14.186440677966102
QN0502,Ridgewood,Queens,2024-10,2024-10-01,1036.0,59,17.559322033898304
QN0502,Ridgewood,Queens,2024-11,2024-11-01,1035.0,59,17.54237288135593
QN0502,Ridgewood,Queens,2024-12,2024-12-01,796.0,59,13.491525423728813
QN0502,Ridgewood,Queens,2025-01,2025-01-01,746.0,59,12.64406779661017
QN0502,Ridgewood,Queens,2025-02,2025-02-01,665.0,59,11.271186440677965
QN0502,Ridgewood,Queens,2025-03,2025-03-01,871.0,59,14.76271186440678
QN0502,Ridgewood,Queens,2025-04,2025-04-01,858.0,59,14.542372881355933
QN0502,Ridgewood,Queens,2025-05,2025-05-01,982.0,59,16.64406779661017
QN0502,Ridgewood,Queens,2025-06,2025-06-01,700.0,59,11.864406779661017
QN0502,Ridgewood,Queens,2025-07,2025-07-01,586.0,59,9.932203389830509
QN0502,Ridgewood,Queens,2025-08,2025-08-01,578.0,59,9.796610169491526
QN0502,Ridgewood,Queens,2025-09,2025-09-01,857.0,59,14.525423728813559
QN0502,Ridgewood,Queens,2025-10,2025-10-01,821.0,59,13.915254237288135
QN0502,Ridgewood,Queens,2025-11,2025-11-01,22.0,59,0.3728813559322034
QN0503,Glendale,Queens,2022-03,2022-03-01,873.0,59,14.796610169491526
QN0503,Glendale,Queens,2022-04,2022-04-01,780.0,59,13.220338983050848
QN0503,Glendale,Queens,2022-05,2022-05-01,993.0,59,16.83050847457627
QN0503,Glendale,Queens,2022-06,2022-06-01,705.0,59,11.94915254237288
QN0503,Glendale,Queens,2022-07,2022-07-01,625.0,59,10.59322033898305
QN0503,Glendale,Queens,2022-08,2022-08-01,622.0,59,10.542372881355933
QN0503,Glendale,Queens,2022-09,2022-09-01,940.0,59,15.932203389830509
QN0503,Glendale,Queens,2022-10,2022-10-01,1071.0,59,18.152542372881356
QN0503,Glendale,Queens,2022-11,2022-11-01,1010.0,59,17.11864406779661
QN0503,Glendale,Queens,2022-12,2022-12-01,787.0,59,13.338983050847459
QN0503,Glendale,Queens,2023-01,2023-01-01,921.0,59,15.610169491525424
QN0503,Glendale,Queens,2023-02,2023-02-01,821.0,59,13.915254237288135
QN0503,Glendale,Queens,2023-03,2023-03-01,934.0,59,15.830508474576272
QN0503,Glendale,Queens,2023-04,2023-04-01,1099.0,59,18.627118644067796
QN0503,Glendale,Queens,2023-05,2023-05-01,931.0,59,15.779661016949152
QN0503,Glendale,Queens,2023-06,2023-06-01,864.0,59,14.64406779661017
QN0503,Glendale,Queens,2023-07,2023-07-01,755.0,59,12.796610169491526
QN0503,Glendale,Queens,2023-08,2023-08-01,733.0,59,12.423728813559322
QN0503,Glendale,Queens,2023-09,2023-09-01,909.0,59,15.40677966101695
QN0503,Glendale,Queens,2023-10,2023-10-01,955.0,59,16.1864406779661
QN0503,Glendale,Queens,2023-11,2023-11-01,977.0,59,16.559322033898304
QN0503,Glendale,Queens,2023-12,2023-12-01,922.0,59,15.627118644067796
QN0503,Glendale,Queens,2024-01,2024-01-01,779.0,59,13.203389830508474
QN0503,Glendale,Queens,2024-02,2024-02-01,816.0,59,13.830508474576272
QN0503,Glendale,Queens,2024-03,2024-03-01,827.0,59,14.016949152542374
QN0503,Glendale,Queens,2024-04,2024-04-01,824.0,59,13.966101694915254
QN0503,Glendale,Queens,2024-05,2024-05-01,1013.0,59,17.16949152542373
QN0503,Glendale,Queens,2024-06,2024-06-01,795.0,59,13.474576271186441
QN0503,Glendale,Queens,2024-07,2024-07-01,684.0,59,11.59322033898305
QN0503,Glendale,Queens,2024-08,2024-08-01,691.0,59,11.711864406779661
QN0503,Glendale,Queens,2024-09,2024-09-01,837.0,59,14.186440677966102
QN0503,Glendale,Queens,2024-10,2024-10-01,1036.0,59,17.559322033898304
QN0503,Glendale,Queens,2024-11,2024-11-01,1035.0,59,17.54237288135593
QN0503,Glendale,Queens,2024-12,2024-12-01,796.0,59,13.491525423728813
QN0503,Glendale,Queens,2025-01,2025-01-01,746.0,59,12.64406779661017
QN0503,Glendale,Queens,2025-02,2025-02-01,665.0,59,11.271186440677965
QN0503,Glendale,Queens,2025-03,2025-03-01,871.0,59,14.76271186440678
QN0503,Glendale,Queens,2025-04,2025-04-01,858.0,59,14.542372881355933
QN0503,Glendale,Queens,2025-05,2025-05-01,982.0,59,16.64406779661017
QN0503,Glendale,Queens,2025-06,2025-06-01,700.0,59,11.864406779661017
QN0503,Glendale,Queens,2025-07,2025-07-01,586.0,59,9.932203389830509
QN0503,Glendale,Queens,2025-08,2025-08-01,578.0,59,9.796610169491526
QN0503,Glendale,Queens,2025-09,2025-09-01,857.0,59,14.525423728813559
QN0503,Glendale,Queens,2025-10,2025-10-01,821.0,59,13.915254237288135
QN0503,Glendale,Queens,2025-11,2025-11-01,22.0,59,0.3728813559322034
QN0504,Middle Village,Queens,2022-03,2022-03-01,873.0,59,14.796610169491526
QN0504,Middle Village,Queens,2022-04,2022-04-01,780.0,59,13.220338983050848
QN0504,Middle Village,Queens,2022-05,2022-05-01,993.0,59,16.83050847457627
QN0504,Middle Village,Queens,2022-06,2022-06-01,705.0,59,11.94915254237288
QN0504,Middle Village,Queens,2022-07,2022-07-01,625.0,59,10.59322033898305
QN0504,Middle Village,Queens,2022-08,2022-08-01,622.0,59,10.542372881355933
QN0504,Middle Village,Queens,2022-09,2022-09-01,940.0,59,15.932203389830509
QN0504,Middle Village,Queens,2022-10,2022-10-01,1071.0,59,18.152542372881356
QN0504,Middle Village,Queens,2022-11,2022-11-01,1010.0,59,17.11864406779661
QN0504,Middle Village,Queens,2022-12,2022-12-01,787.0,59,13.338983050847459
QN0504,Middle Village,Queens,2023-01,2023-01-01,921.0,59,15.610169491525424
QN0504,Middle Village,Queens,2023-02,2023-02-01,821.0,59,13.915254237288135
QN0504,Middle Village,Queens,2023-03,2023-03-01,934.0,59,15.830508474576272
QN0504,Middle Village,Queens,2023-04,2023-04-01,1099.0,59,18.627118644067796
QN0504,Middle Village,Queens,2023-05,2023-05-01,931.0,59,15.779661016949152
QN0504,Middle Village,Queens,2023-06,2023-06-01,864.0,59,14.64406779661017
QN0504,Middle Village,Queens,2023-07,2023-07-01,755.0,59,12.796610169491526
QN0504,Middle Village,Queens,2023-08,2023-08-01,733.0,59,12.423728813559322
QN0504,Middle Village,Queens,2023-09,2023-09-01,909.0,59,15.40677966101695
QN0504,Middle Village,Queens,2023-10,2023-10-01,955.0,59,16.1864406779661
QN0504,Middle Village,Queens,2023-11,2023-11-01,977.0,59,16.559322033898304
QN0504,Middle Village,Queens,2023-12,2023-12-01,922.0,59,15.627118644067796
QN0504,Middle Village,Queens,2024-01,2024-01-01,779.0,59,13.203389830508474
QN0504,Middle Village,Queens,2024-02,2024-02-01,816.0,59,13.830508474576272
QN0504,Middle Village,Queens,2024-03,2024-03-01,827.0,59,14.016949152542374
QN0504,Middle Village,Queens,2024-04,2024-04-01,824.0,59,13.966101694915254
QN0504,Middle Village,Queens,2024-05,2024-05-01,1013.0,59,17.16949152542373
QN0504,Middle Village,Queens,2024-06,2024-06-01,795.0,59,13.474576271186441
QN0504,Middle Village,Queens,2024-07,2024-07-01,684.0,59,11.59322033898305
QN0504,Middle Village,Queens,2024-08,2024-08-01,691.0,59,11.711864406779661
QN0504,Middle Village,Queens,2024-09,2024-09-01,837.0,59,14.186440677966102
QN0504,Middle Village,Queens,2024-10,2024-10-01,1036.0,59,17.559322033898304
QN0504,Middle Village,Queens,2024-11,2024-11-01,1035.0,59,17.54237288135593
QN0504,Middle Village,Queens,2024-12,2024-12-01,796.0,59,13.491525423728813
QN0504,Middle Village,Queens,2025-01,2025-01-01,746.0,59,12.64406779661017
QN0504,Middle Village,Queens,2025-02,2025-02-01,665.0,59,11.271186440677965
QN0504,Middle Village,Queens,2025-03,2025-03-01,871.0,59,14.76271186440678
QN0504,Middle Village,Queens,2025-04,2025-04-01,858.0,59,14.542372881355933
QN0504,Middle Village,Queens,2025-05,2025-05-01,982.0,59,16.64406779661017
QN0504,Middle Village,Queens,2025-06,2025-06-01,700.0,59,11.864406779661017
QN0504,Middle Village,Queens,2025-07,2025-07-01,586.0,59,9.932203389830509
QN0504,Middle Village,Queens,2025-08,2025-08-01,578.0,59,9.796610169491526
QN0504,Middle Village,Queens,2025-09,2025-09-01,857.0,59,14.525423728813559
QN0504,Middle Village,Queens,2025-10,2025-10-01,821.0,59,13.915254237288135
QN0504,Middle Village,Queens,2025-11,2025-11-01,22.0,59,0.3728813559322034
QN0601,Rego Park,Queens,2022-03,2022-03-01,873.0,59,14.796610169491526
QN0601,Rego Park,Queens,2022-04,2022-04-01,780.0,59,13.220338983050848
QN0601,Rego Park,Queens,2022-05,2022-05-01,993.0,59,16.83050847457627
QN0601,Rego Park,Queens,2022-06,2022-06-01,705.0,59,11.94915254237288
QN0601,Rego Park,Queens,2022-07,2022-07-01,625.0,59,10.59322033898305
QN0601,Rego Park,Queens,2022-08,2022-08-01,622.0,59,10.542372881355933
QN0601,Rego Park,Queens,2022-09,2022-09-01,940.0,59,15.932203389830509
QN0601,Rego Park,Queens,2022-10,2022-10-01,1071.0,59,18.152542372881356
QN0601,Rego Park,Queens,2022-11,2022-11-01,1010.0,59,17.11864406779661
QN0601,Rego Park,Queens,2022-12,2022-12-01,787.0,59,13.338983050847459
QN0601,Rego Park,Queens,2023-01,2023-01-01,921.0,59,15.610169491525424
QN0601,Rego Park,Queens,2023-02,2023-02-01,821.0,59,13.915254237288135
QN0601,Rego Park,Queens,2023-03,2023-03-01,934.0,59,15.830508474576272
QN0601,Rego Park,Queens,2023-04,2023-04-01,1099.0,59,18.627118644067796
QN0601,Rego Park,Queens,2023-05,2023-05-01,931.0,59,15.779661016949152
QN0601,Rego Park,Queens,2023-06,2023-06-01,864.0,59,14.64406779661017
QN0601,Rego Park,Queens,2023-07,2023-07-01,755.0,59,12.796610169491526
QN0601,Rego Park,Queens,2023-08,2023-08-01,733.0,59,12.423728813559322
QN0601,Rego Park,Queens,2023-09,2023-09-01,909.0,59,15.40677966101695
QN0601,Rego Park,Queens,2023-10,2023-10-01,955.0,59,16.1864406779661
QN0601,Rego Park,Queens,2023-11,2023-11-01,977.0,59,16.559322033898304
QN0601,Rego Park,Queens,2023-12,2023-12-01,922.0,59,15.627118644067796
QN0601,Rego Park,Queens,2024-01,2024-01-01,779.0,59,13.203389830508474
QN0601,Rego Park,Queens,2024-02,2024-02-01,816.0,59,13.830508474576272
QN0601,Rego Park,Queens,2024-03,2024-03-01,827.0,59,14.016949152542374
QN0601,Rego Park,Queens,2024-04,2024-04-01,824.0,59,13.966101694915254
QN0601,Rego Park,Queens,2024-05,2024-05-01,1013.0,59,17.16949152542373
QN0601,Rego Park,Queens,2024-06,2024-06-01,795.0,59,13.474576271186441
QN0601,Rego Park,Queens,2024-07,2024-07-01,684.0,59,11.59322033898305
QN0601,Rego Park,Queens,2024-08,2024-08-01,691.0,59,11.711864406779661
QN0601,Rego Park,Queens,2024-09,2024-09-01,837.0,59,14.186440677966102
QN0601,Rego Park,Queens,2024-10,2024-10-01,1036.0,59,17.559322033898304
QN0601,Rego Park,Queens,2024-11,2024-11-01,1035.0,59,17.54237288135593
QN0601,Rego Park,Queens,2024-12,2024-12-01,796.0,59,13.491525423728813
QN0601,Rego Park,Queens,2025-01,2025-01-01,746.0,59,12.64406779661017
QN0601,Rego Park,Queens,2025-02,2025-02-01,665.0,59,11.271186440677965
QN0601,Rego Park,Queens,2025-03,2025-03-01,871.0,59,14.76271186440678
QN0601,Rego Park,Queens,2025-04,2025-04-01,858.0,59,14.542372881355933
QN0601,Rego Park,Queens,2025-05,2025-05-01,982.0,59,16.64406779661017
QN0601,Rego Park,Queens,2025-06,2025-06-01,700.0,59,11.864406779661017
QN0601,Rego Park,Queens,2025-07,2025-07-01,586.0,59,9.932203389830509
QN0601,Rego Park,Queens,2025-08,2025-08-01,578.0,59,9.796610169491526
QN0601,Rego Park,Queens,2025-09,2025-09-01,857.0,59,14.525423728813559
QN0601,Rego Park,Queens,2025-10,2025-10-01,821.0,59,13.915254237288135
QN0601,Rego Park,Queens,2025-11,2025-11-01,22.0,59,0.3728813559322034
QN0602,Forest Hills,Queens,2022-03,2022-03-01,873.0,59,14.796610169491526
QN0602,Forest Hills,Queens,2022-04,2022-04-01,780.0,59,13.220338983050848
QN0602,Forest Hills,Queens,2022-05,2022-05-01,993.0,59,16.83050847457627
QN0602,Forest Hills,Queens,2022-06,2022-06-01,705.0,59,11.94915254237288
QN0602,Forest Hills,Queens,2022-07,2022-07-01,625.0,59,10.59322033898305
QN0602,Forest Hills,Queens,2022-08,2022-08-01,622.0,59,10.542372881355933
QN0602,Forest Hills,Queens,2022-09,2022-09-01,940.0,59,15.932203389830509
QN0602,Forest Hills,Queens,2022-10,2022-10-01,1071.0,59,18.152542372881356
QN0602,Forest Hills,Queens,2022-11,2022-11-01,1010.0,59,17.11864406779661
QN0602,Forest Hills,Queens,2022-12,2022-12-01,787.0,59,13.338983050847459
QN0602,Forest Hills,Queens,2023-01,2023-01-01,921.0,59,15.610169491525424
QN0602,Forest Hills,Queens,2023-02,2023-02-01,821.0,59,13.915254237288135
QN0602,Forest Hills,Queens,2023-03,2023-03-01,934.0,59,15.830508474576272
QN0602,Forest Hills,Queens,2023-04,2023-04-01,1099.0,59,18.627118644067796
QN0602,Forest Hills,Queens,2023-05,2023-05-01,931.0,59,15.779661016949152
QN0602,Forest Hills,Queens,2023-06,2023-06-01,864.0,59,14.64406779661017
QN0602,Forest Hills,Queens,2023-07,2023-07-01,755.0,59,12.796610169491526
QN0602,Forest Hills,Queens,2023-08,2023-08-01,733.0,59,12.423728813559322
QN0602,Forest Hills,Queens,2023-09,2023-09-01,909.0,59,15.40677966101695
QN0602,Forest Hills,Queens,2023-10,2023-10-01,955.0,59,16.1864406779661
QN0602,Forest Hills,Queens,2023-11,2023-11-01,977.0,59,16.559322033898304
QN0602,Forest Hills,Queens,2023-12,2023-12-01,922.0,59,15.627118644067796
QN0602,Forest Hills,Queens,2024-01,2024-01-01,779.0,59,13.203389830508474
QN0602,Forest Hills,Queens,2024-02,2024-02-01,816.0,59,13.830508474576272
QN0602,Forest Hills,Queens,2024-03,2024-03-01,827.0,59,14.016949152542374
QN0602,Forest Hills,Queens,2024-04,2024-04-01,824.0,59,13.966101694915254
QN0602,Forest Hills,Queens,2024-05,2024-05-01,1013.0,59,17.16949152542373
QN0602,Forest Hills,Queens,2024-06,2024-06-01,795.0,59,13.474576271186441
QN0602,Forest Hills,Queens,2024-07,2024-07-01,684.0,59,11.59322033898305
QN0602,Forest Hills,Queens,2024-08,2024-08-01,691.0,59,11.711864406779661
QN0602,Forest Hills,Queens,2024-09,2024-09-01,837.0,59,14.186440677966102
QN0602,Forest Hills,Queens,2024-10,2024-10-01,1036.0,59,17.559322033898304
QN0602,Forest Hills,Queens,2024-11,2024-11-01,1035.0,59,17.54237288135593
QN0602,Forest Hills,Queens,2024-12,2024-12-01,796.0,59,13.491525423728813
QN0602,Forest Hills,Queens,2025-01,2025-01-01,746.0,59,12.64406779661017
QN0602,Forest Hills,Queens,2025-02,2025-02-01,665.0,59,11.271186440677965
QN0602,Forest Hills,Queens,2025-03,2025-03-01,871.0,59,14.76271186440678
QN0602,Forest Hills,Queens,2025-04,2025-04-01,858.0,59,14.542372881355933
QN0602,Forest Hills,Queens,2025-05,2025-05-01,982.0,59,16.64406779661017
QN0602,Forest Hills,Queens,2025-06,2025-06-01,700.0,59,11.864406779661017
QN0602,Forest Hills,Queens,2025-07,2025-07-01,586.0,59,9.932203389830509
QN0602,Forest Hills,Queens,2025-08,2025-08-01,578.0,59,9.796610169491526
QN0602,Forest Hills,Queens,2025-09,2025-09-01,857.0,59,14.525423728813559
QN0602,Forest Hills,Queens,2025-10,2025-10-01,821.0,59,13.915254237288135
QN0602,Forest Hills,Queens,2025-11,2025-11-01,22.0,59,0.3728813559322034
QN0701,College Point,Queens,2022-03,2022-03-01,873.0,59,14.796610169491526
QN0701,College Point,Queens,2022-04,2022-04-01,780.0,59,13.220338983050848
QN0701,College Point,Queens,2022-05,2022-05-01,993.0,59,16.83050847457627
QN0701,College Point,Queens,2022-06,2022-06-01,705.0,59,11.94915254237288
QN0701,College Point,Queens,2022-07,2022-07-01,625.0,59,10.59322033898305
QN0701,College Point,Queens,2022-08,2022-08-01,622.0,59,10.542372881355933
QN0701,College Point,Queens,2022-09,2022-09-01,940.0,59,15.932203389830509
QN0701,College Point,Queens,2022-10,2022-10-01,1071.0,59,18.152542372881356
QN0701,College Point,Queens,2022-11,2022-11-01,1010.0,59,17.11864406779661
QN0701,College Point,Queens,2022-12,2022-12-01,787.0,59,13.338983050847459
QN0701,College Point,Queens,2023-01,2023-01-01,921.0,59,15.610169491525424
QN0701,College Point,Queens,2023-02,2023-02-01,821.0,59,13.915254237288135
QN0701,College Point,Queens,2023-03,2023-03-01,934.0,59,15.830508474576272
QN0701,College Point,Queens,2023-04,2023-04-01,1099.0,59,18.627118644067796
QN0701,College Point,Queens,2023-05,2023-05-01,931.0,59,15.779661016949152
QN0701,College Point,Queens,2023-06,2023-06-01,864.0,59,14.64406779661017
QN0701,College Point,Queens,2023-07,2023-07-01,755.0,59,12.796610169491526
QN0701,College Point,Queens,2023-08,2023-08-01,733.0,59,12.423728813559322
QN0701,College Point,Queens,2023-09,2023-09-01,909.0,59,15.40677966101695
QN0701,College Point,Queens,2023-10,2023-10-01,955.0,59,16.1864406779661
QN0701,College Point,Queens,2023-11,2023-11-01,977.0,59,16.559322033898304
QN0701,College Point,Queens,2023-12,2023-12-01,922.0,59,15.627118644067796
QN0701,College Point,Queens,2024-01,2024-01-01,779.0,59,13.203389830508474
QN0701,College Point,Queens,2024-02,2024-02-01,816.0,59,13.830508474576272
QN0701,College Point,Queens,2024-03,2024-03-01,827.0,59,14.016949152542374
QN0701,College Point,Queens,2024-04,2024-04-01,824.0,59,13.966101694915254
QN0701,College Point,Queens,2024-05,2024-05-01,1013.0,59,17.16949152542373
QN0701,College Point,Queens,2024-06,2024-06-01,795.0,59,13.474576271186441
QN0701,College Point,Queens,2024-07,2024-07-01,684.0,59,11.59322033898305
QN0701,College Point,Queens,2024-08,2024-08-01,691.0,59,11.711864406779661
QN0701,College Point,Queens,2024-09,2024-09-01,837.0,59,14.186440677966102
QN0701,College Point,Queens,2024-10,2024-10-01,1036.0,59,17.559322033898304
QN0701,College Point,Queens,2024-11,2024-11-01,1035.0,59,17.54237288135593
QN0701,College Point,Queens,2024-12,2024-12-01,796.0,59,13.491525423728813
QN0701,College Point,Queens,2025-01,2025-01-01,746.0,59,12.64406779661017
QN0701,College Point,Queens,2025-02,2025-02-01,665.0,59,11.271186440677965
QN0701,College Point,Queens,2025-03,2025-03-01,871.0,59,14.76271186440678
QN0701,College Point,Queens,2025-04,2025-04-01,858.0,59,14.542372881355933
QN0701,College Point,Queens,2025-05,2025-05-01,982.0,59,16.64406779661017
QN0701,College Point,Queens,2025-06,2025-06-01,700.0,59,11.864406779661017
QN0701,College Point,Queens,2025-07,2025-07-01,586.0,59,9.932203389830509
QN0701,College Point,Queens,2025-08,2025-08-01,578.0,59,9.796610169491526
QN0701,College Point,Queens,2025-09,2025-09-01,857.0,59,14.525423728813559
QN0701,College Point,Queens,2025-10,2025-10-01,821.0,59,13.915254237288135
QN0701,College Point,Queens,2025-11,2025-11-01,22.0,59,0.3728813559322034
QN0702,Whitestone-Beechhurst,Queens,2022-03,2022-03-01,873.0,59,14.796610169491526
QN0702,Whitestone-Beechhurst,Queens,2022-04,2022-04-01,780.0,59,13.220338983050848
QN0702,Whitestone-Beechhurst,Queens,2022-05,2022-05-01,993.0,59,16.83050847457627
QN0702,Whitestone-Beechhurst,Queens,2022-06,2022-06-01,705.0,59,11.94915254237288
QN0702,Whitestone-Beechhurst,Queens,2022-07,2022-07-01,625.0,59,10.59322033898305
QN0702,Whitestone-Beechhurst,Queens,2022-08,2022-08-01,622.0,59,10.542372881355933
QN0702,Whitestone-Beechhurst,Queens,2022-09,2022-09-01,940.0,59,15.932203389830509
QN0702,Whitestone-Beechhurst,Queens,2022-10,2022-10-01,1071.0,59,18.152542372881356
QN0702,Whitestone-Beechhurst,Queens,2022-11,2022-11-01,1010.0,59,17.11864406779661
QN0702,Whitestone-Beechhurst,Queens,2022-12,2022-12-01,787.0,59,13.338983050847459
QN0702,Whitestone-Beechhurst,Queens,2023-01,2023-01-01,921.0,59,15.610169491525424
QN0702,Whitestone-Beechhurst,Queens,2023-02,2023-02-01,821.0,59,13.915254237288135
QN0702,Whitestone-Beechhurst,Queens,2023-03,2023-03-01,934.0,59,15.830508474576272
QN0702,Whitestone-Beechhurst,Queens,2023-04,2023-04-01,1099.0,59,18.627118644067796
QN0702,Whitestone-Beechhurst,Queens,2023-05,2023-05-01,931.0,59,15.779661016949152
QN0702,Whitestone-Beechhurst,Queens,2023-06,2023-06-01,864.0,59,14.64406779661017
QN0702,Whitestone-Beechhurst,Queens,2023-07,2023-07-01,755.0,59,12.796610169491526
QN0702,Whitestone-Beechhurst,Queens,2023-08,2023-08-01,733.0,59,12.423728813559322
QN0702,Whitestone-Beechhurst,Queens,2023-09,2023-09-01,909.0,59,15.40677966101695
QN0702,Whitestone-Beechhurst,Queens,2023-10,2023-10-01,955.0,59,16.1864406779661
QN0702,Whitestone-Beechhurst,Queens,2023-11,2023-11-01,977.0,59,16.559322033898304
QN0702,Whitestone-Beechhurst,Queens,2023-12,2023-12-01,922.0,59,15.627118644067796
QN0702,Whitestone-Beechhurst,Queens,2024-01,2024-01-01,779.0,59,13.203389830508474
QN0702,Whitestone-Beechhurst,Queens,2024-02,2024-02-01,816.0,59,13.830508474576272
QN0702,Whitestone-Beechhurst,Queens,2024-03,2024-03-01,827.0,59,14.016949152542374
QN0702,Whitestone-Beechhurst,Queens,2024-04,2024-04-01,824.0,59,13.966101694915254
QN0702,Whitestone-Beechhurst,Queens,2024-05,2024-05-01,1013.0,59,17.16949152542373
QN0702,Whitestone-Beechhurst,Queens,2024-06,2024-06-01,795.0,59,13.474576271186441
QN0702,Whitestone-Beechhurst,Queens,2024-07,2024-07-01,684.0,59,11.59322033898305
QN0702,Whitestone-Beechhurst,Queens,2024-08,2024-08-01,691.0,59,11.711864406779661
QN0702,Whitestone-Beechhurst,Queens,2024-09,2024-09-01,837.0,59,14.186440677966102
QN0702,Whitestone-Beechhurst,Queens,2024-10,2024-10-01,1036.0,59,17.559322033898304
QN0702,Whitestone-Beechhurst,Queens,2024-11,2024-11-01,1035.0,59,17.54237288135593
QN0702,Whitestone-Beechhurst,Queens,2024-12,2024-12-01,796.0,59,13.491525423728813
QN0702,Whitestone-Beechhurst,Queens,2025-01,2025-01-01,746.0,59,12.64406779661017
QN0702,Whitestone-Beechhurst,Queens,2025-02,2025-02-01,665.0,59,11.271186440677965
QN0702,Whitestone-Beechhurst,Queens,2025-03,2025-03-01,871.0,59,14.76271186440678
QN0702,Whitestone-Beechhurst,Queens,2025-04,2025-04-01,858.0,59,14.542372881355933
QN0702,Whitestone-Beechhurst,Queens,2025-05,2025-05-01,982.0,59,16.64406779661017
QN0702,Whitestone-Beechhurst,Queens,2025-06,2025-06-01,700.0,59,11.864406779661017
QN0702,Whitestone-Beechhurst,Queens,2025-07,2025-07-01,586.0,59,9.932203389830509
QN0702,Whitestone-Beechhurst,Queens,2025-08,2025-08-01,578.0,59,9.796610169491526
QN0702,Whitestone-Beechhurst,Queens,2025-09,2025-09-01,857.0,59,14.525423728813559
QN0702,Whitestone-Beechhurst,Queens,2025-10,2025-10-01,821.0,59,13.915254237288135
QN0702,Whitestone-Beechhurst,Queens,2025-11,2025-11-01,22.0,59,0.3728813559322034
QN0703,Bay Terrace-Clearview,Queens,2022-03,2022-03-01,873.0,59,14.796610169491526
QN0703,Bay Terrace-Clearview,Queens,2022-04,2022-04-01,780.0,59,13.220338983050848
QN0703,Bay Terrace-Clearview,Queens,2022-05,2022-05-01,993.0,59,16.83050847457627
QN0703,Bay Terrace-Clearview,Queens,2022-06,2022-06-01,705.0,59,11.94915254237288
QN0703,Bay Terrace-Clearview,Queens,2022-07,2022-07-01,625.0,59,10.59322033898305
QN0703,Bay Terrace-Clearview,Queens,2022-08,2022-08-01,622.0,59,10.542372881355933
QN0703,Bay Terrace-Clearview,Queens,2022-09,2022-09-01,940.0,59,15.932203389830509
QN0703,Bay Terrace-Clearview,Queens,2022-10,2022-10-01,1071.0,59,18.152542372881356
QN0703,Bay Terrace-Clearview,Queens,2022-11,2022-11-01,1010.0,59,17.11864406779661
QN0703,Bay Terrace-Clearview,Queens,2022-12,2022-12-01,787.0,59,13.338983050847459
QN0703,Bay Terrace-Clearview,Queens,2023-01,2023-01-01,921.0,59,15.610169491525424
QN0703,Bay Terrace-Clearview,Queens,2023-02,2023-02-01,821.0,59,13.915254237288135
QN0703,Bay Terrace-Clearview,Queens,2023-03,2023-03-01,934.0,59,15.830508474576272
QN0703,Bay Terrace-Clearview,Queens,2023-04,2023-04-01,1099.0,59,18.627118644067796
QN0703,Bay Terrace-Clearview,Queens,2023-05,2023-05-01,931.0,59,15.779661016949152
QN0703,Bay Terrace-Clearview,Queens,2023-06,2023-06-01,864.0,59,14.64406779661017
QN0703,Bay Terrace-Clearview,Queens,2023-07,2023-07-01,755.0,59,12.796610169491526
QN0703,Bay Terrace-Clearview,Queens,2023-08,2023-08-01,733.0,59,12.423728813559322
QN0703,Bay Terrace-Clearview,Queens,2023-09,2023-09-01,909.0,59,15.40677966101695
QN0703,Bay Terrace-Clearview,Queens,2023-10,2023-10-01,955.0,59,16.1864406779661
QN0703,Bay Terrace-Clearview,Queens,2023-11,2023-11-01,977.0,59,16.559322033898304
QN0703,Bay Terrace-Clearview,Queens,2023-12,2023-12-01,922.0,59,15.627118644067796
QN0703,Bay Terrace-Clearview,Queens,2024-01,2024-01-01,779.0,59,13.203389830508474
QN0703,Bay Terrace-Clearview,Queens,2024-02,2024-02-01,816.0,59,13.830508474576272
QN0703,Bay Terrace-Clearview,Queens,2024-03,2024-03-01,827.0,59,14.016949152542374
QN0703,Bay Terrace-Clearview,Queens,2024-04,2024-04-01,824.0,59,13.966101694915254
QN0703,Bay Terrace-Clearview,Queens,2024-05,2024-05-01,1013.0,59,17.16949152542373
QN0703,Bay Terrace-Clearview,Queens,2024-06,2024-06-01,795.0,59,13.474576271186441
QN0703,Bay Terrace-Clearview,Queens,2024-07,2024-07-01,684.0,59,11.59322033898305
QN0703,Bay Terrace-Clearview,Queens,2024-08,2024-08-01,691.0,59,11.711864406779661
QN0703,Bay Terrace-Clearview,Queens,2024-09,2024-09-01,837.0,59,14.186440677966102
QN0703,Bay Terrace-Clearview,Queens,2024-10,2024-10-01,1036.0,59,17.559322033898304
QN0703,Bay Terrace-Clearview,Queens,2024-11,2024-11-01,1035.0,59,17.54237288135593
QN0703,Bay Terrace-Clearview,Queens,2024-12,2024-12-01,796.0,59,13.491525423728813
QN0703,Bay Terrace-Clearview,Queens,2025-01,2025-01-01,746.0,59,12.64406779661017
QN0703,Bay Terrace-Clearview,Queens,2025-02,2025-02-01,665.0,59,11.271186440677965
QN0703,Bay Terrace-Clearview,Queens,2025-03,2025-03-01,871.0,59,14.76271186440678
QN0703,Bay Terrace-Clearview,Queens,2025-04,2025-04-01,858.0,59,14.542372881355933
QN0703,Bay Terrace-Clearview,Queens,2025-05,2025-05-01,982.0,59,16.64406779661017
QN0703,Bay Terrace-Clearview,Queens,2025-06,2025-06-01,700.0,59,11.864406779661017
QN0703,Bay Terrace-Clearview,Queens,2025-07,2025-07-01,586.0,59,9.932203389830509
QN0703,Bay Terrace-Clearview,Queens,2025-08,2025-08-01,578.0,59,9.796610169491526
QN0703,Bay Terrace-Clearview,Queens,2025-09,2025-09-01,857.0,59,14.525423728813559
QN0703,Bay Terrace-Clearview,Queens,2025-10,2025-10-01,821.0,59,13.915254237288135
QN0703,Bay Terrace-Clearview,Queens,2025-11,2025-11-01,22.0,59,0.3728813559322034
QN0704,Murray Hill-Broadway Flushing,Queens,2022-03,2022-03-01,873.0,59,14.796610169491526
QN0704,Murray Hill-Broadway Flushing,Queens,2022-04,2022-04-01,780.0,59,13.220338983050848
QN0704,Murray Hill-Broadway Flushing,Queens,2022-05,2022-05-01,993.0,59,16.83050847457627
QN0704,Murray Hill-Broadway Flushing,Queens,2022-06,2022-06-01,705.0,59,11.94915254237288
QN0704,Murray Hill-Broadway Flushing,Queens,2022-07,2022-07-01,625.0,59,10.59322033898305
QN0704,Murray Hill-Broadway Flushing,Queens,2022-08,2022-08-01,622.0,59,10.542372881355933
QN0704,Murray Hill-Broadway Flushing,Queens,2022-09,2022-09-01,940.0,59,15.932203389830509
QN0704,Murray Hill-Broadway Flushing,Queens,2022-10,2022-10-01,1071.0,59,18.152542372881356
QN0704,Murray Hill-Broadway Flushing,Queens,2022-11,2022-11-01,1010.0,59,17.11864406779661
QN0704,Murray Hill-Broadway Flushing,Queens,2022-12,2022-12-01,787.0,59,13.338983050847459
QN0704,Murray Hill-Broadway Flushing,Queens,2023-01,2023-01-01,921.0,59,15.610169491525424
QN0704,Murray Hill-Broadway Flushing,Queens,2023-02,2023-02-01,821.0,59,13.915254237288135
QN0704,Murray Hill-Broadway Flushing,Queens,2023-03,2023-03-01,934.0,59,15.830508474576272
QN0704,Murray Hill-Broadway Flushing,Queens,2023-04,2023-04-01,1099.0,59,18.627118644067796
QN0704,Murray Hill-Broadway Flushing,Queens,2023-05,2023-05-01,931.0,59,15.779661016949152
QN0704,Murray Hill-Broadway Flushing,Queens,2023-06,2023-06-01,864.0,59,14.64406779661017
QN0704,Murray Hill-Broadway Flushing,Queens,2023-07,2023-07-01,755.0,59,12.796610169491526
QN0704,Murray Hill-Broadway Flushing,Queens,2023-08,2023-08-01,733.0,59,12.423728813559322
QN0704,Murray Hill-Broadway Flushing,Queens,2023-09,2023-09-01,909.0,59,15.40677966101695
QN0704,Murray Hill-Broadway Flushing,Queens,2023-10,2023-10-01,955.0,59,16.1864406779661
QN0704,Murray Hill-Broadway Flushing,Queens,2023-11,2023-11-01,977.0,59,16.559322033898304
QN0704,Murray Hill-Broadway Flushing,Queens,2023-12,2023-12-01,922.0,59,15.627118644067796
QN0704,Murray Hill-Broadway Flushing,Queens,2024-01,2024-01-01,779.0,59,13.203389830508474
QN0704,Murray Hill-Broadway Flushing,Queens,2024-02,2024-02-01,816.0,59,13.830508474576272
QN0704,Murray Hill-Broadway Flushing,Queens,2024-03,2024-03-01,827.0,59,14.016949152542374
QN0704,Murray Hill-Broadway Flushing,Queens,2024-04,2024-04-01,824.0,59,13.966101694915254
QN0704,Murray Hill-Broadway Flushing,Queens,2024-05,2024-05-01,1013.0,59,17.16949152542373
QN0704,Murray Hill-Broadway Flushing,Queens,2024-06,2024-06-01,795.0,59,13.474576271186441
QN0704,Murray Hill-Broadway Flushing,Queens,2024-07,2024-07-01,684.0,59,11.59322033898305
QN0704,Murray Hill-Broadway Flushing,Queens,2024-08,2024-08-01,691.0,59,11.711864406779661
QN0704,Murray Hill-Broadway Flushing,Queens,2024-09,2024-09-01,837.0,59,14.186440677966102
QN0704,Murray Hill-Broadway Flushing,Queens,2024-10,2024-10-01,1036.0,59,17.559322033898304
QN0704,Murray Hill-Broadway Flushing,Queens,2024-11,2024-11-01,1035.0,59,17.54237288135593
QN0704,Murray Hill-Broadway Flushing,Queens,2024-12,2024-12-01,796.0,59,13.491525423728813
QN0704,Murray Hill-Broadway Flushing,Queens,2025-01,2025-01-01,746.0,59,12.64406779661017
QN0704,Murray Hill-Broadway Flushing,Queens,2025-02,2025-02-01,665.0,59,11.271186440677965
QN0704,Murray Hill-Broadway Flushing,Queens,2025-03,2025-03-01,871.0,59,14.76271186440678
QN0704,Murray Hill-Broadway Flushing,Queens,2025-04,2025-04-01,858.0,59,14.542372881355933
QN0704,Murray Hill-Broadway Flushing,Queens,2025-05,2025-05-01,982.0,59,16.64406779661017
QN0704,Murray Hill-Broadway Flushing,Queens,2025-06,2025-06-01,700.0,59,11.864406779661017
QN0704,Murray Hill-Broadway Flushing,Queens,2025-07,2025-07-01,586.0,59,9.932203389830509
QN0704,Murray Hill-Broadway Flushing,Queens,2025-08,2025-08-01,578.0,59,9.796610169491526
QN0704,Murray Hill-Broadway Flushing,Queens,2025-09,2025-09-01,857.0,59,14.525423728813559
QN0704,Murray Hill-Broadway Flushing,Queens,2025-10,2025-10-01,821.0,59,13.915254237288135
QN0704,Murray Hill-Broadway Flushing,Queens,2025-11,2025-11-01,22.0,59,0.3728813559322034
QN0705,East Flushing,Queens,2022-03,2022-03-01,873.0,59,14.796610169491526
QN0705,East Flushing,Queens,2022-04,2022-04-01,780.0,59,13.220338983050848
QN0705,East Flushing,Queens,2022-05,2022-05-01,993.0,59,16.83050847457627
QN0705,East Flushing,Queens,2022-06,2022-06-01,705.0,59,11.94915254237288
QN0705,East Flushing,Queens,2022-07,2022-07-01,625.0,59,10.59322033898305
QN0705,East Flushing,Queens,2022-08,2022-08-01,622.0,59,10.542372881355933
QN0705,East Flushing,Queens,2022-09,2022-09-01,940.0,59,15.932203389830509
QN0705,East Flushing,Queens,2022-10,2022-10-01,1071.0,59,18.152542372881356
QN0705,East Flushing,Queens,2022-11,2022-11-01,1010.0,59,17.11864406779661
QN0705,East Flushing,Queens,2022-12,2022-12-01,787.0,59,13.338983050847459
QN0705,East Flushing,Queens,2023-01,2023-01-01,921.0,59,15.610169491525424
QN0705,East Flushing,Queens,2023-02,2023-02-01,821.0,59,13.915254237288135
QN0705,East Flushing,Queens,2023-03,2023-03-01,934.0,59,15.830508474576272
QN0705,East Flushing,Queens,2023-04,2023-04-01,1099.0,59,18.627118644067796
QN0705,East Flushing,Queens,2023-05,2023-05-01,931.0,59,15.779661016949152
QN0705,East Flushing,Queens,2023-06,2023-06-01,864.0,59,14.64406779661017
QN0705,East Flushing,Queens,2023-07,2023-07-01,755.0,59,12.796610169491526
QN0705,East Flushing,Queens,2023-08,2023-08-01,733.0,59,12.423728813559322
QN0705,East Flushing,Queens,2023-09,2023-09-01,909.0,59,15.40677966101695
QN0705,East Flushing,Queens,2023-10,2023-10-01,955.0,59,16.1864406779661
QN0705,East Flushing,Queens,2023-11,2023-11-01,977.0,59,16.559322033898304
QN0705,East Flushing,Queens,2023-12,2023-12-01,922.0,59,15.627118644067796
QN0705,East Flushing,Queens,2024-01,2024-01-01,779.0,59,13.203389830508474
QN0705,East Flushing,Queens,2024-02,2024-02-01,816.0,59,13.830508474576272
QN0705,East Flushing,Queens,2024-03,2024-03-01,827.0,59,14.016949152542374
QN0705,East Flushing,Queens,2024-04,2024-04-01,824.0,59,13.966101694915254
QN0705,East Flushing,Queens,2024-05,2024-05-01,1013.0,59,17.16949152542373
QN0705,East Flushing,Queens,2024-06,2024-06-01,795.0,59,13.474576271186441
QN0705,East Flushing,Queens,2024-07,2024-07-01,684.0,59,11.59322033898305
QN0705,East Flushing,Queens,2024-08,2024-08-01,691.0,59,11.711864406779661
QN0705,East Flushing,Queens,2024-09,2024-09-01,837.0,59,14.186440677966102
QN0705,East Flushing,Queens,2024-10,2024-10-01,1036.0,59,17.559322033898304
QN0705,East Flushing,Queens,2024-11,2024-11-01,1035.0,59,17.54237288135593
QN0705,East Flushing,Queens,2024-12,2024-12-01,796.0,59,13.491525423728813
QN0705,East Flushing,Queens,2025-01,2025-01-01,746.0,59,12.64406779661017
QN0705,East Flushing,Queens,2025-02,2025-02-01,665.0,59,11.271186440677965
QN0705,East Flushing,Queens,2025-03,2025-03-01,871.0,59,14.76271186440678
QN0705,East Flushing,Queens,2025-04,2025-04-01,858.0,59,14.542372881355933
QN0705,East Flushing,Queens,2025-05,2025-05-01,982.0,59,16.64406779661017
QN0705,East Flushing,Queens,2025-06,2025-06-01,700.0,59,11.864406779661017
QN0705,East Flushing,Queens,2025-07,2025-07-01,586.0,59,9.932203389830509
QN0705,East Flushing,Queens,2025-08,2025-08-01,578.0,59,9.796610169491526
QN0705,East Flushing,Queens,2025-09,2025-09-01,857.0,59,14.525423728813559
QN0705,East Flushing,Queens,2025-10,2025-10-01,821.0,59,13.915254237288135
QN0705,East Flushing,Queens,2025-11,2025-11-01,22.0,59,0.3728813559322034
QN0706,Queensboro Hill,Queens,2022-03,2022-03-01,873.0,59,14.796610169491526
QN0706,Queensboro Hill,Queens,2022-04,2022-04-01,780.0,59,13.220338983050848
QN0706,Queensboro Hill,Queens,2022-05,2022-05-01,993.0,59,16.83050847457627
QN0706,Queensboro Hill,Queens,2022-06,2022-06-01,705.0,59,11.94915254237288
QN0706,Queensboro Hill,Queens,2022-07,2022-07-01,625.0,59,10.59322033898305
QN0706,Queensboro Hill,Queens,2022-08,2022-08-01,622.0,59,10.542372881355933
QN0706,Queensboro Hill,Queens,2022-09,2022-09-01,940.0,59,15.932203389830509
QN0706,Queensboro Hill,Queens,2022-10,2022-10-01,1071.0,59,18.152542372881356
QN0706,Queensboro Hill,Queens,2022-11,2022-11-01,1010.0,59,17.11864406779661
QN0706,Queensboro Hill,Queens,2022-12,2022-12-01,787.0,59,13.338983050847459
QN0706,Queensboro Hill,Queens,2023-01,2023-01-01,921.0,59,15.610169491525424
QN0706,Queensboro Hill,Queens,2023-02,2023-02-01,821.0,59,13.915254237288135
QN0706,Queensboro Hill,Queens,2023-03,2023-03-01,934.0,59,15.830508474576272
QN0706,Queensboro Hill,Queens,2023-04,2023-04-01,1099.0,59,18.627118644067796
QN0706,Queensboro Hill,Queens,2023-05,2023-05-01,931.0,59,15.779661016949152
QN0706,Queensboro Hill,Queens,2023-06,2023-06-01,864.0,59,14.64406779661017
QN0706,Queensboro Hill,Queens,2023-07,2023-07-01,755.0,59,12.796610169491526
QN0706,Queensboro Hill,Queens,2023-08,2023-08-01,733.0,59,12.423728813559322
QN0706,Queensboro Hill,Queens,2023-09,2023-09-01,909.0,59,15.40677966101695
QN0706,Queensboro Hill,Queens,2023-10,2023-10-01,955.0,59,16.1864406779661
QN0706,Queensboro Hill,Queens,2023-11,2023-11-01,977.0,59,16.559322033898304
QN0706,Queensboro Hill,Queens,2023-12,2023-12-01,922.0,59,15.627118644067796
QN0706,Queensboro Hill,Queens,2024-01,2024-01-01,779.0,59,13.203389830508474
QN0706,Queensboro Hill,Queens,2024-02,2024-02-01,816.0,59,13.830508474576272
QN0706,Queensboro Hill,Queens,2024-03,2024-03-01,827.0,59,14.016949152542374
QN0706,Queensboro Hill,Queens,2024-04,2024-04-01,824.0,59,13.966101694915254
QN0706,Queensboro Hill,Queens,2024-05,2024-05-01,1013.0,59,17.16949152542373
QN0706,Queensboro Hill,Queens,2024-06,2024-06-01,795.0,59,13.474576271186441
QN0706,Queensboro Hill,Queens,2024-07,2024-07-01,684.0,59,11.59322033898305
QN0706,Queensboro Hill,Queens,2024-08,2024-08-01,691.0,59,11.711864406779661
QN0706,Queensboro Hill,Queens,2024-09,2024-09-01,837.0,59,14.186440677966102
QN0706,Queensboro Hill,Queens,2024-10,2024-10-01,1036.0,59,17.559322033898304
QN0706,Queensboro Hill,Queens,2024-11,2024-11-01,1035.0,59,17.54237288135593
QN0706,Queensboro Hill,Queens,2024-12,2024-12-01,796.0,59,13.491525423728813
QN0706,Queensboro Hill,Queens,2025-01,2025-01-01,746.0,59,12.64406779661017
QN0706,Queensboro Hill,Queens,2025-02,2025-02-01,665.0,59,11.271186440677965
QN0706,Queensboro Hill,Queens,2025-03,2025-03-01,871.0,59,14.76271186440678
QN0706,Queensboro Hill,Queens,2025-04,2025-04-01,858.0,59,14.542372881355933
QN0706,Queensboro Hill,Queens,2025-05,2025-05-01,982.0,59,16.64406779661017
QN0706,Queensboro Hill,Queens,2025-06,2025-06-01,700.0,59,11.864406779661017
QN0706,Queensboro Hill,Queens,2025-07,2025-07-01,586.0,59,9.932203389830509
QN0706,Queensboro Hill,Queens,2025-08,2025-08-01,578.0,59,9.796610169491526
QN0706,Queensboro Hill,Queens,2025-09,2025-09-01,857.0,59,14.525423728813559
QN0706,Queensboro Hill,Queens,2025-10,2025-10-01,821.0,59,13.915254237288135
QN0706,Queensboro Hill,Queens,2025-11,2025-11-01,22.0,59,0.3728813559322034
QN0707,Flushing-Willets Point,Queens,2022-03,2022-03-01,873.0,59,14.796610169491526
QN0707,Flushing-Willets Point,Queens,2022-04,2022-04-01,780.0,59,13.220338983050848
QN0707,Flushing-Willets Point,Queens,2022-05,2022-05-01,993.0,59,16.83050847457627
QN0707,Flushing-Willets Point,Queens,2022-06,2022-06-01,705.0,59,11.94915254237288
QN0707,Flushing-Willets Point,Queens,2022-07,2022-07-01,625.0,59,10.59322033898305
QN0707,Flushing-Willets Point,Queens,2022-08,2022-08-01,622.0,59,10.542372881355933
QN0707,Flushing-Willets Point,Queens,2022-09,2022-09-01,940.0,59,15.932203389830509
QN0707,Flushing-Willets Point,Queens,2022-10,2022-10-01,1071.0,59,18.152542372881356
QN0707,Flushing-Willets Point,Queens,2022-11,2022-11-01,1010.0,59,17.11864406779661
QN0707,Flushing-Willets Point,Queens,2022-12,2022-12-01,787.0,59,13.338983050847459
QN0707,Flushing-Willets Point,Queens,2023-01,2023-01-01,921.0,59,15.610169491525424
QN0707,Flushing-Willets Point,Queens,2023-02,2023-02-01,821.0,59,13.915254237288135
QN0707,Flushing-Willets Point,Queens,2023-03,2023-03-01,934.0,59,15.830508474576272
QN0707,Flushing-Willets Point,Queens,2023-04,2023-04-01,1099.0,59,18.627118644067796
QN0707,Flushing-Willets Point,Queens,2023-05,2023-05-01,931.0,59,15.779661016949152
QN0707,Flushing-Willets Point,Queens,2023-06,2023-06-01,864.0,59,14.64406779661017
QN0707,Flushing-Willets Point,Queens,2023-07,2023-07-01,755.0,59,12.796610169491526
QN0707,Flushing-Willets Point,Queens,2023-08,2023-08-01,733.0,59,12.423728813559322
QN0707,Flushing-Willets Point,Queens,2023-09,2023-09-01,909.0,59,15.40677966101695
QN0707,Flushing-Willets Point,Queens,2023-10,2023-10-01,955.0,59,16.1864406779661
QN0707,Flushing-Willets Point,Queens,2023-11,2023-11-01,977.0,59,16.559322033898304
QN0707,Flushing-Willets Point,Queens,2023-12,2023-12-01,922.0,59,15.627118644067796
QN0707,Flushing-Willets Point,Queens,2024-01,2024-01-01,779.0,59,13.203389830508474
QN0707,Flushing-Willets Point,Queens,2024-02,2024-02-01,816.0,59,13.830508474576272
QN0707,Flushing-Willets Point,Queens,2024-03,2024-03-01,827.0,59,14.016949152542374
QN0707,Flushing-Willets Point,Queens,2024-04,2024-04-01,824.0,59,13.966101694915254
QN0707,Flushing-Willets Point,Queens,2024-05,2024-05-01,1013.0,59,17.16949152542373
QN0707,Flushing-Willets Point,Queens,2024-06,2024-06-01,795.0,59,13.474576271186441
QN0707,Flushing-Willets Point,Queens,2024-07,2024-07-01,684.0,59,11.59322033898305
QN0707,Flushing-Willets Point,Queens,2024-08,2024-08-01,691.0,59,11.711864406779661
QN0707,Flushing-Willets Point,Queens,2024-09,2024-09-01,837.0,59,14.186440677966102
QN0707,Flushing-Willets Point,Queens,2024-10,2024-10-01,1036.0,59,17.559322033898304
QN0707,Flushing-Willets Point,Queens,2024-11,2024-11-01,1035.0,59,17.54237288135593
QN0707,Flushing-Willets Point,Queens,2024-12,2024-12-01,796.0,59,13.491525423728813
QN0707,Flushing-Willets Point,Queens,2025-01,2025-01-01,746.0,59,12.64406779661017
QN0707,Flushing-Willets Point,Queens,2025-02,2025-02-01,665.0,59,11.271186440677965
QN0707,Flushing-Willets Point,Queens,2025-03,2025-03-01,871.0,59,14.76271186440678
QN0707,Flushing-Willets Point,Queens,2025-04,2025-04-01,858.0,59,14.542372881355933
QN0707,Flushing-Willets Point,Queens,2025-05,2025-05-01,982.0,59,16.64406779661017
QN0707,Flushing-Willets Point,Queens,2025-06,2025-06-01,700.0,59,11.864406779661017
QN0707,Flushing-Willets Point,Queens,2025-07,2025-07-01,586.0,59,9.932203389830509
QN0707,Flushing-Willets Point,Queens,2025-08,2025-08-01,578.0,59,9.796610169491526
QN0707,Flushing-Willets Point,Queens,2025-09,2025-09-01,857.0,59,14.525423728813559
QN0707,Flushing-Willets Point,Queens,2025-10,2025-10-01,821.0,59,13.915254237288135
QN0707,Flushing-Willets Point,Queens,2025-11,2025-11-01,22.0,59,0.3728813559322034
QN0801,Kew Gardens Hills,Queens,2022-03,2022-03-01,873.0,59,14.796610169491526
QN0801,Kew Gardens Hills,Queens,2022-04,2022-04-01,780.0,59,13.220338983050848
QN0801,Kew Gardens Hills,Queens,2022-05,2022-05-01,993.0,59,16.83050847457627
QN0801,Kew Gardens Hills,Queens,2022-06,2022-06-01,705.0,59,11.94915254237288
QN0801,Kew Gardens Hills,Queens,2022-07,2022-07-01,625.0,59,10.59322033898305
QN0801,Kew Gardens Hills,Queens,2022-08,2022-08-01,622.0,59,10.542372881355933
QN0801,Kew Gardens Hills,Queens,2022-09,2022-09-01,940.0,59,15.932203389830509
QN0801,Kew Gardens Hills,Queens,2022-10,2022-10-01,1071.0,59,18.152542372881356
QN0801,Kew Gardens Hills,Queens,2022-11,2022-11-01,1010.0,59,17.11864406779661
QN0801,Kew Gardens Hills,Queens,2022-12,2022-12-01,787.0,59,13.338983050847459
QN0801,Kew Gardens Hills,Queens,2023-01,2023-01-01,921.0,59,15.610169491525424
QN0801,Kew Gardens Hills,Queens,2023-02,2023-02-01,821.0,59,13.915254237288135
QN0801,Kew Gardens Hills,Queens,2023-03,2023-03-01,934.0,59,15.830508474576272
QN0801,Kew Gardens Hills,Queens,2023-04,2023-04-01,1099.0,59,18.627118644067796
QN0801,Kew Gardens Hills,Queens,2023-05,2023-05-01,931.0,59,15.779661016949152
QN0801,Kew Gardens Hills,Queens,2023-06,2023-06-01,864.0,59,14.64406779661017
QN0801,Kew Gardens Hills,Queens,2023-07,2023-07-01,755.0,59,12.796610169491526
QN0801,Kew Gardens Hills,Queens,2023-08,2023-08-01,733.0,59,12.423728813559322
QN0801,Kew Gardens Hills,Queens,2023-09,2023-09-01,909.0,59,15.40677966101695
QN0801,Kew Gardens Hills,Queens,2023-10,2023-10-01,955.0,59,16.1864406779661
QN0801,Kew Gardens Hills,Queens,2023-11,2023-11-01,977.0,59,16.559322033898304
QN0801,Kew Gardens Hills,Queens,2023-12,2023-12-01,922.0,59,15.627118644067796
QN0801,Kew Gardens Hills,Queens,2024-01,2024-01-01,779.0,59,13.203389830508474
QN0801,Kew Gardens Hills,Queens,2024-02,2024-02-01,816.0,59,13.830508474576272
QN0801,Kew Gardens Hills,Queens,2024-03,2024-03-01,827.0,59,14.016949152542374
QN0801,Kew Gardens Hills,Queens,2024-04,2024-04-01,824.0,59,13.966101694915254
QN0801,Kew Gardens Hills,Queens,2024-05,2024-05-01,1013.0,59,17.16949152542373
QN0801,Kew Gardens Hills,Queens,2024-06,2024-06-01,795.0,59,13.474576271186441
QN0801,Kew Gardens Hills,Queens,2024-07,2024-07-01,684.0,59,11.59322033898305
QN0801,Kew Gardens Hills,Queens,2024-08,2024-08-01,691.0,59,11.711864406779661
QN0801,Kew Gardens Hills,Queens,2024-09,2024-09-01,837.0,59,14.186440677966102
QN0801,Kew Gardens Hills,Queens,2024-10,2024-10-01,1036.0,59,17.559322033898304
QN0801,Kew Gardens Hills,Queens,2024-11,2024-11-01,1035.0,59,17.54237288135593
QN0801,Kew Gardens Hills,Queens,2024-12,2024-12-01,796.0,59,13.491525423728813
QN0801,Kew Gardens Hills,Queens,2025-01,2025-01-01,746.0,59,12.64406779661017
QN0801,Kew Gardens Hills,Queens,2025-02,2025-02-01,665.0,59,11.271186440677965
QN0801,Kew Gardens Hills,Queens,2025-03,2025-03-01,871.0,59,14.76271186440678
QN0801,Kew Gardens Hills,Queens,2025-04,2025-04-01,858.0,59,14.542372881355933
QN0801,Kew Gardens Hills,Queens,2025-05,2025-05-01,982.0,59,16.64406779661017
QN0801,Kew Gardens Hills,Queens,2025-06,2025-06-01,700.0,59,11.864406779661017
QN0801,Kew Gardens Hills,Queens,2025-07,2025-07-01,586.0,59,9.932203389830509
QN0801,Kew Gardens Hills,Queens,2025-08,2025-08-01,578.0,59,9.796610169491526
QN0801,Kew Gardens Hills,Queens,2025-09,2025-09-01,857.0,59,14.525423728813559
QN0801,Kew Gardens Hills,Queens,2025-10,2025-10-01,821.0,59,13.915254237288135
QN0801,Kew Gardens Hills,Queens,2025-11,2025-11-01,22.0,59,0.3728813559322034
QN0802,Pomonok-Electchester-Hillcrest,Queens,2022-03,2022-03-01,873.0,59,14.796610169491526
QN0802,Pomonok-Electchester-Hillcrest,Queens,2022-04,2022-04-01,780.0,59,13.220338983050848
QN0802,Pomonok-Electchester-Hillcrest,Queens,2022-05,2022-05-01,993.0,59,16.83050847457627
QN0802,Pomonok-Electchester-Hillcrest,Queens,2022-06,2022-06-01,705.0,59,11.94915254237288
QN0802,Pomonok-Electchester-Hillcrest,Queens,2022-07,2022-07-01,625.0,59,10.59322033898305
QN0802,Pomonok-Electchester-Hillcrest,Queens,2022-08,2022-08-01,622.0,59,10.542372881355933
QN0802,Pomonok-Electchester-Hillcrest,Queens,2022-09,2022-09-01,940.0,59,15.932203389830509
QN0802,Pomonok-Electchester-Hillcrest,Queens,2022-10,2022-10-01,1071.0,59,18.152542372881356
QN0802,Pomonok-Electchester-Hillcrest,Queens,2022-11,2022-11-01,1010.0,59,17.11864406779661
QN0802,Pomonok-Electchester-Hillcrest,Queens,2022-12,2022-12-01,787.0,59,13.338983050847459
QN0802,Pomonok-Electchester-Hillcrest,Queens,2023-01,2023-01-01,921.0,59,15.610169491525424
QN0802,Pomonok-Electchester-Hillcrest,Queens,2023-02,2023-02-01,821.0,59,13.915254237288135
QN0802,Pomonok-Electchester-Hillcrest,Queens,2023-03,2023-03-01,934.0,59,15.830508474576272
QN0802,Pomonok-Electchester-Hillcrest,Queens,2023-04,2023-04-01,1099.0,59,18.627118644067796
QN0802,Pomonok-Electchester-Hillcrest,Queens,2023-05,2023-05-01,931.0,59,15.779661016949152
QN0802,Pomonok-Electchester-Hillcrest,Queens,2023-06,2023-06-01,864.0,59,14.64406779661017
QN0802,Pomonok-Electchester-Hillcrest,Queens,2023-07,2023-07-01,755.0,59,12.796610169491526
QN0802,Pomonok-Electchester-Hillcrest,Queens,2023-08,2023-08-01,733.0,59,12.423728813559322
QN0802,Pomonok-Electchester-Hillcrest,Queens,2023-09,2023-09-01,909.0,59,15.40677966101695
QN0802,Pomonok-Electchester-Hillcrest,Queens,2023-10,2023-10-01,955.0,59,16.1864406779661
QN0802,Pomonok-Electchester-Hillcrest,Queens,2023-11,2023-11-01,977.0,59,16.559322033898304
QN0802,Pomonok-Electchester-Hillcrest,Queens,2023-12,2023-12-01,922.0,59,15.627118644067796
QN0802,Pomonok-Electchester-Hillcrest,Queens,2024-01,2024-01-01,779.0,59,13.203389830508474
QN0802,Pomonok-Electchester-Hillcrest,Queens,2024-02,2024-02-01,816.0,59,13.830508474576272
QN0802,Pomonok-Electchester-Hillcrest,Queens,2024-03,2024-03-01,827.0,59,14.016949152542374
QN0802,Pomonok-Electchester-Hillcrest,Queens,2024-04,2024-04-01,824.0,59,13.966101694915254
QN0802,Pomonok-Electchester-Hillcrest,Queens,2024-05,2024-05-01,1013.0,59,17.16949152542373
QN0802,Pomonok-Electchester-Hillcrest,Queens,2024-06,2024-06-01,795.0,59,13.474576271186441
QN0802,Pomonok-Electchester-Hillcrest,Queens,2024-07,2024-07-01,684.0,59,11.59322033898305
QN0802,Pomonok-Electchester-Hillcrest,Queens,2024-08,2024-08-01,691.0,59,11.711864406779661
QN0802,Pomonok-Electchester-Hillcrest,Queens,2024-09,2024-09-01,837.0,59,14.186440677966102
QN0802,Pomonok-Electchester-Hillcrest,Queens,2024-10,2024-10-01,1036.0,59,17.559322033898304
QN0802,Pomonok-Electchester-Hillcrest,Queens,2024-11,2024-11-01,1035.0,59,17.54237288135593
QN0802,Pomonok-Electchester-Hillcrest,Queens,2024-12,2024-12-01,796.0,59,13.491525423728813
QN0802,Pomonok-Electchester-Hillcrest,Queens,2025-01,2025-01-01,746.0,59,12.64406779661017
QN0802,Pomonok-Electchester-Hillcrest,Queens,2025-02,2025-02-01,665.0,59,11.271186440677965
QN0802,Pomonok-Electchester-Hillcrest,Queens,2025-03,2025-03-01,871.0,59,14.76271186440678
QN0802,Pomonok-Electchester-Hillcrest,Queens,2025-04,2025-04-01,858.0,59,14.542372881355933
QN0802,Pomonok-Electchester-Hillcrest,Queens,2025-05,2025-05-01,982.0,59,16.64406779661017
QN0802,Pomonok-Electchester-Hillcrest,Queens,2025-06,2025-06-01,700.0,59,11.864406779661017
QN0802,Pomonok-Electchester-Hillcrest,Queens,2025-07,2025-07-01,586.0,59,9.932203389830509
QN0802,Pomonok-Electchester-Hillcrest,Queens,2025-08,2025-08-01,578.0,59,9.796610169491526
QN0802,Pomonok-Electchester-Hillcrest,Queens,2025-09,2025-09-01,857.0,59,14.525423728813559
QN0802,Pomonok-Electchester-Hillcrest,Queens,2025-10,2025-10-01,821.0,59,13.915254237288135
QN0802,Pomonok-Electchester-Hillcrest,Queens,2025-11,2025-11-01,22.0,59,0.3728813559322034
QN0803,Fresh Meadows-Utopia,Queens,2022-03,2022-03-01,873.0,59,14.796610169491526
QN0803,Fresh Meadows-Utopia,Queens,2022-04,2022-04-01,780.0,59,13.220338983050848
QN0803,Fresh Meadows-Utopia,Queens,2022-05,2022-05-01,993.0,59,16.83050847457627
QN0803,Fresh Meadows-Utopia,Queens,2022-06,2022-06-01,705.0,59,11.94915254237288
QN0803,Fresh Meadows-Utopia,Queens,2022-07,2022-07-01,625.0,59,10.59322033898305
QN0803,Fresh Meadows-Utopia,Queens,2022-08,2022-08-01,622.0,59,10.542372881355933
QN0803,Fresh Meadows-Utopia,Queens,2022-09,2022-09-01,940.0,59,15.932203389830509
QN0803,Fresh Meadows-Utopia,Queens,2022-10,2022-10-01,1071.0,59,18.152542372881356
QN0803,Fresh Meadows-Utopia,Queens,2022-11,2022-11-01,1010.0,59,17.11864406779661
QN0803,Fresh Meadows-Utopia,Queens,2022-12,2022-12-01,787.0,59,13.338983050847459
QN0803,Fresh Meadows-Utopia,Queens,2023-01,2023-01-01,921.0,59,15.610169491525424
QN0803,Fresh Meadows-Utopia,Queens,2023-02,2023-02-01,821.0,59,13.915254237288135
QN0803,Fresh Meadows-Utopia,Queens,2023-03,2023-03-01,934.0,59,15.830508474576272
QN0803,Fresh Meadows-Utopia,Queens,2023-04,2023-04-01,1099.0,59,18.627118644067796
QN0803,Fresh Meadows-Utopia,Queens,2023-05,2023-05-01,931.0,59,15.779661016949152
QN0803,Fresh Meadows-Utopia,Queens,2023-06,2023-06-01,864.0,59,14.64406779661017
QN0803,Fresh Meadows-Utopia,Queens,2023-07,2023-07-01,755.0,59,12.796610169491526
QN0803,Fresh Meadows-Utopia,Queens,2023-08,2023-08-01,733.0,59,12.423728813559322
QN0803,Fresh Meadows-Utopia,Queens,2023-09,2023-09-01,909.0,59,15.40677966101695
QN0803,Fresh Meadows-Utopia,Queens,2023-10,2023-10-01,955.0,59,16.1864406779661
QN0803,Fresh Meadows-Utopia,Queens,2023-11,2023-11-01,977.0,59,16.559322033898304
QN0803,Fresh Meadows-Utopia,Queens,2023-12,2023-12-01,922.0,59,15.627118644067796
QN0803,Fresh Meadows-Utopia,Queens,2024-01,2024-01-01,779.0,59,13.203389830508474
QN0803,Fresh Meadows-Utopia,Queens,2024-02,2024-02-01,816.0,59,13.830508474576272
QN0803,Fresh Meadows-Utopia,Queens,2024-03,2024-03-01,827.0,59,14.016949152542374
QN0803,Fresh Meadows-Utopia,Queens,2024-04,2024-04-01,824.0,59,13.966101694915254
QN0803,Fresh Meadows-Utopia,Queens,2024-05,2024-05-01,1013.0,59,17.16949152542373
QN0803,Fresh Meadows-Utopia,Queens,2024-06,2024-06-01,795.0,59,13.474576271186441
QN0803,Fresh Meadows-Utopia,Queens,2024-07,2024-07-01,684.0,59,11.59322033898305
QN0803,Fresh Meadows-Utopia,Queens,2024-08,2024-08-01,691.0,59,11.711864406779661
QN0803,Fresh Meadows-Utopia,Queens,2024-09,2024-09-01,837.0,59,14.186440677966102
QN0803,Fresh Meadows-Utopia,Queens,2024-10,2024-10-01,1036.0,59,17.559322033898304
QN0803,Fresh Meadows-Utopia,Queens,2024-11,2024-11-01,1035.0,59,17.54237288135593
QN0803,Fresh Meadows-Utopia,Queens,2024-12,2024-12-01,796.0,59,13.491525423728813
QN0803,Fresh Meadows-Utopia,Queens,2025-01,2025-01-01,746.0,59,12.64406779661017
QN0803,Fresh Meadows-Utopia,Queens,2025-02,2025-02-01,665.0,59,11.271186440677965
QN0803,Fresh Meadows-Utopia,Queens,2025-03,2025-03-01,871.0,59,14.76271186440678
QN0803,Fresh Meadows-Utopia,Queens,2025-04,2025-04-01,858.0,59,14.542372881355933
QN0803,Fresh Meadows-Utopia,Queens,2025-05,2025-05-01,982.0,59,16.64406779661017
QN0803,Fresh Meadows-Utopia,Queens,2025-06,2025-06-01,700.0,59,11.864406779661017
QN0803,Fresh Meadows-Utopia,Queens,2025-07,2025-07-01,586.0,59,9.932203389830509
QN0803,Fresh Meadows-Utopia,Queens,2025-08,2025-08-01,578.0,59,9.796610169491526
QN0803,Fresh Meadows-Utopia,Queens,2025-09,2025-09-01,857.0,59,14.525423728813559
QN0803,Fresh Meadows-Utopia,Queens,2025-10,2025-10-01,821.0,59,13.915254237288135
QN0803,Fresh Meadows-Utopia,Queens,2025-11,2025-11-01,22.0,59,0.3728813559322034
QN0804,Jamaica Estates-Holliswood,Queens,2022-03,2022-03-01,873.0,59,14.796610169491526
QN0804,Jamaica Estates-Holliswood,Queens,2022-04,2022-04-01,780.0,59,13.220338983050848
QN0804,Jamaica Estates-Holliswood,Queens,2022-05,2022-05-01,993.0,59,16.83050847457627
QN0804,Jamaica Estates-Holliswood,Queens,2022-06,2022-06-01,705.0,59,11.94915254237288
QN0804,Jamaica Estates-Holliswood,Queens,2022-07,2022-07-01,625.0,59,10.59322033898305
QN0804,Jamaica Estates-Holliswood,Queens,2022-08,2022-08-01,622.0,59,10.542372881355933
QN0804,Jamaica Estates-Holliswood,Queens,2022-09,2022-09-01,940.0,59,15.932203389830509
QN0804,Jamaica Estates-Holliswood,Queens,2022-10,2022-10-01,1071.0,59,18.152542372881356
QN0804,Jamaica Estates-Holliswood,Queens,2022-11,2022-11-01,1010.0,59,17.11864406779661
QN0804,Jamaica Estates-Holliswood,Queens,2022-12,2022-12-01,787.0,59,13.338983050847459
QN0804,Jamaica Estates-Holliswood,Queens,2023-01,2023-01-01,921.0,59,15.610169491525424
QN0804,Jamaica Estates-Holliswood,Queens,2023-02,2023-02-01,821.0,59,13.915254237288135
QN0804,Jamaica Estates-Holliswood,Queens,2023-03,2023-03-01,934.0,59,15.830508474576272
QN0804,Jamaica Estates-Holliswood,Queens,2023-04,2023-04-01,1099.0,59,18.627118644067796
QN0804,Jamaica Estates-Holliswood,Queens,2023-05,2023-05-01,931.0,59,15.779661016949152
QN0804,Jamaica Estates-Holliswood,Queens,2023-06,2023-06-01,864.0,59,14.64406779661017
QN0804,Jamaica Estates-Holliswood,Queens,2023-07,2023-07-01,755.0,59,12.796610169491526
QN0804,Jamaica Estates-Holliswood,Queens,2023-08,2023-08-01,733.0,59,12.423728813559322
QN0804,Jamaica Estates-Holliswood,Queens,2023-09,2023-09-01,909.0,59,15.40677966101695
QN0804,Jamaica Estates-Holliswood,Queens,2023-10,2023-10-01,955.0,59,16.1864406779661
QN0804,Jamaica Estates-Holliswood,Queens,2023-11,2023-11-01,977.0,59,16.559322033898304
QN0804,Jamaica Estates-Holliswood,Queens,2023-12,2023-12-01,922.0,59,15.627118644067796
QN0804,Jamaica Estates-Holliswood,Queens,2024-01,2024-01-01,779.0,59,13.203389830508474
QN0804,Jamaica Estates-Holliswood,Queens,2024-02,2024-02-01,816.0,59,13.830508474576272
QN0804,Jamaica Estates-Holliswood,Queens,2024-03,2024-03-01,827.0,59,14.016949152542374
QN0804,Jamaica Estates-Holliswood,Queens,2024-04,2024-04-01,824.0,59,13.966101694915254
QN0804,Jamaica Estates-Holliswood,Queens,2024-05,2024-05-01,1013.0,59,17.16949152542373
QN0804,Jamaica Estates-Holliswood,Queens,2024-06,2024-06-01,795.0,59,13.474576271186441
QN0804,Jamaica Estates-Holliswood,Queens,2024-07,2024-07-01,684.0,59,11.59322033898305
QN0804,Jamaica Estates-Holliswood,Queens,2024-08,2024-08-01,691.0,59,11.711864406779661
QN0804,Jamaica Estates-Holliswood,Queens,2024-09,2024-09-01,837.0,59,14.186440677966102
QN0804,Jamaica Estates-Holliswood,Queens,2024-10,2024-10-01,1036.0,59,17.559322033898304
QN0804,Jamaica Estates-Holliswood,Queens,2024-11,2024-11-01,1035.0,59,17.54237288135593
QN0804,Jamaica Estates-Holliswood,Queens,2024-12,2024-12-01,796.0,59,13.491525423728813
QN0804,Jamaica Estates-Holliswood,Queens,2025-01,2025-01-01,746.0,59,12.64406779661017
QN0804,Jamaica Estates-Holliswood,Queens,2025-02,2025-02-01,665.0,59,11.271186440677965
QN0804,Jamaica Estates-Holliswood,Queens,2025-03,2025-03-01,871.0,59,14.76271186440678
QN0804,Jamaica Estates-Holliswood,Queens,2025-04,2025-04-01,858.0,59,14.542372881355933
QN0804,Jamaica Estates-Holliswood,Queens,2025-05,2025-05-01,982.0,59,16.64406779661017
QN0804,Jamaica Estates-Holliswood,Queens,2025-06,2025-06-01,700.0,59,11.864406779661017
QN0804,Jamaica Estates-Holliswood,Queens,2025-07,2025-07-01,586.0,59,9.932203389830509
QN0804,Jamaica Estates-Holliswood,Queens,2025-08,2025-08-01,578.0,59,9.796610169491526
QN0804,Jamaica Estates-Holliswood,Queens,2025-09,2025-09-01,857.0,59,14.525423728813559
QN0804,Jamaica Estates-Holliswood,Queens,2025-10,2025-10-01,821.0,59,13.915254237288135
QN0804,Jamaica Estates-Holliswood,Queens,2025-11,2025-11-01,22.0,59,0.3728813559322034
QN0805,Jamaica Hills-Briarwood,Queens,2022-03,2022-03-01,873.0,59,14.796610169491526
QN0805,Jamaica Hills-Briarwood,Queens,2022-04,2022-04-01,780.0,59,13.220338983050848
QN0805,Jamaica Hills-Briarwood,Queens,2022-05,2022-05-01,993.0,59,16.83050847457627
QN0805,Jamaica Hills-Briarwood,Queens,2022-06,2022-06-01,705.0,59,11.94915254237288
QN0805,Jamaica Hills-Briarwood,Queens,2022-07,2022-07-01,625.0,59,10.59322033898305
QN0805,Jamaica Hills-Briarwood,Queens,2022-08,2022-08-01,622.0,59,10.542372881355933
QN0805,Jamaica Hills-Briarwood,Queens,2022-09,2022-09-01,940.0,59,15.932203389830509
QN0805,Jamaica Hills-Briarwood,Queens,2022-10,2022-10-01,1071.0,59,18.152542372881356
QN0805,Jamaica Hills-Briarwood,Queens,2022-11,2022-11-01,1010.0,59,17.11864406779661
QN0805,Jamaica Hills-Briarwood,Queens,2022-12,2022-12-01,787.0,59,13.338983050847459
QN0805,Jamaica Hills-Briarwood,Queens,2023-01,2023-01-01,921.0,59,15.610169491525424
QN0805,Jamaica Hills-Briarwood,Queens,2023-02,2023-02-01,821.0,59,13.915254237288135
QN0805,Jamaica Hills-Briarwood,Queens,2023-03,2023-03-01,934.0,59,15.830508474576272
QN0805,Jamaica Hills-Briarwood,Queens,2023-04,2023-04-01,1099.0,59,18.627118644067796
QN0805,Jamaica Hills-Briarwood,Queens,2023-05,2023-05-01,931.0,59,15.779661016949152
QN0805,Jamaica Hills-Briarwood,Queens,2023-06,2023-06-01,864.0,59,14.64406779661017
QN0805,Jamaica Hills-Briarwood,Queens,2023-07,2023-07-01,755.0,59,12.796610169491526
QN0805,Jamaica Hills-Briarwood,Queens,2023-08,2023-08-01,733.0,59,12.423728813559322
QN0805,Jamaica Hills-Briarwood,Queens,2023-09,2023-09-01,909.0,59,15.40677966101695
QN0805,Jamaica Hills-Briarwood,Queens,2023-10,2023-10-01,955.0,59,16.1864406779661
QN0805,Jamaica Hills-Briarwood,Queens,2023-11,2023-11-01,977.0,59,16.559322033898304
QN0805,Jamaica Hills-Briarwood,Queens,2023-12,2023-12-01,922.0,59,15.627118644067796
QN0805,Jamaica Hills-Briarwood,Queens,2024-01,2024-01-01,779.0,59,13.203389830508474
QN0805,Jamaica Hills-Briarwood,Queens,2024-02,2024-02-01,816.0,59,13.830508474576272
QN0805,Jamaica Hills-Briarwood,Queens,2024-03,2024-03-01,827.0,59,14.016949152542374
QN0805,Jamaica Hills-Briarwood,Queens,2024-04,2024-04-01,824.0,59,13.966101694915254
QN0805,Jamaica Hills-Briarwood,Queens,2024-05,2024-05-01,1013.0,59,17.16949152542373
QN0805,Jamaica Hills-Briarwood,Queens,2024-06,2024-06-01,795.0,59,13.474576271186441
QN0805,Jamaica Hills-Briarwood,Queens,2024-07,2024-07-01,684.0,59,11.59322033898305
QN0805,Jamaica Hills-Briarwood,Queens,2024-08,2024-08-01,691.0,59,11.711864406779661
QN0805,Jamaica Hills-Briarwood,Queens,2024-09,2024-09-01,837.0,59,14.186440677966102
QN0805,Jamaica Hills-Briarwood,Queens,2024-10,2024-10-01,1036.0,59,17.559322033898304
QN0805,Jamaica Hills-Briarwood,Queens,2024-11,2024-11-01,1035.0,59,17.54237288135593
QN0805,Jamaica Hills-Briarwood,Queens,2024-12,2024-12-01,796.0,59,13.491525423728813
QN0805,Jamaica Hills-Briarwood,Queens,2025-01,2025-01-01,746.0,59,12.64406779661017
QN0805,Jamaica Hills-Briarwood,Queens,2025-02,2025-02-01,665.0,59,11.271186440677965
QN0805,Jamaica Hills-Briarwood,Queens,2025-03,2025-03-01,871.0,59,14.76271186440678
QN0805,Jamaica Hills-Briarwood,Queens,2025-04,2025-04-01,858.0,59,14.542372881355933
QN0805,Jamaica Hills-Briarwood,Queens,2025-05,2025-05-01,982.0,59,16.64406779661017
QN0805,Jamaica Hills-Briarwood,Queens,2025-06,2025-06-01,700.0,59,11.864406779661017
QN0805,Jamaica Hills-Briarwood,Queens,2025-07,2025-07-01,586.0,59,9.932203389830509
QN0805,Jamaica Hills-Briarwood,Queens,2025-08,2025-08-01,578.0,59,9.796610169491526
QN0805,Jamaica Hills-Briarwood,Queens,2025-09,2025-09-01,857.0,59,14.525423728813559
QN0805,Jamaica Hills-Briarwood,Queens,2025-10,2025-10-01,821.0,59,13.915254237288135
QN0805,Jamaica Hills-Briarwood,Queens,2025-11,2025-11-01,22.0,59,0.3728813559322034
QN0901,Kew Gardens,Queens,2022-03,2022-03-01,873.0,59,14.796610169491526
QN0901,Kew Gardens,Queens,2022-04,2022-04-01,780.0,59,13.220338983050848
QN0901,Kew Gardens,Queens,2022-05,2022-05-01,993.0,59,16.83050847457627
QN0901,Kew Gardens,Queens,2022-06,2022-06-01,705.0,59,11.94915254237288
QN0901,Kew Gardens,Queens,2022-07,2022-07-01,625.0,59,10.59322033898305
QN0901,Kew Gardens,Queens,2022-08,2022-08-01,622.0,59,10.542372881355933
QN0901,Kew Gardens,Queens,2022-09,2022-09-01,940.0,59,15.932203389830509
QN0901,Kew Gardens,Queens,2022-10,2022-10-01,1071.0,59,18.152542372881356
QN0901,Kew Gardens,Queens,2022-11,2022-11-01,1010.0,59,17.11864406779661
QN0901,Kew Gardens,Queens,2022-12,2022-12-01,787.0,59,13.338983050847459
QN0901,Kew Gardens,Queens,2023-01,2023-01-01,921.0,59,15.610169491525424
QN0901,Kew Gardens,Queens,2023-02,2023-02-01,821.0,59,13.915254237288135
QN0901,Kew Gardens,Queens,2023-03,2023-03-01,934.0,59,15.830508474576272
QN0901,Kew Gardens,Queens,2023-04,2023-04-01,1099.0,59,18.627118644067796
QN0901,Kew Gardens,Queens,2023-05,2023-05-01,931.0,59,15.779661016949152
QN0901,Kew Gardens,Queens,2023-06,2023-06-01,864.0,59,14.64406779661017
QN0901,Kew Gardens,Queens,2023-07,2023-07-01,755.0,59,12.796610169491526
QN0901,Kew Gardens,Queens,2023-08,2023-08-01,733.0,59,12.423728813559322
QN0901,Kew Gardens,Queens,2023-09,2023-09-01,909.0,59,15.40677966101695
QN0901,Kew Gardens,Queens,2023-10,2023-10-01,955.0,59,16.1864406779661
QN0901,Kew Gardens,Queens,2023-11,2023-11-01,977.0,59,16.559322033898304
QN0901,Kew Gardens,Queens,2023-12,2023-12-01,922.0,59,15.627118644067796
QN0901,Kew Gardens,Queens,2024-01,2024-01-01,779.0,59,13.203389830508474
QN0901,Kew Gardens,Queens,2024-02,2024-02-01,816.0,59,13.830508474576272
QN0901,Kew Gardens,Queens,2024-03,2024-03-01,827.0,59,14.016949152542374
QN0901,Kew Gardens,Queens,2024-04,2024-04-01,824.0,59,13.966101694915254
QN0901,Kew Gardens,Queens,2024-05,2024-05-01,1013.0,59,17.16949152542373
QN0901,Kew Gardens,Queens,2024-06,2024-06-01,795.0,59,13.474576271186441
QN0901,Kew Gardens,Queens,2024-07,2024-07-01,684.0,59,11.59322033898305
QN0901,Kew Gardens,Queens,2024-08,2024-08-01,691.0,59,11.711864406779661
QN0901,Kew Gardens,Queens,2024-09,2024-09-01,837.0,59,14.186440677966102
QN0901,Kew Gardens,Queens,2024-10,2024-10-01,1036.0,59,17.559322033898304
QN0901,Kew Gardens,Queens,2024-11,2024-11-01,1035.0,59,17.54237288135593
QN0901,Kew Gardens,Queens,2024-12,2024-12-01,796.0,59,13.491525423728813
QN0901,Kew Gardens,Queens,2025-01,2025-01-01,746.0,59,12.64406779661017
QN0901,Kew Gardens,Queens,2025-02,2025-02-01,665.0,59,11.271186440677965
QN0901,Kew Gardens,Queens,2025-03,2025-03-01,871.0,59,14.76271186440678
QN0901,Kew Gardens,Queens,2025-04,2025-04-01,858.0,59,14.542372881355933
QN0901,Kew Gardens,Queens,2025-05,2025-05-01,982.0,59,16.64406779661017
QN0901,Kew Gardens,Queens,2025-06,2025-06-01,700.0,59,11.864406779661017
QN0901,Kew Gardens,Queens,2025-07,2025-07-01,586.0,59,9.932203389830509
QN0901,Kew Gardens,Queens,2025-08,2025-08-01,578.0,59,9.796610169491526
QN0901,Kew Gardens,Queens,2025-09,2025-09-01,857.0,59,14.525423728813559
QN0901,Kew Gardens,Queens,2025-10,2025-10-01,821.0,59,13.915254237288135
QN0901,Kew Gardens,Queens,2025-11,2025-11-01,22.0,59,0.3728813559322034
QN0902,Richmond Hill,Queens,2022-03,2022-03-01,873.0,59,14.796610169491526
QN0902,Richmond Hill,Queens,2022-04,2022-04-01,780.0,59,13.220338983050848
QN0902,Richmond Hill,Queens,2022-05,2022-05-01,993.0,59,16.83050847457627
QN0902,Richmond Hill,Queens,2022-06,2022-06-01,705.0,59,11.94915254237288
QN0902,Richmond Hill,Queens,2022-07,2022-07-01,625.0,59,10.59322033898305
QN0902,Richmond Hill,Queens,2022-08,2022-08-01,622.0,59,10.542372881355933
QN0902,Richmond Hill,Queens,2022-09,2022-09-01,940.0,59,15.932203389830509
QN0902,Richmond Hill,Queens,2022-10,2022-10-01,1071.0,59,18.152542372881356
QN0902,Richmond Hill,Queens,2022-11,2022-11-01,1010.0,59,17.11864406779661
QN0902,Richmond Hill,Queens,2022-12,2022-12-01,787.0,59,13.338983050847459
QN0902,Richmond Hill,Queens,2023-01,2023-01-01,921.0,59,15.610169491525424
QN0902,Richmond Hill,Queens,2023-02,2023-02-01,821.0,59,13.915254237288135
QN0902,Richmond Hill,Queens,2023-03,2023-03-01,934.0,59,15.830508474576272
QN0902,Richmond Hill,Queens,2023-04,2023-04-01,1099.0,59,18.627118644067796
QN0902,Richmond Hill,Queens,2023-05,2023-05-01,931.0,59,15.779661016949152
QN0902,Richmond Hill,Queens,2023-06,2023-06-01,864.0,59,14.64406779661017
QN0902,Richmond Hill,Queens,2023-07,2023-07-01,755.0,59,12.796610169491526
QN0902,Richmond Hill,Queens,2023-08,2023-08-01,733.0,59,12.423728813559322
QN0902,Richmond Hill,Queens,2023-09,2023-09-01,909.0,59,15.40677966101695
QN0902,Richmond Hill,Queens,2023-10,2023-10-01,955.0,59,16.1864406779661
QN0902,Richmond Hill,Queens,2023-11,2023-11-01,977.0,59,16.559322033898304
QN0902,Richmond Hill,Queens,2023-12,2023-12-01,922.0,59,15.627118644067796
QN0902,Richmond Hill,Queens,2024-01,2024-01-01,779.0,59,13.203389830508474
QN0902,Richmond Hill,Queens,2024-02,2024-02-01,816.0,59,13.830508474576272
QN0902,Richmond Hill,Queens,2024-03,2024-03-01,827.0,59,14.016949152542374
QN0902,Richmond Hill,Queens,2024-04,2024-04-01,824.0,59,13.966101694915254
QN0902,Richmond Hill,Queens,2024-05,2024-05-01,1013.0,59,17.16949152542373
QN0902,Richmond Hill,Queens,2024-06,2024-06-01,795.0,59,13.474576271186441
QN0902,Richmond Hill,Queens,2024-07,2024-07-01,684.0,59,11.59322033898305
QN0902,Richmond Hill,Queens,2024-08,2024-08-01,691.0,59,11.711864406779661
QN0902,Richmond Hill,Queens,2024-09,2024-09-01,837.0,59,14.186440677966102
QN0902,Richmond Hill,Queens,2024-10,2024-10-01,1036.0,59,17.559322033898304
QN0902,Richmond Hill,Queens,2024-11,2024-11-01,1035.0,59,17.54237288135593
QN0902,Richmond Hill,Queens,2024-12,2024-12-01,796.0,59,13.491525423728813
QN0902,Richmond Hill,Queens,2025-01,2025-01-01,746.0,59,12.64406779661017
QN0902,Richmond Hill,Queens,2025-02,2025-02-01,665.0,59,11.271186440677965
QN0902,Richmond Hill,Queens,2025-03,2025-03-01,871.0,59,14.76271186440678
QN0902,Richmond Hill,Queens,2025-04,2025-04-01,858.0,59,14.542372881355933
QN0902,Richmond Hill,Queens,2025-05,2025-05-01,982.0,59,16.64406779661017
QN0902,Richmond Hill,Queens,2025-06,2025-06-01,700.0,59,11.864406779661017
QN0902,Richmond Hill,Queens,2025-07,2025-07-01,586.0,59,9.932203389830509
QN0902,Richmond Hill,Queens,2025-08,2025-08-01,578.0,59,9.796610169491526
QN0902,Richmond Hill,Queens,2025-09,2025-09-01,857.0,59,14.525423728813559
QN0902,Richmond Hill,Queens,2025-10,2025-10-01,821.0,59,13.915254237288135
QN0902,Richmond Hill,Queens,2025-11,2025-11-01,22.0,59,0.3728813559322034
QN0903,South Richmond Hill,Queens,2022-03,2022-03-01,873.0,59,14.796610169491526
QN0903,South Richmond Hill,Queens,2022-04,2022-04-01,780.0,59,13.220338983050848
QN0903,South Richmond Hill,Queens,2022-05,2022-05-01,993.0,59,16.83050847457627
QN0903,South Richmond Hill,Queens,2022-06,2022-06-01,705.0,59,11.94915254237288
QN0903,South Richmond Hill,Queens,2022-07,2022-07-01,625.0,59,10.59322033898305
QN0903,South Richmond Hill,Queens,2022-08,2022-08-01,622.0,59,10.542372881355933
QN0903,South Richmond Hill,Queens,2022-09,2022-09-01,940.0,59,15.932203389830509
QN0903,South Richmond Hill,Queens,2022-10,2022-10-01,1071.0,59,18.152542372881356
QN0903,South Richmond Hill,Queens,2022-11,2022-11-01,1010.0,59,17.11864406779661
QN0903,South Richmond Hill,Queens,2022-12,2022-12-01,787.0,59,13.338983050847459
QN0903,South Richmond Hill,Queens,2023-01,2023-01-01,921.0,59,15.610169491525424
QN0903,South Richmond Hill,Queens,2023-02,2023-02-01,821.0,59,13.915254237288135
QN0903,South Richmond Hill,Queens,2023-03,2023-03-01,934.0,59,15.830508474576272
QN0903,South Richmond Hill,Queens,2023-04,2023-04-01,1099.0,59,18.627118644067796
QN0903,South Richmond Hill,Queens,2023-05,2023-05-01,931.0,59,15.779661016949152
QN0903,South Richmond Hill,Queens,2023-06,2023-06-01,864.0,59,14.64406779661017
QN0903,South Richmond Hill,Queens,2023-07,2023-07-01,755.0,59,12.796610169491526
QN0903,South Richmond Hill,Queens,2023-08,2023-08-01,733.0,59,12.423728813559322
QN0903,South Richmond Hill,Queens,2023-09,2023-09-01,909.0,59,15.40677966101695
QN0903,South Richmond Hill,Queens,2023-10,2023-10-01,955.0,59,16.1864406779661
QN0903,South Richmond Hill,Queens,2023-11,2023-11-01,977.0,59,16.559322033898304
QN0903,South Richmond Hill,Queens,2023-12,2023-12-01,922.0,59,15.627118644067796
QN0903,South Richmond Hill,Queens,2024-01,2024-01-01,779.0,59,13.203389830508474
QN0903,South Richmond Hill,Queens,2024-02,2024-02-01,816.0,59,13.830508474576272
QN0903,South Richmond Hill,Queens,2024-03,2024-03-01,827.0,59,14.016949152542374
QN0903,South Richmond Hill,Queens,2024-04,2024-04-01,824.0,59,13.966101694915254
QN0903,South Richmond Hill,Queens,2024-05,2024-05-01,1013.0,59,17.16949152542373
QN0903,South Richmond Hill,Queens,2024-06,2024-06-01,795.0,59,13.474576271186441
QN0903,South Richmond Hill,Queens,2024-07,2024-07-01,684.0,59,11.59322033898305
QN0903,South Richmond Hill,Queens,2024-08,2024-08-01,691.0,59,11.711864406779661
QN0903,South Richmond Hill,Queens,2024-09,2024-09-01,837.0,59,14.186440677966102
QN0903,South Richmond Hill,Queens,2024-10,2024-10-01,1036.0,59,17.559322033898304
QN0903,South Richmond Hill,Queens,2024-11,2024-11-01,1035.0,59,17.54237288135593
QN0903,South Richmond Hill,Queens,2024-12,2024-12-01,796.0,59,13.491525423728813
QN0903,South Richmond Hill,Queens,2025-01,2025-01-01,746.0,59,12.64406779661017
QN0903,South Richmond Hill,Queens,2025-02,2025-02-01,665.0,59,11.271186440677965
QN0903,South Richmond Hill,Queens,2025-03,2025-03-01,871.0,59,14.76271186440678
QN0903,South Richmond Hill,Queens,2025-04,2025-04-01,858.0,59,14.542372881355933
QN0903,South Richmond Hill,Queens,2025-05,2025-05-01,982.0,59,16.64406779661017
QN0903,South Richmond Hill,Queens,2025-06,2025-06-01,700.0,59,11.864406779661017
QN0903,South Richmond Hill,Queens,2025-07,2025-07-01,586.0,59,9.932203389830509
QN0903,South Richmond Hill,Queens,2025-08,2025-08-01,578.0,59,9.796610169491526
QN0903,South Richmond Hill,Queens,2025-09,2025-09-01,857.0,59,14.525423728813559
QN0903,South Richmond Hill,Queens,2025-10,2025-10-01,821.0,59,13.915254237288135
QN0903,South Richmond Hill,Queens,2025-11,2025-11-01,22.0,59,0.3728813559322034
QN0904,Ozone Park (North),Queens,2022-03,2022-03-01,873.0,59,14.796610169491526
QN0904,Ozone Park (North),Queens,2022-04,2022-04-01,780.0,59,13.220338983050848
QN0904,Ozone Park (North),Queens,2022-05,2022-05-01,993.0,59,16.83050847457627
QN0904,Ozone Park (North),Queens,2022-06,2022-06-01,705.0,59,11.94915254237288
QN0904,Ozone Park (North),Queens,2022-07,2022-07-01,625.0,59,10.59322033898305
QN0904,Ozone Park (North),Queens,2022-08,2022-08-01,622.0,59,10.542372881355933
QN0904,Ozone Park (North),Queens,2022-09,2022-09-01,940.0,59,15.932203389830509
QN0904,Ozone Park (North),Queens,2022-10,2022-10-01,1071.0,59,18.152542372881356
QN0904,Ozone Park (North),Queens,2022-11,2022-11-01,1010.0,59,17.11864406779661
QN0904,Ozone Park (North),Queens,2022-12,2022-12-01,787.0,59,13.338983050847459
QN0904,Ozone Park (North),Queens,2023-01,2023-01-01,921.0,59,15.610169491525424
QN0904,Ozone Park (North),Queens,2023-02,2023-02-01,821.0,59,13.915254237288135
QN0904,Ozone Park (North),Queens,2023-03,2023-03-01,934.0,59,15.830508474576272
QN0904,Ozone Park (North),Queens,2023-04,2023-04-01,1099.0,59,18.627118644067796
QN0904,Ozone Park (North),Queens,2023-05,2023-05-01,931.0,59,15.779661016949152
QN0904,Ozone Park (North),Queens,2023-06,2023-06-01,864.0,59,14.64406779661017
QN0904,Ozone Park (North),Queens,2023-07,2023-07-01,755.0,59,12.796610169491526
QN0904,Ozone Park (North),Queens,2023-08,2023-08-01,733.0,59,12.423728813559322
QN0904,Ozone Park (North),Queens,2023-09,2023-09-01,909.0,59,15.40677966101695
QN0904,Ozone Park (North),Queens,2023-10,2023-10-01,955.0,59,16.1864406779661
QN0904,Ozone Park (North),Queens,2023-11,2023-11-01,977.0,59,16.559322033898304
QN0904,Ozone Park (North),Queens,2023-12,2023-12-01,922.0,59,15.627118644067796
QN0904,Ozone Park (North),Queens,2024-01,2024-01-01,779.0,59,13.203389830508474
QN0904,Ozone Park (North),Queens,2024-02,2024-02-01,816.0,59,13.830508474576272
QN0904,Ozone Park (North),Queens,2024-03,2024-03-01,827.0,59,14.016949152542374
QN0904,Ozone Park (North),Queens,2024-04,2024-04-01,824.0,59,13.966101694915254
QN0904,Ozone Park (North),Queens,2024-05,2024-05-01,1013.0,59,17.16949152542373
QN0904,Ozone Park (North),Queens,2024-06,2024-06-01,795.0,59,13.474576271186441
QN0904,Ozone Park (North),Queens,2024-07,2024-07-01,684.0,59,11.59322033898305
QN0904,Ozone Park (North),Queens,2024-08,2024-08-01,691.0,59,11.711864406779661
QN0904,Ozone Park (North),Queens,2024-09,2024-09-01,837.0,59,14.186440677966102
QN0904,Ozone Park (North),Queens,2024-10,2024-10-01,1036.0,59,17.559322033898304
QN0904,Ozone Park (North),Queens,2024-11,2024-11-01,1035.0,59,17.54237288135593
QN0904,Ozone Park (North),Queens,2024-12,2024-12-01,796.0,59,13.491525423728813
QN0904,Ozone Park (North),Queens,2025-01,2025-01-01,746.0,59,12.64406779661017
QN0904,Ozone Park (North),Queens,2025-02,2025-02-01,665.0,59,11.271186440677965
QN0904,Ozone Park (North),Queens,2025-03,2025-03-01,871.0,59,14.76271186440678
QN0904,Ozone Park (North),Queens,2025-04,2025-04-01,858.0,59,14.542372881355933
QN0904,Ozone Park (North),Queens,2025-05,2025-05-01,982.0,59,16.64406779661017
QN0904,Ozone Park (North),Queens,2025-06,2025-06-01,700.0,59,11.864406779661017
QN0904,Ozone Park (North),Queens,2025-07,2025-07-01,586.0,59,9.932203389830509
QN0904,Ozone Park (North),Queens,2025-08,2025-08-01,578.0,59,9.796610169491526
QN0904,Ozone Park (North),Queens,2025-09,2025-09-01,857.0,59,14.525423728813559
QN0904,Ozone Park (North),Queens,2025-10,2025-10-01,821.0,59,13.915254237288135
QN0904,Ozone Park (North),Queens,2025-11,2025-11-01,22.0,59,0.3728813559322034
QN0905,Woodhaven,Queens,2022-03,2022-03-01,873.0,59,14.796610169491526
QN0905,Woodhaven,Queens,2022-04,2022-04-01,780.0,59,13.220338983050848
QN0905,Woodhaven,Queens,2022-05,2022-05-01,993.0,59,16.83050847457627
QN0905,Woodhaven,Queens,2022-06,2022-06-01,705.0,59,11.94915254237288
QN0905,Woodhaven,Queens,2022-07,2022-07-01,625.0,59,10.59322033898305
QN0905,Woodhaven,Queens,2022-08,2022-08-01,622.0,59,10.542372881355933
QN0905,Woodhaven,Queens,2022-09,2022-09-01,940.0,59,15.932203389830509
QN0905,Woodhaven,Queens,2022-10,2022-10-01,1071.0,59,18.152542372881356
QN0905,Woodhaven,Queens,2022-11,2022-11-01,1010.0,59,17.11864406779661
QN0905,Woodhaven,Queens,2022-12,2022-12-01,787.0,59,13.338983050847459
QN0905,Woodhaven,Queens,2023-01,2023-01-01,921.0,59,15.610169491525424
QN0905,Woodhaven,Queens,2023-02,2023-02-01,821.0,59,13.915254237288135
QN0905,Woodhaven,Queens,2023-03,2023-03-01,934.0,59,15.830508474576272
QN0905,Woodhaven,Queens,2023-04,2023-04-01,1099.0,59,18.627118644067796
QN0905,Woodhaven,Queens,2023-05,2023-05-01,931.0,59,15.779661016949152
QN0905,Woodhaven,Queens,2023-06,2023-06-01,864.0,59,14.64406779661017
QN0905,Woodhaven,Queens,2023-07,2023-07-01,755.0,59,12.796610169491526
QN0905,Woodhaven,Queens,2023-08,2023-08-01,733.0,59,12.423728813559322
QN0905,Woodhaven,Queens,2023-09,2023-09-01,909.0,59,15.40677966101695
QN0905,Woodhaven,Queens,2023-10,2023-10-01,955.0,59,16.1864406779661
QN0905,Woodhaven,Queens,2023-11,2023-11-01,977.0,59,16.559322033898304
QN0905,Woodhaven,Queens,2023-12,2023-12-01,922.0,59,15.627118644067796
QN0905,Woodhaven,Queens,2024-01,2024-01-01,779.0,59,13.203389830508474
QN0905,Woodhaven,Queens,2024-02,2024-02-01,816.0,59,13.830508474576272
QN0905,Woodhaven,Queens,2024-03,2024-03-01,827.0,59,14.016949152542374
QN0905,Woodhaven,Queens,2024-04,2024-04-01,824.0,59,13.966101694915254
QN0905,Woodhaven,Queens,2024-05,2024-05-01,1013.0,59,17.16949152542373
QN0905,Woodhaven,Queens,2024-06,2024-06-01,795.0,59,13.474576271186441
QN0905,Woodhaven,Queens,2024-07,2024-07-01,684.0,59,11.59322033898305
QN0905,Woodhaven,Queens,2024-08,2024-08-01,691.0,59,11.711864406779661
QN0905,Woodhaven,Queens,2024-09,2024-09-01,837.0,59,14.186440677966102
QN0905,Woodhaven,Queens,2024-10,2024-10-01,1036.0,59,17.559322033898304
QN0905,Woodhaven,Queens,2024-11,2024-11-01,1035.0,59,17.54237288135593
QN0905,Woodhaven,Queens,2024-12,2024-12-01,796.0,59,13.491525423728813
QN0905,Woodhaven,Queens,2025-01,2025-01-01,746.0,59,12.64406779661017
QN0905,Woodhaven,Queens,2025-02,2025-02-01,665.0,59,11.271186440677965
QN0905,Woodhaven,Queens,2025-03,2025-03-01,871.0,59,14.76271186440678
QN0905,Woodhaven,Queens,2025-04,2025-04-01,858.0,59,14.542372881355933
QN0905,Woodhaven,Queens,2025-05,2025-05-01,982.0,59,16.64406779661017
QN0905,Woodhaven,Queens,2025-06,2025-06-01,700.0,59,11.864406779661017
QN0905,Woodhaven,Queens,2025-07,2025-07-01,586.0,59,9.932203389830509
QN0905,Woodhaven,Queens,2025-08,2025-08-01,578.0,59,9.796610169491526
QN0905,Woodhaven,Queens,2025-09,2025-09-01,857.0,59,14.525423728813559
QN0905,Woodhaven,Queens,2025-10,2025-10-01,821.0,59,13.915254237288135
QN0905,Woodhaven,Queens,2025-11,2025-11-01,22.0,59,0.3728813559322034
QN1001,South Ozone Park,Queens,2022-03,2022-03-01,873.0,59,14.796610169491526
QN1001,South Ozone Park,Queens,2022-04,2022-04-01,780.0,59,13.220338983050848
QN1001,South Ozone Park,Queens,2022-05,2022-05-01,993.0,59,16.83050847457627
QN1001,South Ozone Park,Queens,2022-06,2022-06-01,705.0,59,11.94915254237288
QN1001,South Ozone Park,Queens,2022-07,2022-07-01,625.0,59,10.59322033898305
QN1001,South Ozone Park,Queens,2022-08,2022-08-01,622.0,59,10.542372881355933
QN1001,South Ozone Park,Queens,2022-09,2022-09-01,940.0,59,15.932203389830509
QN1001,South Ozone Park,Queens,2022-10,2022-10-01,1071.0,59,18.152542372881356
QN1001,South Ozone Park,Queens,2022-11,2022-11-01,1010.0,59,17.11864406779661
QN1001,South Ozone Park,Queens,2022-12,2022-12-01,787.0,59,13.338983050847459
QN1001,South Ozone Park,Queens,2023-01,2023-01-01,921.0,59,15.610169491525424
QN1001,South Ozone Park,Queens,2023-02,2023-02-01,821.0,59,13.915254237288135
QN1001,South Ozone Park,Queens,2023-03,2023-03-01,934.0,59,15.830508474576272
QN1001,South Ozone Park,Queens,2023-04,2023-04-01,1099.0,59,18.627118644067796
QN1001,South Ozone Park,Queens,2023-05,2023-05-01,931.0,59,15.779661016949152
QN1001,South Ozone Park,Queens,2023-06,2023-06-01,864.0,59,14.64406779661017
QN1001,South Ozone Park,Queens,2023-07,2023-07-01,755.0,59,12.796610169491526
QN1001,South Ozone Park,Queens,2023-08,2023-08-01,733.0,59,12.423728813559322
QN1001,South Ozone Park,Queens,2023-09,2023-09-01,909.0,59,15.40677966101695
QN1001,South Ozone Park,Queens,2023-10,2023-10-01,955.0,59,16.1864406779661
QN1001,South Ozone Park,Queens,2023-11,2023-11-01,977.0,59,16.559322033898304
QN1001,South Ozone Park,Queens,2023-12,2023-12-01,922.0,59,15.627118644067796
QN1001,South Ozone Park,Queens,2024-01,2024-01-01,779.0,59,13.203389830508474
QN1001,South Ozone Park,Queens,2024-02,2024-02-01,816.0,59,13.830508474576272
QN1001,South Ozone Park,Queens,2024-03,2024-03-01,827.0,59,14.016949152542374
QN1001,South Ozone Park,Queens,2024-04,2024-04-01,824.0,59,13.966101694915254
QN1001,South Ozone Park,Queens,2024-05,2024-05-01,1013.0,59,17.16949152542373
QN1001,South Ozone Park,Queens,2024-06,2024-06-01,795.0,59,13.474576271186441
QN1001,South Ozone Park,Queens,2024-07,2024-07-01,684.0,59,11.59322033898305
QN1001,South Ozone Park,Queens,2024-08,2024-08-01,691.0,59,11.711864406779661
QN1001,South Ozone Park,Queens,2024-09,2024-09-01,837.0,59,14.186440677966102
QN1001,South Ozone Park,Queens,2024-10,2024-10-01,1036.0,59,17.559322033898304
QN1001,South Ozone Park,Queens,2024-11,2024-11-01,1035.0,59,17.54237288135593
QN1001,South Ozone Park,Queens,2024-12,2024-12-01,796.0,59,13.491525423728813
QN1001,South Ozone Park,Queens,2025-01,2025-01-01,746.0,59,12.64406779661017
QN1001,South Ozone Park,Queens,2025-02,2025-02-01,665.0,59,11.271186440677965
QN1001,South Ozone Park,Queens,2025-03,2025-03-01,871.0,59,14.76271186440678
QN1001,South Ozone Park,Queens,2025-04,2025-04-01,858.0,59,14.542372881355933
QN1001,South Ozone Park,Queens,2025-05,2025-05-01,982.0,59,16.64406779661017
QN1001,South Ozone Park,Queens,2025-06,2025-06-01,700.0,59,11.864406779661017
QN1001,South Ozone Park,Queens,2025-07,2025-07-01,586.0,59,9.932203389830509
QN1001,South Ozone Park,Queens,2025-08,2025-08-01,578.0,59,9.796610169491526
QN1001,South Ozone Park,Queens,2025-09,2025-09-01,857.0,59,14.525423728813559
QN1001,South Ozone Park,Queens,2025-10,2025-10-01,821.0,59,13.915254237288135
QN1001,South Ozone Park,Queens,2025-11,2025-11-01,22.0,59,0.3728813559322034
QN1002,Ozone Park,Queens,2022-03,2022-03-01,873.0,59,14.796610169491526
QN1002,Ozone Park,Queens,2022-04,2022-04-01,780.0,59,13.220338983050848
QN1002,Ozone Park,Queens,2022-05,2022-05-01,993.0,59,16.83050847457627
QN1002,Ozone Park,Queens,2022-06,2022-06-01,705.0,59,11.94915254237288
QN1002,Ozone Park,Queens,2022-07,2022-07-01,625.0,59,10.59322033898305
QN1002,Ozone Park,Queens,2022-08,2022-08-01,622.0,59,10.542372881355933
QN1002,Ozone Park,Queens,2022-09,2022-09-01,940.0,59,15.932203389830509
QN1002,Ozone Park,Queens,2022-10,2022-10-01,1071.0,59,18.152542372881356
QN1002,Ozone Park,Queens,2022-11,2022-11-01,1010.0,59,17.11864406779661
QN1002,Ozone Park,Queens,2022-12,2022-12-01,787.0,59,13.338983050847459
QN1002,Ozone Park,Queens,2023-01,2023-01-01,921.0,59,15.610169491525424
QN1002,Ozone Park,Queens,2023-02,2023-02-01,821.0,59,13.915254237288135
QN1002,Ozone Park,Queens,2023-03,2023-03-01,934.0,59,15.830508474576272
QN1002,Ozone Park,Queens,2023-04,2023-04-01,1099.0,59,18.627118644067796
QN1002,Ozone Park,Queens,2023-05,2023-05-01,931.0,59,15.779661016949152
QN1002,Ozone Park,Queens,2023-06,2023-06-01,864.0,59,14.64406779661017
QN1002,Ozone Park,Queens,2023-07,2023-07-01,755.0,59,12.796610169491526
QN1002,Ozone Park,Queens,2023-08,2023-08-01,733.0,59,12.423728813559322
QN1002,Ozone Park,Queens,2023-09,2023-09-01,909.0,59,15.40677966101695
QN1002,Ozone Park,Queens,2023-10,2023-10-01,955.0,59,16.1864406779661
QN1002,Ozone Park,Queens,2023-11,2023-11-01,977.0,59,16.559322033898304
QN1002,Ozone Park,Queens,2023-12,2023-12-01,922.0,59,15.627118644067796
QN1002,Ozone Park,Queens,2024-01,2024-01-01,779.0,59,13.203389830508474
QN1002,Ozone Park,Queens,2024-02,2024-02-01,816.0,59,13.830508474576272
QN1002,Ozone Park,Queens,2024-03,2024-03-01,827.0,59,14.016949152542374
QN1002,Ozone Park,Queens,2024-04,2024-04-01,824.0,59,13.966101694915254
QN1002,Ozone Park,Queens,2024-05,2024-05-01,1013.0,59,17.16949152542373
QN1002,Ozone Park,Queens,2024-06,2024-06-01,795.0,59,13.474576271186441
QN1002,Ozone Park,Queens,2024-07,2024-07-01,684.0,59,11.59322033898305
QN1002,Ozone Park,Queens,2024-08,2024-08-01,691.0,59,11.711864406779661
QN1002,Ozone Park,Queens,2024-09,2024-09-01,837.0,59,14.186440677966102
QN1002,Ozone Park,Queens,2024-10,2024-10-01,1036.0,59,17.559322033898304
QN1002,Ozone Park,Queens,2024-11,2024-11-01,1035.0,59,17.54237288135593
QN1002,Ozone Park,Queens,2024-12,2024-12-01,796.0,59,13.491525423728813
QN1002,Ozone Park,Queens,2025-01,2025-01-01,746.0,59,12.64406779661017
QN1002,Ozone Park,Queens,2025-02,2025-02-01,665.0,59,11.271186440677965
QN1002,Ozone Park,Queens,2025-03,2025-03-01,871.0,59,14.76271186440678
QN1002,Ozone Park,Queens,2025-04,2025-04-01,858.0,59,14.542372881355933
QN1002,Ozone Park,Queens,2025-05,2025-05-01,982.0,59,16.64406779661017
QN1002,Ozone Park,Queens,2025-06,2025-06-01,700.0,59,11.864406779661017
QN1002,Ozone Park,Queens,2025-07,2025-07-01,586.0,59,9.932203389830509
QN1002,Ozone Park,Queens,2025-08,2025-08-01,578.0,59,9.796610169491526
QN1002,Ozone Park,Queens,2025-09,2025-09-01,857.0,59,14.525423728813559
QN1002,Ozone Park,Queens,2025-10,2025-10-01,821.0,59,13.915254237288135
QN1002,Ozone Park,Queens,2025-11,2025-11-01,22.0,59,0.3728813559322034
QN1003,Howard Beach-Lindenwood,Queens,2022-03,2022-03-01,873.0,59,14.796610169491526
QN1003,Howard Beach-Lindenwood,Queens,2022-04,2022-04-01,780.0,59,13.220338983050848
QN1003,Howard Beach-Lindenwood,Queens,2022-05,2022-05-01,993.0,59,16.83050847457627
QN1003,Howard Beach-Lindenwood,Queens,2022-06,2022-06-01,705.0,59,11.94915254237288
QN1003,Howard Beach-Lindenwood,Queens,2022-07,2022-07-01,625.0,59,10.59322033898305
QN1003,Howard Beach-Lindenwood,Queens,2022-08,2022-08-01,622.0,59,10.542372881355933
QN1003,Howard Beach-Lindenwood,Queens,2022-09,2022-09-01,940.0,59,15.932203389830509
QN1003,Howard Beach-Lindenwood,Queens,2022-10,2022-10-01,1071.0,59,18.152542372881356
QN1003,Howard Beach-Lindenwood,Queens,2022-11,2022-11-01,1010.0,59,17.11864406779661
QN1003,Howard Beach-Lindenwood,Queens,2022-12,2022-12-01,787.0,59,13.338983050847459
QN1003,Howard Beach-Lindenwood,Queens,2023-01,2023-01-01,921.0,59,15.610169491525424
QN1003,Howard Beach-Lindenwood,Queens,2023-02,2023-02-01,821.0,59,13.915254237288135
QN1003,Howard Beach-Lindenwood,Queens,2023-03,2023-03-01,934.0,59,15.830508474576272
QN1003,Howard Beach-Lindenwood,Queens,2023-04,2023-04-01,1099.0,59,18.627118644067796
QN1003,Howard Beach-Lindenwood,Queens,2023-05,2023-05-01,931.0,59,15.779661016949152
QN1003,Howard Beach-Lindenwood,Queens,2023-06,2023-06-01,864.0,59,14.64406779661017
QN1003,Howard Beach-Lindenwood,Queens,2023-07,2023-07-01,755.0,59,12.796610169491526
QN1003,Howard Beach-Lindenwood,Queens,2023-08,2023-08-01,733.0,59,12.423728813559322
QN1003,Howard Beach-Lindenwood,Queens,2023-09,2023-09-01,909.0,59,15.40677966101695
QN1003,Howard Beach-Lindenwood,Queens,2023-10,2023-10-01,955.0,59,16.1864406779661
QN1003,Howard Beach-Lindenwood,Queens,2023-11,2023-11-01,977.0,59,16.559322033898304
QN1003,Howard Beach-Lindenwood,Queens,2023-12,2023-12-01,922.0,59,15.627118644067796
QN1003,Howard Beach-Lindenwood,Queens,2024-01,2024-01-01,779.0,59,13.203389830508474
QN1003,Howard Beach-Lindenwood,Queens,2024-02,2024-02-01,816.0,59,13.830508474576272
QN1003,Howard Beach-Lindenwood,Queens,2024-03,2024-03-01,827.0,59,14.016949152542374
QN1003,Howard Beach-Lindenwood,Queens,2024-04,2024-04-01,824.0,59,13.966101694915254
QN1003,Howard Beach-Lindenwood,Queens,2024-05,2024-05-01,1013.0,59,17.16949152542373
QN1003,Howard Beach-Lindenwood,Queens,2024-06,2024-06-01,795.0,59,13.474576271186441
QN1003,Howard Beach-Lindenwood,Queens,2024-07,2024-07-01,684.0,59,11.59322033898305
QN1003,Howard Beach-Lindenwood,Queens,2024-08,2024-08-01,691.0,59,11.711864406779661
QN1003,Howard Beach-Lindenwood,Queens,2024-09,2024-09-01,837.0,59,14.186440677966102
QN1003,Howard Beach-Lindenwood,Queens,2024-10,2024-10-01,1036.0,59,17.559322033898304
QN1003,Howard Beach-Lindenwood,Queens,2024-11,2024-11-01,1035.0,59,17.54237288135593
QN1003,Howard Beach-Lindenwood,Queens,2024-12,2024-12-01,796.0,59,13.491525423728813
QN1003,Howard Beach-Lindenwood,Queens,2025-01,2025-01-01,746.0,59,12.64406779661017
QN1003,Howard Beach-Lindenwood,Queens,2025-02,2025-02-01,665.0,59,11.271186440677965
QN1003,Howard Beach-Lindenwood,Queens,2025-03,2025-03-01,871.0,59,14.76271186440678
QN1003,Howard Beach-Lindenwood,Queens,2025-04,2025-04-01,858.0,59,14.542372881355933
QN1003,Howard Beach-Lindenwood,Queens,2025-05,2025-05-01,982.0,59,16.64406779661017
QN1003,Howard Beach-Lindenwood,Queens,2025-06,2025-06-01,700.0,59,11.864406779661017
QN1003,Howard Beach-Lindenwood,Queens,2025-07,2025-07-01,586.0,59,9.932203389830509
QN1003,Howard Beach-Lindenwood,Queens,2025-08,2025-08-01,578.0,59,9.796610169491526
QN1003,Howard Beach-Lindenwood,Queens,2025-09,2025-09-01,857.0,59,14.525423728813559
QN1003,Howard Beach-Lindenwood,Queens,2025-10,2025-10-01,821.0,59,13.915254237288135
QN1003,Howard Beach-Lindenwood,Queens,2025-11,2025-11-01,22.0,59,0.3728813559322034
QN1101,Auburndale,Queens,2022-03,2022-03-01,873.0,59,14.796610169491526
QN1101,Auburndale,Queens,2022-04,2022-04-01,780.0,59,13.220338983050848
QN1101,Auburndale,Queens,2022-05,2022-05-01,993.0,59,16.83050847457627
QN1101,Auburndale,Queens,2022-06,2022-06-01,705.0,59,11.94915254237288
QN1101,Auburndale,Queens,2022-07,2022-07-01,625.0,59,10.59322033898305
QN1101,Auburndale,Queens,2022-08,2022-08-01,622.0,59,10.542372881355933
QN1101,Auburndale,Queens,2022-09,2022-09-01,940.0,59,15.932203389830509
QN1101,Auburndale,Queens,2022-10,2022-10-01,1071.0,59,18.152542372881356
QN1101,Auburndale,Queens,2022-11,2022-11-01,1010.0,59,17.11864406779661
QN1101,Auburndale,Queens,2022-12,2022-12-01,787.0,59,13.338983050847459
QN1101,Auburndale,Queens,2023-01,2023-01-01,921.0,59,15.610169491525424
QN1101,Auburndale,Queens,2023-02,2023-02-01,821.0,59,13.915254237288135
QN1101,Auburndale,Queens,2023-03,2023-03-01,934.0,59,15.830508474576272
QN1101,Auburndale,Queens,2023-04,2023-04-01,1099.0,59,18.627118644067796
QN1101,Auburndale,Queens,2023-05,2023-05-01,931.0,59,15.779661016949152
QN1101,Auburndale,Queens,2023-06,2023-06-01,864.0,59,14.64406779661017
QN1101,Auburndale,Queens,2023-07,2023-07-01,755.0,59,12.796610169491526
QN1101,Auburndale,Queens,2023-08,2023-08-01,733.0,59,12.423728813559322
QN1101,Auburndale,Queens,2023-09,2023-09-01,909.0,59,15.40677966101695
QN1101,Auburndale,Queens,2023-10,2023-10-01,955.0,59,16.1864406779661
QN1101,Auburndale,Queens,2023-11,2023-11-01,977.0,59,16.559322033898304
QN1101,Auburndale,Queens,2023-12,2023-12-01,922.0,59,15.627118644067796
QN1101,Auburndale,Queens,2024-01,2024-01-01,779.0,59,13.203389830508474
QN1101,Auburndale,Queens,2024-02,2024-02-01,816.0,59,13.830508474576272
QN1101,Auburndale,Queens,2024-03,2024-03-01,827.0,59,14.016949152542374
QN1101,Auburndale,Queens,2024-04,2024-04-01,824.0,59,13.966101694915254
QN1101,Auburndale,Queens,2024-05,2024-05-01,1013.0,59,17.16949152542373
QN1101,Auburndale,Queens,2024-06,2024-06-01,795.0,59,13.474576271186441
QN1101,Auburndale,Queens,2024-07,2024-07-01,684.0,59,11.59322033898305
QN1101,Auburndale,Queens,2024-08,2024-08-01,691.0,59,11.711864406779661
QN1101,Auburndale,Queens,2024-09,2024-09-01,837.0,59,14.186440677966102
QN1101,Auburndale,Queens,2024-10,2024-10-01,1036.0,59,17.559322033898304
QN1101,Auburndale,Queens,2024-11,2024-11-01,1035.0,59,17.54237288135593
QN1101,Auburndale,Queens,2024-12,2024-12-01,796.0,59,13.491525423728813
QN1101,Auburndale,Queens,2025-01,2025-01-01,746.0,59,12.64406779661017
QN1101,Auburndale,Queens,2025-02,2025-02-01,665.0,59,11.271186440677965
QN1101,Auburndale,Queens,2025-03,2025-03-01,871.0,59,14.76271186440678
QN1101,Auburndale,Queens,2025-04,2025-04-01,858.0,59,14.542372881355933
QN1101,Auburndale,Queens,2025-05,2025-05-01,982.0,59,16.64406779661017
QN1101,Auburndale,Queens,2025-06,2025-06-01,700.0,59,11.864406779661017
QN1101,Auburndale,Queens,2025-07,2025-07-01,586.0,59,9.932203389830509
QN1101,Auburndale,Queens,2025-08,2025-08-01,578.0,59,9.796610169491526
QN1101,Auburndale,Queens,2025-09,2025-09-01,857.0,59,14.525423728813559
QN1101,Auburndale,Queens,2025-10,2025-10-01,821.0,59,13.915254237288135
QN1101,Auburndale,Queens,2025-11,2025-11-01,22.0,59,0.3728813559322034
QN1102,Bayside,Queens,2022-03,2022-03-01,873.0,59,14.796610169491526
QN1102,Bayside,Queens,2022-04,2022-04-01,780.0,59,13.220338983050848
QN1102,Bayside,Queens,2022-05,2022-05-01,993.0,59,16.83050847457627
QN1102,Bayside,Queens,2022-06,2022-06-01,705.0,59,11.94915254237288
QN1102,Bayside,Queens,2022-07,2022-07-01,625.0,59,10.59322033898305
QN1102,Bayside,Queens,2022-08,2022-08-01,622.0,59,10.542372881355933
QN1102,Bayside,Queens,2022-09,2022-09-01,940.0,59,15.932203389830509
QN1102,Bayside,Queens,2022-10,2022-10-01,1071.0,59,18.152542372881356
QN1102,Bayside,Queens,2022-11,2022-11-01,1010.0,59,17.11864406779661
QN1102,Bayside,Queens,2022-12,2022-12-01,787.0,59,13.338983050847459
QN1102,Bayside,Queens,2023-01,2023-01-01,921.0,59,15.610169491525424
QN1102,Bayside,Queens,2023-02,2023-02-01,821.0,59,13.915254237288135
QN1102,Bayside,Queens,2023-03,2023-03-01,934.0,59,15.830508474576272
QN1102,Bayside,Queens,2023-04,2023-04-01,1099.0,59,18.627118644067796
QN1102,Bayside,Queens,2023-05,2023-05-01,931.0,59,15.779661016949152
QN1102,Bayside,Queens,2023-06,2023-06-01,864.0,59,14.64406779661017
QN1102,Bayside,Queens,2023-07,2023-07-01,755.0,59,12.796610169491526
QN1102,Bayside,Queens,2023-08,2023-08-01,733.0,59,12.423728813559322
QN1102,Bayside,Queens,2023-09,2023-09-01,909.0,59,15.40677966101695
QN1102,Bayside,Queens,2023-10,2023-10-01,955.0,59,16.1864406779661
QN1102,Bayside,Queens,2023-11,2023-11-01,977.0,59,16.559322033898304
QN1102,Bayside,Queens,2023-12,2023-12-01,922.0,59,15.627118644067796
QN1102,Bayside,Queens,2024-01,2024-01-01,779.0,59,13.203389830508474
QN1102,Bayside,Queens,2024-02,2024-02-01,816.0,59,13.830508474576272
QN1102,Bayside,Queens,2024-03,2024-03-01,827.0,59,14.016949152542374
QN1102,Bayside,Queens,2024-04,2024-04-01,824.0,59,13.966101694915254
QN1102,Bayside,Queens,2024-05,2024-05-01,1013.0,59,17.16949152542373
QN1102,Bayside,Queens,2024-06,2024-06-01,795.0,59,13.474576271186441
QN1102,Bayside,Queens,2024-07,2024-07-01,684.0,59,11.59322033898305
QN1102,Bayside,Queens,2024-08,2024-08-01,691.0,59,11.711864406779661
QN1102,Bayside,Queens,2024-09,2024-09-01,837.0,59,14.186440677966102
QN1102,Bayside,Queens,2024-10,2024-10-01,1036.0,59,17.559322033898304
QN1102,Bayside,Queens,2024-11,2024-11-01,1035.0,59,17.54237288135593
QN1102,Bayside,Queens,2024-12,2024-12-01,796.0,59,13.491525423728813
QN1102,Bayside,Queens,2025-01,2025-01-01,746.0,59,12.64406779661017
QN1102,Bayside,Queens,2025-02,2025-02-01,665.0,59,11.271186440677965
QN1102,Bayside,Queens,2025-03,2025-03-01,871.0,59,14.76271186440678
QN1102,Bayside,Queens,2025-04,2025-04-01,858.0,59,14.542372881355933
QN1102,Bayside,Queens,2025-05,2025-05-01,982.0,59,16.64406779661017
QN1102,Bayside,Queens,2025-06,2025-06-01,700.0,59,11.864406779661017
QN1102,Bayside,Queens,2025-07,2025-07-01,586.0,59,9.932203389830509
QN1102,Bayside,Queens,2025-08,2025-08-01,578.0,59,9.796610169491526
QN1102,Bayside,Queens,2025-09,2025-09-01,857.0,59,14.525423728813559
QN1102,Bayside,Queens,2025-10,2025-10-01,821.0,59,13.915254237288135
QN1102,Bayside,Queens,2025-11,2025-11-01,22.0,59,0.3728813559322034
QN1103,Douglaston-Little Neck,Queens,2022-03,2022-03-01,873.0,59,14.796610169491526
QN1103,Douglaston-Little Neck,Queens,2022-04,2022-04-01,780.0,59,13.220338983050848
QN1103,Douglaston-Little Neck,Queens,2022-05,2022-05-01,993.0,59,16.83050847457627
QN1103,Douglaston-Little Neck,Queens,2022-06,2022-06-01,705.0,59,11.94915254237288
QN1103,Douglaston-Little Neck,Queens,2022-07,2022-07-01,625.0,59,10.59322033898305
QN1103,Douglaston-Little Neck,Queens,2022-08,2022-08-01,622.0,59,10.542372881355933
QN1103,Douglaston-Little Neck,Queens,2022-09,2022-09-01,940.0,59,15.932203389830509
QN1103,Douglaston-Little Neck,Queens,2022-10,2022-10-01,1071.0,59,18.152542372881356
QN1103,Douglaston-Little Neck,Queens,2022-11,2022-11-01,1010.0,59,17.11864406779661
QN1103,Douglaston-Little Neck,Queens,2022-12,2022-12-01,787.0,59,13.338983050847459
QN1103,Douglaston-Little Neck,Queens,2023-01,2023-01-01,921.0,59,15.610169491525424
QN1103,Douglaston-Little Neck,Queens,2023-02,2023-02-01,821.0,59,13.915254237288135
QN1103,Douglaston-Little Neck,Queens,2023-03,2023-03-01,934.0,59,15.830508474576272
QN1103,Douglaston-Little Neck,Queens,2023-04,2023-04-01,1099.0,59,18.627118644067796
QN1103,Douglaston-Little Neck,Queens,2023-05,2023-05-01,931.0,59,15.779661016949152
QN1103,Douglaston-Little Neck,Queens,2023-06,2023-06-01,864.0,59,14.64406779661017
QN1103,Douglaston-Little Neck,Queens,2023-07,2023-07-01,755.0,59,12.796610169491526
QN1103,Douglaston-Little Neck,Queens,2023-08,2023-08-01,733.0,59,12.423728813559322
QN1103,Douglaston-Little Neck,Queens,2023-09,2023-09-01,909.0,59,15.40677966101695
QN1103,Douglaston-Little Neck,Queens,2023-10,2023-10-01,955.0,59,16.1864406779661
QN1103,Douglaston-Little Neck,Queens,2023-11,2023-11-01,977.0,59,16.559322033898304
QN1103,Douglaston-Little Neck,Queens,2023-12,2023-12-01,922.0,59,15.627118644067796
QN1103,Douglaston-Little Neck,Queens,2024-01,2024-01-01,779.0,59,13.203389830508474
QN1103,Douglaston-Little Neck,Queens,2024-02,2024-02-01,816.0,59,13.830508474576272
QN1103,Douglaston-Little Neck,Queens,2024-03,2024-03-01,827.0,59,14.016949152542374
QN1103,Douglaston-Little Neck,Queens,2024-04,2024-04-01,824.0,59,13.966101694915254
QN1103,Douglaston-Little Neck,Queens,2024-05,2024-05-01,1013.0,59,17.16949152542373
QN1103,Douglaston-Little Neck,Queens,2024-06,2024-06-01,795.0,59,13.474576271186441
QN1103,Douglaston-Little Neck,Queens,2024-07,2024-07-01,684.0,59,11.59322033898305
QN1103,Douglaston-Little Neck,Queens,2024-08,2024-08-01,691.0,59,11.711864406779661
QN1103,Douglaston-Little Neck,Queens,2024-09,2024-09-01,837.0,59,14.186440677966102
QN1103,Douglaston-Little Neck,Queens,2024-10,2024-10-01,1036.0,59,17.559322033898304
QN1103,Douglaston-Little Neck,Queens,2024-11,2024-11-01,1035.0,59,17.54237288135593
QN1103,Douglaston-Little Neck,Queens,2024-12,2024-12-01,796.0,59,13.491525423728813
QN1103,Douglaston-Little Neck,Queens,2025-01,2025-01-01,746.0,59,12.64406779661017
QN1103,Douglaston-Little Neck,Queens,2025-02,2025-02-01,665.0,59,11.271186440677965
QN1103,Douglaston-Little Neck,Queens,2025-03,2025-03-01,871.0,59,14.76271186440678
QN1103,Douglaston-Little Neck,Queens,2025-04,2025-04-01,858.0,59,14.542372881355933
QN1103,Douglaston-Little Neck,Queens,2025-05,2025-05-01,982.0,59,16.64406779661017
QN1103,Douglaston-Little Neck,Queens,2025-06,2025-06-01,700.0,59,11.864406779661017
QN1103,Douglaston-Little Neck,Queens,2025-07,2025-07-01,586.0,59,9.932203389830509
QN1103,Douglaston-Little Neck,Queens,2025-08,2025-08-01,578.0,59,9.796610169491526
QN1103,Douglaston-Little Neck,Queens,2025-09,2025-09-01,857.0,59,14.525423728813559
QN1103,Douglaston-Little Neck,Queens,2025-10,2025-10-01,821.0,59,13.915254237288135
QN1103,Douglaston-Little Neck,Queens,2025-11,2025-11-01,22.0,59,0.3728813559322034
QN1104,Oakland Gardens-Hollis Hills,Queens,2022-03,2022-03-01,873.0,59,14.796610169491526
QN1104,Oakland Gardens-Hollis Hills,Queens,2022-04,2022-04-01,780.0,59,13.220338983050848
QN1104,Oakland Gardens-Hollis Hills,Queens,2022-05,2022-05-01,993.0,59,16.83050847457627
QN1104,Oakland Gardens-Hollis Hills,Queens,2022-06,2022-06-01,705.0,59,11.94915254237288
QN1104,Oakland Gardens-Hollis Hills,Queens,2022-07,2022-07-01,625.0,59,10.59322033898305
QN1104,Oakland Gardens-Hollis Hills,Queens,2022-08,2022-08-01,622.0,59,10.542372881355933
QN1104,Oakland Gardens-Hollis Hills,Queens,2022-09,2022-09-01,940.0,59,15.932203389830509
QN1104,Oakland Gardens-Hollis Hills,Queens,2022-10,2022-10-01,1071.0,59,18.152542372881356
QN1104,Oakland Gardens-Hollis Hills,Queens,2022-11,2022-11-01,1010.0,59,17.11864406779661
QN1104,Oakland Gardens-Hollis Hills,Queens,2022-12,2022-12-01,787.0,59,13.338983050847459
QN1104,Oakland Gardens-Hollis Hills,Queens,2023-01,2023-01-01,921.0,59,15.610169491525424
QN1104,Oakland Gardens-Hollis Hills,Queens,2023-02,2023-02-01,821.0,59,13.915254237288135
QN1104,Oakland Gardens-Hollis Hills,Queens,2023-03,2023-03-01,934.0,59,15.830508474576272
QN1104,Oakland Gardens-Hollis Hills,Queens,2023-04,2023-04-01,1099.0,59,18.627118644067796
QN1104,Oakland Gardens-Hollis Hills,Queens,2023-05,2023-05-01,931.0,59,15.779661016949152
QN1104,Oakland Gardens-Hollis Hills,Queens,2023-06,2023-06-01,864.0,59,14.64406779661017
QN1104,Oakland Gardens-Hollis Hills,Queens,2023-07,2023-07-01,755.0,59,12.796610169491526
QN1104,Oakland Gardens-Hollis Hills,Queens,2023-08,2023-08-01,733.0,59,12.423728813559322
QN1104,Oakland Gardens-Hollis Hills,Queens,2023-09,2023-09-01,909.0,59,15.40677966101695
QN1104,Oakland Gardens-Hollis Hills,Queens,2023-10,2023-10-01,955.0,59,16.1864406779661
QN1104,Oakland Gardens-Hollis Hills,Queens,2023-11,2023-11-01,977.0,59,16.559322033898304
QN1104,Oakland Gardens-Hollis Hills,Queens,2023-12,2023-12-01,922.0,59,15.627118644067796
QN1104,Oakland Gardens-Hollis Hills,Queens,2024-01,2024-01-01,779.0,59,13.203389830508474
QN1104,Oakland Gardens-Hollis Hills,Queens,2024-02,2024-02-01,816.0,59,13.830508474576272
QN1104,Oakland Gardens-Hollis Hills,Queens,2024-03,2024-03-01,827.0,59,14.016949152542374
QN1104,Oakland Gardens-Hollis Hills,Queens,2024-04,2024-04-01,824.0,59,13.966101694915254
QN1104,Oakland Gardens-Hollis Hills,Queens,2024-05,2024-05-01,1013.0,59,17.16949152542373
QN1104,Oakland Gardens-Hollis Hills,Queens,2024-06,2024-06-01,795.0,59,13.474576271186441
QN1104,Oakland Gardens-Hollis Hills,Queens,2024-07,2024-07-01,684.0,59,11.59322033898305
QN1104,Oakland Gardens-Hollis Hills,Queens,2024-08,2024-08-01,691.0,59,11.711864406779661
QN1104,Oakland Gardens-Hollis Hills,Queens,2024-09,2024-09-01,837.0,59,14.186440677966102
QN1104,Oakland Gardens-Hollis Hills,Queens,2024-10,2024-10-01,1036.0,59,17.559322033898304
QN1104,Oakland Gardens-Hollis Hills,Queens,2024-11,2024-11-01,1035.0,59,17.54237288135593
QN1104,Oakland Gardens-Hollis Hills,Queens,2024-12,2024-12-01,796.0,59,13.491525423728813
QN1104,Oakland Gardens-Hollis Hills,Queens,2025-01,2025-01-01,746.0,59,12.64406779661017
QN1104,Oakland Gardens-Hollis Hills,Queens,2025-02,2025-02-01,665.0,59,11.271186440677965
QN1104,Oakland Gardens-Hollis Hills,Queens,2025-03,2025-03-01,871.0,59,14.76271186440678
QN1104,Oakland Gardens-Hollis Hills,Queens,2025-04,2025-04-01,858.0,59,14.542372881355933
QN1104,Oakland Gardens-Hollis Hills,Queens,2025-05,2025-05-01,982.0,59,16.64406779661017
QN1104,Oakland Gardens-Hollis Hills,Queens,2025-06,2025-06-01,700.0,59,11.864406779661017
QN1104,Oakland Gardens-Hollis Hills,Queens,2025-07,2025-07-01,586.0,59,9.932203389830509
QN1104,Oakland Gardens-Hollis Hills,Queens,2025-08,2025-08-01,578.0,59,9.796610169491526
QN1104,Oakland Gardens-Hollis Hills,Queens,2025-09,2025-09-01,857.0,59,14.525423728813559
QN1104,Oakland Gardens-Hollis Hills,Queens,2025-10,2025-10-01,821.0,59,13.915254237288135
QN1104,Oakland Gardens-Hollis Hills,Queens,2025-11,2025-11-01,22.0,59,0.3728813559322034
QN1201,Jamaica,Queens,2022-03,2022-03-01,873.0,59,14.796610169491526
QN1201,Jamaica,Queens,2022-04,2022-04-01,780.0,59,13.220338983050848
QN1201,Jamaica,Queens,2022-05,2022-05-01,993.0,59,16.83050847457627
QN1201,Jamaica,Queens,2022-06,2022-06-01,705.0,59,11.94915254237288
QN1201,Jamaica,Queens,2022-07,2022-07-01,625.0,59,10.59322033898305
QN1201,Jamaica,Queens,2022-08,2022-08-01,622.0,59,10.542372881355933
QN1201,Jamaica,Queens,2022-09,2022-09-01,940.0,59,15.932203389830509
QN1201,Jamaica,Queens,2022-10,2022-10-01,1071.0,59,18.152542372881356
QN1201,Jamaica,Queens,2022-11,2022-11-01,1010.0,59,17.11864406779661
QN1201,Jamaica,Queens,2022-12,2022-12-01,787.0,59,13.338983050847459
QN1201,Jamaica,Queens,2023-01,2023-01-01,921.0,59,15.610169491525424
QN1201,Jamaica,Queens,2023-02,2023-02-01,821.0,59,13.915254237288135
QN1201,Jamaica,Queens,2023-03,2023-03-01,934.0,59,15.830508474576272
QN1201,Jamaica,Queens,2023-04,2023-04-01,1099.0,59,18.627118644067796
QN1201,Jamaica,Queens,2023-05,2023-05-01,931.0,59,15.779661016949152
QN1201,Jamaica,Queens,2023-06,2023-06-01,864.0,59,14.64406779661017
QN1201,Jamaica,Queens,2023-07,2023-07-01,755.0,59,12.796610169491526
QN1201,Jamaica,Queens,2023-08,2023-08-01,733.0,59,12.423728813559322
QN1201,Jamaica,Queens,2023-09,2023-09-01,909.0,59,15.40677966101695
QN1201,Jamaica,Queens,2023-10,2023-10-01,955.0,59,16.1864406779661
QN1201,Jamaica,Queens,2023-11,2023-11-01,977.0,59,16.559322033898304
QN1201,Jamaica,Queens,2023-12,2023-12-01,922.0,59,15.627118644067796
QN1201,Jamaica,Queens,2024-01,2024-01-01,779.0,59,13.203389830508474
QN1201,Jamaica,Queens,2024-02,2024-02-01,816.0,59,13.830508474576272
QN1201,Jamaica,Queens,2024-03,2024-03-01,827.0,59,14.016949152542374
QN1201,Jamaica,Queens,2024-04,2024-04-01,824.0,59,13.966101694915254
QN1201,Jamaica,Queens,2024-05,2024-05-01,1013.0,59,17.16949152542373
QN1201,Jamaica,Queens,2024-06,2024-06-01,795.0,59,13.474576271186441
QN1201,Jamaica,Queens,2024-07,2024-07-01,684.0,59,11.59322033898305
QN1201,Jamaica,Queens,2024-08,2024-08-01,691.0,59,11.711864406779661
QN1201,Jamaica,Queens,2024-09,2024-09-01,837.0,59,14.186440677966102
QN1201,Jamaica,Queens,2024-10,2024-10-01,1036.0,59,17.559322033898304
QN1201,Jamaica,Queens,2024-11,2024-11-01,1035.0,59,17.54237288135593
QN1201,Jamaica,Queens,2024-12,2024-12-01,796.0,59,13.491525423728813
QN1201,Jamaica,Queens,2025-01,2025-01-01,746.0,59,12.64406779661017
QN1201,Jamaica,Queens,2025-02,2025-02-01,665.0,59,11.271186440677965
QN1201,Jamaica,Queens,2025-03,2025-03-01,871.0,59,14.76271186440678
QN1201,Jamaica,Queens,2025-04,2025-04-01,858.0,59,14.542372881355933
QN1201,Jamaica,Queens,2025-05,2025-05-01,982.0,59,16.64406779661017
QN1201,Jamaica,Queens,2025-06,2025-06-01,700.0,59,11.864406779661017
QN1201,Jamaica,Queens,2025-07,2025-07-01,586.0,59,9.932203389830509
QN1201,Jamaica,Queens,2025-08,2025-08-01,578.0,59,9.796610169491526
QN1201,Jamaica,Queens,2025-09,2025-09-01,857.0,59,14.525423728813559
QN1201,Jamaica,Queens,2025-10,2025-10-01,821.0,59,13.915254237288135
QN1201,Jamaica,Queens,2025-11,2025-11-01,22.0,59,0.3728813559322034
QN1202,South Jamaica,Queens,2022-03,2022-03-01,873.0,59,14.796610169491526
QN1202,South Jamaica,Queens,2022-04,2022-04-01,780.0,59,13.220338983050848
QN1202,South Jamaica,Queens,2022-05,2022-05-01,993.0,59,16.83050847457627
QN1202,South Jamaica,Queens,2022-06,2022-06-01,705.0,59,11.94915254237288
QN1202,South Jamaica,Queens,2022-07,2022-07-01,625.0,59,10.59322033898305
QN1202,South Jamaica,Queens,2022-08,2022-08-01,622.0,59,10.542372881355933
QN1202,South Jamaica,Queens,2022-09,2022-09-01,940.0,59,15.932203389830509
QN1202,South Jamaica,Queens,2022-10,2022-10-01,1071.0,59,18.152542372881356
QN1202,South Jamaica,Queens,2022-11,2022-11-01,1010.0,59,17.11864406779661
QN1202,South Jamaica,Queens,2022-12,2022-12-01,787.0,59,13.338983050847459
QN1202,South Jamaica,Queens,2023-01,2023-01-01,921.0,59,15.610169491525424
QN1202,South Jamaica,Queens,2023-02,2023-02-01,821.0,59,13.915254237288135
QN1202,South Jamaica,Queens,2023-03,2023-03-01,934.0,59,15.830508474576272
QN1202,South Jamaica,Queens,2023-04,2023-04-01,1099.0,59,18.627118644067796
QN1202,South Jamaica,Queens,2023-05,2023-05-01,931.0,59,15.779661016949152
QN1202,South Jamaica,Queens,2023-06,2023-06-01,864.0,59,14.64406779661017
QN1202,South Jamaica,Queens,2023-07,2023-07-01,755.0,59,12.796610169491526
QN1202,South Jamaica,Queens,2023-08,2023-08-01,733.0,59,12.423728813559322
QN1202,South Jamaica,Queens,2023-09,2023-09-01,909.0,59,15.40677966101695
QN1202,South Jamaica,Queens,2023-10,2023-10-01,955.0,59,16.1864406779661
QN1202,South Jamaica,Queens,2023-11,2023-11-01,977.0,59,16.559322033898304
QN1202,South Jamaica,Queens,2023-12,2023-12-01,922.0,59,15.627118644067796
QN1202,South Jamaica,Queens,2024-01,2024-01-01,779.0,59,13.203389830508474
QN1202,South Jamaica,Queens,2024-02,2024-02-01,816.0,59,13.830508474576272
QN1202,South Jamaica,Queens,2024-03,2024-03-01,827.0,59,14.016949152542374
QN1202,South Jamaica,Queens,2024-04,2024-04-01,824.0,59,13.966101694915254
QN1202,South Jamaica,Queens,2024-05,2024-05-01,1013.0,59,17.16949152542373
QN1202,South Jamaica,Queens,2024-06,2024-06-01,795.0,59,13.474576271186441
QN1202,South Jamaica,Queens,2024-07,2024-07-01,684.0,59,11.59322033898305
QN1202,South Jamaica,Queens,2024-08,2024-08-01,691.0,59,11.711864406779661
QN1202,South Jamaica,Queens,2024-09,2024-09-01,837.0,59,14.186440677966102
QN1202,South Jamaica,Queens,2024-10,2024-10-01,1036.0,59,17.559322033898304
QN1202,South Jamaica,Queens,2024-11,2024-11-01,1035.0,59,17.54237288135593
QN1202,South Jamaica,Queens,2024-12,2024-12-01,796.0,59,13.491525423728813
QN1202,South Jamaica,Queens,2025-01,2025-01-01,746.0,59,12.64406779661017
QN1202,South Jamaica,Queens,2025-02,2025-02-01,665.0,59,11.271186440677965
QN1202,South Jamaica,Queens,2025-03,2025-03-01,871.0,59,14.76271186440678
QN1202,South Jamaica,Queens,2025-04,2025-04-01,858.0,59,14.542372881355933
QN1202,South Jamaica,Queens,2025-05,2025-05-01,982.0,59,16.64406779661017
QN1202,South Jamaica,Queens,2025-06,2025-06-01,700.0,59,11.864406779661017
QN1202,South Jamaica,Queens,2025-07,2025-07-01,586.0,59,9.932203389830509
QN1202,South Jamaica,Queens,2025-08,2025-08-01,578.0,59,9.796610169491526
QN1202,South Jamaica,Queens,2025-09,2025-09-01,857.0,59,14.525423728813559
QN1202,South Jamaica,Queens,2025-10,2025-10-01,821.0,59,13.915254237288135
QN1202,South Jamaica,Queens,2025-11,2025-11-01,22.0,59,0.3728813559322034
QN1203,Baisley Park,Queens,2022-03,2022-03-01,873.0,59,14.796610169491526
QN1203,Baisley Park,Queens,2022-04,2022-04-01,780.0,59,13.220338983050848
QN1203,Baisley Park,Queens,2022-05,2022-05-01,993.0,59,16.83050847457627
QN1203,Baisley Park,Queens,2022-06,2022-06-01,705.0,59,11.94915254237288
QN1203,Baisley Park,Queens,2022-07,2022-07-01,625.0,59,10.59322033898305
QN1203,Baisley Park,Queens,2022-08,2022-08-01,622.0,59,10.542372881355933
QN1203,Baisley Park,Queens,2022-09,2022-09-01,940.0,59,15.932203389830509
QN1203,Baisley Park,Queens,2022-10,2022-10-01,1071.0,59,18.152542372881356
QN1203,Baisley Park,Queens,2022-11,2022-11-01,1010.0,59,17.11864406779661
QN1203,Baisley Park,Queens,2022-12,2022-12-01,787.0,59,13.338983050847459
QN1203,Baisley Park,Queens,2023-01,2023-01-01,921.0,59,15.610169491525424
QN1203,Baisley Park,Queens,2023-02,2023-02-01,821.0,59,13.915254237288135
QN1203,Baisley Park,Queens,2023-03,2023-03-01,934.0,59,15.830508474576272
QN1203,Baisley Park,Queens,2023-04,2023-04-01,1099.0,59,18.627118644067796
QN1203,Baisley Park,Queens,2023-05,2023-05-01,931.0,59,15.779661016949152
QN1203,Baisley Park,Queens,2023-06,2023-06-01,864.0,59,14.64406779661017
QN1203,Baisley Park,Queens,2023-07,2023-07-01,755.0,59,12.796610169491526
QN1203,Baisley Park,Queens,2023-08,2023-08-01,733.0,59,12.423728813559322
QN1203,Baisley Park,Queens,2023-09,2023-09-01,909.0,59,15.40677966101695
QN1203,Baisley Park,Queens,2023-10,2023-10-01,955.0,59,16.1864406779661
QN1203,Baisley Park,Queens,2023-11,2023-11-01,977.0,59,16.559322033898304
QN1203,Baisley Park,Queens,2023-12,2023-12-01,922.0,59,15.627118644067796
QN1203,Baisley Park,Queens,2024-01,2024-01-01,779.0,59,13.203389830508474
QN1203,Baisley Park,Queens,2024-02,2024-02-01,816.0,59,13.830508474576272
QN1203,Baisley Park,Queens,2024-03,2024-03-01,827.0,59,14.016949152542374
QN1203,Baisley Park,Queens,2024-04,2024-04-01,824.0,59,13.966101694915254
QN1203,Baisley Park,Queens,2024-05,2024-05-01,1013.0,59,17.16949152542373
QN1203,Baisley Park,Queens,2024-06,2024-06-01,795.0,59,13.474576271186441
QN1203,Baisley Park,Queens,2024-07,2024-07-01,684.0,59,11.59322033898305
QN1203,Baisley Park,Queens,2024-08,2024-08-01,691.0,59,11.711864406779661
QN1203,Baisley Park,Queens,2024-09,2024-09-01,837.0,59,14.186440677966102
QN1203,Baisley Park,Queens,2024-10,2024-10-01,1036.0,59,17.559322033898304
QN1203,Baisley Park,Queens,2024-11,2024-11-01,1035.0,59,17.54237288135593
QN1203,Baisley Park,Queens,2024-12,2024-12-01,796.0,59,13.491525423728813
QN1203,Baisley Park,Queens,2025-01,2025-01-01,746.0,59,12.64406779661017
QN1203,Baisley Park,Queens,2025-02,2025-02-01,665.0,59,11.271186440677965
QN1203,Baisley Park,Queens,2025-03,2025-03-01,871.0,59,14.76271186440678
QN1203,Baisley Park,Queens,2025-04,2025-04-01,858.0,59,14.542372881355933
QN1203,Baisley Park,Queens,2025-05,2025-05-01,982.0,59,16.64406779661017
QN1203,Baisley Park,Queens,2025-06,2025-06-01,700.0,59,11.864406779661017
QN1203,Baisley Park,Queens,2025-07,2025-07-01,586.0,59,9.932203389830509
QN1203,Baisley Park,Queens,2025-08,2025-08-01,578.0,59,9.796610169491526
QN1203,Baisley Park,Queens,2025-09,2025-09-01,857.0,59,14.525423728813559
QN1203,Baisley Park,Queens,2025-10,2025-10-01,821.0,59,13.915254237288135
QN1203,Baisley Park,Queens,2025-11,2025-11-01,22.0,59,0.3728813559322034
QN1204,Springfield Gardens (North)-Rochdale Village,Queens,2022-03,2022-03-01,873.0,59,14.796610169491526
QN1204,Springfield Gardens (North)-Rochdale Village,Queens,2022-04,2022-04-01,780.0,59,13.220338983050848
QN1204,Springfield Gardens (North)-Rochdale Village,Queens,2022-05,2022-05-01,993.0,59,16.83050847457627
QN1204,Springfield Gardens (North)-Rochdale Village,Queens,2022-06,2022-06-01,705.0,59,11.94915254237288
QN1204,Springfield Gardens (North)-Rochdale Village,Queens,2022-07,2022-07-01,625.0,59,10.59322033898305
QN1204,Springfield Gardens (North)-Rochdale Village,Queens,2022-08,2022-08-01,622.0,59,10.542372881355933
QN1204,Springfield Gardens (North)-Rochdale Village,Queens,2022-09,2022-09-01,940.0,59,15.932203389830509
QN1204,Springfield Gardens (North)-Rochdale Village,Queens,2022-10,2022-10-01,1071.0,59,18.152542372881356
QN1204,Springfield Gardens (North)-Rochdale Village,Queens,2022-11,2022-11-01,1010.0,59,17.11864406779661
QN1204,Springfield Gardens (North)-Rochdale Village,Queens,2022-12,2022-12-01,787.0,59,13.338983050847459
QN1204,Springfield Gardens (North)-Rochdale Village,Queens,2023-01,2023-01-01,921.0,59,15.610169491525424
QN1204,Springfield Gardens (North)-Rochdale Village,Queens,2023-02,2023-02-01,821.0,59,13.915254237288135
QN1204,Springfield Gardens (North)-Rochdale Village,Queens,2023-03,2023-03-01,934.0,59,15.830508474576272
QN1204,Springfield Gardens (North)-Rochdale Village,Queens,2023-04,2023-04-01,1099.0,59,18.627118644067796
QN1204,Springfield Gardens (North)-Rochdale Village,Queens,2023-05,2023-05-01,931.0,59,15.779661016949152
QN1204,Springfield Gardens (North)-Rochdale Village,Queens,2023-06,2023-06-01,864.0,59,14.64406779661017
QN1204,Springfield Gardens (North)-Rochdale Village,Queens,2023-07,2023-07-01,755.0,59,12.796610169491526
QN1204,Springfield Gardens (North)-Rochdale Village,Queens,2023-08,2023-08-01,733.0,59,12.423728813559322
QN1204,Springfield Gardens (North)-Rochdale Village,Queens,2023-09,2023-09-01,909.0,59,15.40677966101695
QN1204,Springfield Gardens (North)-Rochdale Village,Queens,2023-10,2023-10-01,955.0,59,16.1864406779661
QN1204,Springfield Gardens (North)-Rochdale Village,Queens,2023-11,2023-11-01,977.0,59,16.559322033898304
QN1204,Springfield Gardens (North)-Rochdale Village,Queens,2023-12,2023-12-01,922.0,59,15.627118644067796
QN1204,Springfield Gardens (North)-Rochdale Village,Queens,2024-01,2024-01-01,779.0,59,13.203389830508474
QN1204,Springfield Gardens (North)-Rochdale Village,Queens,2024-02,2024-02-01,816.0,59,13.830508474576272
QN1204,Springfield Gardens (North)-Rochdale Village,Queens,2024-03,2024-03-01,827.0,59,14.016949152542374
QN1204,Springfield Gardens (North)-Rochdale Village,Queens,2024-04,2024-04-01,824.0,59,13.966101694915254
QN1204,Springfield Gardens (North)-Rochdale Village,Queens,2024-05,2024-05-01,1013.0,59,17.16949152542373
QN1204,Springfield Gardens (North)-Rochdale Village,Queens,2024-06,2024-06-01,795.0,59,13.474576271186441
QN1204,Springfield Gardens (North)-Rochdale Village,Queens,2024-07,2024-07-01,684.0,59,11.59322033898305
QN1204,Springfield Gardens (North)-Rochdale Village,Queens,2024-08,2024-08-01,691.0,59,11.711864406779661
QN1204,Springfield Gardens (North)-Rochdale Village,Queens,2024-09,2024-09-01,837.0,59,14.186440677966102
QN1204,Springfield Gardens (North)-Rochdale Village,Queens,2024-10,2024-10-01,1036.0,59,17.559322033898304
QN1204,Springfield Gardens (North)-Rochdale Village,Queens,2024-11,2024-11-01,1035.0,59,17.54237288135593
QN1204,Springfield Gardens (North)-Rochdale Village,Queens,2024-12,2024-12-01,796.0,59,13.491525423728813
QN1204,Springfield Gardens (North)-Rochdale Village,Queens,2025-01,2025-01-01,746.0,59,12.64406779661017
QN1204,Springfield Gardens (North)-Rochdale Village,Queens,2025-02,2025-02-01,665.0,59,11.271186440677965
QN1204,Springfield Gardens (North)-Rochdale Village,Queens,2025-03,2025-03-01,871.0,59,14.76271186440678
QN1204,Springfield Gardens (North)-Rochdale Village,Queens,2025-04,2025-04-01,858.0,59,14.542372881355933
QN1204,Springfield Gardens (North)-Rochdale Village,Queens,2025-05,2025-05-01,982.0,59,16.64406779661017
QN1204,Springfield Gardens (North)-Rochdale Village,Queens,2025-06,2025-06-01,700.0,59,11.864406779661017
QN1204,Springfield Gardens (North)-Rochdale Village,Queens,2025-07,2025-07-01,586.0,59,9.932203389830509
QN1204,Springfield Gardens (North)-Rochdale Village,Queens,2025-08,2025-08-01,578.0,59,9.796610169491526
QN1204,Springfield Gardens (North)-Rochdale Village,Queens,2025-09,2025-09-01,857.0,59,14.525423728813559
QN1204,Springfield Gardens (North)-Rochdale Village,Queens,2025-10,2025-10-01,821.0,59,13.915254237288135
QN1204,Springfield Gardens (North)-Rochdale Village,Queens,2025-11,2025-11-01,22.0,59,0.3728813559322034
QN1205,St. Albans,Queens,2022-03,2022-03-01,873.0,59,14.796610169491526
QN1205,St. Albans,Queens,2022-04,2022-04-01,780.0,59,13.220338983050848
QN1205,St. Albans,Queens,2022-05,2022-05-01,993.0,59,16.83050847457627
QN1205,St. Albans,Queens,2022-06,2022-06-01,705.0,59,11.94915254237288
QN1205,St. Albans,Queens,2022-07,2022-07-01,625.0,59,10.59322033898305
QN1205,St. Albans,Queens,2022-08,2022-08-01,622.0,59,10.542372881355933
QN1205,St. Albans,Queens,2022-09,2022-09-01,940.0,59,15.932203389830509
QN1205,St. Albans,Queens,2022-10,2022-10-01,1071.0,59,18.152542372881356
QN1205,St. Albans,Queens,2022-11,2022-11-01,1010.0,59,17.11864406779661
QN1205,St. Albans,Queens,2022-12,2022-12-01,787.0,59,13.338983050847459
QN1205,St. Albans,Queens,2023-01,2023-01-01,921.0,59,15.610169491525424
QN1205,St. Albans,Queens,2023-02,2023-02-01,821.0,59,13.915254237288135
QN1205,St. Albans,Queens,2023-03,2023-03-01,934.0,59,15.830508474576272
QN1205,St. Albans,Queens,2023-04,2023-04-01,1099.0,59,18.627118644067796
QN1205,St. Albans,Queens,2023-05,2023-05-01,931.0,59,15.779661016949152
QN1205,St. Albans,Queens,2023-06,2023-06-01,864.0,59,14.64406779661017
QN1205,St. Albans,Queens,2023-07,2023-07-01,755.0,59,12.796610169491526
QN1205,St. Albans,Queens,2023-08,2023-08-01,733.0,59,12.423728813559322
QN1205,St. Albans,Queens,2023-09,2023-09-01,909.0,59,15.40677966101695
QN1205,St. Albans,Queens,2023-10,2023-10-01,955.0,59,16.1864406779661
QN1205,St. Albans,Queens,2023-11,2023-11-01,977.0,59,16.559322033898304
QN1205,St. Albans,Queens,2023-12,2023-12-01,922.0,59,15.627118644067796
QN1205,St. Albans,Queens,2024-01,2024-01-01,779.0,59,13.203389830508474
QN1205,St. Albans,Queens,2024-02,2024-02-01,816.0,59,13.830508474576272
QN1205,St. Albans,Queens,2024-03,2024-03-01,827.0,59,14.016949152542374
QN1205,St. Albans,Queens,2024-04,2024-04-01,824.0,59,13.966101694915254
QN1205,St. Albans,Queens,2024-05,2024-05-01,1013.0,59,17.16949152542373
QN1205,St. Albans,Queens,2024-06,2024-06-01,795.0,59,13.474576271186441
QN1205,St. Albans,Queens,2024-07,2024-07-01,684.0,59,11.59322033898305
QN1205,St. Albans,Queens,2024-08,2024-08-01,691.0,59,11.711864406779661
QN1205,St. Albans,Queens,2024-09,2024-09-01,837.0,59,14.186440677966102
QN1205,St. Albans,Queens,2024-10,2024-10-01,1036.0,59,17.559322033898304
QN1205,St. Albans,Queens,2024-11,2024-11-01,1035.0,59,17.54237288135593
QN1205,St. Albans,Queens,2024-12,2024-12-01,796.0,59,13.491525423728813
QN1205,St. Albans,Queens,2025-01,2025-01-01,746.0,59,12.64406779661017
QN1205,St. Albans,Queens,2025-02,2025-02-01,665.0,59,11.271186440677965
QN1205,St. Albans,Queens,2025-03,2025-03-01,871.0,59,14.76271186440678
QN1205,St. Albans,Queens,2025-04,2025-04-01,858.0,59,14.542372881355933
QN1205,St. Albans,Queens,2025-05,2025-05-01,982.0,59,16.64406779661017
QN1205,St. Albans,Queens,2025-06,2025-06-01,700.0,59,11.864406779661017
QN1205,St. Albans,Queens,2025-07,2025-07-01,586.0,59,9.932203389830509
QN1205,St. Albans,Queens,2025-08,2025-08-01,578.0,59,9.796610169491526
QN1205,St. Albans,Queens,2025-09,2025-09-01,857.0,59,14.525423728813559
QN1205,St. Albans,Queens,2025-10,2025-10-01,821.0,59,13.915254237288135
QN1205,St. Albans,Queens,2025-11,2025-11-01,22.0,59,0.3728813559322034
QN1206,Hollis,Queens,2022-03,2022-03-01,873.0,59,14.796610169491526
QN1206,Hollis,Queens,2022-04,2022-04-01,780.0,59,13.220338983050848
QN1206,Hollis,Queens,2022-05,2022-05-01,993.0,59,16.83050847457627
QN1206,Hollis,Queens,2022-06,2022-06-01,705.0,59,11.94915254237288
QN1206,Hollis,Queens,2022-07,2022-07-01,625.0,59,10.59322033898305
QN1206,Hollis,Queens,2022-08,2022-08-01,622.0,59,10.542372881355933
QN1206,Hollis,Queens,2022-09,2022-09-01,940.0,59,15.932203389830509
QN1206,Hollis,Queens,2022-10,2022-10-01,1071.0,59,18.152542372881356
QN1206,Hollis,Queens,2022-11,2022-11-01,1010.0,59,17.11864406779661
QN1206,Hollis,Queens,2022-12,2022-12-01,787.0,59,13.338983050847459
QN1206,Hollis,Queens,2023-01,2023-01-01,921.0,59,15.610169491525424
QN1206,Hollis,Queens,2023-02,2023-02-01,821.0,59,13.915254237288135
QN1206,Hollis,Queens,2023-03,2023-03-01,934.0,59,15.830508474576272
QN1206,Hollis,Queens,2023-04,2023-04-01,1099.0,59,18.627118644067796
QN1206,Hollis,Queens,2023-05,2023-05-01,931.0,59,15.779661016949152
QN1206,Hollis,Queens,2023-06,2023-06-01,864.0,59,14.64406779661017
QN1206,Hollis,Queens,2023-07,2023-07-01,755.0,59,12.796610169491526
QN1206,Hollis,Queens,2023-08,2023-08-01,733.0,59,12.423728813559322
QN1206,Hollis,Queens,2023-09,2023-09-01,909.0,59,15.40677966101695
QN1206,Hollis,Queens,2023-10,2023-10-01,955.0,59,16.1864406779661
QN1206,Hollis,Queens,2023-11,2023-11-01,977.0,59,16.559322033898304
QN1206,Hollis,Queens,2023-12,2023-12-01,922.0,59,15.627118644067796
QN1206,Hollis,Queens,2024-01,2024-01-01,779.0,59,13.203389830508474
QN1206,Hollis,Queens,2024-02,2024-02-01,816.0,59,13.830508474576272
QN1206,Hollis,Queens,2024-03,2024-03-01,827.0,59,14.016949152542374
QN1206,Hollis,Queens,2024-04,2024-04-01,824.0,59,13.966101694915254
QN1206,Hollis,Queens,2024-05,2024-05-01,1013.0,59,17.16949152542373
QN1206,Hollis,Queens,2024-06,2024-06-01,795.0,59,13.474576271186441
QN1206,Hollis,Queens,2024-07,2024-07-01,684.0,59,11.59322033898305
QN1206,Hollis,Queens,2024-08,2024-08-01,691.0,59,11.711864406779661
QN1206,Hollis,Queens,2024-09,2024-09-01,837.0,59,14.186440677966102
QN1206,Hollis,Queens,2024-10,2024-10-01,1036.0,59,17.559322033898304
QN1206,Hollis,Queens,2024-11,2024-11-01,1035.0,59,17.54237288135593
QN1206,Hollis,Queens,2024-12,2024-12-01,796.0,59,13.491525423728813
QN1206,Hollis,Queens,2025-01,2025-01-01,746.0,59,12.64406779661017
QN1206,Hollis,Queens,2025-02,2025-02-01,665.0,59,11.271186440677965
QN1206,Hollis,Queens,2025-03,2025-03-01,871.0,59,14.76271186440678
QN1206,Hollis,Queens,2025-04,2025-04-01,858.0,59,14.542372881355933
QN1206,Hollis,Queens,2025-05,2025-05-01,982.0,59,16.64406779661017
QN1206,Hollis,Queens,2025-06,2025-06-01,700.0,59,11.864406779661017
QN1206,Hollis,Queens,2025-07,2025-07-01,586.0,59,9.932203389830509
QN1206,Hollis,Queens,2025-08,2025-08-01,578.0,59,9.796610169491526
QN1206,Hollis,Queens,2025-09,2025-09-01,857.0,59,14.525423728813559
QN1206,Hollis,Queens,2025-10,2025-10-01,821.0,59,13.915254237288135
QN1206,Hollis,Queens,2025-11,2025-11-01,22.0,59,0.3728813559322034
QN1301,Glen Oaks-Floral Park-New Hyde Park,Queens,2022-03,2022-03-01,873.0,59,14.796610169491526
QN1301,Glen Oaks-Floral Park-New Hyde Park,Queens,2022-04,2022-04-01,780.0,59,13.220338983050848
QN1301,Glen Oaks-Floral Park-New Hyde Park,Queens,2022-05,2022-05-01,993.0,59,16.83050847457627
QN1301,Glen Oaks-Floral Park-New Hyde Park,Queens,2022-06,2022-06-01,705.0,59,11.94915254237288
QN1301,Glen Oaks-Floral Park-New Hyde Park,Queens,2022-07,2022-07-01,625.0,59,10.59322033898305
QN1301,Glen Oaks-Floral Park-New Hyde Park,Queens,2022-08,2022-08-01,622.0,59,10.542372881355933
QN1301,Glen Oaks-Floral Park-New Hyde Park,Queens,2022-09,2022-09-01,940.0,59,15.932203389830509
QN1301,Glen Oaks-Floral Park-New Hyde Park,Queens,2022-10,2022-10-01,1071.0,59,18.152542372881356
QN1301,Glen Oaks-Floral Park-New Hyde Park,Queens,2022-11,2022-11-01,1010.0,59,17.11864406779661
QN1301,Glen Oaks-Floral Park-New Hyde Park,Queens,2022-12,2022-12-01,787.0,59,13.338983050847459
QN1301,Glen Oaks-Floral Park-New Hyde Park,Queens,2023-01,2023-01-01,921.0,59,15.610169491525424
QN1301,Glen Oaks-Floral Park-New Hyde Park,Queens,2023-02,2023-02-01,821.0,59,13.915254237288135
QN1301,Glen Oaks-Floral Park-New Hyde Park,Queens,2023-03,2023-03-01,934.0,59,15.830508474576272
QN1301,Glen Oaks-Floral Park-New Hyde Park,Queens,2023-04,2023-04-01,1099.0,59,18.627118644067796
QN1301,Glen Oaks-Floral Park-New Hyde Park,Queens,2023-05,2023-05-01,931.0,59,15.779661016949152
QN1301,Glen Oaks-Floral Park-New Hyde Park,Queens,2023-06,2023-06-01,864.0,59,14.64406779661017
QN1301,Glen Oaks-Floral Park-New Hyde Park,Queens,2023-07,2023-07-01,755.0,59,12.796610169491526
QN1301,Glen Oaks-Floral Park-New Hyde Park,Queens,2023-08,2023-08-01,733.0,59,12.423728813559322
QN1301,Glen Oaks-Floral Park-New Hyde Park,Queens,2023-09,2023-09-01,909.0,59,15.40677966101695
QN1301,Glen Oaks-Floral Park-New Hyde Park,Queens,2023-10,2023-10-01,955.0,59,16.1864406779661
QN1301,Glen Oaks-Floral Park-New Hyde Park,Queens,2023-11,2023-11-01,977.0,59,16.559322033898304
QN1301,Glen Oaks-Floral Park-New Hyde Park,Queens,2023-12,2023-12-01,922.0,59,15.627118644067796
QN1301,Glen Oaks-Floral Park-New Hyde Park,Queens,2024-01,2024-01-01,779.0,59,13.203389830508474
QN1301,Glen Oaks-Floral Park-New Hyde Park,Queens,2024-02,2024-02-01,816.0,59,13.830508474576272
QN1301,Glen Oaks-Floral Park-New Hyde Park,Queens,2024-03,2024-03-01,827.0,59,14.016949152542374
QN1301,Glen Oaks-Floral Park-New Hyde Park,Queens,2024-04,2024-04-01,824.0,59,13.966101694915254
QN1301,Glen Oaks-Floral Park-New Hyde Park,Queens,2024-05,2024-05-01,1013.0,59,17.16949152542373
QN1301,Glen Oaks-Floral Park-New Hyde Park,Queens,2024-06,2024-06-01,795.0,59,13.474576271186441
QN1301,Glen Oaks-Floral Park-New Hyde Park,Queens,2024-07,2024-07-01,684.0,59,11.59322033898305
QN1301,Glen Oaks-Floral Park-New Hyde Park,Queens,2024-08,2024-08-01,691.0,59,11.711864406779661
QN1301,Glen Oaks-Floral Park-New Hyde Park,Queens,2024-09,2024-09-01,837.0,59,14.186440677966102
QN1301,Glen Oaks-Floral Park-New Hyde Park,Queens,2024-10,2024-10-01,1036.0,59,17.559322033898304
QN1301,Glen Oaks-Floral Park-New Hyde Park,Queens,2024-11,2024-11-01,1035.0,59,17.54237288135593
QN1301,Glen Oaks-Floral Park-New Hyde Park,Queens,2024-12,2024-12-01,796.0,59,13.491525423728813
QN1301,Glen Oaks-Floral Park-New Hyde Park,Queens,2025-01,2025-01-01,746.0,59,12.64406779661017
QN1301,Glen Oaks-Floral Park-New Hyde Park,Queens,2025-02,2025-02-01,665.0,59,11.271186440677965
QN1301,Glen Oaks-Floral Park-New Hyde Park,Queens,2025-03,2025-03-01,871.0,59,14.76271186440678
QN1301,Glen Oaks-Floral Park-New Hyde Park,Queens,2025-04,2025-04-01,858.0,59,14.542372881355933
QN1301,Glen Oaks-Floral Park-New Hyde Park,Queens,2025-05,2025-05-01,982.0,59,16.64406779661017
QN1301,Glen Oaks-Floral Park-New Hyde Park,Queens,2025-06,2025-06-01,700.0,59,11.864406779661017
QN1301,Glen Oaks-Floral Park-New Hyde Park,Queens,2025-07,2025-07-01,586.0,59,9.932203389830509
QN1301,Glen Oaks-Floral Park-New Hyde Park,Queens,2025-08,2025-08-01,578.0,59,9.796610169491526
QN1301,Glen Oaks-Floral Park-New Hyde Park,Queens,2025-09,2025-09-01,857.0,59,14.525423728813559
QN1301,Glen Oaks-Floral Park-New Hyde Park,Queens,2025-10,2025-10-01,821.0,59,13.915254237288135
QN1301,Glen Oaks-Floral Park-New Hyde Park,Queens,2025-11,2025-11-01,22.0,59,0.3728813559322034
QN1302,Bellerose,Queens,2022-03,2022-03-01,873.0,59,14.796610169491526
QN1302,Bellerose,Queens,2022-04,2022-04-01,780.0,59,13.220338983050848
QN1302,Bellerose,Queens,2022-05,2022-05-01,993.0,59,16.83050847457627
QN1302,Bellerose,Queens,2022-06,2022-06-01,705.0,59,11.94915254237288
QN1302,Bellerose,Queens,2022-07,2022-07-01,625.0,59,10.59322033898305
QN1302,Bellerose,Queens,2022-08,2022-08-01,622.0,59,10.542372881355933
QN1302,Bellerose,Queens,2022-09,2022-09-01,940.0,59,15.932203389830509
QN1302,Bellerose,Queens,2022-10,2022-10-01,1071.0,59,18.152542372881356
QN1302,Bellerose,Queens,2022-11,2022-11-01,1010.0,59,17.11864406779661
QN1302,Bellerose,Queens,2022-12,2022-12-01,787.0,59,13.338983050847459
QN1302,Bellerose,Queens,2023-01,2023-01-01,921.0,59,15.610169491525424
QN1302,Bellerose,Queens,2023-02,2023-02-01,821.0,59,13.915254237288135
QN1302,Bellerose,Queens,2023-03,2023-03-01,934.0,59,15.830508474576272
QN1302,Bellerose,Queens,2023-04,2023-04-01,1099.0,59,18.627118644067796
QN1302,Bellerose,Queens,2023-05,2023-05-01,931.0,59,15.779661016949152
QN1302,Bellerose,Queens,2023-06,2023-06-01,864.0,59,14.64406779661017
QN1302,Bellerose,Queens,2023-07,2023-07-01,755.0,59,12.796610169491526
QN1302,Bellerose,Queens,2023-08,2023-08-01,733.0,59,12.423728813559322
QN1302,Bellerose,Queens,2023-09,2023-09-01,909.0,59,15.40677966101695
QN1302,Bellerose,Queens,2023-10,2023-10-01,955.0,59,16.1864406779661
QN1302,Bellerose,Queens,2023-11,2023-11-01,977.0,59,16.559322033898304
QN1302,Bellerose,Queens,2023-12,2023-12-01,922.0,59,15.627118644067796
QN1302,Bellerose,Queens,2024-01,2024-01-01,779.0,59,13.203389830508474
QN1302,Bellerose,Queens,2024-02,2024-02-01,816.0,59,13.830508474576272
QN1302,Bellerose,Queens,2024-03,2024-03-01,827.0,59,14.016949152542374
QN1302,Bellerose,Queens,2024-04,2024-04-01,824.0,59,13.966101694915254
QN1302,Bellerose,Queens,2024-05,2024-05-01,1013.0,59,17.16949152542373
QN1302,Bellerose,Queens,2024-06,2024-06-01,795.0,59,13.474576271186441
QN1302,Bellerose,Queens,2024-07,2024-07-01,684.0,59,11.59322033898305
QN1302,Bellerose,Queens,2024-08,2024-08-01,691.0,59,11.711864406779661
QN1302,Bellerose,Queens,2024-09,2024-09-01,837.0,59,14.186440677966102
QN1302,Bellerose,Queens,2024-10,2024-10-01,1036.0,59,17.559322033898304
QN1302,Bellerose,Queens,2024-11,2024-11-01,1035.0,59,17.54237288135593
QN1302,Bellerose,Queens,2024-12,2024-12-01,796.0,59,13.491525423728813
QN1302,Bellerose,Queens,2025-01,2025-01-01,746.0,59,12.64406779661017
QN1302,Bellerose,Queens,2025-02,2025-02-01,665.0,59,11.271186440677965
QN1302,Bellerose,Queens,2025-03,2025-03-01,871.0,59,14.76271186440678
QN1302,Bellerose,Queens,2025-04,2025-04-01,858.0,59,14.542372881355933
QN1302,Bellerose,Queens,2025-05,2025-05-01,982.0,59,16.64406779661017
QN1302,Bellerose,Queens,2025-06,2025-06-01,700.0,59,11.864406779661017
QN1302,Bellerose,Queens,2025-07,2025-07-01,586.0,59,9.932203389830509
QN1302,Bellerose,Queens,2025-08,2025-08-01,578.0,59,9.796610169491526
QN1302,Bellerose,Queens,2025-09,2025-09-01,857.0,59,14.525423728813559
QN1302,Bellerose,Queens,2025-10,2025-10-01,821.0,59,13.915254237288135
QN1302,Bellerose,Queens,2025-11,2025-11-01,22.0,59,0.3728813559322034
QN1303,Queens Village,Queens,2022-03,2022-03-01,873.0,59,14.796610169491526
QN1303,Queens Village,Queens,2022-04,2022-04-01,780.0,59,13.220338983050848
QN1303,Queens Village,Queens,2022-05,2022-05-01,993.0,59,16.83050847457627
QN1303,Queens Village,Queens,2022-06,2022-06-01,705.0,59,11.94915254237288
QN1303,Queens Village,Queens,2022-07,2022-07-01,625.0,59,10.59322033898305
QN1303,Queens Village,Queens,2022-08,2022-08-01,622.0,59,10.542372881355933
QN1303,Queens Village,Queens,2022-09,2022-09-01,940.0,59,15.932203389830509
QN1303,Queens Village,Queens,2022-10,2022-10-01,1071.0,59,18.152542372881356
QN1303,Queens Village,Queens,2022-11,2022-11-01,1010.0,59,17.11864406779661
QN1303,Queens Village,Queens,2022-12,2022-12-01,787.0,59,13.338983050847459
QN1303,Queens Village,Queens,2023-01,2023-01-01,921.0,59,15.610169491525424
QN1303,Queens Village,Queens,2023-02,2023-02-01,821.0,59,13.915254237288135
QN1303,Queens Village,Queens,2023-03,2023-03-01,934.0,59,15.830508474576272
QN1303,Queens Village,Queens,2023-04,2023-04-01,1099.0,59,18.627118644067796
QN1303,Queens Village,Queens,2023-05,2023-05-01,931.0,59,15.779661016949152
QN1303,Queens Village,Queens,2023-06,2023-06-01,864.0,59,14.64406779661017
QN1303,Queens Village,Queens,2023-07,2023-07-01,755.0,59,12.796610169491526
QN1303,Queens Village,Queens,2023-08,2023-08-01,733.0,59,12.423728813559322
QN1303,Queens Village,Queens,2023-09,2023-09-01,909.0,59,15.40677966101695
QN1303,Queens Village,Queens,2023-10,2023-10-01,955.0,59,16.1864406779661
QN1303,Queens Village,Queens,2023-11,2023-11-01,977.0,59,16.559322033898304
QN1303,Queens Village,Queens,2023-12,2023-12-01,922.0,59,15.627118644067796
QN1303,Queens Village,Queens,2024-01,2024-01-01,779.0,59,13.203389830508474
QN1303,Queens Village,Queens,2024-02,2024-02-01,816.0,59,13.830508474576272
QN1303,Queens Village,Queens,2024-03,2024-03-01,827.0,59,14.016949152542374
QN1303,Queens Village,Queens,2024-04,2024-04-01,824.0,59,13.966101694915254
QN1303,Queens Village,Queens,2024-05,2024-05-01,1013.0,59,17.16949152542373
QN1303,Queens Village,Queens,2024-06,2024-06-01,795.0,59,13.474576271186441
QN1303,Queens Village,Queens,2024-07,2024-07-01,684.0,59,11.59322033898305
QN1303,Queens Village,Queens,2024-08,2024-08-01,691.0,59,11.711864406779661
QN1303,Queens Village,Queens,2024-09,2024-09-01,837.0,59,14.186440677966102
QN1303,Queens Village,Queens,2024-10,2024-10-01,1036.0,59,17.559322033898304
QN1303,Queens Village,Queens,2024-11,2024-11-01,1035.0,59,17.54237288135593
QN1303,Queens Village,Queens,2024-12,2024-12-01,796.0,59,13.491525423728813
QN1303,Queens Village,Queens,2025-01,2025-01-01,746.0,59,12.64406779661017
QN1303,Queens Village,Queens,2025-02,2025-02-01,665.0,59,11.271186440677965
QN1303,Queens Village,Queens,2025-03,2025-03-01,871.0,59,14.76271186440678
QN1303,Queens Village,Queens,2025-04,2025-04-01,858.0,59,14.542372881355933
QN1303,Queens Village,Queens,2025-05,2025-05-01,982.0,59,16.64406779661017
QN1303,Queens Village,Queens,2025-06,2025-06-01,700.0,59,11.864406779661017
QN1303,Queens Village,Queens,2025-07,2025-07-01,586.0,59,9.932203389830509
QN1303,Queens Village,Queens,2025-08,2025-08-01,578.0,59,9.796610169491526
QN1303,Queens Village,Queens,2025-09,2025-09-01,857.0,59,14.525423728813559
QN1303,Queens Village,Queens,2025-10,2025-10-01,821.0,59,13.915254237288135
QN1303,Queens Village,Queens,2025-11,2025-11-01,22.0,59,0.3728813559322034
QN1304,Cambria Heights,Queens,2022-03,2022-03-01,873.0,59,14.796610169491526
QN1304,Cambria Heights,Queens,2022-04,2022-04-01,780.0,59,13.220338983050848
QN1304,Cambria Heights,Queens,2022-05,2022-05-01,993.0,59,16.83050847457627
QN1304,Cambria Heights,Queens,2022-06,2022-06-01,705.0,59,11.94915254237288
QN1304,Cambria Heights,Queens,2022-07,2022-07-01,625.0,59,10.59322033898305
QN1304,Cambria Heights,Queens,2022-08,2022-08-01,622.0,59,10.542372881355933
QN1304,Cambria Heights,Queens,2022-09,2022-09-01,940.0,59,15.932203389830509
QN1304,Cambria Heights,Queens,2022-10,2022-10-01,1071.0,59,18.152542372881356
QN1304,Cambria Heights,Queens,2022-11,2022-11-01,1010.0,59,17.11864406779661
QN1304,Cambria Heights,Queens,2022-12,2022-12-01,787.0,59,13.338983050847459
QN1304,Cambria Heights,Queens,2023-01,2023-01-01,921.0,59,15.610169491525424
QN1304,Cambria Heights,Queens,2023-02,2023-02-01,821.0,59,13.915254237288135
QN1304,Cambria Heights,Queens,2023-03,2023-03-01,934.0,59,15.830508474576272
QN1304,Cambria Heights,Queens,2023-04,2023-04-01,1099.0,59,18.627118644067796
QN1304,Cambria Heights,Queens,2023-05,2023-05-01,931.0,59,15.779661016949152
QN1304,Cambria Heights,Queens,2023-06,2023-06-01,864.0,59,14.64406779661017
QN1304,Cambria Heights,Queens,2023-07,2023-07-01,755.0,59,12.796610169491526
QN1304,Cambria Heights,Queens,2023-08,2023-08-01,733.0,59,12.423728813559322
QN1304,Cambria Heights,Queens,2023-09,2023-09-01,909.0,59,15.40677966101695
QN1304,Cambria Heights,Queens,2023-10,2023-10-01,955.0,59,16.1864406779661
QN1304,Cambria Heights,Queens,2023-11,2023-11-01,977.0,59,16.559322033898304
QN1304,Cambria Heights,Queens,2023-12,2023-12-01,922.0,59,15.627118644067796
QN1304,Cambria Heights,Queens,2024-01,2024-01-01,779.0,59,13.203389830508474
QN1304,Cambria Heights,Queens,2024-02,2024-02-01,816.0,59,13.830508474576272
QN1304,Cambria Heights,Queens,2024-03,2024-03-01,827.0,59,14.016949152542374
QN1304,Cambria Heights,Queens,2024-04,2024-04-01,824.0,59,13.966101694915254
QN1304,Cambria Heights,Queens,2024-05,2024-05-01,1013.0,59,17.16949152542373
QN1304,Cambria Heights,Queens,2024-06,2024-06-01,795.0,59,13.474576271186441
QN1304,Cambria Heights,Queens,2024-07,2024-07-01,684.0,59,11.59322033898305
QN1304,Cambria Heights,Queens,2024-08,2024-08-01,691.0,59,11.711864406779661
QN1304,Cambria Heights,Queens,2024-09,2024-09-01,837.0,59,14.186440677966102
QN1304,Cambria Heights,Queens,2024-10,2024-10-01,1036.0,59,17.559322033898304
QN1304,Cambria Heights,Queens,2024-11,2024-11-01,1035.0,59,17.54237288135593
QN1304,Cambria Heights,Queens,2024-12,2024-12-01,796.0,59,13.491525423728813
QN1304,Cambria Heights,Queens,2025-01,2025-01-01,746.0,59,12.64406779661017
QN1304,Cambria Heights,Queens,2025-02,2025-02-01,665.0,59,11.271186440677965
QN1304,Cambria Heights,Queens,2025-03,2025-03-01,871.0,59,14.76271186440678
QN1304,Cambria Heights,Queens,2025-04,2025-04-01,858.0,59,14.542372881355933
QN1304,Cambria Heights,Queens,2025-05,2025-05-01,982.0,59,16.64406779661017
QN1304,Cambria Heights,Queens,2025-06,2025-06-01,700.0,59,11.864406779661017
QN1304,Cambria Heights,Queens,2025-07,2025-07-01,586.0,59,9.932203389830509
QN1304,Cambria Heights,Queens,2025-08,2025-08-01,578.0,59,9.796610169491526
QN1304,Cambria Heights,Queens,2025-09,2025-09-01,857.0,59,14.525423728813559
QN1304,Cambria Heights,Queens,2025-10,2025-10-01,821.0,59,13.915254237288135
QN1304,Cambria Heights,Queens,2025-11,2025-11-01,22.0,59,0.3728813559322034
QN1305,Laurelton,Queens,2022-03,2022-03-01,873.0,59,14.796610169491526
QN1305,Laurelton,Queens,2022-04,2022-04-01,780.0,59,13.220338983050848
QN1305,Laurelton,Queens,2022-05,2022-05-01,993.0,59,16.83050847457627
QN1305,Laurelton,Queens,2022-06,2022-06-01,705.0,59,11.94915254237288
QN1305,Laurelton,Queens,2022-07,2022-07-01,625.0,59,10.59322033898305
QN1305,Laurelton,Queens,2022-08,2022-08-01,622.0,59,10.542372881355933
QN1305,Laurelton,Queens,2022-09,2022-09-01,940.0,59,15.932203389830509
QN1305,Laurelton,Queens,2022-10,2022-10-01,1071.0,59,18.152542372881356
QN1305,Laurelton,Queens,2022-11,2022-11-01,1010.0,59,17.11864406779661
QN1305,Laurelton,Queens,2022-12,2022-12-01,787.0,59,13.338983050847459
QN1305,Laurelton,Queens,2023-01,2023-01-01,921.0,59,15.610169491525424
QN1305,Laurelton,Queens,2023-02,2023-02-01,821.0,59,13.915254237288135
QN1305,Laurelton,Queens,2023-03,2023-03-01,934.0,59,15.830508474576272
QN1305,Laurelton,Queens,2023-04,2023-04-01,1099.0,59,18.627118644067796
QN1305,Laurelton,Queens,2023-05,2023-05-01,931.0,59,15.779661016949152
QN1305,Laurelton,Queens,2023-06,2023-06-01,864.0,59,14.64406779661017
QN1305,Laurelton,Queens,2023-07,2023-07-01,755.0,59,12.796610169491526
QN1305,Laurelton,Queens,2023-08,2023-08-01,733.0,59,12.423728813559322
QN1305,Laurelton,Queens,2023-09,2023-09-01,909.0,59,15.40677966101695
QN1305,Laurelton,Queens,2023-10,2023-10-01,955.0,59,16.1864406779661
QN1305,Laurelton,Queens,2023-11,2023-11-01,977.0,59,16.559322033898304
QN1305,Laurelton,Queens,2023-12,2023-12-01,922.0,59,15.627118644067796
QN1305,Laurelton,Queens,2024-01,2024-01-01,779.0,59,13.203389830508474
QN1305,Laurelton,Queens,2024-02,2024-02-01,816.0,59,13.830508474576272
QN1305,Laurelton,Queens,2024-03,2024-03-01,827.0,59,14.016949152542374
QN1305,Laurelton,Queens,2024-04,2024-04-01,824.0,59,13.966101694915254
QN1305,Laurelton,Queens,2024-05,2024-05-01,1013.0,59,17.16949152542373
QN1305,Laurelton,Queens,2024-06,2024-06-01,795.0,59,13.474576271186441
QN1305,Laurelton,Queens,2024-07,2024-07-01,684.0,59,11.59322033898305
QN1305,Laurelton,Queens,2024-08,2024-08-01,691.0,59,11.711864406779661
QN1305,Laurelton,Queens,2024-09,2024-09-01,837.0,59,14.186440677966102
QN1305,Laurelton,Queens,2024-10,2024-10-01,1036.0,59,17.559322033898304
QN1305,Laurelton,Queens,2024-11,2024-11-01,1035.0,59,17.54237288135593
QN1305,Laurelton,Queens,2024-12,2024-12-01,796.0,59,13.491525423728813
QN1305,Laurelton,Queens,2025-01,2025-01-01,746.0,59,12.64406779661017
QN1305,Laurelton,Queens,2025-02,2025-02-01,665.0,59,11.271186440677965
QN1305,Laurelton,Queens,2025-03,2025-03-01,871.0,59,14.76271186440678
QN1305,Laurelton,Queens,2025-04,2025-04-01,858.0,59,14.542372881355933
QN1305,Laurelton,Queens,2025-05,2025-05-01,982.0,59,16.64406779661017
QN1305,Laurelton,Queens,2025-06,2025-06-01,700.0,59,11.864406779661017
QN1305,Laurelton,Queens,2025-07,2025-07-01,586.0,59,9.932203389830509
QN1305,Laurelton,Queens,2025-08,2025-08-01,578.0,59,9.796610169491526
QN1305,Laurelton,Queens,2025-09,2025-09-01,857.0,59,14.525423728813559
QN1305,Laurelton,Queens,2025-10,2025-10-01,821.0,59,13.915254237288135
QN1305,Laurelton,Queens,2025-11,2025-11-01,22.0,59,0.3728813559322034
QN1306,Springfield Gardens (South)-Brookville,Queens,2022-03,2022-03-01,873.0,59,14.796610169491526
QN1306,Springfield Gardens (South)-Brookville,Queens,2022-04,2022-04-01,780.0,59,13.220338983050848
QN1306,Springfield Gardens (South)-Brookville,Queens,2022-05,2022-05-01,993.0,59,16.83050847457627
QN1306,Springfield Gardens (South)-Brookville,Queens,2022-06,2022-06-01,705.0,59,11.94915254237288
QN1306,Springfield Gardens (South)-Brookville,Queens,2022-07,2022-07-01,625.0,59,10.59322033898305
QN1306,Springfield Gardens (South)-Brookville,Queens,2022-08,2022-08-01,622.0,59,10.542372881355933
QN1306,Springfield Gardens (South)-Brookville,Queens,2022-09,2022-09-01,940.0,59,15.932203389830509
QN1306,Springfield Gardens (South)-Brookville,Queens,2022-10,2022-10-01,1071.0,59,18.152542372881356
QN1306,Springfield Gardens (South)-Brookville,Queens,2022-11,2022-11-01,1010.0,59,17.11864406779661
QN1306,Springfield Gardens (South)-Brookville,Queens,2022-12,2022-12-01,787.0,59,13.338983050847459
QN1306,Springfield Gardens (South)-Brookville,Queens,2023-01,2023-01-01,921.0,59,15.610169491525424
QN1306,Springfield Gardens (South)-Brookville,Queens,2023-02,2023-02-01,821.0,59,13.915254237288135
QN1306,Springfield Gardens (South)-Brookville,Queens,2023-03,2023-03-01,934.0,59,15.830508474576272
QN1306,Springfield Gardens (South)-Brookville,Queens,2023-04,2023-04-01,1099.0,59,18.627118644067796
QN1306,Springfield Gardens (South)-Brookville,Queens,2023-05,2023-05-01,931.0,59,15.779661016949152
QN1306,Springfield Gardens (South)-Brookville,Queens,2023-06,2023-06-01,864.0,59,14.64406779661017
QN1306,Springfield Gardens (South)-Brookville,Queens,2023-07,2023-07-01,755.0,59,12.796610169491526
QN1306,Springfield Gardens (South)-Brookville,Queens,2023-08,2023-08-01,733.0,59,12.423728813559322
QN1306,Springfield Gardens (South)-Brookville,Queens,2023-09,2023-09-01,909.0,59,15.40677966101695
QN1306,Springfield Gardens (South)-Brookville,Queens,2023-10,2023-10-01,955.0,59,16.1864406779661
QN1306,Springfield Gardens (South)-Brookville,Queens,2023-11,2023-11-01,977.0,59,16.559322033898304
QN1306,Springfield Gardens (South)-Brookville,Queens,2023-12,2023-12-01,922.0,59,15.627118644067796
QN1306,Springfield Gardens (South)-Brookville,Queens,2024-01,2024-01-01,779.0,59,13.203389830508474
QN1306,Springfield Gardens (South)-Brookville,Queens,2024-02,2024-02-01,816.0,59,13.830508474576272
QN1306,Springfield Gardens (South)-Brookville,Queens,2024-03,2024-03-01,827.0,59,14.016949152542374
QN1306,Springfield Gardens (South)-Brookville,Queens,2024-04,2024-04-01,824.0,59,13.966101694915254
QN1306,Springfield Gardens (South)-Brookville,Queens,2024-05,2024-05-01,1013.0,59,17.16949152542373
QN1306,Springfield Gardens (South)-Brookville,Queens,2024-06,2024-06-01,795.0,59,13.474576271186441
QN1306,Springfield Gardens (South)-Brookville,Queens,2024-07,2024-07-01,684.0,59,11.59322033898305
QN1306,Springfield Gardens (South)-Brookville,Queens,2024-08,2024-08-01,691.0,59,11.711864406779661
QN1306,Springfield Gardens (South)-Brookville,Queens,2024-09,2024-09-01,837.0,59,14.186440677966102
QN1306,Springfield Gardens (South)-Brookville,Queens,2024-10,2024-10-01,1036.0,59,17.559322033898304
QN1306,Springfield Gardens (South)-Brookville,Queens,2024-11,2024-11-01,1035.0,59,17.54237288135593
QN1306,Springfield Gardens (South)-Brookville,Queens,2024-12,2024-12-01,796.0,59,13.491525423728813
QN1306,Springfield Gardens (South)-Brookville,Queens,2025-01,2025-01-01,746.0,59,12.64406779661017
QN1306,Springfield Gardens (South)-Brookville,Queens,2025-02,2025-02-01,665.0,59,11.271186440677965
QN1306,Springfield Gardens (South)-Brookville,Queens,2025-03,2025-03-01,871.0,59,14.76271186440678
QN1306,Springfield Gardens (South)-Brookville,Queens,2025-04,2025-04-01,858.0,59,14.542372881355933
QN1306,Springfield Gardens (South)-Brookville,Queens,2025-05,2025-05-01,982.0,59,16.64406779661017
QN1306,Springfield Gardens (South)-Brookville,Queens,2025-06,2025-06-01,700.0,59,11.864406779661017
QN1306,Springfield Gardens (South)-Brookville,Queens,2025-07,2025-07-01,586.0,59,9.932203389830509
QN1306,Springfield Gardens (South)-Brookville,Queens,2025-08,2025-08-01,578.0,59,9.796610169491526
QN1306,Springfield Gardens (South)-Brookville,Queens,2025-09,2025-09-01,857.0,59,14.525423728813559
QN1306,Springfield Gardens (South)-Brookville,Queens,2025-10,2025-10-01,821.0,59,13.915254237288135
QN1306,Springfield Gardens (South)-Brookville,Queens,2025-11,2025-11-01,22.0,59,0.3728813559322034
QN1307,Rosedale,Queens,2022-03,2022-03-01,873.0,59,14.796610169491526
QN1307,Rosedale,Queens,2022-04,2022-04-01,780.0,59,13.220338983050848
QN1307,Rosedale,Queens,2022-05,2022-05-01,993.0,59,16.83050847457627
QN1307,Rosedale,Queens,2022-06,2022-06-01,705.0,59,11.94915254237288
QN1307,Rosedale,Queens,2022-07,2022-07-01,625.0,59,10.59322033898305
QN1307,Rosedale,Queens,2022-08,2022-08-01,622.0,59,10.542372881355933
QN1307,Rosedale,Queens,2022-09,2022-09-01,940.0,59,15.932203389830509
QN1307,Rosedale,Queens,2022-10,2022-10-01,1071.0,59,18.152542372881356
QN1307,Rosedale,Queens,2022-11,2022-11-01,1010.0,59,17.11864406779661
QN1307,Rosedale,Queens,2022-12,2022-12-01,787.0,59,13.338983050847459
QN1307,Rosedale,Queens,2023-01,2023-01-01,921.0,59,15.610169491525424
QN1307,Rosedale,Queens,2023-02,2023-02-01,821.0,59,13.915254237288135
QN1307,Rosedale,Queens,2023-03,2023-03-01,934.0,59,15.830508474576272
QN1307,Rosedale,Queens,2023-04,2023-04-01,1099.0,59,18.627118644067796
QN1307,Rosedale,Queens,2023-05,2023-05-01,931.0,59,15.779661016949152
QN1307,Rosedale,Queens,2023-06,2023-06-01,864.0,59,14.64406779661017
QN1307,Rosedale,Queens,2023-07,2023-07-01,755.0,59,12.796610169491526
QN1307,Rosedale,Queens,2023-08,2023-08-01,733.0,59,12.423728813559322
QN1307,Rosedale,Queens,2023-09,2023-09-01,909.0,59,15.40677966101695
QN1307,Rosedale,Queens,2023-10,2023-10-01,955.0,59,16.1864406779661
QN1307,Rosedale,Queens,2023-11,2023-11-01,977.0,59,16.559322033898304
QN1307,Rosedale,Queens,2023-12,2023-12-01,922.0,59,15.627118644067796
QN1307,Rosedale,Queens,2024-01,2024-01-01,779.0,59,13.203389830508474
QN1307,Rosedale,Queens,2024-02,2024-02-01,816.0,59,13.830508474576272
QN1307,Rosedale,Queens,2024-03,2024-03-01,827.0,59,14.016949152542374
QN1307,Rosedale,Queens,2024-04,2024-04-01,824.0,59,13.966101694915254
QN1307,Rosedale,Queens,2024-05,2024-05-01,1013.0,59,17.16949152542373
QN1307,Rosedale,Queens,2024-06,2024-06-01,795.0,59,13.474576271186441
QN1307,Rosedale,Queens,2024-07,2024-07-01,684.0,59,11.59322033898305
QN1307,Rosedale,Queens,2024-08,2024-08-01,691.0,59,11.711864406779661
QN1307,Rosedale,Queens,2024-09,2024-09-01,837.0,59,14.186440677966102
QN1307,Rosedale,Queens,2024-10,2024-10-01,1036.0,59,17.559322033898304
QN1307,Rosedale,Queens,2024-11,2024-11-01,1035.0,59,17.54237288135593
QN1307,Rosedale,Queens,2024-12,2024-12-01,796.0,59,13.491525423728813
QN1307,Rosedale,Queens,2025-01,2025-01-01,746.0,59,12.64406779661017
QN1307,Rosedale,Queens,2025-02,2025-02-01,665.0,59,11.271186440677965
QN1307,Rosedale,Queens,2025-03,2025-03-01,871.0,59,14.76271186440678
QN1307,Rosedale,Queens,2025-04,2025-04-01,858.0,59,14.542372881355933
QN1307,Rosedale,Queens,2025-05,2025-05-01,982.0,59,16.64406779661017
QN1307,Rosedale,Queens,2025-06,2025-06-01,700.0,59,11.864406779661017
QN1307,Rosedale,Queens,2025-07,2025-07-01,586.0,59,9.932203389830509
QN1307,Rosedale,Queens,2025-08,2025-08-01,578.0,59,9.796610169491526
QN1307,Rosedale,Queens,2025-09,2025-09-01,857.0,59,14.525423728813559
QN1307,Rosedale,Queens,2025-10,2025-10-01,821.0,59,13.915254237288135
QN1307,Rosedale,Queens,2025-11,2025-11-01,22.0,59,0.3728813559322034
QN1401,Far Rockaway-Bayswater,Queens,2022-03,2022-03-01,873.0,59,14.796610169491526
QN1401,Far Rockaway-Bayswater,Queens,2022-04,2022-04-01,780.0,59,13.220338983050848
QN1401,Far Rockaway-Bayswater,Queens,2022-05,2022-05-01,993.0,59,16.83050847457627
QN1401,Far Rockaway-Bayswater,Queens,2022-06,2022-06-01,705.0,59,11.94915254237288
QN1401,Far Rockaway-Bayswater,Queens,2022-07,2022-07-01,625.0,59,10.59322033898305
QN1401,Far Rockaway-Bayswater,Queens,2022-08,2022-08-01,622.0,59,10.542372881355933
QN1401,Far Rockaway-Bayswater,Queens,2022-09,2022-09-01,940.0,59,15.932203389830509
QN1401,Far Rockaway-Bayswater,Queens,2022-10,2022-10-01,1071.0,59,18.152542372881356
QN1401,Far Rockaway-Bayswater,Queens,2022-11,2022-11-01,1010.0,59,17.11864406779661
QN1401,Far Rockaway-Bayswater,Queens,2022-12,2022-12-01,787.0,59,13.338983050847459
QN1401,Far Rockaway-Bayswater,Queens,2023-01,2023-01-01,921.0,59,15.610169491525424
QN1401,Far Rockaway-Bayswater,Queens,2023-02,2023-02-01,821.0,59,13.915254237288135
QN1401,Far Rockaway-Bayswater,Queens,2023-03,2023-03-01,934.0,59,15.830508474576272
QN1401,Far Rockaway-Bayswater,Queens,2023-04,2023-04-01,1099.0,59,18.627118644067796
QN1401,Far Rockaway-Bayswater,Queens,2023-05,2023-05-01,931.0,59,15.779661016949152
QN1401,Far Rockaway-Bayswater,Queens,2023-06,2023-06-01,864.0,59,14.64406779661017
QN1401,Far Rockaway-Bayswater,Queens,2023-07,2023-07-01,755.0,59,12.796610169491526
QN1401,Far Rockaway-Bayswater,Queens,2023-08,2023-08-01,733.0,59,12.423728813559322
QN1401,Far Rockaway-Bayswater,Queens,2023-09,2023-09-01,909.0,59,15.40677966101695
QN1401,Far Rockaway-Bayswater,Queens,2023-10,2023-10-01,955.0,59,16.1864406779661
QN1401,Far Rockaway-Bayswater,Queens,2023-11,2023-11-01,977.0,59,16.559322033898304
QN1401,Far Rockaway-Bayswater,Queens,2023-12,2023-12-01,922.0,59,15.627118644067796
QN1401,Far Rockaway-Bayswater,Queens,2024-01,2024-01-01,779.0,59,13.203389830508474
QN1401,Far Rockaway-Bayswater,Queens,2024-02,2024-02-01,816.0,59,13.830508474576272
QN1401,Far Rockaway-Bayswater,Queens,2024-03,2024-03-01,827.0,59,14.016949152542374
QN1401,Far Rockaway-Bayswater,Queens,2024-04,2024-04-01,824.0,59,13.966101694915254
QN1401,Far Rockaway-Bayswater,Queens,2024-05,2024-05-01,1013.0,59,17.16949152542373
QN1401,Far Rockaway-Bayswater,Queens,2024-06,2024-06-01,795.0,59,13.474576271186441
QN1401,Far Rockaway-Bayswater,Queens,2024-07,2024-07-01,684.0,59,11.59322033898305
QN1401,Far Rockaway-Bayswater,Queens,2024-08,2024-08-01,691.0,59,11.711864406779661
QN1401,Far Rockaway-Bayswater,Queens,2024-09,2024-09-01,837.0,59,14.186440677966102
QN1401,Far Rockaway-Bayswater,Queens,2024-10,2024-10-01,1036.0,59,17.559322033898304
QN1401,Far Rockaway-Bayswater,Queens,2024-11,2024-11-01,1035.0,59,17.54237288135593
QN1401,Far Rockaway-Bayswater,Queens,2024-12,2024-12-01,796.0,59,13.491525423728813
QN1401,Far Rockaway-Bayswater,Queens,2025-01,2025-01-01,746.0,59,12.64406779661017
QN1401,Far Rockaway-Bayswater,Queens,2025-02,2025-02-01,665.0,59,11.271186440677965
QN1401,Far Rockaway-Bayswater,Queens,2025-03,2025-03-01,871.0,59,14.76271186440678
QN1401,Far Rockaway-Bayswater,Queens,2025-04,2025-04-01,858.0,59,14.542372881355933
QN1401,Far Rockaway-Bayswater,Queens,2025-05,2025-05-01,982.0,59,16.64406779661017
QN1401,Far Rockaway-Bayswater,Queens,2025-06,2025-06-01,700.0,59,11.864406779661017
QN1401,Far Rockaway-Bayswater,Queens,2025-07,2025-07-01,586.0,59,9.932203389830509
QN1401,Far Rockaway-Bayswater,Queens,2025-08,2025-08-01,578.0,59,9.796610169491526
QN1401,Far Rockaway-Bayswater,Queens,2025-09,2025-09-01,857.0,59,14.525423728813559
QN1401,Far Rockaway-Bayswater,Queens,2025-10,2025-10-01,821.0,59,13.915254237288135
QN1401,Far Rockaway-Bayswater,Queens,2025-11,2025-11-01,22.0,59,0.3728813559322034
QN1402,Rockaway Beach-Arverne-Edgemere,Queens,2022-03,2022-03-01,873.0,59,14.796610169491526
QN1402,Rockaway Beach-Arverne-Edgemere,Queens,2022-04,2022-04-01,780.0,59,13.220338983050848
QN1402,Rockaway Beach-Arverne-Edgemere,Queens,2022-05,2022-05-01,993.0,59,16.83050847457627
QN1402,Rockaway Beach-Arverne-Edgemere,Queens,2022-06,2022-06-01,705.0,59,11.94915254237288
QN1402,Rockaway Beach-Arverne-Edgemere,Queens,2022-07,2022-07-01,625.0,59,10.59322033898305
QN1402,Rockaway Beach-Arverne-Edgemere,Queens,2022-08,2022-08-01,622.0,59,10.542372881355933
QN1402,Rockaway Beach-Arverne-Edgemere,Queens,2022-09,2022-09-01,940.0,59,15.932203389830509
QN1402,Rockaway Beach-Arverne-Edgemere,Queens,2022-10,2022-10-01,1071.0,59,18.152542372881356
QN1402,Rockaway Beach-Arverne-Edgemere,Queens,2022-11,2022-11-01,1010.0,59,17.11864406779661
QN1402,Rockaway Beach-Arverne-Edgemere,Queens,2022-12,2022-12-01,787.0,59,13.338983050847459
QN1402,Rockaway Beach-Arverne-Edgemere,Queens,2023-01,2023-01-01,921.0,59,15.610169491525424
QN1402,Rockaway Beach-Arverne-Edgemere,Queens,2023-02,2023-02-01,821.0,59,13.915254237288135
QN1402,Rockaway Beach-Arverne-Edgemere,Queens,2023-03,2023-03-01,934.0,59,15.830508474576272
QN1402,Rockaway Beach-Arverne-Edgemere,Queens,2023-04,2023-04-01,1099.0,59,18.627118644067796
QN1402,Rockaway Beach-Arverne-Edgemere,Queens,2023-05,2023-05-01,931.0,59,15.779661016949152
QN1402,Rockaway Beach-Arverne-Edgemere,Queens,2023-06,2023-06-01,864.0,59,14.64406779661017
QN1402,Rockaway Beach-Arverne-Edgemere,Queens,2023-07,2023-07-01,755.0,59,12.796610169491526
QN1402,Rockaway Beach-Arverne-Edgemere,Queens,2023-08,2023-08-01,733.0,59,12.423728813559322
QN1402,Rockaway Beach-Arverne-Edgemere,Queens,2023-09,2023-09-01,909.0,59,15.40677966101695
QN1402,Rockaway Beach-Arverne-Edgemere,Queens,2023-10,2023-10-01,955.0,59,16.1864406779661
QN1402,Rockaway Beach-Arverne-Edgemere,Queens,2023-11,2023-11-01,977.0,59,16.559322033898304
QN1402,Rockaway Beach-Arverne-Edgemere,Queens,2023-12,2023-12-01,922.0,59,15.627118644067796
QN1402,Rockaway Beach-Arverne-Edgemere,Queens,2024-01,2024-01-01,779.0,59,13.203389830508474
QN1402,Rockaway Beach-Arverne-Edgemere,Queens,2024-02,2024-02-01,816.0,59,13.830508474576272
QN1402,Rockaway Beach-Arverne-Edgemere,Queens,2024-03,2024-03-01,827.0,59,14.016949152542374
QN1402,Rockaway Beach-Arverne-Edgemere,Queens,2024-04,2024-04-01,824.0,59,13.966101694915254
QN1402,Rockaway Beach-Arverne-Edgemere,Queens,2024-05,2024-05-01,1013.0,59,17.16949152542373
QN1402,Rockaway Beach-Arverne-Edgemere,Queens,2024-06,2024-06-01,795.0,59,13.474576271186441
QN1402,Rockaway Beach-Arverne-Edgemere,Queens,2024-07,2024-07-01,684.0,59,11.59322033898305
QN1402,Rockaway Beach-Arverne-Edgemere,Queens,2024-08,2024-08-01,691.0,59,11.711864406779661
QN1402,Rockaway Beach-Arverne-Edgemere,Queens,2024-09,2024-09-01,837.0,59,14.186440677966102
QN1402,Rockaway Beach-Arverne-Edgemere,Queens,2024-10,2024-10-01,1036.0,59,17.559322033898304
QN1402,Rockaway Beach-Arverne-Edgemere,Queens,2024-11,2024-11-01,1035.0,59,17.54237288135593
QN1402,Rockaway Beach-Arverne-Edgemere,Queens,2024-12,2024-12-01,796.0,59,13.491525423728813
QN1402,Rockaway Beach-Arverne-Edgemere,Queens,2025-01,2025-01-01,746.0,59,12.64406779661017
QN1402,Rockaway Beach-Arverne-Edgemere,Queens,2025-02,2025-02-01,665.0,59,11.271186440677965
QN1402,Rockaway Beach-Arverne-Edgemere,Queens,2025-03,2025-03-01,871.0,59,14.76271186440678
QN1402,Rockaway Beach-Arverne-Edgemere,Queens,2025-04,2025-04-01,858.0,59,14.542372881355933
QN1402,Rockaway Beach-Arverne-Edgemere,Queens,2025-05,2025-05-01,982.0,59,16.64406779661017
QN1402,Rockaway Beach-Arverne-Edgemere,Queens,2025-06,2025-06-01,700.0,59,11.864406779661017
QN1402,Rockaway Beach-Arverne-Edgemere,Queens,2025-07,2025-07-01,586.0,59,9.932203389830509
QN1402,Rockaway Beach-Arverne-Edgemere,Queens,2025-08,2025-08-01,578.0,59,9.796610169491526
QN1402,Rockaway Beach-Arverne-Edgemere,Queens,2025-09,2025-09-01,857.0,59,14.525423728813559
QN1402,Rockaway Beach-Arverne-Edgemere,Queens,2025-10,2025-10-01,821.0,59,13.915254237288135
QN1402,Rockaway Beach-Arverne-Edgemere,Queens,2025-11,2025-11-01,22.0,59,0.3728813559322034
QN1403,Breezy Point-Belle Harbor-Rockaway Park-Broad Channel,Queens,2022-03,2022-03-01,873.0,59,14.796610169491526
QN1403,Breezy Point-Belle Harbor-Rockaway Park-Broad Channel,Queens,2022-04,2022-04-01,780.0,59,13.220338983050848
QN1403,Breezy Point-Belle Harbor-Rockaway Park-Broad Channel,Queens,2022-05,2022-05-01,993.0,59,16.83050847457627
QN1403,Breezy Point-Belle Harbor-Rockaway Park-Broad Channel,Queens,2022-06,2022-06-01,705.0,59,11.94915254237288
QN1403,Breezy Point-Belle Harbor-Rockaway Park-Broad Channel,Queens,2022-07,2022-07-01,625.0,59,10.59322033898305
QN1403,Breezy Point-Belle Harbor-Rockaway Park-Broad Channel,Queens,2022-08,2022-08-01,622.0,59,10.542372881355933
QN1403,Breezy Point-Belle Harbor-Rockaway Park-Broad Channel,Queens,2022-09,2022-09-01,940.0,59,15.932203389830509
QN1403,Breezy Point-Belle Harbor-Rockaway Park-Broad Channel,Queens,2022-10,2022-10-01,1071.0,59,18.152542372881356
QN1403,Breezy Point-Belle Harbor-Rockaway Park-Broad Channel,Queens,2022-11,2022-11-01,1010.0,59,17.11864406779661
QN1403,Breezy Point-Belle Harbor-Rockaway Park-Broad Channel,Queens,2022-12,2022-12-01,787.0,59,13.338983050847459
QN1403,Breezy Point-Belle Harbor-Rockaway Park-Broad Channel,Queens,2023-01,2023-01-01,921.0,59,15.610169491525424
QN1403,Breezy Point-Belle Harbor-Rockaway Park-Broad Channel,Queens,2023-02,2023-02-01,821.0,59,13.915254237288135
QN1403,Breezy Point-Belle Harbor-Rockaway Park-Broad Channel,Queens,2023-03,2023-03-01,934.0,59,15.830508474576272
QN1403,Breezy Point-Belle Harbor-Rockaway Park-Broad Channel,Queens,2023-04,2023-04-01,1099.0,59,18.627118644067796
QN1403,Breezy Point-Belle Harbor-Rockaway Park-Broad Channel,Queens,2023-05,2023-05-01,931.0,59,15.779661016949152
QN1403,Breezy Point-Belle Harbor-Rockaway Park-Broad Channel,Queens,2023-06,2023-06-01,864.0,59,14.64406779661017
QN1403,Breezy Point-Belle Harbor-Rockaway Park-Broad Channel,Queens,2023-07,2023-07-01,755.0,59,12.796610169491526
QN1403,Breezy Point-Belle Harbor-Rockaway Park-Broad Channel,Queens,2023-08,2023-08-01,733.0,59,12.423728813559322
QN1403,Breezy Point-Belle Harbor-Rockaway Park-Broad Channel,Queens,2023-09,2023-09-01,909.0,59,15.40677966101695
QN1403,Breezy Point-Belle Harbor-Rockaway Park-Broad Channel,Queens,2023-10,2023-10-01,955.0,59,16.1864406779661
QN1403,Breezy Point-Belle Harbor-Rockaway Park-Broad Channel,Queens,2023-11,2023-11-01,977.0,59,16.559322033898304
QN1403,Breezy Point-Belle Harbor-Rockaway Park-Broad Channel,Queens,2023-12,2023-12-01,922.0,59,15.627118644067796
QN1403,Breezy Point-Belle Harbor-Rockaway Park-Broad Channel,Queens,2024-01,2024-01-01,779.0,59,13.203389830508474
QN1403,Breezy Point-Belle Harbor-Rockaway Park-Broad Channel,Queens,2024-02,2024-02-01,816.0,59,13.830508474576272
QN1403,Breezy Point-Belle Harbor-Rockaway Park-Broad Channel,Queens,2024-03,2024-03-01,827.0,59,14.016949152542374
QN1403,Breezy Point-Belle Harbor-Rockaway Park-Broad Channel,Queens,2024-04,2024-04-01,824.0,59,13.966101694915254
QN1403,Breezy Point-Belle Harbor-Rockaway Park-Broad Channel,Queens,2024-05,2024-05-01,1013.0,59,17.16949152542373
QN1403,Breezy Point-Belle Harbor-Rockaway Park-Broad Channel,Queens,2024-06,2024-06-01,795.0,59,13.474576271186441
QN1403,Breezy Point-Belle Harbor-Rockaway Park-Broad Channel,Queens,2024-07,2024-07-01,684.0,59,11.59322033898305
QN1403,Breezy Point-Belle Harbor-Rockaway Park-Broad Channel,Queens,2024-08,2024-08-01,691.0,59,11.711864406779661
QN1403,Breezy Point-Belle Harbor-Rockaway Park-Broad Channel,Queens,2024-09,2024-09-01,837.0,59,14.186440677966102
QN1403,Breezy Point-Belle Harbor-Rockaway Park-Broad Channel,Queens,2024-10,2024-10-01,1036.0,59,17.559322033898304
QN1403,Breezy Point-Belle Harbor-Rockaway Park-Broad Channel,Queens,2024-11,2024-11-01,1035.0,59,17.54237288135593
QN1403,Breezy Point-Belle Harbor-Rockaway Park-Broad Channel,Queens,2024-12,2024-12-01,796.0,59,13.491525423728813
QN1403,Breezy Point-Belle Harbor-Rockaway Park-Broad Channel,Queens,2025-01,2025-01-01,746.0,59,12.64406779661017
QN1403,Breezy Point-Belle Harbor-Rockaway Park-Broad Channel,Queens,2025-02,2025-02-01,665.0,59,11.271186440677965
QN1403,Breezy Point-Belle Harbor-Rockaway Park-Broad Channel,Queens,2025-03,2025-03-01,871.0,59,14.76271186440678
QN1403,Breezy Point-Belle Harbor-Rockaway Park-Broad Channel,Queens,2025-04,2025-04-01,858.0,59,14.542372881355933
QN1403,Breezy Point-Belle Harbor-Rockaway Park-Broad Channel,Queens,2025-05,2025-05-01,982.0,59,16.64406779661017
QN1403,Breezy Point-Belle Harbor-Rockaway Park-Broad Channel,Queens,2025-06,2025-06-01,700.0,59,11.864406779661017
QN1403,Breezy Point-Belle Harbor-Rockaway Park-Broad Channel,Queens,2025-07,2025-07-01,586.0,59,9.932203389830509
QN1403,Breezy Point-Belle Harbor-Rockaway Park-Broad Channel,Queens,2025-08,2025-08-01,578.0,59,9.796610169491526
QN1403,Breezy Point-Belle Harbor-Rockaway Park-Broad Channel,Queens,2025-09,2025-09-01,857.0,59,14.525423728813559
QN1403,Breezy Point-Belle Harbor-Rockaway Park-Broad Channel,Queens,2025-10,2025-10-01,821.0,59,13.915254237288135
QN1403,Breezy Point-Belle Harbor-Rockaway Park-Broad Channel,Queens,2025-11,2025-11-01,22.0,59,0.3728813559322034
SI0101,St. George-New Brighton,Staten Island,2022-03,2022-03-01,453.0,16,28.3125
SI0101,St. George-New Brighton,Staten Island,2022-04,2022-04-01,359.0,16,22.4375
SI0101,St. George-New Brighton,Staten Island,2022-05,2022-05-01,472.0,16,29.5
SI0101,St. George-New Brighton,Staten Island,2022-06,2022-06-01,382.0,16,23.875
SI0101,St. George-New Brighton,Staten Island,2022-07,2022-07-01,342.0,16,21.375
SI0101,St. George-New Brighton,Staten Island,2022-08,2022-08-01,387.0,16,24.1875
SI0101,St. George-New Brighton,Staten Island,2022-09,2022-09-01,377.0,16,23.5625
SI0101,St. George-New Brighton,Staten Island,2022-10,2022-10-01,447.0,16,27.9375
SI0101,St. George-New Brighton,Staten Island,2022-11,2022-11-01,477.0,16,29.8125
SI0101,St. George-New Brighton,Staten Island,2022-12,2022-12-01,338.0,16,21.125
SI0101,St. George-New Brighton,Staten Island,2023-01,2023-01-01,384.0,16,24.0
SI0101,St. George-New Brighton,Staten Island,2023-02,2023-02-01,351.0,16,21.9375
SI0101,St. George-New Brighton,Staten Island,2023-03,2023-03-01,403.0,16,25.1875
SI0101,St. George-New Brighton,Staten Island,2023-04,2023-04-01,429.0,16,26.8125
SI0101,St. George-New Brighton,Staten Island,2023-05,2023-05-01,160.0,16,10.0
SI0101,St. George-New Brighton,Staten Island,2023-06,2023-06-01,119.0,16,7.4375
SI0101,St. George-New Brighton,Staten Island,2023-07,2023-07-01,77.0,16,4.8125
SI0101,St. George-New Brighton,Staten Island,2023-08,2023-08-01,153.0,16,9.5625
SI0101,St. George-New Brighton,Staten Island,2023-09,2023-09-01,361.0,16,22.5625
SI0101,St. George-New Brighton,Staten Island,2023-10,2023-10-01,443.0,16,27.6875
SI0101,St. George-New Brighton,Staten Island,2023-11,2023-11-01,423.0,16,26.4375
SI0101,St. George-New Brighton,Staten Island,2023-12,2023-12-01,431.0,16,26.9375
SI0101,St. George-New Brighton,Staten Island,2024-01,2024-01-01,403.0,16,25.1875
SI0101,St. George-New Brighton,Staten Island,2024-02,2024-02-01,404.0,16,25.25
SI0101,St. George-New Brighton,Staten Island,2024-03,2024-03-01,455.0,16,28.4375
SI0101,St. George-New Brighton,Staten Island,2024-04,2024-04-01,426.0,16,26.625
SI0101,St. George-New Brighton,Staten Island,2024-05,2024-05-01,502.0,16,31.375
SI0101,St. George-New Brighton,Staten Island,2024-06,2024-06-01,430.0,16,26.875
SI0101,St. George-New Brighton,Staten Island,2024-07,2024-07-01,444.0,16,27.75
SI0101,St. George-New Brighton,Staten Island,2024-08,2024-08-01,409.0,16,25.5625
SI0101,St. George-New Brighton,Staten Island,2024-09,2024-09-01,432.0,16,27.0
SI0101,St. George-New Brighton,Staten Island,2024-10,2024-10-01,448.0,16,28.0
SI0101,St. George-New Brighton,Staten Island,2024-11,2024-11-01,418.0,16,26.125
SI0101,St. George-New Brighton,Staten Island,2024-12,2024-12-01,422.0,16,26.375
SI0101,St. George-New Brighton,Staten Island,2025-01,2025-01-01,417.0,16,26.0625
SI0101,St. George-New Brighton,Staten Island,2025-02,2025-02-01,383.0,16,23.9375
SI0101,St. George-New Brighton,Staten Island,2025-03,2025-03-01,419.0,16,26.1875
SI0101,St. George-New Brighton,Staten Island,2025-04,2025-04-01,464.0,16,29.0
SI0101,St. George-New Brighton,Staten Island,2025-05,2025-05-01,488.0,16,30.5
SI0101,St. George-New Brighton,Staten Island,2025-06,2025-06-01,375.0,16,23.4375
SI0101,St. George-New Brighton,Staten Island,2025-07,2025-07-01,404.0,16,25.25
SI0101,St. George-New Brighton,Staten Island,2025-08,2025-08-01,378.0,16,23.625
SI0101,St. George-New Brighton,Staten Island,2025-09,2025-09-01,455.0,16,28.4375
SI0101,St. George-New Brighton,Staten Island,2025-10,2025-10-01,426.0,16,26.625
SI0101,St. George-New Brighton,Staten Island,2025-11,2025-11-01,3.0,16,0.1875
SI0102,Tompkinsville-Stapleton-Clifton-Fox Hills,Staten Island,2022-03,2022-03-01,453.0,16,28.3125
SI0102,Tompkinsville-Stapleton-Clifton-Fox Hills,Staten Island,2022-04,2022-04-01,359.0,16,22.4375
SI0102,Tompkinsville-Stapleton-Clifton-Fox Hills,Staten Island,2022-05,2022-05-01,472.0,16,29.5
SI0102,Tompkinsville-Stapleton-Clifton-Fox Hills,Staten Island,2022-06,2022-06-01,382.0,16,23.875
SI0102,Tompkinsville-Stapleton-Clifton-Fox Hills,Staten Island,2022-07,2022-07-01,342.0,16,21.375
SI0102,Tompkinsville-Stapleton-Clifton-Fox Hills,Staten Island,2022-08,2022-08-01,387.0,16,24.1875
SI0102,Tompkinsville-Stapleton-Clifton-Fox Hills,Staten Island,2022-09,2022-09-01,377.0,16,23.5625
SI0102,Tompkinsville-Stapleton-Clifton-Fox Hills,Staten Island,2022-10,2022-10-01,447.0,16,27.9375
SI0102,Tompkinsville-Stapleton-Clifton-Fox Hills,Staten Island,2022-11,2022-11-01,477.0,16,29.8125
SI0102,Tompkinsville-Stapleton-Clifton-Fox Hills,Staten Island,2022-12,2022-12-01,338.0,16,21.125
SI0102,Tompkinsville-Stapleton-Clifton-Fox Hills,Staten Island,2023-01,2023-01-01,384.0,16,24.0
SI0102,Tompkinsville-Stapleton-Clifton-Fox Hills,Staten Island,2023-02,2023-02-01,351.0,16,21.9375
SI0102,Tompkinsville-Stapleton-Clifton-Fox Hills,Staten Island,2023-03,2023-03-01,403.0,16,25.1875
SI0102,Tompkinsville-Stapleton-Clifton-Fox Hills,Staten Island,2023-04,2023-04-01,429.0,16,26.8125
SI0102,Tompkinsville-Stapleton-Clifton-Fox Hills,Staten Island,2023-05,2023-05-01,160.0,16,10.0
SI0102,Tompkinsville-Stapleton-Clifton-Fox Hills,Staten Island,2023-06,2023-06-01,119.0,16,7.4375
SI0102,Tompkinsville-Stapleton-Clifton-Fox Hills,Staten Island,2023-07,2023-07-01,77.0,16,4.8125
SI0102,Tompkinsville-Stapleton-Clifton-Fox Hills,Staten Island,2023-08,2023-08-01,153.0,16,9.5625
SI0102,Tompkinsville-Stapleton-Clifton-Fox Hills,Staten Island,2023-09,2023-09-01,361.0,16,22.5625
SI0102,Tompkinsville-Stapleton-Clifton-Fox Hills,Staten Island,2023-10,2023-10-01,443.0,16,27.6875
SI0102,Tompkinsville-Stapleton-Clifton-Fox Hills,Staten Island,2023-11,2023-11-01,423.0,16,26.4375
SI0102,Tompkinsville-Stapleton-Clifton-Fox Hills,Staten Island,2023-12,2023-12-01,431.0,16,26.9375
SI0102,Tompkinsville-Stapleton-Clifton-Fox Hills,Staten Island,2024-01,2024-01-01,403.0,16,25.1875
SI0102,Tompkinsville-Stapleton-Clifton-Fox Hills,Staten Island,2024-02,2024-02-01,404.0,16,25.25
SI0102,Tompkinsville-Stapleton-Clifton-Fox Hills,Staten Island,2024-03,2024-03-01,455.0,16,28.4375
SI0102,Tompkinsville-Stapleton-Clifton-Fox Hills,Staten Island,2024-04,2024-04-01,426.0,16,26.625
SI0102,Tompkinsville-Stapleton-Clifton-Fox Hills,Staten Island,2024-05,2024-05-01,502.0,16,31.375
SI0102,Tompkinsville-Stapleton-Clifton-Fox Hills,Staten Island,2024-06,2024-06-01,430.0,16,26.875
SI0102,Tompkinsville-Stapleton-Clifton-Fox Hills,Staten Island,2024-07,2024-07-01,444.0,16,27.75
SI0102,Tompkinsville-Stapleton-Clifton-Fox Hills,Staten Island,2024-08,2024-08-01,409.0,16,25.5625
SI0102,Tompkinsville-Stapleton-Clifton-Fox Hills,Staten Island,2024-09,2024-09-01,432.0,16,27.0
SI0102,Tompkinsville-Stapleton-Clifton-Fox Hills,Staten Island,2024-10,2024-10-01,448.0,16,28.0
SI0102,Tompkinsville-Stapleton-Clifton-Fox Hills,Staten Island,2024-11,2024-11-01,418.0,16,26.125
SI0102,Tompkinsville-Stapleton-Clifton-Fox Hills,Staten Island,2024-12,2024-12-01,422.0,16,26.375
SI0102,Tompkinsville-Stapleton-Clifton-Fox Hills,Staten Island,2025-01,2025-01-01,417.0,16,26.0625
SI0102,Tompkinsville-Stapleton-Clifton-Fox Hills,Staten Island,2025-02,2025-02-01,383.0,16,23.9375
SI0102,Tompkinsville-Stapleton-Clifton-Fox Hills,Staten Island,2025-03,2025-03-01,419.0,16,26.1875
SI0102,Tompkinsville-Stapleton-Clifton-Fox Hills,Staten Island,2025-04,2025-04-01,464.0,16,29.0
SI0102,Tompkinsville-Stapleton-Clifton-Fox Hills,Staten Island,2025-05,2025-05-01,488.0,16,30.5
SI0102,Tompkinsville-Stapleton-Clifton-Fox Hills,Staten Island,2025-06,2025-06-01,375.0,16,23.4375
SI0102,Tompkinsville-Stapleton-Clifton-Fox Hills,Staten Island,2025-07,2025-07-01,404.0,16,25.25
SI0102,Tompkinsville-Stapleton-Clifton-Fox Hills,Staten Island,2025-08,2025-08-01,378.0,16,23.625
SI0102,Tompkinsville-Stapleton-Clifton-Fox Hills,Staten Island,2025-09,2025-09-01,455.0,16,28.4375
SI0102,Tompkinsville-Stapleton-Clifton-Fox Hills,Staten Island,2025-10,2025-10-01,426.0,16,26.625
SI0102,Tompkinsville-Stapleton-Clifton-Fox Hills,Staten Island,2025-11,2025-11-01,3.0,16,0.1875
SI0103,Rosebank-Shore Acres-Park Hill,Staten Island,2022-03,2022-03-01,453.0,16,28.3125
SI0103,Rosebank-Shore Acres-Park Hill,Staten Island,2022-04,2022-04-01,359.0,16,22.4375
SI0103,Rosebank-Shore Acres-Park Hill,Staten Island,2022-05,2022-05-01,472.0,16,29.5
SI0103,Rosebank-Shore Acres-Park Hill,Staten Island,2022-06,2022-06-01,382.0,16,23.875
SI0103,Rosebank-Shore Acres-Park Hill,Staten Island,2022-07,2022-07-01,342.0,16,21.375
SI0103,Rosebank-Shore Acres-Park Hill,Staten Island,2022-08,2022-08-01,387.0,16,24.1875
SI0103,Rosebank-Shore Acres-Park Hill,Staten Island,2022-09,2022-09-01,377.0,16,23.5625
SI0103,Rosebank-Shore Acres-Park Hill,Staten Island,2022-10,2022-10-01,447.0,16,27.9375
SI0103,Rosebank-Shore Acres-Park Hill,Staten Island,2022-11,2022-11-01,477.0,16,29.8125
SI0103,Rosebank-Shore Acres-Park Hill,Staten Island,2022-12,2022-12-01,338.0,16,21.125
SI0103,Rosebank-Shore Acres-Park Hill,Staten Island,2023-01,2023-01-01,384.0,16,24.0
SI0103,Rosebank-Shore Acres-Park Hill,Staten Island,2023-02,2023-02-01,351.0,16,21.9375
SI0103,Rosebank-Shore Acres-Park Hill,Staten Island,2023-03,2023-03-01,403.0,16,25.1875
SI0103,Rosebank-Shore Acres-Park Hill,Staten Island,2023-04,2023-04-01,429.0,16,26.8125
SI0103,Rosebank-Shore Acres-Park Hill,Staten Island,2023-05,2023-05-01,160.0,16,10.0
SI0103,Rosebank-Shore Acres-Park Hill,Staten Island,2023-06,2023-06-01,119.0,16,7.4375
SI0103,Rosebank-Shore Acres-Park Hill,Staten Island,2023-07,2023-07-01,77.0,16,4.8125
SI0103,Rosebank-Shore Acres-Park Hill,Staten Island,2023-08,2023-08-01,153.0,16,9.5625
SI0103,Rosebank-Shore Acres-Park Hill,Staten Island,2023-09,2023-09-01,361.0,16,22.5625
SI0103,Rosebank-Shore Acres-Park Hill,Staten Island,2023-10,2023-10-01,443.0,16,27.6875
SI0103,Rosebank-Shore Acres-Park Hill,Staten Island,2023-11,2023-11-01,423.0,16,26.4375
SI0103,Rosebank-Shore Acres-Park Hill,Staten Island,2023-12,2023-12-01,431.0,16,26.9375
SI0103,Rosebank-Shore Acres-Park Hill,Staten Island,2024-01,2024-01-01,403.0,16,25.1875
SI0103,Rosebank-Shore Acres-Park Hill,Staten Island,2024-02,2024-02-01,404.0,16,25.25
SI0103,Rosebank-Shore Acres-Park Hill,Staten Island,2024-03,2024-03-01,455.0,16,28.4375
SI0103,Rosebank-Shore Acres-Park Hill,Staten Island,2024-04,2024-04-01,426.0,16,26.625
SI0103,Rosebank-Shore Acres-Park Hill,Staten Island,2024-05,2024-05-01,502.0,16,31.375
SI0103,Rosebank-Shore Acres-Park Hill,Staten Island,2024-06,2024-06-01,430.0,16,26.875
SI0103,Rosebank-Shore Acres-Park Hill,Staten Island,2024-07,2024-07-01,444.0,16,27.75
SI0103,Rosebank-Shore Acres-Park Hill,Staten Island,2024-08,2024-08-01,409.0,16,25.5625
SI0103,Rosebank-Shore Acres-Park Hill,Staten Island,2024-09,2024-09-01,432.0,16,27.0
SI0103,Rosebank-Shore Acres-Park Hill,Staten Island,2024-10,2024-10-01,448.0,16,28.0
SI0103,Rosebank-Shore Acres-Park Hill,Staten Island,2024-11,2024-11-01,418.0,16,26.125
SI0103,Rosebank-Shore Acres-Park Hill,Staten Island,2024-12,2024-12-01,422.0,16,26.375
SI0103,Rosebank-Shore Acres-Park Hill,Staten Island,2025-01,2025-01-01,417.0,16,26.0625
SI0103,Rosebank-Shore Acres-Park Hill,Staten Island,2025-02,2025-02-01,383.0,16,23.9375
SI0103,Rosebank-Shore Acres-Park Hill,Staten Island,2025-03,2025-03-01,419.0,16,26.1875
SI0103,Rosebank-Shore Acres-Park Hill,Staten Island,2025-04,2025-04-01,464.0,16,29.0
SI0103,Rosebank-Shore Acres-Park Hill,Staten Island,2025-05,2025-05-01,488.0,16,30.5
SI0103,Rosebank-Shore Acres-Park Hill,Staten Island,2025-06,2025-06-01,375.0,16,23.4375
SI0103,Rosebank-Shore Acres-Park Hill,Staten Island,2025-07,2025-07-01,404.0,16,25.25
SI0103,Rosebank-Shore Acres-Park Hill,Staten Island,2025-08,2025-08-01,378.0,16,23.625
SI0103,Rosebank-Shore Acres-Park Hill,Staten Island,2025-09,2025-09-01,455.0,16,28.4375
SI0103,Rosebank-Shore Acres-Park Hill,Staten Island,2025-10,2025-10-01,426.0,16,26.625
SI0103,Rosebank-Shore Acres-Park Hill,Staten Island,2025-11,2025-11-01,3.0,16,0.1875
SI0104,West New Brighton-Silver Lake-Grymes Hill,Staten Island,2022-03,2022-03-01,453.0,16,28.3125
SI0104,West New Brighton-Silver Lake-Grymes Hill,Staten Island,2022-04,2022-04-01,359.0,16,22.4375
SI0104,West New Brighton-Silver Lake-Grymes Hill,Staten Island,2022-05,2022-05-01,472.0,16,29.5
SI0104,West New Brighton-Silver Lake-Grymes Hill,Staten Island,2022-06,2022-06-01,382.0,16,23.875
SI0104,West New Brighton-Silver Lake-Grymes Hill,Staten Island,2022-07,2022-07-01,342.0,16,21.375
SI0104,West New Brighton-Silver Lake-Grymes Hill,Staten Island,2022-08,2022-08-01,387.0,16,24.1875
SI0104,West New Brighton-Silver Lake-Grymes Hill,Staten Island,2022-09,2022-09-01,377.0,16,23.5625
SI0104,West New Brighton-Silver Lake-Grymes Hill,Staten Island,2022-10,2022-10-01,447.0,16,27.9375
SI0104,West New Brighton-Silver Lake-Grymes Hill,Staten Island,2022-11,2022-11-01,477.0,16,29.8125
SI0104,West New Brighton-Silver Lake-Grymes Hill,Staten Island,2022-12,2022-12-01,338.0,16,21.125
SI0104,West New Brighton-Silver Lake-Grymes Hill,Staten Island,2023-01,2023-01-01,384.0,16,24.0
SI0104,West New Brighton-Silver Lake-Grymes Hill,Staten Island,2023-02,2023-02-01,351.0,16,21.9375
SI0104,West New Brighton-Silver Lake-Grymes Hill,Staten Island,2023-03,2023-03-01,403.0,16,25.1875
SI0104,West New Brighton-Silver Lake-Grymes Hill,Staten Island,2023-04,2023-04-01,429.0,16,26.8125
SI0104,West New Brighton-Silver Lake-Grymes Hill,Staten Island,2023-05,2023-05-01,160.0,16,10.0
SI0104,West New Brighton-Silver Lake-Grymes Hill,Staten Island,2023-06,2023-06-01,119.0,16,7.4375
SI0104,West New Brighton-Silver Lake-Grymes Hill,Staten Island,2023-07,2023-07-01,77.0,16,4.8125
SI0104,West New Brighton-Silver Lake-Grymes Hill,Staten Island,2023-08,2023-08-01,153.0,16,9.5625
SI0104,West New Brighton-Silver Lake-Grymes Hill,Staten Island,2023-09,2023-09-01,361.0,16,22.5625
SI0104,West New Brighton-Silver Lake-Grymes Hill,Staten Island,2023-10,2023-10-01,443.0,16,27.6875
SI0104,West New Brighton-Silver Lake-Grymes Hill,Staten Island,2023-11,2023-11-01,423.0,16,26.4375
SI0104,West New Brighton-Silver Lake-Grymes Hill,Staten Island,2023-12,2023-12-01,431.0,16,26.9375
SI0104,West New Brighton-Silver Lake-Grymes Hill,Staten Island,2024-01,2024-01-01,403.0,16,25.1875
SI0104,West New Brighton-Silver Lake-Grymes Hill,Staten Island,2024-02,2024-02-01,404.0,16,25.25
SI0104,West New Brighton-Silver Lake-Grymes Hill,Staten Island,2024-03,2024-03-01,455.0,16,28.4375
SI0104,West New Brighton-Silver Lake-Grymes Hill,Staten Island,2024-04,2024-04-01,426.0,16,26.625
SI0104,West New Brighton-Silver Lake-Grymes Hill,Staten Island,2024-05,2024-05-01,502.0,16,31.375
SI0104,West New Brighton-Silver Lake-Grymes Hill,Staten Island,2024-06,2024-06-01,430.0,16,26.875
SI0104,West New Brighton-Silver Lake-Grymes Hill,Staten Island,2024-07,2024-07-01,444.0,16,27.75
SI0104,West New Brighton-Silver Lake-Grymes Hill,Staten Island,2024-08,2024-08-01,409.0,16,25.5625
SI0104,West New Brighton-Silver Lake-Grymes Hill,Staten Island,2024-09,2024-09-01,432.0,16,27.0
SI0104,West New Brighton-Silver Lake-Grymes Hill,Staten Island,2024-10,2024-10-01,448.0,16,28.0
SI0104,West New Brighton-Silver Lake-Grymes Hill,Staten Island,2024-11,2024-11-01,418.0,16,26.125
SI0104,West New Brighton-Silver Lake-Grymes Hill,Staten Island,2024-12,2024-12-01,422.0,16,26.375
SI0104,West New Brighton-Silver Lake-Grymes Hill,Staten Island,2025-01,2025-01-01,417.0,16,26.0625
SI0104,West New Brighton-Silver Lake-Grymes Hill,Staten Island,2025-02,2025-02-01,383.0,16,23.9375
SI0104,West New Brighton-Silver Lake-Grymes Hill,Staten Island,2025-03,2025-03-01,419.0,16,26.1875
SI0104,West New Brighton-Silver Lake-Grymes Hill,Staten Island,2025-04,2025-04-01,464.0,16,29.0
SI0104,West New Brighton-Silver Lake-Grymes Hill,Staten Island,2025-05,2025-05-01,488.0,16,30.5
SI0104,West New Brighton-Silver Lake-Grymes Hill,Staten Island,2025-06,2025-06-01,375.0,16,23.4375
SI0104,West New Brighton-Silver Lake-Grymes Hill,Staten Island,2025-07,2025-07-01,404.0,16,25.25
SI0104,West New Brighton-Silver Lake-Grymes Hill,Staten Island,2025-08,2025-08-01,378.0,16,23.625
SI0104,West New Brighton-Silver Lake-Grymes Hill,Staten Island,2025-09,2025-09-01,455.0,16,28.4375
SI0104,West New Brighton-Silver Lake-Grymes Hill,Staten Island,2025-10,2025-10-01,426.0,16,26.625
SI0104,West New Brighton-Silver Lake-Grymes Hill,Staten Island,2025-11,2025-11-01,3.0,16,0.1875
SI0105,Westerleigh-Castleton Corners,Staten Island,2022-03,2022-03-01,453.0,16,28.3125
SI0105,Westerleigh-Castleton Corners,Staten Island,2022-04,2022-04-01,359.0,16,22.4375
SI0105,Westerleigh-Castleton Corners,Staten Island,2022-05,2022-05-01,472.0,16,29.5
SI0105,Westerleigh-Castleton Corners,Staten Island,2022-06,2022-06-01,382.0,16,23.875
SI0105,Westerleigh-Castleton Corners,Staten Island,2022-07,2022-07-01,342.0,16,21.375
SI0105,Westerleigh-Castleton Corners,Staten Island,2022-08,2022-08-01,387.0,16,24.1875
SI0105,Westerleigh-Castleton Corners,Staten Island,2022-09,2022-09-01,377.0,16,23.5625
SI0105,Westerleigh-Castleton Corners,Staten Island,2022-10,2022-10-01,447.0,16,27.9375
SI0105,Westerleigh-Castleton Corners,Staten Island,2022-11,2022-11-01,477.0,16,29.8125
SI0105,Westerleigh-Castleton Corners,Staten Island,2022-12,2022-12-01,338.0,16,21.125
SI0105,Westerleigh-Castleton Corners,Staten Island,2023-01,2023-01-01,384.0,16,24.0
SI0105,Westerleigh-Castleton Corners,Staten Island,2023-02,2023-02-01,351.0,16,21.9375
SI0105,Westerleigh-Castleton Corners,Staten Island,2023-03,2023-03-01,403.0,16,25.1875
SI0105,Westerleigh-Castleton Corners,Staten Island,2023-04,2023-04-01,429.0,16,26.8125
SI0105,Westerleigh-Castleton Corners,Staten Island,2023-05,2023-05-01,160.0,16,10.0
SI0105,Westerleigh-Castleton Corners,Staten Island,2023-06,2023-06-01,119.0,16,7.4375
SI0105,Westerleigh-Castleton Corners,Staten Island,2023-07,2023-07-01,77.0,16,4.8125
SI0105,Westerleigh-Castleton Corners,Staten Island,2023-08,2023-08-01,153.0,16,9.5625
SI0105,Westerleigh-Castleton Corners,Staten Island,2023-09,2023-09-01,361.0,16,22.5625
SI0105,Westerleigh-Castleton Corners,Staten Island,2023-10,2023-10-01,443.0,16,27.6875
SI0105,Westerleigh-Castleton Corners,Staten Island,2023-11,2023-11-01,423.0,16,26.4375
SI0105,Westerleigh-Castleton Corners,Staten Island,2023-12,2023-12-01,431.0,16,26.9375
SI0105,Westerleigh-Castleton Corners,Staten Island,2024-01,2024-01-01,403.0,16,25.1875
SI0105,Westerleigh-Castleton Corners,Staten Island,2024-02,2024-02-01,404.0,16,25.25
SI0105,Westerleigh-Castleton Corners,Staten Island,2024-03,2024-03-01,455.0,16,28.4375
SI0105,Westerleigh-Castleton Corners,Staten Island,2024-04,2024-04-01,426.0,16,26.625
SI0105,Westerleigh-Castleton Corners,Staten Island,2024-05,2024-05-01,502.0,16,31.375
SI0105,Westerleigh-Castleton Corners,Staten Island,2024-06,2024-06-01,430.0,16,26.875
SI0105,Westerleigh-Castleton Corners,Staten Island,2024-07,2024-07-01,444.0,16,27.75
SI0105,Westerleigh-Castleton Corners,Staten Island,2024-08,2024-08-01,409.0,16,25.5625
SI0105,Westerleigh-Castleton Corners,Staten Island,2024-09,2024-09-01,432.0,16,27.0
SI0105,Westerleigh-Castleton Corners,Staten Island,2024-10,2024-10-01,448.0,16,28.0
SI0105,Westerleigh-Castleton Corners,Staten Island,2024-11,2024-11-01,418.0,16,26.125
SI0105,Westerleigh-Castleton Corners,Staten Island,2024-12,2024-12-01,422.0,16,26.375
SI0105,Westerleigh-Castleton Corners,Staten Island,2025-01,2025-01-01,417.0,16,26.0625
SI0105,Westerleigh-Castleton Corners,Staten Island,2025-02,2025-02-01,383.0,16,23.9375
SI0105,Westerleigh-Castleton Corners,Staten Island,2025-03,2025-03-01,419.0,16,26.1875
SI0105,Westerleigh-Castleton Corners,Staten Island,2025-04,2025-04-01,464.0,16,29.0
SI0105,Westerleigh-Castleton Corners,Staten Island,2025-05,2025-05-01,488.0,16,30.5
SI0105,Westerleigh-Castleton Corners,Staten Island,2025-06,2025-06-01,375.0,16,23.4375
SI0105,Westerleigh-Castleton Corners,Staten Island,2025-07,2025-07-01,404.0,16,25.25
SI0105,Westerleigh-Castleton Corners,Staten Island,2025-08,2025-08-01,378.0,16,23.625
SI0105,Westerleigh-Castleton Corners,Staten Island,2025-09,2025-09-01,455.0,16,28.4375
SI0105,Westerleigh-Castleton Corners,Staten Island,2025-10,2025-10-01,426.0,16,26.625
SI0105,Westerleigh-Castleton Corners,Staten Island,2025-11,2025-11-01,3.0,16,0.1875
SI0106,Port Richmond,Staten Island,2022-03,2022-03-01,453.0,16,28.3125
SI0106,Port Richmond,Staten Island,2022-04,2022-04-01,359.0,16,22.4375
SI0106,Port Richmond,Staten Island,2022-05,2022-05-01,472.0,16,29.5
SI0106,Port Richmond,Staten Island,2022-06,2022-06-01,382.0,16,23.875
SI0106,Port Richmond,Staten Island,2022-07,2022-07-01,342.0,16,21.375
SI0106,Port Richmond,Staten Island,2022-08,2022-08-01,387.0,16,24.1875
SI0106,Port Richmond,Staten Island,2022-09,2022-09-01,377.0,16,23.5625
SI0106,Port Richmond,Staten Island,2022-10,2022-10-01,447.0,16,27.9375
SI0106,Port Richmond,Staten Island,2022-11,2022-11-01,477.0,16,29.8125
SI0106,Port Richmond,Staten Island,2022-12,2022-12-01,338.0,16,21.125
SI0106,Port Richmond,Staten Island,2023-01,2023-01-01,384.0,16,24.0
SI0106,Port Richmond,Staten Island,2023-02,2023-02-01,351.0,16,21.9375
SI0106,Port Richmond,Staten Island,2023-03,2023-03-01,403.0,16,25.1875
SI0106,Port Richmond,Staten Island,2023-04,2023-04-01,429.0,16,26.8125
SI0106,Port Richmond,Staten Island,2023-05,2023-05-01,160.0,16,10.0
SI0106,Port Richmond,Staten Island,2023-06,2023-06-01,119.0,16,7.4375
SI0106,Port Richmond,Staten Island,2023-07,2023-07-01,77.0,16,4.8125
SI0106,Port Richmond,Staten Island,2023-08,2023-08-01,153.0,16,9.5625
SI0106,Port Richmond,Staten Island,2023-09,2023-09-01,361.0,16,22.5625
SI0106,Port Richmond,Staten Island,2023-10,2023-10-01,443.0,16,27.6875
SI0106,Port Richmond,Staten Island,2023-11,2023-11-01,423.0,16,26.4375
SI0106,Port Richmond,Staten Island,2023-12,2023-12-01,431.0,16,26.9375
SI0106,Port Richmond,Staten Island,2024-01,2024-01-01,403.0,16,25.1875
SI0106,Port Richmond,Staten Island,2024-02,2024-02-01,404.0,16,25.25
SI0106,Port Richmond,Staten Island,2024-03,2024-03-01,455.0,16,28.4375
SI0106,Port Richmond,Staten Island,2024-04,2024-04-01,426.0,16,26.625
SI0106,Port Richmond,Staten Island,2024-05,2024-05-01,502.0,16,31.375
SI0106,Port Richmond,Staten Island,2024-06,2024-06-01,430.0,16,26.875
SI0106,Port Richmond,Staten Island,2024-07,2024-07-01,444.0,16,27.75
SI0106,Port Richmond,Staten Island,2024-08,2024-08-01,409.0,16,25.5625
SI0106,Port Richmond,Staten Island,2024-09,2024-09-01,432.0,16,27.0
SI0106,Port Richmond,Staten Island,2024-10,2024-10-01,448.0,16,28.0
SI0106,Port Richmond,Staten Island,2024-11,2024-11-01,418.0,16,26.125
SI0106,Port Richmond,Staten Island,2024-12,2024-12-01,422.0,16,26.375
SI0106,Port Richmond,Staten Island,2025-01,2025-01-01,417.0,16,26.0625
SI0106,Port Richmond,Staten Island,2025-02,2025-02-01,383.0,16,23.9375
SI0106,Port Richmond,Staten Island,2025-03,2025-03-01,419.0,16,26.1875
SI0106,Port Richmond,Staten Island,2025-04,2025-04-01,464.0,16,29.0
SI0106,Port Richmond,Staten Island,2025-05,2025-05-01,488.0,16,30.5
SI0106,Port Richmond,Staten Island,2025-06,2025-06-01,375.0,16,23.4375
SI0106,Port Richmond,Staten Island,2025-07,2025-07-01,404.0,16,25.25
SI0106,Port Richmond,Staten Island,2025-08,2025-08-01,378.0,16,23.625
SI0106,Port Richmond,Staten Island,2025-09,2025-09-01,455.0,16,28.4375
SI0106,Port Richmond,Staten Island,2025-10,2025-10-01,426.0,16,26.625
SI0106,Port Richmond,Staten Island,2025-11,2025-11-01,3.0,16,0.1875
SI0107,Mariner's Harbor-Arlington-Graniteville,Staten Island,2022-03,2022-03-01,453.0,16,28.3125
SI0107,Mariner's Harbor-Arlington-Graniteville,Staten Island,2022-04,2022-04-01,359.0,16,22.4375
SI0107,Mariner's Harbor-Arlington-Graniteville,Staten Island,2022-05,2022-05-01,472.0,16,29.5
SI0107,Mariner's Harbor-Arlington-Graniteville,Staten Island,2022-06,2022-06-01,382.0,16,23.875
SI0107,Mariner's Harbor-Arlington-Graniteville,Staten Island,2022-07,2022-07-01,342.0,16,21.375
SI0107,Mariner's Harbor-Arlington-Graniteville,Staten Island,2022-08,2022-08-01,387.0,16,24.1875
SI0107,Mariner's Harbor-Arlington-Graniteville,Staten Island,2022-09,2022-09-01,377.0,16,23.5625
SI0107,Mariner's Harbor-Arlington-Graniteville,Staten Island,2022-10,2022-10-01,447.0,16,27.9375
SI0107,Mariner's Harbor-Arlington-Graniteville,Staten Island,2022-11,2022-11-01,477.0,16,29.8125
SI0107,Mariner's Harbor-Arlington-Graniteville,Staten Island,2022-12,2022-12-01,338.0,16,21.125
SI0107,Mariner's Harbor-Arlington-Graniteville,Staten Island,2023-01,2023-01-01,384.0,16,24.0
SI0107,Mariner's Harbor-Arlington-Graniteville,Staten Island,2023-02,2023-02-01,351.0,16,21.9375
SI0107,Mariner's Harbor-Arlington-Graniteville,Staten Island,2023-03,2023-03-01,403.0,16,25.1875
SI0107,Mariner's Harbor-Arlington-Graniteville,Staten Island,2023-04,2023-04-01,429.0,16,26.8125
SI0107,Mariner's Harbor-Arlington-Graniteville,Staten Island,2023-05,2023-05-01,160.0,16,10.0
SI0107,Mariner's Harbor-Arlington-Graniteville,Staten Island,2023-06,2023-06-01,119.0,16,7.4375
SI0107,Mariner's Harbor-Arlington-Graniteville,Staten Island,2023-07,2023-07-01,77.0,16,4.8125
SI0107,Mariner's Harbor-Arlington-Graniteville,Staten Island,2023-08,2023-08-01,153.0,16,9.5625
SI0107,Mariner's Harbor-Arlington-Graniteville,Staten Island,2023-09,2023-09-01,361.0,16,22.5625
SI0107,Mariner's Harbor-Arlington-Graniteville,Staten Island,2023-10,2023-10-01,443.0,16,27.6875
SI0107,Mariner's Harbor-Arlington-Graniteville,Staten Island,2023-11,2023-11-01,423.0,16,26.4375
SI0107,Mariner's Harbor-Arlington-Graniteville,Staten Island,2023-12,2023-12-01,431.0,16,26.9375
SI0107,Mariner's Harbor-Arlington-Graniteville,Staten Island,2024-01,2024-01-01,403.0,16,25.1875
SI0107,Mariner's Harbor-Arlington-Graniteville,Staten Island,2024-02,2024-02-01,404.0,16,25.25
SI0107,Mariner's Harbor-Arlington-Graniteville,Staten Island,2024-03,2024-03-01,455.0,16,28.4375
SI0107,Mariner's Harbor-Arlington-Graniteville,Staten Island,2024-04,2024-04-01,426.0,16,26.625
SI0107,Mariner's Harbor-Arlington-Graniteville,Staten Island,2024-05,2024-05-01,502.0,16,31.375
SI0107,Mariner's Harbor-Arlington-Graniteville,Staten Island,2024-06,2024-06-01,430.0,16,26.875
SI0107,Mariner's Harbor-Arlington-Graniteville,Staten Island,2024-07,2024-07-01,444.0,16,27.75
SI0107,Mariner's Harbor-Arlington-Graniteville,Staten Island,2024-08,2024-08-01,409.0,16,25.5625
SI0107,Mariner's Harbor-Arlington-Graniteville,Staten Island,2024-09,2024-09-01,432.0,16,27.0
SI0107,Mariner's Harbor-Arlington-Graniteville,Staten Island,2024-10,2024-10-01,448.0,16,28.0
SI0107,Mariner's Harbor-Arlington-Graniteville,Staten Island,2024-11,2024-11-01,418.0,16,26.125
SI0107,Mariner's Harbor-Arlington-Graniteville,Staten Island,2024-12,2024-12-01,422.0,16,26.375
SI0107,Mariner's Harbor-Arlington-Graniteville,Staten Island,2025-01,2025-01-01,417.0,16,26.0625
SI0107,Mariner's Harbor-Arlington-Graniteville,Staten Island,2025-02,2025-02-01,383.0,16,23.9375
SI0107,Mariner's Harbor-Arlington-Graniteville,Staten Island,2025-03,2025-03-01,419.0,16,26.1875
SI0107,Mariner's Harbor-Arlington-Graniteville,Staten Island,2025-04,2025-04-01,464.0,16,29.0
SI0107,Mariner's Harbor-Arlington-Graniteville,Staten Island,2025-05,2025-05-01,488.0,16,30.5
SI0107,Mariner's Harbor-Arlington-Graniteville,Staten Island,2025-06,2025-06-01,375.0,16,23.4375
SI0107,Mariner's Harbor-Arlington-Graniteville,Staten Island,2025-07,2025-07-01,404.0,16,25.25
SI0107,Mariner's Harbor-Arlington-Graniteville,Staten Island,2025-08,2025-08-01,378.0,16,23.625
SI0107,Mariner's Harbor-Arlington-Graniteville,Staten Island,2025-09,2025-09-01,455.0,16,28.4375
SI0107,Mariner's Harbor-Arlington-Graniteville,Staten Island,2025-10,2025-10-01,426.0,16,26.625
SI0107,Mariner's Harbor-Arlington-Graniteville,Staten Island,2025-11,2025-11-01,3.0,16,0.1875
SI0201,Grasmere-Arrochar-South Beach-Dongan Hills,Staten Island,2022-03,2022-03-01,453.0,16,28.3125
SI0201,Grasmere-Arrochar-South Beach-Dongan Hills,Staten Island,2022-04,2022-04-01,359.0,16,22.4375
SI0201,Grasmere-Arrochar-South Beach-Dongan Hills,Staten Island,2022-05,2022-05-01,472.0,16,29.5
SI0201,Grasmere-Arrochar-South Beach-Dongan Hills,Staten Island,2022-06,2022-06-01,382.0,16,23.875
SI0201,Grasmere-Arrochar-South Beach-Dongan Hills,Staten Island,2022-07,2022-07-01,342.0,16,21.375
SI0201,Grasmere-Arrochar-South Beach-Dongan Hills,Staten Island,2022-08,2022-08-01,387.0,16,24.1875
SI0201,Grasmere-Arrochar-South Beach-Dongan Hills,Staten Island,2022-09,2022-09-01,377.0,16,23.5625
SI0201,Grasmere-Arrochar-South Beach-Dongan Hills,Staten Island,2022-10,2022-10-01,447.0,16,27.9375
SI0201,Grasmere-Arrochar-South Beach-Dongan Hills,Staten Island,2022-11,2022-11-01,477.0,16,29.8125
SI0201,Grasmere-Arrochar-South Beach-Dongan Hills,Staten Island,2022-12,2022-12-01,338.0,16,21.125
SI0201,Grasmere-Arrochar-South Beach-Dongan Hills,Staten Island,2023-01,2023-01-01,384.0,16,24.0
SI0201,Grasmere-Arrochar-South Beach-Dongan Hills,Staten Island,2023-02,2023-02-01,351.0,16,21.9375
SI0201,Grasmere-Arrochar-South Beach-Dongan Hills,Staten Island,2023-03,2023-03-01,403.0,16,25.1875
SI0201,Grasmere-Arrochar-South Beach-Dongan Hills,Staten Island,2023-04,2023-04-01,429.0,16,26.8125
SI0201,Grasmere-Arrochar-South Beach-Dongan Hills,Staten Island,2023-05,2023-05-01,160.0,16,10.0
SI0201,Grasmere-Arrochar-South Beach-Dongan Hills,Staten Island,2023-06,2023-06-01,119.0,16,7.4375
SI0201,Grasmere-Arrochar-South Beach-Dongan Hills,Staten Island,2023-07,2023-07-01,77.0,16,4.8125
SI0201,Grasmere-Arrochar-South Beach-Dongan Hills,Staten Island,2023-08,2023-08-01,153.0,16,9.5625
SI0201,Grasmere-Arrochar-South Beach-Dongan Hills,Staten Island,2023-09,2023-09-01,361.0,16,22.5625
SI0201,Grasmere-Arrochar-South Beach-Dongan Hills,Staten Island,2023-10,2023-10-01,443.0,16,27.6875
SI0201,Grasmere-Arrochar-South Beach-Dongan Hills,Staten Island,2023-11,2023-11-01,423.0,16,26.4375
SI0201,Grasmere-Arrochar-South Beach-Dongan Hills,Staten Island,2023-12,2023-12-01,431.0,16,26.9375
SI0201,Grasmere-Arrochar-South Beach-Dongan Hills,Staten Island,2024-01,2024-01-01,403.0,16,25.1875
SI0201,Grasmere-Arrochar-South Beach-Dongan Hills,Staten Island,2024-02,2024-02-01,404.0,16,25.25
SI0201,Grasmere-Arrochar-South Beach-Dongan Hills,Staten Island,2024-03,2024-03-01,455.0,16,28.4375
SI0201,Grasmere-Arrochar-South Beach-Dongan Hills,Staten Island,2024-04,2024-04-01,426.0,16,26.625
SI0201,Grasmere-Arrochar-South Beach-Dongan Hills,Staten Island,2024-05,2024-05-01,502.0,16,31.375
SI0201,Grasmere-Arrochar-South Beach-Dongan Hills,Staten Island,2024-06,2024-06-01,430.0,16,26.875
SI0201,Grasmere-Arrochar-South Beach-Dongan Hills,Staten Island,2024-07,2024-07-01,444.0,16,27.75
SI0201,Grasmere-Arrochar-South Beach-Dongan Hills,Staten Island,2024-08,2024-08-01,409.0,16,25.5625
SI0201,Grasmere-Arrochar-South Beach-Dongan Hills,Staten Island,2024-09,2024-09-01,432.0,16,27.0
SI0201,Grasmere-Arrochar-South Beach-Dongan Hills,Staten Island,2024-10,2024-10-01,448.0,16,28.0
SI0201,Grasmere-Arrochar-South Beach-Dongan Hills,Staten Island,2024-11,2024-11-01,418.0,16,26.125
SI0201,Grasmere-Arrochar-South Beach-Dongan Hills,Staten Island,2024-12,2024-12-01,422.0,16,26.375
SI0201,Grasmere-Arrochar-South Beach-Dongan Hills,Staten Island,2025-01,2025-01-01,417.0,16,26.0625
SI0201,Grasmere-Arrochar-South Beach-Dongan Hills,Staten Island,2025-02,2025-02-01,383.0,16,23.9375
SI0201,Grasmere-Arrochar-South Beach-Dongan Hills,Staten Island,2025-03,2025-03-01,419.0,16,26.1875
SI0201,Grasmere-Arrochar-South Beach-Dongan Hills,Staten Island,2025-04,2025-04-01,464.0,16,29.0
SI0201,Grasmere-Arrochar-South Beach-Dongan Hills,Staten Island,2025-05,2025-05-01,488.0,16,30.5
SI0201,Grasmere-Arrochar-South Beach-Dongan Hills,Staten Island,2025-06,2025-06-01,375.0,16,23.4375
SI0201,Grasmere-Arrochar-South Beach-Dongan Hills,Staten Island,2025-07,2025-07-01,404.0,16,25.25
SI0201,Grasmere-Arrochar-South Beach-Dongan Hills,Staten Island,2025-08,2025-08-01,378.0,16,23.625
SI0201,Grasmere-Arrochar-South Beach-Dongan Hills,Staten Island,2025-09,2025-09-01,455.0,16,28.4375
SI0201,Grasmere-Arrochar-South Beach-Dongan Hills,Staten Island,2025-10,2025-10-01,426.0,16,26.625
SI0201,Grasmere-Arrochar-South Beach-Dongan Hills,Staten Island,2025-11,2025-11-01,3.0,16,0.1875
SI0202,New Dorp-Midland Beach,Staten Island,2022-03,2022-03-01,453.0,16,28.3125
SI0202,New Dorp-Midland Beach,Staten Island,2022-04,2022-04-01,359.0,16,22.4375
SI0202,New Dorp-Midland Beach,Staten Island,2022-05,2022-05-01,472.0,16,29.5
SI0202,New Dorp-Midland Beach,Staten Island,2022-06,2022-06-01,382.0,16,23.875
SI0202,New Dorp-Midland Beach,Staten Island,2022-07,2022-07-01,342.0,16,21.375
SI0202,New Dorp-Midland Beach,Staten Island,2022-08,2022-08-01,387.0,16,24.1875
SI0202,New Dorp-Midland Beach,Staten Island,2022-09,2022-09-01,377.0,16,23.5625
SI0202,New Dorp-Midland Beach,Staten Island,2022-10,2022-10-01,447.0,16,27.9375
SI0202,New Dorp-Midland Beach,Staten Island,2022-11,2022-11-01,477.0,16,29.8125
SI0202,New Dorp-Midland Beach,Staten Island,2022-12,2022-12-01,338.0,16,21.125
SI0202,New Dorp-Midland Beach,Staten Island,2023-01,2023-01-01,384.0,16,24.0
SI0202,New Dorp-Midland Beach,Staten Island,2023-02,2023-02-01,351.0,16,21.9375
SI0202,New Dorp-Midland Beach,Staten Island,2023-03,2023-03-01,403.0,16,25.1875
SI0202,New Dorp-Midland Beach,Staten Island,2023-04,2023-04-01,429.0,16,26.8125
SI0202,New Dorp-Midland Beach,Staten Island,2023-05,2023-05-01,160.0,16,10.0
SI0202,New Dorp-Midland Beach,Staten Island,2023-06,2023-06-01,119.0,16,7.4375
SI0202,New Dorp-Midland Beach,Staten Island,2023-07,2023-07-01,77.0,16,4.8125
SI0202,New Dorp-Midland Beach,Staten Island,2023-08,2023-08-01,153.0,16,9.5625
SI0202,New Dorp-Midland Beach,Staten Island,2023-09,2023-09-01,361.0,16,22.5625
SI0202,New Dorp-Midland Beach,Staten Island,2023-10,2023-10-01,443.0,16,27.6875
SI0202,New Dorp-Midland Beach,Staten Island,2023-11,2023-11-01,423.0,16,26.4375
SI0202,New Dorp-Midland Beach,Staten Island,2023-12,2023-12-01,431.0,16,26.9375
SI0202,New Dorp-Midland Beach,Staten Island,2024-01,2024-01-01,403.0,16,25.1875
SI0202,New Dorp-Midland Beach,Staten Island,2024-02,2024-02-01,404.0,16,25.25
SI0202,New Dorp-Midland Beach,Staten Island,2024-03,2024-03-01,455.0,16,28.4375
SI0202,New Dorp-Midland Beach,Staten Island,2024-04,2024-04-01,426.0,16,26.625
SI0202,New Dorp-Midland Beach,Staten Island,2024-05,2024-05-01,502.0,16,31.375
SI0202,New Dorp-Midland Beach,Staten Island,2024-06,2024-06-01,430.0,16,26.875
SI0202,New Dorp-Midland Beach,Staten Island,2024-07,2024-07-01,444.0,16,27.75
SI0202,New Dorp-Midland Beach,Staten Island,2024-08,2024-08-01,409.0,16,25.5625
SI0202,New Dorp-Midland Beach,Staten Island,2024-09,2024-09-01,432.0,16,27.0
SI0202,New Dorp-Midland Beach,Staten Island,2024-10,2024-10-01,448.0,16,28.0
SI0202,New Dorp-Midland Beach,Staten Island,2024-11,2024-11-01,418.0,16,26.125
SI0202,New Dorp-Midland Beach,Staten Island,2024-12,2024-12-01,422.0,16,26.375
SI0202,New Dorp-Midland Beach,Staten Island,2025-01,2025-01-01,417.0,16,26.0625
SI0202,New Dorp-Midland Beach,Staten Island,2025-02,2025-02-01,383.0,16,23.9375
SI0202,New Dorp-Midland Beach,Staten Island,2025-03,2025-03-01,419.0,16,26.1875
SI0202,New Dorp-Midland Beach,Staten Island,2025-04,2025-04-01,464.0,16,29.0
SI0202,New Dorp-Midland Beach,Staten Island,2025-05,2025-05-01,488.0,16,30.5
SI0202,New Dorp-Midland Beach,Staten Island,2025-06,2025-06-01,375.0,16,23.4375
SI0202,New Dorp-Midland Beach,Staten Island,2025-07,2025-07-01,404.0,16,25.25
SI0202,New Dorp-Midland Beach,Staten Island,2025-08,2025-08-01,378.0,16,23.625
SI0202,New Dorp-Midland Beach,Staten Island,2025-09,2025-09-01,455.0,16,28.4375
SI0202,New Dorp-Midland Beach,Staten Island,2025-10,2025-10-01,426.0,16,26.625
SI0202,New Dorp-Midland Beach,Staten Island,2025-11,2025-11-01,3.0,16,0.1875
SI0203,Todt Hill-Emerson Hill-Lighthouse Hill-Manor Heights,Staten Island,2022-03,2022-03-01,453.0,16,28.3125
SI0203,Todt Hill-Emerson Hill-Lighthouse Hill-Manor Heights,Staten Island,2022-04,2022-04-01,359.0,16,22.4375
SI0203,Todt Hill-Emerson Hill-Lighthouse Hill-Manor Heights,Staten Island,2022-05,2022-05-01,472.0,16,29.5
SI0203,Todt Hill-Emerson Hill-Lighthouse Hill-Manor Heights,Staten Island,2022-06,2022-06-01,382.0,16,23.875
SI0203,Todt Hill-Emerson Hill-Lighthouse Hill-Manor Heights,Staten Island,2022-07,2022-07-01,342.0,16,21.375
SI0203,Todt Hill-Emerson Hill-Lighthouse Hill-Manor Heights,Staten Island,2022-08,2022-08-01,387.0,16,24.1875
SI0203,Todt Hill-Emerson Hill-Lighthouse Hill-Manor Heights,Staten Island,2022-09,2022-09-01,377.0,16,23.5625
SI0203,Todt Hill-Emerson Hill-Lighthouse Hill-Manor Heights,Staten Island,2022-10,2022-10-01,447.0,16,27.9375
SI0203,Todt Hill-Emerson Hill-Lighthouse Hill-Manor Heights,Staten Island,2022-11,2022-11-01,477.0,16,29.8125
SI0203,Todt Hill-Emerson Hill-Lighthouse Hill-Manor Heights,Staten Island,2022-12,2022-12-01,338.0,16,21.125
SI0203,Todt Hill-Emerson Hill-Lighthouse Hill-Manor Heights,Staten Island,2023-01,2023-01-01,384.0,16,24.0
SI0203,Todt Hill-Emerson Hill-Lighthouse Hill-Manor Heights,Staten Island,2023-02,2023-02-01,351.0,16,21.9375
SI0203,Todt Hill-Emerson Hill-Lighthouse Hill-Manor Heights,Staten Island,2023-03,2023-03-01,403.0,16,25.1875
SI0203,Todt Hill-Emerson Hill-Lighthouse Hill-Manor Heights,Staten Island,2023-04,2023-04-01,429.0,16,26.8125
SI0203,Todt Hill-Emerson Hill-Lighthouse Hill-Manor Heights,Staten Island,2023-05,2023-05-01,160.0,16,10.0
SI0203,Todt Hill-Emerson Hill-Lighthouse Hill-Manor Heights,Staten Island,2023-06,2023-06-01,119.0,16,7.4375
SI0203,Todt Hill-Emerson Hill-Lighthouse Hill-Manor Heights,Staten Island,2023-07,2023-07-01,77.0,16,4.8125
SI0203,Todt Hill-Emerson Hill-Lighthouse Hill-Manor Heights,Staten Island,2023-08,2023-08-01,153.0,16,9.5625
SI0203,Todt Hill-Emerson Hill-Lighthouse Hill-Manor Heights,Staten Island,2023-09,2023-09-01,361.0,16,22.5625
SI0203,Todt Hill-Emerson Hill-Lighthouse Hill-Manor Heights,Staten Island,2023-10,2023-10-01,443.0,16,27.6875
SI0203,Todt Hill-Emerson Hill-Lighthouse Hill-Manor Heights,Staten Island,2023-11,2023-11-01,423.0,16,26.4375
SI0203,Todt Hill-Emerson Hill-Lighthouse Hill-Manor Heights,Staten Island,2023-12,2023-12-01,431.0,16,26.9375
SI0203,Todt Hill-Emerson Hill-Lighthouse Hill-Manor Heights,Staten Island,2024-01,2024-01-01,403.0,16,25.1875
SI0203,Todt Hill-Emerson Hill-Lighthouse Hill-Manor Heights,Staten Island,2024-02,2024-02-01,404.0,16,25.25
SI0203,Todt Hill-Emerson Hill-Lighthouse Hill-Manor Heights,Staten Island,2024-03,2024-03-01,455.0,16,28.4375
SI0203,Todt Hill-Emerson Hill-Lighthouse Hill-Manor Heights,Staten Island,2024-04,2024-04-01,426.0,16,26.625
SI0203,Todt Hill-Emerson Hill-Lighthouse Hill-Manor Heights,Staten Island,2024-05,2024-05-01,502.0,16,31.375
SI0203,Todt Hill-Emerson Hill-Lighthouse Hill-Manor Heights,Staten Island,2024-06,2024-06-01,430.0,16,26.875
SI0203,Todt Hill-Emerson Hill-Lighthouse Hill-Manor Heights,Staten Island,2024-07,2024-07-01,444.0,16,27.75
SI0203,Todt Hill-Emerson Hill-Lighthouse Hill-Manor Heights,Staten Island,2024-08,2024-08-01,409.0,16,25.5625
SI0203,Todt Hill-Emerson Hill-Lighthouse Hill-Manor Heights,Staten Island,2024-09,2024-09-01,432.0,16,27.0
SI0203,Todt Hill-Emerson Hill-Lighthouse Hill-Manor Heights,Staten Island,2024-10,2024-10-01,448.0,16,28.0
SI0203,Todt Hill-Emerson Hill-Lighthouse Hill-Manor Heights,Staten Island,2024-11,2024-11-01,418.0,16,26.125
SI0203,Todt Hill-Emerson Hill-Lighthouse Hill-Manor Heights,Staten Island,2024-12,2024-12-01,422.0,16,26.375
SI0203,Todt Hill-Emerson Hill-Lighthouse Hill-Manor Heights,Staten Island,2025-01,2025-01-01,417.0,16,26.0625
SI0203,Todt Hill-Emerson Hill-Lighthouse Hill-Manor Heights,Staten Island,2025-02,2025-02-01,383.0,16,23.9375
SI0203,Todt Hill-Emerson Hill-Lighthouse Hill-Manor Heights,Staten Island,2025-03,2025-03-01,419.0,16,26.1875
SI0203,Todt Hill-Emerson Hill-Lighthouse Hill-Manor Heights,Staten Island,2025-04,2025-04-01,464.0,16,29.0
SI0203,Todt Hill-Emerson Hill-Lighthouse Hill-Manor Heights,Staten Island,2025-05,2025-05-01,488.0,16,30.5
SI0203,Todt Hill-Emerson Hill-Lighthouse Hill-Manor Heights,Staten Island,2025-06,2025-06-01,375.0,16,23.4375
SI0203,Todt Hill-Emerson Hill-Lighthouse Hill-Manor Heights,Staten Island,2025-07,2025-07-01,404.0,16,25.25
SI0203,Todt Hill-Emerson Hill-Lighthouse Hill-Manor Heights,Staten Island,2025-08,2025-08-01,378.0,16,23.625
SI0203,Todt Hill-Emerson Hill-Lighthouse Hill-Manor Heights,Staten Island,2025-09,2025-09-01,455.0,16,28.4375
SI0203,Todt Hill-Emerson Hill-Lighthouse Hill-Manor Heights,Staten Island,2025-10,2025-10-01,426.0,16,26.625
SI0203,Todt Hill-Emerson Hill-Lighthouse Hill-Manor Heights,Staten Island,2025-11,2025-11-01,3.0,16,0.1875
SI0204,New Springville-Willowbrook-Bulls Head-Travis,Staten Island,2022-03,2022-03-01,453.0,16,28.3125
SI0204,New Springville-Willowbrook-Bulls Head-Travis,Staten Island,2022-04,2022-04-01,359.0,16,22.4375
SI0204,New Springville-Willowbrook-Bulls Head-Travis,Staten Island,2022-05,2022-05-01,472.0,16,29.5
SI0204,New Springville-Willowbrook-Bulls Head-Travis,Staten Island,2022-06,2022-06-01,382.0,16,23.875
SI0204,New Springville-Willowbrook-Bulls Head-Travis,Staten Island,2022-07,2022-07-01,342.0,16,21.375
SI0204,New Springville-Willowbrook-Bulls Head-Travis,Staten Island,2022-08,2022-08-01,387.0,16,24.1875
SI0204,New Springville-Willowbrook-Bulls Head-Travis,Staten Island,2022-09,2022-09-01,377.0,16,23.5625
SI0204,New Springville-Willowbrook-Bulls Head-Travis,Staten Island,2022-10,2022-10-01,447.0,16,27.9375
SI0204,New Springville-Willowbrook-Bulls Head-Travis,Staten Island,2022-11,2022-11-01,477.0,16,29.8125
SI0204,New Springville-Willowbrook-Bulls Head-Travis,Staten Island,2022-12,2022-12-01,338.0,16,21.125
SI0204,New Springville-Willowbrook-Bulls Head-Travis,Staten Island,2023-01,2023-01-01,384.0,16,24.0
SI0204,New Springville-Willowbrook-Bulls Head-Travis,Staten Island,2023-02,2023-02-01,351.0,16,21.9375
SI0204,New Springville-Willowbrook-Bulls Head-Travis,Staten Island,2023-03,2023-03-01,403.0,16,25.1875
SI0204,New Springville-Willowbrook-Bulls Head-Travis,Staten Island,2023-04,2023-04-01,429.0,16,26.8125
SI0204,New Springville-Willowbrook-Bulls Head-Travis,Staten Island,2023-05,2023-05-01,160.0,16,10.0
SI0204,New Springville-Willowbrook-Bulls Head-Travis,Staten Island,2023-06,2023-06-01,119.0,16,7.4375
SI0204,New Springville-Willowbrook-Bulls Head-Travis,Staten Island,2023-07,2023-07-01,77.0,16,4.8125
SI0204,New Springville-Willowbrook-Bulls Head-Travis,Staten Island,2023-08,2023-08-01,153.0,16,9.5625
SI0204,New Springville-Willowbrook-Bulls Head-Travis,Staten Island,2023-09,2023-09-01,361.0,16,22.5625
SI0204,New Springville-Willowbrook-Bulls Head-Travis,Staten Island,2023-10,2023-10-01,443.0,16,27.6875
SI0204,New Springville-Willowbrook-Bulls Head-Travis,Staten Island,2023-11,2023-11-01,423.0,16,26.4375
SI0204,New Springville-Willowbrook-Bulls Head-Travis,Staten Island,2023-12,2023-12-01,431.0,16,26.9375
SI0204,New Springville-Willowbrook-Bulls Head-Travis,Staten Island,2024-01,2024-01-01,403.0,16,25.1875
SI0204,New Springville-Willowbrook-Bulls Head-Travis,Staten Island,2024-02,2024-02-01,404.0,16,25.25
SI0204,New Springville-Willowbrook-Bulls Head-Travis,Staten Island,2024-03,2024-03-01,455.0,16,28.4375
SI0204,New Springville-Willowbrook-Bulls Head-Travis,Staten Island,2024-04,2024-04-01,426.0,16,26.625
SI0204,New Springville-Willowbrook-Bulls Head-Travis,Staten Island,2024-05,2024-05-01,502.0,16,31.375
SI0204,New Springville-Willowbrook-Bulls Head-Travis,Staten Island,2024-06,2024-06-01,430.0,16,26.875
SI0204,New Springville-Willowbrook-Bulls Head-Travis,Staten Island,2024-07,2024-07-01,444.0,16,27.75
SI0204,New Springville-Willowbrook-Bulls Head-Travis,Staten Island,2024-08,2024-08-01,409.0,16,25.5625
SI0204,New Springville-Willowbrook-Bulls Head-Travis,Staten Island,2024-09,2024-09-01,432.0,16,27.0
SI0204,New Springville-Willowbrook-Bulls Head-Travis,Staten Island,2024-10,2024-10-01,448.0,16,28.0
SI0204,New Springville-Willowbrook-Bulls Head-Travis,Staten Island,2024-11,2024-11-01,418.0,16,26.125
SI0204,New Springville-Willowbrook-Bulls Head-Travis,Staten Island,2024-12,2024-12-01,422.0,16,26.375
SI0204,New Springville-Willowbrook-Bulls Head-Travis,Staten Island,2025-01,2025-01-01,417.0,16,26.0625
SI0204,New Springville-Willowbrook-Bulls Head-Travis,Staten Island,2025-02,2025-02-01,383.0,16,23.9375
SI0204,New Springville-Willowbrook-Bulls Head-Travis,Staten Island,2025-03,2025-03-01,419.0,16,26.1875
SI0204,New Springville-Willowbrook-Bulls Head-Travis,Staten Island,2025-04,2025-04-01,464.0,16,29.0
SI0204,New Springville-Willowbrook-Bulls Head-Travis,Staten Island,2025-05,2025-05-01,488.0,16,30.5
SI0204,New Springville-Willowbrook-Bulls Head-Travis,Staten Island,2025-06,2025-06-01,375.0,16,23.4375
SI0204,New Springville-Willowbrook-Bulls Head-Travis,Staten Island,2025-07,2025-07-01,404.0,16,25.25
SI0204,New Springville-Willowbrook-Bulls Head-Travis,Staten Island,2025-08,2025-08-01,378.0,16,23.625
SI0204,New Springville-Willowbrook-Bulls Head-Travis,Staten Island,2025-09,2025-09-01,455.0,16,28.4375
SI0204,New Springville-Willowbrook-Bulls Head-Travis,Staten Island,2025-10,2025-10-01,426.0,16,26.625
SI0204,New Springville-Willowbrook-Bulls Head-Travis,Staten Island,2025-11,2025-11-01,3.0,16,0.1875
SI0301,Oakwood-Richmondtown,Staten Island,2022-03,2022-03-01,453.0,16,28.3125
SI0301,Oakwood-Richmondtown,Staten Island,2022-04,2022-04-01,359.0,16,22.4375
SI0301,Oakwood-Richmondtown,Staten Island,2022-05,2022-05-01,472.0,16,29.5
SI0301,Oakwood-Richmondtown,Staten Island,2022-06,2022-06-01,382.0,16,23.875
SI0301,Oakwood-Richmondtown,Staten Island,2022-07,2022-07-01,342.0,16,21.375
SI0301,Oakwood-Richmondtown,Staten Island,2022-08,2022-08-01,387.0,16,24.1875
SI0301,Oakwood-Richmondtown,Staten Island,2022-09,2022-09-01,377.0,16,23.5625
SI0301,Oakwood-Richmondtown,Staten Island,2022-10,2022-10-01,447.0,16,27.9375
SI0301,Oakwood-Richmondtown,Staten Island,2022-11,2022-11-01,477.0,16,29.8125
SI0301,Oakwood-Richmondtown,Staten Island,2022-12,2022-12-01,338.0,16,21.125
SI0301,Oakwood-Richmondtown,Staten Island,2023-01,2023-01-01,384.0,16,24.0
SI0301,Oakwood-Richmondtown,Staten Island,2023-02,2023-02-01,351.0,16,21.9375
SI0301,Oakwood-Richmondtown,Staten Island,2023-03,2023-03-01,403.0,16,25.1875
SI0301,Oakwood-Richmondtown,Staten Island,2023-04,2023-04-01,429.0,16,26.8125
SI0301,Oakwood-Richmondtown,Staten Island,2023-05,2023-05-01,160.0,16,10.0
SI0301,Oakwood-Richmondtown,Staten Island,2023-06,2023-06-01,119.0,16,7.4375
SI0301,Oakwood-Richmondtown,Staten Island,2023-07,2023-07-01,77.0,16,4.8125
SI0301,Oakwood-Richmondtown,Staten Island,2023-08,2023-08-01,153.0,16,9.5625
SI0301,Oakwood-Richmondtown,Staten Island,2023-09,2023-09-01,361.0,16,22.5625
SI0301,Oakwood-Richmondtown,Staten Island,2023-10,2023-10-01,443.0,16,27.6875
SI0301,Oakwood-Richmondtown,Staten Island,2023-11,2023-11-01,423.0,16,26.4375
SI0301,Oakwood-Richmondtown,Staten Island,2023-12,2023-12-01,431.0,16,26.9375
SI0301,Oakwood-Richmondtown,Staten Island,2024-01,2024-01-01,403.0,16,25.1875
SI0301,Oakwood-Richmondtown,Staten Island,2024-02,2024-02-01,404.0,16,25.25
SI0301,Oakwood-Richmondtown,Staten Island,2024-03,2024-03-01,455.0,16,28.4375
SI0301,Oakwood-Richmondtown,Staten Island,2024-04,2024-04-01,426.0,16,26.625
SI0301,Oakwood-Richmondtown,Staten Island,2024-05,2024-05-01,502.0,16,31.375
SI0301,Oakwood-Richmondtown,Staten Island,2024-06,2024-06-01,430.0,16,26.875
SI0301,Oakwood-Richmondtown,Staten Island,2024-07,2024-07-01,444.0,16,27.75
SI0301,Oakwood-Richmondtown,Staten Island,2024-08,2024-08-01,409.0,16,25.5625
SI0301,Oakwood-Richmondtown,Staten Island,2024-09,2024-09-01,432.0,16,27.0
SI0301,Oakwood-Richmondtown,Staten Island,2024-10,2024-10-01,448.0,16,28.0
SI0301,Oakwood-Richmondtown,Staten Island,2024-11,2024-11-01,418.0,16,26.125
SI0301,Oakwood-Richmondtown,Staten Island,2024-12,2024-12-01,422.0,16,26.375
SI0301,Oakwood-Richmondtown,Staten Island,2025-01,2025-01-01,417.0,16,26.0625
SI0301,Oakwood-Richmondtown,Staten Island,2025-02,2025-02-01,383.0,16,23.9375
SI0301,Oakwood-Richmondtown,Staten Island,2025-03,2025-03-01,419.0,16,26.1875
SI0301,Oakwood-Richmondtown,Staten Island,2025-04,2025-04-01,464.0,16,29.0
SI0301,Oakwood-Richmondtown,Staten Island,2025-05,2025-05-01,488.0,16,30.5
SI0301,Oakwood-Richmondtown,Staten Island,2025-06,2025-06-01,375.0,16,23.4375
SI0301,Oakwood-Richmondtown,Staten Island,2025-07,2025-07-01,404.0,16,25.25
SI0301,Oakwood-Richmondtown,Staten Island,2025-08,2025-08-01,378.0,16,23.625
SI0301,Oakwood-Richmondtown,Staten Island,2025-09,2025-09-01,455.0,16,28.4375
SI0301,Oakwood-Richmondtown,Staten Island,2025-10,2025-10-01,426.0,16,26.625
SI0301,Oakwood-Richmondtown,Staten Island,2025-11,2025-11-01,3.0,16,0.1875
SI0302,Great Kills-Eltingville,Staten Island,2022-03,2022-03-01,453.0,16,28.3125
SI0302,Great Kills-Eltingville,Staten Island,2022-04,2022-04-01,359.0,16,22.4375
SI0302,Great Kills-Eltingville,Staten Island,2022-05,2022-05-01,472.0,16,29.5
SI0302,Great Kills-Eltingville,Staten Island,2022-06,2022-06-01,382.0,16,23.875
SI0302,Great Kills-Eltingville,Staten Island,2022-07,2022-07-01,342.0,16,21.375
SI0302,Great Kills-Eltingville,Staten Island,2022-08,2022-08-01,387.0,16,24.1875
SI0302,Great Kills-Eltingville,Staten Island,2022-09,2022-09-01,377.0,16,23.5625
SI0302,Great Kills-Eltingville,Staten Island,2022-10,2022-10-01,447.0,16,27.9375
SI0302,Great Kills-Eltingville,Staten Island,2022-11,2022-11-01,477.0,16,29.8125
SI0302,Great Kills-Eltingville,Staten Island,2022-12,2022-12-01,338.0,16,21.125
SI0302,Great Kills-Eltingville,Staten Island,2023-01,2023-01-01,384.0,16,24.0
SI0302,Great Kills-Eltingville,Staten Island,2023-02,2023-02-01,351.0,16,21.9375
SI0302,Great Kills-Eltingville,Staten Island,2023-03,2023-03-01,403.0,16,25.1875
SI0302,Great Kills-Eltingville,Staten Island,2023-04,2023-04-01,429.0,16,26.8125
SI0302,Great Kills-Eltingville,Staten Island,2023-05,2023-05-01,160.0,16,10.0
SI0302,Great Kills-Eltingville,Staten Island,2023-06,2023-06-01,119.0,16,7.4375
SI0302,Great Kills-Eltingville,Staten Island,2023-07,2023-07-01,77.0,16,4.8125
SI0302,Great Kills-Eltingville,Staten Island,2023-08,2023-08-01,153.0,16,9.5625
SI0302,Great Kills-Eltingville,Staten Island,2023-09,2023-09-01,361.0,16,22.5625
SI0302,Great Kills-Eltingville,Staten Island,2023-10,2023-10-01,443.0,16,27.6875
SI0302,Great Kills-Eltingville,Staten Island,2023-11,2023-11-01,423.0,16,26.4375
SI0302,Great Kills-Eltingville,Staten Island,2023-12,2023-12-01,431.0,16,26.9375
SI0302,Great Kills-Eltingville,Staten Island,2024-01,2024-01-01,403.0,16,25.1875
SI0302,Great Kills-Eltingville,Staten Island,2024-02,2024-02-01,404.0,16,25.25
SI0302,Great Kills-Eltingville,Staten Island,2024-03,2024-03-01,455.0,16,28.4375
SI0302,Great Kills-Eltingville,Staten Island,2024-04,2024-04-01,426.0,16,26.625
SI0302,Great Kills-Eltingville,Staten Island,2024-05,2024-05-01,502.0,16,31.375
SI0302,Great Kills-Eltingville,Staten Island,2024-06,2024-06-01,430.0,16,26.875
SI0302,Great Kills-Eltingville,Staten Island,2024-07,2024-07-01,444.0,16,27.75
SI0302,Great Kills-Eltingville,Staten Island,2024-08,2024-08-01,409.0,16,25.5625
SI0302,Great Kills-Eltingville,Staten Island,2024-09,2024-09-01,432.0,16,27.0
SI0302,Great Kills-Eltingville,Staten Island,2024-10,2024-10-01,448.0,16,28.0
SI0302,Great Kills-Eltingville,Staten Island,2024-11,2024-11-01,418.0,16,26.125
SI0302,Great Kills-Eltingville,Staten Island,2024-12,2024-12-01,422.0,16,26.375
SI0302,Great Kills-Eltingville,Staten Island,2025-01,2025-01-01,417.0,16,26.0625
SI0302,Great Kills-Eltingville,Staten Island,2025-02,2025-02-01,383.0,16,23.9375
SI0302,Great Kills-Eltingville,Staten Island,2025-03,2025-03-01,419.0,16,26.1875
SI0302,Great Kills-Eltingville,Staten Island,2025-04,2025-04-01,464.0,16,29.0
SI0302,Great Kills-Eltingville,Staten Island,2025-05,2025-05-01,488.0,16,30.5
SI0302,Great Kills-Eltingville,Staten Island,2025-06,2025-06-01,375.0,16,23.4375
SI0302,Great Kills-Eltingville,Staten Island,2025-07,2025-07-01,404.0,16,25.25
SI0302,Great Kills-Eltingville,Staten Island,2025-08,2025-08-01,378.0,16,23.625
SI0302,Great Kills-Eltingville,Staten Island,2025-09,2025-09-01,455.0,16,28.4375
SI0302,Great Kills-Eltingville,Staten Island,2025-10,2025-10-01,426.0,16,26.625
SI0302,Great Kills-Eltingville,Staten Island,2025-11,2025-11-01,3.0,16,0.1875
SI0303,Arden Heights-Rossville,Staten Island,2022-03,2022-03-01,453.0,16,28.3125
SI0303,Arden Heights-Rossville,Staten Island,2022-04,2022-04-01,359.0,16,22.4375
SI0303,Arden Heights-Rossville,Staten Island,2022-05,2022-05-01,472.0,16,29.5
SI0303,Arden Heights-Rossville,Staten Island,2022-06,2022-06-01,382.0,16,23.875
SI0303,Arden Heights-Rossville,Staten Island,2022-07,2022-07-01,342.0,16,21.375
SI0303,Arden Heights-Rossville,Staten Island,2022-08,2022-08-01,387.0,16,24.1875
SI0303,Arden Heights-Rossville,Staten Island,2022-09,2022-09-01,377.0,16,23.5625
SI0303,Arden Heights-Rossville,Staten Island,2022-10,2022-10-01,447.0,16,27.9375
SI0303,Arden Heights-Rossville,Staten Island,2022-11,2022-11-01,477.0,16,29.8125
SI0303,Arden Heights-Rossville,Staten Island,2022-12,2022-12-01,338.0,16,21.125
SI0303,Arden Heights-Rossville,Staten Island,2023-01,2023-01-01,384.0,16,24.0
SI0303,Arden Heights-Rossville,Staten Island,2023-02,2023-02-01,351.0,16,21.9375
SI0303,Arden Heights-Rossville,Staten Island,2023-03,2023-03-01,403.0,16,25.1875
SI0303,Arden Heights-Rossville,Staten Island,2023-04,2023-04-01,429.0,16,26.8125
SI0303,Arden Heights-Rossville,Staten Island,2023-05,2023-05-01,160.0,16,10.0
SI0303,Arden Heights-Rossville,Staten Island,2023-06,2023-06-01,119.0,16,7.4375
SI0303,Arden Heights-Rossville,Staten Island,2023-07,2023-07-01,77.0,16,4.8125
SI0303,Arden Heights-Rossville,Staten Island,2023-08,2023-08-01,153.0,16,9.5625
SI0303,Arden Heights-Rossville,Staten Island,2023-09,2023-09-01,361.0,16,22.5625
SI0303,Arden Heights-Rossville,Staten Island,2023-10,2023-10-01,443.0,16,27.6875
SI0303,Arden Heights-Rossville,Staten Island,2023-11,2023-11-01,423.0,16,26.4375
SI0303,Arden Heights-Rossville,Staten Island,2023-12,2023-12-01,431.0,16,26.9375
SI0303,Arden Heights-Rossville,Staten Island,2024-01,2024-01-01,403.0,16,25.1875
SI0303,Arden Heights-Rossville,Staten Island,2024-02,2024-02-01,404.0,16,25.25
SI0303,Arden Heights-Rossville,Staten Island,2024-03,2024-03-01,455.0,16,28.4375
SI0303,Arden Heights-Rossville,Staten Island,2024-04,2024-04-01,426.0,16,26.625
SI0303,Arden Heights-Rossville,Staten Island,2024-05,2024-05-01,502.0,16,31.375
SI0303,Arden Heights-Rossville,Staten Island,2024-06,2024-06-01,430.0,16,26.875
SI0303,Arden Heights-Rossville,Staten Island,2024-07,2024-07-01,444.0,16,27.75
SI0303,Arden Heights-Rossville,Staten Island,2024-08,2024-08-01,409.0,16,25.5625
SI0303,Arden Heights-Rossville,Staten Island,2024-09,2024-09-01,432.0,16,27.0
SI0303,Arden Heights-Rossville,Staten Island,2024-10,2024-10-01,448.0,16,28.0
SI0303,Arden Heights-Rossville,Staten Island,2024-11,2024-11-01,418.0,16,26.125
SI0303,Arden Heights-Rossville,Staten Island,2024-12,2024-12-01,422.0,16,26.375
SI0303,Arden Heights-Rossville,Staten Island,2025-01,2025-01-01,417.0,16,26.0625
SI0303,Arden Heights-Rossville,Staten Island,2025-02,2025-02-01,383.0,16,23.9375
SI0303,Arden Heights-Rossville,Staten Island,2025-03,2025-03-01,419.0,16,26.1875
SI0303,Arden Heights-Rossville,Staten Island,2025-04,2025-04-01,464.0,16,29.0
SI0303,Arden Heights-Rossville,Staten Island,2025-05,2025-05-01,488.0,16,30.5
SI0303,Arden Heights-Rossville,Staten Island,2025-06,2025-06-01,375.0,16,23.4375
SI0303,Arden Heights-Rossville,Staten Island,2025-07,2025-07-01,404.0,16,25.25
SI0303,Arden Heights-Rossville,Staten Island,2025-08,2025-08-01,378.0,16,23.625
SI0303,Arden Heights-Rossville,Staten Island,2025-09,2025-09-01,455.0,16,28.4375
SI0303,Arden Heights-Rossville,Staten Island,2025-10,2025-10-01,426.0,16,26.625
SI0303,Arden Heights-Rossville,Staten Island,2025-11,2025-11-01,3.0,16,0.1875
SI0304,Annadale-Huguenot-Prince's Bay-Woodrow,Staten Island,2022-03,2022-03-01,453.0,16,28.3125
SI0304,Annadale-Huguenot-Prince's Bay-Woodrow,Staten Island,2022-04,2022-04-01,359.0,16,22.4375
SI0304,Annadale-Huguenot-Prince's Bay-Woodrow,Staten Island,2022-05,2022-05-01,472.0,16,29.5
SI0304,Annadale-Huguenot-Prince's Bay-Woodrow,Staten Island,2022-06,2022-06-01,382.0,16,23.875
SI0304,Annadale-Huguenot-Prince's Bay-Woodrow,Staten Island,2022-07,2022-07-01,342.0,16,21.375
SI0304,Annadale-Huguenot-Prince's Bay-Woodrow,Staten Island,2022-08,2022-08-01,387.0,16,24.1875
SI0304,Annadale-Huguenot-Prince's Bay-Woodrow,Staten Island,2022-09,2022-09-01,377.0,16,23.5625
SI0304,Annadale-Huguenot-Prince's Bay-Woodrow,Staten Island,2022-10,2022-10-01,447.0,16,27.9375
SI0304,Annadale-Huguenot-Prince's Bay-Woodrow,Staten Island,2022-11,2022-11-01,477.0,16,29.8125
SI0304,Annadale-Huguenot-Prince's Bay-Woodrow,Staten Island,2022-12,2022-12-01,338.0,16,21.125
SI0304,Annadale-Huguenot-Prince's Bay-Woodrow,Staten Island,2023-01,2023-01-01,384.0,16,24.0
SI0304,Annadale-Huguenot-Prince's Bay-Woodrow,Staten Island,2023-02,2023-02-01,351.0,16,21.9375
SI0304,Annadale-Huguenot-Prince's Bay-Woodrow,Staten Island,2023-03,2023-03-01,403.0,16,25.1875
SI0304,Annadale-Huguenot-Prince's Bay-Woodrow,Staten Island,2023-04,2023-04-01,429.0,16,26.8125
SI0304,Annadale-Huguenot-Prince's Bay-Woodrow,Staten Island,2023-05,2023-05-01,160.0,16,10.0
SI0304,Annadale-Huguenot-Prince's Bay-Woodrow,Staten Island,2023-06,2023-06-01,119.0,16,7.4375
SI0304,Annadale-Huguenot-Prince's Bay-Woodrow,Staten Island,2023-07,2023-07-01,77.0,16,4.8125
SI0304,Annadale-Huguenot-Prince's Bay-Woodrow,Staten Island,2023-08,2023-08-01,153.0,16,9.5625
SI0304,Annadale-Huguenot-Prince's Bay-Woodrow,Staten Island,2023-09,2023-09-01,361.0,16,22.5625
SI0304,Annadale-Huguenot-Prince's Bay-Woodrow,Staten Island,2023-10,2023-10-01,443.0,16,27.6875
SI0304,Annadale-Huguenot-Prince's Bay-Woodrow,Staten Island,2023-11,2023-11-01,423.0,16,26.4375
SI0304,Annadale-Huguenot-Prince's Bay-Woodrow,Staten Island,2023-12,2023-12-01,431.0,16,26.9375
SI0304,Annadale-Huguenot-Prince's Bay-Woodrow,Staten Island,2024-01,2024-01-01,403.0,16,25.1875
SI0304,Annadale-Huguenot-Prince's Bay-Woodrow,Staten Island,2024-02,2024-02-01,404.0,16,25.25
SI0304,Annadale-Huguenot-Prince's Bay-Woodrow,Staten Island,2024-03,2024-03-01,455.0,16,28.4375
SI0304,Annadale-Huguenot-Prince's Bay-Woodrow,Staten Island,2024-04,2024-04-01,426.0,16,26.625
SI0304,Annadale-Huguenot-Prince's Bay-Woodrow,Staten Island,2024-05,2024-05-01,502.0,16,31.375
SI0304,Annadale-Huguenot-Prince's Bay-Woodrow,Staten Island,2024-06,2024-06-01,430.0,16,26.875
SI0304,Annadale-Huguenot-Prince's Bay-Woodrow,Staten Island,2024-07,2024-07-01,444.0,16,27.75
SI0304,Annadale-Huguenot-Prince's Bay-Woodrow,Staten Island,2024-08,2024-08-01,409.0,16,25.5625
SI0304,Annadale-Huguenot-Prince's Bay-Woodrow,Staten Island,2024-09,2024-09-01,432.0,16,27.0
SI0304,Annadale-Huguenot-Prince's Bay-Woodrow,Staten Island,2024-10,2024-10-01,448.0,16,28.0
SI0304,Annadale-Huguenot-Prince's Bay-Woodrow,Staten Island,2024-11,2024-11-01,418.0,16,26.125
SI0304,Annadale-Huguenot-Prince's Bay-Woodrow,Staten Island,2024-12,2024-12-01,422.0,16,26.375
SI0304,Annadale-Huguenot-Prince's Bay-Woodrow,Staten Island,2025-01,2025-01-01,417.0,16,26.0625
SI0304,Annadale-Huguenot-Prince's Bay-Woodrow,Staten Island,2025-02,2025-02-01,383.0,16,23.9375
SI0304,Annadale-Huguenot-Prince's Bay-Woodrow,Staten Island,2025-03,2025-03-01,419.0,16,26.1875
SI0304,Annadale-Huguenot-Prince's Bay-Woodrow,Staten Island,2025-04,2025-04-01,464.0,16,29.0
SI0304,Annadale-Huguenot-Prince's Bay-Woodrow,Staten Island,2025-05,2025-05-01,488.0,16,30.5
SI0304,Annadale-Huguenot-Prince's Bay-Woodrow,Staten Island,2025-06,2025-06-01,375.0,16,23.4375
SI0304,Annadale-Huguenot-Prince's Bay-Woodrow,Staten Island,2025-07,2025-07-01,404.0,16,25.25
SI0304,Annadale-Huguenot-Prince's Bay-Woodrow,Staten Island,2025-08,2025-08-01,378.0,16,23.625
SI0304,Annadale-Huguenot-Prince's Bay-Woodrow,Staten Island,2025-09,2025-09-01,455.0,16,28.4375
SI0304,Annadale-Huguenot-Prince's Bay-Woodrow,Staten Island,2025-10,2025-10-01,426.0,16,26.625
SI0304,Annadale-Huguenot-Prince's Bay-Woodrow,Staten Island,2025-11,2025-11-01,3.0,16,0.1875
SI0305,Tottenville-Charleston,Staten Island,2022-03,2022-03-01,453.0,16,28.3125
SI0305,Tottenville-Charleston,Staten Island,2022-04,2022-04-01,359.0,16,22.4375
SI0305,Tottenville-Charleston,Staten Island,2022-05,2022-05-01,472.0,16,29.5
SI0305,Tottenville-Charleston,Staten Island,2022-06,2022-06-01,382.0,16,23.875
SI0305,Tottenville-Charleston,Staten Island,2022-07,2022-07-01,342.0,16,21.375
SI0305,Tottenville-Charleston,Staten Island,2022-08,2022-08-01,387.0,16,24.1875
SI0305,Tottenville-Charleston,Staten Island,2022-09,2022-09-01,377.0,16,23.5625
SI0305,Tottenville-Charleston,Staten Island,2022-10,2022-10-01,447.0,16,27.9375
SI0305,Tottenville-Charleston,Staten Island,2022-11,2022-11-01,477.0,16,29.8125
SI0305,Tottenville-Charleston,Staten Island,2022-12,2022-12-01,338.0,16,21.125
SI0305,Tottenville-Charleston,Staten Island,2023-01,2023-01-01,384.0,16,24.0
SI0305,Tottenville-Charleston,Staten Island,2023-02,2023-02-01,351.0,16,21.9375
SI0305,Tottenville-Charleston,Staten Island,2023-03,2023-03-01,403.0,16,25.1875
SI0305,Tottenville-Charleston,Staten Island,2023-04,2023-04-01,429.0,16,26.8125
SI0305,Tottenville-Charleston,Staten Island,2023-05,2023-05-01,160.0,16,10.0
SI0305,Tottenville-Charleston,Staten Island,2023-06,2023-06-01,119.0,16,7.4375
SI0305,Tottenville-Charleston,Staten Island,2023-07,2023-07-01,77.0,16,4.8125
SI0305,Tottenville-Charleston,Staten Island,2023-08,2023-08-01,153.0,16,9.5625
SI0305,Tottenville-Charleston,Staten Island,2023-09,2023-09-01,361.0,16,22.5625
SI0305,Tottenville-Charleston,Staten Island,2023-10,2023-10-01,443.0,16,27.6875
SI0305,Tottenville-Charleston,Staten Island,2023-11,2023-11-01,423.0,16,26.4375
SI0305,Tottenville-Charleston,Staten Island,2023-12,2023-12-01,431.0,16,26.9375
SI0305,Tottenville-Charleston,Staten Island,2024-01,2024-01-01,403.0,16,25.1875
SI0305,Tottenville-Charleston,Staten Island,2024-02,2024-02-01,404.0,16,25.25
SI0305,Tottenville-Charleston,Staten Island,2024-03,2024-03-01,455.0,16,28.4375
SI0305,Tottenville-Charleston,Staten Island,2024-04,2024-04-01,426.0,16,26.625
SI0305,Tottenville-Charleston,Staten Island,2024-05,2024-05-01,502.0,16,31.375
SI0305,Tottenville-Charleston,Staten Island,2024-06,2024-06-01,430.0,16,26.875
SI0305,Tottenville-Charleston,Staten Island,2024-07,2024-07-01,444.0,16,27.75
SI0305,Tottenville-Charleston,Staten Island,2024-08,2024-08-01,409.0,16,25.5625
SI0305,Tottenville-Charleston,Staten Island,2024-09,2024-09-01,432.0,16,27.0
SI0305,Tottenville-Charleston,Staten Island,2024-10,2024-10-01,448.0,16,28.0
SI0305,Tottenville-Charleston,Staten Island,2024-11,2024-11-01,418.0,16,26.125
SI0305,Tottenville-Charleston,Staten Island,2024-12,2024-12-01,422.0,16,26.375
SI0305,Tottenville-Charleston,Staten Island,2025-01,2025-01-01,417.0,16,26.0625
SI0305,Tottenville-Charleston,Staten Island,2025-02,2025-02-01,383.0,16,23.9375
SI0305,Tottenville-Charleston,Staten Island,2025-03,2025-03-01,419.0,16,26.1875
SI0305,Tottenville-Charleston,Staten Island,2025-04,2025-04-01,464.0,16,29.0
SI0305,Tottenville-Charleston,Staten Island,2025-05,2025-05-01,488.0,16,30.5
SI0305,Tottenville-Charleston,Staten Island,2025-06,2025-06-01,375.0,16,23.4375
SI0305,Tottenville-Charleston,Staten Island,2025-07,2025-07-01,404.0,16,25.25
SI0305,Tottenville-Charleston,Staten Island,2025-08,2025-08-01,378.0,16,23.625
SI0305,Tottenville-Charleston,Staten Island,2025-09,2025-09-01,455.0,16,28.4375
SI0305,Tottenville-Charleston,Staten Island,2025-10,2025-10-01,426.0,16,26.625
SI0305,Tottenville-Charleston,Staten Island,2025-11,2025-11-01,3.0,16,0.1875
