nta_code,nta_name,pollen_cluster,date,period,pollen_index
BK0101,Greenpoint,metro,2026-03-21,2026-03-21T05:30:33,6.8
BK0101,Greenpoint,metro,2026-03-22,2026-03-22T05:30:33,6.6
BK0101,Greenpoint,metro,2026-03-23,2026-03-23T05:30:33,2.7
BK0101,Greenpoint,metro,2026-03-24,2026-03-24T05:30:33,7.8
BK0101,Greenpoint,metro,2026-03-25,2026-03-25T05:30:33,7.6
BK0101,Greenpoint,metro,2026-03-26,2026-03-26T05:30:33,8.1
BK0101,Greenpoint,metro,2026-03-27,2026-03-27T05:30:33,6.8
BK0101,Greenpoint,metro,2026-03-28,2026-03-28T05:30:33,7.7
BK0101,Greenpoint,metro,2026-03-29,2026-03-29T05:30:33,7.3
BK0101,Greenpoint,metro,2026-03-30,2026-03-30T05:30:33,8.5
BK0101,Greenpoint,metro,2026-03-31,2026-03-31T05:30:32,5.9
BK0101,Greenpoint,metro,2026-04-01,2026-04-01T05:30:32,7.5
BK0101,Greenpoint,metro,2026-04-02,2026-04-02T05:30:32,5.4
BK0101,Greenpoint,metro,2026-04-03,2026-04-03T05:30:33,9.1
BK0101,Greenpoint,metro,2026-04-04,2026-04-04T05:30:33,9.4
BK0101,Greenpoint,metro,2026-04-05,2026-04-05T05:30:32,6.5
BK0101,Greenpoint,metro,2026-04-06,2026-04-06T05:30:33,10.2
BK0101,Greenpoint,metro,2026-04-07,2026-04-07T05:30:33,10.1
BK0101,Greenpoint,metro,2026-04-08,2026-04-08T05:30:33,9.2
BK0101,Greenpoint,metro,2026-04-09,2026-04-09T05:30:33,9.3
BK0101,Greenpoint,metro,2026-04-10,2026-04-10T05:30:33,10.4
BK0101,Greenpoint,metro,2026-04-11,2026-04-11T05:30:32,11.2
BK0101,Greenpoint,metro,2026-04-12,2026-04-12T05:30:31,10.1
BK0101,Greenpoint,metro,2026-04-13,2026-04-13T05:30:30,10.7
BK0101,Greenpoint,metro,2026-04-14,2026-04-14T05:30:30,11.8
BK0101,Greenpoint,metro,2026-04-15,2026-04-15T05:30:32,11.7
BK0101,Greenpoint,metro,2026-04-16,2026-04-16T05:30:33,11.7
BK0101,Greenpoint,metro,2026-04-17,2026-04-17T05:30:33,11.6
BK0101,Greenpoint,metro,2026-04-18,2026-04-18T05:30:32,11.3
BK0102,Williamsburg,metro,2026-03-21,2026-03-21T05:30:33,6.8
BK0102,Williamsburg,metro,2026-03-22,2026-03-22T05:30:33,6.6
BK0102,Williamsburg,metro,2026-03-23,2026-03-23T05:30:33,2.7
BK0102,Williamsburg,metro,2026-03-24,2026-03-24T05:30:33,7.8
BK0102,Williamsburg,metro,2026-03-25,2026-03-25T05:30:33,7.6
BK0102,Williamsburg,metro,2026-03-26,2026-03-26T05:30:33,8.1
BK0102,Williamsburg,metro,2026-03-27,2026-03-27T05:30:33,6.8
BK0102,Williamsburg,metro,2026-03-28,2026-03-28T05:30:33,7.7
BK0102,Williamsburg,metro,2026-03-29,2026-03-29T05:30:33,7.3
BK0102,Williamsburg,metro,2026-03-30,2026-03-30T05:30:33,8.5
BK0102,Williamsburg,metro,2026-03-31,2026-03-31T05:30:32,5.9
BK0102,Williamsburg,metro,2026-04-01,2026-04-01T05:30:32,7.5
BK0102,Williamsburg,metro,2026-04-02,2026-04-02T05:30:32,5.4
BK0102,Williamsburg,metro,2026-04-03,2026-04-03T05:30:33,9.1
BK0102,Williamsburg,metro,2026-04-04,2026-04-04T05:30:33,9.4
BK0102,Williamsburg,metro,2026-04-05,2026-04-05T05:30:32,6.5
BK0102,Williamsburg,metro,2026-04-06,2026-04-06T05:30:33,10.2
BK0102,Williamsburg,metro,2026-04-07,2026-04-07T05:30:33,10.1
BK0102,Williamsburg,metro,2026-04-08,2026-04-08T05:30:33,9.2
BK0102,Williamsburg,metro,2026-04-09,2026-04-09T05:30:33,9.3
BK0102,Williamsburg,metro,2026-04-10,2026-04-10T05:30:33,10.4
BK0102,Williamsburg,metro,2026-04-11,2026-04-11T05:30:32,11.2
BK0102,Williamsburg,metro,2026-04-12,2026-04-12T05:30:31,10.1
BK0102,Williamsburg,metro,2026-04-13,2026-04-13T05:30:30,10.7
BK0102,Williamsburg,metro,2026-04-14,2026-04-14T05:30:30,11.8
BK0102,Williamsburg,metro,2026-04-15,2026-04-15T05:30:32,11.7
BK0102,Williamsburg,metro,2026-04-16,2026-04-16T05:30:33,11.7
BK0102,Williamsburg,metro,2026-04-17,2026-04-17T05:30:33,11.6
BK0102,Williamsburg,metro,2026-04-18,2026-04-18T05:30:32,11.3
BK0103,South Williamsburg,metro,2026-03-21,2026-03-21T05:30:33,6.8
BK0103,South Williamsburg,metro,2026-03-22,2026-03-22T05:30:33,6.6
BK0103,South Williamsburg,metro,2026-03-23,2026-03-23T05:30:33,2.7
BK0103,South Williamsburg,metro,2026-03-24,2026-03-24T05:30:33,7.8
BK0103,South Williamsburg,metro,2026-03-25,2026-03-25T05:30:33,7.6
BK0103,South Williamsburg,metro,2026-03-26,2026-03-26T05:30:33,8.1
BK0103,South Williamsburg,metro,2026-03-27,2026-03-27T05:30:33,6.8
BK0103,South Williamsburg,metro,2026-03-28,2026-03-28T05:30:33,7.7
BK0103,South Williamsburg,metro,2026-03-29,2026-03-29T05:30:33,7.3
BK0103,South Williamsburg,metro,2026-03-30,2026-03-30T05:30:33,8.5
BK0103,South Williamsburg,metro,2026-03-31,2026-03-31T05:30:32,5.9
BK0103,South Williamsburg,metro,2026-04-01,2026-04-01T05:30:32,7.5
BK0103,South Williamsburg,metro,2026-04-02,2026-04-02T05:30:32,5.4
BK0103,South Williamsburg,metro,2026-04-03,2026-04-03T05:30:33,9.1
BK0103,South Williamsburg,metro,2026-04-04,2026-04-04T05:30:33,9.4
BK0103,South Williamsburg,metro,2026-04-05,2026-04-05T05:30:32,6.5
BK0103,South Williamsburg,metro,2026-04-06,2026-04-06T05:30:33,10.2
BK0103,South Williamsburg,metro,2026-04-07,2026-04-07T05:30:33,10.1
BK0103,South Williamsburg,metro,2026-04-08,2026-04-08T05:30:33,9.2
BK0103,South Williamsburg,metro,2026-04-09,2026-04-09T05:30:33,9.3
BK0103,South Williamsburg,metro,2026-04-10,2026-04-10T05:30:33,10.4
BK0103,South Williamsburg,metro,2026-04-11,2026-04-11T05:30:32,11.2
BK0103,South Williamsburg,metro,2026-04-12,2026-04-12T05:30:31,10.1
BK0103,South Williamsburg,metro,2026-04-13,2026-04-13T05:30:30,10.7
BK0103,South Williamsburg,metro,2026-04-14,2026-04-14T05:30:30,11.8
BK0103,South Williamsburg,metro,2026-04-15,2026-04-15T05:30:32,11.7
BK0103,South Williamsburg,metro,2026-04-16,2026-04-16T05:30:33,11.7
BK0103,South Williamsburg,metro,2026-04-17,2026-04-17T05:30:33,11.6
BK0103,South Williamsburg,metro,2026-04-18,2026-04-18T05:30:32,11.3
BK0104,East Williamsburg,metro,2026-03-21,2026-03-21T05:30:33,6.8
BK0104,East Williamsburg,metro,2026-03-22,2026-03-22T05:30:33,6.6
BK0104,East Williamsburg,metro,2026-03-23,2026-03-23T05:30:33,2.7
BK0104,East Williamsburg,metro,2026-03-24,2026-03-24T05:30:33,7.8
BK0104,East Williamsburg,metro,2026-03-25,2026-03-25T05:30:33,7.6
BK0104,East Williamsburg,metro,2026-03-26,2026-03-26T05:30:33,8.1
BK0104,East Williamsburg,metro,2026-03-27,2026-03-27T05:30:33,6.8
BK0104,East Williamsburg,metro,2026-03-28,2026-03-28T05:30:33,7.7
BK0104,East Williamsburg,metro,2026-03-29,2026-03-29T05:30:33,7.3
BK0104,East Williamsburg,metro,2026-03-30,2026-03-30T05:30:33,8.5
BK0104,East Williamsburg,metro,2026-03-31,2026-03-31T05:30:32,5.9
BK0104,East Williamsburg,metro,2026-04-01,2026-04-01T05:30:32,7.5
BK0104,East Williamsburg,metro,2026-04-02,2026-04-02T05:30:32,5.4
BK0104,East Williamsburg,metro,2026-04-03,2026-04-03T05:30:33,9.1
BK0104,East Williamsburg,metro,2026-04-04,2026-04-04T05:30:33,9.4
BK0104,East Williamsburg,metro,2026-04-05,2026-04-05T05:30:32,6.5
BK0104,East Williamsburg,metro,2026-04-06,2026-04-06T05:30:33,10.2
BK0104,East Williamsburg,metro,2026-04-07,2026-04-07T05:30:33,10.1
BK0104,East Williamsburg,metro,2026-04-08,2026-04-08T05:30:33,9.2
BK0104,East Williamsburg,metro,2026-04-09,2026-04-09T05:30:33,9.3
BK0104,East Williamsburg,metro,2026-04-10,2026-04-10T05:30:33,10.4
BK0104,East Williamsburg,metro,2026-04-11,2026-04-11T05:30:32,11.2
BK0104,East Williamsburg,metro,2026-04-12,2026-04-12T05:30:31,10.1
BK0104,East Williamsburg,metro,2026-04-13,2026-04-13T05:30:30,10.7
BK0104,East Williamsburg,metro,2026-04-14,2026-04-14T05:30:30,11.8
BK0104,East Williamsburg,metro,2026-04-15,2026-04-15T05:30:32,11.7
BK0104,East Williamsburg,metro,2026-04-16,2026-04-16T05:30:33,11.7
BK0104,East Williamsburg,metro,2026-04-17,2026-04-17T05:30:33,11.6
BK0104,East Williamsburg,metro,2026-04-18,2026-04-18T05:30:32,11.3
BK0201,Brooklyn Heights,metro,2026-03-21,2026-03-21T05:30:33,6.8
BK0201,Brooklyn Heights,metro,2026-03-22,2026-03-22T05:30:33,6.6
BK0201,Brooklyn Heights,metro,2026-03-23,2026-03-23T05:30:33,2.7
BK0201,Brooklyn Heights,metro,2026-03-24,2026-03-24T05:30:33,7.8
BK0201,Brooklyn Heights,metro,2026-03-25,2026-03-25T05:30:33,7.6
BK0201,Brooklyn Heights,metro,2026-03-26,2026-03-26T05:30:33,8.1
BK0201,Brooklyn Heights,metro,2026-03-27,2026-03-27T05:30:33,6.8
BK0201,Brooklyn Heights,metro,2026-03-28,2026-03-28T05:30:33,7.7
BK0201,Brooklyn Heights,metro,2026-03-29,2026-03-29T05:30:33,7.3
BK0201,Brooklyn Heights,metro,2026-03-30,2026-03-30T05:30:33,8.5
BK0201,Brooklyn Heights,metro,2026-03-31,2026-03-31T05:30:32,5.9
BK0201,Brooklyn Heights,metro,2026-04-01,2026-04-01T05:30:32,7.5
BK0201,Brooklyn Heights,metro,2026-04-02,2026-04-02T05:30:32,5.4
BK0201,Brooklyn Heights,metro,2026-04-03,2026-04-03T05:30:33,9.1
BK0201,Brooklyn Heights,metro,2026-04-04,2026-04-04T05:30:33,9.4
BK0201,Brooklyn Heights,metro,2026-04-05,2026-04-05T05:30:32,6.5
BK0201,Brooklyn Heights,metro,2026-04-06,2026-04-06T05:30:33,10.2
BK0201,Brooklyn Heights,metro,2026-04-07,2026-04-07T05:30:33,10.1
BK0201,Brooklyn Heights,metro,2026-04-08,2026-04-08T05:30:33,9.2
BK0201,Brooklyn Heights,metro,2026-04-09,2026-04-09T05:30:33,9.3
BK0201,Brooklyn Heights,metro,2026-04-10,2026-04-10T05:30:33,10.4
BK0201,Brooklyn Heights,metro,2026-04-11,2026-04-11T05:30:32,11.2
BK0201,Brooklyn Heights,metro,2026-04-12,2026-04-12T05:30:31,10.1
BK0201,Brooklyn Heights,metro,2026-04-13,2026-04-13T05:30:30,10.7
BK0201,Brooklyn Heights,metro,2026-04-14,2026-04-14T05:30:30,11.8
BK0201,Brooklyn Heights,metro,2026-04-15,2026-04-15T05:30:32,11.7
BK0201,Brooklyn Heights,metro,2026-04-16,2026-04-16T05:30:33,11.7
BK0201,Brooklyn Heights,metro,2026-04-17,2026-04-17T05:30:33,11.6
BK0201,Brooklyn Heights,metro,2026-04-18,2026-04-18T05:30:32,11.3
BK0202,Downtown Brooklyn-DUMBO-Boerum Hill,metro,2026-03-21,2026-03-21T05:30:33,6.8
BK0202,Downtown Brooklyn-DUMBO-Boerum Hill,metro,2026-03-22,2026-03-22T05:30:33,6.6
BK0202,Downtown Brooklyn-DUMBO-Boerum Hill,metro,2026-03-23,2026-03-23T05:30:33,2.7
BK0202,Downtown Brooklyn-DUMBO-Boerum Hill,metro,2026-03-24,2026-03-24T05:30:33,7.8
BK0202,Downtown Brooklyn-DUMBO-Boerum Hill,metro,2026-03-25,2026-03-25T05:30:33,7.6
BK0202,Downtown Brooklyn-DUMBO-Boerum Hill,metro,2026-03-26,2026-03-26T05:30:33,8.1
BK0202,Downtown Brooklyn-DUMBO-Boerum Hill,metro,2026-03-27,2026-03-27T05:30:33,6.8
BK0202,Downtown Brooklyn-DUMBO-Boerum Hill,metro,2026-03-28,2026-03-28T05:30:33,7.7
BK0202,Downtown Brooklyn-DUMBO-Boerum Hill,metro,2026-03-29,2026-03-29T05:30:33,7.3
BK0202,Downtown Brooklyn-DUMBO-Boerum Hill,metro,2026-03-30,2026-03-30T05:30:33,8.5
BK0202,Downtown Brooklyn-DUMBO-Boerum Hill,metro,2026-03-31,2026-03-31T05:30:32,5.9
BK0202,Downtown Brooklyn-DUMBO-Boerum Hill,metro,2026-04-01,2026-04-01T05:30:32,7.5
BK0202,Downtown Brooklyn-DUMBO-Boerum Hill,metro,2026-04-02,2026-04-02T05:30:32,5.4
BK0202,Downtown Brooklyn-DUMBO-Boerum Hill,metro,2026-04-03,2026-04-03T05:30:33,9.1
BK0202,Downtown Brooklyn-DUMBO-Boerum Hill,metro,2026-04-04,2026-04-04T05:30:33,9.4
BK0202,Downtown Brooklyn-DUMBO-Boerum Hill,metro,2026-04-05,2026-04-05T05:30:32,6.5
BK0202,Downtown Brooklyn-DUMBO-Boerum Hill,metro,2026-04-06,2026-04-06T05:30:33,10.2
BK0202,Downtown Brooklyn-DUMBO-Boerum Hill,metro,2026-04-07,2026-04-07T05:30:33,10.1
BK0202,Downtown Brooklyn-DUMBO-Boerum Hill,metro,2026-04-08,2026-04-08T05:30:33,9.2
BK0202,Downtown Brooklyn-DUMBO-Boerum Hill,metro,2026-04-09,2026-04-09T05:30:33,9.3
BK0202,Downtown Brooklyn-DUMBO-Boerum Hill,metro,2026-04-10,2026-04-10T05:30:33,10.4
BK0202,Downtown Brooklyn-DUMBO-Boerum Hill,metro,2026-04-11,2026-04-11T05:30:32,11.2
BK0202,Downtown Brooklyn-DUMBO-Boerum Hill,metro,2026-04-12,2026-04-12T05:30:31,10.1
BK0202,Downtown Brooklyn-DUMBO-Boerum Hill,metro,2026-04-13,2026-04-13T05:30:30,10.7
BK0202,Downtown Brooklyn-DUMBO-Boerum Hill,metro,2026-04-14,2026-04-14T05:30:30,11.8
BK0202,Downtown Brooklyn-DUMBO-Boerum Hill,metro,2026-04-15,2026-04-15T05:30:32,11.7
BK0202,Downtown Brooklyn-DUMBO-Boerum Hill,metro,2026-04-16,2026-04-16T05:30:33,11.7
BK0202,Downtown Brooklyn-DUMBO-Boerum Hill,metro,2026-04-17,2026-04-17T05:30:33,11.6
BK0202,Downtown Brooklyn-DUMBO-Boerum Hill,metro,2026-04-18,2026-04-18T05:30:32,11.3
BK0203,Fort Greene,metro,2026-03-21,2026-03-21T05:30:33,6.8
BK0203,Fort Greene,metro,2026-03-22,2026-03-22T05:30:33,6.6
BK0203,Fort Greene,metro,2026-03-23,2026-03-23T05:30:33,2.7
BK0203,Fort Greene,metro,2026-03-24,2026-03-24T05:30:33,7.8
BK0203,Fort Greene,metro,2026-03-25,2026-03-25T05:30:33,7.6
BK0203,Fort Greene,metro,2026-03-26,2026-03-26T05:30:33,8.1
BK0203,Fort Greene,metro,2026-03-27,2026-03-27T05:30:33,6.8
BK0203,Fort Greene,metro,2026-03-28,2026-03-28T05:30:33,7.7
BK0203,Fort Greene,metro,2026-03-29,2026-03-29T05:30:33,7.3
BK0203,Fort Greene,metro,2026-03-30,2026-03-30T05:30:33,8.5
BK0203,Fort Greene,metro,2026-03-31,2026-03-31T05:30:32,5.9
BK0203,Fort Greene,metro,2026-04-01,2026-04-01T05:30:32,7.5
BK0203,Fort Greene,metro,2026-04-02,2026-04-02T05:30:32,5.4
BK0203,Fort Greene,metro,2026-04-03,2026-04-03T05:30:33,9.1
BK0203,Fort Greene,metro,2026-04-04,2026-04-04T05:30:33,9.4
BK0203,Fort Greene,metro,2026-04-05,2026-04-05T05:30:32,6.5
BK0203,Fort Greene,metro,2026-04-06,2026-04-06T05:30:33,10.2
BK0203,Fort Greene,metro,2026-04-07,2026-04-07T05:30:33,10.1
BK0203,Fort Greene,metro,2026-04-08,2026-04-08T05:30:33,9.2
BK0203,Fort Greene,metro,2026-04-09,2026-04-09T05:30:33,9.3
BK0203,Fort Greene,metro,2026-04-10,2026-04-10T05:30:33,10.4
BK0203,Fort Greene,metro,2026-04-11,2026-04-11T05:30:32,11.2
BK0203,Fort Greene,metro,2026-04-12,2026-04-12T05:30:31,10.1
BK0203,Fort Greene,metro,2026-04-13,2026-04-13T05:30:30,10.7
BK0203,Fort Greene,metro,2026-04-14,2026-04-14T05:30:30,11.8
BK0203,Fort Greene,metro,2026-04-15,2026-04-15T05:30:32,11.7
BK0203,Fort Greene,metro,2026-04-16,2026-04-16T05:30:33,11.7
BK0203,Fort Greene,metro,2026-04-17,2026-04-17T05:30:33,11.6
BK0203,Fort Greene,metro,2026-04-18,2026-04-18T05:30:32,11.3
BK0204,Clinton Hill,metro,2026-03-21,2026-03-21T05:30:33,6.8
BK0204,Clinton Hill,metro,2026-03-22,2026-03-22T05:30:33,6.6
BK0204,Clinton Hill,metro,2026-03-23,2026-03-23T05:30:33,2.7
BK0204,Clinton Hill,metro,2026-03-24,2026-03-24T05:30:33,7.8
BK0204,Clinton Hill,metro,2026-03-25,2026-03-25T05:30:33,7.6
BK0204,Clinton Hill,metro,2026-03-26,2026-03-26T05:30:33,8.1
BK0204,Clinton Hill,metro,2026-03-27,2026-03-27T05:30:33,6.8
BK0204,Clinton Hill,metro,2026-03-28,2026-03-28T05:30:33,7.7
BK0204,Clinton Hill,metro,2026-03-29,2026-03-29T05:30:33,7.3
BK0204,Clinton Hill,metro,2026-03-30,2026-03-30T05:30:33,8.5
BK0204,Clinton Hill,metro,2026-03-31,2026-03-31T05:30:32,5.9
BK0204,Clinton Hill,metro,2026-04-01,2026-04-01T05:30:32,7.5
BK0204,Clinton Hill,metro,2026-04-02,2026-04-02T05:30:32,5.4
BK0204,Clinton Hill,metro,2026-04-03,2026-04-03T05:30:33,9.1
BK0204,Clinton Hill,metro,2026-04-04,2026-04-04T05:30:33,9.4
BK0204,Clinton Hill,metro,2026-04-05,2026-04-05T05:30:32,6.5
BK0204,Clinton Hill,metro,2026-04-06,2026-04-06T05:30:33,10.2
BK0204,Clinton Hill,metro,2026-04-07,2026-04-07T05:30:33,10.1
BK0204,Clinton Hill,metro,2026-04-08,2026-04-08T05:30:33,9.2
BK0204,Clinton Hill,metro,2026-04-09,2026-04-09T05:30:33,9.3
BK0204,Clinton Hill,metro,2026-04-10,2026-04-10T05:30:33,10.4
BK0204,Clinton Hill,metro,2026-04-11,2026-04-11T05:30:32,11.2
BK0204,Clinton Hill,metro,2026-04-12,2026-04-12T05:30:31,10.1
BK0204,Clinton Hill,metro,2026-04-13,2026-04-13T05:30:30,10.7
BK0204,Clinton Hill,metro,2026-04-14,2026-04-14T05:30:30,11.8
BK0204,Clinton Hill,metro,2026-04-15,2026-04-15T05:30:32,11.7
BK0204,Clinton Hill,metro,2026-04-16,2026-04-16T05:30:33,11.7
BK0204,Clinton Hill,metro,2026-04-17,2026-04-17T05:30:33,11.6
BK0204,Clinton Hill,metro,2026-04-18,2026-04-18T05:30:32,11.3
BK0261,Brooklyn Navy Yard,metro,2026-03-21,2026-03-21T05:30:33,6.8
BK0261,Brooklyn Navy Yard,metro,2026-03-22,2026-03-22T05:30:33,6.6
BK0261,Brooklyn Navy Yard,metro,2026-03-23,2026-03-23T05:30:33,2.7
BK0261,Brooklyn Navy Yard,metro,2026-03-24,2026-03-24T05:30:33,7.8
BK0261,Brooklyn Navy Yard,metro,2026-03-25,2026-03-25T05:30:33,7.6
BK0261,Brooklyn Navy Yard,metro,2026-03-26,2026-03-26T05:30:33,8.1
BK0261,Brooklyn Navy Yard,metro,2026-03-27,2026-03-27T05:30:33,6.8
BK0261,Brooklyn Navy Yard,metro,2026-03-28,2026-03-28T05:30:33,7.7
BK0261,Brooklyn Navy Yard,metro,2026-03-29,2026-03-29T05:30:33,7.3
BK0261,Brooklyn Navy Yard,metro,2026-03-30,2026-03-30T05:30:33,8.5
BK0261,Brooklyn Navy Yard,metro,2026-03-31,2026-03-31T05:30:32,5.9
BK0261,Brooklyn Navy Yard,metro,2026-04-01,2026-04-01T05:30:32,7.5
BK0261,Brooklyn Navy Yard,metro,2026-04-02,2026-04-02T05:30:32,5.4
BK0261,Brooklyn Navy Yard,metro,2026-04-03,2026-04-03T05:30:33,9.1
BK0261,Brooklyn Navy Yard,metro,2026-04-04,2026-04-04T05:30:33,9.4
BK0261,Brooklyn Navy Yard,metro,2026-04-05,2026-04-05T05:30:32,6.5
BK0261,Brooklyn Navy Yard,metro,2026-04-06,2026-04-06T05:30:33,10.2
BK0261,Brooklyn Navy Yard,metro,2026-04-07,2026-04-07T05:30:33,10.1
BK0261,Brooklyn Navy Yard,metro,2026-04-08,2026-04-08T05:30:33,9.2
BK0261,Brooklyn Navy Yard,metro,2026-04-09,2026-04-09T05:30:33,9.3
BK0261,Brooklyn Navy Yard,metro,2026-04-10,2026-04-10T05:30:33,10.4
BK0261,Brooklyn Navy Yard,metro,2026-04-11,2026-04-11T05:30:32,11.2
BK0261,Brooklyn Navy Yard,metro,2026-04-12,2026-04-12T05:30:31,10.1
BK0261,Brooklyn Navy Yard,metro,2026-04-13,2026-04-13T05:30:30,10.7
BK0261,Brooklyn Navy Yard,metro,2026-04-14,2026-04-14T05:30:30,11.8
BK0261,Brooklyn Navy Yard,metro,2026-04-15,2026-04-15T05:30:32,11.7
BK0261,Brooklyn Navy Yard,metro,2026-04-16,2026-04-16T05:30:33,11.7
BK0261,Brooklyn Navy Yard,metro,2026-04-17,2026-04-17T05:30:33,11.6
BK0261,Brooklyn Navy Yard,metro,2026-04-18,2026-04-18T05:30:32,11.3
BK0301,Bedford-Stuyvesant (West),metro,2026-03-21,2026-03-21T05:30:33,6.8
BK0301,Bedford-Stuyvesant (West),metro,2026-03-22,2026-03-22T05:30:33,6.6
BK0301,Bedford-Stuyvesant (West),metro,2026-03-23,2026-03-23T05:30:33,2.7
BK0301,Bedford-Stuyvesant (West),metro,2026-03-24,2026-03-24T05:30:33,7.8
BK0301,Bedford-Stuyvesant (West),metro,2026-03-25,2026-03-25T05:30:33,7.6
BK0301,Bedford-Stuyvesant (West),metro,2026-03-26,2026-03-26T05:30:33,8.1
BK0301,Bedford-Stuyvesant (West),metro,2026-03-27,2026-03-27T05:30:33,6.8
BK0301,Bedford-Stuyvesant (West),metro,2026-03-28,2026-03-28T05:30:33,7.7
BK0301,Bedford-Stuyvesant (West),metro,2026-03-29,2026-03-29T05:30:33,7.3
BK0301,Bedford-Stuyvesant (West),metro,2026-03-30,2026-03-30T05:30:33,8.5
BK0301,Bedford-Stuyvesant (West),metro,2026-03-31,2026-03-31T05:30:32,5.9
BK0301,Bedford-Stuyvesant (West),metro,2026-04-01,2026-04-01T05:30:32,7.5
BK0301,Bedford-Stuyvesant (West),metro,2026-04-02,2026-04-02T05:30:32,5.4
BK0301,Bedford-Stuyvesant (West),metro,2026-04-03,2026-04-03T05:30:33,9.1
BK0301,Bedford-Stuyvesant (West),metro,2026-04-04,2026-04-04T05:30:33,9.4
BK0301,Bedford-Stuyvesant (West),metro,2026-04-05,2026-04-05T05:30:32,6.5
BK0301,Bedford-Stuyvesant (West),metro,2026-04-06,2026-04-06T05:30:33,10.2
BK0301,Bedford-Stuyvesant (West),metro,2026-04-07,2026-04-07T05:30:33,10.1
BK0301,Bedford-Stuyvesant (West),metro,2026-04-08,2026-04-08T05:30:33,9.2
BK0301,Bedford-Stuyvesant (West),metro,2026-04-09,2026-04-09T05:30:33,9.3
BK0301,Bedford-Stuyvesant (West),metro,2026-04-10,2026-04-10T05:30:33,10.4
BK0301,Bedford-Stuyvesant (West),metro,2026-04-11,2026-04-11T05:30:32,11.2
BK0301,Bedford-Stuyvesant (West),metro,2026-04-12,2026-04-12T05:30:31,10.1
BK0301,Bedford-Stuyvesant (West),metro,2026-04-13,2026-04-13T05:30:30,10.7
BK0301,Bedford-Stuyvesant (West),metro,2026-04-14,2026-04-14T05:30:30,11.8
BK0301,Bedford-Stuyvesant (West),metro,2026-04-15,2026-04-15T05:30:32,11.7
BK0301,Bedford-Stuyvesant (West),metro,2026-04-16,2026-04-16T05:30:33,11.7
BK0301,Bedford-Stuyvesant (West),metro,2026-04-17,2026-04-17T05:30:33,11.6
BK0301,Bedford-Stuyvesant (West),metro,2026-04-18,2026-04-18T05:30:32,11.3
BK0302,Bedford-Stuyvesant (East),metro,2026-03-21,2026-03-21T05:30:33,6.8
BK0302,Bedford-Stuyvesant (East),metro,2026-03-22,2026-03-22T05:30:33,6.6
BK0302,Bedford-Stuyvesant (East),metro,2026-03-23,2026-03-23T05:30:33,2.7
BK0302,Bedford-Stuyvesant (East),metro,2026-03-24,2026-03-24T05:30:33,7.8
BK0302,Bedford-Stuyvesant (East),metro,2026-03-25,2026-03-25T05:30:33,7.6
BK0302,Bedford-Stuyvesant (East),metro,2026-03-26,2026-03-26T05:30:33,8.1
BK0302,Bedford-Stuyvesant (East),metro,2026-03-27,2026-03-27T05:30:33,6.8
BK0302,Bedford-Stuyvesant (East),metro,2026-03-28,2026-03-28T05:30:33,7.7
BK0302,Bedford-Stuyvesant (East),metro,2026-03-29,2026-03-29T05:30:33,7.3
BK0302,Bedford-Stuyvesant (East),metro,2026-03-30,2026-03-30T05:30:33,8.5
BK0302,Bedford-Stuyvesant (East),metro,2026-03-31,2026-03-31T05:30:32,5.9
BK0302,Bedford-Stuyvesant (East),metro,2026-04-01,2026-04-01T05:30:32,7.5
BK0302,Bedford-Stuyvesant (East),metro,2026-04-02,2026-04-02T05:30:32,5.4
BK0302,Bedford-Stuyvesant (East),metro,2026-04-03,2026-04-03T05:30:33,9.1
BK0302,Bedford-Stuyvesant (East),metro,2026-04-04,2026-04-04T05:30:33,9.4
BK0302,Bedford-Stuyvesant (East),metro,2026-04-05,2026-04-05T05:30:32,6.5
BK0302,Bedford-Stuyvesant (East),metro,2026-04-06,2026-04-06T05:30:33,10.2
BK0302,Bedford-Stuyvesant (East),metro,2026-04-07,2026-04-07T05:30:33,10.1
BK0302,Bedford-Stuyvesant (East),metro,2026-04-08,2026-04-08T05:30:33,9.2
BK0302,Bedford-Stuyvesant (East),metro,2026-04-09,2026-04-09T05:30:33,9.3
BK0302,Bedford-Stuyvesant (East),metro,2026-04-10,2026-04-10T05:30:33,10.4
BK0302,Bedford-Stuyvesant (East),metro,2026-04-11,2026-04-11T05:30:32,11.2
BK0302,Bedford-Stuyvesant (East),metro,2026-04-12,2026-04-12T05:30:31,10.1
BK0302,Bedford-Stuyvesant (East),metro,2026-04-13,2026-04-13T05:30:30,10.7
BK0302,Bedford-Stuyvesant (East),metro,2026-04-14,2026-04-14T05:30:30,11.8
BK0302,Bedford-Stuyvesant (East),metro,2026-04-15,2026-04-15T05:30:32,11.7
BK0302,Bedford-Stuyvesant (East),metro,2026-04-16,2026-04-16T05:30:33,11.7
BK0302,Bedford-Stuyvesant (East),metro,2026-04-17,2026-04-17T05:30:33,11.6
BK0302,Bedford-Stuyvesant (East),metro,2026-04-18,2026-04-18T05:30:32,11.3
BK0401,Bushwick (West),metro,2026-03-21,2026-03-21T05:30:33,6.8
BK0401,Bushwick (West),metro,2026-03-22,2026-03-22T05:30:33,6.6
BK0401,Bushwick (West),metro,2026-03-23,2026-03-23T05:30:33,2.7
BK0401,Bushwick (West),metro,2026-03-24,2026-03-24T05:30:33,7.8
BK0401,Bushwick (West),metro,2026-03-25,2026-03-25T05:30:33,7.6
BK0401,Bushwick (West),metro,2026-03-26,2026-03-26T05:30:33,8.1
BK0401,Bushwick (West),metro,2026-03-27,2026-03-27T05:30:33,6.8
BK0401,Bushwick (West),metro,2026-03-28,2026-03-28T05:30:33,7.7
BK0401,Bushwick (West),metro,2026-03-29,2026-03-29T05:30:33,7.3
BK0401,Bushwick (West),metro,2026-03-30,2026-03-30T05:30:33,8.5
BK0401,Bushwick (West),metro,2026-03-31,2026-03-31T05:30:32,5.9
BK0401,Bushwick (West),metro,2026-04-01,2026-04-01T05:30:32,7.5
BK0401,Bushwick (West),metro,2026-04-02,2026-04-02T05:30:32,5.4
BK0401,Bushwick (West),metro,2026-04-03,2026-04-03T05:30:33,9.1
BK0401,Bushwick (West),metro,2026-04-04,2026-04-04T05:30:33,9.4
BK0401,Bushwick (West),metro,2026-04-05,2026-04-05T05:30:32,6.5
BK0401,Bushwick (West),metro,2026-04-06,2026-04-06T05:30:33,10.2
BK0401,Bushwick (West),metro,2026-04-07,2026-04-07T05:30:33,10.1
BK0401,Bushwick (West),metro,2026-04-08,2026-04-08T05:30:33,9.2
BK0401,Bushwick (West),metro,2026-04-09,2026-04-09T05:30:33,9.3
BK0401,Bushwick (West),metro,2026-04-10,2026-04-10T05:30:33,10.4
BK0401,Bushwick (West),metro,2026-04-11,2026-04-11T05:30:32,11.2
BK0401,Bushwick (West),metro,2026-04-12,2026-04-12T05:30:31,10.1
BK0401,Bushwick (West),metro,2026-04-13,2026-04-13T05:30:30,10.7
BK0401,Bushwick (West),metro,2026-04-14,2026-04-14T05:30:30,11.8
BK0401,Bushwick (West),metro,2026-04-15,2026-04-15T05:30:32,11.7
BK0401,Bushwick (West),metro,2026-04-16,2026-04-16T05:30:33,11.7
BK0401,Bushwick (West),metro,2026-04-17,2026-04-17T05:30:33,11.6
BK0401,Bushwick (West),metro,2026-04-18,2026-04-18T05:30:32,11.3
BK0402,Bushwick (East),metro,2026-03-21,2026-03-21T05:30:33,6.8
BK0402,Bushwick (East),metro,2026-03-22,2026-03-22T05:30:33,6.6
BK0402,Bushwick (East),metro,2026-03-23,2026-03-23T05:30:33,2.7
BK0402,Bushwick (East),metro,2026-03-24,2026-03-24T05:30:33,7.8
BK0402,Bushwick (East),metro,2026-03-25,2026-03-25T05:30:33,7.6
BK0402,Bushwick (East),metro,2026-03-26,2026-03-26T05:30:33,8.1
BK0402,Bushwick (East),metro,2026-03-27,2026-03-27T05:30:33,6.8
BK0402,Bushwick (East),metro,2026-03-28,2026-03-28T05:30:33,7.7
BK0402,Bushwick (East),metro,2026-03-29,2026-03-29T05:30:33,7.3
BK0402,Bushwick (East),metro,2026-03-30,2026-03-30T05:30:33,8.5
BK0402,Bushwick (East),metro,2026-03-31,2026-03-31T05:30:32,5.9
BK0402,Bushwick (East),metro,2026-04-01,2026-04-01T05:30:32,7.5
BK0402,Bushwick (East),metro,2026-04-02,2026-04-02T05:30:32,5.4
BK0402,Bushwick (East),metro,2026-04-03,2026-04-03T05:30:33,9.1
BK0402,Bushwick (East),metro,2026-04-04,2026-04-04T05:30:33,9.4
BK0402,Bushwick (East),metro,2026-04-05,2026-04-05T05:30:32,6.5
BK0402,Bushwick (East),metro,2026-04-06,2026-04-06T05:30:33,10.2
BK0402,Bushwick (East),metro,2026-04-07,2026-04-07T05:30:33,10.1
BK0402,Bushwick (East),metro,2026-04-08,2026-04-08T05:30:33,9.2
BK0402,Bushwick (East),metro,2026-04-09,2026-04-09T05:30:33,9.3
BK0402,Bushwick (East),metro,2026-04-10,2026-04-10T05:30:33,10.4
BK0402,Bushwick (East),metro,2026-04-11,2026-04-11T05:30:32,11.2
BK0402,Bushwick (East),metro,2026-04-12,2026-04-12T05:30:31,10.1
BK0402,Bushwick (East),metro,2026-04-13,2026-04-13T05:30:30,10.7
BK0402,Bushwick (East),metro,2026-04-14,2026-04-14T05:30:30,11.8
BK0402,Bushwick (East),metro,2026-04-15,2026-04-15T05:30:32,11.7
BK0402,Bushwick (East),metro,2026-04-16,2026-04-16T05:30:33,11.7
BK0402,Bushwick (East),metro,2026-04-17,2026-04-17T05:30:33,11.6
BK0402,Bushwick (East),metro,2026-04-18,2026-04-18T05:30:32,11.3
BK0471,The Evergreens Cemetery,metro,2026-03-21,2026-03-21T05:30:33,6.8
BK0471,The Evergreens Cemetery,metro,2026-03-22,2026-03-22T05:30:33,6.6
BK0471,The Evergreens Cemetery,metro,2026-03-23,2026-03-23T05:30:33,2.7
BK0471,The Evergreens Cemetery,metro,2026-03-24,2026-03-24T05:30:33,7.8
BK0471,The Evergreens Cemetery,metro,2026-03-25,2026-03-25T05:30:33,7.6
BK0471,The Evergreens Cemetery,metro,2026-03-26,2026-03-26T05:30:33,8.1
BK0471,The Evergreens Cemetery,metro,2026-03-27,2026-03-27T05:30:33,6.8
BK0471,The Evergreens Cemetery,metro,2026-03-28,2026-03-28T05:30:33,7.7
BK0471,The Evergreens Cemetery,metro,2026-03-29,2026-03-29T05:30:33,7.3
BK0471,The Evergreens Cemetery,metro,2026-03-30,2026-03-30T05:30:33,8.5
BK0471,The Evergreens Cemetery,metro,2026-03-31,2026-03-31T05:30:32,5.9
BK0471,The Evergreens Cemetery,metro,2026-04-01,2026-04-01T05:30:32,7.5
BK0471,The Evergreens Cemetery,metro,2026-04-02,2026-04-02T05:30:32,5.4
BK0471,The Evergreens Cemetery,metro,2026-04-03,2026-04-03T05:30:33,9.1
BK0471,The Evergreens Cemetery,metro,2026-04-04,2026-04-04T05:30:33,9.4
BK0471,The Evergreens Cemetery,metro,2026-04-05,2026-04-05T05:30:32,6.5
BK0471,The Evergreens Cemetery,metro,2026-04-06,2026-04-06T05:30:33,10.2
BK0471,The Evergreens Cemetery,metro,2026-04-07,2026-04-07T05:30:33,10.1
BK0471,The Evergreens Cemetery,metro,2026-04-08,2026-04-08T05:30:33,9.2
BK0471,The Evergreens Cemetery,metro,2026-04-09,2026-04-09T05:30:33,9.3
BK0471,The Evergreens Cemetery,metro,2026-04-10,2026-04-10T05:30:33,10.4
BK0471,The Evergreens Cemetery,metro,2026-04-11,2026-04-11T05:30:32,11.2
BK0471,The Evergreens Cemetery,metro,2026-04-12,2026-04-12T05:30:31,10.1
BK0471,The Evergreens Cemetery,metro,2026-04-13,2026-04-13T05:30:30,10.7
BK0471,The Evergreens Cemetery,metro,2026-04-14,2026-04-14T05:30:30,11.8
BK0471,The Evergreens Cemetery,metro,2026-04-15,2026-04-15T05:30:32,11.7
BK0471,The Evergreens Cemetery,metro,2026-04-16,2026-04-16T05:30:33,11.7
BK0471,The Evergreens Cemetery,metro,2026-04-17,2026-04-17T05:30:33,11.6
BK0471,The Evergreens Cemetery,metro,2026-04-18,2026-04-18T05:30:32,11.3
BK0501,Cypress Hills,metro,2026-03-21,2026-03-21T05:30:33,6.8
BK0501,Cypress Hills,metro,2026-03-22,2026-03-22T05:30:33,6.6
BK0501,Cypress Hills,metro,2026-03-23,2026-03-23T05:30:33,2.7
BK0501,Cypress Hills,metro,2026-03-24,2026-03-24T05:30:33,7.8
BK0501,Cypress Hills,metro,2026-03-25,2026-03-25T05:30:33,7.6
BK0501,Cypress Hills,metro,2026-03-26,2026-03-26T05:30:33,8.1
BK0501,Cypress Hills,metro,2026-03-27,2026-03-27T05:30:33,6.8
BK0501,Cypress Hills,metro,2026-03-28,2026-03-28T05:30:33,7.7
BK0501,Cypress Hills,metro,2026-03-29,2026-03-29T05:30:33,7.3
BK0501,Cypress Hills,metro,2026-03-30,2026-03-30T05:30:33,8.5
BK0501,Cypress Hills,metro,2026-03-31,2026-03-31T05:30:32,5.9
BK0501,Cypress Hills,metro,2026-04-01,2026-04-01T05:30:32,7.5
BK0501,Cypress Hills,metro,2026-04-02,2026-04-02T05:30:32,5.4
BK0501,Cypress Hills,metro,2026-04-03,2026-04-03T05:30:33,9.1
BK0501,Cypress Hills,metro,2026-04-04,2026-04-04T05:30:33,9.4
BK0501,Cypress Hills,metro,2026-04-05,2026-04-05T05:30:32,6.5
BK0501,Cypress Hills,metro,2026-04-06,2026-04-06T05:30:33,10.2
BK0501,Cypress Hills,metro,2026-04-07,2026-04-07T05:30:33,10.1
BK0501,Cypress Hills,metro,2026-04-08,2026-04-08T05:30:33,9.2
BK0501,Cypress Hills,metro,2026-04-09,2026-04-09T05:30:33,9.3
BK0501,Cypress Hills,metro,2026-04-10,2026-04-10T05:30:33,10.4
BK0501,Cypress Hills,metro,2026-04-11,2026-04-11T05:30:32,11.2
BK0501,Cypress Hills,metro,2026-04-12,2026-04-12T05:30:31,10.1
BK0501,Cypress Hills,metro,2026-04-13,2026-04-13T05:30:30,10.7
BK0501,Cypress Hills,metro,2026-04-14,2026-04-14T05:30:30,11.8
BK0501,Cypress Hills,metro,2026-04-15,2026-04-15T05:30:32,11.7
BK0501,Cypress Hills,metro,2026-04-16,2026-04-16T05:30:33,11.7
BK0501,Cypress Hills,metro,2026-04-17,2026-04-17T05:30:33,11.6
BK0501,Cypress Hills,metro,2026-04-18,2026-04-18T05:30:32,11.3
BK0502,East New York (North),metro,2026-03-21,2026-03-21T05:30:33,6.8
BK0502,East New York (North),metro,2026-03-22,2026-03-22T05:30:33,6.6
BK0502,East New York (North),metro,2026-03-23,2026-03-23T05:30:33,2.7
BK0502,East New York (North),metro,2026-03-24,2026-03-24T05:30:33,7.8
BK0502,East New York (North),metro,2026-03-25,2026-03-25T05:30:33,7.6
BK0502,East New York (North),metro,2026-03-26,2026-03-26T05:30:33,8.1
BK0502,East New York (North),metro,2026-03-27,2026-03-27T05:30:33,6.8
BK0502,East New York (North),metro,2026-03-28,2026-03-28T05:30:33,7.7
BK0502,East New York (North),metro,2026-03-29,2026-03-29T05:30:33,7.3
BK0502,East New York (North),metro,2026-03-30,2026-03-30T05:30:33,8.5
BK0502,East New York (North),metro,2026-03-31,2026-03-31T05:30:32,5.9
BK0502,East New York (North),metro,2026-04-01,2026-04-01T05:30:32,7.5
BK0502,East New York (North),metro,2026-04-02,2026-04-02T05:30:32,5.4
BK0502,East New York (North),metro,2026-04-03,2026-04-03T05:30:33,9.1
BK0502,East New York (North),metro,2026-04-04,2026-04-04T05:30:33,9.4
BK0502,East New York (North),metro,2026-04-05,2026-04-05T05:30:32,6.5
BK0502,East New York (North),metro,2026-04-06,2026-04-06T05:30:33,10.2
BK0502,East New York (North),metro,2026-04-07,2026-04-07T05:30:33,10.1
BK0502,East New York (North),metro,2026-04-08,2026-04-08T05:30:33,9.2
BK0502,East New York (North),metro,2026-04-09,2026-04-09T05:30:33,9.3
BK0502,East New York (North),metro,2026-04-10,2026-04-10T05:30:33,10.4
BK0502,East New York (North),metro,2026-04-11,2026-04-11T05:30:32,11.2
BK0502,East New York (North),metro,2026-04-12,2026-04-12T05:30:31,10.1
BK0502,East New York (North),metro,2026-04-13,2026-04-13T05:30:30,10.7
BK0502,East New York (North),metro,2026-04-14,2026-04-14T05:30:30,11.8
BK0502,East New York (North),metro,2026-04-15,2026-04-15T05:30:32,11.7
BK0502,East New York (North),metro,2026-04-16,2026-04-16T05:30:33,11.7
BK0502,East New York (North),metro,2026-04-17,2026-04-17T05:30:33,11.6
BK0502,East New York (North),metro,2026-04-18,2026-04-18T05:30:32,11.3
BK0503,East New York-New Lots,metro,2026-03-21,2026-03-21T05:30:33,6.8
BK0503,East New York-New Lots,metro,2026-03-22,2026-03-22T05:30:33,6.6
BK0503,East New York-New Lots,metro,2026-03-23,2026-03-23T05:30:33,2.7
BK0503,East New York-New Lots,metro,2026-03-24,2026-03-24T05:30:33,7.8
BK0503,East New York-New Lots,metro,2026-03-25,2026-03-25T05:30:33,7.6
BK0503,East New York-New Lots,metro,2026-03-26,2026-03-26T05:30:33,8.1
BK0503,East New York-New Lots,metro,2026-03-27,2026-03-27T05:30:33,6.8
BK0503,East New York-New Lots,metro,2026-03-28,2026-03-28T05:30:33,7.7
BK0503,East New York-New Lots,metro,2026-03-29,2026-03-29T05:30:33,7.3
BK0503,East New York-New Lots,metro,2026-03-30,2026-03-30T05:30:33,8.5
BK0503,East New York-New Lots,metro,2026-03-31,2026-03-31T05:30:32,5.9
BK0503,East New York-New Lots,metro,2026-04-01,2026-04-01T05:30:32,7.5
BK0503,East New York-New Lots,metro,2026-04-02,2026-04-02T05:30:32,5.4
BK0503,East New York-New Lots,metro,2026-04-03,2026-04-03T05:30:33,9.1
BK0503,East New York-New Lots,metro,2026-04-04,2026-04-04T05:30:33,9.4
BK0503,East New York-New Lots,metro,2026-04-05,2026-04-05T05:30:32,6.5
BK0503,East New York-New Lots,metro,2026-04-06,2026-04-06T05:30:33,10.2
BK0503,East New York-New Lots,metro,2026-04-07,2026-04-07T05:30:33,10.1
BK0503,East New York-New Lots,metro,2026-04-08,2026-04-08T05:30:33,9.2
BK0503,East New York-New Lots,metro,2026-04-09,2026-04-09T05:30:33,9.3
BK0503,East New York-New Lots,metro,2026-04-10,2026-04-10T05:30:33,10.4
BK0503,East New York-New Lots,metro,2026-04-11,2026-04-11T05:30:32,11.2
BK0503,East New York-New Lots,metro,2026-04-12,2026-04-12T05:30:31,10.1
BK0503,East New York-New Lots,metro,2026-04-13,2026-04-13T05:30:30,10.7
BK0503,East New York-New Lots,metro,2026-04-14,2026-04-14T05:30:30,11.8
BK0503,East New York-New Lots,metro,2026-04-15,2026-04-15T05:30:32,11.7
BK0503,East New York-New Lots,metro,2026-04-16,2026-04-16T05:30:33,11.7
BK0503,East New York-New Lots,metro,2026-04-17,2026-04-17T05:30:33,11.6
BK0503,East New York-New Lots,metro,2026-04-18,2026-04-18T05:30:32,11.3
BK0504,Spring Creek-Starrett City,metro,2026-03-21,2026-03-21T05:30:33,6.8
BK0504,Spring Creek-Starrett City,metro,2026-03-22,2026-03-22T05:30:33,6.6
BK0504,Spring Creek-Starrett City,metro,2026-03-23,2026-03-23T05:30:33,2.7
BK0504,Spring Creek-Starrett City,metro,2026-03-24,2026-03-24T05:30:33,7.8
BK0504,Spring Creek-Starrett City,metro,2026-03-25,2026-03-25T05:30:33,7.6
BK0504,Spring Creek-Starrett City,metro,2026-03-26,2026-03-26T05:30:33,8.1
BK0504,Spring Creek-Starrett City,metro,2026-03-27,2026-03-27T05:30:33,6.8
BK0504,Spring Creek-Starrett City,metro,2026-03-28,2026-03-28T05:30:33,7.7
BK0504,Spring Creek-Starrett City,metro,2026-03-29,2026-03-29T05:30:33,7.3
BK0504,Spring Creek-Starrett City,metro,2026-03-30,2026-03-30T05:30:33,8.5
BK0504,Spring Creek-Starrett City,metro,2026-03-31,2026-03-31T05:30:32,5.9
BK0504,Spring Creek-Starrett City,metro,2026-04-01,2026-04-01T05:30:32,7.5
BK0504,Spring Creek-Starrett City,metro,2026-04-02,2026-04-02T05:30:32,5.4
BK0504,Spring Creek-Starrett City,metro,2026-04-03,2026-04-03T05:30:33,9.1
BK0504,Spring Creek-Starrett City,metro,2026-04-04,2026-04-04T05:30:33,9.4
BK0504,Spring Creek-Starrett City,metro,2026-04-05,2026-04-05T05:30:32,6.5
BK0504,Spring Creek-Starrett City,metro,2026-04-06,2026-04-06T05:30:33,10.2
BK0504,Spring Creek-Starrett City,metro,2026-04-07,2026-04-07T05:30:33,10.1
BK0504,Spring Creek-Starrett City,metro,2026-04-08,2026-04-08T05:30:33,9.2
BK0504,Spring Creek-Starrett City,metro,2026-04-09,2026-04-09T05:30:33,9.3
BK0504,Spring Creek-Starrett City,metro,2026-04-10,2026-04-10T05:30:33,10.4
BK0504,Spring Creek-Starrett City,metro,2026-04-11,2026-04-11T05:30:32,11.2
BK0504,Spring Creek-Starrett City,metro,2026-04-12,2026-04-12T05:30:31,10.1
BK0504,Spring Creek-Starrett City,metro,2026-04-13,2026-04-13T05:30:30,10.7
BK0504,Spring Creek-Starrett City,metro,2026-04-14,2026-04-14T05:30:30,11.8
BK0504,Spring Creek-Starrett City,metro,2026-04-15,2026-04-15T05:30:32,11.7
BK0504,Spring Creek-Starrett City,metro,2026-04-16,2026-04-16T05:30:33,11.7
BK0504,Spring Creek-Starrett City,metro,2026-04-17,2026-04-17T05:30:33,11.6
BK0504,Spring Creek-Starrett City,metro,2026-04-18,2026-04-18T05:30:32,11.3
BK0505,East New York-City Line,metro,2026-03-21,2026-03-21T05:30:33,6.8
BK0505,East New York-City Line,metro,2026-03-22,2026-03-22T05:30:33,6.6
BK0505,East New York-City Line,metro,2026-03-23,2026-03-23T05:30:33,2.7
BK0505,East New York-City Line,metro,2026-03-24,2026-03-24T05:30:33,7.8
BK0505,East New York-City Line,metro,2026-03-25,2026-03-25T05:30:33,7.6
BK0505,East New York-City Line,metro,2026-03-26,2026-03-26T05:30:33,8.1
BK0505,East New York-City Line,metro,2026-03-27,2026-03-27T05:30:33,6.8
BK0505,East New York-City Line,metro,2026-03-28,2026-03-28T05:30:33,7.7
BK0505,East New York-City Line,metro,2026-03-29,2026-03-29T05:30:33,7.3
BK0505,East New York-City Line,metro,2026-03-30,2026-03-30T05:30:33,8.5
BK0505,East New York-City Line,metro,2026-03-31,2026-03-31T05:30:32,5.9
BK0505,East New York-City Line,metro,2026-04-01,2026-04-01T05:30:32,7.5
BK0505,East New York-City Line,metro,2026-04-02,2026-04-02T05:30:32,5.4
BK0505,East New York-City Line,metro,2026-04-03,2026-04-03T05:30:33,9.1
BK0505,East New York-City Line,metro,2026-04-04,2026-04-04T05:30:33,9.4
BK0505,East New York-City Line,metro,2026-04-05,2026-04-05T05:30:32,6.5
BK0505,East New York-City Line,metro,2026-04-06,2026-04-06T05:30:33,10.2
BK0505,East New York-City Line,metro,2026-04-07,2026-04-07T05:30:33,10.1
BK0505,East New York-City Line,metro,2026-04-08,2026-04-08T05:30:33,9.2
BK0505,East New York-City Line,metro,2026-04-09,2026-04-09T05:30:33,9.3
BK0505,East New York-City Line,metro,2026-04-10,2026-04-10T05:30:33,10.4
BK0505,East New York-City Line,metro,2026-04-11,2026-04-11T05:30:32,11.2
BK0505,East New York-City Line,metro,2026-04-12,2026-04-12T05:30:31,10.1
BK0505,East New York-City Line,metro,2026-04-13,2026-04-13T05:30:30,10.7
BK0505,East New York-City Line,metro,2026-04-14,2026-04-14T05:30:30,11.8
BK0505,East New York-City Line,metro,2026-04-15,2026-04-15T05:30:32,11.7
BK0505,East New York-City Line,metro,2026-04-16,2026-04-16T05:30:33,11.7
BK0505,East New York-City Line,metro,2026-04-17,2026-04-17T05:30:33,11.6
BK0505,East New York-City Line,metro,2026-04-18,2026-04-18T05:30:32,11.3
BK0571,Highland Park-Cypress Hills Cemeteries (South),metro,2026-03-21,2026-03-21T05:30:33,6.8
BK0571,Highland Park-Cypress Hills Cemeteries (South),metro,2026-03-22,2026-03-22T05:30:33,6.6
BK0571,Highland Park-Cypress Hills Cemeteries (South),metro,2026-03-23,2026-03-23T05:30:33,2.7
BK0571,Highland Park-Cypress Hills Cemeteries (South),metro,2026-03-24,2026-03-24T05:30:33,7.8
BK0571,Highland Park-Cypress Hills Cemeteries (South),metro,2026-03-25,2026-03-25T05:30:33,7.6
BK0571,Highland Park-Cypress Hills Cemeteries (South),metro,2026-03-26,2026-03-26T05:30:33,8.1
BK0571,Highland Park-Cypress Hills Cemeteries (South),metro,2026-03-27,2026-03-27T05:30:33,6.8
BK0571,Highland Park-Cypress Hills Cemeteries (South),metro,2026-03-28,2026-03-28T05:30:33,7.7
BK0571,Highland Park-Cypress Hills Cemeteries (South),metro,2026-03-29,2026-03-29T05:30:33,7.3
BK0571,Highland Park-Cypress Hills Cemeteries (South),metro,2026-03-30,2026-03-30T05:30:33,8.5
BK0571,Highland Park-Cypress Hills Cemeteries (South),metro,2026-03-31,2026-03-31T05:30:32,5.9
BK0571,Highland Park-Cypress Hills Cemeteries (South),metro,2026-04-01,2026-04-01T05:30:32,7.5
BK0571,Highland Park-Cypress Hills Cemeteries (South),metro,2026-04-02,2026-04-02T05:30:32,5.4
BK0571,Highland Park-Cypress Hills Cemeteries (South),metro,2026-04-03,2026-04-03T05:30:33,9.1
BK0571,Highland Park-Cypress Hills Cemeteries (South),metro,2026-04-04,2026-04-04T05:30:33,9.4
BK0571,Highland Park-Cypress Hills Cemeteries (South),metro,2026-04-05,2026-04-05T05:30:32,6.5
BK0571,Highland Park-Cypress Hills Cemeteries (South),metro,2026-04-06,2026-04-06T05:30:33,10.2
BK0571,Highland Park-Cypress Hills Cemeteries (South),metro,2026-04-07,2026-04-07T05:30:33,10.1
BK0571,Highland Park-Cypress Hills Cemeteries (South),metro,2026-04-08,2026-04-08T05:30:33,9.2
BK0571,Highland Park-Cypress Hills Cemeteries (South),metro,2026-04-09,2026-04-09T05:30:33,9.3
BK0571,Highland Park-Cypress Hills Cemeteries (South),metro,2026-04-10,2026-04-10T05:30:33,10.4
BK0571,Highland Park-Cypress Hills Cemeteries (South),metro,2026-04-11,2026-04-11T05:30:32,11.2
BK0571,Highland Park-Cypress Hills Cemeteries (South),metro,2026-04-12,2026-04-12T05:30:31,10.1
BK0571,Highland Park-Cypress Hills Cemeteries (South),metro,2026-04-13,2026-04-13T05:30:30,10.7
BK0571,Highland Park-Cypress Hills Cemeteries (South),metro,2026-04-14,2026-04-14T05:30:30,11.8
BK0571,Highland Park-Cypress Hills Cemeteries (South),metro,2026-04-15,2026-04-15T05:30:32,11.7
BK0571,Highland Park-Cypress Hills Cemeteries (South),metro,2026-04-16,2026-04-16T05:30:33,11.7
BK0571,Highland Park-Cypress Hills Cemeteries (South),metro,2026-04-17,2026-04-17T05:30:33,11.6
BK0571,Highland Park-Cypress Hills Cemeteries (South),metro,2026-04-18,2026-04-18T05:30:32,11.3
BK0601,Carroll Gardens-Cobble Hill-Gowanus-Red Hook,metro,2026-03-21,2026-03-21T05:30:33,6.8
BK0601,Carroll Gardens-Cobble Hill-Gowanus-Red Hook,metro,2026-03-22,2026-03-22T05:30:33,6.6
BK0601,Carroll Gardens-Cobble Hill-Gowanus-Red Hook,metro,2026-03-23,2026-03-23T05:30:33,2.7
BK0601,Carroll Gardens-Cobble Hill-Gowanus-Red Hook,metro,2026-03-24,2026-03-24T05:30:33,7.8
BK0601,Carroll Gardens-Cobble Hill-Gowanus-Red Hook,metro,2026-03-25,2026-03-25T05:30:33,7.6
BK0601,Carroll Gardens-Cobble Hill-Gowanus-Red Hook,metro,2026-03-26,2026-03-26T05:30:33,8.1
BK0601,Carroll Gardens-Cobble Hill-Gowanus-Red Hook,metro,2026-03-27,2026-03-27T05:30:33,6.8
BK0601,Carroll Gardens-Cobble Hill-Gowanus-Red Hook,metro,2026-03-28,2026-03-28T05:30:33,7.7
BK0601,Carroll Gardens-Cobble Hill-Gowanus-Red Hook,metro,2026-03-29,2026-03-29T05:30:33,7.3
BK0601,Carroll Gardens-Cobble Hill-Gowanus-Red Hook,metro,2026-03-30,2026-03-30T05:30:33,8.5
BK0601,Carroll Gardens-Cobble Hill-Gowanus-Red Hook,metro,2026-03-31,2026-03-31T05:30:32,5.9
BK0601,Carroll Gardens-Cobble Hill-Gowanus-Red Hook,metro,2026-04-01,2026-04-01T05:30:32,7.5
BK0601,Carroll Gardens-Cobble Hill-Gowanus-Red Hook,metro,2026-04-02,2026-04-02T05:30:32,5.4
BK0601,Carroll Gardens-Cobble Hill-Gowanus-Red Hook,metro,2026-04-03,2026-04-03T05:30:33,9.1
BK0601,Carroll Gardens-Cobble Hill-Gowanus-Red Hook,metro,2026-04-04,2026-04-04T05:30:33,9.4
BK0601,Carroll Gardens-Cobble Hill-Gowanus-Red Hook,metro,2026-04-05,2026-04-05T05:30:32,6.5
BK0601,Carroll Gardens-Cobble Hill-Gowanus-Red Hook,metro,2026-04-06,2026-04-06T05:30:33,10.2
BK0601,Carroll Gardens-Cobble Hill-Gowanus-Red Hook,metro,2026-04-07,2026-04-07T05:30:33,10.1
BK0601,Carroll Gardens-Cobble Hill-Gowanus-Red Hook,metro,2026-04-08,2026-04-08T05:30:33,9.2
BK0601,Carroll Gardens-Cobble Hill-Gowanus-Red Hook,metro,2026-04-09,2026-04-09T05:30:33,9.3
BK0601,Carroll Gardens-Cobble Hill-Gowanus-Red Hook,metro,2026-04-10,2026-04-10T05:30:33,10.4
BK0601,Carroll Gardens-Cobble Hill-Gowanus-Red Hook,metro,2026-04-11,2026-04-11T05:30:32,11.2
BK0601,Carroll Gardens-Cobble Hill-Gowanus-Red Hook,metro,2026-04-12,2026-04-12T05:30:31,10.1
BK0601,Carroll Gardens-Cobble Hill-Gowanus-Red Hook,metro,2026-04-13,2026-04-13T05:30:30,10.7
BK0601,Carroll Gardens-Cobble Hill-Gowanus-Red Hook,metro,2026-04-14,2026-04-14T05:30:30,11.8
BK0601,Carroll Gardens-Cobble Hill-Gowanus-Red Hook,metro,2026-04-15,2026-04-15T05:30:32,11.7
BK0601,Carroll Gardens-Cobble Hill-Gowanus-Red Hook,metro,2026-04-16,2026-04-16T05:30:33,11.7
BK0601,Carroll Gardens-Cobble Hill-Gowanus-Red Hook,metro,2026-04-17,2026-04-17T05:30:33,11.6
BK0601,Carroll Gardens-Cobble Hill-Gowanus-Red Hook,metro,2026-04-18,2026-04-18T05:30:32,11.3
BK0602,Park Slope,metro,2026-03-21,2026-03-21T05:30:33,6.8
BK0602,Park Slope,metro,2026-03-22,2026-03-22T05:30:33,6.6
BK0602,Park Slope,metro,2026-03-23,2026-03-23T05:30:33,2.7
BK0602,Park Slope,metro,2026-03-24,2026-03-24T05:30:33,7.8
BK0602,Park Slope,metro,2026-03-25,2026-03-25T05:30:33,7.6
BK0602,Park Slope,metro,2026-03-26,2026-03-26T05:30:33,8.1
BK0602,Park Slope,metro,2026-03-27,2026-03-27T05:30:33,6.8
BK0602,Park Slope,metro,2026-03-28,2026-03-28T05:30:33,7.7
BK0602,Park Slope,metro,2026-03-29,2026-03-29T05:30:33,7.3
BK0602,Park Slope,metro,2026-03-30,2026-03-30T05:30:33,8.5
BK0602,Park Slope,metro,2026-03-31,2026-03-31T05:30:32,5.9
BK0602,Park Slope,metro,2026-04-01,2026-04-01T05:30:32,7.5
BK0602,Park Slope,metro,2026-04-02,2026-04-02T05:30:32,5.4
BK0602,Park Slope,metro,2026-04-03,2026-04-03T05:30:33,9.1
BK0602,Park Slope,metro,2026-04-04,2026-04-04T05:30:33,9.4
BK0602,Park Slope,metro,2026-04-05,2026-04-05T05:30:32,6.5
BK0602,Park Slope,metro,2026-04-06,2026-04-06T05:30:33,10.2
BK0602,Park Slope,metro,2026-04-07,2026-04-07T05:30:33,10.1
BK0602,Park Slope,metro,2026-04-08,2026-04-08T05:30:33,9.2
BK0602,Park Slope,metro,2026-04-09,2026-04-09T05:30:33,9.3
BK0602,Park Slope,metro,2026-04-10,2026-04-10T05:30:33,10.4
BK0602,Park Slope,metro,2026-04-11,2026-04-11T05:30:32,11.2
BK0602,Park Slope,metro,2026-04-12,2026-04-12T05:30:31,10.1
BK0602,Park Slope,metro,2026-04-13,2026-04-13T05:30:30,10.7
BK0602,Park Slope,metro,2026-04-14,2026-04-14T05:30:30,11.8
BK0602,Park Slope,metro,2026-04-15,2026-04-15T05:30:32,11.7
BK0602,Park Slope,metro,2026-04-16,2026-04-16T05:30:33,11.7
BK0602,Park Slope,metro,2026-04-17,2026-04-17T05:30:33,11.6
BK0602,Park Slope,metro,2026-04-18,2026-04-18T05:30:32,11.3
BK0701,Windsor Terrace-South Slope,metro,2026-03-21,2026-03-21T05:30:33,6.8
BK0701,Windsor Terrace-South Slope,metro,2026-03-22,2026-03-22T05:30:33,6.6
BK0701,Windsor Terrace-South Slope,metro,2026-03-23,2026-03-23T05:30:33,2.7
BK0701,Windsor Terrace-South Slope,metro,2026-03-24,2026-03-24T05:30:33,7.8
BK0701,Windsor Terrace-South Slope,metro,2026-03-25,2026-03-25T05:30:33,7.6
BK0701,Windsor Terrace-South Slope,metro,2026-03-26,2026-03-26T05:30:33,8.1
BK0701,Windsor Terrace-South Slope,metro,2026-03-27,2026-03-27T05:30:33,6.8
BK0701,Windsor Terrace-South Slope,metro,2026-03-28,2026-03-28T05:30:33,7.7
BK0701,Windsor Terrace-South Slope,metro,2026-03-29,2026-03-29T05:30:33,7.3
BK0701,Windsor Terrace-South Slope,metro,2026-03-30,2026-03-30T05:30:33,8.5
BK0701,Windsor Terrace-South Slope,metro,2026-03-31,2026-03-31T05:30:32,5.9
BK0701,Windsor Terrace-South Slope,metro,2026-04-01,2026-04-01T05:30:32,7.5
BK0701,Windsor Terrace-South Slope,metro,2026-04-02,2026-04-02T05:30:32,5.4
BK0701,Windsor Terrace-South Slope,metro,2026-04-03,2026-04-03T05:30:33,9.1
BK0701,Windsor Terrace-South Slope,metro,2026-04-04,2026-04-04T05:30:33,9.4
BK0701,Windsor Terrace-South Slope,metro,2026-04-05,2026-04-05T05:30:32,6.5
BK0701,Windsor Terrace-South Slope,metro,2026-04-06,2026-04-06T05:30:33,10.2
BK0701,Windsor Terrace-South Slope,metro,2026-04-07,2026-04-07T05:30:33,10.1
BK0701,Windsor Terrace-South Slope,metro,2026-04-08,2026-04-08T05:30:33,9.2
BK0701,Windsor Terrace-South Slope,metro,2026-04-09,2026-04-09T05:30:33,9.3
BK0701,Windsor Terrace-South Slope,metro,2026-04-10,2026-04-10T05:30:33,10.4
BK0701,Windsor Terrace-South Slope,metro,2026-04-11,2026-04-11T05:30:32,11.2
BK0701,Windsor Terrace-South Slope,metro,2026-04-12,2026-04-12T05:30:31,10.1
BK0701,Windsor Terrace-South Slope,metro,2026-04-13,2026-04-13T05:30:30,10.7
BK0701,Windsor Terrace-South Slope,metro,2026-04-14,2026-04-14T05:30:30,11.8
BK0701,Windsor Terrace-South Slope,metro,2026-04-15,2026-04-15T05:30:32,11.7
BK0701,Windsor Terrace-South Slope,metro,2026-04-16,2026-04-16T05:30:33,11.7
BK0701,Windsor Terrace-South Slope,metro,2026-04-17,2026-04-17T05:30:33,11.6
BK0701,Windsor Terrace-South Slope,metro,2026-04-18,2026-04-18T05:30:32,11.3
BK0702,Sunset Park (West),metro,2026-03-21,2026-03-21T05:30:33,6.8
BK0702,Sunset Park (West),metro,2026-03-22,2026-03-22T05:30:33,6.6
BK0702,Sunset Park (West),metro,2026-03-23,2026-03-23T05:30:33,2.7
BK0702,Sunset Park (West),metro,2026-03-24,2026-03-24T05:30:33,7.8
BK0702,Sunset Park (West),metro,2026-03-25,2026-03-25T05:30:33,7.6
BK0702,Sunset Park (West),metro,2026-03-26,2026-03-26T05:30:33,8.1
BK0702,Sunset Park (West),metro,2026-03-27,2026-03-27T05:30:33,6.8
BK0702,Sunset Park (West),metro,2026-03-28,2026-03-28T05:30:33,7.7
BK0702,Sunset Park (West),metro,2026-03-29,2026-03-29T05:30:33,7.3
BK0702,Sunset Park (West),metro,2026-03-30,2026-03-30T05:30:33,8.5
BK0702,Sunset Park (West),metro,2026-03-31,2026-03-31T05:30:32,5.9
BK0702,Sunset Park (West),metro,2026-04-01,2026-04-01T05:30:32,7.5
BK0702,Sunset Park (West),metro,2026-04-02,2026-04-02T05:30:32,5.4
BK0702,Sunset Park (West),metro,2026-04-03,2026-04-03T05:30:33,9.1
BK0702,Sunset Park (West),metro,2026-04-04,2026-04-04T05:30:33,9.4
BK0702,Sunset Park (West),metro,2026-04-05,2026-04-05T05:30:32,6.5
BK0702,Sunset Park (West),metro,2026-04-06,2026-04-06T05:30:33,10.2
BK0702,Sunset Park (West),metro,2026-04-07,2026-04-07T05:30:33,10.1
BK0702,Sunset Park (West),metro,2026-04-08,2026-04-08T05:30:33,9.2
BK0702,Sunset Park (West),metro,2026-04-09,2026-04-09T05:30:33,9.3
BK0702,Sunset Park (West),metro,2026-04-10,2026-04-10T05:30:33,10.4
BK0702,Sunset Park (West),metro,2026-04-11,2026-04-11T05:30:32,11.2
BK0702,Sunset Park (West),metro,2026-04-12,2026-04-12T05:30:31,10.1
BK0702,Sunset Park (West),metro,2026-04-13,2026-04-13T05:30:30,10.7
BK0702,Sunset Park (West),metro,2026-04-14,2026-04-14T05:30:30,11.8
BK0702,Sunset Park (West),metro,2026-04-15,2026-04-15T05:30:32,11.7
BK0702,Sunset Park (West),metro,2026-04-16,2026-04-16T05:30:33,11.7
BK0702,Sunset Park (West),metro,2026-04-17,2026-04-17T05:30:33,11.6
BK0702,Sunset Park (West),metro,2026-04-18,2026-04-18T05:30:32,11.3
BK0703,Sunset Park (Central),metro,2026-03-21,2026-03-21T05:30:33,6.8
BK0703,Sunset Park (Central),metro,2026-03-22,2026-03-22T05:30:33,6.6
BK0703,Sunset Park (Central),metro,2026-03-23,2026-03-23T05:30:33,2.7
BK0703,Sunset Park (Central),metro,2026-03-24,2026-03-24T05:30:33,7.8
BK0703,Sunset Park (Central),metro,2026-03-25,2026-03-25T05:30:33,7.6
BK0703,Sunset Park (Central),metro,2026-03-26,2026-03-26T05:30:33,8.1
BK0703,Sunset Park (Central),metro,2026-03-27,2026-03-27T05:30:33,6.8
BK0703,Sunset Park (Central),metro,2026-03-28,2026-03-28T05:30:33,7.7
BK0703,Sunset Park (Central),metro,2026-03-29,2026-03-29T05:30:33,7.3
BK0703,Sunset Park (Central),metro,2026-03-30,2026-03-30T05:30:33,8.5
BK0703,Sunset Park (Central),metro,2026-03-31,2026-03-31T05:30:32,5.9
BK0703,Sunset Park (Central),metro,2026-04-01,2026-04-01T05:30:32,7.5
BK0703,Sunset Park (Central),metro,2026-04-02,2026-04-02T05:30:32,5.4
BK0703,Sunset Park (Central),metro,2026-04-03,2026-04-03T05:30:33,9.1
BK0703,Sunset Park (Central),metro,2026-04-04,2026-04-04T05:30:33,9.4
BK0703,Sunset Park (Central),metro,2026-04-05,2026-04-05T05:30:32,6.5
BK0703,Sunset Park (Central),metro,2026-04-06,2026-04-06T05:30:33,10.2
BK0703,Sunset Park (Central),metro,2026-04-07,2026-04-07T05:30:33,10.1
BK0703,Sunset Park (Central),metro,2026-04-08,2026-04-08T05:30:33,9.2
BK0703,Sunset Park (Central),metro,2026-04-09,2026-04-09T05:30:33,9.3
BK0703,Sunset Park (Central),metro,2026-04-10,2026-04-10T05:30:33,10.4
BK0703,Sunset Park (Central),metro,2026-04-11,2026-04-11T05:30:32,11.2
BK0703,Sunset Park (Central),metro,2026-04-12,2026-04-12T05:30:31,10.1
BK0703,Sunset Park (Central),metro,2026-04-13,2026-04-13T05:30:30,10.7
BK0703,Sunset Park (Central),metro,2026-04-14,2026-04-14T05:30:30,11.8
BK0703,Sunset Park (Central),metro,2026-04-15,2026-04-15T05:30:32,11.7
BK0703,Sunset Park (Central),metro,2026-04-16,2026-04-16T05:30:33,11.7
BK0703,Sunset Park (Central),metro,2026-04-17,2026-04-17T05:30:33,11.6
BK0703,Sunset Park (Central),metro,2026-04-18,2026-04-18T05:30:32,11.3
BK0771,Green-Wood Cemetery,metro,2026-03-21,2026-03-21T05:30:33,6.8
BK0771,Green-Wood Cemetery,metro,2026-03-22,2026-03-22T05:30:33,6.6
BK0771,Green-Wood Cemetery,metro,2026-03-23,2026-03-23T05:30:33,2.7
BK0771,Green-Wood Cemetery,metro,2026-03-24,2026-03-24T05:30:33,7.8
BK0771,Green-Wood Cemetery,metro,2026-03-25,2026-03-25T05:30:33,7.6
BK0771,Green-Wood Cemetery,metro,2026-03-26,2026-03-26T05:30:33,8.1
BK0771,Green-Wood Cemetery,metro,2026-03-27,2026-03-27T05:30:33,6.8
BK0771,Green-Wood Cemetery,metro,2026-03-28,2026-03-28T05:30:33,7.7
BK0771,Green-Wood Cemetery,metro,2026-03-29,2026-03-29T05:30:33,7.3
BK0771,Green-Wood Cemetery,metro,2026-03-30,2026-03-30T05:30:33,8.5
BK0771,Green-Wood Cemetery,metro,2026-03-31,2026-03-31T05:30:32,5.9
BK0771,Green-Wood Cemetery,metro,2026-04-01,2026-04-01T05:30:32,7.5
BK0771,Green-Wood Cemetery,metro,2026-04-02,2026-04-02T05:30:32,5.4
BK0771,Green-Wood Cemetery,metro,2026-04-03,2026-04-03T05:30:33,9.1
BK0771,Green-Wood Cemetery,metro,2026-04-04,2026-04-04T05:30:33,9.4
BK0771,Green-Wood Cemetery,metro,2026-04-05,2026-04-05T05:30:32,6.5
BK0771,Green-Wood Cemetery,metro,2026-04-06,2026-04-06T05:30:33,10.2
BK0771,Green-Wood Cemetery,metro,2026-04-07,2026-04-07T05:30:33,10.1
BK0771,Green-Wood Cemetery,metro,2026-04-08,2026-04-08T05:30:33,9.2
BK0771,Green-Wood Cemetery,metro,2026-04-09,2026-04-09T05:30:33,9.3
BK0771,Green-Wood Cemetery,metro,2026-04-10,2026-04-10T05:30:33,10.4
BK0771,Green-Wood Cemetery,metro,2026-04-11,2026-04-11T05:30:32,11.2
BK0771,Green-Wood Cemetery,metro,2026-04-12,2026-04-12T05:30:31,10.1
BK0771,Green-Wood Cemetery,metro,2026-04-13,2026-04-13T05:30:30,10.7
BK0771,Green-Wood Cemetery,metro,2026-04-14,2026-04-14T05:30:30,11.8
BK0771,Green-Wood Cemetery,metro,2026-04-15,2026-04-15T05:30:32,11.7
BK0771,Green-Wood Cemetery,metro,2026-04-16,2026-04-16T05:30:33,11.7
BK0771,Green-Wood Cemetery,metro,2026-04-17,2026-04-17T05:30:33,11.6
BK0771,Green-Wood Cemetery,metro,2026-04-18,2026-04-18T05:30:32,11.3
BK0801,Prospect Heights,metro,2026-03-21,2026-03-21T05:30:33,6.8
BK0801,Prospect Heights,metro,2026-03-22,2026-03-22T05:30:33,6.6
BK0801,Prospect Heights,metro,2026-03-23,2026-03-23T05:30:33,2.7
BK0801,Prospect Heights,metro,2026-03-24,2026-03-24T05:30:33,7.8
BK0801,Prospect Heights,metro,2026-03-25,2026-03-25T05:30:33,7.6
BK0801,Prospect Heights,metro,2026-03-26,2026-03-26T05:30:33,8.1
BK0801,Prospect Heights,metro,2026-03-27,2026-03-27T05:30:33,6.8
BK0801,Prospect Heights,metro,2026-03-28,2026-03-28T05:30:33,7.7
BK0801,Prospect Heights,metro,2026-03-29,2026-03-29T05:30:33,7.3
BK0801,Prospect Heights,metro,2026-03-30,2026-03-30T05:30:33,8.5
BK0801,Prospect Heights,metro,2026-03-31,2026-03-31T05:30:32,5.9
BK0801,Prospect Heights,metro,2026-04-01,2026-04-01T05:30:32,7.5
BK0801,Prospect Heights,metro,2026-04-02,2026-04-02T05:30:32,5.4
BK0801,Prospect Heights,metro,2026-04-03,2026-04-03T05:30:33,9.1
BK0801,Prospect Heights,metro,2026-04-04,2026-04-04T05:30:33,9.4
BK0801,Prospect Heights,metro,2026-04-05,2026-04-05T05:30:32,6.5
BK0801,Prospect Heights,metro,2026-04-06,2026-04-06T05:30:33,10.2
BK0801,Prospect Heights,metro,2026-04-07,2026-04-07T05:30:33,10.1
BK0801,Prospect Heights,metro,2026-04-08,2026-04-08T05:30:33,9.2
BK0801,Prospect Heights,metro,2026-04-09,2026-04-09T05:30:33,9.3
BK0801,Prospect Heights,metro,2026-04-10,2026-04-10T05:30:33,10.4
BK0801,Prospect Heights,metro,2026-04-11,2026-04-11T05:30:32,11.2
BK0801,Prospect Heights,metro,2026-04-12,2026-04-12T05:30:31,10.1
BK0801,Prospect Heights,metro,2026-04-13,2026-04-13T05:30:30,10.7
BK0801,Prospect Heights,metro,2026-04-14,2026-04-14T05:30:30,11.8
BK0801,Prospect Heights,metro,2026-04-15,2026-04-15T05:30:32,11.7
BK0801,Prospect Heights,metro,2026-04-16,2026-04-16T05:30:33,11.7
BK0801,Prospect Heights,metro,2026-04-17,2026-04-17T05:30:33,11.6
BK0801,Prospect Heights,metro,2026-04-18,2026-04-18T05:30:32,11.3
BK0802,Crown Heights (North),metro,2026-03-21,2026-03-21T05:30:33,6.8
BK0802,Crown Heights (North),metro,2026-03-22,2026-03-22T05:30:33,6.6
BK0802,Crown Heights (North),metro,2026-03-23,2026-03-23T05:30:33,2.7
BK0802,Crown Heights (North),metro,2026-03-24,2026-03-24T05:30:33,7.8
BK0802,Crown Heights (North),metro,2026-03-25,2026-03-25T05:30:33,7.6
BK0802,Crown Heights (North),metro,2026-03-26,2026-03-26T05:30:33,8.1
BK0802,Crown Heights (North),metro,2026-03-27,2026-03-27T05:30:33,6.8
BK0802,Crown Heights (North),metro,2026-03-28,2026-03-28T05:30:33,7.7
BK0802,Crown Heights (North),metro,2026-03-29,2026-03-29T05:30:33,7.3
BK0802,Crown Heights (North),metro,2026-03-30,2026-03-30T05:30:33,8.5
BK0802,Crown Heights (North),metro,2026-03-31,2026-03-31T05:30:32,5.9
BK0802,Crown Heights (North),metro,2026-04-01,2026-04-01T05:30:32,7.5
BK0802,Crown Heights (North),metro,2026-04-02,2026-04-02T05:30:32,5.4
BK0802,Crown Heights (North),metro,2026-04-03,2026-04-03T05:30:33,9.1
BK0802,Crown Heights (North),metro,2026-04-04,2026-04-04T05:30:33,9.4
BK0802,Crown Heights (North),metro,2026-04-05,2026-04-05T05:30:32,6.5
BK0802,Crown Heights (North),metro,2026-04-06,2026-04-06T05:30:33,10.2
BK0802,Crown Heights (North),metro,2026-04-07,2026-04-07T05:30:33,10.1
BK0802,Crown Heights (North),metro,2026-04-08,2026-04-08T05:30:33,9.2
BK0802,Crown Heights (North),metro,2026-04-09,2026-04-09T05:30:33,9.3
BK0802,Crown Heights (North),metro,2026-04-10,2026-04-10T05:30:33,10.4
BK0802,Crown Heights (North),metro,2026-04-11,2026-04-11T05:30:32,11.2
BK0802,Crown Heights (North),metro,2026-04-12,2026-04-12T05:30:31,10.1
BK0802,Crown Heights (North),metro,2026-04-13,2026-04-13T05:30:30,10.7
BK0802,Crown Heights (North),metro,2026-04-14,2026-04-14T05:30:30,11.8
BK0802,Crown Heights (North),metro,2026-04-15,2026-04-15T05:30:32,11.7
BK0802,Crown Heights (North),metro,2026-04-16,2026-04-16T05:30:33,11.7
BK0802,Crown Heights (North),metro,2026-04-17,2026-04-17T05:30:33,11.6
BK0802,Crown Heights (North),metro,2026-04-18,2026-04-18T05:30:32,11.3
BK0891,Lincoln Terrace Park,metro,2026-03-21,2026-03-21T05:30:33,6.8
BK0891,Lincoln Terrace Park,metro,2026-03-22,2026-03-22T05:30:33,6.6
BK0891,Lincoln Terrace Park,metro,2026-03-23,2026-03-23T05:30:33,2.7
BK0891,Lincoln Terrace Park,metro,2026-03-24,2026-03-24T05:30:33,7.8
BK0891,Lincoln Terrace Park,metro,2026-03-25,2026-03-25T05:30:33,7.6
BK0891,Lincoln Terrace Park,metro,2026-03-26,2026-03-26T05:30:33,8.1
BK0891,Lincoln Terrace Park,metro,2026-03-27,2026-03-27T05:30:33,6.8
BK0891,Lincoln Terrace Park,metro,2026-03-28,2026-03-28T05:30:33,7.7
BK0891,Lincoln Terrace Park,metro,2026-03-29,2026-03-29T05:30:33,7.3
BK0891,Lincoln Terrace Park,metro,2026-03-30,2026-03-30T05:30:33,8.5
BK0891,Lincoln Terrace Park,metro,2026-03-31,2026-03-31T05:30:32,5.9
BK0891,Lincoln Terrace Park,metro,2026-04-01,2026-04-01T05:30:32,7.5
BK0891,Lincoln Terrace Park,metro,2026-04-02,2026-04-02T05:30:32,5.4
BK0891,Lincoln Terrace Park,metro,2026-04-03,2026-04-03T05:30:33,9.1
BK0891,Lincoln Terrace Park,metro,2026-04-04,2026-04-04T05:30:33,9.4
BK0891,Lincoln Terrace Park,metro,2026-04-05,2026-04-05T05:30:32,6.5
BK0891,Lincoln Terrace Park,metro,2026-04-06,2026-04-06T05:30:33,10.2
BK0891,Lincoln Terrace Park,metro,2026-04-07,2026-04-07T05:30:33,10.1
BK0891,Lincoln Terrace Park,metro,2026-04-08,2026-04-08T05:30:33,9.2
BK0891,Lincoln Terrace Park,metro,2026-04-09,2026-04-09T05:30:33,9.3
BK0891,Lincoln Terrace Park,metro,2026-04-10,2026-04-10T05:30:33,10.4
BK0891,Lincoln Terrace Park,metro,2026-04-11,2026-04-11T05:30:32,11.2
BK0891,Lincoln Terrace Park,metro,2026-04-12,2026-04-12T05:30:31,10.1
BK0891,Lincoln Terrace Park,metro,2026-04-13,2026-04-13T05:30:30,10.7
BK0891,Lincoln Terrace Park,metro,2026-04-14,2026-04-14T05:30:30,11.8
BK0891,Lincoln Terrace Park,metro,2026-04-15,2026-04-15T05:30:32,11.7
BK0891,Lincoln Terrace Park,metro,2026-04-16,2026-04-16T05:30:33,11.7
BK0891,Lincoln Terrace Park,metro,2026-04-17,2026-04-17T05:30:33,11.6
BK0891,Lincoln Terrace Park,metro,2026-04-18,2026-04-18T05:30:32,11.3
BK0901,Crown Heights (South),metro,2026-03-21,2026-03-21T05:30:33,6.8
BK0901,Crown Heights (South),metro,2026-03-22,2026-03-22T05:30:33,6.6
BK0901,Crown Heights (South),metro,2026-03-23,2026-03-23T05:30:33,2.7
BK0901,Crown Heights (South),metro,2026-03-24,2026-03-24T05:30:33,7.8
BK0901,Crown Heights (South),metro,2026-03-25,2026-03-25T05:30:33,7.6
BK0901,Crown Heights (South),metro,2026-03-26,2026-03-26T05:30:33,8.1
BK0901,Crown Heights (South),metro,2026-03-27,2026-03-27T05:30:33,6.8
BK0901,Crown Heights (South),metro,2026-03-28,2026-03-28T05:30:33,7.7
BK0901,Crown Heights (South),metro,2026-03-29,2026-03-29T05:30:33,7.3
BK0901,Crown Heights (South),metro,2026-03-30,2026-03-30T05:30:33,8.5
BK0901,Crown Heights (South),metro,2026-03-31,2026-03-31T05:30:32,5.9
BK0901,Crown Heights (South),metro,2026-04-01,2026-04-01T05:30:32,7.5
BK0901,Crown Heights (South),metro,2026-04-02,2026-04-02T05:30:32,5.4
BK0901,Crown Heights (South),metro,2026-04-03,2026-04-03T05:30:33,9.1
BK0901,Crown Heights (South),metro,2026-04-04,2026-04-04T05:30:33,9.4
BK0901,Crown Heights (South),metro,2026-04-05,2026-04-05T05:30:32,6.5
BK0901,Crown Heights (South),metro,2026-04-06,2026-04-06T05:30:33,10.2
BK0901,Crown Heights (South),metro,2026-04-07,2026-04-07T05:30:33,10.1
BK0901,Crown Heights (South),metro,2026-04-08,2026-04-08T05:30:33,9.2
BK0901,Crown Heights (South),metro,2026-04-09,2026-04-09T05:30:33,9.3
BK0901,Crown Heights (South),metro,2026-04-10,2026-04-10T05:30:33,10.4
BK0901,Crown Heights (South),metro,2026-04-11,2026-04-11T05:30:32,11.2
BK0901,Crown Heights (South),metro,2026-04-12,2026-04-12T05:30:31,10.1
BK0901,Crown Heights (South),metro,2026-04-13,2026-04-13T05:30:30,10.7
BK0901,Crown Heights (South),metro,2026-04-14,2026-04-14T05:30:30,11.8
BK0901,Crown Heights (South),metro,2026-04-15,2026-04-15T05:30:32,11.7
BK0901,Crown Heights (South),metro,2026-04-16,2026-04-16T05:30:33,11.7
BK0901,Crown Heights (South),metro,2026-04-17,2026-04-17T05:30:33,11.6
BK0901,Crown Heights (South),metro,2026-04-18,2026-04-18T05:30:32,11.3
BK0902,Prospect Lefferts Gardens-Wingate,metro,2026-03-21,2026-03-21T05:30:33,6.8
BK0902,Prospect Lefferts Gardens-Wingate,metro,2026-03-22,2026-03-22T05:30:33,6.6
BK0902,Prospect Lefferts Gardens-Wingate,metro,2026-03-23,2026-03-23T05:30:33,2.7
BK0902,Prospect Lefferts Gardens-Wingate,metro,2026-03-24,2026-03-24T05:30:33,7.8
BK0902,Prospect Lefferts Gardens-Wingate,metro,2026-03-25,2026-03-25T05:30:33,7.6
BK0902,Prospect Lefferts Gardens-Wingate,metro,2026-03-26,2026-03-26T05:30:33,8.1
BK0902,Prospect Lefferts Gardens-Wingate,metro,2026-03-27,2026-03-27T05:30:33,6.8
BK0902,Prospect Lefferts Gardens-Wingate,metro,2026-03-28,2026-03-28T05:30:33,7.7
BK0902,Prospect Lefferts Gardens-Wingate,metro,2026-03-29,2026-03-29T05:30:33,7.3
BK0902,Prospect Lefferts Gardens-Wingate,metro,2026-03-30,2026-03-30T05:30:33,8.5
BK0902,Prospect Lefferts Gardens-Wingate,metro,2026-03-31,2026-03-31T05:30:32,5.9
BK0902,Prospect Lefferts Gardens-Wingate,metro,2026-04-01,2026-04-01T05:30:32,7.5
BK0902,Prospect Lefferts Gardens-Wingate,metro,2026-04-02,2026-04-02T05:30:32,5.4
BK0902,Prospect Lefferts Gardens-Wingate,metro,2026-04-03,2026-04-03T05:30:33,9.1
BK0902,Prospect Lefferts Gardens-Wingate,metro,2026-04-04,2026-04-04T05:30:33,9.4
BK0902,Prospect Lefferts Gardens-Wingate,metro,2026-04-05,2026-04-05T05:30:32,6.5
BK0902,Prospect Lefferts Gardens-Wingate,metro,2026-04-06,2026-04-06T05:30:33,10.2
BK0902,Prospect Lefferts Gardens-Wingate,metro,2026-04-07,2026-04-07T05:30:33,10.1
BK0902,Prospect Lefferts Gardens-Wingate,metro,2026-04-08,2026-04-08T05:30:33,9.2
BK0902,Prospect Lefferts Gardens-Wingate,metro,2026-04-09,2026-04-09T05:30:33,9.3
BK0902,Prospect Lefferts Gardens-Wingate,metro,2026-04-10,2026-04-10T05:30:33,10.4
BK0902,Prospect Lefferts Gardens-Wingate,metro,2026-04-11,2026-04-11T05:30:32,11.2
BK0902,Prospect Lefferts Gardens-Wingate,metro,2026-04-12,2026-04-12T05:30:31,10.1
BK0902,Prospect Lefferts Gardens-Wingate,metro,2026-04-13,2026-04-13T05:30:30,10.7
BK0902,Prospect Lefferts Gardens-Wingate,metro,2026-04-14,2026-04-14T05:30:30,11.8
BK0902,Prospect Lefferts Gardens-Wingate,metro,2026-04-15,2026-04-15T05:30:32,11.7
BK0902,Prospect Lefferts Gardens-Wingate,metro,2026-04-16,2026-04-16T05:30:33,11.7
BK0902,Prospect Lefferts Gardens-Wingate,metro,2026-04-17,2026-04-17T05:30:33,11.6
BK0902,Prospect Lefferts Gardens-Wingate,metro,2026-04-18,2026-04-18T05:30:32,11.3
BK1001,Bay Ridge,metro,2026-03-21,2026-03-21T05:30:33,6.8
BK1001,Bay Ridge,metro,2026-03-22,2026-03-22T05:30:33,6.6
BK1001,Bay Ridge,metro,2026-03-23,2026-03-23T05:30:33,2.7
BK1001,Bay Ridge,metro,2026-03-24,2026-03-24T05:30:33,7.8
BK1001,Bay Ridge,metro,2026-03-25,2026-03-25T05:30:33,7.6
BK1001,Bay Ridge,metro,2026-03-26,2026-03-26T05:30:33,8.1
BK1001,Bay Ridge,metro,2026-03-27,2026-03-27T05:30:33,6.8
BK1001,Bay Ridge,metro,2026-03-28,2026-03-28T05:30:33,7.7
BK1001,Bay Ridge,metro,2026-03-29,2026-03-29T05:30:33,7.3
BK1001,Bay Ridge,metro,2026-03-30,2026-03-30T05:30:33,8.5
BK1001,Bay Ridge,metro,2026-03-31,2026-03-31T05:30:32,5.9
BK1001,Bay Ridge,metro,2026-04-01,2026-04-01T05:30:32,7.5
BK1001,Bay Ridge,metro,2026-04-02,2026-04-02T05:30:32,5.4
BK1001,Bay Ridge,metro,2026-04-03,2026-04-03T05:30:33,9.1
BK1001,Bay Ridge,metro,2026-04-04,2026-04-04T05:30:33,9.4
BK1001,Bay Ridge,metro,2026-04-05,2026-04-05T05:30:32,6.5
BK1001,Bay Ridge,metro,2026-04-06,2026-04-06T05:30:33,10.2
BK1001,Bay Ridge,metro,2026-04-07,2026-04-07T05:30:33,10.1
BK1001,Bay Ridge,metro,2026-04-08,2026-04-08T05:30:33,9.2
BK1001,Bay Ridge,metro,2026-04-09,2026-04-09T05:30:33,9.3
BK1001,Bay Ridge,metro,2026-04-10,2026-04-10T05:30:33,10.4
BK1001,Bay Ridge,metro,2026-04-11,2026-04-11T05:30:32,11.2
BK1001,Bay Ridge,metro,2026-04-12,2026-04-12T05:30:31,10.1
BK1001,Bay Ridge,metro,2026-04-13,2026-04-13T05:30:30,10.7
BK1001,Bay Ridge,metro,2026-04-14,2026-04-14T05:30:30,11.8
BK1001,Bay Ridge,metro,2026-04-15,2026-04-15T05:30:32,11.7
BK1001,Bay Ridge,metro,2026-04-16,2026-04-16T05:30:33,11.7
BK1001,Bay Ridge,metro,2026-04-17,2026-04-17T05:30:33,11.6
BK1001,Bay Ridge,metro,2026-04-18,2026-04-18T05:30:32,11.3
BK1002,Dyker Heights,metro,2026-03-21,2026-03-21T05:30:33,6.8
BK1002,Dyker Heights,metro,2026-03-22,2026-03-22T05:30:33,6.6
BK1002,Dyker Heights,metro,2026-03-23,2026-03-23T05:30:33,2.7
BK1002,Dyker Heights,metro,2026-03-24,2026-03-24T05:30:33,7.8
BK1002,Dyker Heights,metro,2026-03-25,2026-03-25T05:30:33,7.6
BK1002,Dyker Heights,metro,2026-03-26,2026-03-26T05:30:33,8.1
BK1002,Dyker Heights,metro,2026-03-27,2026-03-27T05:30:33,6.8
BK1002,Dyker Heights,metro,2026-03-28,2026-03-28T05:30:33,7.7
BK1002,Dyker Heights,metro,2026-03-29,2026-03-29T05:30:33,7.3
BK1002,Dyker Heights,metro,2026-03-30,2026-03-30T05:30:33,8.5
BK1002,Dyker Heights,metro,2026-03-31,2026-03-31T05:30:32,5.9
BK1002,Dyker Heights,metro,2026-04-01,2026-04-01T05:30:32,7.5
BK1002,Dyker Heights,metro,2026-04-02,2026-04-02T05:30:32,5.4
BK1002,Dyker Heights,metro,2026-04-03,2026-04-03T05:30:33,9.1
BK1002,Dyker Heights,metro,2026-04-04,2026-04-04T05:30:33,9.4
BK1002,Dyker Heights,metro,2026-04-05,2026-04-05T05:30:32,6.5
BK1002,Dyker Heights,metro,2026-04-06,2026-04-06T05:30:33,10.2
BK1002,Dyker Heights,metro,2026-04-07,2026-04-07T05:30:33,10.1
BK1002,Dyker Heights,metro,2026-04-08,2026-04-08T05:30:33,9.2
BK1002,Dyker Heights,metro,2026-04-09,2026-04-09T05:30:33,9.3
BK1002,Dyker Heights,metro,2026-04-10,2026-04-10T05:30:33,10.4
BK1002,Dyker Heights,metro,2026-04-11,2026-04-11T05:30:32,11.2
BK1002,Dyker Heights,metro,2026-04-12,2026-04-12T05:30:31,10.1
BK1002,Dyker Heights,metro,2026-04-13,2026-04-13T05:30:30,10.7
BK1002,Dyker Heights,metro,2026-04-14,2026-04-14T05:30:30,11.8
BK1002,Dyker Heights,metro,2026-04-15,2026-04-15T05:30:32,11.7
BK1002,Dyker Heights,metro,2026-04-16,2026-04-16T05:30:33,11.7
BK1002,Dyker Heights,metro,2026-04-17,2026-04-17T05:30:33,11.6
BK1002,Dyker Heights,metro,2026-04-18,2026-04-18T05:30:32,11.3
BK1061,Fort Hamilton,metro,2026-03-21,2026-03-21T05:30:33,6.8
BK1061,Fort Hamilton,metro,2026-03-22,2026-03-22T05:30:33,6.6
BK1061,Fort Hamilton,metro,2026-03-23,2026-03-23T05:30:33,2.7
BK1061,Fort Hamilton,metro,2026-03-24,2026-03-24T05:30:33,7.8
BK1061,Fort Hamilton,metro,2026-03-25,2026-03-25T05:30:33,7.6
BK1061,Fort Hamilton,metro,2026-03-26,2026-03-26T05:30:33,8.1
BK1061,Fort Hamilton,metro,2026-03-27,2026-03-27T05:30:33,6.8
BK1061,Fort Hamilton,metro,2026-03-28,2026-03-28T05:30:33,7.7
BK1061,Fort Hamilton,metro,2026-03-29,2026-03-29T05:30:33,7.3
BK1061,Fort Hamilton,metro,2026-03-30,2026-03-30T05:30:33,8.5
BK1061,Fort Hamilton,metro,2026-03-31,2026-03-31T05:30:32,5.9
BK1061,Fort Hamilton,metro,2026-04-01,2026-04-01T05:30:32,7.5
BK1061,Fort Hamilton,metro,2026-04-02,2026-04-02T05:30:32,5.4
BK1061,Fort Hamilton,metro,2026-04-03,2026-04-03T05:30:33,9.1
BK1061,Fort Hamilton,metro,2026-04-04,2026-04-04T05:30:33,9.4
BK1061,Fort Hamilton,metro,2026-04-05,2026-04-05T05:30:32,6.5
BK1061,Fort Hamilton,metro,2026-04-06,2026-04-06T05:30:33,10.2
BK1061,Fort Hamilton,metro,2026-04-07,2026-04-07T05:30:33,10.1
BK1061,Fort Hamilton,metro,2026-04-08,2026-04-08T05:30:33,9.2
BK1061,Fort Hamilton,metro,2026-04-09,2026-04-09T05:30:33,9.3
BK1061,Fort Hamilton,metro,2026-04-10,2026-04-10T05:30:33,10.4
BK1061,Fort Hamilton,metro,2026-04-11,2026-04-11T05:30:32,11.2
BK1061,Fort Hamilton,metro,2026-04-12,2026-04-12T05:30:31,10.1
BK1061,Fort Hamilton,metro,2026-04-13,2026-04-13T05:30:30,10.7
BK1061,Fort Hamilton,metro,2026-04-14,2026-04-14T05:30:30,11.8
BK1061,Fort Hamilton,metro,2026-04-15,2026-04-15T05:30:32,11.7
BK1061,Fort Hamilton,metro,2026-04-16,2026-04-16T05:30:33,11.7
BK1061,Fort Hamilton,metro,2026-04-17,2026-04-17T05:30:33,11.6
BK1061,Fort Hamilton,metro,2026-04-18,2026-04-18T05:30:32,11.3
BK1091,Dyker Beach Park,metro,2026-03-21,2026-03-21T05:30:33,6.8
BK1091,Dyker Beach Park,metro,2026-03-22,2026-03-22T05:30:33,6.6
BK1091,Dyker Beach Park,metro,2026-03-23,2026-03-23T05:30:33,2.7
BK1091,Dyker Beach Park,metro,2026-03-24,2026-03-24T05:30:33,7.8
BK1091,Dyker Beach Park,metro,2026-03-25,2026-03-25T05:30:33,7.6
BK1091,Dyker Beach Park,metro,2026-03-26,2026-03-26T05:30:33,8.1
BK1091,Dyker Beach Park,metro,2026-03-27,2026-03-27T05:30:33,6.8
BK1091,Dyker Beach Park,metro,2026-03-28,2026-03-28T05:30:33,7.7
BK1091,Dyker Beach Park,metro,2026-03-29,2026-03-29T05:30:33,7.3
BK1091,Dyker Beach Park,metro,2026-03-30,2026-03-30T05:30:33,8.5
BK1091,Dyker Beach Park,metro,2026-03-31,2026-03-31T05:30:32,5.9
BK1091,Dyker Beach Park,metro,2026-04-01,2026-04-01T05:30:32,7.5
BK1091,Dyker Beach Park,metro,2026-04-02,2026-04-02T05:30:32,5.4
BK1091,Dyker Beach Park,metro,2026-04-03,2026-04-03T05:30:33,9.1
BK1091,Dyker Beach Park,metro,2026-04-04,2026-04-04T05:30:33,9.4
BK1091,Dyker Beach Park,metro,2026-04-05,2026-04-05T05:30:32,6.5
BK1091,Dyker Beach Park,metro,2026-04-06,2026-04-06T05:30:33,10.2
BK1091,Dyker Beach Park,metro,2026-04-07,2026-04-07T05:30:33,10.1
BK1091,Dyker Beach Park,metro,2026-04-08,2026-04-08T05:30:33,9.2
BK1091,Dyker Beach Park,metro,2026-04-09,2026-04-09T05:30:33,9.3
BK1091,Dyker Beach Park,metro,2026-04-10,2026-04-10T05:30:33,10.4
BK1091,Dyker Beach Park,metro,2026-04-11,2026-04-11T05:30:32,11.2
BK1091,Dyker Beach Park,metro,2026-04-12,2026-04-12T05:30:31,10.1
BK1091,Dyker Beach Park,metro,2026-04-13,2026-04-13T05:30:30,10.7
BK1091,Dyker Beach Park,metro,2026-04-14,2026-04-14T05:30:30,11.8
BK1091,Dyker Beach Park,metro,2026-04-15,2026-04-15T05:30:32,11.7
BK1091,Dyker Beach Park,metro,2026-04-16,2026-04-16T05:30:33,11.7
BK1091,Dyker Beach Park,metro,2026-04-17,2026-04-17T05:30:33,11.6
BK1091,Dyker Beach Park,metro,2026-04-18,2026-04-18T05:30:32,11.3
BK1101,Bensonhurst,metro,2026-03-21,2026-03-21T05:30:33,6.8
BK1101,Bensonhurst,metro,2026-03-22,2026-03-22T05:30:33,6.6
BK1101,Bensonhurst,metro,2026-03-23,2026-03-23T05:30:33,2.7
BK1101,Bensonhurst,metro,2026-03-24,2026-03-24T05:30:33,7.8
BK1101,Bensonhurst,metro,2026-03-25,2026-03-25T05:30:33,7.6
BK1101,Bensonhurst,metro,2026-03-26,2026-03-26T05:30:33,8.1
BK1101,Bensonhurst,metro,2026-03-27,2026-03-27T05:30:33,6.8
BK1101,Bensonhurst,metro,2026-03-28,2026-03-28T05:30:33,7.7
BK1101,Bensonhurst,metro,2026-03-29,2026-03-29T05:30:33,7.3
BK1101,Bensonhurst,metro,2026-03-30,2026-03-30T05:30:33,8.5
BK1101,Bensonhurst,metro,2026-03-31,2026-03-31T05:30:32,5.9
BK1101,Bensonhurst,metro,2026-04-01,2026-04-01T05:30:32,7.5
BK1101,Bensonhurst,metro,2026-04-02,2026-04-02T05:30:32,5.4
BK1101,Bensonhurst,metro,2026-04-03,2026-04-03T05:30:33,9.1
BK1101,Bensonhurst,metro,2026-04-04,2026-04-04T05:30:33,9.4
BK1101,Bensonhurst,metro,2026-04-05,2026-04-05T05:30:32,6.5
BK1101,Bensonhurst,metro,2026-04-06,2026-04-06T05:30:33,10.2
BK1101,Bensonhurst,metro,2026-04-07,2026-04-07T05:30:33,10.1
BK1101,Bensonhurst,metro,2026-04-08,2026-04-08T05:30:33,9.2
BK1101,Bensonhurst,metro,2026-04-09,2026-04-09T05:30:33,9.3
BK1101,Bensonhurst,metro,2026-04-10,2026-04-10T05:30:33,10.4
BK1101,Bensonhurst,metro,2026-04-11,2026-04-11T05:30:32,11.2
BK1101,Bensonhurst,metro,2026-04-12,2026-04-12T05:30:31,10.1
BK1101,Bensonhurst,metro,2026-04-13,2026-04-13T05:30:30,10.7
BK1101,Bensonhurst,metro,2026-04-14,2026-04-14T05:30:30,11.8
BK1101,Bensonhurst,metro,2026-04-15,2026-04-15T05:30:32,11.7
BK1101,Bensonhurst,metro,2026-04-16,2026-04-16T05:30:33,11.7
BK1101,Bensonhurst,metro,2026-04-17,2026-04-17T05:30:33,11.6
BK1101,Bensonhurst,metro,2026-04-18,2026-04-18T05:30:32,11.3
BK1102,Bath Beach,metro,2026-03-21,2026-03-21T05:30:33,6.8
BK1102,Bath Beach,metro,2026-03-22,2026-03-22T05:30:33,6.6
BK1102,Bath Beach,metro,2026-03-23,2026-03-23T05:30:33,2.7
BK1102,Bath Beach,metro,2026-03-24,2026-03-24T05:30:33,7.8
BK1102,Bath Beach,metro,2026-03-25,2026-03-25T05:30:33,7.6
BK1102,Bath Beach,metro,2026-03-26,2026-03-26T05:30:33,8.1
BK1102,Bath Beach,metro,2026-03-27,2026-03-27T05:30:33,6.8
BK1102,Bath Beach,metro,2026-03-28,2026-03-28T05:30:33,7.7
BK1102,Bath Beach,metro,2026-03-29,2026-03-29T05:30:33,7.3
BK1102,Bath Beach,metro,2026-03-30,2026-03-30T05:30:33,8.5
BK1102,Bath Beach,metro,2026-03-31,2026-03-31T05:30:32,5.9
BK1102,Bath Beach,metro,2026-04-01,2026-04-01T05:30:32,7.5
BK1102,Bath Beach,metro,2026-04-02,2026-04-02T05:30:32,5.4
BK1102,Bath Beach,metro,2026-04-03,2026-04-03T05:30:33,9.1
BK1102,Bath Beach,metro,2026-04-04,2026-04-04T05:30:33,9.4
BK1102,Bath Beach,metro,2026-04-05,2026-04-05T05:30:32,6.5
BK1102,Bath Beach,metro,2026-04-06,2026-04-06T05:30:33,10.2
BK1102,Bath Beach,metro,2026-04-07,2026-04-07T05:30:33,10.1
BK1102,Bath Beach,metro,2026-04-08,2026-04-08T05:30:33,9.2
BK1102,Bath Beach,metro,2026-04-09,2026-04-09T05:30:33,9.3
BK1102,Bath Beach,metro,2026-04-10,2026-04-10T05:30:33,10.4
BK1102,Bath Beach,metro,2026-04-11,2026-04-11T05:30:32,11.2
BK1102,Bath Beach,metro,2026-04-12,2026-04-12T05:30:31,10.1
BK1102,Bath Beach,metro,2026-04-13,2026-04-13T05:30:30,10.7
BK1102,Bath Beach,metro,2026-04-14,2026-04-14T05:30:30,11.8
BK1102,Bath Beach,metro,2026-04-15,2026-04-15T05:30:32,11.7
BK1102,Bath Beach,metro,2026-04-16,2026-04-16T05:30:33,11.7
BK1102,Bath Beach,metro,2026-04-17,2026-04-17T05:30:33,11.6
BK1102,Bath Beach,metro,2026-04-18,2026-04-18T05:30:32,11.3
BK1103,Gravesend (West),metro,2026-03-21,2026-03-21T05:30:33,6.8
BK1103,Gravesend (West),metro,2026-03-22,2026-03-22T05:30:33,6.6
BK1103,Gravesend (West),metro,2026-03-23,2026-03-23T05:30:33,2.7
BK1103,Gravesend (West),metro,2026-03-24,2026-03-24T05:30:33,7.8
BK1103,Gravesend (West),metro,2026-03-25,2026-03-25T05:30:33,7.6
BK1103,Gravesend (West),metro,2026-03-26,2026-03-26T05:30:33,8.1
BK1103,Gravesend (West),metro,2026-03-27,2026-03-27T05:30:33,6.8
BK1103,Gravesend (West),metro,2026-03-28,2026-03-28T05:30:33,7.7
BK1103,Gravesend (West),metro,2026-03-29,2026-03-29T05:30:33,7.3
BK1103,Gravesend (West),metro,2026-03-30,2026-03-30T05:30:33,8.5
BK1103,Gravesend (West),metro,2026-03-31,2026-03-31T05:30:32,5.9
BK1103,Gravesend (West),metro,2026-04-01,2026-04-01T05:30:32,7.5
BK1103,Gravesend (West),metro,2026-04-02,2026-04-02T05:30:32,5.4
BK1103,Gravesend (West),metro,2026-04-03,2026-04-03T05:30:33,9.1
BK1103,Gravesend (West),metro,2026-04-04,2026-04-04T05:30:33,9.4
BK1103,Gravesend (West),metro,2026-04-05,2026-04-05T05:30:32,6.5
BK1103,Gravesend (West),metro,2026-04-06,2026-04-06T05:30:33,10.2
BK1103,Gravesend (West),metro,2026-04-07,2026-04-07T05:30:33,10.1
BK1103,Gravesend (West),metro,2026-04-08,2026-04-08T05:30:33,9.2
BK1103,Gravesend (West),metro,2026-04-09,2026-04-09T05:30:33,9.3
BK1103,Gravesend (West),metro,2026-04-10,2026-04-10T05:30:33,10.4
BK1103,Gravesend (West),metro,2026-04-11,2026-04-11T05:30:32,11.2
BK1103,Gravesend (West),metro,2026-04-12,2026-04-12T05:30:31,10.1
BK1103,Gravesend (West),metro,2026-04-13,2026-04-13T05:30:30,10.7
BK1103,Gravesend (West),metro,2026-04-14,2026-04-14T05:30:30,11.8
BK1103,Gravesend (West),metro,2026-04-15,2026-04-15T05:30:32,11.7
BK1103,Gravesend (West),metro,2026-04-16,2026-04-16T05:30:33,11.7
BK1103,Gravesend (West),metro,2026-04-17,2026-04-17T05:30:33,11.6
BK1103,Gravesend (West),metro,2026-04-18,2026-04-18T05:30:32,11.3
BK1201,Sunset Park (East)-Borough Park (West),metro,2026-03-21,2026-03-21T05:30:33,6.8
BK1201,Sunset Park (East)-Borough Park (West),metro,2026-03-22,2026-03-22T05:30:33,6.6
BK1201,Sunset Park (East)-Borough Park (West),metro,2026-03-23,2026-03-23T05:30:33,2.7
BK1201,Sunset Park (East)-Borough Park (West),metro,2026-03-24,2026-03-24T05:30:33,7.8
BK1201,Sunset Park (East)-Borough Park (West),metro,2026-03-25,2026-03-25T05:30:33,7.6
BK1201,Sunset Park (East)-Borough Park (West),metro,2026-03-26,2026-03-26T05:30:33,8.1
BK1201,Sunset Park (East)-Borough Park (West),metro,2026-03-27,2026-03-27T05:30:33,6.8
BK1201,Sunset Park (East)-Borough Park (West),metro,2026-03-28,2026-03-28T05:30:33,7.7
BK1201,Sunset Park (East)-Borough Park (West),metro,2026-03-29,2026-03-29T05:30:33,7.3
BK1201,Sunset Park (East)-Borough Park (West),metro,2026-03-30,2026-03-30T05:30:33,8.5
BK1201,Sunset Park (East)-Borough Park (West),metro,2026-03-31,2026-03-31T05:30:32,5.9
BK1201,Sunset Park (East)-Borough Park (West),metro,2026-04-01,2026-04-01T05:30:32,7.5
BK1201,Sunset Park (East)-Borough Park (West),metro,2026-04-02,2026-04-02T05:30:32,5.4
BK1201,Sunset Park (East)-Borough Park (West),metro,2026-04-03,2026-04-03T05:30:33,9.1
BK1201,Sunset Park (East)-Borough Park (West),metro,2026-04-04,2026-04-04T05:30:33,9.4
BK1201,Sunset Park (East)-Borough Park (West),metro,2026-04-05,2026-04-05T05:30:32,6.5
BK1201,Sunset Park (East)-Borough Park (West),metro,2026-04-06,2026-04-06T05:30:33,10.2
BK1201,Sunset Park (East)-Borough Park (West),metro,2026-04-07,2026-04-07T05:30:33,10.1
BK1201,Sunset Park (East)-Borough Park (West),metro,2026-04-08,2026-04-08T05:30:33,9.2
BK1201,Sunset Park (East)-Borough Park (West),metro,2026-04-09,2026-04-09T05:30:33,9.3
BK1201,Sunset Park (East)-Borough Park (West),metro,2026-04-10,2026-04-10T05:30:33,10.4
BK1201,Sunset Park (East)-Borough Park (West),metro,2026-04-11,2026-04-11T05:30:32,11.2
BK1201,Sunset Park (East)-Borough Park (West),metro,2026-04-12,2026-04-12T05:30:31,10.1
BK1201,Sunset Park (East)-Borough Park (West),metro,2026-04-13,2026-04-13T05:30:30,10.7
BK1201,Sunset Park (East)-Borough Park (West),metro,2026-04-14,2026-04-14T05:30:30,11.8
BK1201,Sunset Park (East)-Borough Park (West),metro,2026-04-15,2026-04-15T05:30:32,11.7
BK1201,Sunset Park (East)-Borough Park (West),metro,2026-04-16,2026-04-16T05:30:33,11.7
BK1201,Sunset Park (East)-Borough Park (West),metro,2026-04-17,2026-04-17T05:30:33,11.6
BK1201,Sunset Park (East)-Borough Park (West),metro,2026-04-18,2026-04-18T05:30:32,11.3
BK1202,Borough Park,metro,2026-03-21,2026-03-21T05:30:33,6.8
BK1202,Borough Park,metro,2026-03-22,2026-03-22T05:30:33,6.6
BK1202,Borough Park,metro,2026-03-23,2026-03-23T05:30:33,2.7
BK1202,Borough Park,metro,2026-03-24,2026-03-24T05:30:33,7.8
BK1202,Borough Park,metro,2026-03-25,2026-03-25T05:30:33,7.6
BK1202,Borough Park,metro,2026-03-26,2026-03-26T05:30:33,8.1
BK1202,Borough Park,metro,2026-03-27,2026-03-27T05:30:33,6.8
BK1202,Borough Park,metro,2026-03-28,2026-03-28T05:30:33,7.7
BK1202,Borough Park,metro,2026-03-29,2026-03-29T05:30:33,7.3
BK1202,Borough Park,metro,2026-03-30,2026-03-30T05:30:33,8.5
BK1202,Borough Park,metro,2026-03-31,2026-03-31T05:30:32,5.9
BK1202,Borough Park,metro,2026-04-01,2026-04-01T05:30:32,7.5
BK1202,Borough Park,metro,2026-04-02,2026-04-02T05:30:32,5.4
BK1202,Borough Park,metro,2026-04-03,2026-04-03T05:30:33,9.1
BK1202,Borough Park,metro,2026-04-04,2026-04-04T05:30:33,9.4
BK1202,Borough Park,metro,2026-04-05,2026-04-05T05:30:32,6.5
BK1202,Borough Park,metro,2026-04-06,2026-04-06T05:30:33,10.2
BK1202,Borough Park,metro,2026-04-07,2026-04-07T05:30:33,10.1
BK1202,Borough Park,metro,2026-04-08,2026-04-08T05:30:33,9.2
BK1202,Borough Park,metro,2026-04-09,2026-04-09T05:30:33,9.3
BK1202,Borough Park,metro,2026-04-10,2026-04-10T05:30:33,10.4
BK1202,Borough Park,metro,2026-04-11,2026-04-11T05:30:32,11.2
BK1202,Borough Park,metro,2026-04-12,2026-04-12T05:30:31,10.1
BK1202,Borough Park,metro,2026-04-13,2026-04-13T05:30:30,10.7
BK1202,Borough Park,metro,2026-04-14,2026-04-14T05:30:30,11.8
BK1202,Borough Park,metro,2026-04-15,2026-04-15T05:30:32,11.7
BK1202,Borough Park,metro,2026-04-16,2026-04-16T05:30:33,11.7
BK1202,Borough Park,metro,2026-04-17,2026-04-17T05:30:33,11.6
BK1202,Borough Park,metro,2026-04-18,2026-04-18T05:30:32,11.3
BK1203,Kensington,metro,2026-03-21,2026-03-21T05:30:33,6.8
BK1203,Kensington,metro,2026-03-22,2026-03-22T05:30:33,6.6
BK1203,Kensington,metro,2026-03-23,2026-03-23T05:30:33,2.7
BK1203,Kensington,metro,2026-03-24,2026-03-24T05:30:33,7.8
BK1203,Kensington,metro,2026-03-25,2026-03-25T05:30:33,7.6
BK1203,Kensington,metro,2026-03-26,2026-03-26T05:30:33,8.1
BK1203,Kensington,metro,2026-03-27,2026-03-27T05:30:33,6.8
BK1203,Kensington,metro,2026-03-28,2026-03-28T05:30:33,7.7
BK1203,Kensington,metro,2026-03-29,2026-03-29T05:30:33,7.3
BK1203,Kensington,metro,2026-03-30,2026-03-30T05:30:33,8.5
BK1203,Kensington,metro,2026-03-31,2026-03-31T05:30:32,5.9
BK1203,Kensington,metro,2026-04-01,2026-04-01T05:30:32,7.5
BK1203,Kensington,metro,2026-04-02,2026-04-02T05:30:32,5.4
BK1203,Kensington,metro,2026-04-03,2026-04-03T05:30:33,9.1
BK1203,Kensington,metro,2026-04-04,2026-04-04T05:30:33,9.4
BK1203,Kensington,metro,2026-04-05,2026-04-05T05:30:32,6.5
BK1203,Kensington,metro,2026-04-06,2026-04-06T05:30:33,10.2
BK1203,Kensington,metro,2026-04-07,2026-04-07T05:30:33,10.1
BK1203,Kensington,metro,2026-04-08,2026-04-08T05:30:33,9.2
BK1203,Kensington,metro,2026-04-09,2026-04-09T05:30:33,9.3
BK1203,Kensington,metro,2026-04-10,2026-04-10T05:30:33,10.4
BK1203,Kensington,metro,2026-04-11,2026-04-11T05:30:32,11.2
BK1203,Kensington,metro,2026-04-12,2026-04-12T05:30:31,10.1
BK1203,Kensington,metro,2026-04-13,2026-04-13T05:30:30,10.7
BK1203,Kensington,metro,2026-04-14,2026-04-14T05:30:30,11.8
BK1203,Kensington,metro,2026-04-15,2026-04-15T05:30:32,11.7
BK1203,Kensington,metro,2026-04-16,2026-04-16T05:30:33,11.7
BK1203,Kensington,metro,2026-04-17,2026-04-17T05:30:33,11.6
BK1203,Kensington,metro,2026-04-18,2026-04-18T05:30:32,11.3
BK1204,Mapleton-Midwood (West),metro,2026-03-21,2026-03-21T05:30:33,6.8
BK1204,Mapleton-Midwood (West),metro,2026-03-22,2026-03-22T05:30:33,6.6
BK1204,Mapleton-Midwood (West),metro,2026-03-23,2026-03-23T05:30:33,2.7
BK1204,Mapleton-Midwood (West),metro,2026-03-24,2026-03-24T05:30:33,7.8
BK1204,Mapleton-Midwood (West),metro,2026-03-25,2026-03-25T05:30:33,7.6
BK1204,Mapleton-Midwood (West),metro,2026-03-26,2026-03-26T05:30:33,8.1
BK1204,Mapleton-Midwood (West),metro,2026-03-27,2026-03-27T05:30:33,6.8
BK1204,Mapleton-Midwood (West),metro,2026-03-28,2026-03-28T05:30:33,7.7
BK1204,Mapleton-Midwood (West),metro,2026-03-29,2026-03-29T05:30:33,7.3
BK1204,Mapleton-Midwood (West),metro,2026-03-30,2026-03-30T05:30:33,8.5
BK1204,Mapleton-Midwood (West),metro,2026-03-31,2026-03-31T05:30:32,5.9
BK1204,Mapleton-Midwood (West),metro,2026-04-01,2026-04-01T05:30:32,7.5
BK1204,Mapleton-Midwood (West),metro,2026-04-02,2026-04-02T05:30:32,5.4
BK1204,Mapleton-Midwood (West),metro,2026-04-03,2026-04-03T05:30:33,9.1
BK1204,Mapleton-Midwood (West),metro,2026-04-04,2026-04-04T05:30:33,9.4
BK1204,Mapleton-Midwood (West),metro,2026-04-05,2026-04-05T05:30:32,6.5
BK1204,Mapleton-Midwood (West),metro,2026-04-06,2026-04-06T05:30:33,10.2
BK1204,Mapleton-Midwood (West),metro,2026-04-07,2026-04-07T05:30:33,10.1
BK1204,Mapleton-Midwood (West),metro,2026-04-08,2026-04-08T05:30:33,9.2
BK1204,Mapleton-Midwood (West),metro,2026-04-09,2026-04-09T05:30:33,9.3
BK1204,Mapleton-Midwood (West),metro,2026-04-10,2026-04-10T05:30:33,10.4
BK1204,Mapleton-Midwood (West),metro,2026-04-11,2026-04-11T05:30:32,11.2
BK1204,Mapleton-Midwood (West),metro,2026-04-12,2026-04-12T05:30:31,10.1
BK1204,Mapleton-Midwood (West),metro,2026-04-13,2026-04-13T05:30:30,10.7
BK1204,Mapleton-Midwood (West),metro,2026-04-14,2026-04-14T05:30:30,11.8
BK1204,Mapleton-Midwood (West),metro,2026-04-15,2026-04-15T05:30:32,11.7
BK1204,Mapleton-Midwood (West),metro,2026-04-16,2026-04-16T05:30:33,11.7
BK1204,Mapleton-Midwood (West),metro,2026-04-17,2026-04-17T05:30:33,11.6
BK1204,Mapleton-Midwood (West),metro,2026-04-18,2026-04-18T05:30:32,11.3
BK1301,Gravesend (South),metro,2026-03-21,2026-03-21T05:30:33,6.8
BK1301,Gravesend (South),metro,2026-03-22,2026-03-22T05:30:33,6.6
BK1301,Gravesend (South),metro,2026-03-23,2026-03-23T05:30:33,2.7
BK1301,Gravesend (South),metro,2026-03-24,2026-03-24T05:30:33,7.8
BK1301,Gravesend (South),metro,2026-03-25,2026-03-25T05:30:33,7.6
BK1301,Gravesend (South),metro,2026-03-26,2026-03-26T05:30:33,8.1
BK1301,Gravesend (South),metro,2026-03-27,2026-03-27T05:30:33,6.8
BK1301,Gravesend (South),metro,2026-03-28,2026-03-28T05:30:33,7.7
BK1301,Gravesend (South),metro,2026-03-29,2026-03-29T05:30:33,7.3
BK1301,Gravesend (South),metro,2026-03-30,2026-03-30T05:30:33,8.5
BK1301,Gravesend (South),metro,2026-03-31,2026-03-31T05:30:32,5.9
BK1301,Gravesend (South),metro,2026-04-01,2026-04-01T05:30:32,7.5
BK1301,Gravesend (South),metro,2026-04-02,2026-04-02T05:30:32,5.4
BK1301,Gravesend (South),metro,2026-04-03,2026-04-03T05:30:33,9.1
BK1301,Gravesend (South),metro,2026-04-04,2026-04-04T05:30:33,9.4
BK1301,Gravesend (South),metro,2026-04-05,2026-04-05T05:30:32,6.5
BK1301,Gravesend (South),metro,2026-04-06,2026-04-06T05:30:33,10.2
BK1301,Gravesend (South),metro,2026-04-07,2026-04-07T05:30:33,10.1
BK1301,Gravesend (South),metro,2026-04-08,2026-04-08T05:30:33,9.2
BK1301,Gravesend (South),metro,2026-04-09,2026-04-09T05:30:33,9.3
BK1301,Gravesend (South),metro,2026-04-10,2026-04-10T05:30:33,10.4
BK1301,Gravesend (South),metro,2026-04-11,2026-04-11T05:30:32,11.2
BK1301,Gravesend (South),metro,2026-04-12,2026-04-12T05:30:31,10.1
BK1301,Gravesend (South),metro,2026-04-13,2026-04-13T05:30:30,10.7
BK1301,Gravesend (South),metro,2026-04-14,2026-04-14T05:30:30,11.8
BK1301,Gravesend (South),metro,2026-04-15,2026-04-15T05:30:32,11.7
BK1301,Gravesend (South),metro,2026-04-16,2026-04-16T05:30:33,11.7
BK1301,Gravesend (South),metro,2026-04-17,2026-04-17T05:30:33,11.6
BK1301,Gravesend (South),metro,2026-04-18,2026-04-18T05:30:32,11.3
BK1302,Coney Island-Sea Gate,metro,2026-03-21,2026-03-21T05:30:33,6.8
BK1302,Coney Island-Sea Gate,metro,2026-03-22,2026-03-22T05:30:33,6.6
BK1302,Coney Island-Sea Gate,metro,2026-03-23,2026-03-23T05:30:33,2.7
BK1302,Coney Island-Sea Gate,metro,2026-03-24,2026-03-24T05:30:33,7.8
BK1302,Coney Island-Sea Gate,metro,2026-03-25,2026-03-25T05:30:33,7.6
BK1302,Coney Island-Sea Gate,metro,2026-03-26,2026-03-26T05:30:33,8.1
BK1302,Coney Island-Sea Gate,metro,2026-03-27,2026-03-27T05:30:33,6.8
BK1302,Coney Island-Sea Gate,metro,2026-03-28,2026-03-28T05:30:33,7.7
BK1302,Coney Island-Sea Gate,metro,2026-03-29,2026-03-29T05:30:33,7.3
BK1302,Coney Island-Sea Gate,metro,2026-03-30,2026-03-30T05:30:33,8.5
BK1302,Coney Island-Sea Gate,metro,2026-03-31,2026-03-31T05:30:32,5.9
BK1302,Coney Island-Sea Gate,metro,2026-04-01,2026-04-01T05:30:32,7.5
BK1302,Coney Island-Sea Gate,metro,2026-04-02,2026-04-02T05:30:32,5.4
BK1302,Coney Island-Sea Gate,metro,2026-04-03,2026-04-03T05:30:33,9.1
BK1302,Coney Island-Sea Gate,metro,2026-04-04,2026-04-04T05:30:33,9.4
BK1302,Coney Island-Sea Gate,metro,2026-04-05,2026-04-05T05:30:32,6.5
BK1302,Coney Island-Sea Gate,metro,2026-04-06,2026-04-06T05:30:33,10.2
BK1302,Coney Island-Sea Gate,metro,2026-04-07,2026-04-07T05:30:33,10.1
BK1302,Coney Island-Sea Gate,metro,2026-04-08,2026-04-08T05:30:33,9.2
BK1302,Coney Island-Sea Gate,metro,2026-04-09,2026-04-09T05:30:33,9.3
BK1302,Coney Island-Sea Gate,metro,2026-04-10,2026-04-10T05:30:33,10.4
BK1302,Coney Island-Sea Gate,metro,2026-04-11,2026-04-11T05:30:32,11.2
BK1302,Coney Island-Sea Gate,metro,2026-04-12,2026-04-12T05:30:31,10.1
BK1302,Coney Island-Sea Gate,metro,2026-04-13,2026-04-13T05:30:30,10.7
BK1302,Coney Island-Sea Gate,metro,2026-04-14,2026-04-14T05:30:30,11.8
BK1302,Coney Island-Sea Gate,metro,2026-04-15,2026-04-15T05:30:32,11.7
BK1302,Coney Island-Sea Gate,metro,2026-04-16,2026-04-16T05:30:33,11.7
BK1302,Coney Island-Sea Gate,metro,2026-04-17,2026-04-17T05:30:33,11.6
BK1302,Coney Island-Sea Gate,metro,2026-04-18,2026-04-18T05:30:32,11.3
BK1303,Brighton Beach,metro,2026-03-21,2026-03-21T05:30:33,6.8
BK1303,Brighton Beach,metro,2026-03-22,2026-03-22T05:30:33,6.6
BK1303,Brighton Beach,metro,2026-03-23,2026-03-23T05:30:33,2.7
BK1303,Brighton Beach,metro,2026-03-24,2026-03-24T05:30:33,7.8
BK1303,Brighton Beach,metro,2026-03-25,2026-03-25T05:30:33,7.6
BK1303,Brighton Beach,metro,2026-03-26,2026-03-26T05:30:33,8.1
BK1303,Brighton Beach,metro,2026-03-27,2026-03-27T05:30:33,6.8
BK1303,Brighton Beach,metro,2026-03-28,2026-03-28T05:30:33,7.7
BK1303,Brighton Beach,metro,2026-03-29,2026-03-29T05:30:33,7.3
BK1303,Brighton Beach,metro,2026-03-30,2026-03-30T05:30:33,8.5
BK1303,Brighton Beach,metro,2026-03-31,2026-03-31T05:30:32,5.9
BK1303,Brighton Beach,metro,2026-04-01,2026-04-01T05:30:32,7.5
BK1303,Brighton Beach,metro,2026-04-02,2026-04-02T05:30:32,5.4
BK1303,Brighton Beach,metro,2026-04-03,2026-04-03T05:30:33,9.1
BK1303,Brighton Beach,metro,2026-04-04,2026-04-04T05:30:33,9.4
BK1303,Brighton Beach,metro,2026-04-05,2026-04-05T05:30:32,6.5
BK1303,Brighton Beach,metro,2026-04-06,2026-04-06T05:30:33,10.2
BK1303,Brighton Beach,metro,2026-04-07,2026-04-07T05:30:33,10.1
BK1303,Brighton Beach,metro,2026-04-08,2026-04-08T05:30:33,9.2
BK1303,Brighton Beach,metro,2026-04-09,2026-04-09T05:30:33,9.3
BK1303,Brighton Beach,metro,2026-04-10,2026-04-10T05:30:33,10.4
BK1303,Brighton Beach,metro,2026-04-11,2026-04-11T05:30:32,11.2
BK1303,Brighton Beach,metro,2026-04-12,2026-04-12T05:30:31,10.1
BK1303,Brighton Beach,metro,2026-04-13,2026-04-13T05:30:30,10.7
BK1303,Brighton Beach,metro,2026-04-14,2026-04-14T05:30:30,11.8
BK1303,Brighton Beach,metro,2026-04-15,2026-04-15T05:30:32,11.7
BK1303,Brighton Beach,metro,2026-04-16,2026-04-16T05:30:33,11.7
BK1303,Brighton Beach,metro,2026-04-17,2026-04-17T05:30:33,11.6
BK1303,Brighton Beach,metro,2026-04-18,2026-04-18T05:30:32,11.3
BK1391,Calvert Vaux Park,metro,2026-03-21,2026-03-21T05:30:33,6.8
BK1391,Calvert Vaux Park,metro,2026-03-22,2026-03-22T05:30:33,6.6
BK1391,Calvert Vaux Park,metro,2026-03-23,2026-03-23T05:30:33,2.7
BK1391,Calvert Vaux Park,metro,2026-03-24,2026-03-24T05:30:33,7.8
BK1391,Calvert Vaux Park,metro,2026-03-25,2026-03-25T05:30:33,7.6
BK1391,Calvert Vaux Park,metro,2026-03-26,2026-03-26T05:30:33,8.1
BK1391,Calvert Vaux Park,metro,2026-03-27,2026-03-27T05:30:33,6.8
BK1391,Calvert Vaux Park,metro,2026-03-28,2026-03-28T05:30:33,7.7
BK1391,Calvert Vaux Park,metro,2026-03-29,2026-03-29T05:30:33,7.3
BK1391,Calvert Vaux Park,metro,2026-03-30,2026-03-30T05:30:33,8.5
BK1391,Calvert Vaux Park,metro,2026-03-31,2026-03-31T05:30:32,5.9
BK1391,Calvert Vaux Park,metro,2026-04-01,2026-04-01T05:30:32,7.5
BK1391,Calvert Vaux Park,metro,2026-04-02,2026-04-02T05:30:32,5.4
BK1391,Calvert Vaux Park,metro,2026-04-03,2026-04-03T05:30:33,9.1
BK1391,Calvert Vaux Park,metro,2026-04-04,2026-04-04T05:30:33,9.4
BK1391,Calvert Vaux Park,metro,2026-04-05,2026-04-05T05:30:32,6.5
BK1391,Calvert Vaux Park,metro,2026-04-06,2026-04-06T05:30:33,10.2
BK1391,Calvert Vaux Park,metro,2026-04-07,2026-04-07T05:30:33,10.1
BK1391,Calvert Vaux Park,metro,2026-04-08,2026-04-08T05:30:33,9.2
BK1391,Calvert Vaux Park,metro,2026-04-09,2026-04-09T05:30:33,9.3
BK1391,Calvert Vaux Park,metro,2026-04-10,2026-04-10T05:30:33,10.4
BK1391,Calvert Vaux Park,metro,2026-04-11,2026-04-11T05:30:32,11.2
BK1391,Calvert Vaux Park,metro,2026-04-12,2026-04-12T05:30:31,10.1
BK1391,Calvert Vaux Park,metro,2026-04-13,2026-04-13T05:30:30,10.7
BK1391,Calvert Vaux Park,metro,2026-04-14,2026-04-14T05:30:30,11.8
BK1391,Calvert Vaux Park,metro,2026-04-15,2026-04-15T05:30:32,11.7
BK1391,Calvert Vaux Park,metro,2026-04-16,2026-04-16T05:30:33,11.7
BK1391,Calvert Vaux Park,metro,2026-04-17,2026-04-17T05:30:33,11.6
BK1391,Calvert Vaux Park,metro,2026-04-18,2026-04-18T05:30:32,11.3
BK1401,Flatbush,metro,2026-03-21,2026-03-21T05:30:33,6.8
BK1401,Flatbush,metro,2026-03-22,2026-03-22T05:30:33,6.6
BK1401,Flatbush,metro,2026-03-23,2026-03-23T05:30:33,2.7
BK1401,Flatbush,metro,2026-03-24,2026-03-24T05:30:33,7.8
BK1401,Flatbush,metro,2026-03-25,2026-03-25T05:30:33,7.6
BK1401,Flatbush,metro,2026-03-26,2026-03-26T05:30:33,8.1
BK1401,Flatbush,metro,2026-03-27,2026-03-27T05:30:33,6.8
BK1401,Flatbush,metro,2026-03-28,2026-03-28T05:30:33,7.7
BK1401,Flatbush,metro,2026-03-29,2026-03-29T05:30:33,7.3
BK1401,Flatbush,metro,2026-03-30,2026-03-30T05:30:33,8.5
BK1401,Flatbush,metro,2026-03-31,2026-03-31T05:30:32,5.9
BK1401,Flatbush,metro,2026-04-01,2026-04-01T05:30:32,7.5
BK1401,Flatbush,metro,2026-04-02,2026-04-02T05:30:32,5.4
BK1401,Flatbush,metro,2026-04-03,2026-04-03T05:30:33,9.1
BK1401,Flatbush,metro,2026-04-04,2026-04-04T05:30:33,9.4
BK1401,Flatbush,metro,2026-04-05,2026-04-05T05:30:32,6.5
BK1401,Flatbush,metro,2026-04-06,2026-04-06T05:30:33,10.2
BK1401,Flatbush,metro,2026-04-07,2026-04-07T05:30:33,10.1
BK1401,Flatbush,metro,2026-04-08,2026-04-08T05:30:33,9.2
BK1401,Flatbush,metro,2026-04-09,2026-04-09T05:30:33,9.3
BK1401,Flatbush,metro,2026-04-10,2026-04-10T05:30:33,10.4
BK1401,Flatbush,metro,2026-04-11,2026-04-11T05:30:32,11.2
BK1401,Flatbush,metro,2026-04-12,2026-04-12T05:30:31,10.1
BK1401,Flatbush,metro,2026-04-13,2026-04-13T05:30:30,10.7
BK1401,Flatbush,metro,2026-04-14,2026-04-14T05:30:30,11.8
BK1401,Flatbush,metro,2026-04-15,2026-04-15T05:30:32,11.7
BK1401,Flatbush,metro,2026-04-16,2026-04-16T05:30:33,11.7
BK1401,Flatbush,metro,2026-04-17,2026-04-17T05:30:33,11.6
BK1401,Flatbush,metro,2026-04-18,2026-04-18T05:30:32,11.3
BK1402,Flatbush (West)-Ditmas Park-Parkville,metro,2026-03-21,2026-03-21T05:30:33,6.8
BK1402,Flatbush (West)-Ditmas Park-Parkville,metro,2026-03-22,2026-03-22T05:30:33,6.6
BK1402,Flatbush (West)-Ditmas Park-Parkville,metro,2026-03-23,2026-03-23T05:30:33,2.7
BK1402,Flatbush (West)-Ditmas Park-Parkville,metro,2026-03-24,2026-03-24T05:30:33,7.8
BK1402,Flatbush (West)-Ditmas Park-Parkville,metro,2026-03-25,2026-03-25T05:30:33,7.6
BK1402,Flatbush (West)-Ditmas Park-Parkville,metro,2026-03-26,2026-03-26T05:30:33,8.1
BK1402,Flatbush (West)-Ditmas Park-Parkville,metro,2026-03-27,2026-03-27T05:30:33,6.8
BK1402,Flatbush (West)-Ditmas Park-Parkville,metro,2026-03-28,2026-03-28T05:30:33,7.7
BK1402,Flatbush (West)-Ditmas Park-Parkville,metro,2026-03-29,2026-03-29T05:30:33,7.3
BK1402,Flatbush (West)-Ditmas Park-Parkville,metro,2026-03-30,2026-03-30T05:30:33,8.5
BK1402,Flatbush (West)-Ditmas Park-Parkville,metro,2026-03-31,2026-03-31T05:30:32,5.9
BK1402,Flatbush (West)-Ditmas Park-Parkville,metro,2026-04-01,2026-04-01T05:30:32,7.5
BK1402,Flatbush (West)-Ditmas Park-Parkville,metro,2026-04-02,2026-04-02T05:30:32,5.4
BK1402,Flatbush (West)-Ditmas Park-Parkville,metro,2026-04-03,2026-04-03T05:30:33,9.1
BK1402,Flatbush (West)-Ditmas Park-Parkville,metro,2026-04-04,2026-04-04T05:30:33,9.4
BK1402,Flatbush (West)-Ditmas Park-Parkville,metro,2026-04-05,2026-04-05T05:30:32,6.5
BK1402,Flatbush (West)-Ditmas Park-Parkville,metro,2026-04-06,2026-04-06T05:30:33,10.2
BK1402,Flatbush (West)-Ditmas Park-Parkville,metro,2026-04-07,2026-04-07T05:30:33,10.1
BK1402,Flatbush (West)-Ditmas Park-Parkville,metro,2026-04-08,2026-04-08T05:30:33,9.2
BK1402,Flatbush (West)-Ditmas Park-Parkville,metro,2026-04-09,2026-04-09T05:30:33,9.3
BK1402,Flatbush (West)-Ditmas Park-Parkville,metro,2026-04-10,2026-04-10T05:30:33,10.4
BK1402,Flatbush (West)-Ditmas Park-Parkville,metro,2026-04-11,2026-04-11T05:30:32,11.2
BK1402,Flatbush (West)-Ditmas Park-Parkville,metro,2026-04-12,2026-04-12T05:30:31,10.1
BK1402,Flatbush (West)-Ditmas Park-Parkville,metro,2026-04-13,2026-04-13T05:30:30,10.7
BK1402,Flatbush (West)-Ditmas Park-Parkville,metro,2026-04-14,2026-04-14T05:30:30,11.8
BK1402,Flatbush (West)-Ditmas Park-Parkville,metro,2026-04-15,2026-04-15T05:30:32,11.7
BK1402,Flatbush (West)-Ditmas Park-Parkville,metro,2026-04-16,2026-04-16T05:30:33,11.7
BK1402,Flatbush (West)-Ditmas Park-Parkville,metro,2026-04-17,2026-04-17T05:30:33,11.6
BK1402,Flatbush (West)-Ditmas Park-Parkville,metro,2026-04-18,2026-04-18T05:30:32,11.3
BK1403,Midwood,metro,2026-03-21,2026-03-21T05:30:33,6.8
BK1403,Midwood,metro,2026-03-22,2026-03-22T05:30:33,6.6
BK1403,Midwood,metro,2026-03-23,2026-03-23T05:30:33,2.7
BK1403,Midwood,metro,2026-03-24,2026-03-24T05:30:33,7.8
BK1403,Midwood,metro,2026-03-25,2026-03-25T05:30:33,7.6
BK1403,Midwood,metro,2026-03-26,2026-03-26T05:30:33,8.1
BK1403,Midwood,metro,2026-03-27,2026-03-27T05:30:33,6.8
BK1403,Midwood,metro,2026-03-28,2026-03-28T05:30:33,7.7
BK1403,Midwood,metro,2026-03-29,2026-03-29T05:30:33,7.3
BK1403,Midwood,metro,2026-03-30,2026-03-30T05:30:33,8.5
BK1403,Midwood,metro,2026-03-31,2026-03-31T05:30:32,5.9
BK1403,Midwood,metro,2026-04-01,2026-04-01T05:30:32,7.5
BK1403,Midwood,metro,2026-04-02,2026-04-02T05:30:32,5.4
BK1403,Midwood,metro,2026-04-03,2026-04-03T05:30:33,9.1
BK1403,Midwood,metro,2026-04-04,2026-04-04T05:30:33,9.4
BK1403,Midwood,metro,2026-04-05,2026-04-05T05:30:32,6.5
BK1403,Midwood,metro,2026-04-06,2026-04-06T05:30:33,10.2
BK1403,Midwood,metro,2026-04-07,2026-04-07T05:30:33,10.1
BK1403,Midwood,metro,2026-04-08,2026-04-08T05:30:33,9.2
BK1403,Midwood,metro,2026-04-09,2026-04-09T05:30:33,9.3
BK1403,Midwood,metro,2026-04-10,2026-04-10T05:30:33,10.4
BK1403,Midwood,metro,2026-04-11,2026-04-11T05:30:32,11.2
BK1403,Midwood,metro,2026-04-12,2026-04-12T05:30:31,10.1
BK1403,Midwood,metro,2026-04-13,2026-04-13T05:30:30,10.7
BK1403,Midwood,metro,2026-04-14,2026-04-14T05:30:30,11.8
BK1403,Midwood,metro,2026-04-15,2026-04-15T05:30:32,11.7
BK1403,Midwood,metro,2026-04-16,2026-04-16T05:30:33,11.7
BK1403,Midwood,metro,2026-04-17,2026-04-17T05:30:33,11.6
BK1403,Midwood,metro,2026-04-18,2026-04-18T05:30:32,11.3
BK1501,Gravesend (East)-Homecrest,metro,2026-03-21,2026-03-21T05:30:33,6.8
BK1501,Gravesend (East)-Homecrest,metro,2026-03-22,2026-03-22T05:30:33,6.6
BK1501,Gravesend (East)-Homecrest,metro,2026-03-23,2026-03-23T05:30:33,2.7
BK1501,Gravesend (East)-Homecrest,metro,2026-03-24,2026-03-24T05:30:33,7.8
BK1501,Gravesend (East)-Homecrest,metro,2026-03-25,2026-03-25T05:30:33,7.6
BK1501,Gravesend (East)-Homecrest,metro,2026-03-26,2026-03-26T05:30:33,8.1
BK1501,Gravesend (East)-Homecrest,metro,2026-03-27,2026-03-27T05:30:33,6.8
BK1501,Gravesend (East)-Homecrest,metro,2026-03-28,2026-03-28T05:30:33,7.7
BK1501,Gravesend (East)-Homecrest,metro,2026-03-29,2026-03-29T05:30:33,7.3
BK1501,Gravesend (East)-Homecrest,metro,2026-03-30,2026-03-30T05:30:33,8.5
BK1501,Gravesend (East)-Homecrest,metro,2026-03-31,2026-03-31T05:30:32,5.9
BK1501,Gravesend (East)-Homecrest,metro,2026-04-01,2026-04-01T05:30:32,7.5
BK1501,Gravesend (East)-Homecrest,metro,2026-04-02,2026-04-02T05:30:32,5.4
BK1501,Gravesend (East)-Homecrest,metro,2026-04-03,2026-04-03T05:30:33,9.1
BK1501,Gravesend (East)-Homecrest,metro,2026-04-04,2026-04-04T05:30:33,9.4
BK1501,Gravesend (East)-Homecrest,metro,2026-04-05,2026-04-05T05:30:32,6.5
BK1501,Gravesend (East)-Homecrest,metro,2026-04-06,2026-04-06T05:30:33,10.2
BK1501,Gravesend (East)-Homecrest,metro,2026-04-07,2026-04-07T05:30:33,10.1
BK1501,Gravesend (East)-Homecrest,metro,2026-04-08,2026-04-08T05:30:33,9.2
BK1501,Gravesend (East)-Homecrest,metro,2026-04-09,2026-04-09T05:30:33,9.3
BK1501,Gravesend (East)-Homecrest,metro,2026-04-10,2026-04-10T05:30:33,10.4
BK1501,Gravesend (East)-Homecrest,metro,2026-04-11,2026-04-11T05:30:32,11.2
BK1501,Gravesend (East)-Homecrest,metro,2026-04-12,2026-04-12T05:30:31,10.1
BK1501,Gravesend (East)-Homecrest,metro,2026-04-13,2026-04-13T05:30:30,10.7
BK1501,Gravesend (East)-Homecrest,metro,2026-04-14,2026-04-14T05:30:30,11.8
BK1501,Gravesend (East)-Homecrest,metro,2026-04-15,2026-04-15T05:30:32,11.7
BK1501,Gravesend (East)-Homecrest,metro,2026-04-16,2026-04-16T05:30:33,11.7
BK1501,Gravesend (East)-Homecrest,metro,2026-04-17,2026-04-17T05:30:33,11.6
BK1501,Gravesend (East)-Homecrest,metro,2026-04-18,2026-04-18T05:30:32,11.3
BK1502,Madison,metro,2026-03-21,2026-03-21T05:30:33,6.8
BK1502,Madison,metro,2026-03-22,2026-03-22T05:30:33,6.6
BK1502,Madison,metro,2026-03-23,2026-03-23T05:30:33,2.7
BK1502,Madison,metro,2026-03-24,2026-03-24T05:30:33,7.8
BK1502,Madison,metro,2026-03-25,2026-03-25T05:30:33,7.6
BK1502,Madison,metro,2026-03-26,2026-03-26T05:30:33,8.1
BK1502,Madison,metro,2026-03-27,2026-03-27T05:30:33,6.8
BK1502,Madison,metro,2026-03-28,2026-03-28T05:30:33,7.7
BK1502,Madison,metro,2026-03-29,2026-03-29T05:30:33,7.3
BK1502,Madison,metro,2026-03-30,2026-03-30T05:30:33,8.5
BK1502,Madison,metro,2026-03-31,2026-03-31T05:30:32,5.9
BK1502,Madison,metro,2026-04-01,2026-04-01T05:30:32,7.5
BK1502,Madison,metro,2026-04-02,2026-04-02T05:30:32,5.4
BK1502,Madison,metro,2026-04-03,2026-04-03T05:30:33,9.1
BK1502,Madison,metro,2026-04-04,2026-04-04T05:30:33,9.4
BK1502,Madison,metro,2026-04-05,2026-04-05T05:30:32,6.5
BK1502,Madison,metro,2026-04-06,2026-04-06T05:30:33,10.2
BK1502,Madison,metro,2026-04-07,2026-04-07T05:30:33,10.1
BK1502,Madison,metro,2026-04-08,2026-04-08T05:30:33,9.2
BK1502,Madison,metro,2026-04-09,2026-04-09T05:30:33,9.3
BK1502,Madison,metro,2026-04-10,2026-04-10T05:30:33,10.4
BK1502,Madison,metro,2026-04-11,2026-04-11T05:30:32,11.2
BK1502,Madison,metro,2026-04-12,2026-04-12T05:30:31,10.1
BK1502,Madison,metro,2026-04-13,2026-04-13T05:30:30,10.7
BK1502,Madison,metro,2026-04-14,2026-04-14T05:30:30,11.8
BK1502,Madison,metro,2026-04-15,2026-04-15T05:30:32,11.7
BK1502,Madison,metro,2026-04-16,2026-04-16T05:30:33,11.7
BK1502,Madison,metro,2026-04-17,2026-04-17T05:30:33,11.6
BK1502,Madison,metro,2026-04-18,2026-04-18T05:30:32,11.3
BK1503,Sheepshead Bay-Manhattan Beach-Gerritsen Beach,metro,2026-03-21,2026-03-21T05:30:33,6.8
BK1503,Sheepshead Bay-Manhattan Beach-Gerritsen Beach,metro,2026-03-22,2026-03-22T05:30:33,6.6
BK1503,Sheepshead Bay-Manhattan Beach-Gerritsen Beach,metro,2026-03-23,2026-03-23T05:30:33,2.7
BK1503,Sheepshead Bay-Manhattan Beach-Gerritsen Beach,metro,2026-03-24,2026-03-24T05:30:33,7.8
BK1503,Sheepshead Bay-Manhattan Beach-Gerritsen Beach,metro,2026-03-25,2026-03-25T05:30:33,7.6
BK1503,Sheepshead Bay-Manhattan Beach-Gerritsen Beach,metro,2026-03-26,2026-03-26T05:30:33,8.1
BK1503,Sheepshead Bay-Manhattan Beach-Gerritsen Beach,metro,2026-03-27,2026-03-27T05:30:33,6.8
BK1503,Sheepshead Bay-Manhattan Beach-Gerritsen Beach,metro,2026-03-28,2026-03-28T05:30:33,7.7
BK1503,Sheepshead Bay-Manhattan Beach-Gerritsen Beach,metro,2026-03-29,2026-03-29T05:30:33,7.3
BK1503,Sheepshead Bay-Manhattan Beach-Gerritsen Beach,metro,2026-03-30,2026-03-30T05:30:33,8.5
BK1503,Sheepshead Bay-Manhattan Beach-Gerritsen Beach,metro,2026-03-31,2026-03-31T05:30:32,5.9
BK1503,Sheepshead Bay-Manhattan Beach-Gerritsen Beach,metro,2026-04-01,2026-04-01T05:30:32,7.5
BK1503,Sheepshead Bay-Manhattan Beach-Gerritsen Beach,metro,2026-04-02,2026-04-02T05:30:32,5.4
BK1503,Sheepshead Bay-Manhattan Beach-Gerritsen Beach,metro,2026-04-03,2026-04-03T05:30:33,9.1
BK1503,Sheepshead Bay-Manhattan Beach-Gerritsen Beach,metro,2026-04-04,2026-04-04T05:30:33,9.4
BK1503,Sheepshead Bay-Manhattan Beach-Gerritsen Beach,metro,2026-04-05,2026-04-05T05:30:32,6.5
BK1503,Sheepshead Bay-Manhattan Beach-Gerritsen Beach,metro,2026-04-06,2026-04-06T05:30:33,10.2
BK1503,Sheepshead Bay-Manhattan Beach-Gerritsen Beach,metro,2026-04-07,2026-04-07T05:30:33,10.1
BK1503,Sheepshead Bay-Manhattan Beach-Gerritsen Beach,metro,2026-04-08,2026-04-08T05:30:33,9.2
BK1503,Sheepshead Bay-Manhattan Beach-Gerritsen Beach,metro,2026-04-09,2026-04-09T05:30:33,9.3
BK1503,Sheepshead Bay-Manhattan Beach-Gerritsen Beach,metro,2026-04-10,2026-04-10T05:30:33,10.4
BK1503,Sheepshead Bay-Manhattan Beach-Gerritsen Beach,metro,2026-04-11,2026-04-11T05:30:32,11.2
BK1503,Sheepshead Bay-Manhattan Beach-Gerritsen Beach,metro,2026-04-12,2026-04-12T05:30:31,10.1
BK1503,Sheepshead Bay-Manhattan Beach-Gerritsen Beach,metro,2026-04-13,2026-04-13T05:30:30,10.7
BK1503,Sheepshead Bay-Manhattan Beach-Gerritsen Beach,metro,2026-04-14,2026-04-14T05:30:30,11.8
BK1503,Sheepshead Bay-Manhattan Beach-Gerritsen Beach,metro,2026-04-15,2026-04-15T05:30:32,11.7
BK1503,Sheepshead Bay-Manhattan Beach-Gerritsen Beach,metro,2026-04-16,2026-04-16T05:30:33,11.7
BK1503,Sheepshead Bay-Manhattan Beach-Gerritsen Beach,metro,2026-04-17,2026-04-17T05:30:33,11.6
BK1503,Sheepshead Bay-Manhattan Beach-Gerritsen Beach,metro,2026-04-18,2026-04-18T05:30:32,11.3
BK1601,Ocean Hill,metro,2026-03-21,2026-03-21T05:30:33,6.8
BK1601,Ocean Hill,metro,2026-03-22,2026-03-22T05:30:33,6.6
BK1601,Ocean Hill,metro,2026-03-23,2026-03-23T05:30:33,2.7
BK1601,Ocean Hill,metro,2026-03-24,2026-03-24T05:30:33,7.8
BK1601,Ocean Hill,metro,2026-03-25,2026-03-25T05:30:33,7.6
BK1601,Ocean Hill,metro,2026-03-26,2026-03-26T05:30:33,8.1
BK1601,Ocean Hill,metro,2026-03-27,2026-03-27T05:30:33,6.8
BK1601,Ocean Hill,metro,2026-03-28,2026-03-28T05:30:33,7.7
BK1601,Ocean Hill,metro,2026-03-29,2026-03-29T05:30:33,7.3
BK1601,Ocean Hill,metro,2026-03-30,2026-03-30T05:30:33,8.5
BK1601,Ocean Hill,metro,2026-03-31,2026-03-31T05:30:32,5.9
BK1601,Ocean Hill,metro,2026-04-01,2026-04-01T05:30:32,7.5
BK1601,Ocean Hill,metro,2026-04-02,2026-04-02T05:30:32,5.4
BK1601,Ocean Hill,metro,2026-04-03,2026-04-03T05:30:33,9.1
BK1601,Ocean Hill,metro,2026-04-04,2026-04-04T05:30:33,9.4
BK1601,Ocean Hill,metro,2026-04-05,2026-04-05T05:30:32,6.5
BK1601,Ocean Hill,metro,2026-04-06,2026-04-06T05:30:33,10.2
BK1601,Ocean Hill,metro,2026-04-07,2026-04-07T05:30:33,10.1
BK1601,Ocean Hill,metro,2026-04-08,2026-04-08T05:30:33,9.2
BK1601,Ocean Hill,metro,2026-04-09,2026-04-09T05:30:33,9.3
BK1601,Ocean Hill,metro,2026-04-10,2026-04-10T05:30:33,10.4
BK1601,Ocean Hill,metro,2026-04-11,2026-04-11T05:30:32,11.2
BK1601,Ocean Hill,metro,2026-04-12,2026-04-12T05:30:31,10.1
BK1601,Ocean Hill,metro,2026-04-13,2026-04-13T05:30:30,10.7
BK1601,Ocean Hill,metro,2026-04-14,2026-04-14T05:30:30,11.8
BK1601,Ocean Hill,metro,2026-04-15,2026-04-15T05:30:32,11.7
BK1601,Ocean Hill,metro,2026-04-16,2026-04-16T05:30:33,11.7
BK1601,Ocean Hill,metro,2026-04-17,2026-04-17T05:30:33,11.6
BK1601,Ocean Hill,metro,2026-04-18,2026-04-18T05:30:32,11.3
BK1602,Brownsville,metro,2026-03-21,2026-03-21T05:30:33,6.8
BK1602,Brownsville,metro,2026-03-22,2026-03-22T05:30:33,6.6
BK1602,Brownsville,metro,2026-03-23,2026-03-23T05:30:33,2.7
BK1602,Brownsville,metro,2026-03-24,2026-03-24T05:30:33,7.8
BK1602,Brownsville,metro,2026-03-25,2026-03-25T05:30:33,7.6
BK1602,Brownsville,metro,2026-03-26,2026-03-26T05:30:33,8.1
BK1602,Brownsville,metro,2026-03-27,2026-03-27T05:30:33,6.8
BK1602,Brownsville,metro,2026-03-28,2026-03-28T05:30:33,7.7
BK1602,Brownsville,metro,2026-03-29,2026-03-29T05:30:33,7.3
BK1602,Brownsville,metro,2026-03-30,2026-03-30T05:30:33,8.5
BK1602,Brownsville,metro,2026-03-31,2026-03-31T05:30:32,5.9
BK1602,Brownsville,metro,2026-04-01,2026-04-01T05:30:32,7.5
BK1602,Brownsville,metro,2026-04-02,2026-04-02T05:30:32,5.4
BK1602,Brownsville,metro,2026-04-03,2026-04-03T05:30:33,9.1
BK1602,Brownsville,metro,2026-04-04,2026-04-04T05:30:33,9.4
BK1602,Brownsville,metro,2026-04-05,2026-04-05T05:30:32,6.5
BK1602,Brownsville,metro,2026-04-06,2026-04-06T05:30:33,10.2
BK1602,Brownsville,metro,2026-04-07,2026-04-07T05:30:33,10.1
BK1602,Brownsville,metro,2026-04-08,2026-04-08T05:30:33,9.2
BK1602,Brownsville,metro,2026-04-09,2026-04-09T05:30:33,9.3
BK1602,Brownsville,metro,2026-04-10,2026-04-10T05:30:33,10.4
BK1602,Brownsville,metro,2026-04-11,2026-04-11T05:30:32,11.2
BK1602,Brownsville,metro,2026-04-12,2026-04-12T05:30:31,10.1
BK1602,Brownsville,metro,2026-04-13,2026-04-13T05:30:30,10.7
BK1602,Brownsville,metro,2026-04-14,2026-04-14T05:30:30,11.8
BK1602,Brownsville,metro,2026-04-15,2026-04-15T05:30:32,11.7
BK1602,Brownsville,metro,2026-04-16,2026-04-16T05:30:33,11.7
BK1602,Brownsville,metro,2026-04-17,2026-04-17T05:30:33,11.6
BK1602,Brownsville,metro,2026-04-18,2026-04-18T05:30:32,11.3
BK1701,East Flatbush-Erasmus,metro,2026-03-21,2026-03-21T05:30:33,6.8
BK1701,East Flatbush-Erasmus,metro,2026-03-22,2026-03-22T05:30:33,6.6
BK1701,East Flatbush-Erasmus,metro,2026-03-23,2026-03-23T05:30:33,2.7
BK1701,East Flatbush-Erasmus,metro,2026-03-24,2026-03-24T05:30:33,7.8
BK1701,East Flatbush-Erasmus,metro,2026-03-25,2026-03-25T05:30:33,7.6
BK1701,East Flatbush-Erasmus,metro,2026-03-26,2026-03-26T05:30:33,8.1
BK1701,East Flatbush-Erasmus,metro,2026-03-27,2026-03-27T05:30:33,6.8
BK1701,East Flatbush-Erasmus,metro,2026-03-28,2026-03-28T05:30:33,7.7
BK1701,East Flatbush-Erasmus,metro,2026-03-29,2026-03-29T05:30:33,7.3
BK1701,East Flatbush-Erasmus,metro,2026-03-30,2026-03-30T05:30:33,8.5
BK1701,East Flatbush-Erasmus,metro,2026-03-31,2026-03-31T05:30:32,5.9
BK1701,East Flatbush-Erasmus,metro,2026-04-01,2026-04-01T05:30:32,7.5
BK1701,East Flatbush-Erasmus,metro,2026-04-02,2026-04-02T05:30:32,5.4
BK1701,East Flatbush-Erasmus,metro,2026-04-03,2026-04-03T05:30:33,9.1
BK1701,East Flatbush-Erasmus,metro,2026-04-04,2026-04-04T05:30:33,9.4
BK1701,East Flatbush-Erasmus,metro,2026-04-05,2026-04-05T05:30:32,6.5
BK1701,East Flatbush-Erasmus,metro,2026-04-06,2026-04-06T05:30:33,10.2
BK1701,East Flatbush-Erasmus,metro,2026-04-07,2026-04-07T05:30:33,10.1
BK1701,East Flatbush-Erasmus,metro,2026-04-08,2026-04-08T05:30:33,9.2
BK1701,East Flatbush-Erasmus,metro,2026-04-09,2026-04-09T05:30:33,9.3
BK1701,East Flatbush-Erasmus,metro,2026-04-10,2026-04-10T05:30:33,10.4
BK1701,East Flatbush-Erasmus,metro,2026-04-11,2026-04-11T05:30:32,11.2
BK1701,East Flatbush-Erasmus,metro,2026-04-12,2026-04-12T05:30:31,10.1
BK1701,East Flatbush-Erasmus,metro,2026-04-13,2026-04-13T05:30:30,10.7
BK1701,East Flatbush-Erasmus,metro,2026-04-14,2026-04-14T05:30:30,11.8
BK1701,East Flatbush-Erasmus,metro,2026-04-15,2026-04-15T05:30:32,11.7
BK1701,East Flatbush-Erasmus,metro,2026-04-16,2026-04-16T05:30:33,11.7
BK1701,East Flatbush-Erasmus,metro,2026-04-17,2026-04-17T05:30:33,11.6
BK1701,East Flatbush-Erasmus,metro,2026-04-18,2026-04-18T05:30:32,11.3
BK1702,East Flatbush-Farragut,metro,2026-03-21,2026-03-21T05:30:33,6.8
BK1702,East Flatbush-Farragut,metro,2026-03-22,2026-03-22T05:30:33,6.6
BK1702,East Flatbush-Farragut,metro,2026-03-23,2026-03-23T05:30:33,2.7
BK1702,East Flatbush-Farragut,metro,2026-03-24,2026-03-24T05:30:33,7.8
BK1702,East Flatbush-Farragut,metro,2026-03-25,2026-03-25T05:30:33,7.6
BK1702,East Flatbush-Farragut,metro,2026-03-26,2026-03-26T05:30:33,8.1
BK1702,East Flatbush-Farragut,metro,2026-03-27,2026-03-27T05:30:33,6.8
BK1702,East Flatbush-Farragut,metro,2026-03-28,2026-03-28T05:30:33,7.7
BK1702,East Flatbush-Farragut,metro,2026-03-29,2026-03-29T05:30:33,7.3
BK1702,East Flatbush-Farragut,metro,2026-03-30,2026-03-30T05:30:33,8.5
BK1702,East Flatbush-Farragut,metro,2026-03-31,2026-03-31T05:30:32,5.9
BK1702,East Flatbush-Farragut,metro,2026-04-01,2026-04-01T05:30:32,7.5
BK1702,East Flatbush-Farragut,metro,2026-04-02,2026-04-02T05:30:32,5.4
BK1702,East Flatbush-Farragut,metro,2026-04-03,2026-04-03T05:30:33,9.1
BK1702,East Flatbush-Farragut,metro,2026-04-04,2026-04-04T05:30:33,9.4
BK1702,East Flatbush-Farragut,metro,2026-04-05,2026-04-05T05:30:32,6.5
BK1702,East Flatbush-Farragut,metro,2026-04-06,2026-04-06T05:30:33,10.2
BK1702,East Flatbush-Farragut,metro,2026-04-07,2026-04-07T05:30:33,10.1
BK1702,East Flatbush-Farragut,metro,2026-04-08,2026-04-08T05:30:33,9.2
BK1702,East Flatbush-Farragut,metro,2026-04-09,2026-04-09T05:30:33,9.3
BK1702,East Flatbush-Farragut,metro,2026-04-10,2026-04-10T05:30:33,10.4
BK1702,East Flatbush-Farragut,metro,2026-04-11,2026-04-11T05:30:32,11.2
BK1702,East Flatbush-Farragut,metro,2026-04-12,2026-04-12T05:30:31,10.1
BK1702,East Flatbush-Farragut,metro,2026-04-13,2026-04-13T05:30:30,10.7
BK1702,East Flatbush-Farragut,metro,2026-04-14,2026-04-14T05:30:30,11.8
BK1702,East Flatbush-Farragut,metro,2026-04-15,2026-04-15T05:30:32,11.7
BK1702,East Flatbush-Farragut,metro,2026-04-16,2026-04-16T05:30:33,11.7
BK1702,East Flatbush-Farragut,metro,2026-04-17,2026-04-17T05:30:33,11.6
BK1702,East Flatbush-Farragut,metro,2026-04-18,2026-04-18T05:30:32,11.3
BK1703,East Flatbush-Rugby,metro,2026-03-21,2026-03-21T05:30:33,6.8
BK1703,East Flatbush-Rugby,metro,2026-03-22,2026-03-22T05:30:33,6.6
BK1703,East Flatbush-Rugby,metro,2026-03-23,2026-03-23T05:30:33,2.7
BK1703,East Flatbush-Rugby,metro,2026-03-24,2026-03-24T05:30:33,7.8
BK1703,East Flatbush-Rugby,metro,2026-03-25,2026-03-25T05:30:33,7.6
BK1703,East Flatbush-Rugby,metro,2026-03-26,2026-03-26T05:30:33,8.1
BK1703,East Flatbush-Rugby,metro,2026-03-27,2026-03-27T05:30:33,6.8
BK1703,East Flatbush-Rugby,metro,2026-03-28,2026-03-28T05:30:33,7.7
BK1703,East Flatbush-Rugby,metro,2026-03-29,2026-03-29T05:30:33,7.3
BK1703,East Flatbush-Rugby,metro,2026-03-30,2026-03-30T05:30:33,8.5
BK1703,East Flatbush-Rugby,metro,2026-03-31,2026-03-31T05:30:32,5.9
BK1703,East Flatbush-Rugby,metro,2026-04-01,2026-04-01T05:30:32,7.5
BK1703,East Flatbush-Rugby,metro,2026-04-02,2026-04-02T05:30:32,5.4
BK1703,East Flatbush-Rugby,metro,2026-04-03,2026-04-03T05:30:33,9.1
BK1703,East Flatbush-Rugby,metro,2026-04-04,2026-04-04T05:30:33,9.4
BK1703,East Flatbush-Rugby,metro,2026-04-05,2026-04-05T05:30:32,6.5
BK1703,East Flatbush-Rugby,metro,2026-04-06,2026-04-06T05:30:33,10.2
BK1703,East Flatbush-Rugby,metro,2026-04-07,2026-04-07T05:30:33,10.1
BK1703,East Flatbush-Rugby,metro,2026-04-08,2026-04-08T05:30:33,9.2
BK1703,East Flatbush-Rugby,metro,2026-04-09,2026-04-09T05:30:33,9.3
BK1703,East Flatbush-Rugby,metro,2026-04-10,2026-04-10T05:30:33,10.4
BK1703,East Flatbush-Rugby,metro,2026-04-11,2026-04-11T05:30:32,11.2
BK1703,East Flatbush-Rugby,metro,2026-04-12,2026-04-12T05:30:31,10.1
BK1703,East Flatbush-Rugby,metro,2026-04-13,2026-04-13T05:30:30,10.7
BK1703,East Flatbush-Rugby,metro,2026-04-14,2026-04-14T05:30:30,11.8
BK1703,East Flatbush-Rugby,metro,2026-04-15,2026-04-15T05:30:32,11.7
BK1703,East Flatbush-Rugby,metro,2026-04-16,2026-04-16T05:30:33,11.7
BK1703,East Flatbush-Rugby,metro,2026-04-17,2026-04-17T05:30:33,11.6
BK1703,East Flatbush-Rugby,metro,2026-04-18,2026-04-18T05:30:32,11.3
BK1704,East Flatbush-Remsen Village,metro,2026-03-21,2026-03-21T05:30:33,6.8
BK1704,East Flatbush-Remsen Village,metro,2026-03-22,2026-03-22T05:30:33,6.6
BK1704,East Flatbush-Remsen Village,metro,2026-03-23,2026-03-23T05:30:33,2.7
BK1704,East Flatbush-Remsen Village,metro,2026-03-24,2026-03-24T05:30:33,7.8
BK1704,East Flatbush-Remsen Village,metro,2026-03-25,2026-03-25T05:30:33,7.6
BK1704,East Flatbush-Remsen Village,metro,2026-03-26,2026-03-26T05:30:33,8.1
BK1704,East Flatbush-Remsen Village,metro,2026-03-27,2026-03-27T05:30:33,6.8
BK1704,East Flatbush-Remsen Village,metro,2026-03-28,2026-03-28T05:30:33,7.7
BK1704,East Flatbush-Remsen Village,metro,2026-03-29,2026-03-29T05:30:33,7.3
BK1704,East Flatbush-Remsen Village,metro,2026-03-30,2026-03-30T05:30:33,8.5
BK1704,East Flatbush-Remsen Village,metro,2026-03-31,2026-03-31T05:30:32,5.9
BK1704,East Flatbush-Remsen Village,metro,2026-04-01,2026-04-01T05:30:32,7.5
BK1704,East Flatbush-Remsen Village,metro,2026-04-02,2026-04-02T05:30:32,5.4
BK1704,East Flatbush-Remsen Village,metro,2026-04-03,2026-04-03T05:30:33,9.1
BK1704,East Flatbush-Remsen Village,metro,2026-04-04,2026-04-04T05:30:33,9.4
BK1704,East Flatbush-Remsen Village,metro,2026-04-05,2026-04-05T05:30:32,6.5
BK1704,East Flatbush-Remsen Village,metro,2026-04-06,2026-04-06T05:30:33,10.2
BK1704,East Flatbush-Remsen Village,metro,2026-04-07,2026-04-07T05:30:33,10.1
BK1704,East Flatbush-Remsen Village,metro,2026-04-08,2026-04-08T05:30:33,9.2
BK1704,East Flatbush-Remsen Village,metro,2026-04-09,2026-04-09T05:30:33,9.3
BK1704,East Flatbush-Remsen Village,metro,2026-04-10,2026-04-10T05:30:33,10.4
BK1704,East Flatbush-Remsen Village,metro,2026-04-11,2026-04-11T05:30:32,11.2
BK1704,East Flatbush-Remsen Village,metro,2026-04-12,2026-04-12T05:30:31,10.1
BK1704,East Flatbush-Remsen Village,metro,2026-04-13,2026-04-13T05:30:30,10.7
BK1704,East Flatbush-Remsen Village,metro,2026-04-14,2026-04-14T05:30:30,11.8
BK1704,East Flatbush-Remsen Village,metro,2026-04-15,2026-04-15T05:30:32,11.7
BK1704,East Flatbush-Remsen Village,metro,2026-04-16,2026-04-16T05:30:33,11.7
BK1704,East Flatbush-Remsen Village,metro,2026-04-17,2026-04-17T05:30:33,11.6
BK1704,East Flatbush-Remsen Village,metro,2026-04-18,2026-04-18T05:30:32,11.3
BK1771,Holy Cross Cemetery,metro,2026-03-21,2026-03-21T05:30:33,6.8
BK1771,Holy Cross Cemetery,metro,2026-03-22,2026-03-22T05:30:33,6.6
BK1771,Holy Cross Cemetery,metro,2026-03-23,2026-03-23T05:30:33,2.7
BK1771,Holy Cross Cemetery,metro,2026-03-24,2026-03-24T05:30:33,7.8
BK1771,Holy Cross Cemetery,metro,2026-03-25,2026-03-25T05:30:33,7.6
BK1771,Holy Cross Cemetery,metro,2026-03-26,2026-03-26T05:30:33,8.1
BK1771,Holy Cross Cemetery,metro,2026-03-27,2026-03-27T05:30:33,6.8
BK1771,Holy Cross Cemetery,metro,2026-03-28,2026-03-28T05:30:33,7.7
BK1771,Holy Cross Cemetery,metro,2026-03-29,2026-03-29T05:30:33,7.3
BK1771,Holy Cross Cemetery,metro,2026-03-30,2026-03-30T05:30:33,8.5
BK1771,Holy Cross Cemetery,metro,2026-03-31,2026-03-31T05:30:32,5.9
BK1771,Holy Cross Cemetery,metro,2026-04-01,2026-04-01T05:30:32,7.5
BK1771,Holy Cross Cemetery,metro,2026-04-02,2026-04-02T05:30:32,5.4
BK1771,Holy Cross Cemetery,metro,2026-04-03,2026-04-03T05:30:33,9.1
BK1771,Holy Cross Cemetery,metro,2026-04-04,2026-04-04T05:30:33,9.4
BK1771,Holy Cross Cemetery,metro,2026-04-05,2026-04-05T05:30:32,6.5
BK1771,Holy Cross Cemetery,metro,2026-04-06,2026-04-06T05:30:33,10.2
BK1771,Holy Cross Cemetery,metro,2026-04-07,2026-04-07T05:30:33,10.1
BK1771,Holy Cross Cemetery,metro,2026-04-08,2026-04-08T05:30:33,9.2
BK1771,Holy Cross Cemetery,metro,2026-04-09,2026-04-09T05:30:33,9.3
BK1771,Holy Cross Cemetery,metro,2026-04-10,2026-04-10T05:30:33,10.4
BK1771,Holy Cross Cemetery,metro,2026-04-11,2026-04-11T05:30:32,11.2
BK1771,Holy Cross Cemetery,metro,2026-04-12,2026-04-12T05:30:31,10.1
BK1771,Holy Cross Cemetery,metro,2026-04-13,2026-04-13T05:30:30,10.7
BK1771,Holy Cross Cemetery,metro,2026-04-14,2026-04-14T05:30:30,11.8
BK1771,Holy Cross Cemetery,metro,2026-04-15,2026-04-15T05:30:32,11.7
BK1771,Holy Cross Cemetery,metro,2026-04-16,2026-04-16T05:30:33,11.7
BK1771,Holy Cross Cemetery,metro,2026-04-17,2026-04-17T05:30:33,11.6
BK1771,Holy Cross Cemetery,metro,2026-04-18,2026-04-18T05:30:32,11.3
BK1801,Flatlands,metro,2026-03-21,2026-03-21T05:30:33,6.8
BK1801,Flatlands,metro,2026-03-22,2026-03-22T05:30:33,6.6
BK1801,Flatlands,metro,2026-03-23,2026-03-23T05:30:33,2.7
BK1801,Flatlands,metro,2026-03-24,2026-03-24T05:30:33,7.8
BK1801,Flatlands,metro,2026-03-25,2026-03-25T05:30:33,7.6
BK1801,Flatlands,metro,2026-03-26,2026-03-26T05:30:33,8.1
BK1801,Flatlands,metro,2026-03-27,2026-03-27T05:30:33,6.8
BK1801,Flatlands,metro,2026-03-28,2026-03-28T05:30:33,7.7
BK1801,Flatlands,metro,2026-03-29,2026-03-29T05:30:33,7.3
BK1801,Flatlands,metro,2026-03-30,2026-03-30T05:30:33,8.5
BK1801,Flatlands,metro,2026-03-31,2026-03-31T05:30:32,5.9
BK1801,Flatlands,metro,2026-04-01,2026-04-01T05:30:32,7.5
BK1801,Flatlands,metro,2026-04-02,2026-04-02T05:30:32,5.4
BK1801,Flatlands,metro,2026-04-03,2026-04-03T05:30:33,9.1
BK1801,Flatlands,metro,2026-04-04,2026-04-04T05:30:33,9.4
BK1801,Flatlands,metro,2026-04-05,2026-04-05T05:30:32,6.5
BK1801,Flatlands,metro,2026-04-06,2026-04-06T05:30:33,10.2
BK1801,Flatlands,metro,2026-04-07,2026-04-07T05:30:33,10.1
BK1801,Flatlands,metro,2026-04-08,2026-04-08T05:30:33,9.2
BK1801,Flatlands,metro,2026-04-09,2026-04-09T05:30:33,9.3
BK1801,Flatlands,metro,2026-04-10,2026-04-10T05:30:33,10.4
BK1801,Flatlands,metro,2026-04-11,2026-04-11T05:30:32,11.2
BK1801,Flatlands,metro,2026-04-12,2026-04-12T05:30:31,10.1
BK1801,Flatlands,metro,2026-04-13,2026-04-13T05:30:30,10.7
BK1801,Flatlands,metro,2026-04-14,2026-04-14T05:30:30,11.8
BK1801,Flatlands,metro,2026-04-15,2026-04-15T05:30:32,11.7
BK1801,Flatlands,metro,2026-04-16,2026-04-16T05:30:33,11.7
BK1801,Flatlands,metro,2026-04-17,2026-04-17T05:30:33,11.6
BK1801,Flatlands,metro,2026-04-18,2026-04-18T05:30:32,11.3
BK1802,Marine Park-Mill Basin-Bergen Beach,metro,2026-03-21,2026-03-21T05:30:33,6.8
BK1802,Marine Park-Mill Basin-Bergen Beach,metro,2026-03-22,2026-03-22T05:30:33,6.6
BK1802,Marine Park-Mill Basin-Bergen Beach,metro,2026-03-23,2026-03-23T05:30:33,2.7
BK1802,Marine Park-Mill Basin-Bergen Beach,metro,2026-03-24,2026-03-24T05:30:33,7.8
BK1802,Marine Park-Mill Basin-Bergen Beach,metro,2026-03-25,2026-03-25T05:30:33,7.6
BK1802,Marine Park-Mill Basin-Bergen Beach,metro,2026-03-26,2026-03-26T05:30:33,8.1
BK1802,Marine Park-Mill Basin-Bergen Beach,metro,2026-03-27,2026-03-27T05:30:33,6.8
BK1802,Marine Park-Mill Basin-Bergen Beach,metro,2026-03-28,2026-03-28T05:30:33,7.7
BK1802,Marine Park-Mill Basin-Bergen Beach,metro,2026-03-29,2026-03-29T05:30:33,7.3
BK1802,Marine Park-Mill Basin-Bergen Beach,metro,2026-03-30,2026-03-30T05:30:33,8.5
BK1802,Marine Park-Mill Basin-Bergen Beach,metro,2026-03-31,2026-03-31T05:30:32,5.9
BK1802,Marine Park-Mill Basin-Bergen Beach,metro,2026-04-01,2026-04-01T05:30:32,7.5
BK1802,Marine Park-Mill Basin-Bergen Beach,metro,2026-04-02,2026-04-02T05:30:32,5.4
BK1802,Marine Park-Mill Basin-Bergen Beach,metro,2026-04-03,2026-04-03T05:30:33,9.1
BK1802,Marine Park-Mill Basin-Bergen Beach,metro,2026-04-04,2026-04-04T05:30:33,9.4
BK1802,Marine Park-Mill Basin-Bergen Beach,metro,2026-04-05,2026-04-05T05:30:32,6.5
BK1802,Marine Park-Mill Basin-Bergen Beach,metro,2026-04-06,2026-04-06T05:30:33,10.2
BK1802,Marine Park-Mill Basin-Bergen Beach,metro,2026-04-07,2026-04-07T05:30:33,10.1
BK1802,Marine Park-Mill Basin-Bergen Beach,metro,2026-04-08,2026-04-08T05:30:33,9.2
BK1802,Marine Park-Mill Basin-Bergen Beach,metro,2026-04-09,2026-04-09T05:30:33,9.3
BK1802,Marine Park-Mill Basin-Bergen Beach,metro,2026-04-10,2026-04-10T05:30:33,10.4
BK1802,Marine Park-Mill Basin-Bergen Beach,metro,2026-04-11,2026-04-11T05:30:32,11.2
BK1802,Marine Park-Mill Basin-Bergen Beach,metro,2026-04-12,2026-04-12T05:30:31,10.1
BK1802,Marine Park-Mill Basin-Bergen Beach,metro,2026-04-13,2026-04-13T05:30:30,10.7
BK1802,Marine Park-Mill Basin-Bergen Beach,metro,2026-04-14,2026-04-14T05:30:30,11.8
BK1802,Marine Park-Mill Basin-Bergen Beach,metro,2026-04-15,2026-04-15T05:30:32,11.7
BK1802,Marine Park-Mill Basin-Bergen Beach,metro,2026-04-16,2026-04-16T05:30:33,11.7
BK1802,Marine Park-Mill Basin-Bergen Beach,metro,2026-04-17,2026-04-17T05:30:33,11.6
BK1802,Marine Park-Mill Basin-Bergen Beach,metro,2026-04-18,2026-04-18T05:30:32,11.3
BK1803,Canarsie,metro,2026-03-21,2026-03-21T05:30:33,6.8
BK1803,Canarsie,metro,2026-03-22,2026-03-22T05:30:33,6.6
BK1803,Canarsie,metro,2026-03-23,2026-03-23T05:30:33,2.7
BK1803,Canarsie,metro,2026-03-24,2026-03-24T05:30:33,7.8
BK1803,Canarsie,metro,2026-03-25,2026-03-25T05:30:33,7.6
BK1803,Canarsie,metro,2026-03-26,2026-03-26T05:30:33,8.1
BK1803,Canarsie,metro,2026-03-27,2026-03-27T05:30:33,6.8
BK1803,Canarsie,metro,2026-03-28,2026-03-28T05:30:33,7.7
BK1803,Canarsie,metro,2026-03-29,2026-03-29T05:30:33,7.3
BK1803,Canarsie,metro,2026-03-30,2026-03-30T05:30:33,8.5
BK1803,Canarsie,metro,2026-03-31,2026-03-31T05:30:32,5.9
BK1803,Canarsie,metro,2026-04-01,2026-04-01T05:30:32,7.5
BK1803,Canarsie,metro,2026-04-02,2026-04-02T05:30:32,5.4
BK1803,Canarsie,metro,2026-04-03,2026-04-03T05:30:33,9.1
BK1803,Canarsie,metro,2026-04-04,2026-04-04T05:30:33,9.4
BK1803,Canarsie,metro,2026-04-05,2026-04-05T05:30:32,6.5
BK1803,Canarsie,metro,2026-04-06,2026-04-06T05:30:33,10.2
BK1803,Canarsie,metro,2026-04-07,2026-04-07T05:30:33,10.1
BK1803,Canarsie,metro,2026-04-08,2026-04-08T05:30:33,9.2
BK1803,Canarsie,metro,2026-04-09,2026-04-09T05:30:33,9.3
BK1803,Canarsie,metro,2026-04-10,2026-04-10T05:30:33,10.4
BK1803,Canarsie,metro,2026-04-11,2026-04-11T05:30:32,11.2
BK1803,Canarsie,metro,2026-04-12,2026-04-12T05:30:31,10.1
BK1803,Canarsie,metro,2026-04-13,2026-04-13T05:30:30,10.7
BK1803,Canarsie,metro,2026-04-14,2026-04-14T05:30:30,11.8
BK1803,Canarsie,metro,2026-04-15,2026-04-15T05:30:32,11.7
BK1803,Canarsie,metro,2026-04-16,2026-04-16T05:30:33,11.7
BK1803,Canarsie,metro,2026-04-17,2026-04-17T05:30:33,11.6
BK1803,Canarsie,metro,2026-04-18,2026-04-18T05:30:32,11.3
BK1891,Marine Park-Plumb Island,metro,2026-03-21,2026-03-21T05:30:33,6.8
BK1891,Marine Park-Plumb Island,metro,2026-03-22,2026-03-22T05:30:33,6.6
BK1891,Marine Park-Plumb Island,metro,2026-03-23,2026-03-23T05:30:33,2.7
BK1891,Marine Park-Plumb Island,metro,2026-03-24,2026-03-24T05:30:33,7.8
BK1891,Marine Park-Plumb Island,metro,2026-03-25,2026-03-25T05:30:33,7.6
BK1891,Marine Park-Plumb Island,metro,2026-03-26,2026-03-26T05:30:33,8.1
BK1891,Marine Park-Plumb Island,metro,2026-03-27,2026-03-27T05:30:33,6.8
BK1891,Marine Park-Plumb Island,metro,2026-03-28,2026-03-28T05:30:33,7.7
BK1891,Marine Park-Plumb Island,metro,2026-03-29,2026-03-29T05:30:33,7.3
BK1891,Marine Park-Plumb Island,metro,2026-03-30,2026-03-30T05:30:33,8.5
BK1891,Marine Park-Plumb Island,metro,2026-03-31,2026-03-31T05:30:32,5.9
BK1891,Marine Park-Plumb Island,metro,2026-04-01,2026-04-01T05:30:32,7.5
BK1891,Marine Park-Plumb Island,metro,2026-04-02,2026-04-02T05:30:32,5.4
BK1891,Marine Park-Plumb Island,metro,2026-04-03,2026-04-03T05:30:33,9.1
BK1891,Marine Park-Plumb Island,metro,2026-04-04,2026-04-04T05:30:33,9.4
BK1891,Marine Park-Plumb Island,metro,2026-04-05,2026-04-05T05:30:32,6.5
BK1891,Marine Park-Plumb Island,metro,2026-04-06,2026-04-06T05:30:33,10.2
BK1891,Marine Park-Plumb Island,metro,2026-04-07,2026-04-07T05:30:33,10.1
BK1891,Marine Park-Plumb Island,metro,2026-04-08,2026-04-08T05:30:33,9.2
BK1891,Marine Park-Plumb Island,metro,2026-04-09,2026-04-09T05:30:33,9.3
BK1891,Marine Park-Plumb Island,metro,2026-04-10,2026-04-10T05:30:33,10.4
BK1891,Marine Park-Plumb Island,metro,2026-04-11,2026-04-11T05:30:32,11.2
BK1891,Marine Park-Plumb Island,metro,2026-04-12,2026-04-12T05:30:31,10.1
BK1891,Marine Park-Plumb Island,metro,2026-04-13,2026-04-13T05:30:30,10.7
BK1891,Marine Park-Plumb Island,metro,2026-04-14,2026-04-14T05:30:30,11.8
BK1891,Marine Park-Plumb Island,metro,2026-04-15,2026-04-15T05:30:32,11.7
BK1891,Marine Park-Plumb Island,metro,2026-04-16,2026-04-16T05:30:33,11.7
BK1891,Marine Park-Plumb Island,metro,2026-04-17,2026-04-17T05:30:33,11.6
BK1891,Marine Park-Plumb Island,metro,2026-04-18,2026-04-18T05:30:32,11.3
BK1892,McGuire Fields,metro,2026-03-21,2026-03-21T05:30:33,6.8
BK1892,McGuire Fields,metro,2026-03-22,2026-03-22T05:30:33,6.6
BK1892,McGuire Fields,metro,2026-03-23,2026-03-23T05:30:33,2.7
BK1892,McGuire Fields,metro,2026-03-24,2026-03-24T05:30:33,7.8
BK1892,McGuire Fields,metro,2026-03-25,2026-03-25T05:30:33,7.6
BK1892,McGuire Fields,metro,2026-03-26,2026-03-26T05:30:33,8.1
BK1892,McGuire Fields,metro,2026-03-27,2026-03-27T05:30:33,6.8
BK1892,McGuire Fields,metro,2026-03-28,2026-03-28T05:30:33,7.7
BK1892,McGuire Fields,metro,2026-03-29,2026-03-29T05:30:33,7.3
BK1892,McGuire Fields,metro,2026-03-30,2026-03-30T05:30:33,8.5
BK1892,McGuire Fields,metro,2026-03-31,2026-03-31T05:30:32,5.9
BK1892,McGuire Fields,metro,2026-04-01,2026-04-01T05:30:32,7.5
BK1892,McGuire Fields,metro,2026-04-02,2026-04-02T05:30:32,5.4
BK1892,McGuire Fields,metro,2026-04-03,2026-04-03T05:30:33,9.1
BK1892,McGuire Fields,metro,2026-04-04,2026-04-04T05:30:33,9.4
BK1892,McGuire Fields,metro,2026-04-05,2026-04-05T05:30:32,6.5
BK1892,McGuire Fields,metro,2026-04-06,2026-04-06T05:30:33,10.2
BK1892,McGuire Fields,metro,2026-04-07,2026-04-07T05:30:33,10.1
BK1892,McGuire Fields,metro,2026-04-08,2026-04-08T05:30:33,9.2
BK1892,McGuire Fields,metro,2026-04-09,2026-04-09T05:30:33,9.3
BK1892,McGuire Fields,metro,2026-04-10,2026-04-10T05:30:33,10.4
BK1892,McGuire Fields,metro,2026-04-11,2026-04-11T05:30:32,11.2
BK1892,McGuire Fields,metro,2026-04-12,2026-04-12T05:30:31,10.1
BK1892,McGuire Fields,metro,2026-04-13,2026-04-13T05:30:30,10.7
BK1892,McGuire Fields,metro,2026-04-14,2026-04-14T05:30:30,11.8
BK1892,McGuire Fields,metro,2026-04-15,2026-04-15T05:30:32,11.7
BK1892,McGuire Fields,metro,2026-04-16,2026-04-16T05:30:33,11.7
BK1892,McGuire Fields,metro,2026-04-17,2026-04-17T05:30:33,11.6
BK1892,McGuire Fields,metro,2026-04-18,2026-04-18T05:30:32,11.3
BK1893,Canarsie Park & Pier,metro,2026-03-21,2026-03-21T05:30:33,6.8
BK1893,Canarsie Park & Pier,metro,2026-03-22,2026-03-22T05:30:33,6.6
BK1893,Canarsie Park & Pier,metro,2026-03-23,2026-03-23T05:30:33,2.7
BK1893,Canarsie Park & Pier,metro,2026-03-24,2026-03-24T05:30:33,7.8
BK1893,Canarsie Park & Pier,metro,2026-03-25,2026-03-25T05:30:33,7.6
BK1893,Canarsie Park & Pier,metro,2026-03-26,2026-03-26T05:30:33,8.1
BK1893,Canarsie Park & Pier,metro,2026-03-27,2026-03-27T05:30:33,6.8
BK1893,Canarsie Park & Pier,metro,2026-03-28,2026-03-28T05:30:33,7.7
BK1893,Canarsie Park & Pier,metro,2026-03-29,2026-03-29T05:30:33,7.3
BK1893,Canarsie Park & Pier,metro,2026-03-30,2026-03-30T05:30:33,8.5
BK1893,Canarsie Park & Pier,metro,2026-03-31,2026-03-31T05:30:32,5.9
BK1893,Canarsie Park & Pier,metro,2026-04-01,2026-04-01T05:30:32,7.5
BK1893,Canarsie Park & Pier,metro,2026-04-02,2026-04-02T05:30:32,5.4
BK1893,Canarsie Park & Pier,metro,2026-04-03,2026-04-03T05:30:33,9.1
BK1893,Canarsie Park & Pier,metro,2026-04-04,2026-04-04T05:30:33,9.4
BK1893,Canarsie Park & Pier,metro,2026-04-05,2026-04-05T05:30:32,6.5
BK1893,Canarsie Park & Pier,metro,2026-04-06,2026-04-06T05:30:33,10.2
BK1893,Canarsie Park & Pier,metro,2026-04-07,2026-04-07T05:30:33,10.1
BK1893,Canarsie Park & Pier,metro,2026-04-08,2026-04-08T05:30:33,9.2
BK1893,Canarsie Park & Pier,metro,2026-04-09,2026-04-09T05:30:33,9.3
BK1893,Canarsie Park & Pier,metro,2026-04-10,2026-04-10T05:30:33,10.4
BK1893,Canarsie Park & Pier,metro,2026-04-11,2026-04-11T05:30:32,11.2
BK1893,Canarsie Park & Pier,metro,2026-04-12,2026-04-12T05:30:31,10.1
BK1893,Canarsie Park & Pier,metro,2026-04-13,2026-04-13T05:30:30,10.7
BK1893,Canarsie Park & Pier,metro,2026-04-14,2026-04-14T05:30:30,11.8
BK1893,Canarsie Park & Pier,metro,2026-04-15,2026-04-15T05:30:32,11.7
BK1893,Canarsie Park & Pier,metro,2026-04-16,2026-04-16T05:30:33,11.7
BK1893,Canarsie Park & Pier,metro,2026-04-17,2026-04-17T05:30:33,11.6
BK1893,Canarsie Park & Pier,metro,2026-04-18,2026-04-18T05:30:32,11.3
BK5591,Prospect Park,metro,2026-03-21,2026-03-21T05:30:33,6.8
BK5591,Prospect Park,metro,2026-03-22,2026-03-22T05:30:33,6.6
BK5591,Prospect Park,metro,2026-03-23,2026-03-23T05:30:33,2.7
BK5591,Prospect Park,metro,2026-03-24,2026-03-24T05:30:33,7.8
BK5591,Prospect Park,metro,2026-03-25,2026-03-25T05:30:33,7.6
BK5591,Prospect Park,metro,2026-03-26,2026-03-26T05:30:33,8.1
BK5591,Prospect Park,metro,2026-03-27,2026-03-27T05:30:33,6.8
BK5591,Prospect Park,metro,2026-03-28,2026-03-28T05:30:33,7.7
BK5591,Prospect Park,metro,2026-03-29,2026-03-29T05:30:33,7.3
BK5591,Prospect Park,metro,2026-03-30,2026-03-30T05:30:33,8.5
BK5591,Prospect Park,metro,2026-03-31,2026-03-31T05:30:32,5.9
BK5591,Prospect Park,metro,2026-04-01,2026-04-01T05:30:32,7.5
BK5591,Prospect Park,metro,2026-04-02,2026-04-02T05:30:32,5.4
BK5591,Prospect Park,metro,2026-04-03,2026-04-03T05:30:33,9.1
BK5591,Prospect Park,metro,2026-04-04,2026-04-04T05:30:33,9.4
BK5591,Prospect Park,metro,2026-04-05,2026-04-05T05:30:32,6.5
BK5591,Prospect Park,metro,2026-04-06,2026-04-06T05:30:33,10.2
BK5591,Prospect Park,metro,2026-04-07,2026-04-07T05:30:33,10.1
BK5591,Prospect Park,metro,2026-04-08,2026-04-08T05:30:33,9.2
BK5591,Prospect Park,metro,2026-04-09,2026-04-09T05:30:33,9.3
BK5591,Prospect Park,metro,2026-04-10,2026-04-10T05:30:33,10.4
BK5591,Prospect Park,metro,2026-04-11,2026-04-11T05:30:32,11.2
BK5591,Prospect Park,metro,2026-04-12,2026-04-12T05:30:31,10.1
BK5591,Prospect Park,metro,2026-04-13,2026-04-13T05:30:30,10.7
BK5591,Prospect Park,metro,2026-04-14,2026-04-14T05:30:30,11.8
BK5591,Prospect Park,metro,2026-04-15,2026-04-15T05:30:32,11.7
BK5591,Prospect Park,metro,2026-04-16,2026-04-16T05:30:33,11.7
BK5591,Prospect Park,metro,2026-04-17,2026-04-17T05:30:33,11.6
BK5591,Prospect Park,metro,2026-04-18,2026-04-18T05:30:32,11.3
BK5691,Barren Island-Floyd Bennett Field,metro,2026-03-21,2026-03-21T05:30:33,6.8
BK5691,Barren Island-Floyd Bennett Field,metro,2026-03-22,2026-03-22T05:30:33,6.6
BK5691,Barren Island-Floyd Bennett Field,metro,2026-03-23,2026-03-23T05:30:33,2.7
BK5691,Barren Island-Floyd Bennett Field,metro,2026-03-24,2026-03-24T05:30:33,7.8
BK5691,Barren Island-Floyd Bennett Field,metro,2026-03-25,2026-03-25T05:30:33,7.6
BK5691,Barren Island-Floyd Bennett Field,metro,2026-03-26,2026-03-26T05:30:33,8.1
BK5691,Barren Island-Floyd Bennett Field,metro,2026-03-27,2026-03-27T05:30:33,6.8
BK5691,Barren Island-Floyd Bennett Field,metro,2026-03-28,2026-03-28T05:30:33,7.7
BK5691,Barren Island-Floyd Bennett Field,metro,2026-03-29,2026-03-29T05:30:33,7.3
BK5691,Barren Island-Floyd Bennett Field,metro,2026-03-30,2026-03-30T05:30:33,8.5
BK5691,Barren Island-Floyd Bennett Field,metro,2026-03-31,2026-03-31T05:30:32,5.9
BK5691,Barren Island-Floyd Bennett Field,metro,2026-04-01,2026-04-01T05:30:32,7.5
BK5691,Barren Island-Floyd Bennett Field,metro,2026-04-02,2026-04-02T05:30:32,5.4
BK5691,Barren Island-Floyd Bennett Field,metro,2026-04-03,2026-04-03T05:30:33,9.1
BK5691,Barren Island-Floyd Bennett Field,metro,2026-04-04,2026-04-04T05:30:33,9.4
BK5691,Barren Island-Floyd Bennett Field,metro,2026-04-05,2026-04-05T05:30:32,6.5
BK5691,Barren Island-Floyd Bennett Field,metro,2026-04-06,2026-04-06T05:30:33,10.2
BK5691,Barren Island-Floyd Bennett Field,metro,2026-04-07,2026-04-07T05:30:33,10.1
BK5691,Barren Island-Floyd Bennett Field,metro,2026-04-08,2026-04-08T05:30:33,9.2
BK5691,Barren Island-Floyd Bennett Field,metro,2026-04-09,2026-04-09T05:30:33,9.3
BK5691,Barren Island-Floyd Bennett Field,metro,2026-04-10,2026-04-10T05:30:33,10.4
BK5691,Barren Island-Floyd Bennett Field,metro,2026-04-11,2026-04-11T05:30:32,11.2
BK5691,Barren Island-Floyd Bennett Field,metro,2026-04-12,2026-04-12T05:30:31,10.1
BK5691,Barren Island-Floyd Bennett Field,metro,2026-04-13,2026-04-13T05:30:30,10.7
BK5691,Barren Island-Floyd Bennett Field,metro,2026-04-14,2026-04-14T05:30:30,11.8
BK5691,Barren Island-Floyd Bennett Field,metro,2026-04-15,2026-04-15T05:30:32,11.7
BK5691,Barren Island-Floyd Bennett Field,metro,2026-04-16,2026-04-16T05:30:33,11.7
BK5691,Barren Island-Floyd Bennett Field,metro,2026-04-17,2026-04-17T05:30:33,11.6
BK5691,Barren Island-Floyd Bennett Field,metro,2026-04-18,2026-04-18T05:30:32,11.3
BK5692,Jamaica Bay (West),metro,2026-03-21,2026-03-21T05:30:33,6.8
BK5692,Jamaica Bay (West),metro,2026-03-22,2026-03-22T05:30:33,6.6
BK5692,Jamaica Bay (West),metro,2026-03-23,2026-03-23T05:30:33,2.7
BK5692,Jamaica Bay (West),metro,2026-03-24,2026-03-24T05:30:33,7.8
BK5692,Jamaica Bay (West),metro,2026-03-25,2026-03-25T05:30:33,7.6
BK5692,Jamaica Bay (West),metro,2026-03-26,2026-03-26T05:30:33,8.1
BK5692,Jamaica Bay (West),metro,2026-03-27,2026-03-27T05:30:33,6.8
BK5692,Jamaica Bay (West),metro,2026-03-28,2026-03-28T05:30:33,7.7
BK5692,Jamaica Bay (West),metro,2026-03-29,2026-03-29T05:30:33,7.3
BK5692,Jamaica Bay (West),metro,2026-03-30,2026-03-30T05:30:33,8.5
BK5692,Jamaica Bay (West),metro,2026-03-31,2026-03-31T05:30:32,5.9
BK5692,Jamaica Bay (West),metro,2026-04-01,2026-04-01T05:30:32,7.5
BK5692,Jamaica Bay (West),metro,2026-04-02,2026-04-02T05:30:32,5.4
BK5692,Jamaica Bay (West),metro,2026-04-03,2026-04-03T05:30:33,9.1
BK5692,Jamaica Bay (West),metro,2026-04-04,2026-04-04T05:30:33,9.4
BK5692,Jamaica Bay (West),metro,2026-04-05,2026-04-05T05:30:32,6.5
BK5692,Jamaica Bay (West),metro,2026-04-06,2026-04-06T05:30:33,10.2
BK5692,Jamaica Bay (West),metro,2026-04-07,2026-04-07T05:30:33,10.1
BK5692,Jamaica Bay (West),metro,2026-04-08,2026-04-08T05:30:33,9.2
BK5692,Jamaica Bay (West),metro,2026-04-09,2026-04-09T05:30:33,9.3
BK5692,Jamaica Bay (West),metro,2026-04-10,2026-04-10T05:30:33,10.4
BK5692,Jamaica Bay (West),metro,2026-04-11,2026-04-11T05:30:32,11.2
BK5692,Jamaica Bay (West),metro,2026-04-12,2026-04-12T05:30:31,10.1
BK5692,Jamaica Bay (West),metro,2026-04-13,2026-04-13T05:30:30,10.7
BK5692,Jamaica Bay (West),metro,2026-04-14,2026-04-14T05:30:30,11.8
BK5692,Jamaica Bay (West),metro,2026-04-15,2026-04-15T05:30:32,11.7
BK5692,Jamaica Bay (West),metro,2026-04-16,2026-04-16T05:30:33,11.7
BK5692,Jamaica Bay (West),metro,2026-04-17,2026-04-17T05:30:33,11.6
BK5692,Jamaica Bay (West),metro,2026-04-18,2026-04-18T05:30:32,11.3
BK5693,Shirley Chisholm State Park,metro,2026-03-21,2026-03-21T05:30:33,6.8
BK5693,Shirley Chisholm State Park,metro,2026-03-22,2026-03-22T05:30:33,6.6
BK5693,Shirley Chisholm State Park,metro,2026-03-23,2026-03-23T05:30:33,2.7
BK5693,Shirley Chisholm State Park,metro,2026-03-24,2026-03-24T05:30:33,7.8
BK5693,Shirley Chisholm State Park,metro,2026-03-25,2026-03-25T05:30:33,7.6
BK5693,Shirley Chisholm State Park,metro,2026-03-26,2026-03-26T05:30:33,8.1
BK5693,Shirley Chisholm State Park,metro,2026-03-27,2026-03-27T05:30:33,6.8
BK5693,Shirley Chisholm State Park,metro,2026-03-28,2026-03-28T05:30:33,7.7
BK5693,Shirley Chisholm State Park,metro,2026-03-29,2026-03-29T05:30:33,7.3
BK5693,Shirley Chisholm State Park,metro,2026-03-30,2026-03-30T05:30:33,8.5
BK5693,Shirley Chisholm State Park,metro,2026-03-31,2026-03-31T05:30:32,5.9
BK5693,Shirley Chisholm State Park,metro,2026-04-01,2026-04-01T05:30:32,7.5
BK5693,Shirley Chisholm State Park,metro,2026-04-02,2026-04-02T05:30:32,5.4
BK5693,Shirley Chisholm State Park,metro,2026-04-03,2026-04-03T05:30:33,9.1
BK5693,Shirley Chisholm State Park,metro,2026-04-04,2026-04-04T05:30:33,9.4
BK5693,Shirley Chisholm State Park,metro,2026-04-05,2026-04-05T05:30:32,6.5
BK5693,Shirley Chisholm State Park,metro,2026-04-06,2026-04-06T05:30:33,10.2
BK5693,Shirley Chisholm State Park,metro,2026-04-07,2026-04-07T05:30:33,10.1
BK5693,Shirley Chisholm State Park,metro,2026-04-08,2026-04-08T05:30:33,9.2
BK5693,Shirley Chisholm State Park,metro,2026-04-09,2026-04-09T05:30:33,9.3
BK5693,Shirley Chisholm State Park,metro,2026-04-10,2026-04-10T05:30:33,10.4
BK5693,Shirley Chisholm State Park,metro,2026-04-11,2026-04-11T05:30:32,11.2
BK5693,Shirley Chisholm State Park,metro,2026-04-12,2026-04-12T05:30:31,10.1
BK5693,Shirley Chisholm State Park,metro,2026-04-13,2026-04-13T05:30:30,10.7
BK5693,Shirley Chisholm State Park,metro,2026-04-14,2026-04-14T05:30:30,11.8
BK5693,Shirley Chisholm State Park,metro,2026-04-15,2026-04-15T05:30:32,11.7
BK5693,Shirley Chisholm State Park,metro,2026-04-16,2026-04-16T05:30:33,11.7
BK5693,Shirley Chisholm State Park,metro,2026-04-17,2026-04-17T05:30:33,11.6
BK5693,Shirley Chisholm State Park,metro,2026-04-18,2026-04-18T05:30:32,11.3
BX0101,Mott Haven-Port Morris,metro,2026-03-21,2026-03-21T05:30:33,6.8
BX0101,Mott Haven-Port Morris,metro,2026-03-22,2026-03-22T05:30:33,6.6
BX0101,Mott Haven-Port Morris,metro,2026-03-23,2026-03-23T05:30:33,2.7
BX0101,Mott Haven-Port Morris,metro,2026-03-24,2026-03-24T05:30:33,7.8
BX0101,Mott Haven-Port Morris,metro,2026-03-25,2026-03-25T05:30:33,7.6
BX0101,Mott Haven-Port Morris,metro,2026-03-26,2026-03-26T05:30:33,8.1
BX0101,Mott Haven-Port Morris,metro,2026-03-27,2026-03-27T05:30:33,6.8
BX0101,Mott Haven-Port Morris,metro,2026-03-28,2026-03-28T05:30:33,7.7
BX0101,Mott Haven-Port Morris,metro,2026-03-29,2026-03-29T05:30:33,7.3
BX0101,Mott Haven-Port Morris,metro,2026-03-30,2026-03-30T05:30:33,8.5
BX0101,Mott Haven-Port Morris,metro,2026-03-31,2026-03-31T05:30:32,5.9
BX0101,Mott Haven-Port Morris,metro,2026-04-01,2026-04-01T05:30:32,7.5
BX0101,Mott Haven-Port Morris,metro,2026-04-02,2026-04-02T05:30:32,5.4
BX0101,Mott Haven-Port Morris,metro,2026-04-03,2026-04-03T05:30:33,9.1
BX0101,Mott Haven-Port Morris,metro,2026-04-04,2026-04-04T05:30:33,9.4
BX0101,Mott Haven-Port Morris,metro,2026-04-05,2026-04-05T05:30:32,6.5
BX0101,Mott Haven-Port Morris,metro,2026-04-06,2026-04-06T05:30:33,10.2
BX0101,Mott Haven-Port Morris,metro,2026-04-07,2026-04-07T05:30:33,10.1
BX0101,Mott Haven-Port Morris,metro,2026-04-08,2026-04-08T05:30:33,9.2
BX0101,Mott Haven-Port Morris,metro,2026-04-09,2026-04-09T05:30:33,9.3
BX0101,Mott Haven-Port Morris,metro,2026-04-10,2026-04-10T05:30:33,10.4
BX0101,Mott Haven-Port Morris,metro,2026-04-11,2026-04-11T05:30:32,11.2
BX0101,Mott Haven-Port Morris,metro,2026-04-12,2026-04-12T05:30:31,10.1
BX0101,Mott Haven-Port Morris,metro,2026-04-13,2026-04-13T05:30:30,10.7
BX0101,Mott Haven-Port Morris,metro,2026-04-14,2026-04-14T05:30:30,11.8
BX0101,Mott Haven-Port Morris,metro,2026-04-15,2026-04-15T05:30:32,11.7
BX0101,Mott Haven-Port Morris,metro,2026-04-16,2026-04-16T05:30:33,11.7
BX0101,Mott Haven-Port Morris,metro,2026-04-17,2026-04-17T05:30:33,11.6
BX0101,Mott Haven-Port Morris,metro,2026-04-18,2026-04-18T05:30:32,11.3
BX0102,Melrose,metro,2026-03-21,2026-03-21T05:30:33,6.8
BX0102,Melrose,metro,2026-03-22,2026-03-22T05:30:33,6.6
BX0102,Melrose,metro,2026-03-23,2026-03-23T05:30:33,2.7
BX0102,Melrose,metro,2026-03-24,2026-03-24T05:30:33,7.8
BX0102,Melrose,metro,2026-03-25,2026-03-25T05:30:33,7.6
BX0102,Melrose,metro,2026-03-26,2026-03-26T05:30:33,8.1
BX0102,Melrose,metro,2026-03-27,2026-03-27T05:30:33,6.8
BX0102,Melrose,metro,2026-03-28,2026-03-28T05:30:33,7.7
BX0102,Melrose,metro,2026-03-29,2026-03-29T05:30:33,7.3
BX0102,Melrose,metro,2026-03-30,2026-03-30T05:30:33,8.5
BX0102,Melrose,metro,2026-03-31,2026-03-31T05:30:32,5.9
BX0102,Melrose,metro,2026-04-01,2026-04-01T05:30:32,7.5
BX0102,Melrose,metro,2026-04-02,2026-04-02T05:30:32,5.4
BX0102,Melrose,metro,2026-04-03,2026-04-03T05:30:33,9.1
BX0102,Melrose,metro,2026-04-04,2026-04-04T05:30:33,9.4
BX0102,Melrose,metro,2026-04-05,2026-04-05T05:30:32,6.5
BX0102,Melrose,metro,2026-04-06,2026-04-06T05:30:33,10.2
BX0102,Melrose,metro,2026-04-07,2026-04-07T05:30:33,10.1
BX0102,Melrose,metro,2026-04-08,2026-04-08T05:30:33,9.2
BX0102,Melrose,metro,2026-04-09,2026-04-09T05:30:33,9.3
BX0102,Melrose,metro,2026-04-10,2026-04-10T05:30:33,10.4
BX0102,Melrose,metro,2026-04-11,2026-04-11T05:30:32,11.2
BX0102,Melrose,metro,2026-04-12,2026-04-12T05:30:31,10.1
BX0102,Melrose,metro,2026-04-13,2026-04-13T05:30:30,10.7
BX0102,Melrose,metro,2026-04-14,2026-04-14T05:30:30,11.8
BX0102,Melrose,metro,2026-04-15,2026-04-15T05:30:32,11.7
BX0102,Melrose,metro,2026-04-16,2026-04-16T05:30:33,11.7
BX0102,Melrose,metro,2026-04-17,2026-04-17T05:30:33,11.6
BX0102,Melrose,metro,2026-04-18,2026-04-18T05:30:32,11.3
BX0201,Hunts Point,metro,2026-03-21,2026-03-21T05:30:33,6.8
BX0201,Hunts Point,metro,2026-03-22,2026-03-22T05:30:33,6.6
BX0201,Hunts Point,metro,2026-03-23,2026-03-23T05:30:33,2.7
BX0201,Hunts Point,metro,2026-03-24,2026-03-24T05:30:33,7.8
BX0201,Hunts Point,metro,2026-03-25,2026-03-25T05:30:33,7.6
BX0201,Hunts Point,metro,2026-03-26,2026-03-26T05:30:33,8.1
BX0201,Hunts Point,metro,2026-03-27,2026-03-27T05:30:33,6.8
BX0201,Hunts Point,metro,2026-03-28,2026-03-28T05:30:33,7.7
BX0201,Hunts Point,metro,2026-03-29,2026-03-29T05:30:33,7.3
BX0201,Hunts Point,metro,2026-03-30,2026-03-30T05:30:33,8.5
BX0201,Hunts Point,metro,2026-03-31,2026-03-31T05:30:32,5.9
BX0201,Hunts Point,metro,2026-04-01,2026-04-01T05:30:32,7.5
BX0201,Hunts Point,metro,2026-04-02,2026-04-02T05:30:32,5.4
BX0201,Hunts Point,metro,2026-04-03,2026-04-03T05:30:33,9.1
BX0201,Hunts Point,metro,2026-04-04,2026-04-04T05:30:33,9.4
BX0201,Hunts Point,metro,2026-04-05,2026-04-05T05:30:32,6.5
BX0201,Hunts Point,metro,2026-04-06,2026-04-06T05:30:33,10.2
BX0201,Hunts Point,metro,2026-04-07,2026-04-07T05:30:33,10.1
BX0201,Hunts Point,metro,2026-04-08,2026-04-08T05:30:33,9.2
BX0201,Hunts Point,metro,2026-04-09,2026-04-09T05:30:33,9.3
BX0201,Hunts Point,metro,2026-04-10,2026-04-10T05:30:33,10.4
BX0201,Hunts Point,metro,2026-04-11,2026-04-11T05:30:32,11.2
BX0201,Hunts Point,metro,2026-04-12,2026-04-12T05:30:31,10.1
BX0201,Hunts Point,metro,2026-04-13,2026-04-13T05:30:30,10.7
BX0201,Hunts Point,metro,2026-04-14,2026-04-14T05:30:30,11.8
BX0201,Hunts Point,metro,2026-04-15,2026-04-15T05:30:32,11.7
BX0201,Hunts Point,metro,2026-04-16,2026-04-16T05:30:33,11.7
BX0201,Hunts Point,metro,2026-04-17,2026-04-17T05:30:33,11.6
BX0201,Hunts Point,metro,2026-04-18,2026-04-18T05:30:32,11.3
BX0202,Longwood,metro,2026-03-21,2026-03-21T05:30:33,6.8
BX0202,Longwood,metro,2026-03-22,2026-03-22T05:30:33,6.6
BX0202,Longwood,metro,2026-03-23,2026-03-23T05:30:33,2.7
BX0202,Longwood,metro,2026-03-24,2026-03-24T05:30:33,7.8
BX0202,Longwood,metro,2026-03-25,2026-03-25T05:30:33,7.6
BX0202,Longwood,metro,2026-03-26,2026-03-26T05:30:33,8.1
BX0202,Longwood,metro,2026-03-27,2026-03-27T05:30:33,6.8
BX0202,Longwood,metro,2026-03-28,2026-03-28T05:30:33,7.7
BX0202,Longwood,metro,2026-03-29,2026-03-29T05:30:33,7.3
BX0202,Longwood,metro,2026-03-30,2026-03-30T05:30:33,8.5
BX0202,Longwood,metro,2026-03-31,2026-03-31T05:30:32,5.9
BX0202,Longwood,metro,2026-04-01,2026-04-01T05:30:32,7.5
BX0202,Longwood,metro,2026-04-02,2026-04-02T05:30:32,5.4
BX0202,Longwood,metro,2026-04-03,2026-04-03T05:30:33,9.1
BX0202,Longwood,metro,2026-04-04,2026-04-04T05:30:33,9.4
BX0202,Longwood,metro,2026-04-05,2026-04-05T05:30:32,6.5
BX0202,Longwood,metro,2026-04-06,2026-04-06T05:30:33,10.2
BX0202,Longwood,metro,2026-04-07,2026-04-07T05:30:33,10.1
BX0202,Longwood,metro,2026-04-08,2026-04-08T05:30:33,9.2
BX0202,Longwood,metro,2026-04-09,2026-04-09T05:30:33,9.3
BX0202,Longwood,metro,2026-04-10,2026-04-10T05:30:33,10.4
BX0202,Longwood,metro,2026-04-11,2026-04-11T05:30:32,11.2
BX0202,Longwood,metro,2026-04-12,2026-04-12T05:30:31,10.1
BX0202,Longwood,metro,2026-04-13,2026-04-13T05:30:30,10.7
BX0202,Longwood,metro,2026-04-14,2026-04-14T05:30:30,11.8
BX0202,Longwood,metro,2026-04-15,2026-04-15T05:30:32,11.7
BX0202,Longwood,metro,2026-04-16,2026-04-16T05:30:33,11.7
BX0202,Longwood,metro,2026-04-17,2026-04-17T05:30:33,11.6
BX0202,Longwood,metro,2026-04-18,2026-04-18T05:30:32,11.3
BX0291,North & South Brother Islands,metro,2026-03-21,2026-03-21T05:30:33,6.8
BX0291,North & South Brother Islands,metro,2026-03-22,2026-03-22T05:30:33,6.6
BX0291,North & South Brother Islands,metro,2026-03-23,2026-03-23T05:30:33,2.7
BX0291,North & South Brother Islands,metro,2026-03-24,2026-03-24T05:30:33,7.8
BX0291,North & South Brother Islands,metro,2026-03-25,2026-03-25T05:30:33,7.6
BX0291,North & South Brother Islands,metro,2026-03-26,2026-03-26T05:30:33,8.1
BX0291,North & South Brother Islands,metro,2026-03-27,2026-03-27T05:30:33,6.8
BX0291,North & South Brother Islands,metro,2026-03-28,2026-03-28T05:30:33,7.7
BX0291,North & South Brother Islands,metro,2026-03-29,2026-03-29T05:30:33,7.3
BX0291,North & South Brother Islands,metro,2026-03-30,2026-03-30T05:30:33,8.5
BX0291,North & South Brother Islands,metro,2026-03-31,2026-03-31T05:30:32,5.9
BX0291,North & South Brother Islands,metro,2026-04-01,2026-04-01T05:30:32,7.5
BX0291,North & South Brother Islands,metro,2026-04-02,2026-04-02T05:30:32,5.4
BX0291,North & South Brother Islands,metro,2026-04-03,2026-04-03T05:30:33,9.1
BX0291,North & South Brother Islands,metro,2026-04-04,2026-04-04T05:30:33,9.4
BX0291,North & South Brother Islands,metro,2026-04-05,2026-04-05T05:30:32,6.5
BX0291,North & South Brother Islands,metro,2026-04-06,2026-04-06T05:30:33,10.2
BX0291,North & South Brother Islands,metro,2026-04-07,2026-04-07T05:30:33,10.1
BX0291,North & South Brother Islands,metro,2026-04-08,2026-04-08T05:30:33,9.2
BX0291,North & South Brother Islands,metro,2026-04-09,2026-04-09T05:30:33,9.3
BX0291,North & South Brother Islands,metro,2026-04-10,2026-04-10T05:30:33,10.4
BX0291,North & South Brother Islands,metro,2026-04-11,2026-04-11T05:30:32,11.2
BX0291,North & South Brother Islands,metro,2026-04-12,2026-04-12T05:30:31,10.1
BX0291,North & South Brother Islands,metro,2026-04-13,2026-04-13T05:30:30,10.7
BX0291,North & South Brother Islands,metro,2026-04-14,2026-04-14T05:30:30,11.8
BX0291,North & South Brother Islands,metro,2026-04-15,2026-04-15T05:30:32,11.7
BX0291,North & South Brother Islands,metro,2026-04-16,2026-04-16T05:30:33,11.7
BX0291,North & South Brother Islands,metro,2026-04-17,2026-04-17T05:30:33,11.6
BX0291,North & South Brother Islands,metro,2026-04-18,2026-04-18T05:30:32,11.3
BX0301,Morrisania,metro,2026-03-21,2026-03-21T05:30:33,6.8
BX0301,Morrisania,metro,2026-03-22,2026-03-22T05:30:33,6.6
BX0301,Morrisania,metro,2026-03-23,2026-03-23T05:30:33,2.7
BX0301,Morrisania,metro,2026-03-24,2026-03-24T05:30:33,7.8
BX0301,Morrisania,metro,2026-03-25,2026-03-25T05:30:33,7.6
BX0301,Morrisania,metro,2026-03-26,2026-03-26T05:30:33,8.1
BX0301,Morrisania,metro,2026-03-27,2026-03-27T05:30:33,6.8
BX0301,Morrisania,metro,2026-03-28,2026-03-28T05:30:33,7.7
BX0301,Morrisania,metro,2026-03-29,2026-03-29T05:30:33,7.3
BX0301,Morrisania,metro,2026-03-30,2026-03-30T05:30:33,8.5
BX0301,Morrisania,metro,2026-03-31,2026-03-31T05:30:32,5.9
BX0301,Morrisania,metro,2026-04-01,2026-04-01T05:30:32,7.5
BX0301,Morrisania,metro,2026-04-02,2026-04-02T05:30:32,5.4
BX0301,Morrisania,metro,2026-04-03,2026-04-03T05:30:33,9.1
BX0301,Morrisania,metro,2026-04-04,2026-04-04T05:30:33,9.4
BX0301,Morrisania,metro,2026-04-05,2026-04-05T05:30:32,6.5
BX0301,Morrisania,metro,2026-04-06,2026-04-06T05:30:33,10.2
BX0301,Morrisania,metro,2026-04-07,2026-04-07T05:30:33,10.1
BX0301,Morrisania,metro,2026-04-08,2026-04-08T05:30:33,9.2
BX0301,Morrisania,metro,2026-04-09,2026-04-09T05:30:33,9.3
BX0301,Morrisania,metro,2026-04-10,2026-04-10T05:30:33,10.4
BX0301,Morrisania,metro,2026-04-11,2026-04-11T05:30:32,11.2
BX0301,Morrisania,metro,2026-04-12,2026-04-12T05:30:31,10.1
BX0301,Morrisania,metro,2026-04-13,2026-04-13T05:30:30,10.7
BX0301,Morrisania,metro,2026-04-14,2026-04-14T05:30:30,11.8
BX0301,Morrisania,metro,2026-04-15,2026-04-15T05:30:32,11.7
BX0301,Morrisania,metro,2026-04-16,2026-04-16T05:30:33,11.7
BX0301,Morrisania,metro,2026-04-17,2026-04-17T05:30:33,11.6
BX0301,Morrisania,metro,2026-04-18,2026-04-18T05:30:32,11.3
BX0302,Claremont Village-Claremont (East),metro,2026-03-21,2026-03-21T05:30:33,6.8
BX0302,Claremont Village-Claremont (East),metro,2026-03-22,2026-03-22T05:30:33,6.6
BX0302,Claremont Village-Claremont (East),metro,2026-03-23,2026-03-23T05:30:33,2.7
BX0302,Claremont Village-Claremont (East),metro,2026-03-24,2026-03-24T05:30:33,7.8
BX0302,Claremont Village-Claremont (East),metro,2026-03-25,2026-03-25T05:30:33,7.6
BX0302,Claremont Village-Claremont (East),metro,2026-03-26,2026-03-26T05:30:33,8.1
BX0302,Claremont Village-Claremont (East),metro,2026-03-27,2026-03-27T05:30:33,6.8
BX0302,Claremont Village-Claremont (East),metro,2026-03-28,2026-03-28T05:30:33,7.7
BX0302,Claremont Village-Claremont (East),metro,2026-03-29,2026-03-29T05:30:33,7.3
BX0302,Claremont Village-Claremont (East),metro,2026-03-30,2026-03-30T05:30:33,8.5
BX0302,Claremont Village-Claremont (East),metro,2026-03-31,2026-03-31T05:30:32,5.9
BX0302,Claremont Village-Claremont (East),metro,2026-04-01,2026-04-01T05:30:32,7.5
BX0302,Claremont Village-Claremont (East),metro,2026-04-02,2026-04-02T05:30:32,5.4
BX0302,Claremont Village-Claremont (East),metro,2026-04-03,2026-04-03T05:30:33,9.1
BX0302,Claremont Village-Claremont (East),metro,2026-04-04,2026-04-04T05:30:33,9.4
BX0302,Claremont Village-Claremont (East),metro,2026-04-05,2026-04-05T05:30:32,6.5
BX0302,Claremont Village-Claremont (East),metro,2026-04-06,2026-04-06T05:30:33,10.2
BX0302,Claremont Village-Claremont (East),metro,2026-04-07,2026-04-07T05:30:33,10.1
BX0302,Claremont Village-Claremont (East),metro,2026-04-08,2026-04-08T05:30:33,9.2
BX0302,Claremont Village-Claremont (East),metro,2026-04-09,2026-04-09T05:30:33,9.3
BX0302,Claremont Village-Claremont (East),metro,2026-04-10,2026-04-10T05:30:33,10.4
BX0302,Claremont Village-Claremont (East),metro,2026-04-11,2026-04-11T05:30:32,11.2
BX0302,Claremont Village-Claremont (East),metro,2026-04-12,2026-04-12T05:30:31,10.1
BX0302,Claremont Village-Claremont (East),metro,2026-04-13,2026-04-13T05:30:30,10.7
BX0302,Claremont Village-Claremont (East),metro,2026-04-14,2026-04-14T05:30:30,11.8
BX0302,Claremont Village-Claremont (East),metro,2026-04-15,2026-04-15T05:30:32,11.7
BX0302,Claremont Village-Claremont (East),metro,2026-04-16,2026-04-16T05:30:33,11.7
BX0302,Claremont Village-Claremont (East),metro,2026-04-17,2026-04-17T05:30:33,11.6
BX0302,Claremont Village-Claremont (East),metro,2026-04-18,2026-04-18T05:30:32,11.3
BX0303,Crotona Park East,metro,2026-03-21,2026-03-21T05:30:33,6.8
BX0303,Crotona Park East,metro,2026-03-22,2026-03-22T05:30:33,6.6
BX0303,Crotona Park East,metro,2026-03-23,2026-03-23T05:30:33,2.7
BX0303,Crotona Park East,metro,2026-03-24,2026-03-24T05:30:33,7.8
BX0303,Crotona Park East,metro,2026-03-25,2026-03-25T05:30:33,7.6
BX0303,Crotona Park East,metro,2026-03-26,2026-03-26T05:30:33,8.1
BX0303,Crotona Park East,metro,2026-03-27,2026-03-27T05:30:33,6.8
BX0303,Crotona Park East,metro,2026-03-28,2026-03-28T05:30:33,7.7
BX0303,Crotona Park East,metro,2026-03-29,2026-03-29T05:30:33,7.3
BX0303,Crotona Park East,metro,2026-03-30,2026-03-30T05:30:33,8.5
BX0303,Crotona Park East,metro,2026-03-31,2026-03-31T05:30:32,5.9
BX0303,Crotona Park East,metro,2026-04-01,2026-04-01T05:30:32,7.5
BX0303,Crotona Park East,metro,2026-04-02,2026-04-02T05:30:32,5.4
BX0303,Crotona Park East,metro,2026-04-03,2026-04-03T05:30:33,9.1
BX0303,Crotona Park East,metro,2026-04-04,2026-04-04T05:30:33,9.4
BX0303,Crotona Park East,metro,2026-04-05,2026-04-05T05:30:32,6.5
BX0303,Crotona Park East,metro,2026-04-06,2026-04-06T05:30:33,10.2
BX0303,Crotona Park East,metro,2026-04-07,2026-04-07T05:30:33,10.1
BX0303,Crotona Park East,metro,2026-04-08,2026-04-08T05:30:33,9.2
BX0303,Crotona Park East,metro,2026-04-09,2026-04-09T05:30:33,9.3
BX0303,Crotona Park East,metro,2026-04-10,2026-04-10T05:30:33,10.4
BX0303,Crotona Park East,metro,2026-04-11,2026-04-11T05:30:32,11.2
BX0303,Crotona Park East,metro,2026-04-12,2026-04-12T05:30:31,10.1
BX0303,Crotona Park East,metro,2026-04-13,2026-04-13T05:30:30,10.7
BX0303,Crotona Park East,metro,2026-04-14,2026-04-14T05:30:30,11.8
BX0303,Crotona Park East,metro,2026-04-15,2026-04-15T05:30:32,11.7
BX0303,Crotona Park East,metro,2026-04-16,2026-04-16T05:30:33,11.7
BX0303,Crotona Park East,metro,2026-04-17,2026-04-17T05:30:33,11.6
BX0303,Crotona Park East,metro,2026-04-18,2026-04-18T05:30:32,11.3
BX0391,Crotona Park,metro,2026-03-21,2026-03-21T05:30:33,6.8
BX0391,Crotona Park,metro,2026-03-22,2026-03-22T05:30:33,6.6
BX0391,Crotona Park,metro,2026-03-23,2026-03-23T05:30:33,2.7
BX0391,Crotona Park,metro,2026-03-24,2026-03-24T05:30:33,7.8
BX0391,Crotona Park,metro,2026-03-25,2026-03-25T05:30:33,7.6
BX0391,Crotona Park,metro,2026-03-26,2026-03-26T05:30:33,8.1
BX0391,Crotona Park,metro,2026-03-27,2026-03-27T05:30:33,6.8
BX0391,Crotona Park,metro,2026-03-28,2026-03-28T05:30:33,7.7
BX0391,Crotona Park,metro,2026-03-29,2026-03-29T05:30:33,7.3
BX0391,Crotona Park,metro,2026-03-30,2026-03-30T05:30:33,8.5
BX0391,Crotona Park,metro,2026-03-31,2026-03-31T05:30:32,5.9
BX0391,Crotona Park,metro,2026-04-01,2026-04-01T05:30:32,7.5
BX0391,Crotona Park,metro,2026-04-02,2026-04-02T05:30:32,5.4
BX0391,Crotona Park,metro,2026-04-03,2026-04-03T05:30:33,9.1
BX0391,Crotona Park,metro,2026-04-04,2026-04-04T05:30:33,9.4
BX0391,Crotona Park,metro,2026-04-05,2026-04-05T05:30:32,6.5
BX0391,Crotona Park,metro,2026-04-06,2026-04-06T05:30:33,10.2
BX0391,Crotona Park,metro,2026-04-07,2026-04-07T05:30:33,10.1
BX0391,Crotona Park,metro,2026-04-08,2026-04-08T05:30:33,9.2
BX0391,Crotona Park,metro,2026-04-09,2026-04-09T05:30:33,9.3
BX0391,Crotona Park,metro,2026-04-10,2026-04-10T05:30:33,10.4
BX0391,Crotona Park,metro,2026-04-11,2026-04-11T05:30:32,11.2
BX0391,Crotona Park,metro,2026-04-12,2026-04-12T05:30:31,10.1
BX0391,Crotona Park,metro,2026-04-13,2026-04-13T05:30:30,10.7
BX0391,Crotona Park,metro,2026-04-14,2026-04-14T05:30:30,11.8
BX0391,Crotona Park,metro,2026-04-15,2026-04-15T05:30:32,11.7
BX0391,Crotona Park,metro,2026-04-16,2026-04-16T05:30:33,11.7
BX0391,Crotona Park,metro,2026-04-17,2026-04-17T05:30:33,11.6
BX0391,Crotona Park,metro,2026-04-18,2026-04-18T05:30:32,11.3
BX0401,Concourse-Concourse Village,metro,2026-03-21,2026-03-21T05:30:33,6.8
BX0401,Concourse-Concourse Village,metro,2026-03-22,2026-03-22T05:30:33,6.6
BX0401,Concourse-Concourse Village,metro,2026-03-23,2026-03-23T05:30:33,2.7
BX0401,Concourse-Concourse Village,metro,2026-03-24,2026-03-24T05:30:33,7.8
BX0401,Concourse-Concourse Village,metro,2026-03-25,2026-03-25T05:30:33,7.6
BX0401,Concourse-Concourse Village,metro,2026-03-26,2026-03-26T05:30:33,8.1
BX0401,Concourse-Concourse Village,metro,2026-03-27,2026-03-27T05:30:33,6.8
BX0401,Concourse-Concourse Village,metro,2026-03-28,2026-03-28T05:30:33,7.7
BX0401,Concourse-Concourse Village,metro,2026-03-29,2026-03-29T05:30:33,7.3
BX0401,Concourse-Concourse Village,metro,2026-03-30,2026-03-30T05:30:33,8.5
BX0401,Concourse-Concourse Village,metro,2026-03-31,2026-03-31T05:30:32,5.9
BX0401,Concourse-Concourse Village,metro,2026-04-01,2026-04-01T05:30:32,7.5
BX0401,Concourse-Concourse Village,metro,2026-04-02,2026-04-02T05:30:32,5.4
BX0401,Concourse-Concourse Village,metro,2026-04-03,2026-04-03T05:30:33,9.1
BX0401,Concourse-Concourse Village,metro,2026-04-04,2026-04-04T05:30:33,9.4
BX0401,Concourse-Concourse Village,metro,2026-04-05,2026-04-05T05:30:32,6.5
BX0401,Concourse-Concourse Village,metro,2026-04-06,2026-04-06T05:30:33,10.2
BX0401,Concourse-Concourse Village,metro,2026-04-07,2026-04-07T05:30:33,10.1
BX0401,Concourse-Concourse Village,metro,2026-04-08,2026-04-08T05:30:33,9.2
BX0401,Concourse-Concourse Village,metro,2026-04-09,2026-04-09T05:30:33,9.3
BX0401,Concourse-Concourse Village,metro,2026-04-10,2026-04-10T05:30:33,10.4
BX0401,Concourse-Concourse Village,metro,2026-04-11,2026-04-11T05:30:32,11.2
BX0401,Concourse-Concourse Village,metro,2026-04-12,2026-04-12T05:30:31,10.1
BX0401,Concourse-Concourse Village,metro,2026-04-13,2026-04-13T05:30:30,10.7
BX0401,Concourse-Concourse Village,metro,2026-04-14,2026-04-14T05:30:30,11.8
BX0401,Concourse-Concourse Village,metro,2026-04-15,2026-04-15T05:30:32,11.7
BX0401,Concourse-Concourse Village,metro,2026-04-16,2026-04-16T05:30:33,11.7
BX0401,Concourse-Concourse Village,metro,2026-04-17,2026-04-17T05:30:33,11.6
BX0401,Concourse-Concourse Village,metro,2026-04-18,2026-04-18T05:30:32,11.3
BX0402,Highbridge,metro,2026-03-21,2026-03-21T05:30:33,6.8
BX0402,Highbridge,metro,2026-03-22,2026-03-22T05:30:33,6.6
BX0402,Highbridge,metro,2026-03-23,2026-03-23T05:30:33,2.7
BX0402,Highbridge,metro,2026-03-24,2026-03-24T05:30:33,7.8
BX0402,Highbridge,metro,2026-03-25,2026-03-25T05:30:33,7.6
BX0402,Highbridge,metro,2026-03-26,2026-03-26T05:30:33,8.1
BX0402,Highbridge,metro,2026-03-27,2026-03-27T05:30:33,6.8
BX0402,Highbridge,metro,2026-03-28,2026-03-28T05:30:33,7.7
BX0402,Highbridge,metro,2026-03-29,2026-03-29T05:30:33,7.3
BX0402,Highbridge,metro,2026-03-30,2026-03-30T05:30:33,8.5
BX0402,Highbridge,metro,2026-03-31,2026-03-31T05:30:32,5.9
BX0402,Highbridge,metro,2026-04-01,2026-04-01T05:30:32,7.5
BX0402,Highbridge,metro,2026-04-02,2026-04-02T05:30:32,5.4
BX0402,Highbridge,metro,2026-04-03,2026-04-03T05:30:33,9.1
BX0402,Highbridge,metro,2026-04-04,2026-04-04T05:30:33,9.4
BX0402,Highbridge,metro,2026-04-05,2026-04-05T05:30:32,6.5
BX0402,Highbridge,metro,2026-04-06,2026-04-06T05:30:33,10.2
BX0402,Highbridge,metro,2026-04-07,2026-04-07T05:30:33,10.1
BX0402,Highbridge,metro,2026-04-08,2026-04-08T05:30:33,9.2
BX0402,Highbridge,metro,2026-04-09,2026-04-09T05:30:33,9.3
BX0402,Highbridge,metro,2026-04-10,2026-04-10T05:30:33,10.4
BX0402,Highbridge,metro,2026-04-11,2026-04-11T05:30:32,11.2
BX0402,Highbridge,metro,2026-04-12,2026-04-12T05:30:31,10.1
BX0402,Highbridge,metro,2026-04-13,2026-04-13T05:30:30,10.7
BX0402,Highbridge,metro,2026-04-14,2026-04-14T05:30:30,11.8
BX0402,Highbridge,metro,2026-04-15,2026-04-15T05:30:32,11.7
BX0402,Highbridge,metro,2026-04-16,2026-04-16T05:30:33,11.7
BX0402,Highbridge,metro,2026-04-17,2026-04-17T05:30:33,11.6
BX0402,Highbridge,metro,2026-04-18,2026-04-18T05:30:32,11.3
BX0403,Mount Eden-Claremont (West),metro,2026-03-21,2026-03-21T05:30:33,6.8
BX0403,Mount Eden-Claremont (West),metro,2026-03-22,2026-03-22T05:30:33,6.6
BX0403,Mount Eden-Claremont (West),metro,2026-03-23,2026-03-23T05:30:33,2.7
BX0403,Mount Eden-Claremont (West),metro,2026-03-24,2026-03-24T05:30:33,7.8
BX0403,Mount Eden-Claremont (West),metro,2026-03-25,2026-03-25T05:30:33,7.6
BX0403,Mount Eden-Claremont (West),metro,2026-03-26,2026-03-26T05:30:33,8.1
BX0403,Mount Eden-Claremont (West),metro,2026-03-27,2026-03-27T05:30:33,6.8
BX0403,Mount Eden-Claremont (West),metro,2026-03-28,2026-03-28T05:30:33,7.7
BX0403,Mount Eden-Claremont (West),metro,2026-03-29,2026-03-29T05:30:33,7.3
BX0403,Mount Eden-Claremont (West),metro,2026-03-30,2026-03-30T05:30:33,8.5
BX0403,Mount Eden-Claremont (West),metro,2026-03-31,2026-03-31T05:30:32,5.9
BX0403,Mount Eden-Claremont (West),metro,2026-04-01,2026-04-01T05:30:32,7.5
BX0403,Mount Eden-Claremont (West),metro,2026-04-02,2026-04-02T05:30:32,5.4
BX0403,Mount Eden-Claremont (West),metro,2026-04-03,2026-04-03T05:30:33,9.1
BX0403,Mount Eden-Claremont (West),metro,2026-04-04,2026-04-04T05:30:33,9.4
BX0403,Mount Eden-Claremont (West),metro,2026-04-05,2026-04-05T05:30:32,6.5
BX0403,Mount Eden-Claremont (West),metro,2026-04-06,2026-04-06T05:30:33,10.2
BX0403,Mount Eden-Claremont (West),metro,2026-04-07,2026-04-07T05:30:33,10.1
BX0403,Mount Eden-Claremont (West),metro,2026-04-08,2026-04-08T05:30:33,9.2
BX0403,Mount Eden-Claremont (West),metro,2026-04-09,2026-04-09T05:30:33,9.3
BX0403,Mount Eden-Claremont (West),metro,2026-04-10,2026-04-10T05:30:33,10.4
BX0403,Mount Eden-Claremont (West),metro,2026-04-11,2026-04-11T05:30:32,11.2
BX0403,Mount Eden-Claremont (West),metro,2026-04-12,2026-04-12T05:30:31,10.1
BX0403,Mount Eden-Claremont (West),metro,2026-04-13,2026-04-13T05:30:30,10.7
BX0403,Mount Eden-Claremont (West),metro,2026-04-14,2026-04-14T05:30:30,11.8
BX0403,Mount Eden-Claremont (West),metro,2026-04-15,2026-04-15T05:30:32,11.7
BX0403,Mount Eden-Claremont (West),metro,2026-04-16,2026-04-16T05:30:33,11.7
BX0403,Mount Eden-Claremont (West),metro,2026-04-17,2026-04-17T05:30:33,11.6
BX0403,Mount Eden-Claremont (West),metro,2026-04-18,2026-04-18T05:30:32,11.3
BX0491,Yankee Stadium-Macombs Dam Park,metro,2026-03-21,2026-03-21T05:30:33,6.8
BX0491,Yankee Stadium-Macombs Dam Park,metro,2026-03-22,2026-03-22T05:30:33,6.6
BX0491,Yankee Stadium-Macombs Dam Park,metro,2026-03-23,2026-03-23T05:30:33,2.7
BX0491,Yankee Stadium-Macombs Dam Park,metro,2026-03-24,2026-03-24T05:30:33,7.8
BX0491,Yankee Stadium-Macombs Dam Park,metro,2026-03-25,2026-03-25T05:30:33,7.6
BX0491,Yankee Stadium-Macombs Dam Park,metro,2026-03-26,2026-03-26T05:30:33,8.1
BX0491,Yankee Stadium-Macombs Dam Park,metro,2026-03-27,2026-03-27T05:30:33,6.8
BX0491,Yankee Stadium-Macombs Dam Park,metro,2026-03-28,2026-03-28T05:30:33,7.7
BX0491,Yankee Stadium-Macombs Dam Park,metro,2026-03-29,2026-03-29T05:30:33,7.3
BX0491,Yankee Stadium-Macombs Dam Park,metro,2026-03-30,2026-03-30T05:30:33,8.5
BX0491,Yankee Stadium-Macombs Dam Park,metro,2026-03-31,2026-03-31T05:30:32,5.9
BX0491,Yankee Stadium-Macombs Dam Park,metro,2026-04-01,2026-04-01T05:30:32,7.5
BX0491,Yankee Stadium-Macombs Dam Park,metro,2026-04-02,2026-04-02T05:30:32,5.4
BX0491,Yankee Stadium-Macombs Dam Park,metro,2026-04-03,2026-04-03T05:30:33,9.1
BX0491,Yankee Stadium-Macombs Dam Park,metro,2026-04-04,2026-04-04T05:30:33,9.4
BX0491,Yankee Stadium-Macombs Dam Park,metro,2026-04-05,2026-04-05T05:30:32,6.5
BX0491,Yankee Stadium-Macombs Dam Park,metro,2026-04-06,2026-04-06T05:30:33,10.2
BX0491,Yankee Stadium-Macombs Dam Park,metro,2026-04-07,2026-04-07T05:30:33,10.1
BX0491,Yankee Stadium-Macombs Dam Park,metro,2026-04-08,2026-04-08T05:30:33,9.2
BX0491,Yankee Stadium-Macombs Dam Park,metro,2026-04-09,2026-04-09T05:30:33,9.3
BX0491,Yankee Stadium-Macombs Dam Park,metro,2026-04-10,2026-04-10T05:30:33,10.4
BX0491,Yankee Stadium-Macombs Dam Park,metro,2026-04-11,2026-04-11T05:30:32,11.2
BX0491,Yankee Stadium-Macombs Dam Park,metro,2026-04-12,2026-04-12T05:30:31,10.1
BX0491,Yankee Stadium-Macombs Dam Park,metro,2026-04-13,2026-04-13T05:30:30,10.7
BX0491,Yankee Stadium-Macombs Dam Park,metro,2026-04-14,2026-04-14T05:30:30,11.8
BX0491,Yankee Stadium-Macombs Dam Park,metro,2026-04-15,2026-04-15T05:30:32,11.7
BX0491,Yankee Stadium-Macombs Dam Park,metro,2026-04-16,2026-04-16T05:30:33,11.7
BX0491,Yankee Stadium-Macombs Dam Park,metro,2026-04-17,2026-04-17T05:30:33,11.6
BX0491,Yankee Stadium-Macombs Dam Park,metro,2026-04-18,2026-04-18T05:30:32,11.3
BX0492,Claremont Park,metro,2026-03-21,2026-03-21T05:30:33,6.8
BX0492,Claremont Park,metro,2026-03-22,2026-03-22T05:30:33,6.6
BX0492,Claremont Park,metro,2026-03-23,2026-03-23T05:30:33,2.7
BX0492,Claremont Park,metro,2026-03-24,2026-03-24T05:30:33,7.8
BX0492,Claremont Park,metro,2026-03-25,2026-03-25T05:30:33,7.6
BX0492,Claremont Park,metro,2026-03-26,2026-03-26T05:30:33,8.1
BX0492,Claremont Park,metro,2026-03-27,2026-03-27T05:30:33,6.8
BX0492,Claremont Park,metro,2026-03-28,2026-03-28T05:30:33,7.7
BX0492,Claremont Park,metro,2026-03-29,2026-03-29T05:30:33,7.3
BX0492,Claremont Park,metro,2026-03-30,2026-03-30T05:30:33,8.5
BX0492,Claremont Park,metro,2026-03-31,2026-03-31T05:30:32,5.9
BX0492,Claremont Park,metro,2026-04-01,2026-04-01T05:30:32,7.5
BX0492,Claremont Park,metro,2026-04-02,2026-04-02T05:30:32,5.4
BX0492,Claremont Park,metro,2026-04-03,2026-04-03T05:30:33,9.1
BX0492,Claremont Park,metro,2026-04-04,2026-04-04T05:30:33,9.4
BX0492,Claremont Park,metro,2026-04-05,2026-04-05T05:30:32,6.5
BX0492,Claremont Park,metro,2026-04-06,2026-04-06T05:30:33,10.2
BX0492,Claremont Park,metro,2026-04-07,2026-04-07T05:30:33,10.1
BX0492,Claremont Park,metro,2026-04-08,2026-04-08T05:30:33,9.2
BX0492,Claremont Park,metro,2026-04-09,2026-04-09T05:30:33,9.3
BX0492,Claremont Park,metro,2026-04-10,2026-04-10T05:30:33,10.4
BX0492,Claremont Park,metro,2026-04-11,2026-04-11T05:30:32,11.2
BX0492,Claremont Park,metro,2026-04-12,2026-04-12T05:30:31,10.1
BX0492,Claremont Park,metro,2026-04-13,2026-04-13T05:30:30,10.7
BX0492,Claremont Park,metro,2026-04-14,2026-04-14T05:30:30,11.8
BX0492,Claremont Park,metro,2026-04-15,2026-04-15T05:30:32,11.7
BX0492,Claremont Park,metro,2026-04-16,2026-04-16T05:30:33,11.7
BX0492,Claremont Park,metro,2026-04-17,2026-04-17T05:30:33,11.6
BX0492,Claremont Park,metro,2026-04-18,2026-04-18T05:30:32,11.3
BX0501,University Heights (South)-Morris Heights,metro,2026-03-21,2026-03-21T05:30:33,6.8
BX0501,University Heights (South)-Morris Heights,metro,2026-03-22,2026-03-22T05:30:33,6.6
BX0501,University Heights (South)-Morris Heights,metro,2026-03-23,2026-03-23T05:30:33,2.7
BX0501,University Heights (South)-Morris Heights,metro,2026-03-24,2026-03-24T05:30:33,7.8
BX0501,University Heights (South)-Morris Heights,metro,2026-03-25,2026-03-25T05:30:33,7.6
BX0501,University Heights (South)-Morris Heights,metro,2026-03-26,2026-03-26T05:30:33,8.1
BX0501,University Heights (South)-Morris Heights,metro,2026-03-27,2026-03-27T05:30:33,6.8
BX0501,University Heights (South)-Morris Heights,metro,2026-03-28,2026-03-28T05:30:33,7.7
BX0501,University Heights (South)-Morris Heights,metro,2026-03-29,2026-03-29T05:30:33,7.3
BX0501,University Heights (South)-Morris Heights,metro,2026-03-30,2026-03-30T05:30:33,8.5
BX0501,University Heights (South)-Morris Heights,metro,2026-03-31,2026-03-31T05:30:32,5.9
BX0501,University Heights (South)-Morris Heights,metro,2026-04-01,2026-04-01T05:30:32,7.5
BX0501,University Heights (South)-Morris Heights,metro,2026-04-02,2026-04-02T05:30:32,5.4
BX0501,University Heights (South)-Morris Heights,metro,2026-04-03,2026-04-03T05:30:33,9.1
BX0501,University Heights (South)-Morris Heights,metro,2026-04-04,2026-04-04T05:30:33,9.4
BX0501,University Heights (South)-Morris Heights,metro,2026-04-05,2026-04-05T05:30:32,6.5
BX0501,University Heights (South)-Morris Heights,metro,2026-04-06,2026-04-06T05:30:33,10.2
BX0501,University Heights (South)-Morris Heights,metro,2026-04-07,2026-04-07T05:30:33,10.1
BX0501,University Heights (South)-Morris Heights,metro,2026-04-08,2026-04-08T05:30:33,9.2
BX0501,University Heights (South)-Morris Heights,metro,2026-04-09,2026-04-09T05:30:33,9.3
BX0501,University Heights (South)-Morris Heights,metro,2026-04-10,2026-04-10T05:30:33,10.4
BX0501,University Heights (South)-Morris Heights,metro,2026-04-11,2026-04-11T05:30:32,11.2
BX0501,University Heights (South)-Morris Heights,metro,2026-04-12,2026-04-12T05:30:31,10.1
BX0501,University Heights (South)-Morris Heights,metro,2026-04-13,2026-04-13T05:30:30,10.7
BX0501,University Heights (South)-Morris Heights,metro,2026-04-14,2026-04-14T05:30:30,11.8
BX0501,University Heights (South)-Morris Heights,metro,2026-04-15,2026-04-15T05:30:32,11.7
BX0501,University Heights (South)-Morris Heights,metro,2026-04-16,2026-04-16T05:30:33,11.7
BX0501,University Heights (South)-Morris Heights,metro,2026-04-17,2026-04-17T05:30:33,11.6
BX0501,University Heights (South)-Morris Heights,metro,2026-04-18,2026-04-18T05:30:32,11.3
BX0502,Mount Hope,metro,2026-03-21,2026-03-21T05:30:33,6.8
BX0502,Mount Hope,metro,2026-03-22,2026-03-22T05:30:33,6.6
BX0502,Mount Hope,metro,2026-03-23,2026-03-23T05:30:33,2.7
BX0502,Mount Hope,metro,2026-03-24,2026-03-24T05:30:33,7.8
BX0502,Mount Hope,metro,2026-03-25,2026-03-25T05:30:33,7.6
BX0502,Mount Hope,metro,2026-03-26,2026-03-26T05:30:33,8.1
BX0502,Mount Hope,metro,2026-03-27,2026-03-27T05:30:33,6.8
BX0502,Mount Hope,metro,2026-03-28,2026-03-28T05:30:33,7.7
BX0502,Mount Hope,metro,2026-03-29,2026-03-29T05:30:33,7.3
BX0502,Mount Hope,metro,2026-03-30,2026-03-30T05:30:33,8.5
BX0502,Mount Hope,metro,2026-03-31,2026-03-31T05:30:32,5.9
BX0502,Mount Hope,metro,2026-04-01,2026-04-01T05:30:32,7.5
BX0502,Mount Hope,metro,2026-04-02,2026-04-02T05:30:32,5.4
BX0502,Mount Hope,metro,2026-04-03,2026-04-03T05:30:33,9.1
BX0502,Mount Hope,metro,2026-04-04,2026-04-04T05:30:33,9.4
BX0502,Mount Hope,metro,2026-04-05,2026-04-05T05:30:32,6.5
BX0502,Mount Hope,metro,2026-04-06,2026-04-06T05:30:33,10.2
BX0502,Mount Hope,metro,2026-04-07,2026-04-07T05:30:33,10.1
BX0502,Mount Hope,metro,2026-04-08,2026-04-08T05:30:33,9.2
BX0502,Mount Hope,metro,2026-04-09,2026-04-09T05:30:33,9.3
BX0502,Mount Hope,metro,2026-04-10,2026-04-10T05:30:33,10.4
BX0502,Mount Hope,metro,2026-04-11,2026-04-11T05:30:32,11.2
BX0502,Mount Hope,metro,2026-04-12,2026-04-12T05:30:31,10.1
BX0502,Mount Hope,metro,2026-04-13,2026-04-13T05:30:30,10.7
BX0502,Mount Hope,metro,2026-04-14,2026-04-14T05:30:30,11.8
BX0502,Mount Hope,metro,2026-04-15,2026-04-15T05:30:32,11.7
BX0502,Mount Hope,metro,2026-04-16,2026-04-16T05:30:33,11.7
BX0502,Mount Hope,metro,2026-04-17,2026-04-17T05:30:33,11.6
BX0502,Mount Hope,metro,2026-04-18,2026-04-18T05:30:32,11.3
BX0503,Fordham Heights,metro,2026-03-21,2026-03-21T05:30:33,6.8
BX0503,Fordham Heights,metro,2026-03-22,2026-03-22T05:30:33,6.6
BX0503,Fordham Heights,metro,2026-03-23,2026-03-23T05:30:33,2.7
BX0503,Fordham Heights,metro,2026-03-24,2026-03-24T05:30:33,7.8
BX0503,Fordham Heights,metro,2026-03-25,2026-03-25T05:30:33,7.6
BX0503,Fordham Heights,metro,2026-03-26,2026-03-26T05:30:33,8.1
BX0503,Fordham Heights,metro,2026-03-27,2026-03-27T05:30:33,6.8
BX0503,Fordham Heights,metro,2026-03-28,2026-03-28T05:30:33,7.7
BX0503,Fordham Heights,metro,2026-03-29,2026-03-29T05:30:33,7.3
BX0503,Fordham Heights,metro,2026-03-30,2026-03-30T05:30:33,8.5
BX0503,Fordham Heights,metro,2026-03-31,2026-03-31T05:30:32,5.9
BX0503,Fordham Heights,metro,2026-04-01,2026-04-01T05:30:32,7.5
BX0503,Fordham Heights,metro,2026-04-02,2026-04-02T05:30:32,5.4
BX0503,Fordham Heights,metro,2026-04-03,2026-04-03T05:30:33,9.1
BX0503,Fordham Heights,metro,2026-04-04,2026-04-04T05:30:33,9.4
BX0503,Fordham Heights,metro,2026-04-05,2026-04-05T05:30:32,6.5
BX0503,Fordham Heights,metro,2026-04-06,2026-04-06T05:30:33,10.2
BX0503,Fordham Heights,metro,2026-04-07,2026-04-07T05:30:33,10.1
BX0503,Fordham Heights,metro,2026-04-08,2026-04-08T05:30:33,9.2
BX0503,Fordham Heights,metro,2026-04-09,2026-04-09T05:30:33,9.3
BX0503,Fordham Heights,metro,2026-04-10,2026-04-10T05:30:33,10.4
BX0503,Fordham Heights,metro,2026-04-11,2026-04-11T05:30:32,11.2
BX0503,Fordham Heights,metro,2026-04-12,2026-04-12T05:30:31,10.1
BX0503,Fordham Heights,metro,2026-04-13,2026-04-13T05:30:30,10.7
BX0503,Fordham Heights,metro,2026-04-14,2026-04-14T05:30:30,11.8
BX0503,Fordham Heights,metro,2026-04-15,2026-04-15T05:30:32,11.7
BX0503,Fordham Heights,metro,2026-04-16,2026-04-16T05:30:33,11.7
BX0503,Fordham Heights,metro,2026-04-17,2026-04-17T05:30:33,11.6
BX0503,Fordham Heights,metro,2026-04-18,2026-04-18T05:30:32,11.3
BX0601,West Farms,metro,2026-03-21,2026-03-21T05:30:33,6.8
BX0601,West Farms,metro,2026-03-22,2026-03-22T05:30:33,6.6
BX0601,West Farms,metro,2026-03-23,2026-03-23T05:30:33,2.7
BX0601,West Farms,metro,2026-03-24,2026-03-24T05:30:33,7.8
BX0601,West Farms,metro,2026-03-25,2026-03-25T05:30:33,7.6
BX0601,West Farms,metro,2026-03-26,2026-03-26T05:30:33,8.1
BX0601,West Farms,metro,2026-03-27,2026-03-27T05:30:33,6.8
BX0601,West Farms,metro,2026-03-28,2026-03-28T05:30:33,7.7
BX0601,West Farms,metro,2026-03-29,2026-03-29T05:30:33,7.3
BX0601,West Farms,metro,2026-03-30,2026-03-30T05:30:33,8.5
BX0601,West Farms,metro,2026-03-31,2026-03-31T05:30:32,5.9
BX0601,West Farms,metro,2026-04-01,2026-04-01T05:30:32,7.5
BX0601,West Farms,metro,2026-04-02,2026-04-02T05:30:32,5.4
BX0601,West Farms,metro,2026-04-03,2026-04-03T05:30:33,9.1
BX0601,West Farms,metro,2026-04-04,2026-04-04T05:30:33,9.4
BX0601,West Farms,metro,2026-04-05,2026-04-05T05:30:32,6.5
BX0601,West Farms,metro,2026-04-06,2026-04-06T05:30:33,10.2
BX0601,West Farms,metro,2026-04-07,2026-04-07T05:30:33,10.1
BX0601,West Farms,metro,2026-04-08,2026-04-08T05:30:33,9.2
BX0601,West Farms,metro,2026-04-09,2026-04-09T05:30:33,9.3
BX0601,West Farms,metro,2026-04-10,2026-04-10T05:30:33,10.4
BX0601,West Farms,metro,2026-04-11,2026-04-11T05:30:32,11.2
BX0601,West Farms,metro,2026-04-12,2026-04-12T05:30:31,10.1
BX0601,West Farms,metro,2026-04-13,2026-04-13T05:30:30,10.7
BX0601,West Farms,metro,2026-04-14,2026-04-14T05:30:30,11.8
BX0601,West Farms,metro,2026-04-15,2026-04-15T05:30:32,11.7
BX0601,West Farms,metro,2026-04-16,2026-04-16T05:30:33,11.7
BX0601,West Farms,metro,2026-04-17,2026-04-17T05:30:33,11.6
BX0601,West Farms,metro,2026-04-18,2026-04-18T05:30:32,11.3
BX0602,Tremont,metro,2026-03-21,2026-03-21T05:30:33,6.8
BX0602,Tremont,metro,2026-03-22,2026-03-22T05:30:33,6.6
BX0602,Tremont,metro,2026-03-23,2026-03-23T05:30:33,2.7
BX0602,Tremont,metro,2026-03-24,2026-03-24T05:30:33,7.8
BX0602,Tremont,metro,2026-03-25,2026-03-25T05:30:33,7.6
BX0602,Tremont,metro,2026-03-26,2026-03-26T05:30:33,8.1
BX0602,Tremont,metro,2026-03-27,2026-03-27T05:30:33,6.8
BX0602,Tremont,metro,2026-03-28,2026-03-28T05:30:33,7.7
BX0602,Tremont,metro,2026-03-29,2026-03-29T05:30:33,7.3
BX0602,Tremont,metro,2026-03-30,2026-03-30T05:30:33,8.5
BX0602,Tremont,metro,2026-03-31,2026-03-31T05:30:32,5.9
BX0602,Tremont,metro,2026-04-01,2026-04-01T05:30:32,7.5
BX0602,Tremont,metro,2026-04-02,2026-04-02T05:30:32,5.4
BX0602,Tremont,metro,2026-04-03,2026-04-03T05:30:33,9.1
BX0602,Tremont,metro,2026-04-04,2026-04-04T05:30:33,9.4
BX0602,Tremont,metro,2026-04-05,2026-04-05T05:30:32,6.5
BX0602,Tremont,metro,2026-04-06,2026-04-06T05:30:33,10.2
BX0602,Tremont,metro,2026-04-07,2026-04-07T05:30:33,10.1
BX0602,Tremont,metro,2026-04-08,2026-04-08T05:30:33,9.2
BX0602,Tremont,metro,2026-04-09,2026-04-09T05:30:33,9.3
BX0602,Tremont,metro,2026-04-10,2026-04-10T05:30:33,10.4
BX0602,Tremont,metro,2026-04-11,2026-04-11T05:30:32,11.2
BX0602,Tremont,metro,2026-04-12,2026-04-12T05:30:31,10.1
BX0602,Tremont,metro,2026-04-13,2026-04-13T05:30:30,10.7
BX0602,Tremont,metro,2026-04-14,2026-04-14T05:30:30,11.8
BX0602,Tremont,metro,2026-04-15,2026-04-15T05:30:32,11.7
BX0602,Tremont,metro,2026-04-16,2026-04-16T05:30:33,11.7
BX0602,Tremont,metro,2026-04-17,2026-04-17T05:30:33,11.6
BX0602,Tremont,metro,2026-04-18,2026-04-18T05:30:32,11.3
BX0603,Belmont,metro,2026-03-21,2026-03-21T05:30:33,6.8
BX0603,Belmont,metro,2026-03-22,2026-03-22T05:30:33,6.6
BX0603,Belmont,metro,2026-03-23,2026-03-23T05:30:33,2.7
BX0603,Belmont,metro,2026-03-24,2026-03-24T05:30:33,7.8
BX0603,Belmont,metro,2026-03-25,2026-03-25T05:30:33,7.6
BX0603,Belmont,metro,2026-03-26,2026-03-26T05:30:33,8.1
BX0603,Belmont,metro,2026-03-27,2026-03-27T05:30:33,6.8
BX0603,Belmont,metro,2026-03-28,2026-03-28T05:30:33,7.7
BX0603,Belmont,metro,2026-03-29,2026-03-29T05:30:33,7.3
BX0603,Belmont,metro,2026-03-30,2026-03-30T05:30:33,8.5
BX0603,Belmont,metro,2026-03-31,2026-03-31T05:30:32,5.9
BX0603,Belmont,metro,2026-04-01,2026-04-01T05:30:32,7.5
BX0603,Belmont,metro,2026-04-02,2026-04-02T05:30:32,5.4
BX0603,Belmont,metro,2026-04-03,2026-04-03T05:30:33,9.1
BX0603,Belmont,metro,2026-04-04,2026-04-04T05:30:33,9.4
BX0603,Belmont,metro,2026-04-05,2026-04-05T05:30:32,6.5
BX0603,Belmont,metro,2026-04-06,2026-04-06T05:30:33,10.2
BX0603,Belmont,metro,2026-04-07,2026-04-07T05:30:33,10.1
BX0603,Belmont,metro,2026-04-08,2026-04-08T05:30:33,9.2
BX0603,Belmont,metro,2026-04-09,2026-04-09T05:30:33,9.3
BX0603,Belmont,metro,2026-04-10,2026-04-10T05:30:33,10.4
BX0603,Belmont,metro,2026-04-11,2026-04-11T05:30:32,11.2
BX0603,Belmont,metro,2026-04-12,2026-04-12T05:30:31,10.1
BX0603,Belmont,metro,2026-04-13,2026-04-13T05:30:30,10.7
BX0603,Belmont,metro,2026-04-14,2026-04-14T05:30:30,11.8
BX0603,Belmont,metro,2026-04-15,2026-04-15T05:30:32,11.7
BX0603,Belmont,metro,2026-04-16,2026-04-16T05:30:33,11.7
BX0603,Belmont,metro,2026-04-17,2026-04-17T05:30:33,11.6
BX0603,Belmont,metro,2026-04-18,2026-04-18T05:30:32,11.3
BX0701,University Heights (North)-Fordham,metro,2026-03-21,2026-03-21T05:30:33,6.8
BX0701,University Heights (North)-Fordham,metro,2026-03-22,2026-03-22T05:30:33,6.6
BX0701,University Heights (North)-Fordham,metro,2026-03-23,2026-03-23T05:30:33,2.7
BX0701,University Heights (North)-Fordham,metro,2026-03-24,2026-03-24T05:30:33,7.8
BX0701,University Heights (North)-Fordham,metro,2026-03-25,2026-03-25T05:30:33,7.6
BX0701,University Heights (North)-Fordham,metro,2026-03-26,2026-03-26T05:30:33,8.1
BX0701,University Heights (North)-Fordham,metro,2026-03-27,2026-03-27T05:30:33,6.8
BX0701,University Heights (North)-Fordham,metro,2026-03-28,2026-03-28T05:30:33,7.7
BX0701,University Heights (North)-Fordham,metro,2026-03-29,2026-03-29T05:30:33,7.3
BX0701,University Heights (North)-Fordham,metro,2026-03-30,2026-03-30T05:30:33,8.5
BX0701,University Heights (North)-Fordham,metro,2026-03-31,2026-03-31T05:30:32,5.9
BX0701,University Heights (North)-Fordham,metro,2026-04-01,2026-04-01T05:30:32,7.5
BX0701,University Heights (North)-Fordham,metro,2026-04-02,2026-04-02T05:30:32,5.4
BX0701,University Heights (North)-Fordham,metro,2026-04-03,2026-04-03T05:30:33,9.1
BX0701,University Heights (North)-Fordham,metro,2026-04-04,2026-04-04T05:30:33,9.4
BX0701,University Heights (North)-Fordham,metro,2026-04-05,2026-04-05T05:30:32,6.5
BX0701,University Heights (North)-Fordham,metro,2026-04-06,2026-04-06T05:30:33,10.2
BX0701,University Heights (North)-Fordham,metro,2026-04-07,2026-04-07T05:30:33,10.1
BX0701,University Heights (North)-Fordham,metro,2026-04-08,2026-04-08T05:30:33,9.2
BX0701,University Heights (North)-Fordham,metro,2026-04-09,2026-04-09T05:30:33,9.3
BX0701,University Heights (North)-Fordham,metro,2026-04-10,2026-04-10T05:30:33,10.4
BX0701,University Heights (North)-Fordham,metro,2026-04-11,2026-04-11T05:30:32,11.2
BX0701,University Heights (North)-Fordham,metro,2026-04-12,2026-04-12T05:30:31,10.1
BX0701,University Heights (North)-Fordham,metro,2026-04-13,2026-04-13T05:30:30,10.7
BX0701,University Heights (North)-Fordham,metro,2026-04-14,2026-04-14T05:30:30,11.8
BX0701,University Heights (North)-Fordham,metro,2026-04-15,2026-04-15T05:30:32,11.7
BX0701,University Heights (North)-Fordham,metro,2026-04-16,2026-04-16T05:30:33,11.7
BX0701,University Heights (North)-Fordham,metro,2026-04-17,2026-04-17T05:30:33,11.6
BX0701,University Heights (North)-Fordham,metro,2026-04-18,2026-04-18T05:30:32,11.3
BX0702,Bedford Park,metro,2026-03-21,2026-03-21T05:30:33,6.8
BX0702,Bedford Park,metro,2026-03-22,2026-03-22T05:30:33,6.6
BX0702,Bedford Park,metro,2026-03-23,2026-03-23T05:30:33,2.7
BX0702,Bedford Park,metro,2026-03-24,2026-03-24T05:30:33,7.8
BX0702,Bedford Park,metro,2026-03-25,2026-03-25T05:30:33,7.6
BX0702,Bedford Park,metro,2026-03-26,2026-03-26T05:30:33,8.1
BX0702,Bedford Park,metro,2026-03-27,2026-03-27T05:30:33,6.8
BX0702,Bedford Park,metro,2026-03-28,2026-03-28T05:30:33,7.7
BX0702,Bedford Park,metro,2026-03-29,2026-03-29T05:30:33,7.3
BX0702,Bedford Park,metro,2026-03-30,2026-03-30T05:30:33,8.5
BX0702,Bedford Park,metro,2026-03-31,2026-03-31T05:30:32,5.9
BX0702,Bedford Park,metro,2026-04-01,2026-04-01T05:30:32,7.5
BX0702,Bedford Park,metro,2026-04-02,2026-04-02T05:30:32,5.4
BX0702,Bedford Park,metro,2026-04-03,2026-04-03T05:30:33,9.1
BX0702,Bedford Park,metro,2026-04-04,2026-04-04T05:30:33,9.4
BX0702,Bedford Park,metro,2026-04-05,2026-04-05T05:30:32,6.5
BX0702,Bedford Park,metro,2026-04-06,2026-04-06T05:30:33,10.2
BX0702,Bedford Park,metro,2026-04-07,2026-04-07T05:30:33,10.1
BX0702,Bedford Park,metro,2026-04-08,2026-04-08T05:30:33,9.2
BX0702,Bedford Park,metro,2026-04-09,2026-04-09T05:30:33,9.3
BX0702,Bedford Park,metro,2026-04-10,2026-04-10T05:30:33,10.4
BX0702,Bedford Park,metro,2026-04-11,2026-04-11T05:30:32,11.2
BX0702,Bedford Park,metro,2026-04-12,2026-04-12T05:30:31,10.1
BX0702,Bedford Park,metro,2026-04-13,2026-04-13T05:30:30,10.7
BX0702,Bedford Park,metro,2026-04-14,2026-04-14T05:30:30,11.8
BX0702,Bedford Park,metro,2026-04-15,2026-04-15T05:30:32,11.7
BX0702,Bedford Park,metro,2026-04-16,2026-04-16T05:30:33,11.7
BX0702,Bedford Park,metro,2026-04-17,2026-04-17T05:30:33,11.6
BX0702,Bedford Park,metro,2026-04-18,2026-04-18T05:30:32,11.3
BX0703,Norwood,metro,2026-03-21,2026-03-21T05:30:33,6.8
BX0703,Norwood,metro,2026-03-22,2026-03-22T05:30:33,6.6
BX0703,Norwood,metro,2026-03-23,2026-03-23T05:30:33,2.7
BX0703,Norwood,metro,2026-03-24,2026-03-24T05:30:33,7.8
BX0703,Norwood,metro,2026-03-25,2026-03-25T05:30:33,7.6
BX0703,Norwood,metro,2026-03-26,2026-03-26T05:30:33,8.1
BX0703,Norwood,metro,2026-03-27,2026-03-27T05:30:33,6.8
BX0703,Norwood,metro,2026-03-28,2026-03-28T05:30:33,7.7
BX0703,Norwood,metro,2026-03-29,2026-03-29T05:30:33,7.3
BX0703,Norwood,metro,2026-03-30,2026-03-30T05:30:33,8.5
BX0703,Norwood,metro,2026-03-31,2026-03-31T05:30:32,5.9
BX0703,Norwood,metro,2026-04-01,2026-04-01T05:30:32,7.5
BX0703,Norwood,metro,2026-04-02,2026-04-02T05:30:32,5.4
BX0703,Norwood,metro,2026-04-03,2026-04-03T05:30:33,9.1
BX0703,Norwood,metro,2026-04-04,2026-04-04T05:30:33,9.4
BX0703,Norwood,metro,2026-04-05,2026-04-05T05:30:32,6.5
BX0703,Norwood,metro,2026-04-06,2026-04-06T05:30:33,10.2
BX0703,Norwood,metro,2026-04-07,2026-04-07T05:30:33,10.1
BX0703,Norwood,metro,2026-04-08,2026-04-08T05:30:33,9.2
BX0703,Norwood,metro,2026-04-09,2026-04-09T05:30:33,9.3
BX0703,Norwood,metro,2026-04-10,2026-04-10T05:30:33,10.4
BX0703,Norwood,metro,2026-04-11,2026-04-11T05:30:32,11.2
BX0703,Norwood,metro,2026-04-12,2026-04-12T05:30:31,10.1
BX0703,Norwood,metro,2026-04-13,2026-04-13T05:30:30,10.7
BX0703,Norwood,metro,2026-04-14,2026-04-14T05:30:30,11.8
BX0703,Norwood,metro,2026-04-15,2026-04-15T05:30:32,11.7
BX0703,Norwood,metro,2026-04-16,2026-04-16T05:30:33,11.7
BX0703,Norwood,metro,2026-04-17,2026-04-17T05:30:33,11.6
BX0703,Norwood,metro,2026-04-18,2026-04-18T05:30:32,11.3
BX0801,Kingsbridge Heights-Van Cortlandt Village,metro,2026-03-21,2026-03-21T05:30:33,6.8
BX0801,Kingsbridge Heights-Van Cortlandt Village,metro,2026-03-22,2026-03-22T05:30:33,6.6
BX0801,Kingsbridge Heights-Van Cortlandt Village,metro,2026-03-23,2026-03-23T05:30:33,2.7
BX0801,Kingsbridge Heights-Van Cortlandt Village,metro,2026-03-24,2026-03-24T05:30:33,7.8
BX0801,Kingsbridge Heights-Van Cortlandt Village,metro,2026-03-25,2026-03-25T05:30:33,7.6
BX0801,Kingsbridge Heights-Van Cortlandt Village,metro,2026-03-26,2026-03-26T05:30:33,8.1
BX0801,Kingsbridge Heights-Van Cortlandt Village,metro,2026-03-27,2026-03-27T05:30:33,6.8
BX0801,Kingsbridge Heights-Van Cortlandt Village,metro,2026-03-28,2026-03-28T05:30:33,7.7
BX0801,Kingsbridge Heights-Van Cortlandt Village,metro,2026-03-29,2026-03-29T05:30:33,7.3
BX0801,Kingsbridge Heights-Van Cortlandt Village,metro,2026-03-30,2026-03-30T05:30:33,8.5
BX0801,Kingsbridge Heights-Van Cortlandt Village,metro,2026-03-31,2026-03-31T05:30:32,5.9
BX0801,Kingsbridge Heights-Van Cortlandt Village,metro,2026-04-01,2026-04-01T05:30:32,7.5
BX0801,Kingsbridge Heights-Van Cortlandt Village,metro,2026-04-02,2026-04-02T05:30:32,5.4
BX0801,Kingsbridge Heights-Van Cortlandt Village,metro,2026-04-03,2026-04-03T05:30:33,9.1
BX0801,Kingsbridge Heights-Van Cortlandt Village,metro,2026-04-04,2026-04-04T05:30:33,9.4
BX0801,Kingsbridge Heights-Van Cortlandt Village,metro,2026-04-05,2026-04-05T05:30:32,6.5
BX0801,Kingsbridge Heights-Van Cortlandt Village,metro,2026-04-06,2026-04-06T05:30:33,10.2
BX0801,Kingsbridge Heights-Van Cortlandt Village,metro,2026-04-07,2026-04-07T05:30:33,10.1
BX0801,Kingsbridge Heights-Van Cortlandt Village,metro,2026-04-08,2026-04-08T05:30:33,9.2
BX0801,Kingsbridge Heights-Van Cortlandt Village,metro,2026-04-09,2026-04-09T05:30:33,9.3
BX0801,Kingsbridge Heights-Van Cortlandt Village,metro,2026-04-10,2026-04-10T05:30:33,10.4
BX0801,Kingsbridge Heights-Van Cortlandt Village,metro,2026-04-11,2026-04-11T05:30:32,11.2
BX0801,Kingsbridge Heights-Van Cortlandt Village,metro,2026-04-12,2026-04-12T05:30:31,10.1
BX0801,Kingsbridge Heights-Van Cortlandt Village,metro,2026-04-13,2026-04-13T05:30:30,10.7
BX0801,Kingsbridge Heights-Van Cortlandt Village,metro,2026-04-14,2026-04-14T05:30:30,11.8
BX0801,Kingsbridge Heights-Van Cortlandt Village,metro,2026-04-15,2026-04-15T05:30:32,11.7
BX0801,Kingsbridge Heights-Van Cortlandt Village,metro,2026-04-16,2026-04-16T05:30:33,11.7
BX0801,Kingsbridge Heights-Van Cortlandt Village,metro,2026-04-17,2026-04-17T05:30:33,11.6
BX0801,Kingsbridge Heights-Van Cortlandt Village,metro,2026-04-18,2026-04-18T05:30:32,11.3
BX0802,Kingsbridge-Marble Hill,metro,2026-03-21,2026-03-21T05:30:33,6.8
BX0802,Kingsbridge-Marble Hill,metro,2026-03-22,2026-03-22T05:30:33,6.6
BX0802,Kingsbridge-Marble Hill,metro,2026-03-23,2026-03-23T05:30:33,2.7
BX0802,Kingsbridge-Marble Hill,metro,2026-03-24,2026-03-24T05:30:33,7.8
BX0802,Kingsbridge-Marble Hill,metro,2026-03-25,2026-03-25T05:30:33,7.6
BX0802,Kingsbridge-Marble Hill,metro,2026-03-26,2026-03-26T05:30:33,8.1
BX0802,Kingsbridge-Marble Hill,metro,2026-03-27,2026-03-27T05:30:33,6.8
BX0802,Kingsbridge-Marble Hill,metro,2026-03-28,2026-03-28T05:30:33,7.7
BX0802,Kingsbridge-Marble Hill,metro,2026-03-29,2026-03-29T05:30:33,7.3
BX0802,Kingsbridge-Marble Hill,metro,2026-03-30,2026-03-30T05:30:33,8.5
BX0802,Kingsbridge-Marble Hill,metro,2026-03-31,2026-03-31T05:30:32,5.9
BX0802,Kingsbridge-Marble Hill,metro,2026-04-01,2026-04-01T05:30:32,7.5
BX0802,Kingsbridge-Marble Hill,metro,2026-04-02,2026-04-02T05:30:32,5.4
BX0802,Kingsbridge-Marble Hill,metro,2026-04-03,2026-04-03T05:30:33,9.1
BX0802,Kingsbridge-Marble Hill,metro,2026-04-04,2026-04-04T05:30:33,9.4
BX0802,Kingsbridge-Marble Hill,metro,2026-04-05,2026-04-05T05:30:32,6.5
BX0802,Kingsbridge-Marble Hill,metro,2026-04-06,2026-04-06T05:30:33,10.2
BX0802,Kingsbridge-Marble Hill,metro,2026-04-07,2026-04-07T05:30:33,10.1
BX0802,Kingsbridge-Marble Hill,metro,2026-04-08,2026-04-08T05:30:33,9.2
BX0802,Kingsbridge-Marble Hill,metro,2026-04-09,2026-04-09T05:30:33,9.3
BX0802,Kingsbridge-Marble Hill,metro,2026-04-10,2026-04-10T05:30:33,10.4
BX0802,Kingsbridge-Marble Hill,metro,2026-04-11,2026-04-11T05:30:32,11.2
BX0802,Kingsbridge-Marble Hill,metro,2026-04-12,2026-04-12T05:30:31,10.1
BX0802,Kingsbridge-Marble Hill,metro,2026-04-13,2026-04-13T05:30:30,10.7
BX0802,Kingsbridge-Marble Hill,metro,2026-04-14,2026-04-14T05:30:30,11.8
BX0802,Kingsbridge-Marble Hill,metro,2026-04-15,2026-04-15T05:30:32,11.7
BX0802,Kingsbridge-Marble Hill,metro,2026-04-16,2026-04-16T05:30:33,11.7
BX0802,Kingsbridge-Marble Hill,metro,2026-04-17,2026-04-17T05:30:33,11.6
BX0802,Kingsbridge-Marble Hill,metro,2026-04-18,2026-04-18T05:30:32,11.3
BX0803,Riverdale-Spuyten Duyvil,metro,2026-03-21,2026-03-21T05:30:33,6.8
BX0803,Riverdale-Spuyten Duyvil,metro,2026-03-22,2026-03-22T05:30:33,6.6
BX0803,Riverdale-Spuyten Duyvil,metro,2026-03-23,2026-03-23T05:30:33,2.7
BX0803,Riverdale-Spuyten Duyvil,metro,2026-03-24,2026-03-24T05:30:33,7.8
BX0803,Riverdale-Spuyten Duyvil,metro,2026-03-25,2026-03-25T05:30:33,7.6
BX0803,Riverdale-Spuyten Duyvil,metro,2026-03-26,2026-03-26T05:30:33,8.1
BX0803,Riverdale-Spuyten Duyvil,metro,2026-03-27,2026-03-27T05:30:33,6.8
BX0803,Riverdale-Spuyten Duyvil,metro,2026-03-28,2026-03-28T05:30:33,7.7
BX0803,Riverdale-Spuyten Duyvil,metro,2026-03-29,2026-03-29T05:30:33,7.3
BX0803,Riverdale-Spuyten Duyvil,metro,2026-03-30,2026-03-30T05:30:33,8.5
BX0803,Riverdale-Spuyten Duyvil,metro,2026-03-31,2026-03-31T05:30:32,5.9
BX0803,Riverdale-Spuyten Duyvil,metro,2026-04-01,2026-04-01T05:30:32,7.5
BX0803,Riverdale-Spuyten Duyvil,metro,2026-04-02,2026-04-02T05:30:32,5.4
BX0803,Riverdale-Spuyten Duyvil,metro,2026-04-03,2026-04-03T05:30:33,9.1
BX0803,Riverdale-Spuyten Duyvil,metro,2026-04-04,2026-04-04T05:30:33,9.4
BX0803,Riverdale-Spuyten Duyvil,metro,2026-04-05,2026-04-05T05:30:32,6.5
BX0803,Riverdale-Spuyten Duyvil,metro,2026-04-06,2026-04-06T05:30:33,10.2
BX0803,Riverdale-Spuyten Duyvil,metro,2026-04-07,2026-04-07T05:30:33,10.1
BX0803,Riverdale-Spuyten Duyvil,metro,2026-04-08,2026-04-08T05:30:33,9.2
BX0803,Riverdale-Spuyten Duyvil,metro,2026-04-09,2026-04-09T05:30:33,9.3
BX0803,Riverdale-Spuyten Duyvil,metro,2026-04-10,2026-04-10T05:30:33,10.4
BX0803,Riverdale-Spuyten Duyvil,metro,2026-04-11,2026-04-11T05:30:32,11.2
BX0803,Riverdale-Spuyten Duyvil,metro,2026-04-12,2026-04-12T05:30:31,10.1
BX0803,Riverdale-Spuyten Duyvil,metro,2026-04-13,2026-04-13T05:30:30,10.7
BX0803,Riverdale-Spuyten Duyvil,metro,2026-04-14,2026-04-14T05:30:30,11.8
BX0803,Riverdale-Spuyten Duyvil,metro,2026-04-15,2026-04-15T05:30:32,11.7
BX0803,Riverdale-Spuyten Duyvil,metro,2026-04-16,2026-04-16T05:30:33,11.7
BX0803,Riverdale-Spuyten Duyvil,metro,2026-04-17,2026-04-17T05:30:33,11.6
BX0803,Riverdale-Spuyten Duyvil,metro,2026-04-18,2026-04-18T05:30:32,11.3
BX0901,Soundview-Bruckner-Bronx River,metro,2026-03-21,2026-03-21T05:30:33,6.8
BX0901,Soundview-Bruckner-Bronx River,metro,2026-03-22,2026-03-22T05:30:33,6.6
BX0901,Soundview-Bruckner-Bronx River,metro,2026-03-23,2026-03-23T05:30:33,2.7
BX0901,Soundview-Bruckner-Bronx River,metro,2026-03-24,2026-03-24T05:30:33,7.8
BX0901,Soundview-Bruckner-Bronx River,metro,2026-03-25,2026-03-25T05:30:33,7.6
BX0901,Soundview-Bruckner-Bronx River,metro,2026-03-26,2026-03-26T05:30:33,8.1
BX0901,Soundview-Bruckner-Bronx River,metro,2026-03-27,2026-03-27T05:30:33,6.8
BX0901,Soundview-Bruckner-Bronx River,metro,2026-03-28,2026-03-28T05:30:33,7.7
BX0901,Soundview-Bruckner-Bronx River,metro,2026-03-29,2026-03-29T05:30:33,7.3
BX0901,Soundview-Bruckner-Bronx River,metro,2026-03-30,2026-03-30T05:30:33,8.5
BX0901,Soundview-Bruckner-Bronx River,metro,2026-03-31,2026-03-31T05:30:32,5.9
BX0901,Soundview-Bruckner-Bronx River,metro,2026-04-01,2026-04-01T05:30:32,7.5
BX0901,Soundview-Bruckner-Bronx River,metro,2026-04-02,2026-04-02T05:30:32,5.4
BX0901,Soundview-Bruckner-Bronx River,metro,2026-04-03,2026-04-03T05:30:33,9.1
BX0901,Soundview-Bruckner-Bronx River,metro,2026-04-04,2026-04-04T05:30:33,9.4
BX0901,Soundview-Bruckner-Bronx River,metro,2026-04-05,2026-04-05T05:30:32,6.5
BX0901,Soundview-Bruckner-Bronx River,metro,2026-04-06,2026-04-06T05:30:33,10.2
BX0901,Soundview-Bruckner-Bronx River,metro,2026-04-07,2026-04-07T05:30:33,10.1
BX0901,Soundview-Bruckner-Bronx River,metro,2026-04-08,2026-04-08T05:30:33,9.2
BX0901,Soundview-Bruckner-Bronx River,metro,2026-04-09,2026-04-09T05:30:33,9.3
BX0901,Soundview-Bruckner-Bronx River,metro,2026-04-10,2026-04-10T05:30:33,10.4
BX0901,Soundview-Bruckner-Bronx River,metro,2026-04-11,2026-04-11T05:30:32,11.2
BX0901,Soundview-Bruckner-Bronx River,metro,2026-04-12,2026-04-12T05:30:31,10.1
BX0901,Soundview-Bruckner-Bronx River,metro,2026-04-13,2026-04-13T05:30:30,10.7
BX0901,Soundview-Bruckner-Bronx River,metro,2026-04-14,2026-04-14T05:30:30,11.8
BX0901,Soundview-Bruckner-Bronx River,metro,2026-04-15,2026-04-15T05:30:32,11.7
BX0901,Soundview-Bruckner-Bronx River,metro,2026-04-16,2026-04-16T05:30:33,11.7
BX0901,Soundview-Bruckner-Bronx River,metro,2026-04-17,2026-04-17T05:30:33,11.6
BX0901,Soundview-Bruckner-Bronx River,metro,2026-04-18,2026-04-18T05:30:32,11.3
BX0902,Soundview-Clason Point,metro,2026-03-21,2026-03-21T05:30:33,6.8
BX0902,Soundview-Clason Point,metro,2026-03-22,2026-03-22T05:30:33,6.6
BX0902,Soundview-Clason Point,metro,2026-03-23,2026-03-23T05:30:33,2.7
BX0902,Soundview-Clason Point,metro,2026-03-24,2026-03-24T05:30:33,7.8
BX0902,Soundview-Clason Point,metro,2026-03-25,2026-03-25T05:30:33,7.6
BX0902,Soundview-Clason Point,metro,2026-03-26,2026-03-26T05:30:33,8.1
BX0902,Soundview-Clason Point,metro,2026-03-27,2026-03-27T05:30:33,6.8
BX0902,Soundview-Clason Point,metro,2026-03-28,2026-03-28T05:30:33,7.7
BX0902,Soundview-Clason Point,metro,2026-03-29,2026-03-29T05:30:33,7.3
BX0902,Soundview-Clason Point,metro,2026-03-30,2026-03-30T05:30:33,8.5
BX0902,Soundview-Clason Point,metro,2026-03-31,2026-03-31T05:30:32,5.9
BX0902,Soundview-Clason Point,metro,2026-04-01,2026-04-01T05:30:32,7.5
BX0902,Soundview-Clason Point,metro,2026-04-02,2026-04-02T05:30:32,5.4
BX0902,Soundview-Clason Point,metro,2026-04-03,2026-04-03T05:30:33,9.1
BX0902,Soundview-Clason Point,metro,2026-04-04,2026-04-04T05:30:33,9.4
BX0902,Soundview-Clason Point,metro,2026-04-05,2026-04-05T05:30:32,6.5
BX0902,Soundview-Clason Point,metro,2026-04-06,2026-04-06T05:30:33,10.2
BX0902,Soundview-Clason Point,metro,2026-04-07,2026-04-07T05:30:33,10.1
BX0902,Soundview-Clason Point,metro,2026-04-08,2026-04-08T05:30:33,9.2
BX0902,Soundview-Clason Point,metro,2026-04-09,2026-04-09T05:30:33,9.3
BX0902,Soundview-Clason Point,metro,2026-04-10,2026-04-10T05:30:33,10.4
BX0902,Soundview-Clason Point,metro,2026-04-11,2026-04-11T05:30:32,11.2
BX0902,Soundview-Clason Point,metro,2026-04-12,2026-04-12T05:30:31,10.1
BX0902,Soundview-Clason Point,metro,2026-04-13,2026-04-13T05:30:30,10.7
BX0902,Soundview-Clason Point,metro,2026-04-14,2026-04-14T05:30:30,11.8
BX0902,Soundview-Clason Point,metro,2026-04-15,2026-04-15T05:30:32,11.7
BX0902,Soundview-Clason Point,metro,2026-04-16,2026-04-16T05:30:33,11.7
BX0902,Soundview-Clason Point,metro,2026-04-17,2026-04-17T05:30:33,11.6
BX0902,Soundview-Clason Point,metro,2026-04-18,2026-04-18T05:30:32,11.3
BX0903,Castle Hill-Unionport,metro,2026-03-21,2026-03-21T05:30:33,6.8
BX0903,Castle Hill-Unionport,metro,2026-03-22,2026-03-22T05:30:33,6.6
BX0903,Castle Hill-Unionport,metro,2026-03-23,2026-03-23T05:30:33,2.7
BX0903,Castle Hill-Unionport,metro,2026-03-24,2026-03-24T05:30:33,7.8
BX0903,Castle Hill-Unionport,metro,2026-03-25,2026-03-25T05:30:33,7.6
BX0903,Castle Hill-Unionport,metro,2026-03-26,2026-03-26T05:30:33,8.1
BX0903,Castle Hill-Unionport,metro,2026-03-27,2026-03-27T05:30:33,6.8
BX0903,Castle Hill-Unionport,metro,2026-03-28,2026-03-28T05:30:33,7.7
BX0903,Castle Hill-Unionport,metro,2026-03-29,2026-03-29T05:30:33,7.3
BX0903,Castle Hill-Unionport,metro,2026-03-30,2026-03-30T05:30:33,8.5
BX0903,Castle Hill-Unionport,metro,2026-03-31,2026-03-31T05:30:32,5.9
BX0903,Castle Hill-Unionport,metro,2026-04-01,2026-04-01T05:30:32,7.5
BX0903,Castle Hill-Unionport,metro,2026-04-02,2026-04-02T05:30:32,5.4
BX0903,Castle Hill-Unionport,metro,2026-04-03,2026-04-03T05:30:33,9.1
BX0903,Castle Hill-Unionport,metro,2026-04-04,2026-04-04T05:30:33,9.4
BX0903,Castle Hill-Unionport,metro,2026-04-05,2026-04-05T05:30:32,6.5
BX0903,Castle Hill-Unionport,metro,2026-04-06,2026-04-06T05:30:33,10.2
BX0903,Castle Hill-Unionport,metro,2026-04-07,2026-04-07T05:30:33,10.1
BX0903,Castle Hill-Unionport,metro,2026-04-08,2026-04-08T05:30:33,9.2
BX0903,Castle Hill-Unionport,metro,2026-04-09,2026-04-09T05:30:33,9.3
BX0903,Castle Hill-Unionport,metro,2026-04-10,2026-04-10T05:30:33,10.4
BX0903,Castle Hill-Unionport,metro,2026-04-11,2026-04-11T05:30:32,11.2
BX0903,Castle Hill-Unionport,metro,2026-04-12,2026-04-12T05:30:31,10.1
BX0903,Castle Hill-Unionport,metro,2026-04-13,2026-04-13T05:30:30,10.7
BX0903,Castle Hill-Unionport,metro,2026-04-14,2026-04-14T05:30:30,11.8
BX0903,Castle Hill-Unionport,metro,2026-04-15,2026-04-15T05:30:32,11.7
BX0903,Castle Hill-Unionport,metro,2026-04-16,2026-04-16T05:30:33,11.7
BX0903,Castle Hill-Unionport,metro,2026-04-17,2026-04-17T05:30:33,11.6
BX0903,Castle Hill-Unionport,metro,2026-04-18,2026-04-18T05:30:32,11.3
BX0904,Parkchester,metro,2026-03-21,2026-03-21T05:30:33,6.8
BX0904,Parkchester,metro,2026-03-22,2026-03-22T05:30:33,6.6
BX0904,Parkchester,metro,2026-03-23,2026-03-23T05:30:33,2.7
BX0904,Parkchester,metro,2026-03-24,2026-03-24T05:30:33,7.8
BX0904,Parkchester,metro,2026-03-25,2026-03-25T05:30:33,7.6
BX0904,Parkchester,metro,2026-03-26,2026-03-26T05:30:33,8.1
BX0904,Parkchester,metro,2026-03-27,2026-03-27T05:30:33,6.8
BX0904,Parkchester,metro,2026-03-28,2026-03-28T05:30:33,7.7
BX0904,Parkchester,metro,2026-03-29,2026-03-29T05:30:33,7.3
BX0904,Parkchester,metro,2026-03-30,2026-03-30T05:30:33,8.5
BX0904,Parkchester,metro,2026-03-31,2026-03-31T05:30:32,5.9
BX0904,Parkchester,metro,2026-04-01,2026-04-01T05:30:32,7.5
BX0904,Parkchester,metro,2026-04-02,2026-04-02T05:30:32,5.4
BX0904,Parkchester,metro,2026-04-03,2026-04-03T05:30:33,9.1
BX0904,Parkchester,metro,2026-04-04,2026-04-04T05:30:33,9.4
BX0904,Parkchester,metro,2026-04-05,2026-04-05T05:30:32,6.5
BX0904,Parkchester,metro,2026-04-06,2026-04-06T05:30:33,10.2
BX0904,Parkchester,metro,2026-04-07,2026-04-07T05:30:33,10.1
BX0904,Parkchester,metro,2026-04-08,2026-04-08T05:30:33,9.2
BX0904,Parkchester,metro,2026-04-09,2026-04-09T05:30:33,9.3
BX0904,Parkchester,metro,2026-04-10,2026-04-10T05:30:33,10.4
BX0904,Parkchester,metro,2026-04-11,2026-04-11T05:30:32,11.2
BX0904,Parkchester,metro,2026-04-12,2026-04-12T05:30:31,10.1
BX0904,Parkchester,metro,2026-04-13,2026-04-13T05:30:30,10.7
BX0904,Parkchester,metro,2026-04-14,2026-04-14T05:30:30,11.8
BX0904,Parkchester,metro,2026-04-15,2026-04-15T05:30:32,11.7
BX0904,Parkchester,metro,2026-04-16,2026-04-16T05:30:33,11.7
BX0904,Parkchester,metro,2026-04-17,2026-04-17T05:30:33,11.6
BX0904,Parkchester,metro,2026-04-18,2026-04-18T05:30:32,11.3
BX0991,Soundview Park,metro,2026-03-21,2026-03-21T05:30:33,6.8
BX0991,Soundview Park,metro,2026-03-22,2026-03-22T05:30:33,6.6
BX0991,Soundview Park,metro,2026-03-23,2026-03-23T05:30:33,2.7
BX0991,Soundview Park,metro,2026-03-24,2026-03-24T05:30:33,7.8
BX0991,Soundview Park,metro,2026-03-25,2026-03-25T05:30:33,7.6
BX0991,Soundview Park,metro,2026-03-26,2026-03-26T05:30:33,8.1
BX0991,Soundview Park,metro,2026-03-27,2026-03-27T05:30:33,6.8
BX0991,Soundview Park,metro,2026-03-28,2026-03-28T05:30:33,7.7
BX0991,Soundview Park,metro,2026-03-29,2026-03-29T05:30:33,7.3
BX0991,Soundview Park,metro,2026-03-30,2026-03-30T05:30:33,8.5
BX0991,Soundview Park,metro,2026-03-31,2026-03-31T05:30:32,5.9
BX0991,Soundview Park,metro,2026-04-01,2026-04-01T05:30:32,7.5
BX0991,Soundview Park,metro,2026-04-02,2026-04-02T05:30:32,5.4
BX0991,Soundview Park,metro,2026-04-03,2026-04-03T05:30:33,9.1
BX0991,Soundview Park,metro,2026-04-04,2026-04-04T05:30:33,9.4
BX0991,Soundview Park,metro,2026-04-05,2026-04-05T05:30:32,6.5
BX0991,Soundview Park,metro,2026-04-06,2026-04-06T05:30:33,10.2
BX0991,Soundview Park,metro,2026-04-07,2026-04-07T05:30:33,10.1
BX0991,Soundview Park,metro,2026-04-08,2026-04-08T05:30:33,9.2
BX0991,Soundview Park,metro,2026-04-09,2026-04-09T05:30:33,9.3
BX0991,Soundview Park,metro,2026-04-10,2026-04-10T05:30:33,10.4
BX0991,Soundview Park,metro,2026-04-11,2026-04-11T05:30:32,11.2
BX0991,Soundview Park,metro,2026-04-12,2026-04-12T05:30:31,10.1
BX0991,Soundview Park,metro,2026-04-13,2026-04-13T05:30:30,10.7
BX0991,Soundview Park,metro,2026-04-14,2026-04-14T05:30:30,11.8
BX0991,Soundview Park,metro,2026-04-15,2026-04-15T05:30:32,11.7
BX0991,Soundview Park,metro,2026-04-16,2026-04-16T05:30:33,11.7
BX0991,Soundview Park,metro,2026-04-17,2026-04-17T05:30:33,11.6
BX0991,Soundview Park,metro,2026-04-18,2026-04-18T05:30:32,11.3
BX1001,Westchester Square,metro,2026-03-21,2026-03-21T05:30:33,6.8
BX1001,Westchester Square,metro,2026-03-22,2026-03-22T05:30:33,6.6
BX1001,Westchester Square,metro,2026-03-23,2026-03-23T05:30:33,2.7
BX1001,Westchester Square,metro,2026-03-24,2026-03-24T05:30:33,7.8
BX1001,Westchester Square,metro,2026-03-25,2026-03-25T05:30:33,7.6
BX1001,Westchester Square,metro,2026-03-26,2026-03-26T05:30:33,8.1
BX1001,Westchester Square,metro,2026-03-27,2026-03-27T05:30:33,6.8
BX1001,Westchester Square,metro,2026-03-28,2026-03-28T05:30:33,7.7
BX1001,Westchester Square,metro,2026-03-29,2026-03-29T05:30:33,7.3
BX1001,Westchester Square,metro,2026-03-30,2026-03-30T05:30:33,8.5
BX1001,Westchester Square,metro,2026-03-31,2026-03-31T05:30:32,5.9
BX1001,Westchester Square,metro,2026-04-01,2026-04-01T05:30:32,7.5
BX1001,Westchester Square,metro,2026-04-02,2026-04-02T05:30:32,5.4
BX1001,Westchester Square,metro,2026-04-03,2026-04-03T05:30:33,9.1
BX1001,Westchester Square,metro,2026-04-04,2026-04-04T05:30:33,9.4
BX1001,Westchester Square,metro,2026-04-05,2026-04-05T05:30:32,6.5
BX1001,Westchester Square,metro,2026-04-06,2026-04-06T05:30:33,10.2
BX1001,Westchester Square,metro,2026-04-07,2026-04-07T05:30:33,10.1
BX1001,Westchester Square,metro,2026-04-08,2026-04-08T05:30:33,9.2
BX1001,Westchester Square,metro,2026-04-09,2026-04-09T05:30:33,9.3
BX1001,Westchester Square,metro,2026-04-10,2026-04-10T05:30:33,10.4
BX1001,Westchester Square,metro,2026-04-11,2026-04-11T05:30:32,11.2
BX1001,Westchester Square,metro,2026-04-12,2026-04-12T05:30:31,10.1
BX1001,Westchester Square,metro,2026-04-13,2026-04-13T05:30:30,10.7
BX1001,Westchester Square,metro,2026-04-14,2026-04-14T05:30:30,11.8
BX1001,Westchester Square,metro,2026-04-15,2026-04-15T05:30:32,11.7
BX1001,Westchester Square,metro,2026-04-16,2026-04-16T05:30:33,11.7
BX1001,Westchester Square,metro,2026-04-17,2026-04-17T05:30:33,11.6
BX1001,Westchester Square,metro,2026-04-18,2026-04-18T05:30:32,11.3
BX1002,Throgs Neck-Schuylerville,metro,2026-03-21,2026-03-21T05:30:33,6.8
BX1002,Throgs Neck-Schuylerville,metro,2026-03-22,2026-03-22T05:30:33,6.6
BX1002,Throgs Neck-Schuylerville,metro,2026-03-23,2026-03-23T05:30:33,2.7
BX1002,Throgs Neck-Schuylerville,metro,2026-03-24,2026-03-24T05:30:33,7.8
BX1002,Throgs Neck-Schuylerville,metro,2026-03-25,2026-03-25T05:30:33,7.6
BX1002,Throgs Neck-Schuylerville,metro,2026-03-26,2026-03-26T05:30:33,8.1
BX1002,Throgs Neck-Schuylerville,metro,2026-03-27,2026-03-27T05:30:33,6.8
BX1002,Throgs Neck-Schuylerville,metro,2026-03-28,2026-03-28T05:30:33,7.7
BX1002,Throgs Neck-Schuylerville,metro,2026-03-29,2026-03-29T05:30:33,7.3
BX1002,Throgs Neck-Schuylerville,metro,2026-03-30,2026-03-30T05:30:33,8.5
BX1002,Throgs Neck-Schuylerville,metro,2026-03-31,2026-03-31T05:30:32,5.9
BX1002,Throgs Neck-Schuylerville,metro,2026-04-01,2026-04-01T05:30:32,7.5
BX1002,Throgs Neck-Schuylerville,metro,2026-04-02,2026-04-02T05:30:32,5.4
BX1002,Throgs Neck-Schuylerville,metro,2026-04-03,2026-04-03T05:30:33,9.1
BX1002,Throgs Neck-Schuylerville,metro,2026-04-04,2026-04-04T05:30:33,9.4
BX1002,Throgs Neck-Schuylerville,metro,2026-04-05,2026-04-05T05:30:32,6.5
BX1002,Throgs Neck-Schuylerville,metro,2026-04-06,2026-04-06T05:30:33,10.2
BX1002,Throgs Neck-Schuylerville,metro,2026-04-07,2026-04-07T05:30:33,10.1
BX1002,Throgs Neck-Schuylerville,metro,2026-04-08,2026-04-08T05:30:33,9.2
BX1002,Throgs Neck-Schuylerville,metro,2026-04-09,2026-04-09T05:30:33,9.3
BX1002,Throgs Neck-Schuylerville,metro,2026-04-10,2026-04-10T05:30:33,10.4
BX1002,Throgs Neck-Schuylerville,metro,2026-04-11,2026-04-11T05:30:32,11.2
BX1002,Throgs Neck-Schuylerville,metro,2026-04-12,2026-04-12T05:30:31,10.1
BX1002,Throgs Neck-Schuylerville,metro,2026-04-13,2026-04-13T05:30:30,10.7
BX1002,Throgs Neck-Schuylerville,metro,2026-04-14,2026-04-14T05:30:30,11.8
BX1002,Throgs Neck-Schuylerville,metro,2026-04-15,2026-04-15T05:30:32,11.7
BX1002,Throgs Neck-Schuylerville,metro,2026-04-16,2026-04-16T05:30:33,11.7
BX1002,Throgs Neck-Schuylerville,metro,2026-04-17,2026-04-17T05:30:33,11.6
BX1002,Throgs Neck-Schuylerville,metro,2026-04-18,2026-04-18T05:30:32,11.3
BX1003,Pelham Bay-Country Club-City Island,metro,2026-03-21,2026-03-21T05:30:33,6.8
BX1003,Pelham Bay-Country Club-City Island,metro,2026-03-22,2026-03-22T05:30:33,6.6
BX1003,Pelham Bay-Country Club-City Island,metro,2026-03-23,2026-03-23T05:30:33,2.7
BX1003,Pelham Bay-Country Club-City Island,metro,2026-03-24,2026-03-24T05:30:33,7.8
BX1003,Pelham Bay-Country Club-City Island,metro,2026-03-25,2026-03-25T05:30:33,7.6
BX1003,Pelham Bay-Country Club-City Island,metro,2026-03-26,2026-03-26T05:30:33,8.1
BX1003,Pelham Bay-Country Club-City Island,metro,2026-03-27,2026-03-27T05:30:33,6.8
BX1003,Pelham Bay-Country Club-City Island,metro,2026-03-28,2026-03-28T05:30:33,7.7
BX1003,Pelham Bay-Country Club-City Island,metro,2026-03-29,2026-03-29T05:30:33,7.3
BX1003,Pelham Bay-Country Club-City Island,metro,2026-03-30,2026-03-30T05:30:33,8.5
BX1003,Pelham Bay-Country Club-City Island,metro,2026-03-31,2026-03-31T05:30:32,5.9
BX1003,Pelham Bay-Country Club-City Island,metro,2026-04-01,2026-04-01T05:30:32,7.5
BX1003,Pelham Bay-Country Club-City Island,metro,2026-04-02,2026-04-02T05:30:32,5.4
BX1003,Pelham Bay-Country Club-City Island,metro,2026-04-03,2026-04-03T05:30:33,9.1
BX1003,Pelham Bay-Country Club-City Island,metro,2026-04-04,2026-04-04T05:30:33,9.4
BX1003,Pelham Bay-Country Club-City Island,metro,2026-04-05,2026-04-05T05:30:32,6.5
BX1003,Pelham Bay-Country Club-City Island,metro,2026-04-06,2026-04-06T05:30:33,10.2
BX1003,Pelham Bay-Country Club-City Island,metro,2026-04-07,2026-04-07T05:30:33,10.1
BX1003,Pelham Bay-Country Club-City Island,metro,2026-04-08,2026-04-08T05:30:33,9.2
BX1003,Pelham Bay-Country Club-City Island,metro,2026-04-09,2026-04-09T05:30:33,9.3
BX1003,Pelham Bay-Country Club-City Island,metro,2026-04-10,2026-04-10T05:30:33,10.4
BX1003,Pelham Bay-Country Club-City Island,metro,2026-04-11,2026-04-11T05:30:32,11.2
BX1003,Pelham Bay-Country Club-City Island,metro,2026-04-12,2026-04-12T05:30:31,10.1
BX1003,Pelham Bay-Country Club-City Island,metro,2026-04-13,2026-04-13T05:30:30,10.7
BX1003,Pelham Bay-Country Club-City Island,metro,2026-04-14,2026-04-14T05:30:30,11.8
BX1003,Pelham Bay-Country Club-City Island,metro,2026-04-15,2026-04-15T05:30:32,11.7
BX1003,Pelham Bay-Country Club-City Island,metro,2026-04-16,2026-04-16T05:30:33,11.7
BX1003,Pelham Bay-Country Club-City Island,metro,2026-04-17,2026-04-17T05:30:33,11.6
BX1003,Pelham Bay-Country Club-City Island,metro,2026-04-18,2026-04-18T05:30:32,11.3
BX1004,Co-op City,metro,2026-03-21,2026-03-21T05:30:33,6.8
BX1004,Co-op City,metro,2026-03-22,2026-03-22T05:30:33,6.6
BX1004,Co-op City,metro,2026-03-23,2026-03-23T05:30:33,2.7
BX1004,Co-op City,metro,2026-03-24,2026-03-24T05:30:33,7.8
BX1004,Co-op City,metro,2026-03-25,2026-03-25T05:30:33,7.6
BX1004,Co-op City,metro,2026-03-26,2026-03-26T05:30:33,8.1
BX1004,Co-op City,metro,2026-03-27,2026-03-27T05:30:33,6.8
BX1004,Co-op City,metro,2026-03-28,2026-03-28T05:30:33,7.7
BX1004,Co-op City,metro,2026-03-29,2026-03-29T05:30:33,7.3
BX1004,Co-op City,metro,2026-03-30,2026-03-30T05:30:33,8.5
BX1004,Co-op City,metro,2026-03-31,2026-03-31T05:30:32,5.9
BX1004,Co-op City,metro,2026-04-01,2026-04-01T05:30:32,7.5
BX1004,Co-op City,metro,2026-04-02,2026-04-02T05:30:32,5.4
BX1004,Co-op City,metro,2026-04-03,2026-04-03T05:30:33,9.1
BX1004,Co-op City,metro,2026-04-04,2026-04-04T05:30:33,9.4
BX1004,Co-op City,metro,2026-04-05,2026-04-05T05:30:32,6.5
BX1004,Co-op City,metro,2026-04-06,2026-04-06T05:30:33,10.2
BX1004,Co-op City,metro,2026-04-07,2026-04-07T05:30:33,10.1
BX1004,Co-op City,metro,2026-04-08,2026-04-08T05:30:33,9.2
BX1004,Co-op City,metro,2026-04-09,2026-04-09T05:30:33,9.3
BX1004,Co-op City,metro,2026-04-10,2026-04-10T05:30:33,10.4
BX1004,Co-op City,metro,2026-04-11,2026-04-11T05:30:32,11.2
BX1004,Co-op City,metro,2026-04-12,2026-04-12T05:30:31,10.1
BX1004,Co-op City,metro,2026-04-13,2026-04-13T05:30:30,10.7
BX1004,Co-op City,metro,2026-04-14,2026-04-14T05:30:30,11.8
BX1004,Co-op City,metro,2026-04-15,2026-04-15T05:30:32,11.7
BX1004,Co-op City,metro,2026-04-16,2026-04-16T05:30:33,11.7
BX1004,Co-op City,metro,2026-04-17,2026-04-17T05:30:33,11.6
BX1004,Co-op City,metro,2026-04-18,2026-04-18T05:30:32,11.3
BX1071,Hart Island,metro,2026-03-21,2026-03-21T05:30:33,6.8
BX1071,Hart Island,metro,2026-03-22,2026-03-22T05:30:33,6.6
BX1071,Hart Island,metro,2026-03-23,2026-03-23T05:30:33,2.7
BX1071,Hart Island,metro,2026-03-24,2026-03-24T05:30:33,7.8
BX1071,Hart Island,metro,2026-03-25,2026-03-25T05:30:33,7.6
BX1071,Hart Island,metro,2026-03-26,2026-03-26T05:30:33,8.1
BX1071,Hart Island,metro,2026-03-27,2026-03-27T05:30:33,6.8
BX1071,Hart Island,metro,2026-03-28,2026-03-28T05:30:33,7.7
BX1071,Hart Island,metro,2026-03-29,2026-03-29T05:30:33,7.3
BX1071,Hart Island,metro,2026-03-30,2026-03-30T05:30:33,8.5
BX1071,Hart Island,metro,2026-03-31,2026-03-31T05:30:32,5.9
BX1071,Hart Island,metro,2026-04-01,2026-04-01T05:30:32,7.5
BX1071,Hart Island,metro,2026-04-02,2026-04-02T05:30:32,5.4
BX1071,Hart Island,metro,2026-04-03,2026-04-03T05:30:33,9.1
BX1071,Hart Island,metro,2026-04-04,2026-04-04T05:30:33,9.4
BX1071,Hart Island,metro,2026-04-05,2026-04-05T05:30:32,6.5
BX1071,Hart Island,metro,2026-04-06,2026-04-06T05:30:33,10.2
BX1071,Hart Island,metro,2026-04-07,2026-04-07T05:30:33,10.1
BX1071,Hart Island,metro,2026-04-08,2026-04-08T05:30:33,9.2
BX1071,Hart Island,metro,2026-04-09,2026-04-09T05:30:33,9.3
BX1071,Hart Island,metro,2026-04-10,2026-04-10T05:30:33,10.4
BX1071,Hart Island,metro,2026-04-11,2026-04-11T05:30:32,11.2
BX1071,Hart Island,metro,2026-04-12,2026-04-12T05:30:31,10.1
BX1071,Hart Island,metro,2026-04-13,2026-04-13T05:30:30,10.7
BX1071,Hart Island,metro,2026-04-14,2026-04-14T05:30:30,11.8
BX1071,Hart Island,metro,2026-04-15,2026-04-15T05:30:32,11.7
BX1071,Hart Island,metro,2026-04-16,2026-04-16T05:30:33,11.7
BX1071,Hart Island,metro,2026-04-17,2026-04-17T05:30:33,11.6
BX1071,Hart Island,metro,2026-04-18,2026-04-18T05:30:32,11.3
BX1091,Ferry Point Park-St. Raymond Cemetery,metro,2026-03-21,2026-03-21T05:30:33,6.8
BX1091,Ferry Point Park-St. Raymond Cemetery,metro,2026-03-22,2026-03-22T05:30:33,6.6
BX1091,Ferry Point Park-St. Raymond Cemetery,metro,2026-03-23,2026-03-23T05:30:33,2.7
BX1091,Ferry Point Park-St. Raymond Cemetery,metro,2026-03-24,2026-03-24T05:30:33,7.8
BX1091,Ferry Point Park-St. Raymond Cemetery,metro,2026-03-25,2026-03-25T05:30:33,7.6
BX1091,Ferry Point Park-St. Raymond Cemetery,metro,2026-03-26,2026-03-26T05:30:33,8.1
BX1091,Ferry Point Park-St. Raymond Cemetery,metro,2026-03-27,2026-03-27T05:30:33,6.8
BX1091,Ferry Point Park-St. Raymond Cemetery,metro,2026-03-28,2026-03-28T05:30:33,7.7
BX1091,Ferry Point Park-St. Raymond Cemetery,metro,2026-03-29,2026-03-29T05:30:33,7.3
BX1091,Ferry Point Park-St. Raymond Cemetery,metro,2026-03-30,2026-03-30T05:30:33,8.5
BX1091,Ferry Point Park-St. Raymond Cemetery,metro,2026-03-31,2026-03-31T05:30:32,5.9
BX1091,Ferry Point Park-St. Raymond Cemetery,metro,2026-04-01,2026-04-01T05:30:32,7.5
BX1091,Ferry Point Park-St. Raymond Cemetery,metro,2026-04-02,2026-04-02T05:30:32,5.4
BX1091,Ferry Point Park-St. Raymond Cemetery,metro,2026-04-03,2026-04-03T05:30:33,9.1
BX1091,Ferry Point Park-St. Raymond Cemetery,metro,2026-04-04,2026-04-04T05:30:33,9.4
BX1091,Ferry Point Park-St. Raymond Cemetery,metro,2026-04-05,2026-04-05T05:30:32,6.5
BX1091,Ferry Point Park-St. Raymond Cemetery,metro,2026-04-06,2026-04-06T05:30:33,10.2
BX1091,Ferry Point Park-St. Raymond Cemetery,metro,2026-04-07,2026-04-07T05:30:33,10.1
BX1091,Ferry Point Park-St. Raymond Cemetery,metro,2026-04-08,2026-04-08T05:30:33,9.2
BX1091,Ferry Point Park-St. Raymond Cemetery,metro,2026-04-09,2026-04-09T05:30:33,9.3
BX1091,Ferry Point Park-St. Raymond Cemetery,metro,2026-04-10,2026-04-10T05:30:33,10.4
BX1091,Ferry Point Park-St. Raymond Cemetery,metro,2026-04-11,2026-04-11T05:30:32,11.2
BX1091,Ferry Point Park-St. Raymond Cemetery,metro,2026-04-12,2026-04-12T05:30:31,10.1
BX1091,Ferry Point Park-St. Raymond Cemetery,metro,2026-04-13,2026-04-13T05:30:30,10.7
BX1091,Ferry Point Park-St. Raymond Cemetery,metro,2026-04-14,2026-04-14T05:30:30,11.8
BX1091,Ferry Point Park-St. Raymond Cemetery,metro,2026-04-15,2026-04-15T05:30:32,11.7
BX1091,Ferry Point Park-St. Raymond Cemetery,metro,2026-04-16,2026-04-16T05:30:33,11.7
BX1091,Ferry Point Park-St. Raymond Cemetery,metro,2026-04-17,2026-04-17T05:30:33,11.6
BX1091,Ferry Point Park-St. Raymond Cemetery,metro,2026-04-18,2026-04-18T05:30:32,11.3
BX1101,Pelham Parkway-Van Nest,metro,2026-03-21,2026-03-21T05:30:33,6.8
BX1101,Pelham Parkway-Van Nest,metro,2026-03-22,2026-03-22T05:30:33,6.6
BX1101,Pelham Parkway-Van Nest,metro,2026-03-23,2026-03-23T05:30:33,2.7
BX1101,Pelham Parkway-Van Nest,metro,2026-03-24,2026-03-24T05:30:33,7.8
BX1101,Pelham Parkway-Van Nest,metro,2026-03-25,2026-03-25T05:30:33,7.6
BX1101,Pelham Parkway-Van Nest,metro,2026-03-26,2026-03-26T05:30:33,8.1
BX1101,Pelham Parkway-Van Nest,metro,2026-03-27,2026-03-27T05:30:33,6.8
BX1101,Pelham Parkway-Van Nest,metro,2026-03-28,2026-03-28T05:30:33,7.7
BX1101,Pelham Parkway-Van Nest,metro,2026-03-29,2026-03-29T05:30:33,7.3
BX1101,Pelham Parkway-Van Nest,metro,2026-03-30,2026-03-30T05:30:33,8.5
BX1101,Pelham Parkway-Van Nest,metro,2026-03-31,2026-03-31T05:30:32,5.9
BX1101,Pelham Parkway-Van Nest,metro,2026-04-01,2026-04-01T05:30:32,7.5
BX1101,Pelham Parkway-Van Nest,metro,2026-04-02,2026-04-02T05:30:32,5.4
BX1101,Pelham Parkway-Van Nest,metro,2026-04-03,2026-04-03T05:30:33,9.1
BX1101,Pelham Parkway-Van Nest,metro,2026-04-04,2026-04-04T05:30:33,9.4
BX1101,Pelham Parkway-Van Nest,metro,2026-04-05,2026-04-05T05:30:32,6.5
BX1101,Pelham Parkway-Van Nest,metro,2026-04-06,2026-04-06T05:30:33,10.2
BX1101,Pelham Parkway-Van Nest,metro,2026-04-07,2026-04-07T05:30:33,10.1
BX1101,Pelham Parkway-Van Nest,metro,2026-04-08,2026-04-08T05:30:33,9.2
BX1101,Pelham Parkway-Van Nest,metro,2026-04-09,2026-04-09T05:30:33,9.3
BX1101,Pelham Parkway-Van Nest,metro,2026-04-10,2026-04-10T05:30:33,10.4
BX1101,Pelham Parkway-Van Nest,metro,2026-04-11,2026-04-11T05:30:32,11.2
BX1101,Pelham Parkway-Van Nest,metro,2026-04-12,2026-04-12T05:30:31,10.1
BX1101,Pelham Parkway-Van Nest,metro,2026-04-13,2026-04-13T05:30:30,10.7
BX1101,Pelham Parkway-Van Nest,metro,2026-04-14,2026-04-14T05:30:30,11.8
BX1101,Pelham Parkway-Van Nest,metro,2026-04-15,2026-04-15T05:30:32,11.7
BX1101,Pelham Parkway-Van Nest,metro,2026-04-16,2026-04-16T05:30:33,11.7
BX1101,Pelham Parkway-Van Nest,metro,2026-04-17,2026-04-17T05:30:33,11.6
BX1101,Pelham Parkway-Van Nest,metro,2026-04-18,2026-04-18T05:30:32,11.3
BX1102,Morris Park,metro,2026-03-21,2026-03-21T05:30:33,6.8
BX1102,Morris Park,metro,2026-03-22,2026-03-22T05:30:33,6.6
BX1102,Morris Park,metro,2026-03-23,2026-03-23T05:30:33,2.7
BX1102,Morris Park,metro,2026-03-24,2026-03-24T05:30:33,7.8
BX1102,Morris Park,metro,2026-03-25,2026-03-25T05:30:33,7.6
BX1102,Morris Park,metro,2026-03-26,2026-03-26T05:30:33,8.1
BX1102,Morris Park,metro,2026-03-27,2026-03-27T05:30:33,6.8
BX1102,Morris Park,metro,2026-03-28,2026-03-28T05:30:33,7.7
BX1102,Morris Park,metro,2026-03-29,2026-03-29T05:30:33,7.3
BX1102,Morris Park,metro,2026-03-30,2026-03-30T05:30:33,8.5
BX1102,Morris Park,metro,2026-03-31,2026-03-31T05:30:32,5.9
BX1102,Morris Park,metro,2026-04-01,2026-04-01T05:30:32,7.5
BX1102,Morris Park,metro,2026-04-02,2026-04-02T05:30:32,5.4
BX1102,Morris Park,metro,2026-04-03,2026-04-03T05:30:33,9.1
BX1102,Morris Park,metro,2026-04-04,2026-04-04T05:30:33,9.4
BX1102,Morris Park,metro,2026-04-05,2026-04-05T05:30:32,6.5
BX1102,Morris Park,metro,2026-04-06,2026-04-06T05:30:33,10.2
BX1102,Morris Park,metro,2026-04-07,2026-04-07T05:30:33,10.1
BX1102,Morris Park,metro,2026-04-08,2026-04-08T05:30:33,9.2
BX1102,Morris Park,metro,2026-04-09,2026-04-09T05:30:33,9.3
BX1102,Morris Park,metro,2026-04-10,2026-04-10T05:30:33,10.4
BX1102,Morris Park,metro,2026-04-11,2026-04-11T05:30:32,11.2
BX1102,Morris Park,metro,2026-04-12,2026-04-12T05:30:31,10.1
BX1102,Morris Park,metro,2026-04-13,2026-04-13T05:30:30,10.7
BX1102,Morris Park,metro,2026-04-14,2026-04-14T05:30:30,11.8
BX1102,Morris Park,metro,2026-04-15,2026-04-15T05:30:32,11.7
BX1102,Morris Park,metro,2026-04-16,2026-04-16T05:30:33,11.7
BX1102,Morris Park,metro,2026-04-17,2026-04-17T05:30:33,11.6
BX1102,Morris Park,metro,2026-04-18,2026-04-18T05:30:32,11.3
BX1103,Pelham Gardens,metro,2026-03-21,2026-03-21T05:30:33,6.8
BX1103,Pelham Gardens,metro,2026-03-22,2026-03-22T05:30:33,6.6
BX1103,Pelham Gardens,metro,2026-03-23,2026-03-23T05:30:33,2.7
BX1103,Pelham Gardens,metro,2026-03-24,2026-03-24T05:30:33,7.8
BX1103,Pelham Gardens,metro,2026-03-25,2026-03-25T05:30:33,7.6
BX1103,Pelham Gardens,metro,2026-03-26,2026-03-26T05:30:33,8.1
BX1103,Pelham Gardens,metro,2026-03-27,2026-03-27T05:30:33,6.8
BX1103,Pelham Gardens,metro,2026-03-28,2026-03-28T05:30:33,7.7
BX1103,Pelham Gardens,metro,2026-03-29,2026-03-29T05:30:33,7.3
BX1103,Pelham Gardens,metro,2026-03-30,2026-03-30T05:30:33,8.5
BX1103,Pelham Gardens,metro,2026-03-31,2026-03-31T05:30:32,5.9
BX1103,Pelham Gardens,metro,2026-04-01,2026-04-01T05:30:32,7.5
BX1103,Pelham Gardens,metro,2026-04-02,2026-04-02T05:30:32,5.4
BX1103,Pelham Gardens,metro,2026-04-03,2026-04-03T05:30:33,9.1
BX1103,Pelham Gardens,metro,2026-04-04,2026-04-04T05:30:33,9.4
BX1103,Pelham Gardens,metro,2026-04-05,2026-04-05T05:30:32,6.5
BX1103,Pelham Gardens,metro,2026-04-06,2026-04-06T05:30:33,10.2
BX1103,Pelham Gardens,metro,2026-04-07,2026-04-07T05:30:33,10.1
BX1103,Pelham Gardens,metro,2026-04-08,2026-04-08T05:30:33,9.2
BX1103,Pelham Gardens,metro,2026-04-09,2026-04-09T05:30:33,9.3
BX1103,Pelham Gardens,metro,2026-04-10,2026-04-10T05:30:33,10.4
BX1103,Pelham Gardens,metro,2026-04-11,2026-04-11T05:30:32,11.2
BX1103,Pelham Gardens,metro,2026-04-12,2026-04-12T05:30:31,10.1
BX1103,Pelham Gardens,metro,2026-04-13,2026-04-13T05:30:30,10.7
BX1103,Pelham Gardens,metro,2026-04-14,2026-04-14T05:30:30,11.8
BX1103,Pelham Gardens,metro,2026-04-15,2026-04-15T05:30:32,11.7
BX1103,Pelham Gardens,metro,2026-04-16,2026-04-16T05:30:33,11.7
BX1103,Pelham Gardens,metro,2026-04-17,2026-04-17T05:30:33,11.6
BX1103,Pelham Gardens,metro,2026-04-18,2026-04-18T05:30:32,11.3
BX1104,Allerton,metro,2026-03-21,2026-03-21T05:30:33,6.8
BX1104,Allerton,metro,2026-03-22,2026-03-22T05:30:33,6.6
BX1104,Allerton,metro,2026-03-23,2026-03-23T05:30:33,2.7
BX1104,Allerton,metro,2026-03-24,2026-03-24T05:30:33,7.8
BX1104,Allerton,metro,2026-03-25,2026-03-25T05:30:33,7.6
BX1104,Allerton,metro,2026-03-26,2026-03-26T05:30:33,8.1
BX1104,Allerton,metro,2026-03-27,2026-03-27T05:30:33,6.8
BX1104,Allerton,metro,2026-03-28,2026-03-28T05:30:33,7.7
BX1104,Allerton,metro,2026-03-29,2026-03-29T05:30:33,7.3
BX1104,Allerton,metro,2026-03-30,2026-03-30T05:30:33,8.5
BX1104,Allerton,metro,2026-03-31,2026-03-31T05:30:32,5.9
BX1104,Allerton,metro,2026-04-01,2026-04-01T05:30:32,7.5
BX1104,Allerton,metro,2026-04-02,2026-04-02T05:30:32,5.4
BX1104,Allerton,metro,2026-04-03,2026-04-03T05:30:33,9.1
BX1104,Allerton,metro,2026-04-04,2026-04-04T05:30:33,9.4
BX1104,Allerton,metro,2026-04-05,2026-04-05T05:30:32,6.5
BX1104,Allerton,metro,2026-04-06,2026-04-06T05:30:33,10.2
BX1104,Allerton,metro,2026-04-07,2026-04-07T05:30:33,10.1
BX1104,Allerton,metro,2026-04-08,2026-04-08T05:30:33,9.2
BX1104,Allerton,metro,2026-04-09,2026-04-09T05:30:33,9.3
BX1104,Allerton,metro,2026-04-10,2026-04-10T05:30:33,10.4
BX1104,Allerton,metro,2026-04-11,2026-04-11T05:30:32,11.2
BX1104,Allerton,metro,2026-04-12,2026-04-12T05:30:31,10.1
BX1104,Allerton,metro,2026-04-13,2026-04-13T05:30:30,10.7
BX1104,Allerton,metro,2026-04-14,2026-04-14T05:30:30,11.8
BX1104,Allerton,metro,2026-04-15,2026-04-15T05:30:32,11.7
BX1104,Allerton,metro,2026-04-16,2026-04-16T05:30:33,11.7
BX1104,Allerton,metro,2026-04-17,2026-04-17T05:30:33,11.6
BX1104,Allerton,metro,2026-04-18,2026-04-18T05:30:32,11.3
BX1161,Hutchinson Metro Center,metro,2026-03-21,2026-03-21T05:30:33,6.8
BX1161,Hutchinson Metro Center,metro,2026-03-22,2026-03-22T05:30:33,6.6
BX1161,Hutchinson Metro Center,metro,2026-03-23,2026-03-23T05:30:33,2.7
BX1161,Hutchinson Metro Center,metro,2026-03-24,2026-03-24T05:30:33,7.8
BX1161,Hutchinson Metro Center,metro,2026-03-25,2026-03-25T05:30:33,7.6
BX1161,Hutchinson Metro Center,metro,2026-03-26,2026-03-26T05:30:33,8.1
BX1161,Hutchinson Metro Center,metro,2026-03-27,2026-03-27T05:30:33,6.8
BX1161,Hutchinson Metro Center,metro,2026-03-28,2026-03-28T05:30:33,7.7
BX1161,Hutchinson Metro Center,metro,2026-03-29,2026-03-29T05:30:33,7.3
BX1161,Hutchinson Metro Center,metro,2026-03-30,2026-03-30T05:30:33,8.5
BX1161,Hutchinson Metro Center,metro,2026-03-31,2026-03-31T05:30:32,5.9
BX1161,Hutchinson Metro Center,metro,2026-04-01,2026-04-01T05:30:32,7.5
BX1161,Hutchinson Metro Center,metro,2026-04-02,2026-04-02T05:30:32,5.4
BX1161,Hutchinson Metro Center,metro,2026-04-03,2026-04-03T05:30:33,9.1
BX1161,Hutchinson Metro Center,metro,2026-04-04,2026-04-04T05:30:33,9.4
BX1161,Hutchinson Metro Center,metro,2026-04-05,2026-04-05T05:30:32,6.5
BX1161,Hutchinson Metro Center,metro,2026-04-06,2026-04-06T05:30:33,10.2
BX1161,Hutchinson Metro Center,metro,2026-04-07,2026-04-07T05:30:33,10.1
BX1161,Hutchinson Metro Center,metro,2026-04-08,2026-04-08T05:30:33,9.2
BX1161,Hutchinson Metro Center,metro,2026-04-09,2026-04-09T05:30:33,9.3
BX1161,Hutchinson Metro Center,metro,2026-04-10,2026-04-10T05:30:33,10.4
BX1161,Hutchinson Metro Center,metro,2026-04-11,2026-04-11T05:30:32,11.2
BX1161,Hutchinson Metro Center,metro,2026-04-12,2026-04-12T05:30:31,10.1
BX1161,Hutchinson Metro Center,metro,2026-04-13,2026-04-13T05:30:30,10.7
BX1161,Hutchinson Metro Center,metro,2026-04-14,2026-04-14T05:30:30,11.8
BX1161,Hutchinson Metro Center,metro,2026-04-15,2026-04-15T05:30:32,11.7
BX1161,Hutchinson Metro Center,metro,2026-04-16,2026-04-16T05:30:33,11.7
BX1161,Hutchinson Metro Center,metro,2026-04-17,2026-04-17T05:30:33,11.6
BX1161,Hutchinson Metro Center,metro,2026-04-18,2026-04-18T05:30:32,11.3
BX1201,Williamsbridge-Olinville,metro,2026-03-21,2026-03-21T05:30:33,6.8
BX1201,Williamsbridge-Olinville,metro,2026-03-22,2026-03-22T05:30:33,6.6
BX1201,Williamsbridge-Olinville,metro,2026-03-23,2026-03-23T05:30:33,2.7
BX1201,Williamsbridge-Olinville,metro,2026-03-24,2026-03-24T05:30:33,7.8
BX1201,Williamsbridge-Olinville,metro,2026-03-25,2026-03-25T05:30:33,7.6
BX1201,Williamsbridge-Olinville,metro,2026-03-26,2026-03-26T05:30:33,8.1
BX1201,Williamsbridge-Olinville,metro,2026-03-27,2026-03-27T05:30:33,6.8
BX1201,Williamsbridge-Olinville,metro,2026-03-28,2026-03-28T05:30:33,7.7
BX1201,Williamsbridge-Olinville,metro,2026-03-29,2026-03-29T05:30:33,7.3
BX1201,Williamsbridge-Olinville,metro,2026-03-30,2026-03-30T05:30:33,8.5
BX1201,Williamsbridge-Olinville,metro,2026-03-31,2026-03-31T05:30:32,5.9
BX1201,Williamsbridge-Olinville,metro,2026-04-01,2026-04-01T05:30:32,7.5
BX1201,Williamsbridge-Olinville,metro,2026-04-02,2026-04-02T05:30:32,5.4
BX1201,Williamsbridge-Olinville,metro,2026-04-03,2026-04-03T05:30:33,9.1
BX1201,Williamsbridge-Olinville,metro,2026-04-04,2026-04-04T05:30:33,9.4
BX1201,Williamsbridge-Olinville,metro,2026-04-05,2026-04-05T05:30:32,6.5
BX1201,Williamsbridge-Olinville,metro,2026-04-06,2026-04-06T05:30:33,10.2
BX1201,Williamsbridge-Olinville,metro,2026-04-07,2026-04-07T05:30:33,10.1
BX1201,Williamsbridge-Olinville,metro,2026-04-08,2026-04-08T05:30:33,9.2
BX1201,Williamsbridge-Olinville,metro,2026-04-09,2026-04-09T05:30:33,9.3
BX1201,Williamsbridge-Olinville,metro,2026-04-10,2026-04-10T05:30:33,10.4
BX1201,Williamsbridge-Olinville,metro,2026-04-11,2026-04-11T05:30:32,11.2
BX1201,Williamsbridge-Olinville,metro,2026-04-12,2026-04-12T05:30:31,10.1
BX1201,Williamsbridge-Olinville,metro,2026-04-13,2026-04-13T05:30:30,10.7
BX1201,Williamsbridge-Olinville,metro,2026-04-14,2026-04-14T05:30:30,11.8
BX1201,Williamsbridge-Olinville,metro,2026-04-15,2026-04-15T05:30:32,11.7
BX1201,Williamsbridge-Olinville,metro,2026-04-16,2026-04-16T05:30:33,11.7
BX1201,Williamsbridge-Olinville,metro,2026-04-17,2026-04-17T05:30:33,11.6
BX1201,Williamsbridge-Olinville,metro,2026-04-18,2026-04-18T05:30:32,11.3
BX1202,Eastchester-Edenwald-Baychester,metro,2026-03-21,2026-03-21T05:30:33,6.8
BX1202,Eastchester-Edenwald-Baychester,metro,2026-03-22,2026-03-22T05:30:33,6.6
BX1202,Eastchester-Edenwald-Baychester,metro,2026-03-23,2026-03-23T05:30:33,2.7
BX1202,Eastchester-Edenwald-Baychester,metro,2026-03-24,2026-03-24T05:30:33,7.8
BX1202,Eastchester-Edenwald-Baychester,metro,2026-03-25,2026-03-25T05:30:33,7.6
BX1202,Eastchester-Edenwald-Baychester,metro,2026-03-26,2026-03-26T05:30:33,8.1
BX1202,Eastchester-Edenwald-Baychester,metro,2026-03-27,2026-03-27T05:30:33,6.8
BX1202,Eastchester-Edenwald-Baychester,metro,2026-03-28,2026-03-28T05:30:33,7.7
BX1202,Eastchester-Edenwald-Baychester,metro,2026-03-29,2026-03-29T05:30:33,7.3
BX1202,Eastchester-Edenwald-Baychester,metro,2026-03-30,2026-03-30T05:30:33,8.5
BX1202,Eastchester-Edenwald-Baychester,metro,2026-03-31,2026-03-31T05:30:32,5.9
BX1202,Eastchester-Edenwald-Baychester,metro,2026-04-01,2026-04-01T05:30:32,7.5
BX1202,Eastchester-Edenwald-Baychester,metro,2026-04-02,2026-04-02T05:30:32,5.4
BX1202,Eastchester-Edenwald-Baychester,metro,2026-04-03,2026-04-03T05:30:33,9.1
BX1202,Eastchester-Edenwald-Baychester,metro,2026-04-04,2026-04-04T05:30:33,9.4
BX1202,Eastchester-Edenwald-Baychester,metro,2026-04-05,2026-04-05T05:30:32,6.5
BX1202,Eastchester-Edenwald-Baychester,metro,2026-04-06,2026-04-06T05:30:33,10.2
BX1202,Eastchester-Edenwald-Baychester,metro,2026-04-07,2026-04-07T05:30:33,10.1
BX1202,Eastchester-Edenwald-Baychester,metro,2026-04-08,2026-04-08T05:30:33,9.2
BX1202,Eastchester-Edenwald-Baychester,metro,2026-04-09,2026-04-09T05:30:33,9.3
BX1202,Eastchester-Edenwald-Baychester,metro,2026-04-10,2026-04-10T05:30:33,10.4
BX1202,Eastchester-Edenwald-Baychester,metro,2026-04-11,2026-04-11T05:30:32,11.2
BX1202,Eastchester-Edenwald-Baychester,metro,2026-04-12,2026-04-12T05:30:31,10.1
BX1202,Eastchester-Edenwald-Baychester,metro,2026-04-13,2026-04-13T05:30:30,10.7
BX1202,Eastchester-Edenwald-Baychester,metro,2026-04-14,2026-04-14T05:30:30,11.8
BX1202,Eastchester-Edenwald-Baychester,metro,2026-04-15,2026-04-15T05:30:32,11.7
BX1202,Eastchester-Edenwald-Baychester,metro,2026-04-16,2026-04-16T05:30:33,11.7
BX1202,Eastchester-Edenwald-Baychester,metro,2026-04-17,2026-04-17T05:30:33,11.6
BX1202,Eastchester-Edenwald-Baychester,metro,2026-04-18,2026-04-18T05:30:32,11.3
BX1203,Wakefield-Woodlawn,metro,2026-03-21,2026-03-21T05:30:33,6.8
BX1203,Wakefield-Woodlawn,metro,2026-03-22,2026-03-22T05:30:33,6.6
BX1203,Wakefield-Woodlawn,metro,2026-03-23,2026-03-23T05:30:33,2.7
BX1203,Wakefield-Woodlawn,metro,2026-03-24,2026-03-24T05:30:33,7.8
BX1203,Wakefield-Woodlawn,metro,2026-03-25,2026-03-25T05:30:33,7.6
BX1203,Wakefield-Woodlawn,metro,2026-03-26,2026-03-26T05:30:33,8.1
BX1203,Wakefield-Woodlawn,metro,2026-03-27,2026-03-27T05:30:33,6.8
BX1203,Wakefield-Woodlawn,metro,2026-03-28,2026-03-28T05:30:33,7.7
BX1203,Wakefield-Woodlawn,metro,2026-03-29,2026-03-29T05:30:33,7.3
BX1203,Wakefield-Woodlawn,metro,2026-03-30,2026-03-30T05:30:33,8.5
BX1203,Wakefield-Woodlawn,metro,2026-03-31,2026-03-31T05:30:32,5.9
BX1203,Wakefield-Woodlawn,metro,2026-04-01,2026-04-01T05:30:32,7.5
BX1203,Wakefield-Woodlawn,metro,2026-04-02,2026-04-02T05:30:32,5.4
BX1203,Wakefield-Woodlawn,metro,2026-04-03,2026-04-03T05:30:33,9.1
BX1203,Wakefield-Woodlawn,metro,2026-04-04,2026-04-04T05:30:33,9.4
BX1203,Wakefield-Woodlawn,metro,2026-04-05,2026-04-05T05:30:32,6.5
BX1203,Wakefield-Woodlawn,metro,2026-04-06,2026-04-06T05:30:33,10.2
BX1203,Wakefield-Woodlawn,metro,2026-04-07,2026-04-07T05:30:33,10.1
BX1203,Wakefield-Woodlawn,metro,2026-04-08,2026-04-08T05:30:33,9.2
BX1203,Wakefield-Woodlawn,metro,2026-04-09,2026-04-09T05:30:33,9.3
BX1203,Wakefield-Woodlawn,metro,2026-04-10,2026-04-10T05:30:33,10.4
BX1203,Wakefield-Woodlawn,metro,2026-04-11,2026-04-11T05:30:32,11.2
BX1203,Wakefield-Woodlawn,metro,2026-04-12,2026-04-12T05:30:31,10.1
BX1203,Wakefield-Woodlawn,metro,2026-04-13,2026-04-13T05:30:30,10.7
BX1203,Wakefield-Woodlawn,metro,2026-04-14,2026-04-14T05:30:30,11.8
BX1203,Wakefield-Woodlawn,metro,2026-04-15,2026-04-15T05:30:32,11.7
BX1203,Wakefield-Woodlawn,metro,2026-04-16,2026-04-16T05:30:33,11.7
BX1203,Wakefield-Woodlawn,metro,2026-04-17,2026-04-17T05:30:33,11.6
BX1203,Wakefield-Woodlawn,metro,2026-04-18,2026-04-18T05:30:32,11.3
BX1271,Woodlawn Cemetery,metro,2026-03-21,2026-03-21T05:30:33,6.8
BX1271,Woodlawn Cemetery,metro,2026-03-22,2026-03-22T05:30:33,6.6
BX1271,Woodlawn Cemetery,metro,2026-03-23,2026-03-23T05:30:33,2.7
BX1271,Woodlawn Cemetery,metro,2026-03-24,2026-03-24T05:30:33,7.8
BX1271,Woodlawn Cemetery,metro,2026-03-25,2026-03-25T05:30:33,7.6
BX1271,Woodlawn Cemetery,metro,2026-03-26,2026-03-26T05:30:33,8.1
BX1271,Woodlawn Cemetery,metro,2026-03-27,2026-03-27T05:30:33,6.8
BX1271,Woodlawn Cemetery,metro,2026-03-28,2026-03-28T05:30:33,7.7
BX1271,Woodlawn Cemetery,metro,2026-03-29,2026-03-29T05:30:33,7.3
BX1271,Woodlawn Cemetery,metro,2026-03-30,2026-03-30T05:30:33,8.5
BX1271,Woodlawn Cemetery,metro,2026-03-31,2026-03-31T05:30:32,5.9
BX1271,Woodlawn Cemetery,metro,2026-04-01,2026-04-01T05:30:32,7.5
BX1271,Woodlawn Cemetery,metro,2026-04-02,2026-04-02T05:30:32,5.4
BX1271,Woodlawn Cemetery,metro,2026-04-03,2026-04-03T05:30:33,9.1
BX1271,Woodlawn Cemetery,metro,2026-04-04,2026-04-04T05:30:33,9.4
BX1271,Woodlawn Cemetery,metro,2026-04-05,2026-04-05T05:30:32,6.5
BX1271,Woodlawn Cemetery,metro,2026-04-06,2026-04-06T05:30:33,10.2
BX1271,Woodlawn Cemetery,metro,2026-04-07,2026-04-07T05:30:33,10.1
BX1271,Woodlawn Cemetery,metro,2026-04-08,2026-04-08T05:30:33,9.2
BX1271,Woodlawn Cemetery,metro,2026-04-09,2026-04-09T05:30:33,9.3
BX1271,Woodlawn Cemetery,metro,2026-04-10,2026-04-10T05:30:33,10.4
BX1271,Woodlawn Cemetery,metro,2026-04-11,2026-04-11T05:30:32,11.2
BX1271,Woodlawn Cemetery,metro,2026-04-12,2026-04-12T05:30:31,10.1
BX1271,Woodlawn Cemetery,metro,2026-04-13,2026-04-13T05:30:30,10.7
BX1271,Woodlawn Cemetery,metro,2026-04-14,2026-04-14T05:30:30,11.8
BX1271,Woodlawn Cemetery,metro,2026-04-15,2026-04-15T05:30:32,11.7
BX1271,Woodlawn Cemetery,metro,2026-04-16,2026-04-16T05:30:33,11.7
BX1271,Woodlawn Cemetery,metro,2026-04-17,2026-04-17T05:30:33,11.6
BX1271,Woodlawn Cemetery,metro,2026-04-18,2026-04-18T05:30:32,11.3
BX2691,Van Cortlandt Park,metro,2026-03-21,2026-03-21T05:30:33,6.8
BX2691,Van Cortlandt Park,metro,2026-03-22,2026-03-22T05:30:33,6.6
BX2691,Van Cortlandt Park,metro,2026-03-23,2026-03-23T05:30:33,2.7
BX2691,Van Cortlandt Park,metro,2026-03-24,2026-03-24T05:30:33,7.8
BX2691,Van Cortlandt Park,metro,2026-03-25,2026-03-25T05:30:33,7.6
BX2691,Van Cortlandt Park,metro,2026-03-26,2026-03-26T05:30:33,8.1
BX2691,Van Cortlandt Park,metro,2026-03-27,2026-03-27T05:30:33,6.8
BX2691,Van Cortlandt Park,metro,2026-03-28,2026-03-28T05:30:33,7.7
BX2691,Van Cortlandt Park,metro,2026-03-29,2026-03-29T05:30:33,7.3
BX2691,Van Cortlandt Park,metro,2026-03-30,2026-03-30T05:30:33,8.5
BX2691,Van Cortlandt Park,metro,2026-03-31,2026-03-31T05:30:32,5.9
BX2691,Van Cortlandt Park,metro,2026-04-01,2026-04-01T05:30:32,7.5
BX2691,Van Cortlandt Park,metro,2026-04-02,2026-04-02T05:30:32,5.4
BX2691,Van Cortlandt Park,metro,2026-04-03,2026-04-03T05:30:33,9.1
BX2691,Van Cortlandt Park,metro,2026-04-04,2026-04-04T05:30:33,9.4
BX2691,Van Cortlandt Park,metro,2026-04-05,2026-04-05T05:30:32,6.5
BX2691,Van Cortlandt Park,metro,2026-04-06,2026-04-06T05:30:33,10.2
BX2691,Van Cortlandt Park,metro,2026-04-07,2026-04-07T05:30:33,10.1
BX2691,Van Cortlandt Park,metro,2026-04-08,2026-04-08T05:30:33,9.2
BX2691,Van Cortlandt Park,metro,2026-04-09,2026-04-09T05:30:33,9.3
BX2691,Van Cortlandt Park,metro,2026-04-10,2026-04-10T05:30:33,10.4
BX2691,Van Cortlandt Park,metro,2026-04-11,2026-04-11T05:30:32,11.2
BX2691,Van Cortlandt Park,metro,2026-04-12,2026-04-12T05:30:31,10.1
BX2691,Van Cortlandt Park,metro,2026-04-13,2026-04-13T05:30:30,10.7
BX2691,Van Cortlandt Park,metro,2026-04-14,2026-04-14T05:30:30,11.8
BX2691,Van Cortlandt Park,metro,2026-04-15,2026-04-15T05:30:32,11.7
BX2691,Van Cortlandt Park,metro,2026-04-16,2026-04-16T05:30:33,11.7
BX2691,Van Cortlandt Park,metro,2026-04-17,2026-04-17T05:30:33,11.6
BX2691,Van Cortlandt Park,metro,2026-04-18,2026-04-18T05:30:32,11.3
BX2791,Bronx Park,metro,2026-03-21,2026-03-21T05:30:33,6.8
BX2791,Bronx Park,metro,2026-03-22,2026-03-22T05:30:33,6.6
BX2791,Bronx Park,metro,2026-03-23,2026-03-23T05:30:33,2.7
BX2791,Bronx Park,metro,2026-03-24,2026-03-24T05:30:33,7.8
BX2791,Bronx Park,metro,2026-03-25,2026-03-25T05:30:33,7.6
BX2791,Bronx Park,metro,2026-03-26,2026-03-26T05:30:33,8.1
BX2791,Bronx Park,metro,2026-03-27,2026-03-27T05:30:33,6.8
BX2791,Bronx Park,metro,2026-03-28,2026-03-28T05:30:33,7.7
BX2791,Bronx Park,metro,2026-03-29,2026-03-29T05:30:33,7.3
BX2791,Bronx Park,metro,2026-03-30,2026-03-30T05:30:33,8.5
BX2791,Bronx Park,metro,2026-03-31,2026-03-31T05:30:32,5.9
BX2791,Bronx Park,metro,2026-04-01,2026-04-01T05:30:32,7.5
BX2791,Bronx Park,metro,2026-04-02,2026-04-02T05:30:32,5.4
BX2791,Bronx Park,metro,2026-04-03,2026-04-03T05:30:33,9.1
BX2791,Bronx Park,metro,2026-04-04,2026-04-04T05:30:33,9.4
BX2791,Bronx Park,metro,2026-04-05,2026-04-05T05:30:32,6.5
BX2791,Bronx Park,metro,2026-04-06,2026-04-06T05:30:33,10.2
BX2791,Bronx Park,metro,2026-04-07,2026-04-07T05:30:33,10.1
BX2791,Bronx Park,metro,2026-04-08,2026-04-08T05:30:33,9.2
BX2791,Bronx Park,metro,2026-04-09,2026-04-09T05:30:33,9.3
BX2791,Bronx Park,metro,2026-04-10,2026-04-10T05:30:33,10.4
BX2791,Bronx Park,metro,2026-04-11,2026-04-11T05:30:32,11.2
BX2791,Bronx Park,metro,2026-04-12,2026-04-12T05:30:31,10.1
BX2791,Bronx Park,metro,2026-04-13,2026-04-13T05:30:30,10.7
BX2791,Bronx Park,metro,2026-04-14,2026-04-14T05:30:30,11.8
BX2791,Bronx Park,metro,2026-04-15,2026-04-15T05:30:32,11.7
BX2791,Bronx Park,metro,2026-04-16,2026-04-16T05:30:33,11.7
BX2791,Bronx Park,metro,2026-04-17,2026-04-17T05:30:33,11.6
BX2791,Bronx Park,metro,2026-04-18,2026-04-18T05:30:32,11.3
BX2891,Pelham Bay Park,metro,2026-03-21,2026-03-21T05:30:33,6.8
BX2891,Pelham Bay Park,metro,2026-03-22,2026-03-22T05:30:33,6.6
BX2891,Pelham Bay Park,metro,2026-03-23,2026-03-23T05:30:33,2.7
BX2891,Pelham Bay Park,metro,2026-03-24,2026-03-24T05:30:33,7.8
BX2891,Pelham Bay Park,metro,2026-03-25,2026-03-25T05:30:33,7.6
BX2891,Pelham Bay Park,metro,2026-03-26,2026-03-26T05:30:33,8.1
BX2891,Pelham Bay Park,metro,2026-03-27,2026-03-27T05:30:33,6.8
BX2891,Pelham Bay Park,metro,2026-03-28,2026-03-28T05:30:33,7.7
BX2891,Pelham Bay Park,metro,2026-03-29,2026-03-29T05:30:33,7.3
BX2891,Pelham Bay Park,metro,2026-03-30,2026-03-30T05:30:33,8.5
BX2891,Pelham Bay Park,metro,2026-03-31,2026-03-31T05:30:32,5.9
BX2891,Pelham Bay Park,metro,2026-04-01,2026-04-01T05:30:32,7.5
BX2891,Pelham Bay Park,metro,2026-04-02,2026-04-02T05:30:32,5.4
BX2891,Pelham Bay Park,metro,2026-04-03,2026-04-03T05:30:33,9.1
BX2891,Pelham Bay Park,metro,2026-04-04,2026-04-04T05:30:33,9.4
BX2891,Pelham Bay Park,metro,2026-04-05,2026-04-05T05:30:32,6.5
BX2891,Pelham Bay Park,metro,2026-04-06,2026-04-06T05:30:33,10.2
BX2891,Pelham Bay Park,metro,2026-04-07,2026-04-07T05:30:33,10.1
BX2891,Pelham Bay Park,metro,2026-04-08,2026-04-08T05:30:33,9.2
BX2891,Pelham Bay Park,metro,2026-04-09,2026-04-09T05:30:33,9.3
BX2891,Pelham Bay Park,metro,2026-04-10,2026-04-10T05:30:33,10.4
BX2891,Pelham Bay Park,metro,2026-04-11,2026-04-11T05:30:32,11.2
BX2891,Pelham Bay Park,metro,2026-04-12,2026-04-12T05:30:31,10.1
BX2891,Pelham Bay Park,metro,2026-04-13,2026-04-13T05:30:30,10.7
BX2891,Pelham Bay Park,metro,2026-04-14,2026-04-14T05:30:30,11.8
BX2891,Pelham Bay Park,metro,2026-04-15,2026-04-15T05:30:32,11.7
BX2891,Pelham Bay Park,metro,2026-04-16,2026-04-16T05:30:33,11.7
BX2891,Pelham Bay Park,metro,2026-04-17,2026-04-17T05:30:33,11.6
BX2891,Pelham Bay Park,metro,2026-04-18,2026-04-18T05:30:32,11.3
MN0101,Financial District-Battery Park City,metro,2026-03-21,2026-03-21T05:30:33,6.8
MN0101,Financial District-Battery Park City,metro,2026-03-22,2026-03-22T05:30:33,6.6
MN0101,Financial District-Battery Park City,metro,2026-03-23,2026-03-23T05:30:33,2.7
MN0101,Financial District-Battery Park City,metro,2026-03-24,2026-03-24T05:30:33,7.8
MN0101,Financial District-Battery Park City,metro,2026-03-25,2026-03-25T05:30:33,7.6
MN0101,Financial District-Battery Park City,metro,2026-03-26,2026-03-26T05:30:33,8.1
MN0101,Financial District-Battery Park City,metro,2026-03-27,2026-03-27T05:30:33,6.8
MN0101,Financial District-Battery Park City,metro,2026-03-28,2026-03-28T05:30:33,7.7
MN0101,Financial District-Battery Park City,metro,2026-03-29,2026-03-29T05:30:33,7.3
MN0101,Financial District-Battery Park City,metro,2026-03-30,2026-03-30T05:30:33,8.5
MN0101,Financial District-Battery Park City,metro,2026-03-31,2026-03-31T05:30:32,5.9
MN0101,Financial District-Battery Park City,metro,2026-04-01,2026-04-01T05:30:32,7.5
MN0101,Financial District-Battery Park City,metro,2026-04-02,2026-04-02T05:30:32,5.4
MN0101,Financial District-Battery Park City,metro,2026-04-03,2026-04-03T05:30:33,9.1
MN0101,Financial District-Battery Park City,metro,2026-04-04,2026-04-04T05:30:33,9.4
MN0101,Financial District-Battery Park City,metro,2026-04-05,2026-04-05T05:30:32,6.5
MN0101,Financial District-Battery Park City,metro,2026-04-06,2026-04-06T05:30:33,10.2
MN0101,Financial District-Battery Park City,metro,2026-04-07,2026-04-07T05:30:33,10.1
MN0101,Financial District-Battery Park City,metro,2026-04-08,2026-04-08T05:30:33,9.2
MN0101,Financial District-Battery Park City,metro,2026-04-09,2026-04-09T05:30:33,9.3
MN0101,Financial District-Battery Park City,metro,2026-04-10,2026-04-10T05:30:33,10.4
MN0101,Financial District-Battery Park City,metro,2026-04-11,2026-04-11T05:30:32,11.2
MN0101,Financial District-Battery Park City,metro,2026-04-12,2026-04-12T05:30:31,10.1
MN0101,Financial District-Battery Park City,metro,2026-04-13,2026-04-13T05:30:30,10.7
MN0101,Financial District-Battery Park City,metro,2026-04-14,2026-04-14T05:30:30,11.8
MN0101,Financial District-Battery Park City,metro,2026-04-15,2026-04-15T05:30:32,11.7
MN0101,Financial District-Battery Park City,metro,2026-04-16,2026-04-16T05:30:33,11.7
MN0101,Financial District-Battery Park City,metro,2026-04-17,2026-04-17T05:30:33,11.6
MN0101,Financial District-Battery Park City,metro,2026-04-18,2026-04-18T05:30:32,11.3
MN0102,Tribeca-Civic Center,metro,2026-03-21,2026-03-21T05:30:33,6.8
MN0102,Tribeca-Civic Center,metro,2026-03-22,2026-03-22T05:30:33,6.6
MN0102,Tribeca-Civic Center,metro,2026-03-23,2026-03-23T05:30:33,2.7
MN0102,Tribeca-Civic Center,metro,2026-03-24,2026-03-24T05:30:33,7.8
MN0102,Tribeca-Civic Center,metro,2026-03-25,2026-03-25T05:30:33,7.6
MN0102,Tribeca-Civic Center,metro,2026-03-26,2026-03-26T05:30:33,8.1
MN0102,Tribeca-Civic Center,metro,2026-03-27,2026-03-27T05:30:33,6.8
MN0102,Tribeca-Civic Center,metro,2026-03-28,2026-03-28T05:30:33,7.7
MN0102,Tribeca-Civic Center,metro,2026-03-29,2026-03-29T05:30:33,7.3
MN0102,Tribeca-Civic Center,metro,2026-03-30,2026-03-30T05:30:33,8.5
MN0102,Tribeca-Civic Center,metro,2026-03-31,2026-03-31T05:30:32,5.9
MN0102,Tribeca-Civic Center,metro,2026-04-01,2026-04-01T05:30:32,7.5
MN0102,Tribeca-Civic Center,metro,2026-04-02,2026-04-02T05:30:32,5.4
MN0102,Tribeca-Civic Center,metro,2026-04-03,2026-04-03T05:30:33,9.1
MN0102,Tribeca-Civic Center,metro,2026-04-04,2026-04-04T05:30:33,9.4
MN0102,Tribeca-Civic Center,metro,2026-04-05,2026-04-05T05:30:32,6.5
MN0102,Tribeca-Civic Center,metro,2026-04-06,2026-04-06T05:30:33,10.2
MN0102,Tribeca-Civic Center,metro,2026-04-07,2026-04-07T05:30:33,10.1
MN0102,Tribeca-Civic Center,metro,2026-04-08,2026-04-08T05:30:33,9.2
MN0102,Tribeca-Civic Center,metro,2026-04-09,2026-04-09T05:30:33,9.3
MN0102,Tribeca-Civic Center,metro,2026-04-10,2026-04-10T05:30:33,10.4
MN0102,Tribeca-Civic Center,metro,2026-04-11,2026-04-11T05:30:32,11.2
MN0102,Tribeca-Civic Center,metro,2026-04-12,2026-04-12T05:30:31,10.1
MN0102,Tribeca-Civic Center,metro,2026-04-13,2026-04-13T05:30:30,10.7
MN0102,Tribeca-Civic Center,metro,2026-04-14,2026-04-14T05:30:30,11.8
MN0102,Tribeca-Civic Center,metro,2026-04-15,2026-04-15T05:30:32,11.7
MN0102,Tribeca-Civic Center,metro,2026-04-16,2026-04-16T05:30:33,11.7
MN0102,Tribeca-Civic Center,metro,2026-04-17,2026-04-17T05:30:33,11.6
MN0102,Tribeca-Civic Center,metro,2026-04-18,2026-04-18T05:30:32,11.3
MN0191,The Battery-Governors Island-Ellis Island-Liberty Island,metro,2026-03-21,2026-03-21T05:30:33,6.8
MN0191,The Battery-Governors Island-Ellis Island-Liberty Island,metro,2026-03-22,2026-03-22T05:30:33,6.6
MN0191,The Battery-Governors Island-Ellis Island-Liberty Island,metro,2026-03-23,2026-03-23T05:30:33,2.7
MN0191,The Battery-Governors Island-Ellis Island-Liberty Island,metro,2026-03-24,2026-03-24T05:30:33,7.8
MN0191,The Battery-Governors Island-Ellis Island-Liberty Island,metro,2026-03-25,2026-03-25T05:30:33,7.6
MN0191,The Battery-Governors Island-Ellis Island-Liberty Island,metro,2026-03-26,2026-03-26T05:30:33,8.1
MN0191,The Battery-Governors Island-Ellis Island-Liberty Island,metro,2026-03-27,2026-03-27T05:30:33,6.8
MN0191,The Battery-Governors Island-Ellis Island-Liberty Island,metro,2026-03-28,2026-03-28T05:30:33,7.7
MN0191,The Battery-Governors Island-Ellis Island-Liberty Island,metro,2026-03-29,2026-03-29T05:30:33,7.3
MN0191,The Battery-Governors Island-Ellis Island-Liberty Island,metro,2026-03-30,2026-03-30T05:30:33,8.5
MN0191,The Battery-Governors Island-Ellis Island-Liberty Island,metro,2026-03-31,2026-03-31T05:30:32,5.9
MN0191,The Battery-Governors Island-Ellis Island-Liberty Island,metro,2026-04-01,2026-04-01T05:30:32,7.5
MN0191,The Battery-Governors Island-Ellis Island-Liberty Island,metro,2026-04-02,2026-04-02T05:30:32,5.4
MN0191,The Battery-Governors Island-Ellis Island-Liberty Island,metro,2026-04-03,2026-04-03T05:30:33,9.1
MN0191,The Battery-Governors Island-Ellis Island-Liberty Island,metro,2026-04-04,2026-04-04T05:30:33,9.4
MN0191,The Battery-Governors Island-Ellis Island-Liberty Island,metro,2026-04-05,2026-04-05T05:30:32,6.5
MN0191,The Battery-Governors Island-Ellis Island-Liberty Island,metro,2026-04-06,2026-04-06T05:30:33,10.2
MN0191,The Battery-Governors Island-Ellis Island-Liberty Island,metro,2026-04-07,2026-04-07T05:30:33,10.1
MN0191,The Battery-Governors Island-Ellis Island-Liberty Island,metro,2026-04-08,2026-04-08T05:30:33,9.2
MN0191,The Battery-Governors Island-Ellis Island-Liberty Island,metro,2026-04-09,2026-04-09T05:30:33,9.3
MN0191,The Battery-Governors Island-Ellis Island-Liberty Island,metro,2026-04-10,2026-04-10T05:30:33,10.4
MN0191,The Battery-Governors Island-Ellis Island-Liberty Island,metro,2026-04-11,2026-04-11T05:30:32,11.2
MN0191,The Battery-Governors Island-Ellis Island-Liberty Island,metro,2026-04-12,2026-04-12T05:30:31,10.1
MN0191,The Battery-Governors Island-Ellis Island-Liberty Island,metro,2026-04-13,2026-04-13T05:30:30,10.7
MN0191,The Battery-Governors Island-Ellis Island-Liberty Island,metro,2026-04-14,2026-04-14T05:30:30,11.8
MN0191,The Battery-Governors Island-Ellis Island-Liberty Island,metro,2026-04-15,2026-04-15T05:30:32,11.7
MN0191,The Battery-Governors Island-Ellis Island-Liberty Island,metro,2026-04-16,2026-04-16T05:30:33,11.7
MN0191,The Battery-Governors Island-Ellis Island-Liberty Island,metro,2026-04-17,2026-04-17T05:30:33,11.6
MN0191,The Battery-Governors Island-Ellis Island-Liberty Island,metro,2026-04-18,2026-04-18T05:30:32,11.3
MN0201,SoHo-Little Italy-Hudson Square,metro,2026-03-21,2026-03-21T05:30:33,6.8
MN0201,SoHo-Little Italy-Hudson Square,metro,2026-03-22,2026-03-22T05:30:33,6.6
MN0201,SoHo-Little Italy-Hudson Square,metro,2026-03-23,2026-03-23T05:30:33,2.7
MN0201,SoHo-Little Italy-Hudson Square,metro,2026-03-24,2026-03-24T05:30:33,7.8
MN0201,SoHo-Little Italy-Hudson Square,metro,2026-03-25,2026-03-25T05:30:33,7.6
MN0201,SoHo-Little Italy-Hudson Square,metro,2026-03-26,2026-03-26T05:30:33,8.1
MN0201,SoHo-Little Italy-Hudson Square,metro,2026-03-27,2026-03-27T05:30:33,6.8
MN0201,SoHo-Little Italy-Hudson Square,metro,2026-03-28,2026-03-28T05:30:33,7.7
MN0201,SoHo-Little Italy-Hudson Square,metro,2026-03-29,2026-03-29T05:30:33,7.3
MN0201,SoHo-Little Italy-Hudson Square,metro,2026-03-30,2026-03-30T05:30:33,8.5
MN0201,SoHo-Little Italy-Hudson Square,metro,2026-03-31,2026-03-31T05:30:32,5.9
MN0201,SoHo-Little Italy-Hudson Square,metro,2026-04-01,2026-04-01T05:30:32,7.5
MN0201,SoHo-Little Italy-Hudson Square,metro,2026-04-02,2026-04-02T05:30:32,5.4
MN0201,SoHo-Little Italy-Hudson Square,metro,2026-04-03,2026-04-03T05:30:33,9.1
MN0201,SoHo-Little Italy-Hudson Square,metro,2026-04-04,2026-04-04T05:30:33,9.4
MN0201,SoHo-Little Italy-Hudson Square,metro,2026-04-05,2026-04-05T05:30:32,6.5
MN0201,SoHo-Little Italy-Hudson Square,metro,2026-04-06,2026-04-06T05:30:33,10.2
MN0201,SoHo-Little Italy-Hudson Square,metro,2026-04-07,2026-04-07T05:30:33,10.1
MN0201,SoHo-Little Italy-Hudson Square,metro,2026-04-08,2026-04-08T05:30:33,9.2
MN0201,SoHo-Little Italy-Hudson Square,metro,2026-04-09,2026-04-09T05:30:33,9.3
MN0201,SoHo-Little Italy-Hudson Square,metro,2026-04-10,2026-04-10T05:30:33,10.4
MN0201,SoHo-Little Italy-Hudson Square,metro,2026-04-11,2026-04-11T05:30:32,11.2
MN0201,SoHo-Little Italy-Hudson Square,metro,2026-04-12,2026-04-12T05:30:31,10.1
MN0201,SoHo-Little Italy-Hudson Square,metro,2026-04-13,2026-04-13T05:30:30,10.7
MN0201,SoHo-Little Italy-Hudson Square,metro,2026-04-14,2026-04-14T05:30:30,11.8
MN0201,SoHo-Little Italy-Hudson Square,metro,2026-04-15,2026-04-15T05:30:32,11.7
MN0201,SoHo-Little Italy-Hudson Square,metro,2026-04-16,2026-04-16T05:30:33,11.7
MN0201,SoHo-Little Italy-Hudson Square,metro,2026-04-17,2026-04-17T05:30:33,11.6
MN0201,SoHo-Little Italy-Hudson Square,metro,2026-04-18,2026-04-18T05:30:32,11.3
MN0202,Greenwich Village,metro,2026-03-21,2026-03-21T05:30:33,6.8
MN0202,Greenwich Village,metro,2026-03-22,2026-03-22T05:30:33,6.6
MN0202,Greenwich Village,metro,2026-03-23,2026-03-23T05:30:33,2.7
MN0202,Greenwich Village,metro,2026-03-24,2026-03-24T05:30:33,7.8
MN0202,Greenwich Village,metro,2026-03-25,2026-03-25T05:30:33,7.6
MN0202,Greenwich Village,metro,2026-03-26,2026-03-26T05:30:33,8.1
MN0202,Greenwich Village,metro,2026-03-27,2026-03-27T05:30:33,6.8
MN0202,Greenwich Village,metro,2026-03-28,2026-03-28T05:30:33,7.7
MN0202,Greenwich Village,metro,2026-03-29,2026-03-29T05:30:33,7.3
MN0202,Greenwich Village,metro,2026-03-30,2026-03-30T05:30:33,8.5
MN0202,Greenwich Village,metro,2026-03-31,2026-03-31T05:30:32,5.9
MN0202,Greenwich Village,metro,2026-04-01,2026-04-01T05:30:32,7.5
MN0202,Greenwich Village,metro,2026-04-02,2026-04-02T05:30:32,5.4
MN0202,Greenwich Village,metro,2026-04-03,2026-04-03T05:30:33,9.1
MN0202,Greenwich Village,metro,2026-04-04,2026-04-04T05:30:33,9.4
MN0202,Greenwich Village,metro,2026-04-05,2026-04-05T05:30:32,6.5
MN0202,Greenwich Village,metro,2026-04-06,2026-04-06T05:30:33,10.2
MN0202,Greenwich Village,metro,2026-04-07,2026-04-07T05:30:33,10.1
MN0202,Greenwich Village,metro,2026-04-08,2026-04-08T05:30:33,9.2
MN0202,Greenwich Village,metro,2026-04-09,2026-04-09T05:30:33,9.3
MN0202,Greenwich Village,metro,2026-04-10,2026-04-10T05:30:33,10.4
MN0202,Greenwich Village,metro,2026-04-11,2026-04-11T05:30:32,11.2
MN0202,Greenwich Village,metro,2026-04-12,2026-04-12T05:30:31,10.1
MN0202,Greenwich Village,metro,2026-04-13,2026-04-13T05:30:30,10.7
MN0202,Greenwich Village,metro,2026-04-14,2026-04-14T05:30:30,11.8
MN0202,Greenwich Village,metro,2026-04-15,2026-04-15T05:30:32,11.7
MN0202,Greenwich Village,metro,2026-04-16,2026-04-16T05:30:33,11.7
MN0202,Greenwich Village,metro,2026-04-17,2026-04-17T05:30:33,11.6
MN0202,Greenwich Village,metro,2026-04-18,2026-04-18T05:30:32,11.3
MN0203,West Village,metro,2026-03-21,2026-03-21T05:30:33,6.8
MN0203,West Village,metro,2026-03-22,2026-03-22T05:30:33,6.6
MN0203,West Village,metro,2026-03-23,2026-03-23T05:30:33,2.7
MN0203,West Village,metro,2026-03-24,2026-03-24T05:30:33,7.8
MN0203,West Village,metro,2026-03-25,2026-03-25T05:30:33,7.6
MN0203,West Village,metro,2026-03-26,2026-03-26T05:30:33,8.1
MN0203,West Village,metro,2026-03-27,2026-03-27T05:30:33,6.8
MN0203,West Village,metro,2026-03-28,2026-03-28T05:30:33,7.7
MN0203,West Village,metro,2026-03-29,2026-03-29T05:30:33,7.3
MN0203,West Village,metro,2026-03-30,2026-03-30T05:30:33,8.5
MN0203,West Village,metro,2026-03-31,2026-03-31T05:30:32,5.9
MN0203,West Village,metro,2026-04-01,2026-04-01T05:30:32,7.5
MN0203,West Village,metro,2026-04-02,2026-04-02T05:30:32,5.4
MN0203,West Village,metro,2026-04-03,2026-04-03T05:30:33,9.1
MN0203,West Village,metro,2026-04-04,2026-04-04T05:30:33,9.4
MN0203,West Village,metro,2026-04-05,2026-04-05T05:30:32,6.5
MN0203,West Village,metro,2026-04-06,2026-04-06T05:30:33,10.2
MN0203,West Village,metro,2026-04-07,2026-04-07T05:30:33,10.1
MN0203,West Village,metro,2026-04-08,2026-04-08T05:30:33,9.2
MN0203,West Village,metro,2026-04-09,2026-04-09T05:30:33,9.3
MN0203,West Village,metro,2026-04-10,2026-04-10T05:30:33,10.4
MN0203,West Village,metro,2026-04-11,2026-04-11T05:30:32,11.2
MN0203,West Village,metro,2026-04-12,2026-04-12T05:30:31,10.1
MN0203,West Village,metro,2026-04-13,2026-04-13T05:30:30,10.7
MN0203,West Village,metro,2026-04-14,2026-04-14T05:30:30,11.8
MN0203,West Village,metro,2026-04-15,2026-04-15T05:30:32,11.7
MN0203,West Village,metro,2026-04-16,2026-04-16T05:30:33,11.7
MN0203,West Village,metro,2026-04-17,2026-04-17T05:30:33,11.6
MN0203,West Village,metro,2026-04-18,2026-04-18T05:30:32,11.3
MN0301,Chinatown-Two Bridges,metro,2026-03-21,2026-03-21T05:30:33,6.8
MN0301,Chinatown-Two Bridges,metro,2026-03-22,2026-03-22T05:30:33,6.6
MN0301,Chinatown-Two Bridges,metro,2026-03-23,2026-03-23T05:30:33,2.7
MN0301,Chinatown-Two Bridges,metro,2026-03-24,2026-03-24T05:30:33,7.8
MN0301,Chinatown-Two Bridges,metro,2026-03-25,2026-03-25T05:30:33,7.6
MN0301,Chinatown-Two Bridges,metro,2026-03-26,2026-03-26T05:30:33,8.1
MN0301,Chinatown-Two Bridges,metro,2026-03-27,2026-03-27T05:30:33,6.8
MN0301,Chinatown-Two Bridges,metro,2026-03-28,2026-03-28T05:30:33,7.7
MN0301,Chinatown-Two Bridges,metro,2026-03-29,2026-03-29T05:30:33,7.3
MN0301,Chinatown-Two Bridges,metro,2026-03-30,2026-03-30T05:30:33,8.5
MN0301,Chinatown-Two Bridges,metro,2026-03-31,2026-03-31T05:30:32,5.9
MN0301,Chinatown-Two Bridges,metro,2026-04-01,2026-04-01T05:30:32,7.5
MN0301,Chinatown-Two Bridges,metro,2026-04-02,2026-04-02T05:30:32,5.4
MN0301,Chinatown-Two Bridges,metro,2026-04-03,2026-04-03T05:30:33,9.1
MN0301,Chinatown-Two Bridges,metro,2026-04-04,2026-04-04T05:30:33,9.4
MN0301,Chinatown-Two Bridges,metro,2026-04-05,2026-04-05T05:30:32,6.5
MN0301,Chinatown-Two Bridges,metro,2026-04-06,2026-04-06T05:30:33,10.2
MN0301,Chinatown-Two Bridges,metro,2026-04-07,2026-04-07T05:30:33,10.1
MN0301,Chinatown-Two Bridges,metro,2026-04-08,2026-04-08T05:30:33,9.2
MN0301,Chinatown-Two Bridges,metro,2026-04-09,2026-04-09T05:30:33,9.3
MN0301,Chinatown-Two Bridges,metro,2026-04-10,2026-04-10T05:30:33,10.4
MN0301,Chinatown-Two Bridges,metro,2026-04-11,2026-04-11T05:30:32,11.2
MN0301,Chinatown-Two Bridges,metro,2026-04-12,2026-04-12T05:30:31,10.1
MN0301,Chinatown-Two Bridges,metro,2026-04-13,2026-04-13T05:30:30,10.7
MN0301,Chinatown-Two Bridges,metro,2026-04-14,2026-04-14T05:30:30,11.8
MN0301,Chinatown-Two Bridges,metro,2026-04-15,2026-04-15T05:30:32,11.7
MN0301,Chinatown-Two Bridges,metro,2026-04-16,2026-04-16T05:30:33,11.7
MN0301,Chinatown-Two Bridges,metro,2026-04-17,2026-04-17T05:30:33,11.6
MN0301,Chinatown-Two Bridges,metro,2026-04-18,2026-04-18T05:30:32,11.3
MN0302,Lower East Side,metro,2026-03-21,2026-03-21T05:30:33,6.8
MN0302,Lower East Side,metro,2026-03-22,2026-03-22T05:30:33,6.6
MN0302,Lower East Side,metro,2026-03-23,2026-03-23T05:30:33,2.7
MN0302,Lower East Side,metro,2026-03-24,2026-03-24T05:30:33,7.8
MN0302,Lower East Side,metro,2026-03-25,2026-03-25T05:30:33,7.6
MN0302,Lower East Side,metro,2026-03-26,2026-03-26T05:30:33,8.1
MN0302,Lower East Side,metro,2026-03-27,2026-03-27T05:30:33,6.8
MN0302,Lower East Side,metro,2026-03-28,2026-03-28T05:30:33,7.7
MN0302,Lower East Side,metro,2026-03-29,2026-03-29T05:30:33,7.3
MN0302,Lower East Side,metro,2026-03-30,2026-03-30T05:30:33,8.5
MN0302,Lower East Side,metro,2026-03-31,2026-03-31T05:30:32,5.9
MN0302,Lower East Side,metro,2026-04-01,2026-04-01T05:30:32,7.5
MN0302,Lower East Side,metro,2026-04-02,2026-04-02T05:30:32,5.4
MN0302,Lower East Side,metro,2026-04-03,2026-04-03T05:30:33,9.1
MN0302,Lower East Side,metro,2026-04-04,2026-04-04T05:30:33,9.4
MN0302,Lower East Side,metro,2026-04-05,2026-04-05T05:30:32,6.5
MN0302,Lower East Side,metro,2026-04-06,2026-04-06T05:30:33,10.2
MN0302,Lower East Side,metro,2026-04-07,2026-04-07T05:30:33,10.1
MN0302,Lower East Side,metro,2026-04-08,2026-04-08T05:30:33,9.2
MN0302,Lower East Side,metro,2026-04-09,2026-04-09T05:30:33,9.3
MN0302,Lower East Side,metro,2026-04-10,2026-04-10T05:30:33,10.4
MN0302,Lower East Side,metro,2026-04-11,2026-04-11T05:30:32,11.2
MN0302,Lower East Side,metro,2026-04-12,2026-04-12T05:30:31,10.1
MN0302,Lower East Side,metro,2026-04-13,2026-04-13T05:30:30,10.7
MN0302,Lower East Side,metro,2026-04-14,2026-04-14T05:30:30,11.8
MN0302,Lower East Side,metro,2026-04-15,2026-04-15T05:30:32,11.7
MN0302,Lower East Side,metro,2026-04-16,2026-04-16T05:30:33,11.7
MN0302,Lower East Side,metro,2026-04-17,2026-04-17T05:30:33,11.6
MN0302,Lower East Side,metro,2026-04-18,2026-04-18T05:30:32,11.3
MN0303,East Village,metro,2026-03-21,2026-03-21T05:30:33,6.8
MN0303,East Village,metro,2026-03-22,2026-03-22T05:30:33,6.6
MN0303,East Village,metro,2026-03-23,2026-03-23T05:30:33,2.7
MN0303,East Village,metro,2026-03-24,2026-03-24T05:30:33,7.8
MN0303,East Village,metro,2026-03-25,2026-03-25T05:30:33,7.6
MN0303,East Village,metro,2026-03-26,2026-03-26T05:30:33,8.1
MN0303,East Village,metro,2026-03-27,2026-03-27T05:30:33,6.8
MN0303,East Village,metro,2026-03-28,2026-03-28T05:30:33,7.7
MN0303,East Village,metro,2026-03-29,2026-03-29T05:30:33,7.3
MN0303,East Village,metro,2026-03-30,2026-03-30T05:30:33,8.5
MN0303,East Village,metro,2026-03-31,2026-03-31T05:30:32,5.9
MN0303,East Village,metro,2026-04-01,2026-04-01T05:30:32,7.5
MN0303,East Village,metro,2026-04-02,2026-04-02T05:30:32,5.4
MN0303,East Village,metro,2026-04-03,2026-04-03T05:30:33,9.1
MN0303,East Village,metro,2026-04-04,2026-04-04T05:30:33,9.4
MN0303,East Village,metro,2026-04-05,2026-04-05T05:30:32,6.5
MN0303,East Village,metro,2026-04-06,2026-04-06T05:30:33,10.2
MN0303,East Village,metro,2026-04-07,2026-04-07T05:30:33,10.1
MN0303,East Village,metro,2026-04-08,2026-04-08T05:30:33,9.2
MN0303,East Village,metro,2026-04-09,2026-04-09T05:30:33,9.3
MN0303,East Village,metro,2026-04-10,2026-04-10T05:30:33,10.4
MN0303,East Village,metro,2026-04-11,2026-04-11T05:30:32,11.2
MN0303,East Village,metro,2026-04-12,2026-04-12T05:30:31,10.1
MN0303,East Village,metro,2026-04-13,2026-04-13T05:30:30,10.7
MN0303,East Village,metro,2026-04-14,2026-04-14T05:30:30,11.8
MN0303,East Village,metro,2026-04-15,2026-04-15T05:30:32,11.7
MN0303,East Village,metro,2026-04-16,2026-04-16T05:30:33,11.7
MN0303,East Village,metro,2026-04-17,2026-04-17T05:30:33,11.6
MN0303,East Village,metro,2026-04-18,2026-04-18T05:30:32,11.3
MN0401,Chelsea-Hudson Yards,metro,2026-03-21,2026-03-21T05:30:33,6.8
MN0401,Chelsea-Hudson Yards,metro,2026-03-22,2026-03-22T05:30:33,6.6
MN0401,Chelsea-Hudson Yards,metro,2026-03-23,2026-03-23T05:30:33,2.7
MN0401,Chelsea-Hudson Yards,metro,2026-03-24,2026-03-24T05:30:33,7.8
MN0401,Chelsea-Hudson Yards,metro,2026-03-25,2026-03-25T05:30:33,7.6
MN0401,Chelsea-Hudson Yards,metro,2026-03-26,2026-03-26T05:30:33,8.1
MN0401,Chelsea-Hudson Yards,metro,2026-03-27,2026-03-27T05:30:33,6.8
MN0401,Chelsea-Hudson Yards,metro,2026-03-28,2026-03-28T05:30:33,7.7
MN0401,Chelsea-Hudson Yards,metro,2026-03-29,2026-03-29T05:30:33,7.3
MN0401,Chelsea-Hudson Yards,metro,2026-03-30,2026-03-30T05:30:33,8.5
MN0401,Chelsea-Hudson Yards,metro,2026-03-31,2026-03-31T05:30:32,5.9
MN0401,Chelsea-Hudson Yards,metro,2026-04-01,2026-04-01T05:30:32,7.5
MN0401,Chelsea-Hudson Yards,metro,2026-04-02,2026-04-02T05:30:32,5.4
MN0401,Chelsea-Hudson Yards,metro,2026-04-03,2026-04-03T05:30:33,9.1
MN0401,Chelsea-Hudson Yards,metro,2026-04-04,2026-04-04T05:30:33,9.4
MN0401,Chelsea-Hudson Yards,metro,2026-04-05,2026-04-05T05:30:32,6.5
MN0401,Chelsea-Hudson Yards,metro,2026-04-06,2026-04-06T05:30:33,10.2
MN0401,Chelsea-Hudson Yards,metro,2026-04-07,2026-04-07T05:30:33,10.1
MN0401,Chelsea-Hudson Yards,metro,2026-04-08,2026-04-08T05:30:33,9.2
MN0401,Chelsea-Hudson Yards,metro,2026-04-09,2026-04-09T05:30:33,9.3
MN0401,Chelsea-Hudson Yards,metro,2026-04-10,2026-04-10T05:30:33,10.4
MN0401,Chelsea-Hudson Yards,metro,2026-04-11,2026-04-11T05:30:32,11.2
MN0401,Chelsea-Hudson Yards,metro,2026-04-12,2026-04-12T05:30:31,10.1
MN0401,Chelsea-Hudson Yards,metro,2026-04-13,2026-04-13T05:30:30,10.7
MN0401,Chelsea-Hudson Yards,metro,2026-04-14,2026-04-14T05:30:30,11.8
MN0401,Chelsea-Hudson Yards,metro,2026-04-15,2026-04-15T05:30:32,11.7
MN0401,Chelsea-Hudson Yards,metro,2026-04-16,2026-04-16T05:30:33,11.7
MN0401,Chelsea-Hudson Yards,metro,2026-04-17,2026-04-17T05:30:33,11.6
MN0401,Chelsea-Hudson Yards,metro,2026-04-18,2026-04-18T05:30:32,11.3
MN0402,Hell's Kitchen,metro,2026-03-21,2026-03-21T05:30:33,6.8
MN0402,Hell's Kitchen,metro,2026-03-22,2026-03-22T05:30:33,6.6
MN0402,Hell's Kitchen,metro,2026-03-23,2026-03-23T05:30:33,2.7
MN0402,Hell's Kitchen,metro,2026-03-24,2026-03-24T05:30:33,7.8
MN0402,Hell's Kitchen,metro,2026-03-25,2026-03-25T05:30:33,7.6
MN0402,Hell's Kitchen,metro,2026-03-26,2026-03-26T05:30:33,8.1
MN0402,Hell's Kitchen,metro,2026-03-27,2026-03-27T05:30:33,6.8
MN0402,Hell's Kitchen,metro,2026-03-28,2026-03-28T05:30:33,7.7
MN0402,Hell's Kitchen,metro,2026-03-29,2026-03-29T05:30:33,7.3
MN0402,Hell's Kitchen,metro,2026-03-30,2026-03-30T05:30:33,8.5
MN0402,Hell's Kitchen,metro,2026-03-31,2026-03-31T05:30:32,5.9
MN0402,Hell's Kitchen,metro,2026-04-01,2026-04-01T05:30:32,7.5
MN0402,Hell's Kitchen,metro,2026-04-02,2026-04-02T05:30:32,5.4
MN0402,Hell's Kitchen,metro,2026-04-03,2026-04-03T05:30:33,9.1
MN0402,Hell's Kitchen,metro,2026-04-04,2026-04-04T05:30:33,9.4
MN0402,Hell's Kitchen,metro,2026-04-05,2026-04-05T05:30:32,6.5
MN0402,Hell's Kitchen,metro,2026-04-06,2026-04-06T05:30:33,10.2
MN0402,Hell's Kitchen,metro,2026-04-07,2026-04-07T05:30:33,10.1
MN0402,Hell's Kitchen,metro,2026-04-08,2026-04-08T05:30:33,9.2
MN0402,Hell's Kitchen,metro,2026-04-09,2026-04-09T05:30:33,9.3
MN0402,Hell's Kitchen,metro,2026-04-10,2026-04-10T05:30:33,10.4
MN0402,Hell's Kitchen,metro,2026-04-11,2026-04-11T05:30:32,11.2
MN0402,Hell's Kitchen,metro,2026-04-12,2026-04-12T05:30:31,10.1
MN0402,Hell's Kitchen,metro,2026-04-13,2026-04-13T05:30:30,10.7
MN0402,Hell's Kitchen,metro,2026-04-14,2026-04-14T05:30:30,11.8
MN0402,Hell's Kitchen,metro,2026-04-15,2026-04-15T05:30:32,11.7
MN0402,Hell's Kitchen,metro,2026-04-16,2026-04-16T05:30:33,11.7
MN0402,Hell's Kitchen,metro,2026-04-17,2026-04-17T05:30:33,11.6
MN0402,Hell's Kitchen,metro,2026-04-18,2026-04-18T05:30:32,11.3
MN0501,Midtown South-Flatiron-Union Square,metro,2026-03-21,2026-03-21T05:30:33,6.8
MN0501,Midtown South-Flatiron-Union Square,metro,2026-03-22,2026-03-22T05:30:33,6.6
MN0501,Midtown South-Flatiron-Union Square,metro,2026-03-23,2026-03-23T05:30:33,2.7
MN0501,Midtown South-Flatiron-Union Square,metro,2026-03-24,2026-03-24T05:30:33,7.8
MN0501,Midtown South-Flatiron-Union Square,metro,2026-03-25,2026-03-25T05:30:33,7.6
MN0501,Midtown South-Flatiron-Union Square,metro,2026-03-26,2026-03-26T05:30:33,8.1
MN0501,Midtown South-Flatiron-Union Square,metro,2026-03-27,2026-03-27T05:30:33,6.8
MN0501,Midtown South-Flatiron-Union Square,metro,2026-03-28,2026-03-28T05:30:33,7.7
MN0501,Midtown South-Flatiron-Union Square,metro,2026-03-29,2026-03-29T05:30:33,7.3
MN0501,Midtown South-Flatiron-Union Square,metro,2026-03-30,2026-03-30T05:30:33,8.5
MN0501,Midtown South-Flatiron-Union Square,metro,2026-03-31,2026-03-31T05:30:32,5.9
MN0501,Midtown South-Flatiron-Union Square,metro,2026-04-01,2026-04-01T05:30:32,7.5
MN0501,Midtown South-Flatiron-Union Square,metro,2026-04-02,2026-04-02T05:30:32,5.4
MN0501,Midtown South-Flatiron-Union Square,metro,2026-04-03,2026-04-03T05:30:33,9.1
MN0501,Midtown South-Flatiron-Union Square,metro,2026-04-04,2026-04-04T05:30:33,9.4
MN0501,Midtown South-Flatiron-Union Square,metro,2026-04-05,2026-04-05T05:30:32,6.5
MN0501,Midtown South-Flatiron-Union Square,metro,2026-04-06,2026-04-06T05:30:33,10.2
MN0501,Midtown South-Flatiron-Union Square,metro,2026-04-07,2026-04-07T05:30:33,10.1
MN0501,Midtown South-Flatiron-Union Square,metro,2026-04-08,2026-04-08T05:30:33,9.2
MN0501,Midtown South-Flatiron-Union Square,metro,2026-04-09,2026-04-09T05:30:33,9.3
MN0501,Midtown South-Flatiron-Union Square,metro,2026-04-10,2026-04-10T05:30:33,10.4
MN0501,Midtown South-Flatiron-Union Square,metro,2026-04-11,2026-04-11T05:30:32,11.2
MN0501,Midtown South-Flatiron-Union Square,metro,2026-04-12,2026-04-12T05:30:31,10.1
MN0501,Midtown South-Flatiron-Union Square,metro,2026-04-13,2026-04-13T05:30:30,10.7
MN0501,Midtown South-Flatiron-Union Square,metro,2026-04-14,2026-04-14T05:30:30,11.8
MN0501,Midtown South-Flatiron-Union Square,metro,2026-04-15,2026-04-15T05:30:32,11.7
MN0501,Midtown South-Flatiron-Union Square,metro,2026-04-16,2026-04-16T05:30:33,11.7
MN0501,Midtown South-Flatiron-Union Square,metro,2026-04-17,2026-04-17T05:30:33,11.6
MN0501,Midtown South-Flatiron-Union Square,metro,2026-04-18,2026-04-18T05:30:32,11.3
MN0502,Midtown-Times Square,metro,2026-03-21,2026-03-21T05:30:33,6.8
MN0502,Midtown-Times Square,metro,2026-03-22,2026-03-22T05:30:33,6.6
MN0502,Midtown-Times Square,metro,2026-03-23,2026-03-23T05:30:33,2.7
MN0502,Midtown-Times Square,metro,2026-03-24,2026-03-24T05:30:33,7.8
MN0502,Midtown-Times Square,metro,2026-03-25,2026-03-25T05:30:33,7.6
MN0502,Midtown-Times Square,metro,2026-03-26,2026-03-26T05:30:33,8.1
MN0502,Midtown-Times Square,metro,2026-03-27,2026-03-27T05:30:33,6.8
MN0502,Midtown-Times Square,metro,2026-03-28,2026-03-28T05:30:33,7.7
MN0502,Midtown-Times Square,metro,2026-03-29,2026-03-29T05:30:33,7.3
MN0502,Midtown-Times Square,metro,2026-03-30,2026-03-30T05:30:33,8.5
MN0502,Midtown-Times Square,metro,2026-03-31,2026-03-31T05:30:32,5.9
MN0502,Midtown-Times Square,metro,2026-04-01,2026-04-01T05:30:32,7.5
MN0502,Midtown-Times Square,metro,2026-04-02,2026-04-02T05:30:32,5.4
MN0502,Midtown-Times Square,metro,2026-04-03,2026-04-03T05:30:33,9.1
MN0502,Midtown-Times Square,metro,2026-04-04,2026-04-04T05:30:33,9.4
MN0502,Midtown-Times Square,metro,2026-04-05,2026-04-05T05:30:32,6.5
MN0502,Midtown-Times Square,metro,2026-04-06,2026-04-06T05:30:33,10.2
MN0502,Midtown-Times Square,metro,2026-04-07,2026-04-07T05:30:33,10.1
MN0502,Midtown-Times Square,metro,2026-04-08,2026-04-08T05:30:33,9.2
MN0502,Midtown-Times Square,metro,2026-04-09,2026-04-09T05:30:33,9.3
MN0502,Midtown-Times Square,metro,2026-04-10,2026-04-10T05:30:33,10.4
MN0502,Midtown-Times Square,metro,2026-04-11,2026-04-11T05:30:32,11.2
MN0502,Midtown-Times Square,metro,2026-04-12,2026-04-12T05:30:31,10.1
MN0502,Midtown-Times Square,metro,2026-04-13,2026-04-13T05:30:30,10.7
MN0502,Midtown-Times Square,metro,2026-04-14,2026-04-14T05:30:30,11.8
MN0502,Midtown-Times Square,metro,2026-04-15,2026-04-15T05:30:32,11.7
MN0502,Midtown-Times Square,metro,2026-04-16,2026-04-16T05:30:33,11.7
MN0502,Midtown-Times Square,metro,2026-04-17,2026-04-17T05:30:33,11.6
MN0502,Midtown-Times Square,metro,2026-04-18,2026-04-18T05:30:32,11.3
MN0601,Stuyvesant Town-Peter Cooper Village,metro,2026-03-21,2026-03-21T05:30:33,6.8
MN0601,Stuyvesant Town-Peter Cooper Village,metro,2026-03-22,2026-03-22T05:30:33,6.6
MN0601,Stuyvesant Town-Peter Cooper Village,metro,2026-03-23,2026-03-23T05:30:33,2.7
MN0601,Stuyvesant Town-Peter Cooper Village,metro,2026-03-24,2026-03-24T05:30:33,7.8
MN0601,Stuyvesant Town-Peter Cooper Village,metro,2026-03-25,2026-03-25T05:30:33,7.6
MN0601,Stuyvesant Town-Peter Cooper Village,metro,2026-03-26,2026-03-26T05:30:33,8.1
MN0601,Stuyvesant Town-Peter Cooper Village,metro,2026-03-27,2026-03-27T05:30:33,6.8
MN0601,Stuyvesant Town-Peter Cooper Village,metro,2026-03-28,2026-03-28T05:30:33,7.7
MN0601,Stuyvesant Town-Peter Cooper Village,metro,2026-03-29,2026-03-29T05:30:33,7.3
MN0601,Stuyvesant Town-Peter Cooper Village,metro,2026-03-30,2026-03-30T05:30:33,8.5
MN0601,Stuyvesant Town-Peter Cooper Village,metro,2026-03-31,2026-03-31T05:30:32,5.9
MN0601,Stuyvesant Town-Peter Cooper Village,metro,2026-04-01,2026-04-01T05:30:32,7.5
MN0601,Stuyvesant Town-Peter Cooper Village,metro,2026-04-02,2026-04-02T05:30:32,5.4
MN0601,Stuyvesant Town-Peter Cooper Village,metro,2026-04-03,2026-04-03T05:30:33,9.1
MN0601,Stuyvesant Town-Peter Cooper Village,metro,2026-04-04,2026-04-04T05:30:33,9.4
MN0601,Stuyvesant Town-Peter Cooper Village,metro,2026-04-05,2026-04-05T05:30:32,6.5
MN0601,Stuyvesant Town-Peter Cooper Village,metro,2026-04-06,2026-04-06T05:30:33,10.2
MN0601,Stuyvesant Town-Peter Cooper Village,metro,2026-04-07,2026-04-07T05:30:33,10.1
MN0601,Stuyvesant Town-Peter Cooper Village,metro,2026-04-08,2026-04-08T05:30:33,9.2
MN0601,Stuyvesant Town-Peter Cooper Village,metro,2026-04-09,2026-04-09T05:30:33,9.3
MN0601,Stuyvesant Town-Peter Cooper Village,metro,2026-04-10,2026-04-10T05:30:33,10.4
MN0601,Stuyvesant Town-Peter Cooper Village,metro,2026-04-11,2026-04-11T05:30:32,11.2
MN0601,Stuyvesant Town-Peter Cooper Village,metro,2026-04-12,2026-04-12T05:30:31,10.1
MN0601,Stuyvesant Town-Peter Cooper Village,metro,2026-04-13,2026-04-13T05:30:30,10.7
MN0601,Stuyvesant Town-Peter Cooper Village,metro,2026-04-14,2026-04-14T05:30:30,11.8
MN0601,Stuyvesant Town-Peter Cooper Village,metro,2026-04-15,2026-04-15T05:30:32,11.7
MN0601,Stuyvesant Town-Peter Cooper Village,metro,2026-04-16,2026-04-16T05:30:33,11.7
MN0601,Stuyvesant Town-Peter Cooper Village,metro,2026-04-17,2026-04-17T05:30:33,11.6
MN0601,Stuyvesant Town-Peter Cooper Village,metro,2026-04-18,2026-04-18T05:30:32,11.3
MN0602,Gramercy,metro,2026-03-21,2026-03-21T05:30:33,6.8
MN0602,Gramercy,metro,2026-03-22,2026-03-22T05:30:33,6.6
MN0602,Gramercy,metro,2026-03-23,2026-03-23T05:30:33,2.7
MN0602,Gramercy,metro,2026-03-24,2026-03-24T05:30:33,7.8
MN0602,Gramercy,metro,2026-03-25,2026-03-25T05:30:33,7.6
MN0602,Gramercy,metro,2026-03-26,2026-03-26T05:30:33,8.1
MN0602,Gramercy,metro,2026-03-27,2026-03-27T05:30:33,6.8
MN0602,Gramercy,metro,2026-03-28,2026-03-28T05:30:33,7.7
MN0602,Gramercy,metro,2026-03-29,2026-03-29T05:30:33,7.3
MN0602,Gramercy,metro,2026-03-30,2026-03-30T05:30:33,8.5
MN0602,Gramercy,metro,2026-03-31,2026-03-31T05:30:32,5.9
MN0602,Gramercy,metro,2026-04-01,2026-04-01T05:30:32,7.5
MN0602,Gramercy,metro,2026-04-02,2026-04-02T05:30:32,5.4
MN0602,Gramercy,metro,2026-04-03,2026-04-03T05:30:33,9.1
MN0602,Gramercy,metro,2026-04-04,2026-04-04T05:30:33,9.4
MN0602,Gramercy,metro,2026-04-05,2026-04-05T05:30:32,6.5
MN0602,Gramercy,metro,2026-04-06,2026-04-06T05:30:33,10.2
MN0602,Gramercy,metro,2026-04-07,2026-04-07T05:30:33,10.1
MN0602,Gramercy,metro,2026-04-08,2026-04-08T05:30:33,9.2
MN0602,Gramercy,metro,2026-04-09,2026-04-09T05:30:33,9.3
MN0602,Gramercy,metro,2026-04-10,2026-04-10T05:30:33,10.4
MN0602,Gramercy,metro,2026-04-11,2026-04-11T05:30:32,11.2
MN0602,Gramercy,metro,2026-04-12,2026-04-12T05:30:31,10.1
MN0602,Gramercy,metro,2026-04-13,2026-04-13T05:30:30,10.7
MN0602,Gramercy,metro,2026-04-14,2026-04-14T05:30:30,11.8
MN0602,Gramercy,metro,2026-04-15,2026-04-15T05:30:32,11.7
MN0602,Gramercy,metro,2026-04-16,2026-04-16T05:30:33,11.7
MN0602,Gramercy,metro,2026-04-17,2026-04-17T05:30:33,11.6
MN0602,Gramercy,metro,2026-04-18,2026-04-18T05:30:32,11.3
MN0603,Murray Hill-Kips Bay,metro,2026-03-21,2026-03-21T05:30:33,6.8
MN0603,Murray Hill-Kips Bay,metro,2026-03-22,2026-03-22T05:30:33,6.6
MN0603,Murray Hill-Kips Bay,metro,2026-03-23,2026-03-23T05:30:33,2.7
MN0603,Murray Hill-Kips Bay,metro,2026-03-24,2026-03-24T05:30:33,7.8
MN0603,Murray Hill-Kips Bay,metro,2026-03-25,2026-03-25T05:30:33,7.6
MN0603,Murray Hill-Kips Bay,metro,2026-03-26,2026-03-26T05:30:33,8.1
MN0603,Murray Hill-Kips Bay,metro,2026-03-27,2026-03-27T05:30:33,6.8
MN0603,Murray Hill-Kips Bay,metro,2026-03-28,2026-03-28T05:30:33,7.7
MN0603,Murray Hill-Kips Bay,metro,2026-03-29,2026-03-29T05:30:33,7.3
MN0603,Murray Hill-Kips Bay,metro,2026-03-30,2026-03-30T05:30:33,8.5
MN0603,Murray Hill-Kips Bay,metro,2026-03-31,2026-03-31T05:30:32,5.9
MN0603,Murray Hill-Kips Bay,metro,2026-04-01,2026-04-01T05:30:32,7.5
MN0603,Murray Hill-Kips Bay,metro,2026-04-02,2026-04-02T05:30:32,5.4
MN0603,Murray Hill-Kips Bay,metro,2026-04-03,2026-04-03T05:30:33,9.1
MN0603,Murray Hill-Kips Bay,metro,2026-04-04,2026-04-04T05:30:33,9.4
MN0603,Murray Hill-Kips Bay,metro,2026-04-05,2026-04-05T05:30:32,6.5
MN0603,Murray Hill-Kips Bay,metro,2026-04-06,2026-04-06T05:30:33,10.2
MN0603,Murray Hill-Kips Bay,metro,2026-04-07,2026-04-07T05:30:33,10.1
MN0603,Murray Hill-Kips Bay,metro,2026-04-08,2026-04-08T05:30:33,9.2
MN0603,Murray Hill-Kips Bay,metro,2026-04-09,2026-04-09T05:30:33,9.3
MN0603,Murray Hill-Kips Bay,metro,2026-04-10,2026-04-10T05:30:33,10.4
MN0603,Murray Hill-Kips Bay,metro,2026-04-11,2026-04-11T05:30:32,11.2
MN0603,Murray Hill-Kips Bay,metro,2026-04-12,2026-04-12T05:30:31,10.1
MN0603,Murray Hill-Kips Bay,metro,2026-04-13,2026-04-13T05:30:30,10.7
MN0603,Murray Hill-Kips Bay,metro,2026-04-14,2026-04-14T05:30:30,11.8
MN0603,Murray Hill-Kips Bay,metro,2026-04-15,2026-04-15T05:30:32,11.7
MN0603,Murray Hill-Kips Bay,metro,2026-04-16,2026-04-16T05:30:33,11.7
MN0603,Murray Hill-Kips Bay,metro,2026-04-17,2026-04-17T05:30:33,11.6
MN0603,Murray Hill-Kips Bay,metro,2026-04-18,2026-04-18T05:30:32,11.3
MN0604,East Midtown-Turtle Bay,metro,2026-03-21,2026-03-21T05:30:33,6.8
MN0604,East Midtown-Turtle Bay,metro,2026-03-22,2026-03-22T05:30:33,6.6
MN0604,East Midtown-Turtle Bay,metro,2026-03-23,2026-03-23T05:30:33,2.7
MN0604,East Midtown-Turtle Bay,metro,2026-03-24,2026-03-24T05:30:33,7.8
MN0604,East Midtown-Turtle Bay,metro,2026-03-25,2026-03-25T05:30:33,7.6
MN0604,East Midtown-Turtle Bay,metro,2026-03-26,2026-03-26T05:30:33,8.1
MN0604,East Midtown-Turtle Bay,metro,2026-03-27,2026-03-27T05:30:33,6.8
MN0604,East Midtown-Turtle Bay,metro,2026-03-28,2026-03-28T05:30:33,7.7
MN0604,East Midtown-Turtle Bay,metro,2026-03-29,2026-03-29T05:30:33,7.3
MN0604,East Midtown-Turtle Bay,metro,2026-03-30,2026-03-30T05:30:33,8.5
MN0604,East Midtown-Turtle Bay,metro,2026-03-31,2026-03-31T05:30:32,5.9
MN0604,East Midtown-Turtle Bay,metro,2026-04-01,2026-04-01T05:30:32,7.5
MN0604,East Midtown-Turtle Bay,metro,2026-04-02,2026-04-02T05:30:32,5.4
MN0604,East Midtown-Turtle Bay,metro,2026-04-03,2026-04-03T05:30:33,9.1
MN0604,East Midtown-Turtle Bay,metro,2026-04-04,2026-04-04T05:30:33,9.4
MN0604,East Midtown-Turtle Bay,metro,2026-04-05,2026-04-05T05:30:32,6.5
MN0604,East Midtown-Turtle Bay,metro,2026-04-06,2026-04-06T05:30:33,10.2
MN0604,East Midtown-Turtle Bay,metro,2026-04-07,2026-04-07T05:30:33,10.1
MN0604,East Midtown-Turtle Bay,metro,2026-04-08,2026-04-08T05:30:33,9.2
MN0604,East Midtown-Turtle Bay,metro,2026-04-09,2026-04-09T05:30:33,9.3
MN0604,East Midtown-Turtle Bay,metro,2026-04-10,2026-04-10T05:30:33,10.4
MN0604,East Midtown-Turtle Bay,metro,2026-04-11,2026-04-11T05:30:32,11.2
MN0604,East Midtown-Turtle Bay,metro,2026-04-12,2026-04-12T05:30:31,10.1
MN0604,East Midtown-Turtle Bay,metro,2026-04-13,2026-04-13T05:30:30,10.7
MN0604,East Midtown-Turtle Bay,metro,2026-04-14,2026-04-14T05:30:30,11.8
MN0604,East Midtown-Turtle Bay,metro,2026-04-15,2026-04-15T05:30:32,11.7
MN0604,East Midtown-Turtle Bay,metro,2026-04-16,2026-04-16T05:30:33,11.7
MN0604,East Midtown-Turtle Bay,metro,2026-04-17,2026-04-17T05:30:33,11.6
MN0604,East Midtown-Turtle Bay,metro,2026-04-18,2026-04-18T05:30:32,11.3
MN0661,United Nations,metro,2026-03-21,2026-03-21T05:30:33,6.8
MN0661,United Nations,metro,2026-03-22,2026-03-22T05:30:33,6.6
MN0661,United Nations,metro,2026-03-23,2026-03-23T05:30:33,2.7
MN0661,United Nations,metro,2026-03-24,2026-03-24T05:30:33,7.8
MN0661,United Nations,metro,2026-03-25,2026-03-25T05:30:33,7.6
MN0661,United Nations,metro,2026-03-26,2026-03-26T05:30:33,8.1
MN0661,United Nations,metro,2026-03-27,2026-03-27T05:30:33,6.8
MN0661,United Nations,metro,2026-03-28,2026-03-28T05:30:33,7.7
MN0661,United Nations,metro,2026-03-29,2026-03-29T05:30:33,7.3
MN0661,United Nations,metro,2026-03-30,2026-03-30T05:30:33,8.5
MN0661,United Nations,metro,2026-03-31,2026-03-31T05:30:32,5.9
MN0661,United Nations,metro,2026-04-01,2026-04-01T05:30:32,7.5
MN0661,United Nations,metro,2026-04-02,2026-04-02T05:30:32,5.4
MN0661,United Nations,metro,2026-04-03,2026-04-03T05:30:33,9.1
MN0661,United Nations,metro,2026-04-04,2026-04-04T05:30:33,9.4
MN0661,United Nations,metro,2026-04-05,2026-04-05T05:30:32,6.5
MN0661,United Nations,metro,2026-04-06,2026-04-06T05:30:33,10.2
MN0661,United Nations,metro,2026-04-07,2026-04-07T05:30:33,10.1
MN0661,United Nations,metro,2026-04-08,2026-04-08T05:30:33,9.2
MN0661,United Nations,metro,2026-04-09,2026-04-09T05:30:33,9.3
MN0661,United Nations,metro,2026-04-10,2026-04-10T05:30:33,10.4
MN0661,United Nations,metro,2026-04-11,2026-04-11T05:30:32,11.2
MN0661,United Nations,metro,2026-04-12,2026-04-12T05:30:31,10.1
MN0661,United Nations,metro,2026-04-13,2026-04-13T05:30:30,10.7
MN0661,United Nations,metro,2026-04-14,2026-04-14T05:30:30,11.8
MN0661,United Nations,metro,2026-04-15,2026-04-15T05:30:32,11.7
MN0661,United Nations,metro,2026-04-16,2026-04-16T05:30:33,11.7
MN0661,United Nations,metro,2026-04-17,2026-04-17T05:30:33,11.6
MN0661,United Nations,metro,2026-04-18,2026-04-18T05:30:32,11.3
MN0701,Upper West Side-Lincoln Square,metro,2026-03-21,2026-03-21T05:30:33,6.8
MN0701,Upper West Side-Lincoln Square,metro,2026-03-22,2026-03-22T05:30:33,6.6
MN0701,Upper West Side-Lincoln Square,metro,2026-03-23,2026-03-23T05:30:33,2.7
MN0701,Upper West Side-Lincoln Square,metro,2026-03-24,2026-03-24T05:30:33,7.8
MN0701,Upper West Side-Lincoln Square,metro,2026-03-25,2026-03-25T05:30:33,7.6
MN0701,Upper West Side-Lincoln Square,metro,2026-03-26,2026-03-26T05:30:33,8.1
MN0701,Upper West Side-Lincoln Square,metro,2026-03-27,2026-03-27T05:30:33,6.8
MN0701,Upper West Side-Lincoln Square,metro,2026-03-28,2026-03-28T05:30:33,7.7
MN0701,Upper West Side-Lincoln Square,metro,2026-03-29,2026-03-29T05:30:33,7.3
MN0701,Upper West Side-Lincoln Square,metro,2026-03-30,2026-03-30T05:30:33,8.5
MN0701,Upper West Side-Lincoln Square,metro,2026-03-31,2026-03-31T05:30:32,5.9
MN0701,Upper West Side-Lincoln Square,metro,2026-04-01,2026-04-01T05:30:32,7.5
MN0701,Upper West Side-Lincoln Square,metro,2026-04-02,2026-04-02T05:30:32,5.4
MN0701,Upper West Side-Lincoln Square,metro,2026-04-03,2026-04-03T05:30:33,9.1
MN0701,Upper West Side-Lincoln Square,metro,2026-04-04,2026-04-04T05:30:33,9.4
MN0701,Upper West Side-Lincoln Square,metro,2026-04-05,2026-04-05T05:30:32,6.5
MN0701,Upper West Side-Lincoln Square,metro,2026-04-06,2026-04-06T05:30:33,10.2
MN0701,Upper West Side-Lincoln Square,metro,2026-04-07,2026-04-07T05:30:33,10.1
MN0701,Upper West Side-Lincoln Square,metro,2026-04-08,2026-04-08T05:30:33,9.2
MN0701,Upper West Side-Lincoln Square,metro,2026-04-09,2026-04-09T05:30:33,9.3
MN0701,Upper West Side-Lincoln Square,metro,2026-04-10,2026-04-10T05:30:33,10.4
MN0701,Upper West Side-Lincoln Square,metro,2026-04-11,2026-04-11T05:30:32,11.2
MN0701,Upper West Side-Lincoln Square,metro,2026-04-12,2026-04-12T05:30:31,10.1
MN0701,Upper West Side-Lincoln Square,metro,2026-04-13,2026-04-13T05:30:30,10.7
MN0701,Upper West Side-Lincoln Square,metro,2026-04-14,2026-04-14T05:30:30,11.8
MN0701,Upper West Side-Lincoln Square,metro,2026-04-15,2026-04-15T05:30:32,11.7
MN0701,Upper West Side-Lincoln Square,metro,2026-04-16,2026-04-16T05:30:33,11.7
MN0701,Upper West Side-Lincoln Square,metro,2026-04-17,2026-04-17T05:30:33,11.6
MN0701,Upper West Side-Lincoln Square,metro,2026-04-18,2026-04-18T05:30:32,11.3
MN0702,Upper West Side (Central),metro,2026-03-21,2026-03-21T05:30:33,6.8
MN0702,Upper West Side (Central),metro,2026-03-22,2026-03-22T05:30:33,6.6
MN0702,Upper West Side (Central),metro,2026-03-23,2026-03-23T05:30:33,2.7
MN0702,Upper West Side (Central),metro,2026-03-24,2026-03-24T05:30:33,7.8
MN0702,Upper West Side (Central),metro,2026-03-25,2026-03-25T05:30:33,7.6
MN0702,Upper West Side (Central),metro,2026-03-26,2026-03-26T05:30:33,8.1
MN0702,Upper West Side (Central),metro,2026-03-27,2026-03-27T05:30:33,6.8
MN0702,Upper West Side (Central),metro,2026-03-28,2026-03-28T05:30:33,7.7
MN0702,Upper West Side (Central),metro,2026-03-29,2026-03-29T05:30:33,7.3
MN0702,Upper West Side (Central),metro,2026-03-30,2026-03-30T05:30:33,8.5
MN0702,Upper West Side (Central),metro,2026-03-31,2026-03-31T05:30:32,5.9
MN0702,Upper West Side (Central),metro,2026-04-01,2026-04-01T05:30:32,7.5
MN0702,Upper West Side (Central),metro,2026-04-02,2026-04-02T05:30:32,5.4
MN0702,Upper West Side (Central),metro,2026-04-03,2026-04-03T05:30:33,9.1
MN0702,Upper West Side (Central),metro,2026-04-04,2026-04-04T05:30:33,9.4
MN0702,Upper West Side (Central),metro,2026-04-05,2026-04-05T05:30:32,6.5
MN0702,Upper West Side (Central),metro,2026-04-06,2026-04-06T05:30:33,10.2
MN0702,Upper West Side (Central),metro,2026-04-07,2026-04-07T05:30:33,10.1
MN0702,Upper West Side (Central),metro,2026-04-08,2026-04-08T05:30:33,9.2
MN0702,Upper West Side (Central),metro,2026-04-09,2026-04-09T05:30:33,9.3
MN0702,Upper West Side (Central),metro,2026-04-10,2026-04-10T05:30:33,10.4
MN0702,Upper West Side (Central),metro,2026-04-11,2026-04-11T05:30:32,11.2
MN0702,Upper West Side (Central),metro,2026-04-12,2026-04-12T05:30:31,10.1
MN0702,Upper West Side (Central),metro,2026-04-13,2026-04-13T05:30:30,10.7
MN0702,Upper West Side (Central),metro,2026-04-14,2026-04-14T05:30:30,11.8
MN0702,Upper West Side (Central),metro,2026-04-15,2026-04-15T05:30:32,11.7
MN0702,Upper West Side (Central),metro,2026-04-16,2026-04-16T05:30:33,11.7
MN0702,Upper West Side (Central),metro,2026-04-17,2026-04-17T05:30:33,11.6
MN0702,Upper West Side (Central),metro,2026-04-18,2026-04-18T05:30:32,11.3
MN0703,Upper West Side-Manhattan Valley,metro,2026-03-21,2026-03-21T05:30:33,6.8
MN0703,Upper West Side-Manhattan Valley,metro,2026-03-22,2026-03-22T05:30:33,6.6
MN0703,Upper West Side-Manhattan Valley,metro,2026-03-23,2026-03-23T05:30:33,2.7
MN0703,Upper West Side-Manhattan Valley,metro,2026-03-24,2026-03-24T05:30:33,7.8
MN0703,Upper West Side-Manhattan Valley,metro,2026-03-25,2026-03-25T05:30:33,7.6
MN0703,Upper West Side-Manhattan Valley,metro,2026-03-26,2026-03-26T05:30:33,8.1
MN0703,Upper West Side-Manhattan Valley,metro,2026-03-27,2026-03-27T05:30:33,6.8
MN0703,Upper West Side-Manhattan Valley,metro,2026-03-28,2026-03-28T05:30:33,7.7
MN0703,Upper West Side-Manhattan Valley,metro,2026-03-29,2026-03-29T05:30:33,7.3
MN0703,Upper West Side-Manhattan Valley,metro,2026-03-30,2026-03-30T05:30:33,8.5
MN0703,Upper West Side-Manhattan Valley,metro,2026-03-31,2026-03-31T05:30:32,5.9
MN0703,Upper West Side-Manhattan Valley,metro,2026-04-01,2026-04-01T05:30:32,7.5
MN0703,Upper West Side-Manhattan Valley,metro,2026-04-02,2026-04-02T05:30:32,5.4
MN0703,Upper West Side-Manhattan Valley,metro,2026-04-03,2026-04-03T05:30:33,9.1
MN0703,Upper West Side-Manhattan Valley,metro,2026-04-04,2026-04-04T05:30:33,9.4
MN0703,Upper West Side-Manhattan Valley,metro,2026-04-05,2026-04-05T05:30:32,6.5
MN0703,Upper West Side-Manhattan Valley,metro,2026-04-06,2026-04-06T05:30:33,10.2
MN0703,Upper West Side-Manhattan Valley,metro,2026-04-07,2026-04-07T05:30:33,10.1
MN0703,Upper West Side-Manhattan Valley,metro,2026-04-08,2026-04-08T05:30:33,9.2
MN0703,Upper West Side-Manhattan Valley,metro,2026-04-09,2026-04-09T05:30:33,9.3
MN0703,Upper West Side-Manhattan Valley,metro,2026-04-10,2026-04-10T05:30:33,10.4
MN0703,Upper West Side-Manhattan Valley,metro,2026-04-11,2026-04-11T05:30:32,11.2
MN0703,Upper West Side-Manhattan Valley,metro,2026-04-12,2026-04-12T05:30:31,10.1
MN0703,Upper West Side-Manhattan Valley,metro,2026-04-13,2026-04-13T05:30:30,10.7
MN0703,Upper West Side-Manhattan Valley,metro,2026-04-14,2026-04-14T05:30:30,11.8
MN0703,Upper West Side-Manhattan Valley,metro,2026-04-15,2026-04-15T05:30:32,11.7
MN0703,Upper West Side-Manhattan Valley,metro,2026-04-16,2026-04-16T05:30:33,11.7
MN0703,Upper West Side-Manhattan Valley,metro,2026-04-17,2026-04-17T05:30:33,11.6
MN0703,Upper West Side-Manhattan Valley,metro,2026-04-18,2026-04-18T05:30:32,11.3
MN0801,Upper East Side-Lenox Hill-Roosevelt Island,metro,2026-03-21,2026-03-21T05:30:33,6.8
MN0801,Upper East Side-Lenox Hill-Roosevelt Island,metro,2026-03-22,2026-03-22T05:30:33,6.6
MN0801,Upper East Side-Lenox Hill-Roosevelt Island,metro,2026-03-23,2026-03-23T05:30:33,2.7
MN0801,Upper East Side-Lenox Hill-Roosevelt Island,metro,2026-03-24,2026-03-24T05:30:33,7.8
MN0801,Upper East Side-Lenox Hill-Roosevelt Island,metro,2026-03-25,2026-03-25T05:30:33,7.6
MN0801,Upper East Side-Lenox Hill-Roosevelt Island,metro,2026-03-26,2026-03-26T05:30:33,8.1
MN0801,Upper East Side-Lenox Hill-Roosevelt Island,metro,2026-03-27,2026-03-27T05:30:33,6.8
MN0801,Upper East Side-Lenox Hill-Roosevelt Island,metro,2026-03-28,2026-03-28T05:30:33,7.7
MN0801,Upper East Side-Lenox Hill-Roosevelt Island,metro,2026-03-29,2026-03-29T05:30:33,7.3
MN0801,Upper East Side-Lenox Hill-Roosevelt Island,metro,2026-03-30,2026-03-30T05:30:33,8.5
MN0801,Upper East Side-Lenox Hill-Roosevelt Island,metro,2026-03-31,2026-03-31T05:30:32,5.9
MN0801,Upper East Side-Lenox Hill-Roosevelt Island,metro,2026-04-01,2026-04-01T05:30:32,7.5
MN0801,Upper East Side-Lenox Hill-Roosevelt Island,metro,2026-04-02,2026-04-02T05:30:32,5.4
MN0801,Upper East Side-Lenox Hill-Roosevelt Island,metro,2026-04-03,2026-04-03T05:30:33,9.1
MN0801,Upper East Side-Lenox Hill-Roosevelt Island,metro,2026-04-04,2026-04-04T05:30:33,9.4
MN0801,Upper East Side-Lenox Hill-Roosevelt Island,metro,2026-04-05,2026-04-05T05:30:32,6.5
MN0801,Upper East Side-Lenox Hill-Roosevelt Island,metro,2026-04-06,2026-04-06T05:30:33,10.2
MN0801,Upper East Side-Lenox Hill-Roosevelt Island,metro,2026-04-07,2026-04-07T05:30:33,10.1
MN0801,Upper East Side-Lenox Hill-Roosevelt Island,metro,2026-04-08,2026-04-08T05:30:33,9.2
MN0801,Upper East Side-Lenox Hill-Roosevelt Island,metro,2026-04-09,2026-04-09T05:30:33,9.3
MN0801,Upper East Side-Lenox Hill-Roosevelt Island,metro,2026-04-10,2026-04-10T05:30:33,10.4
MN0801,Upper East Side-Lenox Hill-Roosevelt Island,metro,2026-04-11,2026-04-11T05:30:32,11.2
MN0801,Upper East Side-Lenox Hill-Roosevelt Island,metro,2026-04-12,2026-04-12T05:30:31,10.1
MN0801,Upper East Side-Lenox Hill-Roosevelt Island,metro,2026-04-13,2026-04-13T05:30:30,10.7
MN0801,Upper East Side-Lenox Hill-Roosevelt Island,metro,2026-04-14,2026-04-14T05:30:30,11.8
MN0801,Upper East Side-Lenox Hill-Roosevelt Island,metro,2026-04-15,2026-04-15T05:30:32,11.7
MN0801,Upper East Side-Lenox Hill-Roosevelt Island,metro,2026-04-16,2026-04-16T05:30:33,11.7
MN0801,Upper East Side-Lenox Hill-Roosevelt Island,metro,2026-04-17,2026-04-17T05:30:33,11.6
MN0801,Upper East Side-Lenox Hill-Roosevelt Island,metro,2026-04-18,2026-04-18T05:30:32,11.3
MN0802,Upper East Side-Carnegie Hill,metro,2026-03-21,2026-03-21T05:30:33,6.8
MN0802,Upper East Side-Carnegie Hill,metro,2026-03-22,2026-03-22T05:30:33,6.6
MN0802,Upper East Side-Carnegie Hill,metro,2026-03-23,2026-03-23T05:30:33,2.7
MN0802,Upper East Side-Carnegie Hill,metro,2026-03-24,2026-03-24T05:30:33,7.8
MN0802,Upper East Side-Carnegie Hill,metro,2026-03-25,2026-03-25T05:30:33,7.6
MN0802,Upper East Side-Carnegie Hill,metro,2026-03-26,2026-03-26T05:30:33,8.1
MN0802,Upper East Side-Carnegie Hill,metro,2026-03-27,2026-03-27T05:30:33,6.8
MN0802,Upper East Side-Carnegie Hill,metro,2026-03-28,2026-03-28T05:30:33,7.7
MN0802,Upper East Side-Carnegie Hill,metro,2026-03-29,2026-03-29T05:30:33,7.3
MN0802,Upper East Side-Carnegie Hill,metro,2026-03-30,2026-03-30T05:30:33,8.5
MN0802,Upper East Side-Carnegie Hill,metro,2026-03-31,2026-03-31T05:30:32,5.9
MN0802,Upper East Side-Carnegie Hill,metro,2026-04-01,2026-04-01T05:30:32,7.5
MN0802,Upper East Side-Carnegie Hill,metro,2026-04-02,2026-04-02T05:30:32,5.4
MN0802,Upper East Side-Carnegie Hill,metro,2026-04-03,2026-04-03T05:30:33,9.1
MN0802,Upper East Side-Carnegie Hill,metro,2026-04-04,2026-04-04T05:30:33,9.4
MN0802,Upper East Side-Carnegie Hill,metro,2026-04-05,2026-04-05T05:30:32,6.5
MN0802,Upper East Side-Carnegie Hill,metro,2026-04-06,2026-04-06T05:30:33,10.2
MN0802,Upper East Side-Carnegie Hill,metro,2026-04-07,2026-04-07T05:30:33,10.1
MN0802,Upper East Side-Carnegie Hill,metro,2026-04-08,2026-04-08T05:30:33,9.2
MN0802,Upper East Side-Carnegie Hill,metro,2026-04-09,2026-04-09T05:30:33,9.3
MN0802,Upper East Side-Carnegie Hill,metro,2026-04-10,2026-04-10T05:30:33,10.4
MN0802,Upper East Side-Carnegie Hill,metro,2026-04-11,2026-04-11T05:30:32,11.2
MN0802,Upper East Side-Carnegie Hill,metro,2026-04-12,2026-04-12T05:30:31,10.1
MN0802,Upper East Side-Carnegie Hill,metro,2026-04-13,2026-04-13T05:30:30,10.7
MN0802,Upper East Side-Carnegie Hill,metro,2026-04-14,2026-04-14T05:30:30,11.8
MN0802,Upper East Side-Carnegie Hill,metro,2026-04-15,2026-04-15T05:30:32,11.7
MN0802,Upper East Side-Carnegie Hill,metro,2026-04-16,2026-04-16T05:30:33,11.7
MN0802,Upper East Side-Carnegie Hill,metro,2026-04-17,2026-04-17T05:30:33,11.6
MN0802,Upper East Side-Carnegie Hill,metro,2026-04-18,2026-04-18T05:30:32,11.3
MN0803,Upper East Side-Yorkville,metro,2026-03-21,2026-03-21T05:30:33,6.8
MN0803,Upper East Side-Yorkville,metro,2026-03-22,2026-03-22T05:30:33,6.6
MN0803,Upper East Side-Yorkville,metro,2026-03-23,2026-03-23T05:30:33,2.7
MN0803,Upper East Side-Yorkville,metro,2026-03-24,2026-03-24T05:30:33,7.8
MN0803,Upper East Side-Yorkville,metro,2026-03-25,2026-03-25T05:30:33,7.6
MN0803,Upper East Side-Yorkville,metro,2026-03-26,2026-03-26T05:30:33,8.1
MN0803,Upper East Side-Yorkville,metro,2026-03-27,2026-03-27T05:30:33,6.8
MN0803,Upper East Side-Yorkville,metro,2026-03-28,2026-03-28T05:30:33,7.7
MN0803,Upper East Side-Yorkville,metro,2026-03-29,2026-03-29T05:30:33,7.3
MN0803,Upper East Side-Yorkville,metro,2026-03-30,2026-03-30T05:30:33,8.5
MN0803,Upper East Side-Yorkville,metro,2026-03-31,2026-03-31T05:30:32,5.9
MN0803,Upper East Side-Yorkville,metro,2026-04-01,2026-04-01T05:30:32,7.5
MN0803,Upper East Side-Yorkville,metro,2026-04-02,2026-04-02T05:30:32,5.4
MN0803,Upper East Side-Yorkville,metro,2026-04-03,2026-04-03T05:30:33,9.1
MN0803,Upper East Side-Yorkville,metro,2026-04-04,2026-04-04T05:30:33,9.4
MN0803,Upper East Side-Yorkville,metro,2026-04-05,2026-04-05T05:30:32,6.5
MN0803,Upper East Side-Yorkville,metro,2026-04-06,2026-04-06T05:30:33,10.2
MN0803,Upper East Side-Yorkville,metro,2026-04-07,2026-04-07T05:30:33,10.1
MN0803,Upper East Side-Yorkville,metro,2026-04-08,2026-04-08T05:30:33,9.2
MN0803,Upper East Side-Yorkville,metro,2026-04-09,2026-04-09T05:30:33,9.3
MN0803,Upper East Side-Yorkville,metro,2026-04-10,2026-04-10T05:30:33,10.4
MN0803,Upper East Side-Yorkville,metro,2026-04-11,2026-04-11T05:30:32,11.2
MN0803,Upper East Side-Yorkville,metro,2026-04-12,2026-04-12T05:30:31,10.1
MN0803,Upper East Side-Yorkville,metro,2026-04-13,2026-04-13T05:30:30,10.7
MN0803,Upper East Side-Yorkville,metro,2026-04-14,2026-04-14T05:30:30,11.8
MN0803,Upper East Side-Yorkville,metro,2026-04-15,2026-04-15T05:30:32,11.7
MN0803,Upper East Side-Yorkville,metro,2026-04-16,2026-04-16T05:30:33,11.7
MN0803,Upper East Side-Yorkville,metro,2026-04-17,2026-04-17T05:30:33,11.6
MN0803,Upper East Side-Yorkville,metro,2026-04-18,2026-04-18T05:30:32,11.3
MN0901,Morningside Heights,metro,2026-03-21,2026-03-21T05:30:33,6.8
MN0901,Morningside Heights,metro,2026-03-22,2026-03-22T05:30:33,6.6
MN0901,Morningside Heights,metro,2026-03-23,2026-03-23T05:30:33,2.7
MN0901,Morningside Heights,metro,2026-03-24,2026-03-24T05:30:33,7.8
MN0901,Morningside Heights,metro,2026-03-25,2026-03-25T05:30:33,7.6
MN0901,Morningside Heights,metro,2026-03-26,2026-03-26T05:30:33,8.1
MN0901,Morningside Heights,metro,2026-03-27,2026-03-27T05:30:33,6.8
MN0901,Morningside Heights,metro,2026-03-28,2026-03-28T05:30:33,7.7
MN0901,Morningside Heights,metro,2026-03-29,2026-03-29T05:30:33,7.3
MN0901,Morningside Heights,metro,2026-03-30,2026-03-30T05:30:33,8.5
MN0901,Morningside Heights,metro,2026-03-31,2026-03-31T05:30:32,5.9
MN0901,Morningside Heights,metro,2026-04-01,2026-04-01T05:30:32,7.5
MN0901,Morningside Heights,metro,2026-04-02,2026-04-02T05:30:32,5.4
MN0901,Morningside Heights,metro,2026-04-03,2026-04-03T05:30:33,9.1
MN0901,Morningside Heights,metro,2026-04-04,2026-04-04T05:30:33,9.4
MN0901,Morningside Heights,metro,2026-04-05,2026-04-05T05:30:32,6.5
MN0901,Morningside Heights,metro,2026-04-06,2026-04-06T05:30:33,10.2
MN0901,Morningside Heights,metro,2026-04-07,2026-04-07T05:30:33,10.1
MN0901,Morningside Heights,metro,2026-04-08,2026-04-08T05:30:33,9.2
MN0901,Morningside Heights,metro,2026-04-09,2026-04-09T05:30:33,9.3
MN0901,Morningside Heights,metro,2026-04-10,2026-04-10T05:30:33,10.4
MN0901,Morningside Heights,metro,2026-04-11,2026-04-11T05:30:32,11.2
MN0901,Morningside Heights,metro,2026-04-12,2026-04-12T05:30:31,10.1
MN0901,Morningside Heights,metro,2026-04-13,2026-04-13T05:30:30,10.7
MN0901,Morningside Heights,metro,2026-04-14,2026-04-14T05:30:30,11.8
MN0901,Morningside Heights,metro,2026-04-15,2026-04-15T05:30:32,11.7
MN0901,Morningside Heights,metro,2026-04-16,2026-04-16T05:30:33,11.7
MN0901,Morningside Heights,metro,2026-04-17,2026-04-17T05:30:33,11.6
MN0901,Morningside Heights,metro,2026-04-18,2026-04-18T05:30:32,11.3
MN0902,Manhattanville-West Harlem,metro,2026-03-21,2026-03-21T05:30:33,6.8
MN0902,Manhattanville-West Harlem,metro,2026-03-22,2026-03-22T05:30:33,6.6
MN0902,Manhattanville-West Harlem,metro,2026-03-23,2026-03-23T05:30:33,2.7
MN0902,Manhattanville-West Harlem,metro,2026-03-24,2026-03-24T05:30:33,7.8
MN0902,Manhattanville-West Harlem,metro,2026-03-25,2026-03-25T05:30:33,7.6
MN0902,Manhattanville-West Harlem,metro,2026-03-26,2026-03-26T05:30:33,8.1
MN0902,Manhattanville-West Harlem,metro,2026-03-27,2026-03-27T05:30:33,6.8
MN0902,Manhattanville-West Harlem,metro,2026-03-28,2026-03-28T05:30:33,7.7
MN0902,Manhattanville-West Harlem,metro,2026-03-29,2026-03-29T05:30:33,7.3
MN0902,Manhattanville-West Harlem,metro,2026-03-30,2026-03-30T05:30:33,8.5
MN0902,Manhattanville-West Harlem,metro,2026-03-31,2026-03-31T05:30:32,5.9
MN0902,Manhattanville-West Harlem,metro,2026-04-01,2026-04-01T05:30:32,7.5
MN0902,Manhattanville-West Harlem,metro,2026-04-02,2026-04-02T05:30:32,5.4
MN0902,Manhattanville-West Harlem,metro,2026-04-03,2026-04-03T05:30:33,9.1
MN0902,Manhattanville-West Harlem,metro,2026-04-04,2026-04-04T05:30:33,9.4
MN0902,Manhattanville-West Harlem,metro,2026-04-05,2026-04-05T05:30:32,6.5
MN0902,Manhattanville-West Harlem,metro,2026-04-06,2026-04-06T05:30:33,10.2
MN0902,Manhattanville-West Harlem,metro,2026-04-07,2026-04-07T05:30:33,10.1
MN0902,Manhattanville-West Harlem,metro,2026-04-08,2026-04-08T05:30:33,9.2
MN0902,Manhattanville-West Harlem,metro,2026-04-09,2026-04-09T05:30:33,9.3
MN0902,Manhattanville-West Harlem,metro,2026-04-10,2026-04-10T05:30:33,10.4
MN0902,Manhattanville-West Harlem,metro,2026-04-11,2026-04-11T05:30:32,11.2
MN0902,Manhattanville-West Harlem,metro,2026-04-12,2026-04-12T05:30:31,10.1
MN0902,Manhattanville-West Harlem,metro,2026-04-13,2026-04-13T05:30:30,10.7
MN0902,Manhattanville-West Harlem,metro,2026-04-14,2026-04-14T05:30:30,11.8
MN0902,Manhattanville-West Harlem,metro,2026-04-15,2026-04-15T05:30:32,11.7
MN0902,Manhattanville-West Harlem,metro,2026-04-16,2026-04-16T05:30:33,11.7
MN0902,Manhattanville-West Harlem,metro,2026-04-17,2026-04-17T05:30:33,11.6
MN0902,Manhattanville-West Harlem,metro,2026-04-18,2026-04-18T05:30:32,11.3
MN0903,Hamilton Heights-Sugar Hill,metro,2026-03-21,2026-03-21T05:30:33,6.8
MN0903,Hamilton Heights-Sugar Hill,metro,2026-03-22,2026-03-22T05:30:33,6.6
MN0903,Hamilton Heights-Sugar Hill,metro,2026-03-23,2026-03-23T05:30:33,2.7
MN0903,Hamilton Heights-Sugar Hill,metro,2026-03-24,2026-03-24T05:30:33,7.8
MN0903,Hamilton Heights-Sugar Hill,metro,2026-03-25,2026-03-25T05:30:33,7.6
MN0903,Hamilton Heights-Sugar Hill,metro,2026-03-26,2026-03-26T05:30:33,8.1
MN0903,Hamilton Heights-Sugar Hill,metro,2026-03-27,2026-03-27T05:30:33,6.8
MN0903,Hamilton Heights-Sugar Hill,metro,2026-03-28,2026-03-28T05:30:33,7.7
MN0903,Hamilton Heights-Sugar Hill,metro,2026-03-29,2026-03-29T05:30:33,7.3
MN0903,Hamilton Heights-Sugar Hill,metro,2026-03-30,2026-03-30T05:30:33,8.5
MN0903,Hamilton Heights-Sugar Hill,metro,2026-03-31,2026-03-31T05:30:32,5.9
MN0903,Hamilton Heights-Sugar Hill,metro,2026-04-01,2026-04-01T05:30:32,7.5
MN0903,Hamilton Heights-Sugar Hill,metro,2026-04-02,2026-04-02T05:30:32,5.4
MN0903,Hamilton Heights-Sugar Hill,metro,2026-04-03,2026-04-03T05:30:33,9.1
MN0903,Hamilton Heights-Sugar Hill,metro,2026-04-04,2026-04-04T05:30:33,9.4
MN0903,Hamilton Heights-Sugar Hill,metro,2026-04-05,2026-04-05T05:30:32,6.5
MN0903,Hamilton Heights-Sugar Hill,metro,2026-04-06,2026-04-06T05:30:33,10.2
MN0903,Hamilton Heights-Sugar Hill,metro,2026-04-07,2026-04-07T05:30:33,10.1
MN0903,Hamilton Heights-Sugar Hill,metro,2026-04-08,2026-04-08T05:30:33,9.2
MN0903,Hamilton Heights-Sugar Hill,metro,2026-04-09,2026-04-09T05:30:33,9.3
MN0903,Hamilton Heights-Sugar Hill,metro,2026-04-10,2026-04-10T05:30:33,10.4
MN0903,Hamilton Heights-Sugar Hill,metro,2026-04-11,2026-04-11T05:30:32,11.2
MN0903,Hamilton Heights-Sugar Hill,metro,2026-04-12,2026-04-12T05:30:31,10.1
MN0903,Hamilton Heights-Sugar Hill,metro,2026-04-13,2026-04-13T05:30:30,10.7
MN0903,Hamilton Heights-Sugar Hill,metro,2026-04-14,2026-04-14T05:30:30,11.8
MN0903,Hamilton Heights-Sugar Hill,metro,2026-04-15,2026-04-15T05:30:32,11.7
MN0903,Hamilton Heights-Sugar Hill,metro,2026-04-16,2026-04-16T05:30:33,11.7
MN0903,Hamilton Heights-Sugar Hill,metro,2026-04-17,2026-04-17T05:30:33,11.6
MN0903,Hamilton Heights-Sugar Hill,metro,2026-04-18,2026-04-18T05:30:32,11.3
MN1001,Harlem (South),metro,2026-03-21,2026-03-21T05:30:33,6.8
MN1001,Harlem (South),metro,2026-03-22,2026-03-22T05:30:33,6.6
MN1001,Harlem (South),metro,2026-03-23,2026-03-23T05:30:33,2.7
MN1001,Harlem (South),metro,2026-03-24,2026-03-24T05:30:33,7.8
MN1001,Harlem (South),metro,2026-03-25,2026-03-25T05:30:33,7.6
MN1001,Harlem (South),metro,2026-03-26,2026-03-26T05:30:33,8.1
MN1001,Harlem (South),metro,2026-03-27,2026-03-27T05:30:33,6.8
MN1001,Harlem (South),metro,2026-03-28,2026-03-28T05:30:33,7.7
MN1001,Harlem (South),metro,2026-03-29,2026-03-29T05:30:33,7.3
MN1001,Harlem (South),metro,2026-03-30,2026-03-30T05:30:33,8.5
MN1001,Harlem (South),metro,2026-03-31,2026-03-31T05:30:32,5.9
MN1001,Harlem (South),metro,2026-04-01,2026-04-01T05:30:32,7.5
MN1001,Harlem (South),metro,2026-04-02,2026-04-02T05:30:32,5.4
MN1001,Harlem (South),metro,2026-04-03,2026-04-03T05:30:33,9.1
MN1001,Harlem (South),metro,2026-04-04,2026-04-04T05:30:33,9.4
MN1001,Harlem (South),metro,2026-04-05,2026-04-05T05:30:32,6.5
MN1001,Harlem (South),metro,2026-04-06,2026-04-06T05:30:33,10.2
MN1001,Harlem (South),metro,2026-04-07,2026-04-07T05:30:33,10.1
MN1001,Harlem (South),metro,2026-04-08,2026-04-08T05:30:33,9.2
MN1001,Harlem (South),metro,2026-04-09,2026-04-09T05:30:33,9.3
MN1001,Harlem (South),metro,2026-04-10,2026-04-10T05:30:33,10.4
MN1001,Harlem (South),metro,2026-04-11,2026-04-11T05:30:32,11.2
MN1001,Harlem (South),metro,2026-04-12,2026-04-12T05:30:31,10.1
MN1001,Harlem (South),metro,2026-04-13,2026-04-13T05:30:30,10.7
MN1001,Harlem (South),metro,2026-04-14,2026-04-14T05:30:30,11.8
MN1001,Harlem (South),metro,2026-04-15,2026-04-15T05:30:32,11.7
MN1001,Harlem (South),metro,2026-04-16,2026-04-16T05:30:33,11.7
MN1001,Harlem (South),metro,2026-04-17,2026-04-17T05:30:33,11.6
MN1001,Harlem (South),metro,2026-04-18,2026-04-18T05:30:32,11.3
MN1002,Harlem (North),metro,2026-03-21,2026-03-21T05:30:33,6.8
MN1002,Harlem (North),metro,2026-03-22,2026-03-22T05:30:33,6.6
MN1002,Harlem (North),metro,2026-03-23,2026-03-23T05:30:33,2.7
MN1002,Harlem (North),metro,2026-03-24,2026-03-24T05:30:33,7.8
MN1002,Harlem (North),metro,2026-03-25,2026-03-25T05:30:33,7.6
MN1002,Harlem (North),metro,2026-03-26,2026-03-26T05:30:33,8.1
MN1002,Harlem (North),metro,2026-03-27,2026-03-27T05:30:33,6.8
MN1002,Harlem (North),metro,2026-03-28,2026-03-28T05:30:33,7.7
MN1002,Harlem (North),metro,2026-03-29,2026-03-29T05:30:33,7.3
MN1002,Harlem (North),metro,2026-03-30,2026-03-30T05:30:33,8.5
MN1002,Harlem (North),metro,2026-03-31,2026-03-31T05:30:32,5.9
MN1002,Harlem (North),metro,2026-04-01,2026-04-01T05:30:32,7.5
MN1002,Harlem (North),metro,2026-04-02,2026-04-02T05:30:32,5.4
MN1002,Harlem (North),metro,2026-04-03,2026-04-03T05:30:33,9.1
MN1002,Harlem (North),metro,2026-04-04,2026-04-04T05:30:33,9.4
MN1002,Harlem (North),metro,2026-04-05,2026-04-05T05:30:32,6.5
MN1002,Harlem (North),metro,2026-04-06,2026-04-06T05:30:33,10.2
MN1002,Harlem (North),metro,2026-04-07,2026-04-07T05:30:33,10.1
MN1002,Harlem (North),metro,2026-04-08,2026-04-08T05:30:33,9.2
MN1002,Harlem (North),metro,2026-04-09,2026-04-09T05:30:33,9.3
MN1002,Harlem (North),metro,2026-04-10,2026-04-10T05:30:33,10.4
MN1002,Harlem (North),metro,2026-04-11,2026-04-11T05:30:32,11.2
MN1002,Harlem (North),metro,2026-04-12,2026-04-12T05:30:31,10.1
MN1002,Harlem (North),metro,2026-04-13,2026-04-13T05:30:30,10.7
MN1002,Harlem (North),metro,2026-04-14,2026-04-14T05:30:30,11.8
MN1002,Harlem (North),metro,2026-04-15,2026-04-15T05:30:32,11.7
MN1002,Harlem (North),metro,2026-04-16,2026-04-16T05:30:33,11.7
MN1002,Harlem (North),metro,2026-04-17,2026-04-17T05:30:33,11.6
MN1002,Harlem (North),metro,2026-04-18,2026-04-18T05:30:32,11.3
MN1101,East Harlem (South),metro,2026-03-21,2026-03-21T05:30:33,6.8
MN1101,East Harlem (South),metro,2026-03-22,2026-03-22T05:30:33,6.6
MN1101,East Harlem (South),metro,2026-03-23,2026-03-23T05:30:33,2.7
MN1101,East Harlem (South),metro,2026-03-24,2026-03-24T05:30:33,7.8
MN1101,East Harlem (South),metro,2026-03-25,2026-03-25T05:30:33,7.6
MN1101,East Harlem (South),metro,2026-03-26,2026-03-26T05:30:33,8.1
MN1101,East Harlem (South),metro,2026-03-27,2026-03-27T05:30:33,6.8
MN1101,East Harlem (South),metro,2026-03-28,2026-03-28T05:30:33,7.7
MN1101,East Harlem (South),metro,2026-03-29,2026-03-29T05:30:33,7.3
MN1101,East Harlem (South),metro,2026-03-30,2026-03-30T05:30:33,8.5
MN1101,East Harlem (South),metro,2026-03-31,2026-03-31T05:30:32,5.9
MN1101,East Harlem (South),metro,2026-04-01,2026-04-01T05:30:32,7.5
MN1101,East Harlem (South),metro,2026-04-02,2026-04-02T05:30:32,5.4
MN1101,East Harlem (South),metro,2026-04-03,2026-04-03T05:30:33,9.1
MN1101,East Harlem (South),metro,2026-04-04,2026-04-04T05:30:33,9.4
MN1101,East Harlem (South),metro,2026-04-05,2026-04-05T05:30:32,6.5
MN1101,East Harlem (South),metro,2026-04-06,2026-04-06T05:30:33,10.2
MN1101,East Harlem (South),metro,2026-04-07,2026-04-07T05:30:33,10.1
MN1101,East Harlem (South),metro,2026-04-08,2026-04-08T05:30:33,9.2
MN1101,East Harlem (South),metro,2026-04-09,2026-04-09T05:30:33,9.3
MN1101,East Harlem (South),metro,2026-04-10,2026-04-10T05:30:33,10.4
MN1101,East Harlem (South),metro,2026-04-11,2026-04-11T05:30:32,11.2
MN1101,East Harlem (South),metro,2026-04-12,2026-04-12T05:30:31,10.1
MN1101,East Harlem (South),metro,2026-04-13,2026-04-13T05:30:30,10.7
MN1101,East Harlem (South),metro,2026-04-14,2026-04-14T05:30:30,11.8
MN1101,East Harlem (South),metro,2026-04-15,2026-04-15T05:30:32,11.7
MN1101,East Harlem (South),metro,2026-04-16,2026-04-16T05:30:33,11.7
MN1101,East Harlem (South),metro,2026-04-17,2026-04-17T05:30:33,11.6
MN1101,East Harlem (South),metro,2026-04-18,2026-04-18T05:30:32,11.3
MN1102,East Harlem (North),metro,2026-03-21,2026-03-21T05:30:33,6.8
MN1102,East Harlem (North),metro,2026-03-22,2026-03-22T05:30:33,6.6
MN1102,East Harlem (North),metro,2026-03-23,2026-03-23T05:30:33,2.7
MN1102,East Harlem (North),metro,2026-03-24,2026-03-24T05:30:33,7.8
MN1102,East Harlem (North),metro,2026-03-25,2026-03-25T05:30:33,7.6
MN1102,East Harlem (North),metro,2026-03-26,2026-03-26T05:30:33,8.1
MN1102,East Harlem (North),metro,2026-03-27,2026-03-27T05:30:33,6.8
MN1102,East Harlem (North),metro,2026-03-28,2026-03-28T05:30:33,7.7
MN1102,East Harlem (North),metro,2026-03-29,2026-03-29T05:30:33,7.3
MN1102,East Harlem (North),metro,2026-03-30,2026-03-30T05:30:33,8.5
MN1102,East Harlem (North),metro,2026-03-31,2026-03-31T05:30:32,5.9
MN1102,East Harlem (North),metro,2026-04-01,2026-04-01T05:30:32,7.5
MN1102,East Harlem (North),metro,2026-04-02,2026-04-02T05:30:32,5.4
MN1102,East Harlem (North),metro,2026-04-03,2026-04-03T05:30:33,9.1
MN1102,East Harlem (North),metro,2026-04-04,2026-04-04T05:30:33,9.4
MN1102,East Harlem (North),metro,2026-04-05,2026-04-05T05:30:32,6.5
MN1102,East Harlem (North),metro,2026-04-06,2026-04-06T05:30:33,10.2
MN1102,East Harlem (North),metro,2026-04-07,2026-04-07T05:30:33,10.1
MN1102,East Harlem (North),metro,2026-04-08,2026-04-08T05:30:33,9.2
MN1102,East Harlem (North),metro,2026-04-09,2026-04-09T05:30:33,9.3
MN1102,East Harlem (North),metro,2026-04-10,2026-04-10T05:30:33,10.4
MN1102,East Harlem (North),metro,2026-04-11,2026-04-11T05:30:32,11.2
MN1102,East Harlem (North),metro,2026-04-12,2026-04-12T05:30:31,10.1
MN1102,East Harlem (North),metro,2026-04-13,2026-04-13T05:30:30,10.7
MN1102,East Harlem (North),metro,2026-04-14,2026-04-14T05:30:30,11.8
MN1102,East Harlem (North),metro,2026-04-15,2026-04-15T05:30:32,11.7
MN1102,East Harlem (North),metro,2026-04-16,2026-04-16T05:30:33,11.7
MN1102,East Harlem (North),metro,2026-04-17,2026-04-17T05:30:33,11.6
MN1102,East Harlem (North),metro,2026-04-18,2026-04-18T05:30:32,11.3
MN1191,Randall's Island,metro,2026-03-21,2026-03-21T05:30:33,6.8
MN1191,Randall's Island,metro,2026-03-22,2026-03-22T05:30:33,6.6
MN1191,Randall's Island,metro,2026-03-23,2026-03-23T05:30:33,2.7
MN1191,Randall's Island,metro,2026-03-24,2026-03-24T05:30:33,7.8
MN1191,Randall's Island,metro,2026-03-25,2026-03-25T05:30:33,7.6
MN1191,Randall's Island,metro,2026-03-26,2026-03-26T05:30:33,8.1
MN1191,Randall's Island,metro,2026-03-27,2026-03-27T05:30:33,6.8
MN1191,Randall's Island,metro,2026-03-28,2026-03-28T05:30:33,7.7
MN1191,Randall's Island,metro,2026-03-29,2026-03-29T05:30:33,7.3
MN1191,Randall's Island,metro,2026-03-30,2026-03-30T05:30:33,8.5
MN1191,Randall's Island,metro,2026-03-31,2026-03-31T05:30:32,5.9
MN1191,Randall's Island,metro,2026-04-01,2026-04-01T05:30:32,7.5
MN1191,Randall's Island,metro,2026-04-02,2026-04-02T05:30:32,5.4
MN1191,Randall's Island,metro,2026-04-03,2026-04-03T05:30:33,9.1
MN1191,Randall's Island,metro,2026-04-04,2026-04-04T05:30:33,9.4
MN1191,Randall's Island,metro,2026-04-05,2026-04-05T05:30:32,6.5
MN1191,Randall's Island,metro,2026-04-06,2026-04-06T05:30:33,10.2
MN1191,Randall's Island,metro,2026-04-07,2026-04-07T05:30:33,10.1
MN1191,Randall's Island,metro,2026-04-08,2026-04-08T05:30:33,9.2
MN1191,Randall's Island,metro,2026-04-09,2026-04-09T05:30:33,9.3
MN1191,Randall's Island,metro,2026-04-10,2026-04-10T05:30:33,10.4
MN1191,Randall's Island,metro,2026-04-11,2026-04-11T05:30:32,11.2
MN1191,Randall's Island,metro,2026-04-12,2026-04-12T05:30:31,10.1
MN1191,Randall's Island,metro,2026-04-13,2026-04-13T05:30:30,10.7
MN1191,Randall's Island,metro,2026-04-14,2026-04-14T05:30:30,11.8
MN1191,Randall's Island,metro,2026-04-15,2026-04-15T05:30:32,11.7
MN1191,Randall's Island,metro,2026-04-16,2026-04-16T05:30:33,11.7
MN1191,Randall's Island,metro,2026-04-17,2026-04-17T05:30:33,11.6
MN1191,Randall's Island,metro,2026-04-18,2026-04-18T05:30:32,11.3
MN1201,Washington Heights (South),metro,2026-03-21,2026-03-21T05:30:33,6.8
MN1201,Washington Heights (South),metro,2026-03-22,2026-03-22T05:30:33,6.6
MN1201,Washington Heights (South),metro,2026-03-23,2026-03-23T05:30:33,2.7
MN1201,Washington Heights (South),metro,2026-03-24,2026-03-24T05:30:33,7.8
MN1201,Washington Heights (South),metro,2026-03-25,2026-03-25T05:30:33,7.6
MN1201,Washington Heights (South),metro,2026-03-26,2026-03-26T05:30:33,8.1
MN1201,Washington Heights (South),metro,2026-03-27,2026-03-27T05:30:33,6.8
MN1201,Washington Heights (South),metro,2026-03-28,2026-03-28T05:30:33,7.7
MN1201,Washington Heights (South),metro,2026-03-29,2026-03-29T05:30:33,7.3
MN1201,Washington Heights (South),metro,2026-03-30,2026-03-30T05:30:33,8.5
MN1201,Washington Heights (South),metro,2026-03-31,2026-03-31T05:30:32,5.9
MN1201,Washington Heights (South),metro,2026-04-01,2026-04-01T05:30:32,7.5
MN1201,Washington Heights (South),metro,2026-04-02,2026-04-02T05:30:32,5.4
MN1201,Washington Heights (South),metro,2026-04-03,2026-04-03T05:30:33,9.1
MN1201,Washington Heights (South),metro,2026-04-04,2026-04-04T05:30:33,9.4
MN1201,Washington Heights (South),metro,2026-04-05,2026-04-05T05:30:32,6.5
MN1201,Washington Heights (South),metro,2026-04-06,2026-04-06T05:30:33,10.2
MN1201,Washington Heights (South),metro,2026-04-07,2026-04-07T05:30:33,10.1
MN1201,Washington Heights (South),metro,2026-04-08,2026-04-08T05:30:33,9.2
MN1201,Washington Heights (South),metro,2026-04-09,2026-04-09T05:30:33,9.3
MN1201,Washington Heights (South),metro,2026-04-10,2026-04-10T05:30:33,10.4
MN1201,Washington Heights (South),metro,2026-04-11,2026-04-11T05:30:32,11.2
MN1201,Washington Heights (South),metro,2026-04-12,2026-04-12T05:30:31,10.1
MN1201,Washington Heights (South),metro,2026-04-13,2026-04-13T05:30:30,10.7
MN1201,Washington Heights (South),metro,2026-04-14,2026-04-14T05:30:30,11.8
MN1201,Washington Heights (South),metro,2026-04-15,2026-04-15T05:30:32,11.7
MN1201,Washington Heights (South),metro,2026-04-16,2026-04-16T05:30:33,11.7
MN1201,Washington Heights (South),metro,2026-04-17,2026-04-17T05:30:33,11.6
MN1201,Washington Heights (South),metro,2026-04-18,2026-04-18T05:30:32,11.3
MN1202,Washington Heights (North),metro,2026-03-21,2026-03-21T05:30:33,6.8
MN1202,Washington Heights (North),metro,2026-03-22,2026-03-22T05:30:33,6.6
MN1202,Washington Heights (North),metro,2026-03-23,2026-03-23T05:30:33,2.7
MN1202,Washington Heights (North),metro,2026-03-24,2026-03-24T05:30:33,7.8
MN1202,Washington Heights (North),metro,2026-03-25,2026-03-25T05:30:33,7.6
MN1202,Washington Heights (North),metro,2026-03-26,2026-03-26T05:30:33,8.1
MN1202,Washington Heights (North),metro,2026-03-27,2026-03-27T05:30:33,6.8
MN1202,Washington Heights (North),metro,2026-03-28,2026-03-28T05:30:33,7.7
MN1202,Washington Heights (North),metro,2026-03-29,2026-03-29T05:30:33,7.3
MN1202,Washington Heights (North),metro,2026-03-30,2026-03-30T05:30:33,8.5
MN1202,Washington Heights (North),metro,2026-03-31,2026-03-31T05:30:32,5.9
MN1202,Washington Heights (North),metro,2026-04-01,2026-04-01T05:30:32,7.5
MN1202,Washington Heights (North),metro,2026-04-02,2026-04-02T05:30:32,5.4
MN1202,Washington Heights (North),metro,2026-04-03,2026-04-03T05:30:33,9.1
MN1202,Washington Heights (North),metro,2026-04-04,2026-04-04T05:30:33,9.4
MN1202,Washington Heights (North),metro,2026-04-05,2026-04-05T05:30:32,6.5
MN1202,Washington Heights (North),metro,2026-04-06,2026-04-06T05:30:33,10.2
MN1202,Washington Heights (North),metro,2026-04-07,2026-04-07T05:30:33,10.1
MN1202,Washington Heights (North),metro,2026-04-08,2026-04-08T05:30:33,9.2
MN1202,Washington Heights (North),metro,2026-04-09,2026-04-09T05:30:33,9.3
MN1202,Washington Heights (North),metro,2026-04-10,2026-04-10T05:30:33,10.4
MN1202,Washington Heights (North),metro,2026-04-11,2026-04-11T05:30:32,11.2
MN1202,Washington Heights (North),metro,2026-04-12,2026-04-12T05:30:31,10.1
MN1202,Washington Heights (North),metro,2026-04-13,2026-04-13T05:30:30,10.7
MN1202,Washington Heights (North),metro,2026-04-14,2026-04-14T05:30:30,11.8
MN1202,Washington Heights (North),metro,2026-04-15,2026-04-15T05:30:32,11.7
MN1202,Washington Heights (North),metro,2026-04-16,2026-04-16T05:30:33,11.7
MN1202,Washington Heights (North),metro,2026-04-17,2026-04-17T05:30:33,11.6
MN1202,Washington Heights (North),metro,2026-04-18,2026-04-18T05:30:32,11.3
MN1203,Inwood,metro,2026-03-21,2026-03-21T05:30:33,6.8
MN1203,Inwood,metro,2026-03-22,2026-03-22T05:30:33,6.6
MN1203,Inwood,metro,2026-03-23,2026-03-23T05:30:33,2.7
MN1203,Inwood,metro,2026-03-24,2026-03-24T05:30:33,7.8
MN1203,Inwood,metro,2026-03-25,2026-03-25T05:30:33,7.6
MN1203,Inwood,metro,2026-03-26,2026-03-26T05:30:33,8.1
MN1203,Inwood,metro,2026-03-27,2026-03-27T05:30:33,6.8
MN1203,Inwood,metro,2026-03-28,2026-03-28T05:30:33,7.7
MN1203,Inwood,metro,2026-03-29,2026-03-29T05:30:33,7.3
MN1203,Inwood,metro,2026-03-30,2026-03-30T05:30:33,8.5
MN1203,Inwood,metro,2026-03-31,2026-03-31T05:30:32,5.9
MN1203,Inwood,metro,2026-04-01,2026-04-01T05:30:32,7.5
MN1203,Inwood,metro,2026-04-02,2026-04-02T05:30:32,5.4
MN1203,Inwood,metro,2026-04-03,2026-04-03T05:30:33,9.1
MN1203,Inwood,metro,2026-04-04,2026-04-04T05:30:33,9.4
MN1203,Inwood,metro,2026-04-05,2026-04-05T05:30:32,6.5
MN1203,Inwood,metro,2026-04-06,2026-04-06T05:30:33,10.2
MN1203,Inwood,metro,2026-04-07,2026-04-07T05:30:33,10.1
MN1203,Inwood,metro,2026-04-08,2026-04-08T05:30:33,9.2
MN1203,Inwood,metro,2026-04-09,2026-04-09T05:30:33,9.3
MN1203,Inwood,metro,2026-04-10,2026-04-10T05:30:33,10.4
MN1203,Inwood,metro,2026-04-11,2026-04-11T05:30:32,11.2
MN1203,Inwood,metro,2026-04-12,2026-04-12T05:30:31,10.1
MN1203,Inwood,metro,2026-04-13,2026-04-13T05:30:30,10.7
MN1203,Inwood,metro,2026-04-14,2026-04-14T05:30:30,11.8
MN1203,Inwood,metro,2026-04-15,2026-04-15T05:30:32,11.7
MN1203,Inwood,metro,2026-04-16,2026-04-16T05:30:33,11.7
MN1203,Inwood,metro,2026-04-17,2026-04-17T05:30:33,11.6
MN1203,Inwood,metro,2026-04-18,2026-04-18T05:30:32,11.3
MN1291,Highbridge Park,metro,2026-03-21,2026-03-21T05:30:33,6.8
MN1291,Highbridge Park,metro,2026-03-22,2026-03-22T05:30:33,6.6
MN1291,Highbridge Park,metro,2026-03-23,2026-03-23T05:30:33,2.7
MN1291,Highbridge Park,metro,2026-03-24,2026-03-24T05:30:33,7.8
MN1291,Highbridge Park,metro,2026-03-25,2026-03-25T05:30:33,7.6
MN1291,Highbridge Park,metro,2026-03-26,2026-03-26T05:30:33,8.1
MN1291,Highbridge Park,metro,2026-03-27,2026-03-27T05:30:33,6.8
MN1291,Highbridge Park,metro,2026-03-28,2026-03-28T05:30:33,7.7
MN1291,Highbridge Park,metro,2026-03-29,2026-03-29T05:30:33,7.3
MN1291,Highbridge Park,metro,2026-03-30,2026-03-30T05:30:33,8.5
MN1291,Highbridge Park,metro,2026-03-31,2026-03-31T05:30:32,5.9
MN1291,Highbridge Park,metro,2026-04-01,2026-04-01T05:30:32,7.5
MN1291,Highbridge Park,metro,2026-04-02,2026-04-02T05:30:32,5.4
MN1291,Highbridge Park,metro,2026-04-03,2026-04-03T05:30:33,9.1
MN1291,Highbridge Park,metro,2026-04-04,2026-04-04T05:30:33,9.4
MN1291,Highbridge Park,metro,2026-04-05,2026-04-05T05:30:32,6.5
MN1291,Highbridge Park,metro,2026-04-06,2026-04-06T05:30:33,10.2
MN1291,Highbridge Park,metro,2026-04-07,2026-04-07T05:30:33,10.1
MN1291,Highbridge Park,metro,2026-04-08,2026-04-08T05:30:33,9.2
MN1291,Highbridge Park,metro,2026-04-09,2026-04-09T05:30:33,9.3
MN1291,Highbridge Park,metro,2026-04-10,2026-04-10T05:30:33,10.4
MN1291,Highbridge Park,metro,2026-04-11,2026-04-11T05:30:32,11.2
MN1291,Highbridge Park,metro,2026-04-12,2026-04-12T05:30:31,10.1
MN1291,Highbridge Park,metro,2026-04-13,2026-04-13T05:30:30,10.7
MN1291,Highbridge Park,metro,2026-04-14,2026-04-14T05:30:30,11.8
MN1291,Highbridge Park,metro,2026-04-15,2026-04-15T05:30:32,11.7
MN1291,Highbridge Park,metro,2026-04-16,2026-04-16T05:30:33,11.7
MN1291,Highbridge Park,metro,2026-04-17,2026-04-17T05:30:33,11.6
MN1291,Highbridge Park,metro,2026-04-18,2026-04-18T05:30:32,11.3
MN1292,Inwood Hill Park,metro,2026-03-21,2026-03-21T05:30:33,6.8
MN1292,Inwood Hill Park,metro,2026-03-22,2026-03-22T05:30:33,6.6
MN1292,Inwood Hill Park,metro,2026-03-23,2026-03-23T05:30:33,2.7
MN1292,Inwood Hill Park,metro,2026-03-24,2026-03-24T05:30:33,7.8
MN1292,Inwood Hill Park,metro,2026-03-25,2026-03-25T05:30:33,7.6
MN1292,Inwood Hill Park,metro,2026-03-26,2026-03-26T05:30:33,8.1
MN1292,Inwood Hill Park,metro,2026-03-27,2026-03-27T05:30:33,6.8
MN1292,Inwood Hill Park,metro,2026-03-28,2026-03-28T05:30:33,7.7
MN1292,Inwood Hill Park,metro,2026-03-29,2026-03-29T05:30:33,7.3
MN1292,Inwood Hill Park,metro,2026-03-30,2026-03-30T05:30:33,8.5
MN1292,Inwood Hill Park,metro,2026-03-31,2026-03-31T05:30:32,5.9
MN1292,Inwood Hill Park,metro,2026-04-01,2026-04-01T05:30:32,7.5
MN1292,Inwood Hill Park,metro,2026-04-02,2026-04-02T05:30:32,5.4
MN1292,Inwood Hill Park,metro,2026-04-03,2026-04-03T05:30:33,9.1
MN1292,Inwood Hill Park,metro,2026-04-04,2026-04-04T05:30:33,9.4
MN1292,Inwood Hill Park,metro,2026-04-05,2026-04-05T05:30:32,6.5
MN1292,Inwood Hill Park,metro,2026-04-06,2026-04-06T05:30:33,10.2
MN1292,Inwood Hill Park,metro,2026-04-07,2026-04-07T05:30:33,10.1
MN1292,Inwood Hill Park,metro,2026-04-08,2026-04-08T05:30:33,9.2
MN1292,Inwood Hill Park,metro,2026-04-09,2026-04-09T05:30:33,9.3
MN1292,Inwood Hill Park,metro,2026-04-10,2026-04-10T05:30:33,10.4
MN1292,Inwood Hill Park,metro,2026-04-11,2026-04-11T05:30:32,11.2
MN1292,Inwood Hill Park,metro,2026-04-12,2026-04-12T05:30:31,10.1
MN1292,Inwood Hill Park,metro,2026-04-13,2026-04-13T05:30:30,10.7
MN1292,Inwood Hill Park,metro,2026-04-14,2026-04-14T05:30:30,11.8
MN1292,Inwood Hill Park,metro,2026-04-15,2026-04-15T05:30:32,11.7
MN1292,Inwood Hill Park,metro,2026-04-16,2026-04-16T05:30:33,11.7
MN1292,Inwood Hill Park,metro,2026-04-17,2026-04-17T05:30:33,11.6
MN1292,Inwood Hill Park,metro,2026-04-18,2026-04-18T05:30:32,11.3
MN6491,Central Park,metro,2026-03-21,2026-03-21T05:30:33,6.8
MN6491,Central Park,metro,2026-03-22,2026-03-22T05:30:33,6.6
MN6491,Central Park,metro,2026-03-23,2026-03-23T05:30:33,2.7
MN6491,Central Park,metro,2026-03-24,2026-03-24T05:30:33,7.8
MN6491,Central Park,metro,2026-03-25,2026-03-25T05:30:33,7.6
MN6491,Central Park,metro,2026-03-26,2026-03-26T05:30:33,8.1
MN6491,Central Park,metro,2026-03-27,2026-03-27T05:30:33,6.8
MN6491,Central Park,metro,2026-03-28,2026-03-28T05:30:33,7.7
MN6491,Central Park,metro,2026-03-29,2026-03-29T05:30:33,7.3
MN6491,Central Park,metro,2026-03-30,2026-03-30T05:30:33,8.5
MN6491,Central Park,metro,2026-03-31,2026-03-31T05:30:32,5.9
MN6491,Central Park,metro,2026-04-01,2026-04-01T05:30:32,7.5
MN6491,Central Park,metro,2026-04-02,2026-04-02T05:30:32,5.4
MN6491,Central Park,metro,2026-04-03,2026-04-03T05:30:33,9.1
MN6491,Central Park,metro,2026-04-04,2026-04-04T05:30:33,9.4
MN6491,Central Park,metro,2026-04-05,2026-04-05T05:30:32,6.5
MN6491,Central Park,metro,2026-04-06,2026-04-06T05:30:33,10.2
MN6491,Central Park,metro,2026-04-07,2026-04-07T05:30:33,10.1
MN6491,Central Park,metro,2026-04-08,2026-04-08T05:30:33,9.2
MN6491,Central Park,metro,2026-04-09,2026-04-09T05:30:33,9.3
MN6491,Central Park,metro,2026-04-10,2026-04-10T05:30:33,10.4
MN6491,Central Park,metro,2026-04-11,2026-04-11T05:30:32,11.2
MN6491,Central Park,metro,2026-04-12,2026-04-12T05:30:31,10.1
MN6491,Central Park,metro,2026-04-13,2026-04-13T05:30:30,10.7
MN6491,Central Park,metro,2026-04-14,2026-04-14T05:30:30,11.8
MN6491,Central Park,metro,2026-04-15,2026-04-15T05:30:32,11.7
MN6491,Central Park,metro,2026-04-16,2026-04-16T05:30:33,11.7
MN6491,Central Park,metro,2026-04-17,2026-04-17T05:30:33,11.6
MN6491,Central Park,metro,2026-04-18,2026-04-18T05:30:32,11.3
QN0101,Astoria (North)-Ditmars-Steinway,metro,2026-03-21,2026-03-21T05:30:33,6.8
QN0101,Astoria (North)-Ditmars-Steinway,metro,2026-03-22,2026-03-22T05:30:33,6.6
QN0101,Astoria (North)-Ditmars-Steinway,metro,2026-03-23,2026-03-23T05:30:33,2.7
QN0101,Astoria (North)-Ditmars-Steinway,metro,2026-03-24,2026-03-24T05:30:33,7.8
QN0101,Astoria (North)-Ditmars-Steinway,metro,2026-03-25,2026-03-25T05:30:33,7.6
QN0101,Astoria (North)-Ditmars-Steinway,metro,2026-03-26,2026-03-26T05:30:33,8.1
QN0101,Astoria (North)-Ditmars-Steinway,metro,2026-03-27,2026-03-27T05:30:33,6.8
QN0101,Astoria (North)-Ditmars-Steinway,metro,2026-03-28,2026-03-28T05:30:33,7.7
QN0101,Astoria (North)-Ditmars-Steinway,metro,2026-03-29,2026-03-29T05:30:33,7.3
QN0101,Astoria (North)-Ditmars-Steinway,metro,2026-03-30,2026-03-30T05:30:33,8.5
QN0101,Astoria (North)-Ditmars-Steinway,metro,2026-03-31,2026-03-31T05:30:32,5.9
QN0101,Astoria (North)-Ditmars-Steinway,metro,2026-04-01,2026-04-01T05:30:32,7.5
QN0101,Astoria (North)-Ditmars-Steinway,metro,2026-04-02,2026-04-02T05:30:32,5.4
QN0101,Astoria (North)-Ditmars-Steinway,metro,2026-04-03,2026-04-03T05:30:33,9.1
QN0101,Astoria (North)-Ditmars-Steinway,metro,2026-04-04,2026-04-04T05:30:33,9.4
QN0101,Astoria (North)-Ditmars-Steinway,metro,2026-04-05,2026-04-05T05:30:32,6.5
QN0101,Astoria (North)-Ditmars-Steinway,metro,2026-04-06,2026-04-06T05:30:33,10.2
QN0101,Astoria (North)-Ditmars-Steinway,metro,2026-04-07,2026-04-07T05:30:33,10.1
QN0101,Astoria (North)-Ditmars-Steinway,metro,2026-04-08,2026-04-08T05:30:33,9.2
QN0101,Astoria (North)-Ditmars-Steinway,metro,2026-04-09,2026-04-09T05:30:33,9.3
QN0101,Astoria (North)-Ditmars-Steinway,metro,2026-04-10,2026-04-10T05:30:33,10.4
QN0101,Astoria (North)-Ditmars-Steinway,metro,2026-04-11,2026-04-11T05:30:32,11.2
QN0101,Astoria (North)-Ditmars-Steinway,metro,2026-04-12,2026-04-12T05:30:31,10.1
QN0101,Astoria (North)-Ditmars-Steinway,metro,2026-04-13,2026-04-13T05:30:30,10.7
QN0101,Astoria (North)-Ditmars-Steinway,metro,2026-04-14,2026-04-14T05:30:30,11.8
QN0101,Astoria (North)-Ditmars-Steinway,metro,2026-04-15,2026-04-15T05:30:32,11.7
QN0101,Astoria (North)-Ditmars-Steinway,metro,2026-04-16,2026-04-16T05:30:33,11.7
QN0101,Astoria (North)-Ditmars-Steinway,metro,2026-04-17,2026-04-17T05:30:33,11.6
QN0101,Astoria (North)-Ditmars-Steinway,metro,2026-04-18,2026-04-18T05:30:32,11.3
QN0102,Old Astoria-Hallets Point,metro,2026-03-21,2026-03-21T05:30:33,6.8
QN0102,Old Astoria-Hallets Point,metro,2026-03-22,2026-03-22T05:30:33,6.6
QN0102,Old Astoria-Hallets Point,metro,2026-03-23,2026-03-23T05:30:33,2.7
QN0102,Old Astoria-Hallets Point,metro,2026-03-24,2026-03-24T05:30:33,7.8
QN0102,Old Astoria-Hallets Point,metro,2026-03-25,2026-03-25T05:30:33,7.6
QN0102,Old Astoria-Hallets Point,metro,2026-03-26,2026-03-26T05:30:33,8.1
QN0102,Old Astoria-Hallets Point,metro,2026-03-27,2026-03-27T05:30:33,6.8
QN0102,Old Astoria-Hallets Point,metro,2026-03-28,2026-03-28T05:30:33,7.7
QN0102,Old Astoria-Hallets Point,metro,2026-03-29,2026-03-29T05:30:33,7.3
QN0102,Old Astoria-Hallets Point,metro,2026-03-30,2026-03-30T05:30:33,8.5
QN0102,Old Astoria-Hallets Point,metro,2026-03-31,2026-03-31T05:30:32,5.9
QN0102,Old Astoria-Hallets Point,metro,2026-04-01,2026-04-01T05:30:32,7.5
QN0102,Old Astoria-Hallets Point,metro,2026-04-02,2026-04-02T05:30:32,5.4
QN0102,Old Astoria-Hallets Point,metro,2026-04-03,2026-04-03T05:30:33,9.1
QN0102,Old Astoria-Hallets Point,metro,2026-04-04,2026-04-04T05:30:33,9.4
QN0102,Old Astoria-Hallets Point,metro,2026-04-05,2026-04-05T05:30:32,6.5
QN0102,Old Astoria-Hallets Point,metro,2026-04-06,2026-04-06T05:30:33,10.2
QN0102,Old Astoria-Hallets Point,metro,2026-04-07,2026-04-07T05:30:33,10.1
QN0102,Old Astoria-Hallets Point,metro,2026-04-08,2026-04-08T05:30:33,9.2
QN0102,Old Astoria-Hallets Point,metro,2026-04-09,2026-04-09T05:30:33,9.3
QN0102,Old Astoria-Hallets Point,metro,2026-04-10,2026-04-10T05:30:33,10.4
QN0102,Old Astoria-Hallets Point,metro,2026-04-11,2026-04-11T05:30:32,11.2
QN0102,Old Astoria-Hallets Point,metro,2026-04-12,2026-04-12T05:30:31,10.1
QN0102,Old Astoria-Hallets Point,metro,2026-04-13,2026-04-13T05:30:30,10.7
QN0102,Old Astoria-Hallets Point,metro,2026-04-14,2026-04-14T05:30:30,11.8
QN0102,Old Astoria-Hallets Point,metro,2026-04-15,2026-04-15T05:30:32,11.7
QN0102,Old Astoria-Hallets Point,metro,2026-04-16,2026-04-16T05:30:33,11.7
QN0102,Old Astoria-Hallets Point,metro,2026-04-17,2026-04-17T05:30:33,11.6
QN0102,Old Astoria-Hallets Point,metro,2026-04-18,2026-04-18T05:30:32,11.3
QN0103,Astoria (Central),metro,2026-03-21,2026-03-21T05:30:33,6.8
QN0103,Astoria (Central),metro,2026-03-22,2026-03-22T05:30:33,6.6
QN0103,Astoria (Central),metro,2026-03-23,2026-03-23T05:30:33,2.7
QN0103,Astoria (Central),metro,2026-03-24,2026-03-24T05:30:33,7.8
QN0103,Astoria (Central),metro,2026-03-25,2026-03-25T05:30:33,7.6
QN0103,Astoria (Central),metro,2026-03-26,2026-03-26T05:30:33,8.1
QN0103,Astoria (Central),metro,2026-03-27,2026-03-27T05:30:33,6.8
QN0103,Astoria (Central),metro,2026-03-28,2026-03-28T05:30:33,7.7
QN0103,Astoria (Central),metro,2026-03-29,2026-03-29T05:30:33,7.3
QN0103,Astoria (Central),metro,2026-03-30,2026-03-30T05:30:33,8.5
QN0103,Astoria (Central),metro,2026-03-31,2026-03-31T05:30:32,5.9
QN0103,Astoria (Central),metro,2026-04-01,2026-04-01T05:30:32,7.5
QN0103,Astoria (Central),metro,2026-04-02,2026-04-02T05:30:32,5.4
QN0103,Astoria (Central),metro,2026-04-03,2026-04-03T05:30:33,9.1
QN0103,Astoria (Central),metro,2026-04-04,2026-04-04T05:30:33,9.4
QN0103,Astoria (Central),metro,2026-04-05,2026-04-05T05:30:32,6.5
QN0103,Astoria (Central),metro,2026-04-06,2026-04-06T05:30:33,10.2
QN0103,Astoria (Central),metro,2026-04-07,2026-04-07T05:30:33,10.1
QN0103,Astoria (Central),metro,2026-04-08,2026-04-08T05:30:33,9.2
QN0103,Astoria (Central),metro,2026-04-09,2026-04-09T05:30:33,9.3
QN0103,Astoria (Central),metro,2026-04-10,2026-04-10T05:30:33,10.4
QN0103,Astoria (Central),metro,2026-04-11,2026-04-11T05:30:32,11.2
QN0103,Astoria (Central),metro,2026-04-12,2026-04-12T05:30:31,10.1
QN0103,Astoria (Central),metro,2026-04-13,2026-04-13T05:30:30,10.7
QN0103,Astoria (Central),metro,2026-04-14,2026-04-14T05:30:30,11.8
QN0103,Astoria (Central),metro,2026-04-15,2026-04-15T05:30:32,11.7
QN0103,Astoria (Central),metro,2026-04-16,2026-04-16T05:30:33,11.7
QN0103,Astoria (Central),metro,2026-04-17,2026-04-17T05:30:33,11.6
QN0103,Astoria (Central),metro,2026-04-18,2026-04-18T05:30:32,11.3
QN0104,Astoria (East)-Woodside (North),metro,2026-03-21,2026-03-21T05:30:33,6.8
QN0104,Astoria (East)-Woodside (North),metro,2026-03-22,2026-03-22T05:30:33,6.6
QN0104,Astoria (East)-Woodside (North),metro,2026-03-23,2026-03-23T05:30:33,2.7
QN0104,Astoria (East)-Woodside (North),metro,2026-03-24,2026-03-24T05:30:33,7.8
QN0104,Astoria (East)-Woodside (North),metro,2026-03-25,2026-03-25T05:30:33,7.6
QN0104,Astoria (East)-Woodside (North),metro,2026-03-26,2026-03-26T05:30:33,8.1
QN0104,Astoria (East)-Woodside (North),metro,2026-03-27,2026-03-27T05:30:33,6.8
QN0104,Astoria (East)-Woodside (North),metro,2026-03-28,2026-03-28T05:30:33,7.7
QN0104,Astoria (East)-Woodside (North),metro,2026-03-29,2026-03-29T05:30:33,7.3
QN0104,Astoria (East)-Woodside (North),metro,2026-03-30,2026-03-30T05:30:33,8.5
QN0104,Astoria (East)-Woodside (North),metro,2026-03-31,2026-03-31T05:30:32,5.9
QN0104,Astoria (East)-Woodside (North),metro,2026-04-01,2026-04-01T05:30:32,7.5
QN0104,Astoria (East)-Woodside (North),metro,2026-04-02,2026-04-02T05:30:32,5.4
QN0104,Astoria (East)-Woodside (North),metro,2026-04-03,2026-04-03T05:30:33,9.1
QN0104,Astoria (East)-Woodside (North),metro,2026-04-04,2026-04-04T05:30:33,9.4
QN0104,Astoria (East)-Woodside (North),metro,2026-04-05,2026-04-05T05:30:32,6.5
QN0104,Astoria (East)-Woodside (North),metro,2026-04-06,2026-04-06T05:30:33,10.2
QN0104,Astoria (East)-Woodside (North),metro,2026-04-07,2026-04-07T05:30:33,10.1
QN0104,Astoria (East)-Woodside (North),metro,2026-04-08,2026-04-08T05:30:33,9.2
QN0104,Astoria (East)-Woodside (North),metro,2026-04-09,2026-04-09T05:30:33,9.3
QN0104,Astoria (East)-Woodside (North),metro,2026-04-10,2026-04-10T05:30:33,10.4
QN0104,Astoria (East)-Woodside (North),metro,2026-04-11,2026-04-11T05:30:32,11.2
QN0104,Astoria (East)-Woodside (North),metro,2026-04-12,2026-04-12T05:30:31,10.1
QN0104,Astoria (East)-Woodside (North),metro,2026-04-13,2026-04-13T05:30:30,10.7
QN0104,Astoria (East)-Woodside (North),metro,2026-04-14,2026-04-14T05:30:30,11.8
QN0104,Astoria (East)-Woodside (North),metro,2026-04-15,2026-04-15T05:30:32,11.7
QN0104,Astoria (East)-Woodside (North),metro,2026-04-16,2026-04-16T05:30:33,11.7
QN0104,Astoria (East)-Woodside (North),metro,2026-04-17,2026-04-17T05:30:33,11.6
QN0104,Astoria (East)-Woodside (North),metro,2026-04-18,2026-04-18T05:30:32,11.3
QN0105,Queensbridge-Ravenswood-Dutch Kills,metro,2026-03-21,2026-03-21T05:30:33,6.8
QN0105,Queensbridge-Ravenswood-Dutch Kills,metro,2026-03-22,2026-03-22T05:30:33,6.6
QN0105,Queensbridge-Ravenswood-Dutch Kills,metro,2026-03-23,2026-03-23T05:30:33,2.7
QN0105,Queensbridge-Ravenswood-Dutch Kills,metro,2026-03-24,2026-03-24T05:30:33,7.8
QN0105,Queensbridge-Ravenswood-Dutch Kills,metro,2026-03-25,2026-03-25T05:30:33,7.6
QN0105,Queensbridge-Ravenswood-Dutch Kills,metro,2026-03-26,2026-03-26T05:30:33,8.1
QN0105,Queensbridge-Ravenswood-Dutch Kills,metro,2026-03-27,2026-03-27T05:30:33,6.8
QN0105,Queensbridge-Ravenswood-Dutch Kills,metro,2026-03-28,2026-03-28T05:30:33,7.7
QN0105,Queensbridge-Ravenswood-Dutch Kills,metro,2026-03-29,2026-03-29T05:30:33,7.3
QN0105,Queensbridge-Ravenswood-Dutch Kills,metro,2026-03-30,2026-03-30T05:30:33,8.5
QN0105,Queensbridge-Ravenswood-Dutch Kills,metro,2026-03-31,2026-03-31T05:30:32,5.9
QN0105,Queensbridge-Ravenswood-Dutch Kills,metro,2026-04-01,2026-04-01T05:30:32,7.5
QN0105,Queensbridge-Ravenswood-Dutch Kills,metro,2026-04-02,2026-04-02T05:30:32,5.4
QN0105,Queensbridge-Ravenswood-Dutch Kills,metro,2026-04-03,2026-04-03T05:30:33,9.1
QN0105,Queensbridge-Ravenswood-Dutch Kills,metro,2026-04-04,2026-04-04T05:30:33,9.4
QN0105,Queensbridge-Ravenswood-Dutch Kills,metro,2026-04-05,2026-04-05T05:30:32,6.5
QN0105,Queensbridge-Ravenswood-Dutch Kills,metro,2026-04-06,2026-04-06T05:30:33,10.2
QN0105,Queensbridge-Ravenswood-Dutch Kills,metro,2026-04-07,2026-04-07T05:30:33,10.1
QN0105,Queensbridge-Ravenswood-Dutch Kills,metro,2026-04-08,2026-04-08T05:30:33,9.2
QN0105,Queensbridge-Ravenswood-Dutch Kills,metro,2026-04-09,2026-04-09T05:30:33,9.3
QN0105,Queensbridge-Ravenswood-Dutch Kills,metro,2026-04-10,2026-04-10T05:30:33,10.4
QN0105,Queensbridge-Ravenswood-Dutch Kills,metro,2026-04-11,2026-04-11T05:30:32,11.2
QN0105,Queensbridge-Ravenswood-Dutch Kills,metro,2026-04-12,2026-04-12T05:30:31,10.1
QN0105,Queensbridge-Ravenswood-Dutch Kills,metro,2026-04-13,2026-04-13T05:30:30,10.7
QN0105,Queensbridge-Ravenswood-Dutch Kills,metro,2026-04-14,2026-04-14T05:30:30,11.8
QN0105,Queensbridge-Ravenswood-Dutch Kills,metro,2026-04-15,2026-04-15T05:30:32,11.7
QN0105,Queensbridge-Ravenswood-Dutch Kills,metro,2026-04-16,2026-04-16T05:30:33,11.7
QN0105,Queensbridge-Ravenswood-Dutch Kills,metro,2026-04-17,2026-04-17T05:30:33,11.6
QN0105,Queensbridge-Ravenswood-Dutch Kills,metro,2026-04-18,2026-04-18T05:30:32,11.3
QN0151,Rikers Island,metro,2026-03-21,2026-03-21T05:30:33,6.8
QN0151,Rikers Island,metro,2026-03-22,2026-03-22T05:30:33,6.6
QN0151,Rikers Island,metro,2026-03-23,2026-03-23T05:30:33,2.7
QN0151,Rikers Island,metro,2026-03-24,2026-03-24T05:30:33,7.8
QN0151,Rikers Island,metro,2026-03-25,2026-03-25T05:30:33,7.6
QN0151,Rikers Island,metro,2026-03-26,2026-03-26T05:30:33,8.1
QN0151,Rikers Island,metro,2026-03-27,2026-03-27T05:30:33,6.8
QN0151,Rikers Island,metro,2026-03-28,2026-03-28T05:30:33,7.7
QN0151,Rikers Island,metro,2026-03-29,2026-03-29T05:30:33,7.3
QN0151,Rikers Island,metro,2026-03-30,2026-03-30T05:30:33,8.5
QN0151,Rikers Island,metro,2026-03-31,2026-03-31T05:30:32,5.9
QN0151,Rikers Island,metro,2026-04-01,2026-04-01T05:30:32,7.5
QN0151,Rikers Island,metro,2026-04-02,2026-04-02T05:30:32,5.4
QN0151,Rikers Island,metro,2026-04-03,2026-04-03T05:30:33,9.1
QN0151,Rikers Island,metro,2026-04-04,2026-04-04T05:30:33,9.4
QN0151,Rikers Island,metro,2026-04-05,2026-04-05T05:30:32,6.5
QN0151,Rikers Island,metro,2026-04-06,2026-04-06T05:30:33,10.2
QN0151,Rikers Island,metro,2026-04-07,2026-04-07T05:30:33,10.1
QN0151,Rikers Island,metro,2026-04-08,2026-04-08T05:30:33,9.2
QN0151,Rikers Island,metro,2026-04-09,2026-04-09T05:30:33,9.3
QN0151,Rikers Island,metro,2026-04-10,2026-04-10T05:30:33,10.4
QN0151,Rikers Island,metro,2026-04-11,2026-04-11T05:30:32,11.2
QN0151,Rikers Island,metro,2026-04-12,2026-04-12T05:30:31,10.1
QN0151,Rikers Island,metro,2026-04-13,2026-04-13T05:30:30,10.7
QN0151,Rikers Island,metro,2026-04-14,2026-04-14T05:30:30,11.8
QN0151,Rikers Island,metro,2026-04-15,2026-04-15T05:30:32,11.7
QN0151,Rikers Island,metro,2026-04-16,2026-04-16T05:30:33,11.7
QN0151,Rikers Island,metro,2026-04-17,2026-04-17T05:30:33,11.6
QN0151,Rikers Island,metro,2026-04-18,2026-04-18T05:30:32,11.3
QN0161,Sunnyside Yards (North),metro,2026-03-21,2026-03-21T05:30:33,6.8
QN0161,Sunnyside Yards (North),metro,2026-03-22,2026-03-22T05:30:33,6.6
QN0161,Sunnyside Yards (North),metro,2026-03-23,2026-03-23T05:30:33,2.7
QN0161,Sunnyside Yards (North),metro,2026-03-24,2026-03-24T05:30:33,7.8
QN0161,Sunnyside Yards (North),metro,2026-03-25,2026-03-25T05:30:33,7.6
QN0161,Sunnyside Yards (North),metro,2026-03-26,2026-03-26T05:30:33,8.1
QN0161,Sunnyside Yards (North),metro,2026-03-27,2026-03-27T05:30:33,6.8
QN0161,Sunnyside Yards (North),metro,2026-03-28,2026-03-28T05:30:33,7.7
QN0161,Sunnyside Yards (North),metro,2026-03-29,2026-03-29T05:30:33,7.3
QN0161,Sunnyside Yards (North),metro,2026-03-30,2026-03-30T05:30:33,8.5
QN0161,Sunnyside Yards (North),metro,2026-03-31,2026-03-31T05:30:32,5.9
QN0161,Sunnyside Yards (North),metro,2026-04-01,2026-04-01T05:30:32,7.5
QN0161,Sunnyside Yards (North),metro,2026-04-02,2026-04-02T05:30:32,5.4
QN0161,Sunnyside Yards (North),metro,2026-04-03,2026-04-03T05:30:33,9.1
QN0161,Sunnyside Yards (North),metro,2026-04-04,2026-04-04T05:30:33,9.4
QN0161,Sunnyside Yards (North),metro,2026-04-05,2026-04-05T05:30:32,6.5
QN0161,Sunnyside Yards (North),metro,2026-04-06,2026-04-06T05:30:33,10.2
QN0161,Sunnyside Yards (North),metro,2026-04-07,2026-04-07T05:30:33,10.1
QN0161,Sunnyside Yards (North),metro,2026-04-08,2026-04-08T05:30:33,9.2
QN0161,Sunnyside Yards (North),metro,2026-04-09,2026-04-09T05:30:33,9.3
QN0161,Sunnyside Yards (North),metro,2026-04-10,2026-04-10T05:30:33,10.4
QN0161,Sunnyside Yards (North),metro,2026-04-11,2026-04-11T05:30:32,11.2
QN0161,Sunnyside Yards (North),metro,2026-04-12,2026-04-12T05:30:31,10.1
QN0161,Sunnyside Yards (North),metro,2026-04-13,2026-04-13T05:30:30,10.7
QN0161,Sunnyside Yards (North),metro,2026-04-14,2026-04-14T05:30:30,11.8
QN0161,Sunnyside Yards (North),metro,2026-04-15,2026-04-15T05:30:32,11.7
QN0161,Sunnyside Yards (North),metro,2026-04-16,2026-04-16T05:30:33,11.7
QN0161,Sunnyside Yards (North),metro,2026-04-17,2026-04-17T05:30:33,11.6
QN0161,Sunnyside Yards (North),metro,2026-04-18,2026-04-18T05:30:32,11.3
QN0171,St. Michael's Cemetery,metro,2026-03-21,2026-03-21T05:30:33,6.8
QN0171,St. Michael's Cemetery,metro,2026-03-22,2026-03-22T05:30:33,6.6
QN0171,St. Michael's Cemetery,metro,2026-03-23,2026-03-23T05:30:33,2.7
QN0171,St. Michael's Cemetery,metro,2026-03-24,2026-03-24T05:30:33,7.8
QN0171,St. Michael's Cemetery,metro,2026-03-25,2026-03-25T05:30:33,7.6
QN0171,St. Michael's Cemetery,metro,2026-03-26,2026-03-26T05:30:33,8.1
QN0171,St. Michael's Cemetery,metro,2026-03-27,2026-03-27T05:30:33,6.8
QN0171,St. Michael's Cemetery,metro,2026-03-28,2026-03-28T05:30:33,7.7
QN0171,St. Michael's Cemetery,metro,2026-03-29,2026-03-29T05:30:33,7.3
QN0171,St. Michael's Cemetery,metro,2026-03-30,2026-03-30T05:30:33,8.5
QN0171,St. Michael's Cemetery,metro,2026-03-31,2026-03-31T05:30:32,5.9
QN0171,St. Michael's Cemetery,metro,2026-04-01,2026-04-01T05:30:32,7.5
QN0171,St. Michael's Cemetery,metro,2026-04-02,2026-04-02T05:30:32,5.4
QN0171,St. Michael's Cemetery,metro,2026-04-03,2026-04-03T05:30:33,9.1
QN0171,St. Michael's Cemetery,metro,2026-04-04,2026-04-04T05:30:33,9.4
QN0171,St. Michael's Cemetery,metro,2026-04-05,2026-04-05T05:30:32,6.5
QN0171,St. Michael's Cemetery,metro,2026-04-06,2026-04-06T05:30:33,10.2
QN0171,St. Michael's Cemetery,metro,2026-04-07,2026-04-07T05:30:33,10.1
QN0171,St. Michael's Cemetery,metro,2026-04-08,2026-04-08T05:30:33,9.2
QN0171,St. Michael's Cemetery,metro,2026-04-09,2026-04-09T05:30:33,9.3
QN0171,St. Michael's Cemetery,metro,2026-04-10,2026-04-10T05:30:33,10.4
QN0171,St. Michael's Cemetery,metro,2026-04-11,2026-04-11T05:30:32,11.2
QN0171,St. Michael's Cemetery,metro,2026-04-12,2026-04-12T05:30:31,10.1
QN0171,St. Michael's Cemetery,metro,2026-04-13,2026-04-13T05:30:30,10.7
QN0171,St. Michael's Cemetery,metro,2026-04-14,2026-04-14T05:30:30,11.8
QN0171,St. Michael's Cemetery,metro,2026-04-15,2026-04-15T05:30:32,11.7
QN0171,St. Michael's Cemetery,metro,2026-04-16,2026-04-16T05:30:33,11.7
QN0171,St. Michael's Cemetery,metro,2026-04-17,2026-04-17T05:30:33,11.6
QN0171,St. Michael's Cemetery,metro,2026-04-18,2026-04-18T05:30:32,11.3
QN0191,Astoria Park,metro,2026-03-21,2026-03-21T05:30:33,6.8
QN0191,Astoria Park,metro,2026-03-22,2026-03-22T05:30:33,6.6
QN0191,Astoria Park,metro,2026-03-23,2026-03-23T05:30:33,2.7
QN0191,Astoria Park,metro,2026-03-24,2026-03-24T05:30:33,7.8
QN0191,Astoria Park,metro,2026-03-25,2026-03-25T05:30:33,7.6
QN0191,Astoria Park,metro,2026-03-26,2026-03-26T05:30:33,8.1
QN0191,Astoria Park,metro,2026-03-27,2026-03-27T05:30:33,6.8
QN0191,Astoria Park,metro,2026-03-28,2026-03-28T05:30:33,7.7
QN0191,Astoria Park,metro,2026-03-29,2026-03-29T05:30:33,7.3
QN0191,Astoria Park,metro,2026-03-30,2026-03-30T05:30:33,8.5
QN0191,Astoria Park,metro,2026-03-31,2026-03-31T05:30:32,5.9
QN0191,Astoria Park,metro,2026-04-01,2026-04-01T05:30:32,7.5
QN0191,Astoria Park,metro,2026-04-02,2026-04-02T05:30:32,5.4
QN0191,Astoria Park,metro,2026-04-03,2026-04-03T05:30:33,9.1
QN0191,Astoria Park,metro,2026-04-04,2026-04-04T05:30:33,9.4
QN0191,Astoria Park,metro,2026-04-05,2026-04-05T05:30:32,6.5
QN0191,Astoria Park,metro,2026-04-06,2026-04-06T05:30:33,10.2
QN0191,Astoria Park,metro,2026-04-07,2026-04-07T05:30:33,10.1
QN0191,Astoria Park,metro,2026-04-08,2026-04-08T05:30:33,9.2
QN0191,Astoria Park,metro,2026-04-09,2026-04-09T05:30:33,9.3
QN0191,Astoria Park,metro,2026-04-10,2026-04-10T05:30:33,10.4
QN0191,Astoria Park,metro,2026-04-11,2026-04-11T05:30:32,11.2
QN0191,Astoria Park,metro,2026-04-12,2026-04-12T05:30:31,10.1
QN0191,Astoria Park,metro,2026-04-13,2026-04-13T05:30:30,10.7
QN0191,Astoria Park,metro,2026-04-14,2026-04-14T05:30:30,11.8
QN0191,Astoria Park,metro,2026-04-15,2026-04-15T05:30:32,11.7
QN0191,Astoria Park,metro,2026-04-16,2026-04-16T05:30:33,11.7
QN0191,Astoria Park,metro,2026-04-17,2026-04-17T05:30:33,11.6
QN0191,Astoria Park,metro,2026-04-18,2026-04-18T05:30:32,11.3
QN0201,Long Island City-Hunters Point,metro,2026-03-21,2026-03-21T05:30:33,6.8
QN0201,Long Island City-Hunters Point,metro,2026-03-22,2026-03-22T05:30:33,6.6
QN0201,Long Island City-Hunters Point,metro,2026-03-23,2026-03-23T05:30:33,2.7
QN0201,Long Island City-Hunters Point,metro,2026-03-24,2026-03-24T05:30:33,7.8
QN0201,Long Island City-Hunters Point,metro,2026-03-25,2026-03-25T05:30:33,7.6
QN0201,Long Island City-Hunters Point,metro,2026-03-26,2026-03-26T05:30:33,8.1
QN0201,Long Island City-Hunters Point,metro,2026-03-27,2026-03-27T05:30:33,6.8
QN0201,Long Island City-Hunters Point,metro,2026-03-28,2026-03-28T05:30:33,7.7
QN0201,Long Island City-Hunters Point,metro,2026-03-29,2026-03-29T05:30:33,7.3
QN0201,Long Island City-Hunters Point,metro,2026-03-30,2026-03-30T05:30:33,8.5
QN0201,Long Island City-Hunters Point,metro,2026-03-31,2026-03-31T05:30:32,5.9
QN0201,Long Island City-Hunters Point,metro,2026-04-01,2026-04-01T05:30:32,7.5
QN0201,Long Island City-Hunters Point,metro,2026-04-02,2026-04-02T05:30:32,5.4
QN0201,Long Island City-Hunters Point,metro,2026-04-03,2026-04-03T05:30:33,9.1
QN0201,Long Island City-Hunters Point,metro,2026-04-04,2026-04-04T05:30:33,9.4
QN0201,Long Island City-Hunters Point,metro,2026-04-05,2026-04-05T05:30:32,6.5
QN0201,Long Island City-Hunters Point,metro,2026-04-06,2026-04-06T05:30:33,10.2
QN0201,Long Island City-Hunters Point,metro,2026-04-07,2026-04-07T05:30:33,10.1
QN0201,Long Island City-Hunters Point,metro,2026-04-08,2026-04-08T05:30:33,9.2
QN0201,Long Island City-Hunters Point,metro,2026-04-09,2026-04-09T05:30:33,9.3
QN0201,Long Island City-Hunters Point,metro,2026-04-10,2026-04-10T05:30:33,10.4
QN0201,Long Island City-Hunters Point,metro,2026-04-11,2026-04-11T05:30:32,11.2
QN0201,Long Island City-Hunters Point,metro,2026-04-12,2026-04-12T05:30:31,10.1
QN0201,Long Island City-Hunters Point,metro,2026-04-13,2026-04-13T05:30:30,10.7
QN0201,Long Island City-Hunters Point,metro,2026-04-14,2026-04-14T05:30:30,11.8
QN0201,Long Island City-Hunters Point,metro,2026-04-15,2026-04-15T05:30:32,11.7
QN0201,Long Island City-Hunters Point,metro,2026-04-16,2026-04-16T05:30:33,11.7
QN0201,Long Island City-Hunters Point,metro,2026-04-17,2026-04-17T05:30:33,11.6
QN0201,Long Island City-Hunters Point,metro,2026-04-18,2026-04-18T05:30:32,11.3
QN0202,Sunnyside,metro,2026-03-21,2026-03-21T05:30:33,6.8
QN0202,Sunnyside,metro,2026-03-22,2026-03-22T05:30:33,6.6
QN0202,Sunnyside,metro,2026-03-23,2026-03-23T05:30:33,2.7
QN0202,Sunnyside,metro,2026-03-24,2026-03-24T05:30:33,7.8
QN0202,Sunnyside,metro,2026-03-25,2026-03-25T05:30:33,7.6
QN0202,Sunnyside,metro,2026-03-26,2026-03-26T05:30:33,8.1
QN0202,Sunnyside,metro,2026-03-27,2026-03-27T05:30:33,6.8
QN0202,Sunnyside,metro,2026-03-28,2026-03-28T05:30:33,7.7
QN0202,Sunnyside,metro,2026-03-29,2026-03-29T05:30:33,7.3
QN0202,Sunnyside,metro,2026-03-30,2026-03-30T05:30:33,8.5
QN0202,Sunnyside,metro,2026-03-31,2026-03-31T05:30:32,5.9
QN0202,Sunnyside,metro,2026-04-01,2026-04-01T05:30:32,7.5
QN0202,Sunnyside,metro,2026-04-02,2026-04-02T05:30:32,5.4
QN0202,Sunnyside,metro,2026-04-03,2026-04-03T05:30:33,9.1
QN0202,Sunnyside,metro,2026-04-04,2026-04-04T05:30:33,9.4
QN0202,Sunnyside,metro,2026-04-05,2026-04-05T05:30:32,6.5
QN0202,Sunnyside,metro,2026-04-06,2026-04-06T05:30:33,10.2
QN0202,Sunnyside,metro,2026-04-07,2026-04-07T05:30:33,10.1
QN0202,Sunnyside,metro,2026-04-08,2026-04-08T05:30:33,9.2
QN0202,Sunnyside,metro,2026-04-09,2026-04-09T05:30:33,9.3
QN0202,Sunnyside,metro,2026-04-10,2026-04-10T05:30:33,10.4
QN0202,Sunnyside,metro,2026-04-11,2026-04-11T05:30:32,11.2
QN0202,Sunnyside,metro,2026-04-12,2026-04-12T05:30:31,10.1
QN0202,Sunnyside,metro,2026-04-13,2026-04-13T05:30:30,10.7
QN0202,Sunnyside,metro,2026-04-14,2026-04-14T05:30:30,11.8
QN0202,Sunnyside,metro,2026-04-15,2026-04-15T05:30:32,11.7
QN0202,Sunnyside,metro,2026-04-16,2026-04-16T05:30:33,11.7
QN0202,Sunnyside,metro,2026-04-17,2026-04-17T05:30:33,11.6
QN0202,Sunnyside,metro,2026-04-18,2026-04-18T05:30:32,11.3
QN0203,Woodside,metro,2026-03-21,2026-03-21T05:30:33,6.8
QN0203,Woodside,metro,2026-03-22,2026-03-22T05:30:33,6.6
QN0203,Woodside,metro,2026-03-23,2026-03-23T05:30:33,2.7
QN0203,Woodside,metro,2026-03-24,2026-03-24T05:30:33,7.8
QN0203,Woodside,metro,2026-03-25,2026-03-25T05:30:33,7.6
QN0203,Woodside,metro,2026-03-26,2026-03-26T05:30:33,8.1
QN0203,Woodside,metro,2026-03-27,2026-03-27T05:30:33,6.8
QN0203,Woodside,metro,2026-03-28,2026-03-28T05:30:33,7.7
QN0203,Woodside,metro,2026-03-29,2026-03-29T05:30:33,7.3
QN0203,Woodside,metro,2026-03-30,2026-03-30T05:30:33,8.5
QN0203,Woodside,metro,2026-03-31,2026-03-31T05:30:32,5.9
QN0203,Woodside,metro,2026-04-01,2026-04-01T05:30:32,7.5
QN0203,Woodside,metro,2026-04-02,2026-04-02T05:30:32,5.4
QN0203,Woodside,metro,2026-04-03,2026-04-03T05:30:33,9.1
QN0203,Woodside,metro,2026-04-04,2026-04-04T05:30:33,9.4
QN0203,Woodside,metro,2026-04-05,2026-04-05T05:30:32,6.5
QN0203,Woodside,metro,2026-04-06,2026-04-06T05:30:33,10.2
QN0203,Woodside,metro,2026-04-07,2026-04-07T05:30:33,10.1
QN0203,Woodside,metro,2026-04-08,2026-04-08T05:30:33,9.2
QN0203,Woodside,metro,2026-04-09,2026-04-09T05:30:33,9.3
QN0203,Woodside,metro,2026-04-10,2026-04-10T05:30:33,10.4
QN0203,Woodside,metro,2026-04-11,2026-04-11T05:30:32,11.2
QN0203,Woodside,metro,2026-04-12,2026-04-12T05:30:31,10.1
QN0203,Woodside,metro,2026-04-13,2026-04-13T05:30:30,10.7
QN0203,Woodside,metro,2026-04-14,2026-04-14T05:30:30,11.8
QN0203,Woodside,metro,2026-04-15,2026-04-15T05:30:32,11.7
QN0203,Woodside,metro,2026-04-16,2026-04-16T05:30:33,11.7
QN0203,Woodside,metro,2026-04-17,2026-04-17T05:30:33,11.6
QN0203,Woodside,metro,2026-04-18,2026-04-18T05:30:32,11.3
QN0261,Sunnyside Yards (South),metro,2026-03-21,2026-03-21T05:30:33,6.8
QN0261,Sunnyside Yards (South),metro,2026-03-22,2026-03-22T05:30:33,6.6
QN0261,Sunnyside Yards (South),metro,2026-03-23,2026-03-23T05:30:33,2.7
QN0261,Sunnyside Yards (South),metro,2026-03-24,2026-03-24T05:30:33,7.8
QN0261,Sunnyside Yards (South),metro,2026-03-25,2026-03-25T05:30:33,7.6
QN0261,Sunnyside Yards (South),metro,2026-03-26,2026-03-26T05:30:33,8.1
QN0261,Sunnyside Yards (South),metro,2026-03-27,2026-03-27T05:30:33,6.8
QN0261,Sunnyside Yards (South),metro,2026-03-28,2026-03-28T05:30:33,7.7
QN0261,Sunnyside Yards (South),metro,2026-03-29,2026-03-29T05:30:33,7.3
QN0261,Sunnyside Yards (South),metro,2026-03-30,2026-03-30T05:30:33,8.5
QN0261,Sunnyside Yards (South),metro,2026-03-31,2026-03-31T05:30:32,5.9
QN0261,Sunnyside Yards (South),metro,2026-04-01,2026-04-01T05:30:32,7.5
QN0261,Sunnyside Yards (South),metro,2026-04-02,2026-04-02T05:30:32,5.4
QN0261,Sunnyside Yards (South),metro,2026-04-03,2026-04-03T05:30:33,9.1
QN0261,Sunnyside Yards (South),metro,2026-04-04,2026-04-04T05:30:33,9.4
QN0261,Sunnyside Yards (South),metro,2026-04-05,2026-04-05T05:30:32,6.5
QN0261,Sunnyside Yards (South),metro,2026-04-06,2026-04-06T05:30:33,10.2
QN0261,Sunnyside Yards (South),metro,2026-04-07,2026-04-07T05:30:33,10.1
QN0261,Sunnyside Yards (South),metro,2026-04-08,2026-04-08T05:30:33,9.2
QN0261,Sunnyside Yards (South),metro,2026-04-09,2026-04-09T05:30:33,9.3
QN0261,Sunnyside Yards (South),metro,2026-04-10,2026-04-10T05:30:33,10.4
QN0261,Sunnyside Yards (South),metro,2026-04-11,2026-04-11T05:30:32,11.2
QN0261,Sunnyside Yards (South),metro,2026-04-12,2026-04-12T05:30:31,10.1
QN0261,Sunnyside Yards (South),metro,2026-04-13,2026-04-13T05:30:30,10.7
QN0261,Sunnyside Yards (South),metro,2026-04-14,2026-04-14T05:30:30,11.8
QN0261,Sunnyside Yards (South),metro,2026-04-15,2026-04-15T05:30:32,11.7
QN0261,Sunnyside Yards (South),metro,2026-04-16,2026-04-16T05:30:33,11.7
QN0261,Sunnyside Yards (South),metro,2026-04-17,2026-04-17T05:30:33,11.6
QN0261,Sunnyside Yards (South),metro,2026-04-18,2026-04-18T05:30:32,11.3
QN0271,Calvary & Mount Zion Cemeteries,metro,2026-03-21,2026-03-21T05:30:33,6.8
QN0271,Calvary & Mount Zion Cemeteries,metro,2026-03-22,2026-03-22T05:30:33,6.6
QN0271,Calvary & Mount Zion Cemeteries,metro,2026-03-23,2026-03-23T05:30:33,2.7
QN0271,Calvary & Mount Zion Cemeteries,metro,2026-03-24,2026-03-24T05:30:33,7.8
QN0271,Calvary & Mount Zion Cemeteries,metro,2026-03-25,2026-03-25T05:30:33,7.6
QN0271,Calvary & Mount Zion Cemeteries,metro,2026-03-26,2026-03-26T05:30:33,8.1
QN0271,Calvary & Mount Zion Cemeteries,metro,2026-03-27,2026-03-27T05:30:33,6.8
QN0271,Calvary & Mount Zion Cemeteries,metro,2026-03-28,2026-03-28T05:30:33,7.7
QN0271,Calvary & Mount Zion Cemeteries,metro,2026-03-29,2026-03-29T05:30:33,7.3
QN0271,Calvary & Mount Zion Cemeteries,metro,2026-03-30,2026-03-30T05:30:33,8.5
QN0271,Calvary & Mount Zion Cemeteries,metro,2026-03-31,2026-03-31T05:30:32,5.9
QN0271,Calvary & Mount Zion Cemeteries,metro,2026-04-01,2026-04-01T05:30:32,7.5
QN0271,Calvary & Mount Zion Cemeteries,metro,2026-04-02,2026-04-02T05:30:32,5.4
QN0271,Calvary & Mount Zion Cemeteries,metro,2026-04-03,2026-04-03T05:30:33,9.1
QN0271,Calvary & Mount Zion Cemeteries,metro,2026-04-04,2026-04-04T05:30:33,9.4
QN0271,Calvary & Mount Zion Cemeteries,metro,2026-04-05,2026-04-05T05:30:32,6.5
QN0271,Calvary & Mount Zion Cemeteries,metro,2026-04-06,2026-04-06T05:30:33,10.2
QN0271,Calvary & Mount Zion Cemeteries,metro,2026-04-07,2026-04-07T05:30:33,10.1
QN0271,Calvary & Mount Zion Cemeteries,metro,2026-04-08,2026-04-08T05:30:33,9.2
QN0271,Calvary & Mount Zion Cemeteries,metro,2026-04-09,2026-04-09T05:30:33,9.3
QN0271,Calvary & Mount Zion Cemeteries,metro,2026-04-10,2026-04-10T05:30:33,10.4
QN0271,Calvary & Mount Zion Cemeteries,metro,2026-04-11,2026-04-11T05:30:32,11.2
QN0271,Calvary & Mount Zion Cemeteries,metro,2026-04-12,2026-04-12T05:30:31,10.1
QN0271,Calvary & Mount Zion Cemeteries,metro,2026-04-13,2026-04-13T05:30:30,10.7
QN0271,Calvary & Mount Zion Cemeteries,metro,2026-04-14,2026-04-14T05:30:30,11.8
QN0271,Calvary & Mount Zion Cemeteries,metro,2026-04-15,2026-04-15T05:30:32,11.7
QN0271,Calvary & Mount Zion Cemeteries,metro,2026-04-16,2026-04-16T05:30:33,11.7
QN0271,Calvary & Mount Zion Cemeteries,metro,2026-04-17,2026-04-17T05:30:33,11.6
QN0271,Calvary & Mount Zion Cemeteries,metro,2026-04-18,2026-04-18T05:30:32,11.3
QN0301,Jackson Heights,metro,2026-03-21,2026-03-21T05:30:33,6.8
QN0301,Jackson Heights,metro,2026-03-22,2026-03-22T05:30:33,6.6
QN0301,Jackson Heights,metro,2026-03-23,2026-03-23T05:30:33,2.7
QN0301,Jackson Heights,metro,2026-03-24,2026-03-24T05:30:33,7.8
QN0301,Jackson Heights,metro,2026-03-25,2026-03-25T05:30:33,7.6
QN0301,Jackson Heights,metro,2026-03-26,2026-03-26T05:30:33,8.1
QN0301,Jackson Heights,metro,2026-03-27,2026-03-27T05:30:33,6.8
QN0301,Jackson Heights,metro,2026-03-28,2026-03-28T05:30:33,7.7
QN0301,Jackson Heights,metro,2026-03-29,2026-03-29T05:30:33,7.3
QN0301,Jackson Heights,metro,2026-03-30,2026-03-30T05:30:33,8.5
QN0301,Jackson Heights,metro,2026-03-31,2026-03-31T05:30:32,5.9
QN0301,Jackson Heights,metro,2026-04-01,2026-04-01T05:30:32,7.5
QN0301,Jackson Heights,metro,2026-04-02,2026-04-02T05:30:32,5.4
QN0301,Jackson Heights,metro,2026-04-03,2026-04-03T05:30:33,9.1
QN0301,Jackson Heights,metro,2026-04-04,2026-04-04T05:30:33,9.4
QN0301,Jackson Heights,metro,2026-04-05,2026-04-05T05:30:32,6.5
QN0301,Jackson Heights,metro,2026-04-06,2026-04-06T05:30:33,10.2
QN0301,Jackson Heights,metro,2026-04-07,2026-04-07T05:30:33,10.1
QN0301,Jackson Heights,metro,2026-04-08,2026-04-08T05:30:33,9.2
QN0301,Jackson Heights,metro,2026-04-09,2026-04-09T05:30:33,9.3
QN0301,Jackson Heights,metro,2026-04-10,2026-04-10T05:30:33,10.4
QN0301,Jackson Heights,metro,2026-04-11,2026-04-11T05:30:32,11.2
QN0301,Jackson Heights,metro,2026-04-12,2026-04-12T05:30:31,10.1
QN0301,Jackson Heights,metro,2026-04-13,2026-04-13T05:30:30,10.7
QN0301,Jackson Heights,metro,2026-04-14,2026-04-14T05:30:30,11.8
QN0301,Jackson Heights,metro,2026-04-15,2026-04-15T05:30:32,11.7
QN0301,Jackson Heights,metro,2026-04-16,2026-04-16T05:30:33,11.7
QN0301,Jackson Heights,metro,2026-04-17,2026-04-17T05:30:33,11.6
QN0301,Jackson Heights,metro,2026-04-18,2026-04-18T05:30:32,11.3
QN0302,East Elmhurst,metro,2026-03-21,2026-03-21T05:30:33,6.8
QN0302,East Elmhurst,metro,2026-03-22,2026-03-22T05:30:33,6.6
QN0302,East Elmhurst,metro,2026-03-23,2026-03-23T05:30:33,2.7
QN0302,East Elmhurst,metro,2026-03-24,2026-03-24T05:30:33,7.8
QN0302,East Elmhurst,metro,2026-03-25,2026-03-25T05:30:33,7.6
QN0302,East Elmhurst,metro,2026-03-26,2026-03-26T05:30:33,8.1
QN0302,East Elmhurst,metro,2026-03-27,2026-03-27T05:30:33,6.8
QN0302,East Elmhurst,metro,2026-03-28,2026-03-28T05:30:33,7.7
QN0302,East Elmhurst,metro,2026-03-29,2026-03-29T05:30:33,7.3
QN0302,East Elmhurst,metro,2026-03-30,2026-03-30T05:30:33,8.5
QN0302,East Elmhurst,metro,2026-03-31,2026-03-31T05:30:32,5.9
QN0302,East Elmhurst,metro,2026-04-01,2026-04-01T05:30:32,7.5
QN0302,East Elmhurst,metro,2026-04-02,2026-04-02T05:30:32,5.4
QN0302,East Elmhurst,metro,2026-04-03,2026-04-03T05:30:33,9.1
QN0302,East Elmhurst,metro,2026-04-04,2026-04-04T05:30:33,9.4
QN0302,East Elmhurst,metro,2026-04-05,2026-04-05T05:30:32,6.5
QN0302,East Elmhurst,metro,2026-04-06,2026-04-06T05:30:33,10.2
QN0302,East Elmhurst,metro,2026-04-07,2026-04-07T05:30:33,10.1
QN0302,East Elmhurst,metro,2026-04-08,2026-04-08T05:30:33,9.2
QN0302,East Elmhurst,metro,2026-04-09,2026-04-09T05:30:33,9.3
QN0302,East Elmhurst,metro,2026-04-10,2026-04-10T05:30:33,10.4
QN0302,East Elmhurst,metro,2026-04-11,2026-04-11T05:30:32,11.2
QN0302,East Elmhurst,metro,2026-04-12,2026-04-12T05:30:31,10.1
QN0302,East Elmhurst,metro,2026-04-13,2026-04-13T05:30:30,10.7
QN0302,East Elmhurst,metro,2026-04-14,2026-04-14T05:30:30,11.8
QN0302,East Elmhurst,metro,2026-04-15,2026-04-15T05:30:32,11.7
QN0302,East Elmhurst,metro,2026-04-16,2026-04-16T05:30:33,11.7
QN0302,East Elmhurst,metro,2026-04-17,2026-04-17T05:30:33,11.6
QN0302,East Elmhurst,metro,2026-04-18,2026-04-18T05:30:32,11.3
QN0303,North Corona,metro,2026-03-21,2026-03-21T05:30:33,6.8
QN0303,North Corona,metro,2026-03-22,2026-03-22T05:30:33,6.6
QN0303,North Corona,metro,2026-03-23,2026-03-23T05:30:33,2.7
QN0303,North Corona,metro,2026-03-24,2026-03-24T05:30:33,7.8
QN0303,North Corona,metro,2026-03-25,2026-03-25T05:30:33,7.6
QN0303,North Corona,metro,2026-03-26,2026-03-26T05:30:33,8.1
QN0303,North Corona,metro,2026-03-27,2026-03-27T05:30:33,6.8
QN0303,North Corona,metro,2026-03-28,2026-03-28T05:30:33,7.7
QN0303,North Corona,metro,2026-03-29,2026-03-29T05:30:33,7.3
QN0303,North Corona,metro,2026-03-30,2026-03-30T05:30:33,8.5
QN0303,North Corona,metro,2026-03-31,2026-03-31T05:30:32,5.9
QN0303,North Corona,metro,2026-04-01,2026-04-01T05:30:32,7.5
QN0303,North Corona,metro,2026-04-02,2026-04-02T05:30:32,5.4
QN0303,North Corona,metro,2026-04-03,2026-04-03T05:30:33,9.1
QN0303,North Corona,metro,2026-04-04,2026-04-04T05:30:33,9.4
QN0303,North Corona,metro,2026-04-05,2026-04-05T05:30:32,6.5
QN0303,North Corona,metro,2026-04-06,2026-04-06T05:30:33,10.2
QN0303,North Corona,metro,2026-04-07,2026-04-07T05:30:33,10.1
QN0303,North Corona,metro,2026-04-08,2026-04-08T05:30:33,9.2
QN0303,North Corona,metro,2026-04-09,2026-04-09T05:30:33,9.3
QN0303,North Corona,metro,2026-04-10,2026-04-10T05:30:33,10.4
QN0303,North Corona,metro,2026-04-11,2026-04-11T05:30:32,11.2
QN0303,North Corona,metro,2026-04-12,2026-04-12T05:30:31,10.1
QN0303,North Corona,metro,2026-04-13,2026-04-13T05:30:30,10.7
QN0303,North Corona,metro,2026-04-14,2026-04-14T05:30:30,11.8
QN0303,North Corona,metro,2026-04-15,2026-04-15T05:30:32,11.7
QN0303,North Corona,metro,2026-04-16,2026-04-16T05:30:33,11.7
QN0303,North Corona,metro,2026-04-17,2026-04-17T05:30:33,11.6
QN0303,North Corona,metro,2026-04-18,2026-04-18T05:30:32,11.3
QN0401,Elmhurst,metro,2026-03-21,2026-03-21T05:30:33,6.8
QN0401,Elmhurst,metro,2026-03-22,2026-03-22T05:30:33,6.6
QN0401,Elmhurst,metro,2026-03-23,2026-03-23T05:30:33,2.7
QN0401,Elmhurst,metro,2026-03-24,2026-03-24T05:30:33,7.8
QN0401,Elmhurst,metro,2026-03-25,2026-03-25T05:30:33,7.6
QN0401,Elmhurst,metro,2026-03-26,2026-03-26T05:30:33,8.1
QN0401,Elmhurst,metro,2026-03-27,2026-03-27T05:30:33,6.8
QN0401,Elmhurst,metro,2026-03-28,2026-03-28T05:30:33,7.7
QN0401,Elmhurst,metro,2026-03-29,2026-03-29T05:30:33,7.3
QN0401,Elmhurst,metro,2026-03-30,2026-03-30T05:30:33,8.5
QN0401,Elmhurst,metro,2026-03-31,2026-03-31T05:30:32,5.9
QN0401,Elmhurst,metro,2026-04-01,2026-04-01T05:30:32,7.5
QN0401,Elmhurst,metro,2026-04-02,2026-04-02T05:30:32,5.4
QN0401,Elmhurst,metro,2026-04-03,2026-04-03T05:30:33,9.1
QN0401,Elmhurst,metro,2026-04-04,2026-04-04T05:30:33,9.4
QN0401,Elmhurst,metro,2026-04-05,2026-04-05T05:30:32,6.5
QN0401,Elmhurst,metro,2026-04-06,2026-04-06T05:30:33,10.2
QN0401,Elmhurst,metro,2026-04-07,2026-04-07T05:30:33,10.1
QN0401,Elmhurst,metro,2026-04-08,2026-04-08T05:30:33,9.2
QN0401,Elmhurst,metro,2026-04-09,2026-04-09T05:30:33,9.3
QN0401,Elmhurst,metro,2026-04-10,2026-04-10T05:30:33,10.4
QN0401,Elmhurst,metro,2026-04-11,2026-04-11T05:30:32,11.2
QN0401,Elmhurst,metro,2026-04-12,2026-04-12T05:30:31,10.1
QN0401,Elmhurst,metro,2026-04-13,2026-04-13T05:30:30,10.7
QN0401,Elmhurst,metro,2026-04-14,2026-04-14T05:30:30,11.8
QN0401,Elmhurst,metro,2026-04-15,2026-04-15T05:30:32,11.7
QN0401,Elmhurst,metro,2026-04-16,2026-04-16T05:30:33,11.7
QN0401,Elmhurst,metro,2026-04-17,2026-04-17T05:30:33,11.6
QN0401,Elmhurst,metro,2026-04-18,2026-04-18T05:30:32,11.3
QN0402,Corona,metro,2026-03-21,2026-03-21T05:30:33,6.8
QN0402,Corona,metro,2026-03-22,2026-03-22T05:30:33,6.6
QN0402,Corona,metro,2026-03-23,2026-03-23T05:30:33,2.7
QN0402,Corona,metro,2026-03-24,2026-03-24T05:30:33,7.8
QN0402,Corona,metro,2026-03-25,2026-03-25T05:30:33,7.6
QN0402,Corona,metro,2026-03-26,2026-03-26T05:30:33,8.1
QN0402,Corona,metro,2026-03-27,2026-03-27T05:30:33,6.8
QN0402,Corona,metro,2026-03-28,2026-03-28T05:30:33,7.7
QN0402,Corona,metro,2026-03-29,2026-03-29T05:30:33,7.3
QN0402,Corona,metro,2026-03-30,2026-03-30T05:30:33,8.5
QN0402,Corona,metro,2026-03-31,2026-03-31T05:30:32,5.9
QN0402,Corona,metro,2026-04-01,2026-04-01T05:30:32,7.5
QN0402,Corona,metro,2026-04-02,2026-04-02T05:30:32,5.4
QN0402,Corona,metro,2026-04-03,2026-04-03T05:30:33,9.1
QN0402,Corona,metro,2026-04-04,2026-04-04T05:30:33,9.4
QN0402,Corona,metro,2026-04-05,2026-04-05T05:30:32,6.5
QN0402,Corona,metro,2026-04-06,2026-04-06T05:30:33,10.2
QN0402,Corona,metro,2026-04-07,2026-04-07T05:30:33,10.1
QN0402,Corona,metro,2026-04-08,2026-04-08T05:30:33,9.2
QN0402,Corona,metro,2026-04-09,2026-04-09T05:30:33,9.3
QN0402,Corona,metro,2026-04-10,2026-04-10T05:30:33,10.4
QN0402,Corona,metro,2026-04-11,2026-04-11T05:30:32,11.2
QN0402,Corona,metro,2026-04-12,2026-04-12T05:30:31,10.1
QN0402,Corona,metro,2026-04-13,2026-04-13T05:30:30,10.7
QN0402,Corona,metro,2026-04-14,2026-04-14T05:30:30,11.8
QN0402,Corona,metro,2026-04-15,2026-04-15T05:30:32,11.7
QN0402,Corona,metro,2026-04-16,2026-04-16T05:30:33,11.7
QN0402,Corona,metro,2026-04-17,2026-04-17T05:30:33,11.6
QN0402,Corona,metro,2026-04-18,2026-04-18T05:30:32,11.3
QN0501,Maspeth,metro,2026-03-21,2026-03-21T05:30:33,6.8
QN0501,Maspeth,metro,2026-03-22,2026-03-22T05:30:33,6.6
QN0501,Maspeth,metro,2026-03-23,2026-03-23T05:30:33,2.7
QN0501,Maspeth,metro,2026-03-24,2026-03-24T05:30:33,7.8
QN0501,Maspeth,metro,2026-03-25,2026-03-25T05:30:33,7.6
QN0501,Maspeth,metro,2026-03-26,2026-03-26T05:30:33,8.1
QN0501,Maspeth,metro,2026-03-27,2026-03-27T05:30:33,6.8
QN0501,Maspeth,metro,2026-03-28,2026-03-28T05:30:33,7.7
QN0501,Maspeth,metro,2026-03-29,2026-03-29T05:30:33,7.3
QN0501,Maspeth,metro,2026-03-30,2026-03-30T05:30:33,8.5
QN0501,Maspeth,metro,2026-03-31,2026-03-31T05:30:32,5.9
QN0501,Maspeth,metro,2026-04-01,2026-04-01T05:30:32,7.5
QN0501,Maspeth,metro,2026-04-02,2026-04-02T05:30:32,5.4
QN0501,Maspeth,metro,2026-04-03,2026-04-03T05:30:33,9.1
QN0501,Maspeth,metro,2026-04-04,2026-04-04T05:30:33,9.4
QN0501,Maspeth,metro,2026-04-05,2026-04-05T05:30:32,6.5
QN0501,Maspeth,metro,2026-04-06,2026-04-06T05:30:33,10.2
QN0501,Maspeth,metro,2026-04-07,2026-04-07T05:30:33,10.1
QN0501,Maspeth,metro,2026-04-08,2026-04-08T05:30:33,9.2
QN0501,Maspeth,metro,2026-04-09,2026-04-09T05:30:33,9.3
QN0501,Maspeth,metro,2026-04-10,2026-04-10T05:30:33,10.4
QN0501,Maspeth,metro,2026-04-11,2026-04-11T05:30:32,11.2
QN0501,Maspeth,metro,2026-04-12,2026-04-12T05:30:31,10.1
QN0501,Maspeth,metro,2026-04-13,2026-04-13T05:30:30,10.7
QN0501,Maspeth,metro,2026-04-14,2026-04-14T05:30:30,11.8
QN0501,Maspeth,metro,2026-04-15,2026-04-15T05:30:32,11.7
QN0501,Maspeth,metro,2026-04-16,2026-04-16T05:30:33,11.7
QN0501,Maspeth,metro,2026-04-17,2026-04-17T05:30:33,11.6
QN0501,Maspeth,metro,2026-04-18,2026-04-18T05:30:32,11.3
QN0502,Ridgewood,metro,2026-03-21,2026-03-21T05:30:33,6.8
QN0502,Ridgewood,metro,2026-03-22,2026-03-22T05:30:33,6.6
QN0502,Ridgewood,metro,2026-03-23,2026-03-23T05:30:33,2.7
QN0502,Ridgewood,metro,2026-03-24,2026-03-24T05:30:33,7.8
QN0502,Ridgewood,metro,2026-03-25,2026-03-25T05:30:33,7.6
QN0502,Ridgewood,metro,2026-03-26,2026-03-26T05:30:33,8.1
QN0502,Ridgewood,metro,2026-03-27,2026-03-27T05:30:33,6.8
QN0502,Ridgewood,metro,2026-03-28,2026-03-28T05:30:33,7.7
QN0502,Ridgewood,metro,2026-03-29,2026-03-29T05:30:33,7.3
QN0502,Ridgewood,metro,2026-03-30,2026-03-30T05:30:33,8.5
QN0502,Ridgewood,metro,2026-03-31,2026-03-31T05:30:32,5.9
QN0502,Ridgewood,metro,2026-04-01,2026-04-01T05:30:32,7.5
QN0502,Ridgewood,metro,2026-04-02,2026-04-02T05:30:32,5.4
QN0502,Ridgewood,metro,2026-04-03,2026-04-03T05:30:33,9.1
QN0502,Ridgewood,metro,2026-04-04,2026-04-04T05:30:33,9.4
QN0502,Ridgewood,metro,2026-04-05,2026-04-05T05:30:32,6.5
QN0502,Ridgewood,metro,2026-04-06,2026-04-06T05:30:33,10.2
QN0502,Ridgewood,metro,2026-04-07,2026-04-07T05:30:33,10.1
QN0502,Ridgewood,metro,2026-04-08,2026-04-08T05:30:33,9.2
QN0502,Ridgewood,metro,2026-04-09,2026-04-09T05:30:33,9.3
QN0502,Ridgewood,metro,2026-04-10,2026-04-10T05:30:33,10.4
QN0502,Ridgewood,metro,2026-04-11,2026-04-11T05:30:32,11.2
QN0502,Ridgewood,metro,2026-04-12,2026-04-12T05:30:31,10.1
QN0502,Ridgewood,metro,2026-04-13,2026-04-13T05:30:30,10.7
QN0502,Ridgewood,metro,2026-04-14,2026-04-14T05:30:30,11.8
QN0502,Ridgewood,metro,2026-04-15,2026-04-15T05:30:32,11.7
QN0502,Ridgewood,metro,2026-04-16,2026-04-16T05:30:33,11.7
QN0502,Ridgewood,metro,2026-04-17,2026-04-17T05:30:33,11.6
QN0502,Ridgewood,metro,2026-04-18,2026-04-18T05:30:32,11.3
QN0503,Glendale,metro,2026-03-21,2026-03-21T05:30:33,6.8
QN0503,Glendale,metro,2026-03-22,2026-03-22T05:30:33,6.6
QN0503,Glendale,metro,2026-03-23,2026-03-23T05:30:33,2.7
QN0503,Glendale,metro,2026-03-24,2026-03-24T05:30:33,7.8
QN0503,Glendale,metro,2026-03-25,2026-03-25T05:30:33,7.6
QN0503,Glendale,metro,2026-03-26,2026-03-26T05:30:33,8.1
QN0503,Glendale,metro,2026-03-27,2026-03-27T05:30:33,6.8
QN0503,Glendale,metro,2026-03-28,2026-03-28T05:30:33,7.7
QN0503,Glendale,metro,2026-03-29,2026-03-29T05:30:33,7.3
QN0503,Glendale,metro,2026-03-30,2026-03-30T05:30:33,8.5
QN0503,Glendale,metro,2026-03-31,2026-03-31T05:30:32,5.9
QN0503,Glendale,metro,2026-04-01,2026-04-01T05:30:32,7.5
QN0503,Glendale,metro,2026-04-02,2026-04-02T05:30:32,5.4
QN0503,Glendale,metro,2026-04-03,2026-04-03T05:30:33,9.1
QN0503,Glendale,metro,2026-04-04,2026-04-04T05:30:33,9.4
QN0503,Glendale,metro,2026-04-05,2026-04-05T05:30:32,6.5
QN0503,Glendale,metro,2026-04-06,2026-04-06T05:30:33,10.2
QN0503,Glendale,metro,2026-04-07,2026-04-07T05:30:33,10.1
QN0503,Glendale,metro,2026-04-08,2026-04-08T05:30:33,9.2
QN0503,Glendale,metro,2026-04-09,2026-04-09T05:30:33,9.3
QN0503,Glendale,metro,2026-04-10,2026-04-10T05:30:33,10.4
QN0503,Glendale,metro,2026-04-11,2026-04-11T05:30:32,11.2
QN0503,Glendale,metro,2026-04-12,2026-04-12T05:30:31,10.1
QN0503,Glendale,metro,2026-04-13,2026-04-13T05:30:30,10.7
QN0503,Glendale,metro,2026-04-14,2026-04-14T05:30:30,11.8
QN0503,Glendale,metro,2026-04-15,2026-04-15T05:30:32,11.7
QN0503,Glendale,metro,2026-04-16,2026-04-16T05:30:33,11.7
QN0503,Glendale,metro,2026-04-17,2026-04-17T05:30:33,11.6
QN0503,Glendale,metro,2026-04-18,2026-04-18T05:30:32,11.3
QN0504,Middle Village,metro,2026-03-21,2026-03-21T05:30:33,6.8
QN0504,Middle Village,metro,2026-03-22,2026-03-22T05:30:33,6.6
QN0504,Middle Village,metro,2026-03-23,2026-03-23T05:30:33,2.7
QN0504,Middle Village,metro,2026-03-24,2026-03-24T05:30:33,7.8
QN0504,Middle Village,metro,2026-03-25,2026-03-25T05:30:33,7.6
QN0504,Middle Village,metro,2026-03-26,2026-03-26T05:30:33,8.1
QN0504,Middle Village,metro,2026-03-27,2026-03-27T05:30:33,6.8
QN0504,Middle Village,metro,2026-03-28,2026-03-28T05:30:33,7.7
QN0504,Middle Village,metro,2026-03-29,2026-03-29T05:30:33,7.3
QN0504,Middle Village,metro,2026-03-30,2026-03-30T05:30:33,8.5
QN0504,Middle Village,metro,2026-03-31,2026-03-31T05:30:32,5.9
QN0504,Middle Village,metro,2026-04-01,2026-04-01T05:30:32,7.5
QN0504,Middle Village,metro,2026-04-02,2026-04-02T05:30:32,5.4
QN0504,Middle Village,metro,2026-04-03,2026-04-03T05:30:33,9.1
QN0504,Middle Village,metro,2026-04-04,2026-04-04T05:30:33,9.4
QN0504,Middle Village,metro,2026-04-05,2026-04-05T05:30:32,6.5
QN0504,Middle Village,metro,2026-04-06,2026-04-06T05:30:33,10.2
QN0504,Middle Village,metro,2026-04-07,2026-04-07T05:30:33,10.1
QN0504,Middle Village,metro,2026-04-08,2026-04-08T05:30:33,9.2
QN0504,Middle Village,metro,2026-04-09,2026-04-09T05:30:33,9.3
QN0504,Middle Village,metro,2026-04-10,2026-04-10T05:30:33,10.4
QN0504,Middle Village,metro,2026-04-11,2026-04-11T05:30:32,11.2
QN0504,Middle Village,metro,2026-04-12,2026-04-12T05:30:31,10.1
QN0504,Middle Village,metro,2026-04-13,2026-04-13T05:30:30,10.7
QN0504,Middle Village,metro,2026-04-14,2026-04-14T05:30:30,11.8
QN0504,Middle Village,metro,2026-04-15,2026-04-15T05:30:32,11.7
QN0504,Middle Village,metro,2026-04-16,2026-04-16T05:30:33,11.7
QN0504,Middle Village,metro,2026-04-17,2026-04-17T05:30:33,11.6
QN0504,Middle Village,metro,2026-04-18,2026-04-18T05:30:32,11.3
QN0571,Mount Olivet & All Faiths Cemeteries,metro,2026-03-21,2026-03-21T05:30:33,6.8
QN0571,Mount Olivet & All Faiths Cemeteries,metro,2026-03-22,2026-03-22T05:30:33,6.6
QN0571,Mount Olivet & All Faiths Cemeteries,metro,2026-03-23,2026-03-23T05:30:33,2.7
QN0571,Mount Olivet & All Faiths Cemeteries,metro,2026-03-24,2026-03-24T05:30:33,7.8
QN0571,Mount Olivet & All Faiths Cemeteries,metro,2026-03-25,2026-03-25T05:30:33,7.6
QN0571,Mount Olivet & All Faiths Cemeteries,metro,2026-03-26,2026-03-26T05:30:33,8.1
QN0571,Mount Olivet & All Faiths Cemeteries,metro,2026-03-27,2026-03-27T05:30:33,6.8
QN0571,Mount Olivet & All Faiths Cemeteries,metro,2026-03-28,2026-03-28T05:30:33,7.7
QN0571,Mount Olivet & All Faiths Cemeteries,metro,2026-03-29,2026-03-29T05:30:33,7.3
QN0571,Mount Olivet & All Faiths Cemeteries,metro,2026-03-30,2026-03-30T05:30:33,8.5
QN0571,Mount Olivet & All Faiths Cemeteries,metro,2026-03-31,2026-03-31T05:30:32,5.9
QN0571,Mount Olivet & All Faiths Cemeteries,metro,2026-04-01,2026-04-01T05:30:32,7.5
QN0571,Mount Olivet & All Faiths Cemeteries,metro,2026-04-02,2026-04-02T05:30:32,5.4
QN0571,Mount Olivet & All Faiths Cemeteries,metro,2026-04-03,2026-04-03T05:30:33,9.1
QN0571,Mount Olivet & All Faiths Cemeteries,metro,2026-04-04,2026-04-04T05:30:33,9.4
QN0571,Mount Olivet & All Faiths Cemeteries,metro,2026-04-05,2026-04-05T05:30:32,6.5
QN0571,Mount Olivet & All Faiths Cemeteries,metro,2026-04-06,2026-04-06T05:30:33,10.2
QN0571,Mount Olivet & All Faiths Cemeteries,metro,2026-04-07,2026-04-07T05:30:33,10.1
QN0571,Mount Olivet & All Faiths Cemeteries,metro,2026-04-08,2026-04-08T05:30:33,9.2
QN0571,Mount Olivet & All Faiths Cemeteries,metro,2026-04-09,2026-04-09T05:30:33,9.3
QN0571,Mount Olivet & All Faiths Cemeteries,metro,2026-04-10,2026-04-10T05:30:33,10.4
QN0571,Mount Olivet & All Faiths Cemeteries,metro,2026-04-11,2026-04-11T05:30:32,11.2
QN0571,Mount Olivet & All Faiths Cemeteries,metro,2026-04-12,2026-04-12T05:30:31,10.1
QN0571,Mount Olivet & All Faiths Cemeteries,metro,2026-04-13,2026-04-13T05:30:30,10.7
QN0571,Mount Olivet & All Faiths Cemeteries,metro,2026-04-14,2026-04-14T05:30:30,11.8
QN0571,Mount Olivet & All Faiths Cemeteries,metro,2026-04-15,2026-04-15T05:30:32,11.7
QN0571,Mount Olivet & All Faiths Cemeteries,metro,2026-04-16,2026-04-16T05:30:33,11.7
QN0571,Mount Olivet & All Faiths Cemeteries,metro,2026-04-17,2026-04-17T05:30:33,11.6
QN0571,Mount Olivet & All Faiths Cemeteries,metro,2026-04-18,2026-04-18T05:30:32,11.3
QN0572,Middle Village Cemetery,metro,2026-03-21,2026-03-21T05:30:33,6.8
QN0572,Middle Village Cemetery,metro,2026-03-22,2026-03-22T05:30:33,6.6
QN0572,Middle Village Cemetery,metro,2026-03-23,2026-03-23T05:30:33,2.7
QN0572,Middle Village Cemetery,metro,2026-03-24,2026-03-24T05:30:33,7.8
QN0572,Middle Village Cemetery,metro,2026-03-25,2026-03-25T05:30:33,7.6
QN0572,Middle Village Cemetery,metro,2026-03-26,2026-03-26T05:30:33,8.1
QN0572,Middle Village Cemetery,metro,2026-03-27,2026-03-27T05:30:33,6.8
QN0572,Middle Village Cemetery,metro,2026-03-28,2026-03-28T05:30:33,7.7
QN0572,Middle Village Cemetery,metro,2026-03-29,2026-03-29T05:30:33,7.3
QN0572,Middle Village Cemetery,metro,2026-03-30,2026-03-30T05:30:33,8.5
QN0572,Middle Village Cemetery,metro,2026-03-31,2026-03-31T05:30:32,5.9
QN0572,Middle Village Cemetery,metro,2026-04-01,2026-04-01T05:30:32,7.5
QN0572,Middle Village Cemetery,metro,2026-04-02,2026-04-02T05:30:32,5.4
QN0572,Middle Village Cemetery,metro,2026-04-03,2026-04-03T05:30:33,9.1
QN0572,Middle Village Cemetery,metro,2026-04-04,2026-04-04T05:30:33,9.4
QN0572,Middle Village Cemetery,metro,2026-04-05,2026-04-05T05:30:32,6.5
QN0572,Middle Village Cemetery,metro,2026-04-06,2026-04-06T05:30:33,10.2
QN0572,Middle Village Cemetery,metro,2026-04-07,2026-04-07T05:30:33,10.1
QN0572,Middle Village Cemetery,metro,2026-04-08,2026-04-08T05:30:33,9.2
QN0572,Middle Village Cemetery,metro,2026-04-09,2026-04-09T05:30:33,9.3
QN0572,Middle Village Cemetery,metro,2026-04-10,2026-04-10T05:30:33,10.4
QN0572,Middle Village Cemetery,metro,2026-04-11,2026-04-11T05:30:32,11.2
QN0572,Middle Village Cemetery,metro,2026-04-12,2026-04-12T05:30:31,10.1
QN0572,Middle Village Cemetery,metro,2026-04-13,2026-04-13T05:30:30,10.7
QN0572,Middle Village Cemetery,metro,2026-04-14,2026-04-14T05:30:30,11.8
QN0572,Middle Village Cemetery,metro,2026-04-15,2026-04-15T05:30:32,11.7
QN0572,Middle Village Cemetery,metro,2026-04-16,2026-04-16T05:30:33,11.7
QN0572,Middle Village Cemetery,metro,2026-04-17,2026-04-17T05:30:33,11.6
QN0572,Middle Village Cemetery,metro,2026-04-18,2026-04-18T05:30:32,11.3
QN0573,St. John Cemetery,metro,2026-03-21,2026-03-21T05:30:33,6.8
QN0573,St. John Cemetery,metro,2026-03-22,2026-03-22T05:30:33,6.6
QN0573,St. John Cemetery,metro,2026-03-23,2026-03-23T05:30:33,2.7
QN0573,St. John Cemetery,metro,2026-03-24,2026-03-24T05:30:33,7.8
QN0573,St. John Cemetery,metro,2026-03-25,2026-03-25T05:30:33,7.6
QN0573,St. John Cemetery,metro,2026-03-26,2026-03-26T05:30:33,8.1
QN0573,St. John Cemetery,metro,2026-03-27,2026-03-27T05:30:33,6.8
QN0573,St. John Cemetery,metro,2026-03-28,2026-03-28T05:30:33,7.7
QN0573,St. John Cemetery,metro,2026-03-29,2026-03-29T05:30:33,7.3
QN0573,St. John Cemetery,metro,2026-03-30,2026-03-30T05:30:33,8.5
QN0573,St. John Cemetery,metro,2026-03-31,2026-03-31T05:30:32,5.9
QN0573,St. John Cemetery,metro,2026-04-01,2026-04-01T05:30:32,7.5
QN0573,St. John Cemetery,metro,2026-04-02,2026-04-02T05:30:32,5.4
QN0573,St. John Cemetery,metro,2026-04-03,2026-04-03T05:30:33,9.1
QN0573,St. John Cemetery,metro,2026-04-04,2026-04-04T05:30:33,9.4
QN0573,St. John Cemetery,metro,2026-04-05,2026-04-05T05:30:32,6.5
QN0573,St. John Cemetery,metro,2026-04-06,2026-04-06T05:30:33,10.2
QN0573,St. John Cemetery,metro,2026-04-07,2026-04-07T05:30:33,10.1
QN0573,St. John Cemetery,metro,2026-04-08,2026-04-08T05:30:33,9.2
QN0573,St. John Cemetery,metro,2026-04-09,2026-04-09T05:30:33,9.3
QN0573,St. John Cemetery,metro,2026-04-10,2026-04-10T05:30:33,10.4
QN0573,St. John Cemetery,metro,2026-04-11,2026-04-11T05:30:32,11.2
QN0573,St. John Cemetery,metro,2026-04-12,2026-04-12T05:30:31,10.1
QN0573,St. John Cemetery,metro,2026-04-13,2026-04-13T05:30:30,10.7
QN0573,St. John Cemetery,metro,2026-04-14,2026-04-14T05:30:30,11.8
QN0573,St. John Cemetery,metro,2026-04-15,2026-04-15T05:30:32,11.7
QN0573,St. John Cemetery,metro,2026-04-16,2026-04-16T05:30:33,11.7
QN0573,St. John Cemetery,metro,2026-04-17,2026-04-17T05:30:33,11.6
QN0573,St. John Cemetery,metro,2026-04-18,2026-04-18T05:30:32,11.3
QN0574,Highland Park-Cypress Hills Cemeteries (North),metro,2026-03-21,2026-03-21T05:30:33,6.8
QN0574,Highland Park-Cypress Hills Cemeteries (North),metro,2026-03-22,2026-03-22T05:30:33,6.6
QN0574,Highland Park-Cypress Hills Cemeteries (North),metro,2026-03-23,2026-03-23T05:30:33,2.7
QN0574,Highland Park-Cypress Hills Cemeteries (North),metro,2026-03-24,2026-03-24T05:30:33,7.8
QN0574,Highland Park-Cypress Hills Cemeteries (North),metro,2026-03-25,2026-03-25T05:30:33,7.6
QN0574,Highland Park-Cypress Hills Cemeteries (North),metro,2026-03-26,2026-03-26T05:30:33,8.1
QN0574,Highland Park-Cypress Hills Cemeteries (North),metro,2026-03-27,2026-03-27T05:30:33,6.8
QN0574,Highland Park-Cypress Hills Cemeteries (North),metro,2026-03-28,2026-03-28T05:30:33,7.7
QN0574,Highland Park-Cypress Hills Cemeteries (North),metro,2026-03-29,2026-03-29T05:30:33,7.3
QN0574,Highland Park-Cypress Hills Cemeteries (North),metro,2026-03-30,2026-03-30T05:30:33,8.5
QN0574,Highland Park-Cypress Hills Cemeteries (North),metro,2026-03-31,2026-03-31T05:30:32,5.9
QN0574,Highland Park-Cypress Hills Cemeteries (North),metro,2026-04-01,2026-04-01T05:30:32,7.5
QN0574,Highland Park-Cypress Hills Cemeteries (North),metro,2026-04-02,2026-04-02T05:30:32,5.4
QN0574,Highland Park-Cypress Hills Cemeteries (North),metro,2026-04-03,2026-04-03T05:30:33,9.1
QN0574,Highland Park-Cypress Hills Cemeteries (North),metro,2026-04-04,2026-04-04T05:30:33,9.4
QN0574,Highland Park-Cypress Hills Cemeteries (North),metro,2026-04-05,2026-04-05T05:30:32,6.5
QN0574,Highland Park-Cypress Hills Cemeteries (North),metro,2026-04-06,2026-04-06T05:30:33,10.2
QN0574,Highland Park-Cypress Hills Cemeteries (North),metro,2026-04-07,2026-04-07T05:30:33,10.1
QN0574,Highland Park-Cypress Hills Cemeteries (North),metro,2026-04-08,2026-04-08T05:30:33,9.2
QN0574,Highland Park-Cypress Hills Cemeteries (North),metro,2026-04-09,2026-04-09T05:30:33,9.3
QN0574,Highland Park-Cypress Hills Cemeteries (North),metro,2026-04-10,2026-04-10T05:30:33,10.4
QN0574,Highland Park-Cypress Hills Cemeteries (North),metro,2026-04-11,2026-04-11T05:30:32,11.2
QN0574,Highland Park-Cypress Hills Cemeteries (North),metro,2026-04-12,2026-04-12T05:30:31,10.1
QN0574,Highland Park-Cypress Hills Cemeteries (North),metro,2026-04-13,2026-04-13T05:30:30,10.7
QN0574,Highland Park-Cypress Hills Cemeteries (North),metro,2026-04-14,2026-04-14T05:30:30,11.8
QN0574,Highland Park-Cypress Hills Cemeteries (North),metro,2026-04-15,2026-04-15T05:30:32,11.7
QN0574,Highland Park-Cypress Hills Cemeteries (North),metro,2026-04-16,2026-04-16T05:30:33,11.7
QN0574,Highland Park-Cypress Hills Cemeteries (North),metro,2026-04-17,2026-04-17T05:30:33,11.6
QN0574,Highland Park-Cypress Hills Cemeteries (North),metro,2026-04-18,2026-04-18T05:30:32,11.3
QN0601,Rego Park,metro,2026-03-21,2026-03-21T05:30:33,6.8
QN0601,Rego Park,metro,2026-03-22,2026-03-22T05:30:33,6.6
QN0601,Rego Park,metro,2026-03-23,2026-03-23T05:30:33,2.7
QN0601,Rego Park,metro,2026-03-24,2026-03-24T05:30:33,7.8
QN0601,Rego Park,metro,2026-03-25,2026-03-25T05:30:33,7.6
QN0601,Rego Park,metro,2026-03-26,2026-03-26T05:30:33,8.1
QN0601,Rego Park,metro,2026-03-27,2026-03-27T05:30:33,6.8
QN0601,Rego Park,metro,2026-03-28,2026-03-28T05:30:33,7.7
QN0601,Rego Park,metro,2026-03-29,2026-03-29T05:30:33,7.3
QN0601,Rego Park,metro,2026-03-30,2026-03-30T05:30:33,8.5
QN0601,Rego Park,metro,2026-03-31,2026-03-31T05:30:32,5.9
QN0601,Rego Park,metro,2026-04-01,2026-04-01T05:30:32,7.5
QN0601,Rego Park,metro,2026-04-02,2026-04-02T05:30:32,5.4
QN0601,Rego Park,metro,2026-04-03,2026-04-03T05:30:33,9.1
QN0601,Rego Park,metro,2026-04-04,2026-04-04T05:30:33,9.4
QN0601,Rego Park,metro,2026-04-05,2026-04-05T05:30:32,6.5
QN0601,Rego Park,metro,2026-04-06,2026-04-06T05:30:33,10.2
QN0601,Rego Park,metro,2026-04-07,2026-04-07T05:30:33,10.1
QN0601,Rego Park,metro,2026-04-08,2026-04-08T05:30:33,9.2
QN0601,Rego Park,metro,2026-04-09,2026-04-09T05:30:33,9.3
QN0601,Rego Park,metro,2026-04-10,2026-04-10T05:30:33,10.4
QN0601,Rego Park,metro,2026-04-11,2026-04-11T05:30:32,11.2
QN0601,Rego Park,metro,2026-04-12,2026-04-12T05:30:31,10.1
QN0601,Rego Park,metro,2026-04-13,2026-04-13T05:30:30,10.7
QN0601,Rego Park,metro,2026-04-14,2026-04-14T05:30:30,11.8
QN0601,Rego Park,metro,2026-04-15,2026-04-15T05:30:32,11.7
QN0601,Rego Park,metro,2026-04-16,2026-04-16T05:30:33,11.7
QN0601,Rego Park,metro,2026-04-17,2026-04-17T05:30:33,11.6
QN0601,Rego Park,metro,2026-04-18,2026-04-18T05:30:32,11.3
QN0602,Forest Hills,metro,2026-03-21,2026-03-21T05:30:33,6.8
QN0602,Forest Hills,metro,2026-03-22,2026-03-22T05:30:33,6.6
QN0602,Forest Hills,metro,2026-03-23,2026-03-23T05:30:33,2.7
QN0602,Forest Hills,metro,2026-03-24,2026-03-24T05:30:33,7.8
QN0602,Forest Hills,metro,2026-03-25,2026-03-25T05:30:33,7.6
QN0602,Forest Hills,metro,2026-03-26,2026-03-26T05:30:33,8.1
QN0602,Forest Hills,metro,2026-03-27,2026-03-27T05:30:33,6.8
QN0602,Forest Hills,metro,2026-03-28,2026-03-28T05:30:33,7.7
QN0602,Forest Hills,metro,2026-03-29,2026-03-29T05:30:33,7.3
QN0602,Forest Hills,metro,2026-03-30,2026-03-30T05:30:33,8.5
QN0602,Forest Hills,metro,2026-03-31,2026-03-31T05:30:32,5.9
QN0602,Forest Hills,metro,2026-04-01,2026-04-01T05:30:32,7.5
QN0602,Forest Hills,metro,2026-04-02,2026-04-02T05:30:32,5.4
QN0602,Forest Hills,metro,2026-04-03,2026-04-03T05:30:33,9.1
QN0602,Forest Hills,metro,2026-04-04,2026-04-04T05:30:33,9.4
QN0602,Forest Hills,metro,2026-04-05,2026-04-05T05:30:32,6.5
QN0602,Forest Hills,metro,2026-04-06,2026-04-06T05:30:33,10.2
QN0602,Forest Hills,metro,2026-04-07,2026-04-07T05:30:33,10.1
QN0602,Forest Hills,metro,2026-04-08,2026-04-08T05:30:33,9.2
QN0602,Forest Hills,metro,2026-04-09,2026-04-09T05:30:33,9.3
QN0602,Forest Hills,metro,2026-04-10,2026-04-10T05:30:33,10.4
QN0602,Forest Hills,metro,2026-04-11,2026-04-11T05:30:32,11.2
QN0602,Forest Hills,metro,2026-04-12,2026-04-12T05:30:31,10.1
QN0602,Forest Hills,metro,2026-04-13,2026-04-13T05:30:30,10.7
QN0602,Forest Hills,metro,2026-04-14,2026-04-14T05:30:30,11.8
QN0602,Forest Hills,metro,2026-04-15,2026-04-15T05:30:32,11.7
QN0602,Forest Hills,metro,2026-04-16,2026-04-16T05:30:33,11.7
QN0602,Forest Hills,metro,2026-04-17,2026-04-17T05:30:33,11.6
QN0602,Forest Hills,metro,2026-04-18,2026-04-18T05:30:32,11.3
QN0701,College Point,metro,2026-03-21,2026-03-21T05:30:33,6.8
QN0701,College Point,metro,2026-03-22,2026-03-22T05:30:33,6.6
QN0701,College Point,metro,2026-03-23,2026-03-23T05:30:33,2.7
QN0701,College Point,metro,2026-03-24,2026-03-24T05:30:33,7.8
QN0701,College Point,metro,2026-03-25,2026-03-25T05:30:33,7.6
QN0701,College Point,metro,2026-03-26,2026-03-26T05:30:33,8.1
QN0701,College Point,metro,2026-03-27,2026-03-27T05:30:33,6.8
QN0701,College Point,metro,2026-03-28,2026-03-28T05:30:33,7.7
QN0701,College Point,metro,2026-03-29,2026-03-29T05:30:33,7.3
QN0701,College Point,metro,2026-03-30,2026-03-30T05:30:33,8.5
QN0701,College Point,metro,2026-03-31,2026-03-31T05:30:32,5.9
QN0701,College Point,metro,2026-04-01,2026-04-01T05:30:32,7.5
QN0701,College Point,metro,2026-04-02,2026-04-02T05:30:32,5.4
QN0701,College Point,metro,2026-04-03,2026-04-03T05:30:33,9.1
QN0701,College Point,metro,2026-04-04,2026-04-04T05:30:33,9.4
QN0701,College Point,metro,2026-04-05,2026-04-05T05:30:32,6.5
QN0701,College Point,metro,2026-04-06,2026-04-06T05:30:33,10.2
QN0701,College Point,metro,2026-04-07,2026-04-07T05:30:33,10.1
QN0701,College Point,metro,2026-04-08,2026-04-08T05:30:33,9.2
QN0701,College Point,metro,2026-04-09,2026-04-09T05:30:33,9.3
QN0701,College Point,metro,2026-04-10,2026-04-10T05:30:33,10.4
QN0701,College Point,metro,2026-04-11,2026-04-11T05:30:32,11.2
QN0701,College Point,metro,2026-04-12,2026-04-12T05:30:31,10.1
QN0701,College Point,metro,2026-04-13,2026-04-13T05:30:30,10.7
QN0701,College Point,metro,2026-04-14,2026-04-14T05:30:30,11.8
QN0701,College Point,metro,2026-04-15,2026-04-15T05:30:32,11.7
QN0701,College Point,metro,2026-04-16,2026-04-16T05:30:33,11.7
QN0701,College Point,metro,2026-04-17,2026-04-17T05:30:33,11.6
QN0701,College Point,metro,2026-04-18,2026-04-18T05:30:32,11.3
QN0702,Whitestone-Beechhurst,metro,2026-03-21,2026-03-21T05:30:33,6.8
QN0702,Whitestone-Beechhurst,metro,2026-03-22,2026-03-22T05:30:33,6.6
QN0702,Whitestone-Beechhurst,metro,2026-03-23,2026-03-23T05:30:33,2.7
QN0702,Whitestone-Beechhurst,metro,2026-03-24,2026-03-24T05:30:33,7.8
QN0702,Whitestone-Beechhurst,metro,2026-03-25,2026-03-25T05:30:33,7.6
QN0702,Whitestone-Beechhurst,metro,2026-03-26,2026-03-26T05:30:33,8.1
QN0702,Whitestone-Beechhurst,metro,2026-03-27,2026-03-27T05:30:33,6.8
QN0702,Whitestone-Beechhurst,metro,2026-03-28,2026-03-28T05:30:33,7.7
QN0702,Whitestone-Beechhurst,metro,2026-03-29,2026-03-29T05:30:33,7.3
QN0702,Whitestone-Beechhurst,metro,2026-03-30,2026-03-30T05:30:33,8.5
QN0702,Whitestone-Beechhurst,metro,2026-03-31,2026-03-31T05:30:32,5.9
QN0702,Whitestone-Beechhurst,metro,2026-04-01,2026-04-01T05:30:32,7.5
QN0702,Whitestone-Beechhurst,metro,2026-04-02,2026-04-02T05:30:32,5.4
QN0702,Whitestone-Beechhurst,metro,2026-04-03,2026-04-03T05:30:33,9.1
QN0702,Whitestone-Beechhurst,metro,2026-04-04,2026-04-04T05:30:33,9.4
QN0702,Whitestone-Beechhurst,metro,2026-04-05,2026-04-05T05:30:32,6.5
QN0702,Whitestone-Beechhurst,metro,2026-04-06,2026-04-06T05:30:33,10.2
QN0702,Whitestone-Beechhurst,metro,2026-04-07,2026-04-07T05:30:33,10.1
QN0702,Whitestone-Beechhurst,metro,2026-04-08,2026-04-08T05:30:33,9.2
QN0702,Whitestone-Beechhurst,metro,2026-04-09,2026-04-09T05:30:33,9.3
QN0702,Whitestone-Beechhurst,metro,2026-04-10,2026-04-10T05:30:33,10.4
QN0702,Whitestone-Beechhurst,metro,2026-04-11,2026-04-11T05:30:32,11.2
QN0702,Whitestone-Beechhurst,metro,2026-04-12,2026-04-12T05:30:31,10.1
QN0702,Whitestone-Beechhurst,metro,2026-04-13,2026-04-13T05:30:30,10.7
QN0702,Whitestone-Beechhurst,metro,2026-04-14,2026-04-14T05:30:30,11.8
QN0702,Whitestone-Beechhurst,metro,2026-04-15,2026-04-15T05:30:32,11.7
QN0702,Whitestone-Beechhurst,metro,2026-04-16,2026-04-16T05:30:33,11.7
QN0702,Whitestone-Beechhurst,metro,2026-04-17,2026-04-17T05:30:33,11.6
QN0702,Whitestone-Beechhurst,metro,2026-04-18,2026-04-18T05:30:32,11.3
QN0703,Bay Terrace-Clearview,metro,2026-03-21,2026-03-21T05:30:33,6.8
QN0703,Bay Terrace-Clearview,metro,2026-03-22,2026-03-22T05:30:33,6.6
QN0703,Bay Terrace-Clearview,metro,2026-03-23,2026-03-23T05:30:33,2.7
QN0703,Bay Terrace-Clearview,metro,2026-03-24,2026-03-24T05:30:33,7.8
QN0703,Bay Terrace-Clearview,metro,2026-03-25,2026-03-25T05:30:33,7.6
QN0703,Bay Terrace-Clearview,metro,2026-03-26,2026-03-26T05:30:33,8.1
QN0703,Bay Terrace-Clearview,metro,2026-03-27,2026-03-27T05:30:33,6.8
QN0703,Bay Terrace-Clearview,metro,2026-03-28,2026-03-28T05:30:33,7.7
QN0703,Bay Terrace-Clearview,metro,2026-03-29,2026-03-29T05:30:33,7.3
QN0703,Bay Terrace-Clearview,metro,2026-03-30,2026-03-30T05:30:33,8.5
QN0703,Bay Terrace-Clearview,metro,2026-03-31,2026-03-31T05:30:32,5.9
QN0703,Bay Terrace-Clearview,metro,2026-04-01,2026-04-01T05:30:32,7.5
QN0703,Bay Terrace-Clearview,metro,2026-04-02,2026-04-02T05:30:32,5.4
QN0703,Bay Terrace-Clearview,metro,2026-04-03,2026-04-03T05:30:33,9.1
QN0703,Bay Terrace-Clearview,metro,2026-04-04,2026-04-04T05:30:33,9.4
QN0703,Bay Terrace-Clearview,metro,2026-04-05,2026-04-05T05:30:32,6.5
QN0703,Bay Terrace-Clearview,metro,2026-04-06,2026-04-06T05:30:33,10.2
QN0703,Bay Terrace-Clearview,metro,2026-04-07,2026-04-07T05:30:33,10.1
QN0703,Bay Terrace-Clearview,metro,2026-04-08,2026-04-08T05:30:33,9.2
QN0703,Bay Terrace-Clearview,metro,2026-04-09,2026-04-09T05:30:33,9.3
QN0703,Bay Terrace-Clearview,metro,2026-04-10,2026-04-10T05:30:33,10.4
QN0703,Bay Terrace-Clearview,metro,2026-04-11,2026-04-11T05:30:32,11.2
QN0703,Bay Terrace-Clearview,metro,2026-04-12,2026-04-12T05:30:31,10.1
QN0703,Bay Terrace-Clearview,metro,2026-04-13,2026-04-13T05:30:30,10.7
QN0703,Bay Terrace-Clearview,metro,2026-04-14,2026-04-14T05:30:30,11.8
QN0703,Bay Terrace-Clearview,metro,2026-04-15,2026-04-15T05:30:32,11.7
QN0703,Bay Terrace-Clearview,metro,2026-04-16,2026-04-16T05:30:33,11.7
QN0703,Bay Terrace-Clearview,metro,2026-04-17,2026-04-17T05:30:33,11.6
QN0703,Bay Terrace-Clearview,metro,2026-04-18,2026-04-18T05:30:32,11.3
QN0704,Murray Hill-Broadway Flushing,metro,2026-03-21,2026-03-21T05:30:33,6.8
QN0704,Murray Hill-Broadway Flushing,metro,2026-03-22,2026-03-22T05:30:33,6.6
QN0704,Murray Hill-Broadway Flushing,metro,2026-03-23,2026-03-23T05:30:33,2.7
QN0704,Murray Hill-Broadway Flushing,metro,2026-03-24,2026-03-24T05:30:33,7.8
QN0704,Murray Hill-Broadway Flushing,metro,2026-03-25,2026-03-25T05:30:33,7.6
QN0704,Murray Hill-Broadway Flushing,metro,2026-03-26,2026-03-26T05:30:33,8.1
QN0704,Murray Hill-Broadway Flushing,metro,2026-03-27,2026-03-27T05:30:33,6.8
QN0704,Murray Hill-Broadway Flushing,metro,2026-03-28,2026-03-28T05:30:33,7.7
QN0704,Murray Hill-Broadway Flushing,metro,2026-03-29,2026-03-29T05:30:33,7.3
QN0704,Murray Hill-Broadway Flushing,metro,2026-03-30,2026-03-30T05:30:33,8.5
QN0704,Murray Hill-Broadway Flushing,metro,2026-03-31,2026-03-31T05:30:32,5.9
QN0704,Murray Hill-Broadway Flushing,metro,2026-04-01,2026-04-01T05:30:32,7.5
QN0704,Murray Hill-Broadway Flushing,metro,2026-04-02,2026-04-02T05:30:32,5.4
QN0704,Murray Hill-Broadway Flushing,metro,2026-04-03,2026-04-03T05:30:33,9.1
QN0704,Murray Hill-Broadway Flushing,metro,2026-04-04,2026-04-04T05:30:33,9.4
QN0704,Murray Hill-Broadway Flushing,metro,2026-04-05,2026-04-05T05:30:32,6.5
QN0704,Murray Hill-Broadway Flushing,metro,2026-04-06,2026-04-06T05:30:33,10.2
QN0704,Murray Hill-Broadway Flushing,metro,2026-04-07,2026-04-07T05:30:33,10.1
QN0704,Murray Hill-Broadway Flushing,metro,2026-04-08,2026-04-08T05:30:33,9.2
QN0704,Murray Hill-Broadway Flushing,metro,2026-04-09,2026-04-09T05:30:33,9.3
QN0704,Murray Hill-Broadway Flushing,metro,2026-04-10,2026-04-10T05:30:33,10.4
QN0704,Murray Hill-Broadway Flushing,metro,2026-04-11,2026-04-11T05:30:32,11.2
QN0704,Murray Hill-Broadway Flushing,metro,2026-04-12,2026-04-12T05:30:31,10.1
QN0704,Murray Hill-Broadway Flushing,metro,2026-04-13,2026-04-13T05:30:30,10.7
QN0704,Murray Hill-Broadway Flushing,metro,2026-04-14,2026-04-14T05:30:30,11.8
QN0704,Murray Hill-Broadway Flushing,metro,2026-04-15,2026-04-15T05:30:32,11.7
QN0704,Murray Hill-Broadway Flushing,metro,2026-04-16,2026-04-16T05:30:33,11.7
QN0704,Murray Hill-Broadway Flushing,metro,2026-04-17,2026-04-17T05:30:33,11.6
QN0704,Murray Hill-Broadway Flushing,metro,2026-04-18,2026-04-18T05:30:32,11.3
QN0705,East Flushing,metro,2026-03-21,2026-03-21T05:30:33,6.8
QN0705,East Flushing,metro,2026-03-22,2026-03-22T05:30:33,6.6
QN0705,East Flushing,metro,2026-03-23,2026-03-23T05:30:33,2.7
QN0705,East Flushing,metro,2026-03-24,2026-03-24T05:30:33,7.8
QN0705,East Flushing,metro,2026-03-25,2026-03-25T05:30:33,7.6
QN0705,East Flushing,metro,2026-03-26,2026-03-26T05:30:33,8.1
QN0705,East Flushing,metro,2026-03-27,2026-03-27T05:30:33,6.8
QN0705,East Flushing,metro,2026-03-28,2026-03-28T05:30:33,7.7
QN0705,East Flushing,metro,2026-03-29,2026-03-29T05:30:33,7.3
QN0705,East Flushing,metro,2026-03-30,2026-03-30T05:30:33,8.5
QN0705,East Flushing,metro,2026-03-31,2026-03-31T05:30:32,5.9
QN0705,East Flushing,metro,2026-04-01,2026-04-01T05:30:32,7.5
QN0705,East Flushing,metro,2026-04-02,2026-04-02T05:30:32,5.4
QN0705,East Flushing,metro,2026-04-03,2026-04-03T05:30:33,9.1
QN0705,East Flushing,metro,2026-04-04,2026-04-04T05:30:33,9.4
QN0705,East Flushing,metro,2026-04-05,2026-04-05T05:30:32,6.5
QN0705,East Flushing,metro,2026-04-06,2026-04-06T05:30:33,10.2
QN0705,East Flushing,metro,2026-04-07,2026-04-07T05:30:33,10.1
QN0705,East Flushing,metro,2026-04-08,2026-04-08T05:30:33,9.2
QN0705,East Flushing,metro,2026-04-09,2026-04-09T05:30:33,9.3
QN0705,East Flushing,metro,2026-04-10,2026-04-10T05:30:33,10.4
QN0705,East Flushing,metro,2026-04-11,2026-04-11T05:30:32,11.2
QN0705,East Flushing,metro,2026-04-12,2026-04-12T05:30:31,10.1
QN0705,East Flushing,metro,2026-04-13,2026-04-13T05:30:30,10.7
QN0705,East Flushing,metro,2026-04-14,2026-04-14T05:30:30,11.8
QN0705,East Flushing,metro,2026-04-15,2026-04-15T05:30:32,11.7
QN0705,East Flushing,metro,2026-04-16,2026-04-16T05:30:33,11.7
QN0705,East Flushing,metro,2026-04-17,2026-04-17T05:30:33,11.6
QN0705,East Flushing,metro,2026-04-18,2026-04-18T05:30:32,11.3
QN0706,Queensboro Hill,metro,2026-03-21,2026-03-21T05:30:33,6.8
QN0706,Queensboro Hill,metro,2026-03-22,2026-03-22T05:30:33,6.6
QN0706,Queensboro Hill,metro,2026-03-23,2026-03-23T05:30:33,2.7
QN0706,Queensboro Hill,metro,2026-03-24,2026-03-24T05:30:33,7.8
QN0706,Queensboro Hill,metro,2026-03-25,2026-03-25T05:30:33,7.6
QN0706,Queensboro Hill,metro,2026-03-26,2026-03-26T05:30:33,8.1
QN0706,Queensboro Hill,metro,2026-03-27,2026-03-27T05:30:33,6.8
QN0706,Queensboro Hill,metro,2026-03-28,2026-03-28T05:30:33,7.7
QN0706,Queensboro Hill,metro,2026-03-29,2026-03-29T05:30:33,7.3
QN0706,Queensboro Hill,metro,2026-03-30,2026-03-30T05:30:33,8.5
QN0706,Queensboro Hill,metro,2026-03-31,2026-03-31T05:30:32,5.9
QN0706,Queensboro Hill,metro,2026-04-01,2026-04-01T05:30:32,7.5
QN0706,Queensboro Hill,metro,2026-04-02,2026-04-02T05:30:32,5.4
QN0706,Queensboro Hill,metro,2026-04-03,2026-04-03T05:30:33,9.1
QN0706,Queensboro Hill,metro,2026-04-04,2026-04-04T05:30:33,9.4
QN0706,Queensboro Hill,metro,2026-04-05,2026-04-05T05:30:32,6.5
QN0706,Queensboro Hill,metro,2026-04-06,2026-04-06T05:30:33,10.2
QN0706,Queensboro Hill,metro,2026-04-07,2026-04-07T05:30:33,10.1
QN0706,Queensboro Hill,metro,2026-04-08,2026-04-08T05:30:33,9.2
QN0706,Queensboro Hill,metro,2026-04-09,2026-04-09T05:30:33,9.3
QN0706,Queensboro Hill,metro,2026-04-10,2026-04-10T05:30:33,10.4
QN0706,Queensboro Hill,metro,2026-04-11,2026-04-11T05:30:32,11.2
QN0706,Queensboro Hill,metro,2026-04-12,2026-04-12T05:30:31,10.1
QN0706,Queensboro Hill,metro,2026-04-13,2026-04-13T05:30:30,10.7
QN0706,Queensboro Hill,metro,2026-04-14,2026-04-14T05:30:30,11.8
QN0706,Queensboro Hill,metro,2026-04-15,2026-04-15T05:30:32,11.7
QN0706,Queensboro Hill,metro,2026-04-16,2026-04-16T05:30:33,11.7
QN0706,Queensboro Hill,metro,2026-04-17,2026-04-17T05:30:33,11.6
QN0706,Queensboro Hill,metro,2026-04-18,2026-04-18T05:30:32,11.3
QN0707,Flushing-Willets Point,metro,2026-03-21,2026-03-21T05:30:33,6.8
QN0707,Flushing-Willets Point,metro,2026-03-22,2026-03-22T05:30:33,6.6
QN0707,Flushing-Willets Point,metro,2026-03-23,2026-03-23T05:30:33,2.7
QN0707,Flushing-Willets Point,metro,2026-03-24,2026-03-24T05:30:33,7.8
QN0707,Flushing-Willets Point,metro,2026-03-25,2026-03-25T05:30:33,7.6
QN0707,Flushing-Willets Point,metro,2026-03-26,2026-03-26T05:30:33,8.1
QN0707,Flushing-Willets Point,metro,2026-03-27,2026-03-27T05:30:33,6.8
QN0707,Flushing-Willets Point,metro,2026-03-28,2026-03-28T05:30:33,7.7
QN0707,Flushing-Willets Point,metro,2026-03-29,2026-03-29T05:30:33,7.3
QN0707,Flushing-Willets Point,metro,2026-03-30,2026-03-30T05:30:33,8.5
QN0707,Flushing-Willets Point,metro,2026-03-31,2026-03-31T05:30:32,5.9
QN0707,Flushing-Willets Point,metro,2026-04-01,2026-04-01T05:30:32,7.5
QN0707,Flushing-Willets Point,metro,2026-04-02,2026-04-02T05:30:32,5.4
QN0707,Flushing-Willets Point,metro,2026-04-03,2026-04-03T05:30:33,9.1
QN0707,Flushing-Willets Point,metro,2026-04-04,2026-04-04T05:30:33,9.4
QN0707,Flushing-Willets Point,metro,2026-04-05,2026-04-05T05:30:32,6.5
QN0707,Flushing-Willets Point,metro,2026-04-06,2026-04-06T05:30:33,10.2
QN0707,Flushing-Willets Point,metro,2026-04-07,2026-04-07T05:30:33,10.1
QN0707,Flushing-Willets Point,metro,2026-04-08,2026-04-08T05:30:33,9.2
QN0707,Flushing-Willets Point,metro,2026-04-09,2026-04-09T05:30:33,9.3
QN0707,Flushing-Willets Point,metro,2026-04-10,2026-04-10T05:30:33,10.4
QN0707,Flushing-Willets Point,metro,2026-04-11,2026-04-11T05:30:32,11.2
QN0707,Flushing-Willets Point,metro,2026-04-12,2026-04-12T05:30:31,10.1
QN0707,Flushing-Willets Point,metro,2026-04-13,2026-04-13T05:30:30,10.7
QN0707,Flushing-Willets Point,metro,2026-04-14,2026-04-14T05:30:30,11.8
QN0707,Flushing-Willets Point,metro,2026-04-15,2026-04-15T05:30:32,11.7
QN0707,Flushing-Willets Point,metro,2026-04-16,2026-04-16T05:30:33,11.7
QN0707,Flushing-Willets Point,metro,2026-04-17,2026-04-17T05:30:33,11.6
QN0707,Flushing-Willets Point,metro,2026-04-18,2026-04-18T05:30:32,11.3
QN0761,Fort Totten,metro,2026-03-21,2026-03-21T05:30:33,6.8
QN0761,Fort Totten,metro,2026-03-22,2026-03-22T05:30:33,6.6
QN0761,Fort Totten,metro,2026-03-23,2026-03-23T05:30:33,2.7
QN0761,Fort Totten,metro,2026-03-24,2026-03-24T05:30:33,7.8
QN0761,Fort Totten,metro,2026-03-25,2026-03-25T05:30:33,7.6
QN0761,Fort Totten,metro,2026-03-26,2026-03-26T05:30:33,8.1
QN0761,Fort Totten,metro,2026-03-27,2026-03-27T05:30:33,6.8
QN0761,Fort Totten,metro,2026-03-28,2026-03-28T05:30:33,7.7
QN0761,Fort Totten,metro,2026-03-29,2026-03-29T05:30:33,7.3
QN0761,Fort Totten,metro,2026-03-30,2026-03-30T05:30:33,8.5
QN0761,Fort Totten,metro,2026-03-31,2026-03-31T05:30:32,5.9
QN0761,Fort Totten,metro,2026-04-01,2026-04-01T05:30:32,7.5
QN0761,Fort Totten,metro,2026-04-02,2026-04-02T05:30:32,5.4
QN0761,Fort Totten,metro,2026-04-03,2026-04-03T05:30:33,9.1
QN0761,Fort Totten,metro,2026-04-04,2026-04-04T05:30:33,9.4
QN0761,Fort Totten,metro,2026-04-05,2026-04-05T05:30:32,6.5
QN0761,Fort Totten,metro,2026-04-06,2026-04-06T05:30:33,10.2
QN0761,Fort Totten,metro,2026-04-07,2026-04-07T05:30:33,10.1
QN0761,Fort Totten,metro,2026-04-08,2026-04-08T05:30:33,9.2
QN0761,Fort Totten,metro,2026-04-09,2026-04-09T05:30:33,9.3
QN0761,Fort Totten,metro,2026-04-10,2026-04-10T05:30:33,10.4
QN0761,Fort Totten,metro,2026-04-11,2026-04-11T05:30:32,11.2
QN0761,Fort Totten,metro,2026-04-12,2026-04-12T05:30:31,10.1
QN0761,Fort Totten,metro,2026-04-13,2026-04-13T05:30:30,10.7
QN0761,Fort Totten,metro,2026-04-14,2026-04-14T05:30:30,11.8
QN0761,Fort Totten,metro,2026-04-15,2026-04-15T05:30:32,11.7
QN0761,Fort Totten,metro,2026-04-16,2026-04-16T05:30:33,11.7
QN0761,Fort Totten,metro,2026-04-17,2026-04-17T05:30:33,11.6
QN0761,Fort Totten,metro,2026-04-18,2026-04-18T05:30:32,11.3
QN0791,Kissena Park,metro,2026-03-21,2026-03-21T05:30:33,6.8
QN0791,Kissena Park,metro,2026-03-22,2026-03-22T05:30:33,6.6
QN0791,Kissena Park,metro,2026-03-23,2026-03-23T05:30:33,2.7
QN0791,Kissena Park,metro,2026-03-24,2026-03-24T05:30:33,7.8
QN0791,Kissena Park,metro,2026-03-25,2026-03-25T05:30:33,7.6
QN0791,Kissena Park,metro,2026-03-26,2026-03-26T05:30:33,8.1
QN0791,Kissena Park,metro,2026-03-27,2026-03-27T05:30:33,6.8
QN0791,Kissena Park,metro,2026-03-28,2026-03-28T05:30:33,7.7
QN0791,Kissena Park,metro,2026-03-29,2026-03-29T05:30:33,7.3
QN0791,Kissena Park,metro,2026-03-30,2026-03-30T05:30:33,8.5
QN0791,Kissena Park,metro,2026-03-31,2026-03-31T05:30:32,5.9
QN0791,Kissena Park,metro,2026-04-01,2026-04-01T05:30:32,7.5
QN0791,Kissena Park,metro,2026-04-02,2026-04-02T05:30:32,5.4
QN0791,Kissena Park,metro,2026-04-03,2026-04-03T05:30:33,9.1
QN0791,Kissena Park,metro,2026-04-04,2026-04-04T05:30:33,9.4
QN0791,Kissena Park,metro,2026-04-05,2026-04-05T05:30:32,6.5
QN0791,Kissena Park,metro,2026-04-06,2026-04-06T05:30:33,10.2
QN0791,Kissena Park,metro,2026-04-07,2026-04-07T05:30:33,10.1
QN0791,Kissena Park,metro,2026-04-08,2026-04-08T05:30:33,9.2
QN0791,Kissena Park,metro,2026-04-09,2026-04-09T05:30:33,9.3
QN0791,Kissena Park,metro,2026-04-10,2026-04-10T05:30:33,10.4
QN0791,Kissena Park,metro,2026-04-11,2026-04-11T05:30:32,11.2
QN0791,Kissena Park,metro,2026-04-12,2026-04-12T05:30:31,10.1
QN0791,Kissena Park,metro,2026-04-13,2026-04-13T05:30:30,10.7
QN0791,Kissena Park,metro,2026-04-14,2026-04-14T05:30:30,11.8
QN0791,Kissena Park,metro,2026-04-15,2026-04-15T05:30:32,11.7
QN0791,Kissena Park,metro,2026-04-16,2026-04-16T05:30:33,11.7
QN0791,Kissena Park,metro,2026-04-17,2026-04-17T05:30:33,11.6
QN0791,Kissena Park,metro,2026-04-18,2026-04-18T05:30:32,11.3
QN0801,Kew Gardens Hills,metro,2026-03-21,2026-03-21T05:30:33,6.8
QN0801,Kew Gardens Hills,metro,2026-03-22,2026-03-22T05:30:33,6.6
QN0801,Kew Gardens Hills,metro,2026-03-23,2026-03-23T05:30:33,2.7
QN0801,Kew Gardens Hills,metro,2026-03-24,2026-03-24T05:30:33,7.8
QN0801,Kew Gardens Hills,metro,2026-03-25,2026-03-25T05:30:33,7.6
QN0801,Kew Gardens Hills,metro,2026-03-26,2026-03-26T05:30:33,8.1
QN0801,Kew Gardens Hills,metro,2026-03-27,2026-03-27T05:30:33,6.8
QN0801,Kew Gardens Hills,metro,2026-03-28,2026-03-28T05:30:33,7.7
QN0801,Kew Gardens Hills,metro,2026-03-29,2026-03-29T05:30:33,7.3
QN0801,Kew Gardens Hills,metro,2026-03-30,2026-03-30T05:30:33,8.5
QN0801,Kew Gardens Hills,metro,2026-03-31,2026-03-31T05:30:32,5.9
QN0801,Kew Gardens Hills,metro,2026-04-01,2026-04-01T05:30:32,7.5
QN0801,Kew Gardens Hills,metro,2026-04-02,2026-04-02T05:30:32,5.4
QN0801,Kew Gardens Hills,metro,2026-04-03,2026-04-03T05:30:33,9.1
QN0801,Kew Gardens Hills,metro,2026-04-04,2026-04-04T05:30:33,9.4
QN0801,Kew Gardens Hills,metro,2026-04-05,2026-04-05T05:30:32,6.5
QN0801,Kew Gardens Hills,metro,2026-04-06,2026-04-06T05:30:33,10.2
QN0801,Kew Gardens Hills,metro,2026-04-07,2026-04-07T05:30:33,10.1
QN0801,Kew Gardens Hills,metro,2026-04-08,2026-04-08T05:30:33,9.2
QN0801,Kew Gardens Hills,metro,2026-04-09,2026-04-09T05:30:33,9.3
QN0801,Kew Gardens Hills,metro,2026-04-10,2026-04-10T05:30:33,10.4
QN0801,Kew Gardens Hills,metro,2026-04-11,2026-04-11T05:30:32,11.2
QN0801,Kew Gardens Hills,metro,2026-04-12,2026-04-12T05:30:31,10.1
QN0801,Kew Gardens Hills,metro,2026-04-13,2026-04-13T05:30:30,10.7
QN0801,Kew Gardens Hills,metro,2026-04-14,2026-04-14T05:30:30,11.8
QN0801,Kew Gardens Hills,metro,2026-04-15,2026-04-15T05:30:32,11.7
QN0801,Kew Gardens Hills,metro,2026-04-16,2026-04-16T05:30:33,11.7
QN0801,Kew Gardens Hills,metro,2026-04-17,2026-04-17T05:30:33,11.6
QN0801,Kew Gardens Hills,metro,2026-04-18,2026-04-18T05:30:32,11.3
QN0802,Pomonok-Electchester-Hillcrest,metro,2026-03-21,2026-03-21T05:30:33,6.8
QN0802,Pomonok-Electchester-Hillcrest,metro,2026-03-22,2026-03-22T05:30:33,6.6
QN0802,Pomonok-Electchester-Hillcrest,metro,2026-03-23,2026-03-23T05:30:33,2.7
QN0802,Pomonok-Electchester-Hillcrest,metro,2026-03-24,2026-03-24T05:30:33,7.8
QN0802,Pomonok-Electchester-Hillcrest,metro,2026-03-25,2026-03-25T05:30:33,7.6
QN0802,Pomonok-Electchester-Hillcrest,metro,2026-03-26,2026-03-26T05:30:33,8.1
QN0802,Pomonok-Electchester-Hillcrest,metro,2026-03-27,2026-03-27T05:30:33,6.8
QN0802,Pomonok-Electchester-Hillcrest,metro,2026-03-28,2026-03-28T05:30:33,7.7
QN0802,Pomonok-Electchester-Hillcrest,metro,2026-03-29,2026-03-29T05:30:33,7.3
QN0802,Pomonok-Electchester-Hillcrest,metro,2026-03-30,2026-03-30T05:30:33,8.5
QN0802,Pomonok-Electchester-Hillcrest,metro,2026-03-31,2026-03-31T05:30:32,5.9
QN0802,Pomonok-Electchester-Hillcrest,metro,2026-04-01,2026-04-01T05:30:32,7.5
QN0802,Pomonok-Electchester-Hillcrest,metro,2026-04-02,2026-04-02T05:30:32,5.4
QN0802,Pomonok-Electchester-Hillcrest,metro,2026-04-03,2026-04-03T05:30:33,9.1
QN0802,Pomonok-Electchester-Hillcrest,metro,2026-04-04,2026-04-04T05:30:33,9.4
QN0802,Pomonok-Electchester-Hillcrest,metro,2026-04-05,2026-04-05T05:30:32,6.5
QN0802,Pomonok-Electchester-Hillcrest,metro,2026-04-06,2026-04-06T05:30:33,10.2
QN0802,Pomonok-Electchester-Hillcrest,metro,2026-04-07,2026-04-07T05:30:33,10.1
QN0802,Pomonok-Electchester-Hillcrest,metro,2026-04-08,2026-04-08T05:30:33,9.2
QN0802,Pomonok-Electchester-Hillcrest,metro,2026-04-09,2026-04-09T05:30:33,9.3
QN0802,Pomonok-Electchester-Hillcrest,metro,2026-04-10,2026-04-10T05:30:33,10.4
QN0802,Pomonok-Electchester-Hillcrest,metro,2026-04-11,2026-04-11T05:30:32,11.2
QN0802,Pomonok-Electchester-Hillcrest,metro,2026-04-12,2026-04-12T05:30:31,10.1
QN0802,Pomonok-Electchester-Hillcrest,metro,2026-04-13,2026-04-13T05:30:30,10.7
QN0802,Pomonok-Electchester-Hillcrest,metro,2026-04-14,2026-04-14T05:30:30,11.8
QN0802,Pomonok-Electchester-Hillcrest,metro,2026-04-15,2026-04-15T05:30:32,11.7
QN0802,Pomonok-Electchester-Hillcrest,metro,2026-04-16,2026-04-16T05:30:33,11.7
QN0802,Pomonok-Electchester-Hillcrest,metro,2026-04-17,2026-04-17T05:30:33,11.6
QN0802,Pomonok-Electchester-Hillcrest,metro,2026-04-18,2026-04-18T05:30:32,11.3
QN0803,Fresh Meadows-Utopia,metro,2026-03-21,2026-03-21T05:30:33,6.8
QN0803,Fresh Meadows-Utopia,metro,2026-03-22,2026-03-22T05:30:33,6.6
QN0803,Fresh Meadows-Utopia,metro,2026-03-23,2026-03-23T05:30:33,2.7
QN0803,Fresh Meadows-Utopia,metro,2026-03-24,2026-03-24T05:30:33,7.8
QN0803,Fresh Meadows-Utopia,metro,2026-03-25,2026-03-25T05:30:33,7.6
QN0803,Fresh Meadows-Utopia,metro,2026-03-26,2026-03-26T05:30:33,8.1
QN0803,Fresh Meadows-Utopia,metro,2026-03-27,2026-03-27T05:30:33,6.8
QN0803,Fresh Meadows-Utopia,metro,2026-03-28,2026-03-28T05:30:33,7.7
QN0803,Fresh Meadows-Utopia,metro,2026-03-29,2026-03-29T05:30:33,7.3
QN0803,Fresh Meadows-Utopia,metro,2026-03-30,2026-03-30T05:30:33,8.5
QN0803,Fresh Meadows-Utopia,metro,2026-03-31,2026-03-31T05:30:32,5.9
QN0803,Fresh Meadows-Utopia,metro,2026-04-01,2026-04-01T05:30:32,7.5
QN0803,Fresh Meadows-Utopia,metro,2026-04-02,2026-04-02T05:30:32,5.4
QN0803,Fresh Meadows-Utopia,metro,2026-04-03,2026-04-03T05:30:33,9.1
QN0803,Fresh Meadows-Utopia,metro,2026-04-04,2026-04-04T05:30:33,9.4
QN0803,Fresh Meadows-Utopia,metro,2026-04-05,2026-04-05T05:30:32,6.5
QN0803,Fresh Meadows-Utopia,metro,2026-04-06,2026-04-06T05:30:33,10.2
QN0803,Fresh Meadows-Utopia,metro,2026-04-07,2026-04-07T05:30:33,10.1
QN0803,Fresh Meadows-Utopia,metro,2026-04-08,2026-04-08T05:30:33,9.2
QN0803,Fresh Meadows-Utopia,metro,2026-04-09,2026-04-09T05:30:33,9.3
QN0803,Fresh Meadows-Utopia,metro,2026-04-10,2026-04-10T05:30:33,10.4
QN0803,Fresh Meadows-Utopia,metro,2026-04-11,2026-04-11T05:30:32,11.2
QN0803,Fresh Meadows-Utopia,metro,2026-04-12,2026-04-12T05:30:31,10.1
QN0803,Fresh Meadows-Utopia,metro,2026-04-13,2026-04-13T05:30:30,10.7
QN0803,Fresh Meadows-Utopia,metro,2026-04-14,2026-04-14T05:30:30,11.8
QN0803,Fresh Meadows-Utopia,metro,2026-04-15,2026-04-15T05:30:32,11.7
QN0803,Fresh Meadows-Utopia,metro,2026-04-16,2026-04-16T05:30:33,11.7
QN0803,Fresh Meadows-Utopia,metro,2026-04-17,2026-04-17T05:30:33,11.6
QN0803,Fresh Meadows-Utopia,metro,2026-04-18,2026-04-18T05:30:32,11.3
QN0804,Jamaica Estates-Holliswood,metro,2026-03-21,2026-03-21T05:30:33,6.8
QN0804,Jamaica Estates-Holliswood,metro,2026-03-22,2026-03-22T05:30:33,6.6
QN0804,Jamaica Estates-Holliswood,metro,2026-03-23,2026-03-23T05:30:33,2.7
QN0804,Jamaica Estates-Holliswood,metro,2026-03-24,2026-03-24T05:30:33,7.8
QN0804,Jamaica Estates-Holliswood,metro,2026-03-25,2026-03-25T05:30:33,7.6
QN0804,Jamaica Estates-Holliswood,metro,2026-03-26,2026-03-26T05:30:33,8.1
QN0804,Jamaica Estates-Holliswood,metro,2026-03-27,2026-03-27T05:30:33,6.8
QN0804,Jamaica Estates-Holliswood,metro,2026-03-28,2026-03-28T05:30:33,7.7
QN0804,Jamaica Estates-Holliswood,metro,2026-03-29,2026-03-29T05:30:33,7.3
QN0804,Jamaica Estates-Holliswood,metro,2026-03-30,2026-03-30T05:30:33,8.5
QN0804,Jamaica Estates-Holliswood,metro,2026-03-31,2026-03-31T05:30:32,5.9
QN0804,Jamaica Estates-Holliswood,metro,2026-04-01,2026-04-01T05:30:32,7.5
QN0804,Jamaica Estates-Holliswood,metro,2026-04-02,2026-04-02T05:30:32,5.4
QN0804,Jamaica Estates-Holliswood,metro,2026-04-03,2026-04-03T05:30:33,9.1
QN0804,Jamaica Estates-Holliswood,metro,2026-04-04,2026-04-04T05:30:33,9.4
QN0804,Jamaica Estates-Holliswood,metro,2026-04-05,2026-04-05T05:30:32,6.5
QN0804,Jamaica Estates-Holliswood,metro,2026-04-06,2026-04-06T05:30:33,10.2
QN0804,Jamaica Estates-Holliswood,metro,2026-04-07,2026-04-07T05:30:33,10.1
QN0804,Jamaica Estates-Holliswood,metro,2026-04-08,2026-04-08T05:30:33,9.2
QN0804,Jamaica Estates-Holliswood,metro,2026-04-09,2026-04-09T05:30:33,9.3
QN0804,Jamaica Estates-Holliswood,metro,2026-04-10,2026-04-10T05:30:33,10.4
QN0804,Jamaica Estates-Holliswood,metro,2026-04-11,2026-04-11T05:30:32,11.2
QN0804,Jamaica Estates-Holliswood,metro,2026-04-12,2026-04-12T05:30:31,10.1
QN0804,Jamaica Estates-Holliswood,metro,2026-04-13,2026-04-13T05:30:30,10.7
QN0804,Jamaica Estates-Holliswood,metro,2026-04-14,2026-04-14T05:30:30,11.8
QN0804,Jamaica Estates-Holliswood,metro,2026-04-15,2026-04-15T05:30:32,11.7
QN0804,Jamaica Estates-Holliswood,metro,2026-04-16,2026-04-16T05:30:33,11.7
QN0804,Jamaica Estates-Holliswood,metro,2026-04-17,2026-04-17T05:30:33,11.6
QN0804,Jamaica Estates-Holliswood,metro,2026-04-18,2026-04-18T05:30:32,11.3
QN0805,Jamaica Hills-Briarwood,metro,2026-03-21,2026-03-21T05:30:33,6.8
QN0805,Jamaica Hills-Briarwood,metro,2026-03-22,2026-03-22T05:30:33,6.6
QN0805,Jamaica Hills-Briarwood,metro,2026-03-23,2026-03-23T05:30:33,2.7
QN0805,Jamaica Hills-Briarwood,metro,2026-03-24,2026-03-24T05:30:33,7.8
QN0805,Jamaica Hills-Briarwood,metro,2026-03-25,2026-03-25T05:30:33,7.6
QN0805,Jamaica Hills-Briarwood,metro,2026-03-26,2026-03-26T05:30:33,8.1
QN0805,Jamaica Hills-Briarwood,metro,2026-03-27,2026-03-27T05:30:33,6.8
QN0805,Jamaica Hills-Briarwood,metro,2026-03-28,2026-03-28T05:30:33,7.7
QN0805,Jamaica Hills-Briarwood,metro,2026-03-29,2026-03-29T05:30:33,7.3
QN0805,Jamaica Hills-Briarwood,metro,2026-03-30,2026-03-30T05:30:33,8.5
QN0805,Jamaica Hills-Briarwood,metro,2026-03-31,2026-03-31T05:30:32,5.9
QN0805,Jamaica Hills-Briarwood,metro,2026-04-01,2026-04-01T05:30:32,7.5
QN0805,Jamaica Hills-Briarwood,metro,2026-04-02,2026-04-02T05:30:32,5.4
QN0805,Jamaica Hills-Briarwood,metro,2026-04-03,2026-04-03T05:30:33,9.1
QN0805,Jamaica Hills-Briarwood,metro,2026-04-04,2026-04-04T05:30:33,9.4
QN0805,Jamaica Hills-Briarwood,metro,2026-04-05,2026-04-05T05:30:32,6.5
QN0805,Jamaica Hills-Briarwood,metro,2026-04-06,2026-04-06T05:30:33,10.2
QN0805,Jamaica Hills-Briarwood,metro,2026-04-07,2026-04-07T05:30:33,10.1
QN0805,Jamaica Hills-Briarwood,metro,2026-04-08,2026-04-08T05:30:33,9.2
QN0805,Jamaica Hills-Briarwood,metro,2026-04-09,2026-04-09T05:30:33,9.3
QN0805,Jamaica Hills-Briarwood,metro,2026-04-10,2026-04-10T05:30:33,10.4
QN0805,Jamaica Hills-Briarwood,metro,2026-04-11,2026-04-11T05:30:32,11.2
QN0805,Jamaica Hills-Briarwood,metro,2026-04-12,2026-04-12T05:30:31,10.1
QN0805,Jamaica Hills-Briarwood,metro,2026-04-13,2026-04-13T05:30:30,10.7
QN0805,Jamaica Hills-Briarwood,metro,2026-04-14,2026-04-14T05:30:30,11.8
QN0805,Jamaica Hills-Briarwood,metro,2026-04-15,2026-04-15T05:30:32,11.7
QN0805,Jamaica Hills-Briarwood,metro,2026-04-16,2026-04-16T05:30:33,11.7
QN0805,Jamaica Hills-Briarwood,metro,2026-04-17,2026-04-17T05:30:33,11.6
QN0805,Jamaica Hills-Briarwood,metro,2026-04-18,2026-04-18T05:30:32,11.3
QN0871,Mount Hebron & Cedar Grove Cemeteries,metro,2026-03-21,2026-03-21T05:30:33,6.8
QN0871,Mount Hebron & Cedar Grove Cemeteries,metro,2026-03-22,2026-03-22T05:30:33,6.6
QN0871,Mount Hebron & Cedar Grove Cemeteries,metro,2026-03-23,2026-03-23T05:30:33,2.7
QN0871,Mount Hebron & Cedar Grove Cemeteries,metro,2026-03-24,2026-03-24T05:30:33,7.8
QN0871,Mount Hebron & Cedar Grove Cemeteries,metro,2026-03-25,2026-03-25T05:30:33,7.6
QN0871,Mount Hebron & Cedar Grove Cemeteries,metro,2026-03-26,2026-03-26T05:30:33,8.1
QN0871,Mount Hebron & Cedar Grove Cemeteries,metro,2026-03-27,2026-03-27T05:30:33,6.8
QN0871,Mount Hebron & Cedar Grove Cemeteries,metro,2026-03-28,2026-03-28T05:30:33,7.7
QN0871,Mount Hebron & Cedar Grove Cemeteries,metro,2026-03-29,2026-03-29T05:30:33,7.3
QN0871,Mount Hebron & Cedar Grove Cemeteries,metro,2026-03-30,2026-03-30T05:30:33,8.5
QN0871,Mount Hebron & Cedar Grove Cemeteries,metro,2026-03-31,2026-03-31T05:30:32,5.9
QN0871,Mount Hebron & Cedar Grove Cemeteries,metro,2026-04-01,2026-04-01T05:30:32,7.5
QN0871,Mount Hebron & Cedar Grove Cemeteries,metro,2026-04-02,2026-04-02T05:30:32,5.4
QN0871,Mount Hebron & Cedar Grove Cemeteries,metro,2026-04-03,2026-04-03T05:30:33,9.1
QN0871,Mount Hebron & Cedar Grove Cemeteries,metro,2026-04-04,2026-04-04T05:30:33,9.4
QN0871,Mount Hebron & Cedar Grove Cemeteries,metro,2026-04-05,2026-04-05T05:30:32,6.5
QN0871,Mount Hebron & Cedar Grove Cemeteries,metro,2026-04-06,2026-04-06T05:30:33,10.2
QN0871,Mount Hebron & Cedar Grove Cemeteries,metro,2026-04-07,2026-04-07T05:30:33,10.1
QN0871,Mount Hebron & Cedar Grove Cemeteries,metro,2026-04-08,2026-04-08T05:30:33,9.2
QN0871,Mount Hebron & Cedar Grove Cemeteries,metro,2026-04-09,2026-04-09T05:30:33,9.3
QN0871,Mount Hebron & Cedar Grove Cemeteries,metro,2026-04-10,2026-04-10T05:30:33,10.4
QN0871,Mount Hebron & Cedar Grove Cemeteries,metro,2026-04-11,2026-04-11T05:30:32,11.2
QN0871,Mount Hebron & Cedar Grove Cemeteries,metro,2026-04-12,2026-04-12T05:30:31,10.1
QN0871,Mount Hebron & Cedar Grove Cemeteries,metro,2026-04-13,2026-04-13T05:30:30,10.7
QN0871,Mount Hebron & Cedar Grove Cemeteries,metro,2026-04-14,2026-04-14T05:30:30,11.8
QN0871,Mount Hebron & Cedar Grove Cemeteries,metro,2026-04-15,2026-04-15T05:30:32,11.7
QN0871,Mount Hebron & Cedar Grove Cemeteries,metro,2026-04-16,2026-04-16T05:30:33,11.7
QN0871,Mount Hebron & Cedar Grove Cemeteries,metro,2026-04-17,2026-04-17T05:30:33,11.6
QN0871,Mount Hebron & Cedar Grove Cemeteries,metro,2026-04-18,2026-04-18T05:30:32,11.3
QN0891,Cunningham Park,metro,2026-03-21,2026-03-21T05:30:33,6.8
QN0891,Cunningham Park,metro,2026-03-22,2026-03-22T05:30:33,6.6
QN0891,Cunningham Park,metro,2026-03-23,2026-03-23T05:30:33,2.7
QN0891,Cunningham Park,metro,2026-03-24,2026-03-24T05:30:33,7.8
QN0891,Cunningham Park,metro,2026-03-25,2026-03-25T05:30:33,7.6
QN0891,Cunningham Park,metro,2026-03-26,2026-03-26T05:30:33,8.1
QN0891,Cunningham Park,metro,2026-03-27,2026-03-27T05:30:33,6.8
QN0891,Cunningham Park,metro,2026-03-28,2026-03-28T05:30:33,7.7
QN0891,Cunningham Park,metro,2026-03-29,2026-03-29T05:30:33,7.3
QN0891,Cunningham Park,metro,2026-03-30,2026-03-30T05:30:33,8.5
QN0891,Cunningham Park,metro,2026-03-31,2026-03-31T05:30:32,5.9
QN0891,Cunningham Park,metro,2026-04-01,2026-04-01T05:30:32,7.5
QN0891,Cunningham Park,metro,2026-04-02,2026-04-02T05:30:32,5.4
QN0891,Cunningham Park,metro,2026-04-03,2026-04-03T05:30:33,9.1
QN0891,Cunningham Park,metro,2026-04-04,2026-04-04T05:30:33,9.4
QN0891,Cunningham Park,metro,2026-04-05,2026-04-05T05:30:32,6.5
QN0891,Cunningham Park,metro,2026-04-06,2026-04-06T05:30:33,10.2
QN0891,Cunningham Park,metro,2026-04-07,2026-04-07T05:30:33,10.1
QN0891,Cunningham Park,metro,2026-04-08,2026-04-08T05:30:33,9.2
QN0891,Cunningham Park,metro,2026-04-09,2026-04-09T05:30:33,9.3
QN0891,Cunningham Park,metro,2026-04-10,2026-04-10T05:30:33,10.4
QN0891,Cunningham Park,metro,2026-04-11,2026-04-11T05:30:32,11.2
QN0891,Cunningham Park,metro,2026-04-12,2026-04-12T05:30:31,10.1
QN0891,Cunningham Park,metro,2026-04-13,2026-04-13T05:30:30,10.7
QN0891,Cunningham Park,metro,2026-04-14,2026-04-14T05:30:30,11.8
QN0891,Cunningham Park,metro,2026-04-15,2026-04-15T05:30:32,11.7
QN0891,Cunningham Park,metro,2026-04-16,2026-04-16T05:30:33,11.7
QN0891,Cunningham Park,metro,2026-04-17,2026-04-17T05:30:33,11.6
QN0891,Cunningham Park,metro,2026-04-18,2026-04-18T05:30:32,11.3
QN0901,Kew Gardens,metro,2026-03-21,2026-03-21T05:30:33,6.8
QN0901,Kew Gardens,metro,2026-03-22,2026-03-22T05:30:33,6.6
QN0901,Kew Gardens,metro,2026-03-23,2026-03-23T05:30:33,2.7
QN0901,Kew Gardens,metro,2026-03-24,2026-03-24T05:30:33,7.8
QN0901,Kew Gardens,metro,2026-03-25,2026-03-25T05:30:33,7.6
QN0901,Kew Gardens,metro,2026-03-26,2026-03-26T05:30:33,8.1
QN0901,Kew Gardens,metro,2026-03-27,2026-03-27T05:30:33,6.8
QN0901,Kew Gardens,metro,2026-03-28,2026-03-28T05:30:33,7.7
QN0901,Kew Gardens,metro,2026-03-29,2026-03-29T05:30:33,7.3
QN0901,Kew Gardens,metro,2026-03-30,2026-03-30T05:30:33,8.5
QN0901,Kew Gardens,metro,2026-03-31,2026-03-31T05:30:32,5.9
QN0901,Kew Gardens,metro,2026-04-01,2026-04-01T05:30:32,7.5
QN0901,Kew Gardens,metro,2026-04-02,2026-04-02T05:30:32,5.4
QN0901,Kew Gardens,metro,2026-04-03,2026-04-03T05:30:33,9.1
QN0901,Kew Gardens,metro,2026-04-04,2026-04-04T05:30:33,9.4
QN0901,Kew Gardens,metro,2026-04-05,2026-04-05T05:30:32,6.5
QN0901,Kew Gardens,metro,2026-04-06,2026-04-06T05:30:33,10.2
QN0901,Kew Gardens,metro,2026-04-07,2026-04-07T05:30:33,10.1
QN0901,Kew Gardens,metro,2026-04-08,2026-04-08T05:30:33,9.2
QN0901,Kew Gardens,metro,2026-04-09,2026-04-09T05:30:33,9.3
QN0901,Kew Gardens,metro,2026-04-10,2026-04-10T05:30:33,10.4
QN0901,Kew Gardens,metro,2026-04-11,2026-04-11T05:30:32,11.2
QN0901,Kew Gardens,metro,2026-04-12,2026-04-12T05:30:31,10.1
QN0901,Kew Gardens,metro,2026-04-13,2026-04-13T05:30:30,10.7
QN0901,Kew Gardens,metro,2026-04-14,2026-04-14T05:30:30,11.8
QN0901,Kew Gardens,metro,2026-04-15,2026-04-15T05:30:32,11.7
QN0901,Kew Gardens,metro,2026-04-16,2026-04-16T05:30:33,11.7
QN0901,Kew Gardens,metro,2026-04-17,2026-04-17T05:30:33,11.6
QN0901,Kew Gardens,metro,2026-04-18,2026-04-18T05:30:32,11.3
QN0902,Richmond Hill,metro,2026-03-21,2026-03-21T05:30:33,6.8
QN0902,Richmond Hill,metro,2026-03-22,2026-03-22T05:30:33,6.6
QN0902,Richmond Hill,metro,2026-03-23,2026-03-23T05:30:33,2.7
QN0902,Richmond Hill,metro,2026-03-24,2026-03-24T05:30:33,7.8
QN0902,Richmond Hill,metro,2026-03-25,2026-03-25T05:30:33,7.6
QN0902,Richmond Hill,metro,2026-03-26,2026-03-26T05:30:33,8.1
QN0902,Richmond Hill,metro,2026-03-27,2026-03-27T05:30:33,6.8
QN0902,Richmond Hill,metro,2026-03-28,2026-03-28T05:30:33,7.7
QN0902,Richmond Hill,metro,2026-03-29,2026-03-29T05:30:33,7.3
QN0902,Richmond Hill,metro,2026-03-30,2026-03-30T05:30:33,8.5
QN0902,Richmond Hill,metro,2026-03-31,2026-03-31T05:30:32,5.9
QN0902,Richmond Hill,metro,2026-04-01,2026-04-01T05:30:32,7.5
QN0902,Richmond Hill,metro,2026-04-02,2026-04-02T05:30:32,5.4
QN0902,Richmond Hill,metro,2026-04-03,2026-04-03T05:30:33,9.1
QN0902,Richmond Hill,metro,2026-04-04,2026-04-04T05:30:33,9.4
QN0902,Richmond Hill,metro,2026-04-05,2026-04-05T05:30:32,6.5
QN0902,Richmond Hill,metro,2026-04-06,2026-04-06T05:30:33,10.2
QN0902,Richmond Hill,metro,2026-04-07,2026-04-07T05:30:33,10.1
QN0902,Richmond Hill,metro,2026-04-08,2026-04-08T05:30:33,9.2
QN0902,Richmond Hill,metro,2026-04-09,2026-04-09T05:30:33,9.3
QN0902,Richmond Hill,metro,2026-04-10,2026-04-10T05:30:33,10.4
QN0902,Richmond Hill,metro,2026-04-11,2026-04-11T05:30:32,11.2
QN0902,Richmond Hill,metro,2026-04-12,2026-04-12T05:30:31,10.1
QN0902,Richmond Hill,metro,2026-04-13,2026-04-13T05:30:30,10.7
QN0902,Richmond Hill,metro,2026-04-14,2026-04-14T05:30:30,11.8
QN0902,Richmond Hill,metro,2026-04-15,2026-04-15T05:30:32,11.7
QN0902,Richmond Hill,metro,2026-04-16,2026-04-16T05:30:33,11.7
QN0902,Richmond Hill,metro,2026-04-17,2026-04-17T05:30:33,11.6
QN0902,Richmond Hill,metro,2026-04-18,2026-04-18T05:30:32,11.3
QN0903,South Richmond Hill,metro,2026-03-21,2026-03-21T05:30:33,6.8
QN0903,South Richmond Hill,metro,2026-03-22,2026-03-22T05:30:33,6.6
QN0903,South Richmond Hill,metro,2026-03-23,2026-03-23T05:30:33,2.7
QN0903,South Richmond Hill,metro,2026-03-24,2026-03-24T05:30:33,7.8
QN0903,South Richmond Hill,metro,2026-03-25,2026-03-25T05:30:33,7.6
QN0903,South Richmond Hill,metro,2026-03-26,2026-03-26T05:30:33,8.1
QN0903,South Richmond Hill,metro,2026-03-27,2026-03-27T05:30:33,6.8
QN0903,South Richmond Hill,metro,2026-03-28,2026-03-28T05:30:33,7.7
QN0903,South Richmond Hill,metro,2026-03-29,2026-03-29T05:30:33,7.3
QN0903,South Richmond Hill,metro,2026-03-30,2026-03-30T05:30:33,8.5
QN0903,South Richmond Hill,metro,2026-03-31,2026-03-31T05:30:32,5.9
QN0903,South Richmond Hill,metro,2026-04-01,2026-04-01T05:30:32,7.5
QN0903,South Richmond Hill,metro,2026-04-02,2026-04-02T05:30:32,5.4
QN0903,South Richmond Hill,metro,2026-04-03,2026-04-03T05:30:33,9.1
QN0903,South Richmond Hill,metro,2026-04-04,2026-04-04T05:30:33,9.4
QN0903,South Richmond Hill,metro,2026-04-05,2026-04-05T05:30:32,6.5
QN0903,South Richmond Hill,metro,2026-04-06,2026-04-06T05:30:33,10.2
QN0903,South Richmond Hill,metro,2026-04-07,2026-04-07T05:30:33,10.1
QN0903,South Richmond Hill,metro,2026-04-08,2026-04-08T05:30:33,9.2
QN0903,South Richmond Hill,metro,2026-04-09,2026-04-09T05:30:33,9.3
QN0903,South Richmond Hill,metro,2026-04-10,2026-04-10T05:30:33,10.4
QN0903,South Richmond Hill,metro,2026-04-11,2026-04-11T05:30:32,11.2
QN0903,South Richmond Hill,metro,2026-04-12,2026-04-12T05:30:31,10.1
QN0903,South Richmond Hill,metro,2026-04-13,2026-04-13T05:30:30,10.7
QN0903,South Richmond Hill,metro,2026-04-14,2026-04-14T05:30:30,11.8
QN0903,South Richmond Hill,metro,2026-04-15,2026-04-15T05:30:32,11.7
QN0903,South Richmond Hill,metro,2026-04-16,2026-04-16T05:30:33,11.7
QN0903,South Richmond Hill,metro,2026-04-17,2026-04-17T05:30:33,11.6
QN0903,South Richmond Hill,metro,2026-04-18,2026-04-18T05:30:32,11.3
QN0904,Ozone Park (North),metro,2026-03-21,2026-03-21T05:30:33,6.8
QN0904,Ozone Park (North),metro,2026-03-22,2026-03-22T05:30:33,6.6
QN0904,Ozone Park (North),metro,2026-03-23,2026-03-23T05:30:33,2.7
QN0904,Ozone Park (North),metro,2026-03-24,2026-03-24T05:30:33,7.8
QN0904,Ozone Park (North),metro,2026-03-25,2026-03-25T05:30:33,7.6
QN0904,Ozone Park (North),metro,2026-03-26,2026-03-26T05:30:33,8.1
QN0904,Ozone Park (North),metro,2026-03-27,2026-03-27T05:30:33,6.8
QN0904,Ozone Park (North),metro,2026-03-28,2026-03-28T05:30:33,7.7
QN0904,Ozone Park (North),metro,2026-03-29,2026-03-29T05:30:33,7.3
QN0904,Ozone Park (North),metro,2026-03-30,2026-03-30T05:30:33,8.5
QN0904,Ozone Park (North),metro,2026-03-31,2026-03-31T05:30:32,5.9
QN0904,Ozone Park (North),metro,2026-04-01,2026-04-01T05:30:32,7.5
QN0904,Ozone Park (North),metro,2026-04-02,2026-04-02T05:30:32,5.4
QN0904,Ozone Park (North),metro,2026-04-03,2026-04-03T05:30:33,9.1
QN0904,Ozone Park (North),metro,2026-04-04,2026-04-04T05:30:33,9.4
QN0904,Ozone Park (North),metro,2026-04-05,2026-04-05T05:30:32,6.5
QN0904,Ozone Park (North),metro,2026-04-06,2026-04-06T05:30:33,10.2
QN0904,Ozone Park (North),metro,2026-04-07,2026-04-07T05:30:33,10.1
QN0904,Ozone Park (North),metro,2026-04-08,2026-04-08T05:30:33,9.2
QN0904,Ozone Park (North),metro,2026-04-09,2026-04-09T05:30:33,9.3
QN0904,Ozone Park (North),metro,2026-04-10,2026-04-10T05:30:33,10.4
QN0904,Ozone Park (North),metro,2026-04-11,2026-04-11T05:30:32,11.2
QN0904,Ozone Park (North),metro,2026-04-12,2026-04-12T05:30:31,10.1
QN0904,Ozone Park (North),metro,2026-04-13,2026-04-13T05:30:30,10.7
QN0904,Ozone Park (North),metro,2026-04-14,2026-04-14T05:30:30,11.8
QN0904,Ozone Park (North),metro,2026-04-15,2026-04-15T05:30:32,11.7
QN0904,Ozone Park (North),metro,2026-04-16,2026-04-16T05:30:33,11.7
QN0904,Ozone Park (North),metro,2026-04-17,2026-04-17T05:30:33,11.6
QN0904,Ozone Park (North),metro,2026-04-18,2026-04-18T05:30:32,11.3
QN0905,Woodhaven,metro,2026-03-21,2026-03-21T05:30:33,6.8
QN0905,Woodhaven,metro,2026-03-22,2026-03-22T05:30:33,6.6
QN0905,Woodhaven,metro,2026-03-23,2026-03-23T05:30:33,2.7
QN0905,Woodhaven,metro,2026-03-24,2026-03-24T05:30:33,7.8
QN0905,Woodhaven,metro,2026-03-25,2026-03-25T05:30:33,7.6
QN0905,Woodhaven,metro,2026-03-26,2026-03-26T05:30:33,8.1
QN0905,Woodhaven,metro,2026-03-27,2026-03-27T05:30:33,6.8
QN0905,Woodhaven,metro,2026-03-28,2026-03-28T05:30:33,7.7
QN0905,Woodhaven,metro,2026-03-29,2026-03-29T05:30:33,7.3
QN0905,Woodhaven,metro,2026-03-30,2026-03-30T05:30:33,8.5
QN0905,Woodhaven,metro,2026-03-31,2026-03-31T05:30:32,5.9
QN0905,Woodhaven,metro,2026-04-01,2026-04-01T05:30:32,7.5
QN0905,Woodhaven,metro,2026-04-02,2026-04-02T05:30:32,5.4
QN0905,Woodhaven,metro,2026-04-03,2026-04-03T05:30:33,9.1
QN0905,Woodhaven,metro,2026-04-04,2026-04-04T05:30:33,9.4
QN0905,Woodhaven,metro,2026-04-05,2026-04-05T05:30:32,6.5
QN0905,Woodhaven,metro,2026-04-06,2026-04-06T05:30:33,10.2
QN0905,Woodhaven,metro,2026-04-07,2026-04-07T05:30:33,10.1
QN0905,Woodhaven,metro,2026-04-08,2026-04-08T05:30:33,9.2
QN0905,Woodhaven,metro,2026-04-09,2026-04-09T05:30:33,9.3
QN0905,Woodhaven,metro,2026-04-10,2026-04-10T05:30:33,10.4
QN0905,Woodhaven,metro,2026-04-11,2026-04-11T05:30:32,11.2
QN0905,Woodhaven,metro,2026-04-12,2026-04-12T05:30:31,10.1
QN0905,Woodhaven,metro,2026-04-13,2026-04-13T05:30:30,10.7
QN0905,Woodhaven,metro,2026-04-14,2026-04-14T05:30:30,11.8
QN0905,Woodhaven,metro,2026-04-15,2026-04-15T05:30:32,11.7
QN0905,Woodhaven,metro,2026-04-16,2026-04-16T05:30:33,11.7
QN0905,Woodhaven,metro,2026-04-17,2026-04-17T05:30:33,11.6
QN0905,Woodhaven,metro,2026-04-18,2026-04-18T05:30:32,11.3
QN1001,South Ozone Park,metro,2026-03-21,2026-03-21T05:30:33,6.8
QN1001,South Ozone Park,metro,2026-03-22,2026-03-22T05:30:33,6.6
QN1001,South Ozone Park,metro,2026-03-23,2026-03-23T05:30:33,2.7
QN1001,South Ozone Park,metro,2026-03-24,2026-03-24T05:30:33,7.8
QN1001,South Ozone Park,metro,2026-03-25,2026-03-25T05:30:33,7.6
QN1001,South Ozone Park,metro,2026-03-26,2026-03-26T05:30:33,8.1
QN1001,South Ozone Park,metro,2026-03-27,2026-03-27T05:30:33,6.8
QN1001,South Ozone Park,metro,2026-03-28,2026-03-28T05:30:33,7.7
QN1001,South Ozone Park,metro,2026-03-29,2026-03-29T05:30:33,7.3
QN1001,South Ozone Park,metro,2026-03-30,2026-03-30T05:30:33,8.5
QN1001,South Ozone Park,metro,2026-03-31,2026-03-31T05:30:32,5.9
QN1001,South Ozone Park,metro,2026-04-01,2026-04-01T05:30:32,7.5
QN1001,South Ozone Park,metro,2026-04-02,2026-04-02T05:30:32,5.4
QN1001,South Ozone Park,metro,2026-04-03,2026-04-03T05:30:33,9.1
QN1001,South Ozone Park,metro,2026-04-04,2026-04-04T05:30:33,9.4
QN1001,South Ozone Park,metro,2026-04-05,2026-04-05T05:30:32,6.5
QN1001,South Ozone Park,metro,2026-04-06,2026-04-06T05:30:33,10.2
QN1001,South Ozone Park,metro,2026-04-07,2026-04-07T05:30:33,10.1
QN1001,South Ozone Park,metro,2026-04-08,2026-04-08T05:30:33,9.2
QN1001,South Ozone Park,metro,2026-04-09,2026-04-09T05:30:33,9.3
QN1001,South Ozone Park,metro,2026-04-10,2026-04-10T05:30:33,10.4
QN1001,South Ozone Park,metro,2026-04-11,2026-04-11T05:30:32,11.2
QN1001,South Ozone Park,metro,2026-04-12,2026-04-12T05:30:31,10.1
QN1001,South Ozone Park,metro,2026-04-13,2026-04-13T05:30:30,10.7
QN1001,South Ozone Park,metro,2026-04-14,2026-04-14T05:30:30,11.8
QN1001,South Ozone Park,metro,2026-04-15,2026-04-15T05:30:32,11.7
QN1001,South Ozone Park,metro,2026-04-16,2026-04-16T05:30:33,11.7
QN1001,South Ozone Park,metro,2026-04-17,2026-04-17T05:30:33,11.6
QN1001,South Ozone Park,metro,2026-04-18,2026-04-18T05:30:32,11.3
QN1002,Ozone Park,metro,2026-03-21,2026-03-21T05:30:33,6.8
QN1002,Ozone Park,metro,2026-03-22,2026-03-22T05:30:33,6.6
QN1002,Ozone Park,metro,2026-03-23,2026-03-23T05:30:33,2.7
QN1002,Ozone Park,metro,2026-03-24,2026-03-24T05:30:33,7.8
QN1002,Ozone Park,metro,2026-03-25,2026-03-25T05:30:33,7.6
QN1002,Ozone Park,metro,2026-03-26,2026-03-26T05:30:33,8.1
QN1002,Ozone Park,metro,2026-03-27,2026-03-27T05:30:33,6.8
QN1002,Ozone Park,metro,2026-03-28,2026-03-28T05:30:33,7.7
QN1002,Ozone Park,metro,2026-03-29,2026-03-29T05:30:33,7.3
QN1002,Ozone Park,metro,2026-03-30,2026-03-30T05:30:33,8.5
QN1002,Ozone Park,metro,2026-03-31,2026-03-31T05:30:32,5.9
QN1002,Ozone Park,metro,2026-04-01,2026-04-01T05:30:32,7.5
QN1002,Ozone Park,metro,2026-04-02,2026-04-02T05:30:32,5.4
QN1002,Ozone Park,metro,2026-04-03,2026-04-03T05:30:33,9.1
QN1002,Ozone Park,metro,2026-04-04,2026-04-04T05:30:33,9.4
QN1002,Ozone Park,metro,2026-04-05,2026-04-05T05:30:32,6.5
QN1002,Ozone Park,metro,2026-04-06,2026-04-06T05:30:33,10.2
QN1002,Ozone Park,metro,2026-04-07,2026-04-07T05:30:33,10.1
QN1002,Ozone Park,metro,2026-04-08,2026-04-08T05:30:33,9.2
QN1002,Ozone Park,metro,2026-04-09,2026-04-09T05:30:33,9.3
QN1002,Ozone Park,metro,2026-04-10,2026-04-10T05:30:33,10.4
QN1002,Ozone Park,metro,2026-04-11,2026-04-11T05:30:32,11.2
QN1002,Ozone Park,metro,2026-04-12,2026-04-12T05:30:31,10.1
QN1002,Ozone Park,metro,2026-04-13,2026-04-13T05:30:30,10.7
QN1002,Ozone Park,metro,2026-04-14,2026-04-14T05:30:30,11.8
QN1002,Ozone Park,metro,2026-04-15,2026-04-15T05:30:32,11.7
QN1002,Ozone Park,metro,2026-04-16,2026-04-16T05:30:33,11.7
QN1002,Ozone Park,metro,2026-04-17,2026-04-17T05:30:33,11.6
QN1002,Ozone Park,metro,2026-04-18,2026-04-18T05:30:32,11.3
QN1003,Howard Beach-Lindenwood,metro,2026-03-21,2026-03-21T05:30:33,6.8
QN1003,Howard Beach-Lindenwood,metro,2026-03-22,2026-03-22T05:30:33,6.6
QN1003,Howard Beach-Lindenwood,metro,2026-03-23,2026-03-23T05:30:33,2.7
QN1003,Howard Beach-Lindenwood,metro,2026-03-24,2026-03-24T05:30:33,7.8
QN1003,Howard Beach-Lindenwood,metro,2026-03-25,2026-03-25T05:30:33,7.6
QN1003,Howard Beach-Lindenwood,metro,2026-03-26,2026-03-26T05:30:33,8.1
QN1003,Howard Beach-Lindenwood,metro,2026-03-27,2026-03-27T05:30:33,6.8
QN1003,Howard Beach-Lindenwood,metro,2026-03-28,2026-03-28T05:30:33,7.7
QN1003,Howard Beach-Lindenwood,metro,2026-03-29,2026-03-29T05:30:33,7.3
QN1003,Howard Beach-Lindenwood,metro,2026-03-30,2026-03-30T05:30:33,8.5
QN1003,Howard Beach-Lindenwood,metro,2026-03-31,2026-03-31T05:30:32,5.9
QN1003,Howard Beach-Lindenwood,metro,2026-04-01,2026-04-01T05:30:32,7.5
QN1003,Howard Beach-Lindenwood,metro,2026-04-02,2026-04-02T05:30:32,5.4
QN1003,Howard Beach-Lindenwood,metro,2026-04-03,2026-04-03T05:30:33,9.1
QN1003,Howard Beach-Lindenwood,metro,2026-04-04,2026-04-04T05:30:33,9.4
QN1003,Howard Beach-Lindenwood,metro,2026-04-05,2026-04-05T05:30:32,6.5
QN1003,Howard Beach-Lindenwood,metro,2026-04-06,2026-04-06T05:30:33,10.2
QN1003,Howard Beach-Lindenwood,metro,2026-04-07,2026-04-07T05:30:33,10.1
QN1003,Howard Beach-Lindenwood,metro,2026-04-08,2026-04-08T05:30:33,9.2
QN1003,Howard Beach-Lindenwood,metro,2026-04-09,2026-04-09T05:30:33,9.3
QN1003,Howard Beach-Lindenwood,metro,2026-04-10,2026-04-10T05:30:33,10.4
QN1003,Howard Beach-Lindenwood,metro,2026-04-11,2026-04-11T05:30:32,11.2
QN1003,Howard Beach-Lindenwood,metro,2026-04-12,2026-04-12T05:30:31,10.1
QN1003,Howard Beach-Lindenwood,metro,2026-04-13,2026-04-13T05:30:30,10.7
QN1003,Howard Beach-Lindenwood,metro,2026-04-14,2026-04-14T05:30:30,11.8
QN1003,Howard Beach-Lindenwood,metro,2026-04-15,2026-04-15T05:30:32,11.7
QN1003,Howard Beach-Lindenwood,metro,2026-04-16,2026-04-16T05:30:33,11.7
QN1003,Howard Beach-Lindenwood,metro,2026-04-17,2026-04-17T05:30:33,11.6
QN1003,Howard Beach-Lindenwood,metro,2026-04-18,2026-04-18T05:30:32,11.3
QN1091,Spring Creek Park,metro,2026-03-21,2026-03-21T05:30:33,6.8
QN1091,Spring Creek Park,metro,2026-03-22,2026-03-22T05:30:33,6.6
QN1091,Spring Creek Park,metro,2026-03-23,2026-03-23T05:30:33,2.7
QN1091,Spring Creek Park,metro,2026-03-24,2026-03-24T05:30:33,7.8
QN1091,Spring Creek Park,metro,2026-03-25,2026-03-25T05:30:33,7.6
QN1091,Spring Creek Park,metro,2026-03-26,2026-03-26T05:30:33,8.1
QN1091,Spring Creek Park,metro,2026-03-27,2026-03-27T05:30:33,6.8
QN1091,Spring Creek Park,metro,2026-03-28,2026-03-28T05:30:33,7.7
QN1091,Spring Creek Park,metro,2026-03-29,2026-03-29T05:30:33,7.3
QN1091,Spring Creek Park,metro,2026-03-30,2026-03-30T05:30:33,8.5
QN1091,Spring Creek Park,metro,2026-03-31,2026-03-31T05:30:32,5.9
QN1091,Spring Creek Park,metro,2026-04-01,2026-04-01T05:30:32,7.5
QN1091,Spring Creek Park,metro,2026-04-02,2026-04-02T05:30:32,5.4
QN1091,Spring Creek Park,metro,2026-04-03,2026-04-03T05:30:33,9.1
QN1091,Spring Creek Park,metro,2026-04-04,2026-04-04T05:30:33,9.4
QN1091,Spring Creek Park,metro,2026-04-05,2026-04-05T05:30:32,6.5
QN1091,Spring Creek Park,metro,2026-04-06,2026-04-06T05:30:33,10.2
QN1091,Spring Creek Park,metro,2026-04-07,2026-04-07T05:30:33,10.1
QN1091,Spring Creek Park,metro,2026-04-08,2026-04-08T05:30:33,9.2
QN1091,Spring Creek Park,metro,2026-04-09,2026-04-09T05:30:33,9.3
QN1091,Spring Creek Park,metro,2026-04-10,2026-04-10T05:30:33,10.4
QN1091,Spring Creek Park,metro,2026-04-11,2026-04-11T05:30:32,11.2
QN1091,Spring Creek Park,metro,2026-04-12,2026-04-12T05:30:31,10.1
QN1091,Spring Creek Park,metro,2026-04-13,2026-04-13T05:30:30,10.7
QN1091,Spring Creek Park,metro,2026-04-14,2026-04-14T05:30:30,11.8
QN1091,Spring Creek Park,metro,2026-04-15,2026-04-15T05:30:32,11.7
QN1091,Spring Creek Park,metro,2026-04-16,2026-04-16T05:30:33,11.7
QN1091,Spring Creek Park,metro,2026-04-17,2026-04-17T05:30:33,11.6
QN1091,Spring Creek Park,metro,2026-04-18,2026-04-18T05:30:32,11.3
QN1101,Auburndale,metro,2026-03-21,2026-03-21T05:30:33,6.8
QN1101,Auburndale,metro,2026-03-22,2026-03-22T05:30:33,6.6
QN1101,Auburndale,metro,2026-03-23,2026-03-23T05:30:33,2.7
QN1101,Auburndale,metro,2026-03-24,2026-03-24T05:30:33,7.8
QN1101,Auburndale,metro,2026-03-25,2026-03-25T05:30:33,7.6
QN1101,Auburndale,metro,2026-03-26,2026-03-26T05:30:33,8.1
QN1101,Auburndale,metro,2026-03-27,2026-03-27T05:30:33,6.8
QN1101,Auburndale,metro,2026-03-28,2026-03-28T05:30:33,7.7
QN1101,Auburndale,metro,2026-03-29,2026-03-29T05:30:33,7.3
QN1101,Auburndale,metro,2026-03-30,2026-03-30T05:30:33,8.5
QN1101,Auburndale,metro,2026-03-31,2026-03-31T05:30:32,5.9
QN1101,Auburndale,metro,2026-04-01,2026-04-01T05:30:32,7.5
QN1101,Auburndale,metro,2026-04-02,2026-04-02T05:30:32,5.4
QN1101,Auburndale,metro,2026-04-03,2026-04-03T05:30:33,9.1
QN1101,Auburndale,metro,2026-04-04,2026-04-04T05:30:33,9.4
QN1101,Auburndale,metro,2026-04-05,2026-04-05T05:30:32,6.5
QN1101,Auburndale,metro,2026-04-06,2026-04-06T05:30:33,10.2
QN1101,Auburndale,metro,2026-04-07,2026-04-07T05:30:33,10.1
QN1101,Auburndale,metro,2026-04-08,2026-04-08T05:30:33,9.2
QN1101,Auburndale,metro,2026-04-09,2026-04-09T05:30:33,9.3
QN1101,Auburndale,metro,2026-04-10,2026-04-10T05:30:33,10.4
QN1101,Auburndale,metro,2026-04-11,2026-04-11T05:30:32,11.2
QN1101,Auburndale,metro,2026-04-12,2026-04-12T05:30:31,10.1
QN1101,Auburndale,metro,2026-04-13,2026-04-13T05:30:30,10.7
QN1101,Auburndale,metro,2026-04-14,2026-04-14T05:30:30,11.8
QN1101,Auburndale,metro,2026-04-15,2026-04-15T05:30:32,11.7
QN1101,Auburndale,metro,2026-04-16,2026-04-16T05:30:33,11.7
QN1101,Auburndale,metro,2026-04-17,2026-04-17T05:30:33,11.6
QN1101,Auburndale,metro,2026-04-18,2026-04-18T05:30:32,11.3
QN1102,Bayside,metro,2026-03-21,2026-03-21T05:30:33,6.8
QN1102,Bayside,metro,2026-03-22,2026-03-22T05:30:33,6.6
QN1102,Bayside,metro,2026-03-23,2026-03-23T05:30:33,2.7
QN1102,Bayside,metro,2026-03-24,2026-03-24T05:30:33,7.8
QN1102,Bayside,metro,2026-03-25,2026-03-25T05:30:33,7.6
QN1102,Bayside,metro,2026-03-26,2026-03-26T05:30:33,8.1
QN1102,Bayside,metro,2026-03-27,2026-03-27T05:30:33,6.8
QN1102,Bayside,metro,2026-03-28,2026-03-28T05:30:33,7.7
QN1102,Bayside,metro,2026-03-29,2026-03-29T05:30:33,7.3
QN1102,Bayside,metro,2026-03-30,2026-03-30T05:30:33,8.5
QN1102,Bayside,metro,2026-03-31,2026-03-31T05:30:32,5.9
QN1102,Bayside,metro,2026-04-01,2026-04-01T05:30:32,7.5
QN1102,Bayside,metro,2026-04-02,2026-04-02T05:30:32,5.4
QN1102,Bayside,metro,2026-04-03,2026-04-03T05:30:33,9.1
QN1102,Bayside,metro,2026-04-04,2026-04-04T05:30:33,9.4
QN1102,Bayside,metro,2026-04-05,2026-04-05T05:30:32,6.5
QN1102,Bayside,metro,2026-04-06,2026-04-06T05:30:33,10.2
QN1102,Bayside,metro,2026-04-07,2026-04-07T05:30:33,10.1
QN1102,Bayside,metro,2026-04-08,2026-04-08T05:30:33,9.2
QN1102,Bayside,metro,2026-04-09,2026-04-09T05:30:33,9.3
QN1102,Bayside,metro,2026-04-10,2026-04-10T05:30:33,10.4
QN1102,Bayside,metro,2026-04-11,2026-04-11T05:30:32,11.2
QN1102,Bayside,metro,2026-04-12,2026-04-12T05:30:31,10.1
QN1102,Bayside,metro,2026-04-13,2026-04-13T05:30:30,10.7
QN1102,Bayside,metro,2026-04-14,2026-04-14T05:30:30,11.8
QN1102,Bayside,metro,2026-04-15,2026-04-15T05:30:32,11.7
QN1102,Bayside,metro,2026-04-16,2026-04-16T05:30:33,11.7
QN1102,Bayside,metro,2026-04-17,2026-04-17T05:30:33,11.6
QN1102,Bayside,metro,2026-04-18,2026-04-18T05:30:32,11.3
QN1103,Douglaston-Little Neck,metro,2026-03-21,2026-03-21T05:30:33,6.8
QN1103,Douglaston-Little Neck,metro,2026-03-22,2026-03-22T05:30:33,6.6
QN1103,Douglaston-Little Neck,metro,2026-03-23,2026-03-23T05:30:33,2.7
QN1103,Douglaston-Little Neck,metro,2026-03-24,2026-03-24T05:30:33,7.8
QN1103,Douglaston-Little Neck,metro,2026-03-25,2026-03-25T05:30:33,7.6
QN1103,Douglaston-Little Neck,metro,2026-03-26,2026-03-26T05:30:33,8.1
QN1103,Douglaston-Little Neck,metro,2026-03-27,2026-03-27T05:30:33,6.8
QN1103,Douglaston-Little Neck,metro,2026-03-28,2026-03-28T05:30:33,7.7
QN1103,Douglaston-Little Neck,metro,2026-03-29,2026-03-29T05:30:33,7.3
QN1103,Douglaston-Little Neck,metro,2026-03-30,2026-03-30T05:30:33,8.5
QN1103,Douglaston-Little Neck,metro,2026-03-31,2026-03-31T05:30:32,5.9
QN1103,Douglaston-Little Neck,metro,2026-04-01,2026-04-01T05:30:32,7.5
QN1103,Douglaston-Little Neck,metro,2026-04-02,2026-04-02T05:30:32,5.4
QN1103,Douglaston-Little Neck,metro,2026-04-03,2026-04-03T05:30:33,9.1
QN1103,Douglaston-Little Neck,metro,2026-04-04,2026-04-04T05:30:33,9.4
QN1103,Douglaston-Little Neck,metro,2026-04-05,2026-04-05T05:30:32,6.5
QN1103,Douglaston-Little Neck,metro,2026-04-06,2026-04-06T05:30:33,10.2
QN1103,Douglaston-Little Neck,metro,2026-04-07,2026-04-07T05:30:33,10.1
QN1103,Douglaston-Little Neck,metro,2026-04-08,2026-04-08T05:30:33,9.2
QN1103,Douglaston-Little Neck,metro,2026-04-09,2026-04-09T05:30:33,9.3
QN1103,Douglaston-Little Neck,metro,2026-04-10,2026-04-10T05:30:33,10.4
QN1103,Douglaston-Little Neck,metro,2026-04-11,2026-04-11T05:30:32,11.2
QN1103,Douglaston-Little Neck,metro,2026-04-12,2026-04-12T05:30:31,10.1
QN1103,Douglaston-Little Neck,metro,2026-04-13,2026-04-13T05:30:30,10.7
QN1103,Douglaston-Little Neck,metro,2026-04-14,2026-04-14T05:30:30,11.8
QN1103,Douglaston-Little Neck,metro,2026-04-15,2026-04-15T05:30:32,11.7
QN1103,Douglaston-Little Neck,metro,2026-04-16,2026-04-16T05:30:33,11.7
QN1103,Douglaston-Little Neck,metro,2026-04-17,2026-04-17T05:30:33,11.6
QN1103,Douglaston-Little Neck,metro,2026-04-18,2026-04-18T05:30:32,11.3
QN1104,Oakland Gardens-Hollis Hills,metro,2026-03-21,2026-03-21T05:30:33,6.8
QN1104,Oakland Gardens-Hollis Hills,metro,2026-03-22,2026-03-22T05:30:33,6.6
QN1104,Oakland Gardens-Hollis Hills,metro,2026-03-23,2026-03-23T05:30:33,2.7
QN1104,Oakland Gardens-Hollis Hills,metro,2026-03-24,2026-03-24T05:30:33,7.8
QN1104,Oakland Gardens-Hollis Hills,metro,2026-03-25,2026-03-25T05:30:33,7.6
QN1104,Oakland Gardens-Hollis Hills,metro,2026-03-26,2026-03-26T05:30:33,8.1
QN1104,Oakland Gardens-Hollis Hills,metro,2026-03-27,2026-03-27T05:30:33,6.8
QN1104,Oakland Gardens-Hollis Hills,metro,2026-03-28,2026-03-28T05:30:33,7.7
QN1104,Oakland Gardens-Hollis Hills,metro,2026-03-29,2026-03-29T05:30:33,7.3
QN1104,Oakland Gardens-Hollis Hills,metro,2026-03-30,2026-03-30T05:30:33,8.5
QN1104,Oakland Gardens-Hollis Hills,metro,2026-03-31,2026-03-31T05:30:32,5.9
QN1104,Oakland Gardens-Hollis Hills,metro,2026-04-01,2026-04-01T05:30:32,7.5
QN1104,Oakland Gardens-Hollis Hills,metro,2026-04-02,2026-04-02T05:30:32,5.4
QN1104,Oakland Gardens-Hollis Hills,metro,2026-04-03,2026-04-03T05:30:33,9.1
QN1104,Oakland Gardens-Hollis Hills,metro,2026-04-04,2026-04-04T05:30:33,9.4
QN1104,Oakland Gardens-Hollis Hills,metro,2026-04-05,2026-04-05T05:30:32,6.5
QN1104,Oakland Gardens-Hollis Hills,metro,2026-04-06,2026-04-06T05:30:33,10.2
QN1104,Oakland Gardens-Hollis Hills,metro,2026-04-07,2026-04-07T05:30:33,10.1
QN1104,Oakland Gardens-Hollis Hills,metro,2026-04-08,2026-04-08T05:30:33,9.2
QN1104,Oakland Gardens-Hollis Hills,metro,2026-04-09,2026-04-09T05:30:33,9.3
QN1104,Oakland Gardens-Hollis Hills,metro,2026-04-10,2026-04-10T05:30:33,10.4
QN1104,Oakland Gardens-Hollis Hills,metro,2026-04-11,2026-04-11T05:30:32,11.2
QN1104,Oakland Gardens-Hollis Hills,metro,2026-04-12,2026-04-12T05:30:31,10.1
QN1104,Oakland Gardens-Hollis Hills,metro,2026-04-13,2026-04-13T05:30:30,10.7
QN1104,Oakland Gardens-Hollis Hills,metro,2026-04-14,2026-04-14T05:30:30,11.8
QN1104,Oakland Gardens-Hollis Hills,metro,2026-04-15,2026-04-15T05:30:32,11.7
QN1104,Oakland Gardens-Hollis Hills,metro,2026-04-16,2026-04-16T05:30:33,11.7
QN1104,Oakland Gardens-Hollis Hills,metro,2026-04-17,2026-04-17T05:30:33,11.6
QN1104,Oakland Gardens-Hollis Hills,metro,2026-04-18,2026-04-18T05:30:32,11.3
QN1191,Alley Pond Park,metro,2026-03-21,2026-03-21T05:30:33,6.8
QN1191,Alley Pond Park,metro,2026-03-22,2026-03-22T05:30:33,6.6
QN1191,Alley Pond Park,metro,2026-03-23,2026-03-23T05:30:33,2.7
QN1191,Alley Pond Park,metro,2026-03-24,2026-03-24T05:30:33,7.8
QN1191,Alley Pond Park,metro,2026-03-25,2026-03-25T05:30:33,7.6
QN1191,Alley Pond Park,metro,2026-03-26,2026-03-26T05:30:33,8.1
QN1191,Alley Pond Park,metro,2026-03-27,2026-03-27T05:30:33,6.8
QN1191,Alley Pond Park,metro,2026-03-28,2026-03-28T05:30:33,7.7
QN1191,Alley Pond Park,metro,2026-03-29,2026-03-29T05:30:33,7.3
QN1191,Alley Pond Park,metro,2026-03-30,2026-03-30T05:30:33,8.5
QN1191,Alley Pond Park,metro,2026-03-31,2026-03-31T05:30:32,5.9
QN1191,Alley Pond Park,metro,2026-04-01,2026-04-01T05:30:32,7.5
QN1191,Alley Pond Park,metro,2026-04-02,2026-04-02T05:30:32,5.4
QN1191,Alley Pond Park,metro,2026-04-03,2026-04-03T05:30:33,9.1
QN1191,Alley Pond Park,metro,2026-04-04,2026-04-04T05:30:33,9.4
QN1191,Alley Pond Park,metro,2026-04-05,2026-04-05T05:30:32,6.5
QN1191,Alley Pond Park,metro,2026-04-06,2026-04-06T05:30:33,10.2
QN1191,Alley Pond Park,metro,2026-04-07,2026-04-07T05:30:33,10.1
QN1191,Alley Pond Park,metro,2026-04-08,2026-04-08T05:30:33,9.2
QN1191,Alley Pond Park,metro,2026-04-09,2026-04-09T05:30:33,9.3
QN1191,Alley Pond Park,metro,2026-04-10,2026-04-10T05:30:33,10.4
QN1191,Alley Pond Park,metro,2026-04-11,2026-04-11T05:30:32,11.2
QN1191,Alley Pond Park,metro,2026-04-12,2026-04-12T05:30:31,10.1
QN1191,Alley Pond Park,metro,2026-04-13,2026-04-13T05:30:30,10.7
QN1191,Alley Pond Park,metro,2026-04-14,2026-04-14T05:30:30,11.8
QN1191,Alley Pond Park,metro,2026-04-15,2026-04-15T05:30:32,11.7
QN1191,Alley Pond Park,metro,2026-04-16,2026-04-16T05:30:33,11.7
QN1191,Alley Pond Park,metro,2026-04-17,2026-04-17T05:30:33,11.6
QN1191,Alley Pond Park,metro,2026-04-18,2026-04-18T05:30:32,11.3
QN1201,Jamaica,metro,2026-03-21,2026-03-21T05:30:33,6.8
QN1201,Jamaica,metro,2026-03-22,2026-03-22T05:30:33,6.6
QN1201,Jamaica,metro,2026-03-23,2026-03-23T05:30:33,2.7
QN1201,Jamaica,metro,2026-03-24,2026-03-24T05:30:33,7.8
QN1201,Jamaica,metro,2026-03-25,2026-03-25T05:30:33,7.6
QN1201,Jamaica,metro,2026-03-26,2026-03-26T05:30:33,8.1
QN1201,Jamaica,metro,2026-03-27,2026-03-27T05:30:33,6.8
QN1201,Jamaica,metro,2026-03-28,2026-03-28T05:30:33,7.7
QN1201,Jamaica,metro,2026-03-29,2026-03-29T05:30:33,7.3
QN1201,Jamaica,metro,2026-03-30,2026-03-30T05:30:33,8.5
QN1201,Jamaica,metro,2026-03-31,2026-03-31T05:30:32,5.9
QN1201,Jamaica,metro,2026-04-01,2026-04-01T05:30:32,7.5
QN1201,Jamaica,metro,2026-04-02,2026-04-02T05:30:32,5.4
QN1201,Jamaica,metro,2026-04-03,2026-04-03T05:30:33,9.1
QN1201,Jamaica,metro,2026-04-04,2026-04-04T05:30:33,9.4
QN1201,Jamaica,metro,2026-04-05,2026-04-05T05:30:32,6.5
QN1201,Jamaica,metro,2026-04-06,2026-04-06T05:30:33,10.2
QN1201,Jamaica,metro,2026-04-07,2026-04-07T05:30:33,10.1
QN1201,Jamaica,metro,2026-04-08,2026-04-08T05:30:33,9.2
QN1201,Jamaica,metro,2026-04-09,2026-04-09T05:30:33,9.3
QN1201,Jamaica,metro,2026-04-10,2026-04-10T05:30:33,10.4
QN1201,Jamaica,metro,2026-04-11,2026-04-11T05:30:32,11.2
QN1201,Jamaica,metro,2026-04-12,2026-04-12T05:30:31,10.1
QN1201,Jamaica,metro,2026-04-13,2026-04-13T05:30:30,10.7
QN1201,Jamaica,metro,2026-04-14,2026-04-14T05:30:30,11.8
QN1201,Jamaica,metro,2026-04-15,2026-04-15T05:30:32,11.7
QN1201,Jamaica,metro,2026-04-16,2026-04-16T05:30:33,11.7
QN1201,Jamaica,metro,2026-04-17,2026-04-17T05:30:33,11.6
QN1201,Jamaica,metro,2026-04-18,2026-04-18T05:30:32,11.3
QN1202,South Jamaica,metro,2026-03-21,2026-03-21T05:30:33,6.8
QN1202,South Jamaica,metro,2026-03-22,2026-03-22T05:30:33,6.6
QN1202,South Jamaica,metro,2026-03-23,2026-03-23T05:30:33,2.7
QN1202,South Jamaica,metro,2026-03-24,2026-03-24T05:30:33,7.8
QN1202,South Jamaica,metro,2026-03-25,2026-03-25T05:30:33,7.6
QN1202,South Jamaica,metro,2026-03-26,2026-03-26T05:30:33,8.1
QN1202,South Jamaica,metro,2026-03-27,2026-03-27T05:30:33,6.8
QN1202,South Jamaica,metro,2026-03-28,2026-03-28T05:30:33,7.7
QN1202,South Jamaica,metro,2026-03-29,2026-03-29T05:30:33,7.3
QN1202,South Jamaica,metro,2026-03-30,2026-03-30T05:30:33,8.5
QN1202,South Jamaica,metro,2026-03-31,2026-03-31T05:30:32,5.9
QN1202,South Jamaica,metro,2026-04-01,2026-04-01T05:30:32,7.5
QN1202,South Jamaica,metro,2026-04-02,2026-04-02T05:30:32,5.4
QN1202,South Jamaica,metro,2026-04-03,2026-04-03T05:30:33,9.1
QN1202,South Jamaica,metro,2026-04-04,2026-04-04T05:30:33,9.4
QN1202,South Jamaica,metro,2026-04-05,2026-04-05T05:30:32,6.5
QN1202,South Jamaica,metro,2026-04-06,2026-04-06T05:30:33,10.2
QN1202,South Jamaica,metro,2026-04-07,2026-04-07T05:30:33,10.1
QN1202,South Jamaica,metro,2026-04-08,2026-04-08T05:30:33,9.2
QN1202,South Jamaica,metro,2026-04-09,2026-04-09T05:30:33,9.3
QN1202,South Jamaica,metro,2026-04-10,2026-04-10T05:30:33,10.4
QN1202,South Jamaica,metro,2026-04-11,2026-04-11T05:30:32,11.2
QN1202,South Jamaica,metro,2026-04-12,2026-04-12T05:30:31,10.1
QN1202,South Jamaica,metro,2026-04-13,2026-04-13T05:30:30,10.7
QN1202,South Jamaica,metro,2026-04-14,2026-04-14T05:30:30,11.8
QN1202,South Jamaica,metro,2026-04-15,2026-04-15T05:30:32,11.7
QN1202,South Jamaica,metro,2026-04-16,2026-04-16T05:30:33,11.7
QN1202,South Jamaica,metro,2026-04-17,2026-04-17T05:30:33,11.6
QN1202,South Jamaica,metro,2026-04-18,2026-04-18T05:30:32,11.3
QN1203,Baisley Park,metro,2026-03-21,2026-03-21T05:30:33,6.8
QN1203,Baisley Park,metro,2026-03-22,2026-03-22T05:30:33,6.6
QN1203,Baisley Park,metro,2026-03-23,2026-03-23T05:30:33,2.7
QN1203,Baisley Park,metro,2026-03-24,2026-03-24T05:30:33,7.8
QN1203,Baisley Park,metro,2026-03-25,2026-03-25T05:30:33,7.6
QN1203,Baisley Park,metro,2026-03-26,2026-03-26T05:30:33,8.1
QN1203,Baisley Park,metro,2026-03-27,2026-03-27T05:30:33,6.8
QN1203,Baisley Park,metro,2026-03-28,2026-03-28T05:30:33,7.7
QN1203,Baisley Park,metro,2026-03-29,2026-03-29T05:30:33,7.3
QN1203,Baisley Park,metro,2026-03-30,2026-03-30T05:30:33,8.5
QN1203,Baisley Park,metro,2026-03-31,2026-03-31T05:30:32,5.9
QN1203,Baisley Park,metro,2026-04-01,2026-04-01T05:30:32,7.5
QN1203,Baisley Park,metro,2026-04-02,2026-04-02T05:30:32,5.4
QN1203,Baisley Park,metro,2026-04-03,2026-04-03T05:30:33,9.1
QN1203,Baisley Park,metro,2026-04-04,2026-04-04T05:30:33,9.4
QN1203,Baisley Park,metro,2026-04-05,2026-04-05T05:30:32,6.5
QN1203,Baisley Park,metro,2026-04-06,2026-04-06T05:30:33,10.2
QN1203,Baisley Park,metro,2026-04-07,2026-04-07T05:30:33,10.1
QN1203,Baisley Park,metro,2026-04-08,2026-04-08T05:30:33,9.2
QN1203,Baisley Park,metro,2026-04-09,2026-04-09T05:30:33,9.3
QN1203,Baisley Park,metro,2026-04-10,2026-04-10T05:30:33,10.4
QN1203,Baisley Park,metro,2026-04-11,2026-04-11T05:30:32,11.2
QN1203,Baisley Park,metro,2026-04-12,2026-04-12T05:30:31,10.1
QN1203,Baisley Park,metro,2026-04-13,2026-04-13T05:30:30,10.7
QN1203,Baisley Park,metro,2026-04-14,2026-04-14T05:30:30,11.8
QN1203,Baisley Park,metro,2026-04-15,2026-04-15T05:30:32,11.7
QN1203,Baisley Park,metro,2026-04-16,2026-04-16T05:30:33,11.7
QN1203,Baisley Park,metro,2026-04-17,2026-04-17T05:30:33,11.6
QN1203,Baisley Park,metro,2026-04-18,2026-04-18T05:30:32,11.3
QN1204,Springfield Gardens (North)-Rochdale Village,metro,2026-03-21,2026-03-21T05:30:33,6.8
QN1204,Springfield Gardens (North)-Rochdale Village,metro,2026-03-22,2026-03-22T05:30:33,6.6
QN1204,Springfield Gardens (North)-Rochdale Village,metro,2026-03-23,2026-03-23T05:30:33,2.7
QN1204,Springfield Gardens (North)-Rochdale Village,metro,2026-03-24,2026-03-24T05:30:33,7.8
QN1204,Springfield Gardens (North)-Rochdale Village,metro,2026-03-25,2026-03-25T05:30:33,7.6
QN1204,Springfield Gardens (North)-Rochdale Village,metro,2026-03-26,2026-03-26T05:30:33,8.1
QN1204,Springfield Gardens (North)-Rochdale Village,metro,2026-03-27,2026-03-27T05:30:33,6.8
QN1204,Springfield Gardens (North)-Rochdale Village,metro,2026-03-28,2026-03-28T05:30:33,7.7
QN1204,Springfield Gardens (North)-Rochdale Village,metro,2026-03-29,2026-03-29T05:30:33,7.3
QN1204,Springfield Gardens (North)-Rochdale Village,metro,2026-03-30,2026-03-30T05:30:33,8.5
QN1204,Springfield Gardens (North)-Rochdale Village,metro,2026-03-31,2026-03-31T05:30:32,5.9
QN1204,Springfield Gardens (North)-Rochdale Village,metro,2026-04-01,2026-04-01T05:30:32,7.5
QN1204,Springfield Gardens (North)-Rochdale Village,metro,2026-04-02,2026-04-02T05:30:32,5.4
QN1204,Springfield Gardens (North)-Rochdale Village,metro,2026-04-03,2026-04-03T05:30:33,9.1
QN1204,Springfield Gardens (North)-Rochdale Village,metro,2026-04-04,2026-04-04T05:30:33,9.4
QN1204,Springfield Gardens (North)-Rochdale Village,metro,2026-04-05,2026-04-05T05:30:32,6.5
QN1204,Springfield Gardens (North)-Rochdale Village,metro,2026-04-06,2026-04-06T05:30:33,10.2
QN1204,Springfield Gardens (North)-Rochdale Village,metro,2026-04-07,2026-04-07T05:30:33,10.1
QN1204,Springfield Gardens (North)-Rochdale Village,metro,2026-04-08,2026-04-08T05:30:33,9.2
QN1204,Springfield Gardens (North)-Rochdale Village,metro,2026-04-09,2026-04-09T05:30:33,9.3
QN1204,Springfield Gardens (North)-Rochdale Village,metro,2026-04-10,2026-04-10T05:30:33,10.4
QN1204,Springfield Gardens (North)-Rochdale Village,metro,2026-04-11,2026-04-11T05:30:32,11.2
QN1204,Springfield Gardens (North)-Rochdale Village,metro,2026-04-12,2026-04-12T05:30:31,10.1
QN1204,Springfield Gardens (North)-Rochdale Village,metro,2026-04-13,2026-04-13T05:30:30,10.7
QN1204,Springfield Gardens (North)-Rochdale Village,metro,2026-04-14,2026-04-14T05:30:30,11.8
QN1204,Springfield Gardens (North)-Rochdale Village,metro,2026-04-15,2026-04-15T05:30:32,11.7
QN1204,Springfield Gardens (North)-Rochdale Village,metro,2026-04-16,2026-04-16T05:30:33,11.7
QN1204,Springfield Gardens (North)-Rochdale Village,metro,2026-04-17,2026-04-17T05:30:33,11.6
QN1204,Springfield Gardens (North)-Rochdale Village,metro,2026-04-18,2026-04-18T05:30:32,11.3
QN1205,St. Albans,metro,2026-03-21,2026-03-21T05:30:33,6.8
QN1205,St. Albans,metro,2026-03-22,2026-03-22T05:30:33,6.6
QN1205,St. Albans,metro,2026-03-23,2026-03-23T05:30:33,2.7
QN1205,St. Albans,metro,2026-03-24,2026-03-24T05:30:33,7.8
QN1205,St. Albans,metro,2026-03-25,2026-03-25T05:30:33,7.6
QN1205,St. Albans,metro,2026-03-26,2026-03-26T05:30:33,8.1
QN1205,St. Albans,metro,2026-03-27,2026-03-27T05:30:33,6.8
QN1205,St. Albans,metro,2026-03-28,2026-03-28T05:30:33,7.7
QN1205,St. Albans,metro,2026-03-29,2026-03-29T05:30:33,7.3
QN1205,St. Albans,metro,2026-03-30,2026-03-30T05:30:33,8.5
QN1205,St. Albans,metro,2026-03-31,2026-03-31T05:30:32,5.9
QN1205,St. Albans,metro,2026-04-01,2026-04-01T05:30:32,7.5
QN1205,St. Albans,metro,2026-04-02,2026-04-02T05:30:32,5.4
QN1205,St. Albans,metro,2026-04-03,2026-04-03T05:30:33,9.1
QN1205,St. Albans,metro,2026-04-04,2026-04-04T05:30:33,9.4
QN1205,St. Albans,metro,2026-04-05,2026-04-05T05:30:32,6.5
QN1205,St. Albans,metro,2026-04-06,2026-04-06T05:30:33,10.2
QN1205,St. Albans,metro,2026-04-07,2026-04-07T05:30:33,10.1
QN1205,St. Albans,metro,2026-04-08,2026-04-08T05:30:33,9.2
QN1205,St. Albans,metro,2026-04-09,2026-04-09T05:30:33,9.3
QN1205,St. Albans,metro,2026-04-10,2026-04-10T05:30:33,10.4
QN1205,St. Albans,metro,2026-04-11,2026-04-11T05:30:32,11.2
QN1205,St. Albans,metro,2026-04-12,2026-04-12T05:30:31,10.1
QN1205,St. Albans,metro,2026-04-13,2026-04-13T05:30:30,10.7
QN1205,St. Albans,metro,2026-04-14,2026-04-14T05:30:30,11.8
QN1205,St. Albans,metro,2026-04-15,2026-04-15T05:30:32,11.7
QN1205,St. Albans,metro,2026-04-16,2026-04-16T05:30:33,11.7
QN1205,St. Albans,metro,2026-04-17,2026-04-17T05:30:33,11.6
QN1205,St. Albans,metro,2026-04-18,2026-04-18T05:30:32,11.3
QN1206,Hollis,metro,2026-03-21,2026-03-21T05:30:33,6.8
QN1206,Hollis,metro,2026-03-22,2026-03-22T05:30:33,6.6
QN1206,Hollis,metro,2026-03-23,2026-03-23T05:30:33,2.7
QN1206,Hollis,metro,2026-03-24,2026-03-24T05:30:33,7.8
QN1206,Hollis,metro,2026-03-25,2026-03-25T05:30:33,7.6
QN1206,Hollis,metro,2026-03-26,2026-03-26T05:30:33,8.1
QN1206,Hollis,metro,2026-03-27,2026-03-27T05:30:33,6.8
QN1206,Hollis,metro,2026-03-28,2026-03-28T05:30:33,7.7
QN1206,Hollis,metro,2026-03-29,2026-03-29T05:30:33,7.3
QN1206,Hollis,metro,2026-03-30,2026-03-30T05:30:33,8.5
QN1206,Hollis,metro,2026-03-31,2026-03-31T05:30:32,5.9
QN1206,Hollis,metro,2026-04-01,2026-04-01T05:30:32,7.5
QN1206,Hollis,metro,2026-04-02,2026-04-02T05:30:32,5.4
QN1206,Hollis,metro,2026-04-03,2026-04-03T05:30:33,9.1
QN1206,Hollis,metro,2026-04-04,2026-04-04T05:30:33,9.4
QN1206,Hollis,metro,2026-04-05,2026-04-05T05:30:32,6.5
QN1206,Hollis,metro,2026-04-06,2026-04-06T05:30:33,10.2
QN1206,Hollis,metro,2026-04-07,2026-04-07T05:30:33,10.1
QN1206,Hollis,metro,2026-04-08,2026-04-08T05:30:33,9.2
QN1206,Hollis,metro,2026-04-09,2026-04-09T05:30:33,9.3
QN1206,Hollis,metro,2026-04-10,2026-04-10T05:30:33,10.4
QN1206,Hollis,metro,2026-04-11,2026-04-11T05:30:32,11.2
QN1206,Hollis,metro,2026-04-12,2026-04-12T05:30:31,10.1
QN1206,Hollis,metro,2026-04-13,2026-04-13T05:30:30,10.7
QN1206,Hollis,metro,2026-04-14,2026-04-14T05:30:30,11.8
QN1206,Hollis,metro,2026-04-15,2026-04-15T05:30:32,11.7
QN1206,Hollis,metro,2026-04-16,2026-04-16T05:30:33,11.7
QN1206,Hollis,metro,2026-04-17,2026-04-17T05:30:33,11.6
QN1206,Hollis,metro,2026-04-18,2026-04-18T05:30:32,11.3
QN1301,Glen Oaks-Floral Park-New Hyde Park,metro,2026-03-21,2026-03-21T05:30:33,6.8
QN1301,Glen Oaks-Floral Park-New Hyde Park,metro,2026-03-22,2026-03-22T05:30:33,6.6
QN1301,Glen Oaks-Floral Park-New Hyde Park,metro,2026-03-23,2026-03-23T05:30:33,2.7
QN1301,Glen Oaks-Floral Park-New Hyde Park,metro,2026-03-24,2026-03-24T05:30:33,7.8
QN1301,Glen Oaks-Floral Park-New Hyde Park,metro,2026-03-25,2026-03-25T05:30:33,7.6
QN1301,Glen Oaks-Floral Park-New Hyde Park,metro,2026-03-26,2026-03-26T05:30:33,8.1
QN1301,Glen Oaks-Floral Park-New Hyde Park,metro,2026-03-27,2026-03-27T05:30:33,6.8
QN1301,Glen Oaks-Floral Park-New Hyde Park,metro,2026-03-28,2026-03-28T05:30:33,7.7
QN1301,Glen Oaks-Floral Park-New Hyde Park,metro,2026-03-29,2026-03-29T05:30:33,7.3
QN1301,Glen Oaks-Floral Park-New Hyde Park,metro,2026-03-30,2026-03-30T05:30:33,8.5
QN1301,Glen Oaks-Floral Park-New Hyde Park,metro,2026-03-31,2026-03-31T05:30:32,5.9
QN1301,Glen Oaks-Floral Park-New Hyde Park,metro,2026-04-01,2026-04-01T05:30:32,7.5
QN1301,Glen Oaks-Floral Park-New Hyde Park,metro,2026-04-02,2026-04-02T05:30:32,5.4
QN1301,Glen Oaks-Floral Park-New Hyde Park,metro,2026-04-03,2026-04-03T05:30:33,9.1
QN1301,Glen Oaks-Floral Park-New Hyde Park,metro,2026-04-04,2026-04-04T05:30:33,9.4
QN1301,Glen Oaks-Floral Park-New Hyde Park,metro,2026-04-05,2026-04-05T05:30:32,6.5
QN1301,Glen Oaks-Floral Park-New Hyde Park,metro,2026-04-06,2026-04-06T05:30:33,10.2
QN1301,Glen Oaks-Floral Park-New Hyde Park,metro,2026-04-07,2026-04-07T05:30:33,10.1
QN1301,Glen Oaks-Floral Park-New Hyde Park,metro,2026-04-08,2026-04-08T05:30:33,9.2
QN1301,Glen Oaks-Floral Park-New Hyde Park,metro,2026-04-09,2026-04-09T05:30:33,9.3
QN1301,Glen Oaks-Floral Park-New Hyde Park,metro,2026-04-10,2026-04-10T05:30:33,10.4
QN1301,Glen Oaks-Floral Park-New Hyde Park,metro,2026-04-11,2026-04-11T05:30:32,11.2
QN1301,Glen Oaks-Floral Park-New Hyde Park,metro,2026-04-12,2026-04-12T05:30:31,10.1
QN1301,Glen Oaks-Floral Park-New Hyde Park,metro,2026-04-13,2026-04-13T05:30:30,10.7
QN1301,Glen Oaks-Floral Park-New Hyde Park,metro,2026-04-14,2026-04-14T05:30:30,11.8
QN1301,Glen Oaks-Floral Park-New Hyde Park,metro,2026-04-15,2026-04-15T05:30:32,11.7
QN1301,Glen Oaks-Floral Park-New Hyde Park,metro,2026-04-16,2026-04-16T05:30:33,11.7
QN1301,Glen Oaks-Floral Park-New Hyde Park,metro,2026-04-17,2026-04-17T05:30:33,11.6
QN1301,Glen Oaks-Floral Park-New Hyde Park,metro,2026-04-18,2026-04-18T05:30:32,11.3
QN1302,Bellerose,metro,2026-03-21,2026-03-21T05:30:33,6.8
QN1302,Bellerose,metro,2026-03-22,2026-03-22T05:30:33,6.6
QN1302,Bellerose,metro,2026-03-23,2026-03-23T05:30:33,2.7
QN1302,Bellerose,metro,2026-03-24,2026-03-24T05:30:33,7.8
QN1302,Bellerose,metro,2026-03-25,2026-03-25T05:30:33,7.6
QN1302,Bellerose,metro,2026-03-26,2026-03-26T05:30:33,8.1
QN1302,Bellerose,metro,2026-03-27,2026-03-27T05:30:33,6.8
QN1302,Bellerose,metro,2026-03-28,2026-03-28T05:30:33,7.7
QN1302,Bellerose,metro,2026-03-29,2026-03-29T05:30:33,7.3
QN1302,Bellerose,metro,2026-03-30,2026-03-30T05:30:33,8.5
QN1302,Bellerose,metro,2026-03-31,2026-03-31T05:30:32,5.9
QN1302,Bellerose,metro,2026-04-01,2026-04-01T05:30:32,7.5
QN1302,Bellerose,metro,2026-04-02,2026-04-02T05:30:32,5.4
QN1302,Bellerose,metro,2026-04-03,2026-04-03T05:30:33,9.1
QN1302,Bellerose,metro,2026-04-04,2026-04-04T05:30:33,9.4
QN1302,Bellerose,metro,2026-04-05,2026-04-05T05:30:32,6.5
QN1302,Bellerose,metro,2026-04-06,2026-04-06T05:30:33,10.2
QN1302,Bellerose,metro,2026-04-07,2026-04-07T05:30:33,10.1
QN1302,Bellerose,metro,2026-04-08,2026-04-08T05:30:33,9.2
QN1302,Bellerose,metro,2026-04-09,2026-04-09T05:30:33,9.3
QN1302,Bellerose,metro,2026-04-10,2026-04-10T05:30:33,10.4
QN1302,Bellerose,metro,2026-04-11,2026-04-11T05:30:32,11.2
QN1302,Bellerose,metro,2026-04-12,2026-04-12T05:30:31,10.1
QN1302,Bellerose,metro,2026-04-13,2026-04-13T05:30:30,10.7
QN1302,Bellerose,metro,2026-04-14,2026-04-14T05:30:30,11.8
QN1302,Bellerose,metro,2026-04-15,2026-04-15T05:30:32,11.7
QN1302,Bellerose,metro,2026-04-16,2026-04-16T05:30:33,11.7
QN1302,Bellerose,metro,2026-04-17,2026-04-17T05:30:33,11.6
QN1302,Bellerose,metro,2026-04-18,2026-04-18T05:30:32,11.3
QN1303,Queens Village,metro,2026-03-21,2026-03-21T05:30:33,6.8
QN1303,Queens Village,metro,2026-03-22,2026-03-22T05:30:33,6.6
QN1303,Queens Village,metro,2026-03-23,2026-03-23T05:30:33,2.7
QN1303,Queens Village,metro,2026-03-24,2026-03-24T05:30:33,7.8
QN1303,Queens Village,metro,2026-03-25,2026-03-25T05:30:33,7.6
QN1303,Queens Village,metro,2026-03-26,2026-03-26T05:30:33,8.1
QN1303,Queens Village,metro,2026-03-27,2026-03-27T05:30:33,6.8
QN1303,Queens Village,metro,2026-03-28,2026-03-28T05:30:33,7.7
QN1303,Queens Village,metro,2026-03-29,2026-03-29T05:30:33,7.3
QN1303,Queens Village,metro,2026-03-30,2026-03-30T05:30:33,8.5
QN1303,Queens Village,metro,2026-03-31,2026-03-31T05:30:32,5.9
QN1303,Queens Village,metro,2026-04-01,2026-04-01T05:30:32,7.5
QN1303,Queens Village,metro,2026-04-02,2026-04-02T05:30:32,5.4
QN1303,Queens Village,metro,2026-04-03,2026-04-03T05:30:33,9.1
QN1303,Queens Village,metro,2026-04-04,2026-04-04T05:30:33,9.4
QN1303,Queens Village,metro,2026-04-05,2026-04-05T05:30:32,6.5
QN1303,Queens Village,metro,2026-04-06,2026-04-06T05:30:33,10.2
QN1303,Queens Village,metro,2026-04-07,2026-04-07T05:30:33,10.1
QN1303,Queens Village,metro,2026-04-08,2026-04-08T05:30:33,9.2
QN1303,Queens Village,metro,2026-04-09,2026-04-09T05:30:33,9.3
QN1303,Queens Village,metro,2026-04-10,2026-04-10T05:30:33,10.4
QN1303,Queens Village,metro,2026-04-11,2026-04-11T05:30:32,11.2
QN1303,Queens Village,metro,2026-04-12,2026-04-12T05:30:31,10.1
QN1303,Queens Village,metro,2026-04-13,2026-04-13T05:30:30,10.7
QN1303,Queens Village,metro,2026-04-14,2026-04-14T05:30:30,11.8
QN1303,Queens Village,metro,2026-04-15,2026-04-15T05:30:32,11.7
QN1303,Queens Village,metro,2026-04-16,2026-04-16T05:30:33,11.7
QN1303,Queens Village,metro,2026-04-17,2026-04-17T05:30:33,11.6
QN1303,Queens Village,metro,2026-04-18,2026-04-18T05:30:32,11.3
QN1304,Cambria Heights,metro,2026-03-21,2026-03-21T05:30:33,6.8
QN1304,Cambria Heights,metro,2026-03-22,2026-03-22T05:30:33,6.6
QN1304,Cambria Heights,metro,2026-03-23,2026-03-23T05:30:33,2.7
QN1304,Cambria Heights,metro,2026-03-24,2026-03-24T05:30:33,7.8
QN1304,Cambria Heights,metro,2026-03-25,2026-03-25T05:30:33,7.6
QN1304,Cambria Heights,metro,2026-03-26,2026-03-26T05:30:33,8.1
QN1304,Cambria Heights,metro,2026-03-27,2026-03-27T05:30:33,6.8
QN1304,Cambria Heights,metro,2026-03-28,2026-03-28T05:30:33,7.7
QN1304,Cambria Heights,metro,2026-03-29,2026-03-29T05:30:33,7.3
QN1304,Cambria Heights,metro,2026-03-30,2026-03-30T05:30:33,8.5
QN1304,Cambria Heights,metro,2026-03-31,2026-03-31T05:30:32,5.9
QN1304,Cambria Heights,metro,2026-04-01,2026-04-01T05:30:32,7.5
QN1304,Cambria Heights,metro,2026-04-02,2026-04-02T05:30:32,5.4
QN1304,Cambria Heights,metro,2026-04-03,2026-04-03T05:30:33,9.1
QN1304,Cambria Heights,metro,2026-04-04,2026-04-04T05:30:33,9.4
QN1304,Cambria Heights,metro,2026-04-05,2026-04-05T05:30:32,6.5
QN1304,Cambria Heights,metro,2026-04-06,2026-04-06T05:30:33,10.2
QN1304,Cambria Heights,metro,2026-04-07,2026-04-07T05:30:33,10.1
QN1304,Cambria Heights,metro,2026-04-08,2026-04-08T05:30:33,9.2
QN1304,Cambria Heights,metro,2026-04-09,2026-04-09T05:30:33,9.3
QN1304,Cambria Heights,metro,2026-04-10,2026-04-10T05:30:33,10.4
QN1304,Cambria Heights,metro,2026-04-11,2026-04-11T05:30:32,11.2
QN1304,Cambria Heights,metro,2026-04-12,2026-04-12T05:30:31,10.1
QN1304,Cambria Heights,metro,2026-04-13,2026-04-13T05:30:30,10.7
QN1304,Cambria Heights,metro,2026-04-14,2026-04-14T05:30:30,11.8
QN1304,Cambria Heights,metro,2026-04-15,2026-04-15T05:30:32,11.7
QN1304,Cambria Heights,metro,2026-04-16,2026-04-16T05:30:33,11.7
QN1304,Cambria Heights,metro,2026-04-17,2026-04-17T05:30:33,11.6
QN1304,Cambria Heights,metro,2026-04-18,2026-04-18T05:30:32,11.3
QN1305,Laurelton,metro,2026-03-21,2026-03-21T05:30:33,6.8
QN1305,Laurelton,metro,2026-03-22,2026-03-22T05:30:33,6.6
QN1305,Laurelton,metro,2026-03-23,2026-03-23T05:30:33,2.7
QN1305,Laurelton,metro,2026-03-24,2026-03-24T05:30:33,7.8
QN1305,Laurelton,metro,2026-03-25,2026-03-25T05:30:33,7.6
QN1305,Laurelton,metro,2026-03-26,2026-03-26T05:30:33,8.1
QN1305,Laurelton,metro,2026-03-27,2026-03-27T05:30:33,6.8
QN1305,Laurelton,metro,2026-03-28,2026-03-28T05:30:33,7.7
QN1305,Laurelton,metro,2026-03-29,2026-03-29T05:30:33,7.3
QN1305,Laurelton,metro,2026-03-30,2026-03-30T05:30:33,8.5
QN1305,Laurelton,metro,2026-03-31,2026-03-31T05:30:32,5.9
QN1305,Laurelton,metro,2026-04-01,2026-04-01T05:30:32,7.5
QN1305,Laurelton,metro,2026-04-02,2026-04-02T05:30:32,5.4
QN1305,Laurelton,metro,2026-04-03,2026-04-03T05:30:33,9.1
QN1305,Laurelton,metro,2026-04-04,2026-04-04T05:30:33,9.4
QN1305,Laurelton,metro,2026-04-05,2026-04-05T05:30:32,6.5
QN1305,Laurelton,metro,2026-04-06,2026-04-06T05:30:33,10.2
QN1305,Laurelton,metro,2026-04-07,2026-04-07T05:30:33,10.1
QN1305,Laurelton,metro,2026-04-08,2026-04-08T05:30:33,9.2
QN1305,Laurelton,metro,2026-04-09,2026-04-09T05:30:33,9.3
QN1305,Laurelton,metro,2026-04-10,2026-04-10T05:30:33,10.4
QN1305,Laurelton,metro,2026-04-11,2026-04-11T05:30:32,11.2
QN1305,Laurelton,metro,2026-04-12,2026-04-12T05:30:31,10.1
QN1305,Laurelton,metro,2026-04-13,2026-04-13T05:30:30,10.7
QN1305,Laurelton,metro,2026-04-14,2026-04-14T05:30:30,11.8
QN1305,Laurelton,metro,2026-04-15,2026-04-15T05:30:32,11.7
QN1305,Laurelton,metro,2026-04-16,2026-04-16T05:30:33,11.7
QN1305,Laurelton,metro,2026-04-17,2026-04-17T05:30:33,11.6
QN1305,Laurelton,metro,2026-04-18,2026-04-18T05:30:32,11.3
QN1306,Springfield Gardens (South)-Brookville,metro,2026-03-21,2026-03-21T05:30:33,6.8
QN1306,Springfield Gardens (South)-Brookville,metro,2026-03-22,2026-03-22T05:30:33,6.6
QN1306,Springfield Gardens (South)-Brookville,metro,2026-03-23,2026-03-23T05:30:33,2.7
QN1306,Springfield Gardens (South)-Brookville,metro,2026-03-24,2026-03-24T05:30:33,7.8
QN1306,Springfield Gardens (South)-Brookville,metro,2026-03-25,2026-03-25T05:30:33,7.6
QN1306,Springfield Gardens (South)-Brookville,metro,2026-03-26,2026-03-26T05:30:33,8.1
QN1306,Springfield Gardens (South)-Brookville,metro,2026-03-27,2026-03-27T05:30:33,6.8
QN1306,Springfield Gardens (South)-Brookville,metro,2026-03-28,2026-03-28T05:30:33,7.7
QN1306,Springfield Gardens (South)-Brookville,metro,2026-03-29,2026-03-29T05:30:33,7.3
QN1306,Springfield Gardens (South)-Brookville,metro,2026-03-30,2026-03-30T05:30:33,8.5
QN1306,Springfield Gardens (South)-Brookville,metro,2026-03-31,2026-03-31T05:30:32,5.9
QN1306,Springfield Gardens (South)-Brookville,metro,2026-04-01,2026-04-01T05:30:32,7.5
QN1306,Springfield Gardens (South)-Brookville,metro,2026-04-02,2026-04-02T05:30:32,5.4
QN1306,Springfield Gardens (South)-Brookville,metro,2026-04-03,2026-04-03T05:30:33,9.1
QN1306,Springfield Gardens (South)-Brookville,metro,2026-04-04,2026-04-04T05:30:33,9.4
QN1306,Springfield Gardens (South)-Brookville,metro,2026-04-05,2026-04-05T05:30:32,6.5
QN1306,Springfield Gardens (South)-Brookville,metro,2026-04-06,2026-04-06T05:30:33,10.2
QN1306,Springfield Gardens (South)-Brookville,metro,2026-04-07,2026-04-07T05:30:33,10.1
QN1306,Springfield Gardens (South)-Brookville,metro,2026-04-08,2026-04-08T05:30:33,9.2
QN1306,Springfield Gardens (South)-Brookville,metro,2026-04-09,2026-04-09T05:30:33,9.3
QN1306,Springfield Gardens (South)-Brookville,metro,2026-04-10,2026-04-10T05:30:33,10.4
QN1306,Springfield Gardens (South)-Brookville,metro,2026-04-11,2026-04-11T05:30:32,11.2
QN1306,Springfield Gardens (South)-Brookville,metro,2026-04-12,2026-04-12T05:30:31,10.1
QN1306,Springfield Gardens (South)-Brookville,metro,2026-04-13,2026-04-13T05:30:30,10.7
QN1306,Springfield Gardens (South)-Brookville,metro,2026-04-14,2026-04-14T05:30:30,11.8
QN1306,Springfield Gardens (South)-Brookville,metro,2026-04-15,2026-04-15T05:30:32,11.7
QN1306,Springfield Gardens (South)-Brookville,metro,2026-04-16,2026-04-16T05:30:33,11.7
QN1306,Springfield Gardens (South)-Brookville,metro,2026-04-17,2026-04-17T05:30:33,11.6
QN1306,Springfield Gardens (South)-Brookville,metro,2026-04-18,2026-04-18T05:30:32,11.3
QN1307,Rosedale,metro,2026-03-21,2026-03-21T05:30:33,6.8
QN1307,Rosedale,metro,2026-03-22,2026-03-22T05:30:33,6.6
QN1307,Rosedale,metro,2026-03-23,2026-03-23T05:30:33,2.7
QN1307,Rosedale,metro,2026-03-24,2026-03-24T05:30:33,7.8
QN1307,Rosedale,metro,2026-03-25,2026-03-25T05:30:33,7.6
QN1307,Rosedale,metro,2026-03-26,2026-03-26T05:30:33,8.1
QN1307,Rosedale,metro,2026-03-27,2026-03-27T05:30:33,6.8
QN1307,Rosedale,metro,2026-03-28,2026-03-28T05:30:33,7.7
QN1307,Rosedale,metro,2026-03-29,2026-03-29T05:30:33,7.3
QN1307,Rosedale,metro,2026-03-30,2026-03-30T05:30:33,8.5
QN1307,Rosedale,metro,2026-03-31,2026-03-31T05:30:32,5.9
QN1307,Rosedale,metro,2026-04-01,2026-04-01T05:30:32,7.5
QN1307,Rosedale,metro,2026-04-02,2026-04-02T05:30:32,5.4
QN1307,Rosedale,metro,2026-04-03,2026-04-03T05:30:33,9.1
QN1307,Rosedale,metro,2026-04-04,2026-04-04T05:30:33,9.4
QN1307,Rosedale,metro,2026-04-05,2026-04-05T05:30:32,6.5
QN1307,Rosedale,metro,2026-04-06,2026-04-06T05:30:33,10.2
QN1307,Rosedale,metro,2026-04-07,2026-04-07T05:30:33,10.1
QN1307,Rosedale,metro,2026-04-08,2026-04-08T05:30:33,9.2
QN1307,Rosedale,metro,2026-04-09,2026-04-09T05:30:33,9.3
QN1307,Rosedale,metro,2026-04-10,2026-04-10T05:30:33,10.4
QN1307,Rosedale,metro,2026-04-11,2026-04-11T05:30:32,11.2
QN1307,Rosedale,metro,2026-04-12,2026-04-12T05:30:31,10.1
QN1307,Rosedale,metro,2026-04-13,2026-04-13T05:30:30,10.7
QN1307,Rosedale,metro,2026-04-14,2026-04-14T05:30:30,11.8
QN1307,Rosedale,metro,2026-04-15,2026-04-15T05:30:32,11.7
QN1307,Rosedale,metro,2026-04-16,2026-04-16T05:30:33,11.7
QN1307,Rosedale,metro,2026-04-17,2026-04-17T05:30:33,11.6
QN1307,Rosedale,metro,2026-04-18,2026-04-18T05:30:32,11.3
QN1371,Montefiore Cemetery,metro,2026-03-21,2026-03-21T05:30:33,6.8
QN1371,Montefiore Cemetery,metro,2026-03-22,2026-03-22T05:30:33,6.6
QN1371,Montefiore Cemetery,metro,2026-03-23,2026-03-23T05:30:33,2.7
QN1371,Montefiore Cemetery,metro,2026-03-24,2026-03-24T05:30:33,7.8
QN1371,Montefiore Cemetery,metro,2026-03-25,2026-03-25T05:30:33,7.6
QN1371,Montefiore Cemetery,metro,2026-03-26,2026-03-26T05:30:33,8.1
QN1371,Montefiore Cemetery,metro,2026-03-27,2026-03-27T05:30:33,6.8
QN1371,Montefiore Cemetery,metro,2026-03-28,2026-03-28T05:30:33,7.7
QN1371,Montefiore Cemetery,metro,2026-03-29,2026-03-29T05:30:33,7.3
QN1371,Montefiore Cemetery,metro,2026-03-30,2026-03-30T05:30:33,8.5
QN1371,Montefiore Cemetery,metro,2026-03-31,2026-03-31T05:30:32,5.9
QN1371,Montefiore Cemetery,metro,2026-04-01,2026-04-01T05:30:32,7.5
QN1371,Montefiore Cemetery,metro,2026-04-02,2026-04-02T05:30:32,5.4
QN1371,Montefiore Cemetery,metro,2026-04-03,2026-04-03T05:30:33,9.1
QN1371,Montefiore Cemetery,metro,2026-04-04,2026-04-04T05:30:33,9.4
QN1371,Montefiore Cemetery,metro,2026-04-05,2026-04-05T05:30:32,6.5
QN1371,Montefiore Cemetery,metro,2026-04-06,2026-04-06T05:30:33,10.2
QN1371,Montefiore Cemetery,metro,2026-04-07,2026-04-07T05:30:33,10.1
QN1371,Montefiore Cemetery,metro,2026-04-08,2026-04-08T05:30:33,9.2
QN1371,Montefiore Cemetery,metro,2026-04-09,2026-04-09T05:30:33,9.3
QN1371,Montefiore Cemetery,metro,2026-04-10,2026-04-10T05:30:33,10.4
QN1371,Montefiore Cemetery,metro,2026-04-11,2026-04-11T05:30:32,11.2
QN1371,Montefiore Cemetery,metro,2026-04-12,2026-04-12T05:30:31,10.1
QN1371,Montefiore Cemetery,metro,2026-04-13,2026-04-13T05:30:30,10.7
QN1371,Montefiore Cemetery,metro,2026-04-14,2026-04-14T05:30:30,11.8
QN1371,Montefiore Cemetery,metro,2026-04-15,2026-04-15T05:30:32,11.7
QN1371,Montefiore Cemetery,metro,2026-04-16,2026-04-16T05:30:33,11.7
QN1371,Montefiore Cemetery,metro,2026-04-17,2026-04-17T05:30:33,11.6
QN1371,Montefiore Cemetery,metro,2026-04-18,2026-04-18T05:30:32,11.3
QN1401,Far Rockaway-Bayswater,coastal_rockaways,2026-03-21,2026-03-21T05:30:33,5.8
QN1401,Far Rockaway-Bayswater,coastal_rockaways,2026-03-22,2026-03-22T05:30:33,6.3
QN1401,Far Rockaway-Bayswater,coastal_rockaways,2026-03-23,2026-03-23T05:30:33,0.9
QN1401,Far Rockaway-Bayswater,coastal_rockaways,2026-03-24,2026-03-24T05:30:33,6.9
QN1401,Far Rockaway-Bayswater,coastal_rockaways,2026-03-25,2026-03-25T05:30:33,7.4
QN1401,Far Rockaway-Bayswater,coastal_rockaways,2026-03-26,2026-03-26T05:30:33,7.8
QN1401,Far Rockaway-Bayswater,coastal_rockaways,2026-03-27,2026-03-27T05:30:33,4.8
QN1401,Far Rockaway-Bayswater,coastal_rockaways,2026-03-28,2026-03-28T05:30:33,6.2
QN1401,Far Rockaway-Bayswater,coastal_rockaways,2026-03-29,2026-03-29T05:30:33,6.6
QN1401,Far Rockaway-Bayswater,coastal_rockaways,2026-03-30,2026-03-30T05:30:33,7.8
QN1401,Far Rockaway-Bayswater,coastal_rockaways,2026-03-31,2026-03-31T05:30:32,5.4
QN1401,Far Rockaway-Bayswater,coastal_rockaways,2026-04-01,2026-04-01T05:30:32,6.4
QN1401,Far Rockaway-Bayswater,coastal_rockaways,2026-04-02,2026-04-02T05:30:32,2.3
QN1401,Far Rockaway-Bayswater,coastal_rockaways,2026-04-03,2026-04-03T05:30:33,8.2
QN1401,Far Rockaway-Bayswater,coastal_rockaways,2026-04-04,2026-04-04T05:30:33,8.0
QN1401,Far Rockaway-Bayswater,coastal_rockaways,2026-04-05,2026-04-05T05:30:32,5.4
QN1401,Far Rockaway-Bayswater,coastal_rockaways,2026-04-06,2026-04-06T05:30:33,9.7
QN1401,Far Rockaway-Bayswater,coastal_rockaways,2026-04-07,2026-04-07T05:30:33,8.3
QN1401,Far Rockaway-Bayswater,coastal_rockaways,2026-04-08,2026-04-08T05:30:33,8.5
QN1401,Far Rockaway-Bayswater,coastal_rockaways,2026-04-09,2026-04-09T05:30:33,9.2
QN1401,Far Rockaway-Bayswater,coastal_rockaways,2026-04-10,2026-04-10T05:30:33,10.1
QN1401,Far Rockaway-Bayswater,coastal_rockaways,2026-04-11,2026-04-11T05:30:32,9.5
QN1401,Far Rockaway-Bayswater,coastal_rockaways,2026-04-12,2026-04-12T05:30:31,9.8
QN1401,Far Rockaway-Bayswater,coastal_rockaways,2026-04-13,2026-04-13T05:30:30,10.6
QN1401,Far Rockaway-Bayswater,coastal_rockaways,2026-04-14,2026-04-14T05:30:30,11.6
QN1401,Far Rockaway-Bayswater,coastal_rockaways,2026-04-15,2026-04-15T05:30:32,11.7
QN1401,Far Rockaway-Bayswater,coastal_rockaways,2026-04-16,2026-04-16T05:30:33,11.7
QN1401,Far Rockaway-Bayswater,coastal_rockaways,2026-04-17,2026-04-17T05:30:33,10.9
QN1401,Far Rockaway-Bayswater,coastal_rockaways,2026-04-18,2026-04-18T05:30:32,10.7
QN1402,Rockaway Beach-Arverne-Edgemere,coastal_rockaways,2026-03-21,2026-03-21T05:30:33,5.8
QN1402,Rockaway Beach-Arverne-Edgemere,coastal_rockaways,2026-03-22,2026-03-22T05:30:33,6.3
QN1402,Rockaway Beach-Arverne-Edgemere,coastal_rockaways,2026-03-23,2026-03-23T05:30:33,0.9
QN1402,Rockaway Beach-Arverne-Edgemere,coastal_rockaways,2026-03-24,2026-03-24T05:30:33,6.9
QN1402,Rockaway Beach-Arverne-Edgemere,coastal_rockaways,2026-03-25,2026-03-25T05:30:33,7.4
QN1402,Rockaway Beach-Arverne-Edgemere,coastal_rockaways,2026-03-26,2026-03-26T05:30:33,7.8
QN1402,Rockaway Beach-Arverne-Edgemere,coastal_rockaways,2026-03-27,2026-03-27T05:30:33,4.8
QN1402,Rockaway Beach-Arverne-Edgemere,coastal_rockaways,2026-03-28,2026-03-28T05:30:33,6.2
QN1402,Rockaway Beach-Arverne-Edgemere,coastal_rockaways,2026-03-29,2026-03-29T05:30:33,6.6
QN1402,Rockaway Beach-Arverne-Edgemere,coastal_rockaways,2026-03-30,2026-03-30T05:30:33,7.8
QN1402,Rockaway Beach-Arverne-Edgemere,coastal_rockaways,2026-03-31,2026-03-31T05:30:32,5.4
QN1402,Rockaway Beach-Arverne-Edgemere,coastal_rockaways,2026-04-01,2026-04-01T05:30:32,6.4
QN1402,Rockaway Beach-Arverne-Edgemere,coastal_rockaways,2026-04-02,2026-04-02T05:30:32,2.3
QN1402,Rockaway Beach-Arverne-Edgemere,coastal_rockaways,2026-04-03,2026-04-03T05:30:33,8.2
QN1402,Rockaway Beach-Arverne-Edgemere,coastal_rockaways,2026-04-04,2026-04-04T05:30:33,8.0
QN1402,Rockaway Beach-Arverne-Edgemere,coastal_rockaways,2026-04-05,2026-04-05T05:30:32,5.4
QN1402,Rockaway Beach-Arverne-Edgemere,coastal_rockaways,2026-04-06,2026-04-06T05:30:33,9.7
QN1402,Rockaway Beach-Arverne-Edgemere,coastal_rockaways,2026-04-07,2026-04-07T05:30:33,8.3
QN1402,Rockaway Beach-Arverne-Edgemere,coastal_rockaways,2026-04-08,2026-04-08T05:30:33,8.5
QN1402,Rockaway Beach-Arverne-Edgemere,coastal_rockaways,2026-04-09,2026-04-09T05:30:33,9.2
QN1402,Rockaway Beach-Arverne-Edgemere,coastal_rockaways,2026-04-10,2026-04-10T05:30:33,10.1
QN1402,Rockaway Beach-Arverne-Edgemere,coastal_rockaways,2026-04-11,2026-04-11T05:30:32,9.5
QN1402,Rockaway Beach-Arverne-Edgemere,coastal_rockaways,2026-04-12,2026-04-12T05:30:31,9.8
QN1402,Rockaway Beach-Arverne-Edgemere,coastal_rockaways,2026-04-13,2026-04-13T05:30:30,10.6
QN1402,Rockaway Beach-Arverne-Edgemere,coastal_rockaways,2026-04-14,2026-04-14T05:30:30,11.6
QN1402,Rockaway Beach-Arverne-Edgemere,coastal_rockaways,2026-04-15,2026-04-15T05:30:32,11.7
QN1402,Rockaway Beach-Arverne-Edgemere,coastal_rockaways,2026-04-16,2026-04-16T05:30:33,11.7
QN1402,Rockaway Beach-Arverne-Edgemere,coastal_rockaways,2026-04-17,2026-04-17T05:30:33,10.9
QN1402,Rockaway Beach-Arverne-Edgemere,coastal_rockaways,2026-04-18,2026-04-18T05:30:32,10.7
QN1403,Breezy Point-Belle Harbor-Rockaway Park-Broad Channel,coastal_rockaways,2026-03-21,2026-03-21T05:30:33,5.8
QN1403,Breezy Point-Belle Harbor-Rockaway Park-Broad Channel,coastal_rockaways,2026-03-22,2026-03-22T05:30:33,6.3
QN1403,Breezy Point-Belle Harbor-Rockaway Park-Broad Channel,coastal_rockaways,2026-03-23,2026-03-23T05:30:33,0.9
QN1403,Breezy Point-Belle Harbor-Rockaway Park-Broad Channel,coastal_rockaways,2026-03-24,2026-03-24T05:30:33,6.9
QN1403,Breezy Point-Belle Harbor-Rockaway Park-Broad Channel,coastal_rockaways,2026-03-25,2026-03-25T05:30:33,7.4
QN1403,Breezy Point-Belle Harbor-Rockaway Park-Broad Channel,coastal_rockaways,2026-03-26,2026-03-26T05:30:33,7.8
QN1403,Breezy Point-Belle Harbor-Rockaway Park-Broad Channel,coastal_rockaways,2026-03-27,2026-03-27T05:30:33,4.8
QN1403,Breezy Point-Belle Harbor-Rockaway Park-Broad Channel,coastal_rockaways,2026-03-28,2026-03-28T05:30:33,6.2
QN1403,Breezy Point-Belle Harbor-Rockaway Park-Broad Channel,coastal_rockaways,2026-03-29,2026-03-29T05:30:33,6.6
QN1403,Breezy Point-Belle Harbor-Rockaway Park-Broad Channel,coastal_rockaways,2026-03-30,2026-03-30T05:30:33,7.8
QN1403,Breezy Point-Belle Harbor-Rockaway Park-Broad Channel,coastal_rockaways,2026-03-31,2026-03-31T05:30:32,5.4
QN1403,Breezy Point-Belle Harbor-Rockaway Park-Broad Channel,coastal_rockaways,2026-04-01,2026-04-01T05:30:32,6.4
QN1403,Breezy Point-Belle Harbor-Rockaway Park-Broad Channel,coastal_rockaways,2026-04-02,2026-04-02T05:30:32,2.3
QN1403,Breezy Point-Belle Harbor-Rockaway Park-Broad Channel,coastal_rockaways,2026-04-03,2026-04-03T05:30:33,8.2
QN1403,Breezy Point-Belle Harbor-Rockaway Park-Broad Channel,coastal_rockaways,2026-04-04,2026-04-04T05:30:33,8.0
QN1403,Breezy Point-Belle Harbor-Rockaway Park-Broad Channel,coastal_rockaways,2026-04-05,2026-04-05T05:30:32,5.4
QN1403,Breezy Point-Belle Harbor-Rockaway Park-Broad Channel,coastal_rockaways,2026-04-06,2026-04-06T05:30:33,9.7
QN1403,Breezy Point-Belle Harbor-Rockaway Park-Broad Channel,coastal_rockaways,2026-04-07,2026-04-07T05:30:33,8.3
QN1403,Breezy Point-Belle Harbor-Rockaway Park-Broad Channel,coastal_rockaways,2026-04-08,2026-04-08T05:30:33,8.5
QN1403,Breezy Point-Belle Harbor-Rockaway Park-Broad Channel,coastal_rockaways,2026-04-09,2026-04-09T05:30:33,9.2
QN1403,Breezy Point-Belle Harbor-Rockaway Park-Broad Channel,coastal_rockaways,2026-04-10,2026-04-10T05:30:33,10.1
QN1403,Breezy Point-Belle Harbor-Rockaway Park-Broad Channel,coastal_rockaways,2026-04-11,2026-04-11T05:30:32,9.5
QN1403,Breezy Point-Belle Harbor-Rockaway Park-Broad Channel,coastal_rockaways,2026-04-12,2026-04-12T05:30:31,9.8
QN1403,Breezy Point-Belle Harbor-Rockaway Park-Broad Channel,coastal_rockaways,2026-04-13,2026-04-13T05:30:30,10.6
QN1403,Breezy Point-Belle Harbor-Rockaway Park-Broad Channel,coastal_rockaways,2026-04-14,2026-04-14T05:30:30,11.6
QN1403,Breezy Point-Belle Harbor-Rockaway Park-Broad Channel,coastal_rockaways,2026-04-15,2026-04-15T05:30:32,11.7
QN1403,Breezy Point-Belle Harbor-Rockaway Park-Broad Channel,coastal_rockaways,2026-04-16,2026-04-16T05:30:33,11.7
QN1403,Breezy Point-Belle Harbor-Rockaway Park-Broad Channel,coastal_rockaways,2026-04-17,2026-04-17T05:30:33,10.9
QN1403,Breezy Point-Belle Harbor-Rockaway Park-Broad Channel,coastal_rockaways,2026-04-18,2026-04-18T05:30:32,10.7
QN1491,Rockaway Community Park,metro,2026-03-21,2026-03-21T05:30:33,6.8
QN1491,Rockaway Community Park,metro,2026-03-22,2026-03-22T05:30:33,6.6
QN1491,Rockaway Community Park,metro,2026-03-23,2026-03-23T05:30:33,2.7
QN1491,Rockaway Community Park,metro,2026-03-24,2026-03-24T05:30:33,7.8
QN1491,Rockaway Community Park,metro,2026-03-25,2026-03-25T05:30:33,7.6
QN1491,Rockaway Community Park,metro,2026-03-26,2026-03-26T05:30:33,8.1
QN1491,Rockaway Community Park,metro,2026-03-27,2026-03-27T05:30:33,6.8
QN1491,Rockaway Community Park,metro,2026-03-28,2026-03-28T05:30:33,7.7
QN1491,Rockaway Community Park,metro,2026-03-29,2026-03-29T05:30:33,7.3
QN1491,Rockaway Community Park,metro,2026-03-30,2026-03-30T05:30:33,8.5
QN1491,Rockaway Community Park,metro,2026-03-31,2026-03-31T05:30:32,5.9
QN1491,Rockaway Community Park,metro,2026-04-01,2026-04-01T05:30:32,7.5
QN1491,Rockaway Community Park,metro,2026-04-02,2026-04-02T05:30:32,5.4
QN1491,Rockaway Community Park,metro,2026-04-03,2026-04-03T05:30:33,9.1
QN1491,Rockaway Community Park,metro,2026-04-04,2026-04-04T05:30:33,9.4
QN1491,Rockaway Community Park,metro,2026-04-05,2026-04-05T05:30:32,6.5
QN1491,Rockaway Community Park,metro,2026-04-06,2026-04-06T05:30:33,10.2
QN1491,Rockaway Community Park,metro,2026-04-07,2026-04-07T05:30:33,10.1
QN1491,Rockaway Community Park,metro,2026-04-08,2026-04-08T05:30:33,9.2
QN1491,Rockaway Community Park,metro,2026-04-09,2026-04-09T05:30:33,9.3
QN1491,Rockaway Community Park,metro,2026-04-10,2026-04-10T05:30:33,10.4
QN1491,Rockaway Community Park,metro,2026-04-11,2026-04-11T05:30:32,11.2
QN1491,Rockaway Community Park,metro,2026-04-12,2026-04-12T05:30:31,10.1
QN1491,Rockaway Community Park,metro,2026-04-13,2026-04-13T05:30:30,10.7
QN1491,Rockaway Community Park,metro,2026-04-14,2026-04-14T05:30:30,11.8
QN1491,Rockaway Community Park,metro,2026-04-15,2026-04-15T05:30:32,11.7
QN1491,Rockaway Community Park,metro,2026-04-16,2026-04-16T05:30:33,11.7
QN1491,Rockaway Community Park,metro,2026-04-17,2026-04-17T05:30:33,11.6
QN1491,Rockaway Community Park,metro,2026-04-18,2026-04-18T05:30:32,11.3
QN8081,LaGuardia Airport,metro,2026-03-21,2026-03-21T05:30:33,6.8
QN8081,LaGuardia Airport,metro,2026-03-22,2026-03-22T05:30:33,6.6
QN8081,LaGuardia Airport,metro,2026-03-23,2026-03-23T05:30:33,2.7
QN8081,LaGuardia Airport,metro,2026-03-24,2026-03-24T05:30:33,7.8
QN8081,LaGuardia Airport,metro,2026-03-25,2026-03-25T05:30:33,7.6
QN8081,LaGuardia Airport,metro,2026-03-26,2026-03-26T05:30:33,8.1
QN8081,LaGuardia Airport,metro,2026-03-27,2026-03-27T05:30:33,6.8
QN8081,LaGuardia Airport,metro,2026-03-28,2026-03-28T05:30:33,7.7
QN8081,LaGuardia Airport,metro,2026-03-29,2026-03-29T05:30:33,7.3
QN8081,LaGuardia Airport,metro,2026-03-30,2026-03-30T05:30:33,8.5
QN8081,LaGuardia Airport,metro,2026-03-31,2026-03-31T05:30:32,5.9
QN8081,LaGuardia Airport,metro,2026-04-01,2026-04-01T05:30:32,7.5
QN8081,LaGuardia Airport,metro,2026-04-02,2026-04-02T05:30:32,5.4
QN8081,LaGuardia Airport,metro,2026-04-03,2026-04-03T05:30:33,9.1
QN8081,LaGuardia Airport,metro,2026-04-04,2026-04-04T05:30:33,9.4
QN8081,LaGuardia Airport,metro,2026-04-05,2026-04-05T05:30:32,6.5
QN8081,LaGuardia Airport,metro,2026-04-06,2026-04-06T05:30:33,10.2
QN8081,LaGuardia Airport,metro,2026-04-07,2026-04-07T05:30:33,10.1
QN8081,LaGuardia Airport,metro,2026-04-08,2026-04-08T05:30:33,9.2
QN8081,LaGuardia Airport,metro,2026-04-09,2026-04-09T05:30:33,9.3
QN8081,LaGuardia Airport,metro,2026-04-10,2026-04-10T05:30:33,10.4
QN8081,LaGuardia Airport,metro,2026-04-11,2026-04-11T05:30:32,11.2
QN8081,LaGuardia Airport,metro,2026-04-12,2026-04-12T05:30:31,10.1
QN8081,LaGuardia Airport,metro,2026-04-13,2026-04-13T05:30:30,10.7
QN8081,LaGuardia Airport,metro,2026-04-14,2026-04-14T05:30:30,11.8
QN8081,LaGuardia Airport,metro,2026-04-15,2026-04-15T05:30:32,11.7
QN8081,LaGuardia Airport,metro,2026-04-16,2026-04-16T05:30:33,11.7
QN8081,LaGuardia Airport,metro,2026-04-17,2026-04-17T05:30:33,11.6
QN8081,LaGuardia Airport,metro,2026-04-18,2026-04-18T05:30:32,11.3
QN8191,Flushing Meadows-Corona Park,metro,2026-03-21,2026-03-21T05:30:33,6.8
QN8191,Flushing Meadows-Corona Park,metro,2026-03-22,2026-03-22T05:30:33,6.6
QN8191,Flushing Meadows-Corona Park,metro,2026-03-23,2026-03-23T05:30:33,2.7
QN8191,Flushing Meadows-Corona Park,metro,2026-03-24,2026-03-24T05:30:33,7.8
QN8191,Flushing Meadows-Corona Park,metro,2026-03-25,2026-03-25T05:30:33,7.6
QN8191,Flushing Meadows-Corona Park,metro,2026-03-26,2026-03-26T05:30:33,8.1
QN8191,Flushing Meadows-Corona Park,metro,2026-03-27,2026-03-27T05:30:33,6.8
QN8191,Flushing Meadows-Corona Park,metro,2026-03-28,2026-03-28T05:30:33,7.7
QN8191,Flushing Meadows-Corona Park,metro,2026-03-29,2026-03-29T05:30:33,7.3
QN8191,Flushing Meadows-Corona Park,metro,2026-03-30,2026-03-30T05:30:33,8.5
QN8191,Flushing Meadows-Corona Park,metro,2026-03-31,2026-03-31T05:30:32,5.9
QN8191,Flushing Meadows-Corona Park,metro,2026-04-01,2026-04-01T05:30:32,7.5
QN8191,Flushing Meadows-Corona Park,metro,2026-04-02,2026-04-02T05:30:32,5.4
QN8191,Flushing Meadows-Corona Park,metro,2026-04-03,2026-04-03T05:30:33,9.1
QN8191,Flushing Meadows-Corona Park,metro,2026-04-04,2026-04-04T05:30:33,9.4
QN8191,Flushing Meadows-Corona Park,metro,2026-04-05,2026-04-05T05:30:32,6.5
QN8191,Flushing Meadows-Corona Park,metro,2026-04-06,2026-04-06T05:30:33,10.2
QN8191,Flushing Meadows-Corona Park,metro,2026-04-07,2026-04-07T05:30:33,10.1
QN8191,Flushing Meadows-Corona Park,metro,2026-04-08,2026-04-08T05:30:33,9.2
QN8191,Flushing Meadows-Corona Park,metro,2026-04-09,2026-04-09T05:30:33,9.3
QN8191,Flushing Meadows-Corona Park,metro,2026-04-10,2026-04-10T05:30:33,10.4
QN8191,Flushing Meadows-Corona Park,metro,2026-04-11,2026-04-11T05:30:32,11.2
QN8191,Flushing Meadows-Corona Park,metro,2026-04-12,2026-04-12T05:30:31,10.1
QN8191,Flushing Meadows-Corona Park,metro,2026-04-13,2026-04-13T05:30:30,10.7
QN8191,Flushing Meadows-Corona Park,metro,2026-04-14,2026-04-14T05:30:30,11.8
QN8191,Flushing Meadows-Corona Park,metro,2026-04-15,2026-04-15T05:30:32,11.7
QN8191,Flushing Meadows-Corona Park,metro,2026-04-16,2026-04-16T05:30:33,11.7
QN8191,Flushing Meadows-Corona Park,metro,2026-04-17,2026-04-17T05:30:33,11.6
QN8191,Flushing Meadows-Corona Park,metro,2026-04-18,2026-04-18T05:30:32,11.3
QN8291,Forest Park,metro,2026-03-21,2026-03-21T05:30:33,6.8
QN8291,Forest Park,metro,2026-03-22,2026-03-22T05:30:33,6.6
QN8291,Forest Park,metro,2026-03-23,2026-03-23T05:30:33,2.7
QN8291,Forest Park,metro,2026-03-24,2026-03-24T05:30:33,7.8
QN8291,Forest Park,metro,2026-03-25,2026-03-25T05:30:33,7.6
QN8291,Forest Park,metro,2026-03-26,2026-03-26T05:30:33,8.1
QN8291,Forest Park,metro,2026-03-27,2026-03-27T05:30:33,6.8
QN8291,Forest Park,metro,2026-03-28,2026-03-28T05:30:33,7.7
QN8291,Forest Park,metro,2026-03-29,2026-03-29T05:30:33,7.3
QN8291,Forest Park,metro,2026-03-30,2026-03-30T05:30:33,8.5
QN8291,Forest Park,metro,2026-03-31,2026-03-31T05:30:32,5.9
QN8291,Forest Park,metro,2026-04-01,2026-04-01T05:30:32,7.5
QN8291,Forest Park,metro,2026-04-02,2026-04-02T05:30:32,5.4
QN8291,Forest Park,metro,2026-04-03,2026-04-03T05:30:33,9.1
QN8291,Forest Park,metro,2026-04-04,2026-04-04T05:30:33,9.4
QN8291,Forest Park,metro,2026-04-05,2026-04-05T05:30:32,6.5
QN8291,Forest Park,metro,2026-04-06,2026-04-06T05:30:33,10.2
QN8291,Forest Park,metro,2026-04-07,2026-04-07T05:30:33,10.1
QN8291,Forest Park,metro,2026-04-08,2026-04-08T05:30:33,9.2
QN8291,Forest Park,metro,2026-04-09,2026-04-09T05:30:33,9.3
QN8291,Forest Park,metro,2026-04-10,2026-04-10T05:30:33,10.4
QN8291,Forest Park,metro,2026-04-11,2026-04-11T05:30:32,11.2
QN8291,Forest Park,metro,2026-04-12,2026-04-12T05:30:31,10.1
QN8291,Forest Park,metro,2026-04-13,2026-04-13T05:30:30,10.7
QN8291,Forest Park,metro,2026-04-14,2026-04-14T05:30:30,11.8
QN8291,Forest Park,metro,2026-04-15,2026-04-15T05:30:32,11.7
QN8291,Forest Park,metro,2026-04-16,2026-04-16T05:30:33,11.7
QN8291,Forest Park,metro,2026-04-17,2026-04-17T05:30:33,11.6
QN8291,Forest Park,metro,2026-04-18,2026-04-18T05:30:32,11.3
QN8381,John F. Kennedy International Airport,metro,2026-03-21,2026-03-21T05:30:33,6.8
QN8381,John F. Kennedy International Airport,metro,2026-03-22,2026-03-22T05:30:33,6.6
QN8381,John F. Kennedy International Airport,metro,2026-03-23,2026-03-23T05:30:33,2.7
QN8381,John F. Kennedy International Airport,metro,2026-03-24,2026-03-24T05:30:33,7.8
QN8381,John F. Kennedy International Airport,metro,2026-03-25,2026-03-25T05:30:33,7.6
QN8381,John F. Kennedy International Airport,metro,2026-03-26,2026-03-26T05:30:33,8.1
QN8381,John F. Kennedy International Airport,metro,2026-03-27,2026-03-27T05:30:33,6.8
QN8381,John F. Kennedy International Airport,metro,2026-03-28,2026-03-28T05:30:33,7.7
QN8381,John F. Kennedy International Airport,metro,2026-03-29,2026-03-29T05:30:33,7.3
QN8381,John F. Kennedy International Airport,metro,2026-03-30,2026-03-30T05:30:33,8.5
QN8381,John F. Kennedy International Airport,metro,2026-03-31,2026-03-31T05:30:32,5.9
QN8381,John F. Kennedy International Airport,metro,2026-04-01,2026-04-01T05:30:32,7.5
QN8381,John F. Kennedy International Airport,metro,2026-04-02,2026-04-02T05:30:32,5.4
QN8381,John F. Kennedy International Airport,metro,2026-04-03,2026-04-03T05:30:33,9.1
QN8381,John F. Kennedy International Airport,metro,2026-04-04,2026-04-04T05:30:33,9.4
QN8381,John F. Kennedy International Airport,metro,2026-04-05,2026-04-05T05:30:32,6.5
QN8381,John F. Kennedy International Airport,metro,2026-04-06,2026-04-06T05:30:33,10.2
QN8381,John F. Kennedy International Airport,metro,2026-04-07,2026-04-07T05:30:33,10.1
QN8381,John F. Kennedy International Airport,metro,2026-04-08,2026-04-08T05:30:33,9.2
QN8381,John F. Kennedy International Airport,metro,2026-04-09,2026-04-09T05:30:33,9.3
QN8381,John F. Kennedy International Airport,metro,2026-04-10,2026-04-10T05:30:33,10.4
QN8381,John F. Kennedy International Airport,metro,2026-04-11,2026-04-11T05:30:32,11.2
QN8381,John F. Kennedy International Airport,metro,2026-04-12,2026-04-12T05:30:31,10.1
QN8381,John F. Kennedy International Airport,metro,2026-04-13,2026-04-13T05:30:30,10.7
QN8381,John F. Kennedy International Airport,metro,2026-04-14,2026-04-14T05:30:30,11.8
QN8381,John F. Kennedy International Airport,metro,2026-04-15,2026-04-15T05:30:32,11.7
QN8381,John F. Kennedy International Airport,metro,2026-04-16,2026-04-16T05:30:33,11.7
QN8381,John F. Kennedy International Airport,metro,2026-04-17,2026-04-17T05:30:33,11.6
QN8381,John F. Kennedy International Airport,metro,2026-04-18,2026-04-18T05:30:32,11.3
QN8491,Jamaica Bay (East),metro,2026-03-21,2026-03-21T05:30:33,6.8
QN8491,Jamaica Bay (East),metro,2026-03-22,2026-03-22T05:30:33,6.6
QN8491,Jamaica Bay (East),metro,2026-03-23,2026-03-23T05:30:33,2.7
QN8491,Jamaica Bay (East),metro,2026-03-24,2026-03-24T05:30:33,7.8
QN8491,Jamaica Bay (East),metro,2026-03-25,2026-03-25T05:30:33,7.6
QN8491,Jamaica Bay (East),metro,2026-03-26,2026-03-26T05:30:33,8.1
QN8491,Jamaica Bay (East),metro,2026-03-27,2026-03-27T05:30:33,6.8
QN8491,Jamaica Bay (East),metro,2026-03-28,2026-03-28T05:30:33,7.7
QN8491,Jamaica Bay (East),metro,2026-03-29,2026-03-29T05:30:33,7.3
QN8491,Jamaica Bay (East),metro,2026-03-30,2026-03-30T05:30:33,8.5
QN8491,Jamaica Bay (East),metro,2026-03-31,2026-03-31T05:30:32,5.9
QN8491,Jamaica Bay (East),metro,2026-04-01,2026-04-01T05:30:32,7.5
QN8491,Jamaica Bay (East),metro,2026-04-02,2026-04-02T05:30:32,5.4
QN8491,Jamaica Bay (East),metro,2026-04-03,2026-04-03T05:30:33,9.1
QN8491,Jamaica Bay (East),metro,2026-04-04,2026-04-04T05:30:33,9.4
QN8491,Jamaica Bay (East),metro,2026-04-05,2026-04-05T05:30:32,6.5
QN8491,Jamaica Bay (East),metro,2026-04-06,2026-04-06T05:30:33,10.2
QN8491,Jamaica Bay (East),metro,2026-04-07,2026-04-07T05:30:33,10.1
QN8491,Jamaica Bay (East),metro,2026-04-08,2026-04-08T05:30:33,9.2
QN8491,Jamaica Bay (East),metro,2026-04-09,2026-04-09T05:30:33,9.3
QN8491,Jamaica Bay (East),metro,2026-04-10,2026-04-10T05:30:33,10.4
QN8491,Jamaica Bay (East),metro,2026-04-11,2026-04-11T05:30:32,11.2
QN8491,Jamaica Bay (East),metro,2026-04-12,2026-04-12T05:30:31,10.1
QN8491,Jamaica Bay (East),metro,2026-04-13,2026-04-13T05:30:30,10.7
QN8491,Jamaica Bay (East),metro,2026-04-14,2026-04-14T05:30:30,11.8
QN8491,Jamaica Bay (East),metro,2026-04-15,2026-04-15T05:30:32,11.7
QN8491,Jamaica Bay (East),metro,2026-04-16,2026-04-16T05:30:33,11.7
QN8491,Jamaica Bay (East),metro,2026-04-17,2026-04-17T05:30:33,11.6
QN8491,Jamaica Bay (East),metro,2026-04-18,2026-04-18T05:30:32,11.3
QN8492,Jacob Riis Park-Fort Tilden-Breezy Point Tip,coastal_rockaways,2026-03-21,2026-03-21T05:30:33,5.8
QN8492,Jacob Riis Park-Fort Tilden-Breezy Point Tip,coastal_rockaways,2026-03-22,2026-03-22T05:30:33,6.3
QN8492,Jacob Riis Park-Fort Tilden-Breezy Point Tip,coastal_rockaways,2026-03-23,2026-03-23T05:30:33,0.9
QN8492,Jacob Riis Park-Fort Tilden-Breezy Point Tip,coastal_rockaways,2026-03-24,2026-03-24T05:30:33,6.9
QN8492,Jacob Riis Park-Fort Tilden-Breezy Point Tip,coastal_rockaways,2026-03-25,2026-03-25T05:30:33,7.4
QN8492,Jacob Riis Park-Fort Tilden-Breezy Point Tip,coastal_rockaways,2026-03-26,2026-03-26T05:30:33,7.8
QN8492,Jacob Riis Park-Fort Tilden-Breezy Point Tip,coastal_rockaways,2026-03-27,2026-03-27T05:30:33,4.8
QN8492,Jacob Riis Park-Fort Tilden-Breezy Point Tip,coastal_rockaways,2026-03-28,2026-03-28T05:30:33,6.2
QN8492,Jacob Riis Park-Fort Tilden-Breezy Point Tip,coastal_rockaways,2026-03-29,2026-03-29T05:30:33,6.6
QN8492,Jacob Riis Park-Fort Tilden-Breezy Point Tip,coastal_rockaways,2026-03-30,2026-03-30T05:30:33,7.8
QN8492,Jacob Riis Park-Fort Tilden-Breezy Point Tip,coastal_rockaways,2026-03-31,2026-03-31T05:30:32,5.4
QN8492,Jacob Riis Park-Fort Tilden-Breezy Point Tip,coastal_rockaways,2026-04-01,2026-04-01T05:30:32,6.4
QN8492,Jacob Riis Park-Fort Tilden-Breezy Point Tip,coastal_rockaways,2026-04-02,2026-04-02T05:30:32,2.3
QN8492,Jacob Riis Park-Fort Tilden-Breezy Point Tip,coastal_rockaways,2026-04-03,2026-04-03T05:30:33,8.2
QN8492,Jacob Riis Park-Fort Tilden-Breezy Point Tip,coastal_rockaways,2026-04-04,2026-04-04T05:30:33,8.0
QN8492,Jacob Riis Park-Fort Tilden-Breezy Point Tip,coastal_rockaways,2026-04-05,2026-04-05T05:30:32,5.4
QN8492,Jacob Riis Park-Fort Tilden-Breezy Point Tip,coastal_rockaways,2026-04-06,2026-04-06T05:30:33,9.7
QN8492,Jacob Riis Park-Fort Tilden-Breezy Point Tip,coastal_rockaways,2026-04-07,2026-04-07T05:30:33,8.3
QN8492,Jacob Riis Park-Fort Tilden-Breezy Point Tip,coastal_rockaways,2026-04-08,2026-04-08T05:30:33,8.5
QN8492,Jacob Riis Park-Fort Tilden-Breezy Point Tip,coastal_rockaways,2026-04-09,2026-04-09T05:30:33,9.2
QN8492,Jacob Riis Park-Fort Tilden-Breezy Point Tip,coastal_rockaways,2026-04-10,2026-04-10T05:30:33,10.1
QN8492,Jacob Riis Park-Fort Tilden-Breezy Point Tip,coastal_rockaways,2026-04-11,2026-04-11T05:30:32,9.5
QN8492,Jacob Riis Park-Fort Tilden-Breezy Point Tip,coastal_rockaways,2026-04-12,2026-04-12T05:30:31,9.8
QN8492,Jacob Riis Park-Fort Tilden-Breezy Point Tip,coastal_rockaways,2026-04-13,2026-04-13T05:30:30,10.6
QN8492,Jacob Riis Park-Fort Tilden-Breezy Point Tip,coastal_rockaways,2026-04-14,2026-04-14T05:30:30,11.6
QN8492,Jacob Riis Park-Fort Tilden-Breezy Point Tip,coastal_rockaways,2026-04-15,2026-04-15T05:30:32,11.7
QN8492,Jacob Riis Park-Fort Tilden-Breezy Point Tip,coastal_rockaways,2026-04-16,2026-04-16T05:30:33,11.7
QN8492,Jacob Riis Park-Fort Tilden-Breezy Point Tip,coastal_rockaways,2026-04-17,2026-04-17T05:30:33,10.9
QN8492,Jacob Riis Park-Fort Tilden-Breezy Point Tip,coastal_rockaways,2026-04-18,2026-04-18T05:30:32,10.7
SI0101,St. George-New Brighton,metro,2026-03-21,2026-03-21T05:30:33,6.8
SI0101,St. George-New Brighton,metro,2026-03-22,2026-03-22T05:30:33,6.6
SI0101,St. George-New Brighton,metro,2026-03-23,2026-03-23T05:30:33,2.7
SI0101,St. George-New Brighton,metro,2026-03-24,2026-03-24T05:30:33,7.8
SI0101,St. George-New Brighton,metro,2026-03-25,2026-03-25T05:30:33,7.6
SI0101,St. George-New Brighton,metro,2026-03-26,2026-03-26T05:30:33,8.1
SI0101,St. George-New Brighton,metro,2026-03-27,2026-03-27T05:30:33,6.8
SI0101,St. George-New Brighton,metro,2026-03-28,2026-03-28T05:30:33,7.7
SI0101,St. George-New Brighton,metro,2026-03-29,2026-03-29T05:30:33,7.3
SI0101,St. George-New Brighton,metro,2026-03-30,2026-03-30T05:30:33,8.5
SI0101,St. George-New Brighton,metro,2026-03-31,2026-03-31T05:30:32,5.9
SI0101,St. George-New Brighton,metro,2026-04-01,2026-04-01T05:30:32,7.5
SI0101,St. George-New Brighton,metro,2026-04-02,2026-04-02T05:30:32,5.4
SI0101,St. George-New Brighton,metro,2026-04-03,2026-04-03T05:30:33,9.1
SI0101,St. George-New Brighton,metro,2026-04-04,2026-04-04T05:30:33,9.4
SI0101,St. George-New Brighton,metro,2026-04-05,2026-04-05T05:30:32,6.5
SI0101,St. George-New Brighton,metro,2026-04-06,2026-04-06T05:30:33,10.2
SI0101,St. George-New Brighton,metro,2026-04-07,2026-04-07T05:30:33,10.1
SI0101,St. George-New Brighton,metro,2026-04-08,2026-04-08T05:30:33,9.2
SI0101,St. George-New Brighton,metro,2026-04-09,2026-04-09T05:30:33,9.3
SI0101,St. George-New Brighton,metro,2026-04-10,2026-04-10T05:30:33,10.4
SI0101,St. George-New Brighton,metro,2026-04-11,2026-04-11T05:30:32,11.2
SI0101,St. George-New Brighton,metro,2026-04-12,2026-04-12T05:30:31,10.1
SI0101,St. George-New Brighton,metro,2026-04-13,2026-04-13T05:30:30,10.7
SI0101,St. George-New Brighton,metro,2026-04-14,2026-04-14T05:30:30,11.8
SI0101,St. George-New Brighton,metro,2026-04-15,2026-04-15T05:30:32,11.7
SI0101,St. George-New Brighton,metro,2026-04-16,2026-04-16T05:30:33,11.7
SI0101,St. George-New Brighton,metro,2026-04-17,2026-04-17T05:30:33,11.6
SI0101,St. George-New Brighton,metro,2026-04-18,2026-04-18T05:30:32,11.3
SI0102,Tompkinsville-Stapleton-Clifton-Fox Hills,metro,2026-03-21,2026-03-21T05:30:33,6.8
SI0102,Tompkinsville-Stapleton-Clifton-Fox Hills,metro,2026-03-22,2026-03-22T05:30:33,6.6
SI0102,Tompkinsville-Stapleton-Clifton-Fox Hills,metro,2026-03-23,2026-03-23T05:30:33,2.7
SI0102,Tompkinsville-Stapleton-Clifton-Fox Hills,metro,2026-03-24,2026-03-24T05:30:33,7.8
SI0102,Tompkinsville-Stapleton-Clifton-Fox Hills,metro,2026-03-25,2026-03-25T05:30:33,7.6
SI0102,Tompkinsville-Stapleton-Clifton-Fox Hills,metro,2026-03-26,2026-03-26T05:30:33,8.1
SI0102,Tompkinsville-Stapleton-Clifton-Fox Hills,metro,2026-03-27,2026-03-27T05:30:33,6.8
SI0102,Tompkinsville-Stapleton-Clifton-Fox Hills,metro,2026-03-28,2026-03-28T05:30:33,7.7
SI0102,Tompkinsville-Stapleton-Clifton-Fox Hills,metro,2026-03-29,2026-03-29T05:30:33,7.3
SI0102,Tompkinsville-Stapleton-Clifton-Fox Hills,metro,2026-03-30,2026-03-30T05:30:33,8.5
SI0102,Tompkinsville-Stapleton-Clifton-Fox Hills,metro,2026-03-31,2026-03-31T05:30:32,5.9
SI0102,Tompkinsville-Stapleton-Clifton-Fox Hills,metro,2026-04-01,2026-04-01T05:30:32,7.5
SI0102,Tompkinsville-Stapleton-Clifton-Fox Hills,metro,2026-04-02,2026-04-02T05:30:32,5.4
SI0102,Tompkinsville-Stapleton-Clifton-Fox Hills,metro,2026-04-03,2026-04-03T05:30:33,9.1
SI0102,Tompkinsville-Stapleton-Clifton-Fox Hills,metro,2026-04-04,2026-04-04T05:30:33,9.4
SI0102,Tompkinsville-Stapleton-Clifton-Fox Hills,metro,2026-04-05,2026-04-05T05:30:32,6.5
SI0102,Tompkinsville-Stapleton-Clifton-Fox Hills,metro,2026-04-06,2026-04-06T05:30:33,10.2
SI0102,Tompkinsville-Stapleton-Clifton-Fox Hills,metro,2026-04-07,2026-04-07T05:30:33,10.1
SI0102,Tompkinsville-Stapleton-Clifton-Fox Hills,metro,2026-04-08,2026-04-08T05:30:33,9.2
SI0102,Tompkinsville-Stapleton-Clifton-Fox Hills,metro,2026-04-09,2026-04-09T05:30:33,9.3
SI0102,Tompkinsville-Stapleton-Clifton-Fox Hills,metro,2026-04-10,2026-04-10T05:30:33,10.4
SI0102,Tompkinsville-Stapleton-Clifton-Fox Hills,metro,2026-04-11,2026-04-11T05:30:32,11.2
SI0102,Tompkinsville-Stapleton-Clifton-Fox Hills,metro,2026-04-12,2026-04-12T05:30:31,10.1
SI0102,Tompkinsville-Stapleton-Clifton-Fox Hills,metro,2026-04-13,2026-04-13T05:30:30,10.7
SI0102,Tompkinsville-Stapleton-Clifton-Fox Hills,metro,2026-04-14,2026-04-14T05:30:30,11.8
SI0102,Tompkinsville-Stapleton-Clifton-Fox Hills,metro,2026-04-15,2026-04-15T05:30:32,11.7
SI0102,Tompkinsville-Stapleton-Clifton-Fox Hills,metro,2026-04-16,2026-04-16T05:30:33,11.7
SI0102,Tompkinsville-Stapleton-Clifton-Fox Hills,metro,2026-04-17,2026-04-17T05:30:33,11.6
SI0102,Tompkinsville-Stapleton-Clifton-Fox Hills,metro,2026-04-18,2026-04-18T05:30:32,11.3
SI0103,Rosebank-Shore Acres-Park Hill,metro,2026-03-21,2026-03-21T05:30:33,6.8
SI0103,Rosebank-Shore Acres-Park Hill,metro,2026-03-22,2026-03-22T05:30:33,6.6
SI0103,Rosebank-Shore Acres-Park Hill,metro,2026-03-23,2026-03-23T05:30:33,2.7
SI0103,Rosebank-Shore Acres-Park Hill,metro,2026-03-24,2026-03-24T05:30:33,7.8
SI0103,Rosebank-Shore Acres-Park Hill,metro,2026-03-25,2026-03-25T05:30:33,7.6
SI0103,Rosebank-Shore Acres-Park Hill,metro,2026-03-26,2026-03-26T05:30:33,8.1
SI0103,Rosebank-Shore Acres-Park Hill,metro,2026-03-27,2026-03-27T05:30:33,6.8
SI0103,Rosebank-Shore Acres-Park Hill,metro,2026-03-28,2026-03-28T05:30:33,7.7
SI0103,Rosebank-Shore Acres-Park Hill,metro,2026-03-29,2026-03-29T05:30:33,7.3
SI0103,Rosebank-Shore Acres-Park Hill,metro,2026-03-30,2026-03-30T05:30:33,8.5
SI0103,Rosebank-Shore Acres-Park Hill,metro,2026-03-31,2026-03-31T05:30:32,5.9
SI0103,Rosebank-Shore Acres-Park Hill,metro,2026-04-01,2026-04-01T05:30:32,7.5
SI0103,Rosebank-Shore Acres-Park Hill,metro,2026-04-02,2026-04-02T05:30:32,5.4
SI0103,Rosebank-Shore Acres-Park Hill,metro,2026-04-03,2026-04-03T05:30:33,9.1
SI0103,Rosebank-Shore Acres-Park Hill,metro,2026-04-04,2026-04-04T05:30:33,9.4
SI0103,Rosebank-Shore Acres-Park Hill,metro,2026-04-05,2026-04-05T05:30:32,6.5
SI0103,Rosebank-Shore Acres-Park Hill,metro,2026-04-06,2026-04-06T05:30:33,10.2
SI0103,Rosebank-Shore Acres-Park Hill,metro,2026-04-07,2026-04-07T05:30:33,10.1
SI0103,Rosebank-Shore Acres-Park Hill,metro,2026-04-08,2026-04-08T05:30:33,9.2
SI0103,Rosebank-Shore Acres-Park Hill,metro,2026-04-09,2026-04-09T05:30:33,9.3
SI0103,Rosebank-Shore Acres-Park Hill,metro,2026-04-10,2026-04-10T05:30:33,10.4
SI0103,Rosebank-Shore Acres-Park Hill,metro,2026-04-11,2026-04-11T05:30:32,11.2
SI0103,Rosebank-Shore Acres-Park Hill,metro,2026-04-12,2026-04-12T05:30:31,10.1
SI0103,Rosebank-Shore Acres-Park Hill,metro,2026-04-13,2026-04-13T05:30:30,10.7
SI0103,Rosebank-Shore Acres-Park Hill,metro,2026-04-14,2026-04-14T05:30:30,11.8
SI0103,Rosebank-Shore Acres-Park Hill,metro,2026-04-15,2026-04-15T05:30:32,11.7
SI0103,Rosebank-Shore Acres-Park Hill,metro,2026-04-16,2026-04-16T05:30:33,11.7
SI0103,Rosebank-Shore Acres-Park Hill,metro,2026-04-17,2026-04-17T05:30:33,11.6
SI0103,Rosebank-Shore Acres-Park Hill,metro,2026-04-18,2026-04-18T05:30:32,11.3
SI0104,West New Brighton-Silver Lake-Grymes Hill,metro,2026-03-21,2026-03-21T05:30:33,6.8
SI0104,West New Brighton-Silver Lake-Grymes Hill,metro,2026-03-22,2026-03-22T05:30:33,6.6
SI0104,West New Brighton-Silver Lake-Grymes Hill,metro,2026-03-23,2026-03-23T05:30:33,2.7
SI0104,West New Brighton-Silver Lake-Grymes Hill,metro,2026-03-24,2026-03-24T05:30:33,7.8
SI0104,West New Brighton-Silver Lake-Grymes Hill,metro,2026-03-25,2026-03-25T05:30:33,7.6
SI0104,West New Brighton-Silver Lake-Grymes Hill,metro,2026-03-26,2026-03-26T05:30:33,8.1
SI0104,West New Brighton-Silver Lake-Grymes Hill,metro,2026-03-27,2026-03-27T05:30:33,6.8
SI0104,West New Brighton-Silver Lake-Grymes Hill,metro,2026-03-28,2026-03-28T05:30:33,7.7
SI0104,West New Brighton-Silver Lake-Grymes Hill,metro,2026-03-29,2026-03-29T05:30:33,7.3
SI0104,West New Brighton-Silver Lake-Grymes Hill,metro,2026-03-30,2026-03-30T05:30:33,8.5
SI0104,West New Brighton-Silver Lake-Grymes Hill,metro,2026-03-31,2026-03-31T05:30:32,5.9
SI0104,West New Brighton-Silver Lake-Grymes Hill,metro,2026-04-01,2026-04-01T05:30:32,7.5
SI0104,West New Brighton-Silver Lake-Grymes Hill,metro,2026-04-02,2026-04-02T05:30:32,5.4
SI0104,West New Brighton-Silver Lake-Grymes Hill,metro,2026-04-03,2026-04-03T05:30:33,9.1
SI0104,West New Brighton-Silver Lake-Grymes Hill,metro,2026-04-04,2026-04-04T05:30:33,9.4
SI0104,West New Brighton-Silver Lake-Grymes Hill,metro,2026-04-05,2026-04-05T05:30:32,6.5
SI0104,West New Brighton-Silver Lake-Grymes Hill,metro,2026-04-06,2026-04-06T05:30:33,10.2
SI0104,West New Brighton-Silver Lake-Grymes Hill,metro,2026-04-07,2026-04-07T05:30:33,10.1
SI0104,West New Brighton-Silver Lake-Grymes Hill,metro,2026-04-08,2026-04-08T05:30:33,9.2
SI0104,West New Brighton-Silver Lake-Grymes Hill,metro,2026-04-09,2026-04-09T05:30:33,9.3
SI0104,West New Brighton-Silver Lake-Grymes Hill,metro,2026-04-10,2026-04-10T05:30:33,10.4
SI0104,West New Brighton-Silver Lake-Grymes Hill,metro,2026-04-11,2026-04-11T05:30:32,11.2
SI0104,West New Brighton-Silver Lake-Grymes Hill,metro,2026-04-12,2026-04-12T05:30:31,10.1
SI0104,West New Brighton-Silver Lake-Grymes Hill,metro,2026-04-13,2026-04-13T05:30:30,10.7
SI0104,West New Brighton-Silver Lake-Grymes Hill,metro,2026-04-14,2026-04-14T05:30:30,11.8
SI0104,West New Brighton-Silver Lake-Grymes Hill,metro,2026-04-15,2026-04-15T05:30:32,11.7
SI0104,West New Brighton-Silver Lake-Grymes Hill,metro,2026-04-16,2026-04-16T05:30:33,11.7
SI0104,West New Brighton-Silver Lake-Grymes Hill,metro,2026-04-17,2026-04-17T05:30:33,11.6
SI0104,West New Brighton-Silver Lake-Grymes Hill,metro,2026-04-18,2026-04-18T05:30:32,11.3
SI0105,Westerleigh-Castleton Corners,metro,2026-03-21,2026-03-21T05:30:33,6.8
SI0105,Westerleigh-Castleton Corners,metro,2026-03-22,2026-03-22T05:30:33,6.6
SI0105,Westerleigh-Castleton Corners,metro,2026-03-23,2026-03-23T05:30:33,2.7
SI0105,Westerleigh-Castleton Corners,metro,2026-03-24,2026-03-24T05:30:33,7.8
SI0105,Westerleigh-Castleton Corners,metro,2026-03-25,2026-03-25T05:30:33,7.6
SI0105,Westerleigh-Castleton Corners,metro,2026-03-26,2026-03-26T05:30:33,8.1
SI0105,Westerleigh-Castleton Corners,metro,2026-03-27,2026-03-27T05:30:33,6.8
SI0105,Westerleigh-Castleton Corners,metro,2026-03-28,2026-03-28T05:30:33,7.7
SI0105,Westerleigh-Castleton Corners,metro,2026-03-29,2026-03-29T05:30:33,7.3
SI0105,Westerleigh-Castleton Corners,metro,2026-03-30,2026-03-30T05:30:33,8.5
SI0105,Westerleigh-Castleton Corners,metro,2026-03-31,2026-03-31T05:30:32,5.9
SI0105,Westerleigh-Castleton Corners,metro,2026-04-01,2026-04-01T05:30:32,7.5
SI0105,Westerleigh-Castleton Corners,metro,2026-04-02,2026-04-02T05:30:32,5.4
SI0105,Westerleigh-Castleton Corners,metro,2026-04-03,2026-04-03T05:30:33,9.1
SI0105,Westerleigh-Castleton Corners,metro,2026-04-04,2026-04-04T05:30:33,9.4
SI0105,Westerleigh-Castleton Corners,metro,2026-04-05,2026-04-05T05:30:32,6.5
SI0105,Westerleigh-Castleton Corners,metro,2026-04-06,2026-04-06T05:30:33,10.2
SI0105,Westerleigh-Castleton Corners,metro,2026-04-07,2026-04-07T05:30:33,10.1
SI0105,Westerleigh-Castleton Corners,metro,2026-04-08,2026-04-08T05:30:33,9.2
SI0105,Westerleigh-Castleton Corners,metro,2026-04-09,2026-04-09T05:30:33,9.3
SI0105,Westerleigh-Castleton Corners,metro,2026-04-10,2026-04-10T05:30:33,10.4
SI0105,Westerleigh-Castleton Corners,metro,2026-04-11,2026-04-11T05:30:32,11.2
SI0105,Westerleigh-Castleton Corners,metro,2026-04-12,2026-04-12T05:30:31,10.1
SI0105,Westerleigh-Castleton Corners,metro,2026-04-13,2026-04-13T05:30:30,10.7
SI0105,Westerleigh-Castleton Corners,metro,2026-04-14,2026-04-14T05:30:30,11.8
SI0105,Westerleigh-Castleton Corners,metro,2026-04-15,2026-04-15T05:30:32,11.7
SI0105,Westerleigh-Castleton Corners,metro,2026-04-16,2026-04-16T05:30:33,11.7
SI0105,Westerleigh-Castleton Corners,metro,2026-04-17,2026-04-17T05:30:33,11.6
SI0105,Westerleigh-Castleton Corners,metro,2026-04-18,2026-04-18T05:30:32,11.3
SI0106,Port Richmond,metro,2026-03-21,2026-03-21T05:30:33,6.8
SI0106,Port Richmond,metro,2026-03-22,2026-03-22T05:30:33,6.6
SI0106,Port Richmond,metro,2026-03-23,2026-03-23T05:30:33,2.7
SI0106,Port Richmond,metro,2026-03-24,2026-03-24T05:30:33,7.8
SI0106,Port Richmond,metro,2026-03-25,2026-03-25T05:30:33,7.6
SI0106,Port Richmond,metro,2026-03-26,2026-03-26T05:30:33,8.1
SI0106,Port Richmond,metro,2026-03-27,2026-03-27T05:30:33,6.8
SI0106,Port Richmond,metro,2026-03-28,2026-03-28T05:30:33,7.7
SI0106,Port Richmond,metro,2026-03-29,2026-03-29T05:30:33,7.3
SI0106,Port Richmond,metro,2026-03-30,2026-03-30T05:30:33,8.5
SI0106,Port Richmond,metro,2026-03-31,2026-03-31T05:30:32,5.9
SI0106,Port Richmond,metro,2026-04-01,2026-04-01T05:30:32,7.5
SI0106,Port Richmond,metro,2026-04-02,2026-04-02T05:30:32,5.4
SI0106,Port Richmond,metro,2026-04-03,2026-04-03T05:30:33,9.1
SI0106,Port Richmond,metro,2026-04-04,2026-04-04T05:30:33,9.4
SI0106,Port Richmond,metro,2026-04-05,2026-04-05T05:30:32,6.5
SI0106,Port Richmond,metro,2026-04-06,2026-04-06T05:30:33,10.2
SI0106,Port Richmond,metro,2026-04-07,2026-04-07T05:30:33,10.1
SI0106,Port Richmond,metro,2026-04-08,2026-04-08T05:30:33,9.2
SI0106,Port Richmond,metro,2026-04-09,2026-04-09T05:30:33,9.3
SI0106,Port Richmond,metro,2026-04-10,2026-04-10T05:30:33,10.4
SI0106,Port Richmond,metro,2026-04-11,2026-04-11T05:30:32,11.2
SI0106,Port Richmond,metro,2026-04-12,2026-04-12T05:30:31,10.1
SI0106,Port Richmond,metro,2026-04-13,2026-04-13T05:30:30,10.7
SI0106,Port Richmond,metro,2026-04-14,2026-04-14T05:30:30,11.8
SI0106,Port Richmond,metro,2026-04-15,2026-04-15T05:30:32,11.7
SI0106,Port Richmond,metro,2026-04-16,2026-04-16T05:30:33,11.7
SI0106,Port Richmond,metro,2026-04-17,2026-04-17T05:30:33,11.6
SI0106,Port Richmond,metro,2026-04-18,2026-04-18T05:30:32,11.3
SI0107,Mariner's Harbor-Arlington-Graniteville,metro,2026-03-21,2026-03-21T05:30:33,6.8
SI0107,Mariner's Harbor-Arlington-Graniteville,metro,2026-03-22,2026-03-22T05:30:33,6.6
SI0107,Mariner's Harbor-Arlington-Graniteville,metro,2026-03-23,2026-03-23T05:30:33,2.7
SI0107,Mariner's Harbor-Arlington-Graniteville,metro,2026-03-24,2026-03-24T05:30:33,7.8
SI0107,Mariner's Harbor-Arlington-Graniteville,metro,2026-03-25,2026-03-25T05:30:33,7.6
SI0107,Mariner's Harbor-Arlington-Graniteville,metro,2026-03-26,2026-03-26T05:30:33,8.1
SI0107,Mariner's Harbor-Arlington-Graniteville,metro,2026-03-27,2026-03-27T05:30:33,6.8
SI0107,Mariner's Harbor-Arlington-Graniteville,metro,2026-03-28,2026-03-28T05:30:33,7.7
SI0107,Mariner's Harbor-Arlington-Graniteville,metro,2026-03-29,2026-03-29T05:30:33,7.3
SI0107,Mariner's Harbor-Arlington-Graniteville,metro,2026-03-30,2026-03-30T05:30:33,8.5
SI0107,Mariner's Harbor-Arlington-Graniteville,metro,2026-03-31,2026-03-31T05:30:32,5.9
SI0107,Mariner's Harbor-Arlington-Graniteville,metro,2026-04-01,2026-04-01T05:30:32,7.5
SI0107,Mariner's Harbor-Arlington-Graniteville,metro,2026-04-02,2026-04-02T05:30:32,5.4
SI0107,Mariner's Harbor-Arlington-Graniteville,metro,2026-04-03,2026-04-03T05:30:33,9.1
SI0107,Mariner's Harbor-Arlington-Graniteville,metro,2026-04-04,2026-04-04T05:30:33,9.4
SI0107,Mariner's Harbor-Arlington-Graniteville,metro,2026-04-05,2026-04-05T05:30:32,6.5
SI0107,Mariner's Harbor-Arlington-Graniteville,metro,2026-04-06,2026-04-06T05:30:33,10.2
SI0107,Mariner's Harbor-Arlington-Graniteville,metro,2026-04-07,2026-04-07T05:30:33,10.1
SI0107,Mariner's Harbor-Arlington-Graniteville,metro,2026-04-08,2026-04-08T05:30:33,9.2
SI0107,Mariner's Harbor-Arlington-Graniteville,metro,2026-04-09,2026-04-09T05:30:33,9.3
SI0107,Mariner's Harbor-Arlington-Graniteville,metro,2026-04-10,2026-04-10T05:30:33,10.4
SI0107,Mariner's Harbor-Arlington-Graniteville,metro,2026-04-11,2026-04-11T05:30:32,11.2
SI0107,Mariner's Harbor-Arlington-Graniteville,metro,2026-04-12,2026-04-12T05:30:31,10.1
SI0107,Mariner's Harbor-Arlington-Graniteville,metro,2026-04-13,2026-04-13T05:30:30,10.7
SI0107,Mariner's Harbor-Arlington-Graniteville,metro,2026-04-14,2026-04-14T05:30:30,11.8
SI0107,Mariner's Harbor-Arlington-Graniteville,metro,2026-04-15,2026-04-15T05:30:32,11.7
SI0107,Mariner's Harbor-Arlington-Graniteville,metro,2026-04-16,2026-04-16T05:30:33,11.7
SI0107,Mariner's Harbor-Arlington-Graniteville,metro,2026-04-17,2026-04-17T05:30:33,11.6
SI0107,Mariner's Harbor-Arlington-Graniteville,metro,2026-04-18,2026-04-18T05:30:32,11.3
SI0191,Snug Harbor,metro,2026-03-21,2026-03-21T05:30:33,6.8
SI0191,Snug Harbor,metro,2026-03-22,2026-03-22T05:30:33,6.6
SI0191,Snug Harbor,metro,2026-03-23,2026-03-23T05:30:33,2.7
SI0191,Snug Harbor,metro,2026-03-24,2026-03-24T05:30:33,7.8
SI0191,Snug Harbor,metro,2026-03-25,2026-03-25T05:30:33,7.6
SI0191,Snug Harbor,metro,2026-03-26,2026-03-26T05:30:33,8.1
SI0191,Snug Harbor,metro,2026-03-27,2026-03-27T05:30:33,6.8
SI0191,Snug Harbor,metro,2026-03-28,2026-03-28T05:30:33,7.7
SI0191,Snug Harbor,metro,2026-03-29,2026-03-29T05:30:33,7.3
SI0191,Snug Harbor,metro,2026-03-30,2026-03-30T05:30:33,8.5
SI0191,Snug Harbor,metro,2026-03-31,2026-03-31T05:30:32,5.9
SI0191,Snug Harbor,metro,2026-04-01,2026-04-01T05:30:32,7.5
SI0191,Snug Harbor,metro,2026-04-02,2026-04-02T05:30:32,5.4
SI0191,Snug Harbor,metro,2026-04-03,2026-04-03T05:30:33,9.1
SI0191,Snug Harbor,metro,2026-04-04,2026-04-04T05:30:33,9.4
SI0191,Snug Harbor,metro,2026-04-05,2026-04-05T05:30:32,6.5
SI0191,Snug Harbor,metro,2026-04-06,2026-04-06T05:30:33,10.2
SI0191,Snug Harbor,metro,2026-04-07,2026-04-07T05:30:33,10.1
SI0191,Snug Harbor,metro,2026-04-08,2026-04-08T05:30:33,9.2
SI0191,Snug Harbor,metro,2026-04-09,2026-04-09T05:30:33,9.3
SI0191,Snug Harbor,metro,2026-04-10,2026-04-10T05:30:33,10.4
SI0191,Snug Harbor,metro,2026-04-11,2026-04-11T05:30:32,11.2
SI0191,Snug Harbor,metro,2026-04-12,2026-04-12T05:30:31,10.1
SI0191,Snug Harbor,metro,2026-04-13,2026-04-13T05:30:30,10.7
SI0191,Snug Harbor,metro,2026-04-14,2026-04-14T05:30:30,11.8
SI0191,Snug Harbor,metro,2026-04-15,2026-04-15T05:30:32,11.7
SI0191,Snug Harbor,metro,2026-04-16,2026-04-16T05:30:33,11.7
SI0191,Snug Harbor,metro,2026-04-17,2026-04-17T05:30:33,11.6
SI0191,Snug Harbor,metro,2026-04-18,2026-04-18T05:30:32,11.3
SI0201,Grasmere-Arrochar-South Beach-Dongan Hills,metro,2026-03-21,2026-03-21T05:30:33,6.8
SI0201,Grasmere-Arrochar-South Beach-Dongan Hills,metro,2026-03-22,2026-03-22T05:30:33,6.6
SI0201,Grasmere-Arrochar-South Beach-Dongan Hills,metro,2026-03-23,2026-03-23T05:30:33,2.7
SI0201,Grasmere-Arrochar-South Beach-Dongan Hills,metro,2026-03-24,2026-03-24T05:30:33,7.8
SI0201,Grasmere-Arrochar-South Beach-Dongan Hills,metro,2026-03-25,2026-03-25T05:30:33,7.6
SI0201,Grasmere-Arrochar-South Beach-Dongan Hills,metro,2026-03-26,2026-03-26T05:30:33,8.1
SI0201,Grasmere-Arrochar-South Beach-Dongan Hills,metro,2026-03-27,2026-03-27T05:30:33,6.8
SI0201,Grasmere-Arrochar-South Beach-Dongan Hills,metro,2026-03-28,2026-03-28T05:30:33,7.7
SI0201,Grasmere-Arrochar-South Beach-Dongan Hills,metro,2026-03-29,2026-03-29T05:30:33,7.3
SI0201,Grasmere-Arrochar-South Beach-Dongan Hills,metro,2026-03-30,2026-03-30T05:30:33,8.5
SI0201,Grasmere-Arrochar-South Beach-Dongan Hills,metro,2026-03-31,2026-03-31T05:30:32,5.9
SI0201,Grasmere-Arrochar-South Beach-Dongan Hills,metro,2026-04-01,2026-04-01T05:30:32,7.5
SI0201,Grasmere-Arrochar-South Beach-Dongan Hills,metro,2026-04-02,2026-04-02T05:30:32,5.4
SI0201,Grasmere-Arrochar-South Beach-Dongan Hills,metro,2026-04-03,2026-04-03T05:30:33,9.1
SI0201,Grasmere-Arrochar-South Beach-Dongan Hills,metro,2026-04-04,2026-04-04T05:30:33,9.4
SI0201,Grasmere-Arrochar-South Beach-Dongan Hills,metro,2026-04-05,2026-04-05T05:30:32,6.5
SI0201,Grasmere-Arrochar-South Beach-Dongan Hills,metro,2026-04-06,2026-04-06T05:30:33,10.2
SI0201,Grasmere-Arrochar-South Beach-Dongan Hills,metro,2026-04-07,2026-04-07T05:30:33,10.1
SI0201,Grasmere-Arrochar-South Beach-Dongan Hills,metro,2026-04-08,2026-04-08T05:30:33,9.2
SI0201,Grasmere-Arrochar-South Beach-Dongan Hills,metro,2026-04-09,2026-04-09T05:30:33,9.3
SI0201,Grasmere-Arrochar-South Beach-Dongan Hills,metro,2026-04-10,2026-04-10T05:30:33,10.4
SI0201,Grasmere-Arrochar-South Beach-Dongan Hills,metro,2026-04-11,2026-04-11T05:30:32,11.2
SI0201,Grasmere-Arrochar-South Beach-Dongan Hills,metro,2026-04-12,2026-04-12T05:30:31,10.1
SI0201,Grasmere-Arrochar-South Beach-Dongan Hills,metro,2026-04-13,2026-04-13T05:30:30,10.7
SI0201,Grasmere-Arrochar-South Beach-Dongan Hills,metro,2026-04-14,2026-04-14T05:30:30,11.8
SI0201,Grasmere-Arrochar-South Beach-Dongan Hills,metro,2026-04-15,2026-04-15T05:30:32,11.7
SI0201,Grasmere-Arrochar-South Beach-Dongan Hills,metro,2026-04-16,2026-04-16T05:30:33,11.7
SI0201,Grasmere-Arrochar-South Beach-Dongan Hills,metro,2026-04-17,2026-04-17T05:30:33,11.6
SI0201,Grasmere-Arrochar-South Beach-Dongan Hills,metro,2026-04-18,2026-04-18T05:30:32,11.3
SI0202,New Dorp-Midland Beach,metro,2026-03-21,2026-03-21T05:30:33,6.8
SI0202,New Dorp-Midland Beach,metro,2026-03-22,2026-03-22T05:30:33,6.6
SI0202,New Dorp-Midland Beach,metro,2026-03-23,2026-03-23T05:30:33,2.7
SI0202,New Dorp-Midland Beach,metro,2026-03-24,2026-03-24T05:30:33,7.8
SI0202,New Dorp-Midland Beach,metro,2026-03-25,2026-03-25T05:30:33,7.6
SI0202,New Dorp-Midland Beach,metro,2026-03-26,2026-03-26T05:30:33,8.1
SI0202,New Dorp-Midland Beach,metro,2026-03-27,2026-03-27T05:30:33,6.8
SI0202,New Dorp-Midland Beach,metro,2026-03-28,2026-03-28T05:30:33,7.7
SI0202,New Dorp-Midland Beach,metro,2026-03-29,2026-03-29T05:30:33,7.3
SI0202,New Dorp-Midland Beach,metro,2026-03-30,2026-03-30T05:30:33,8.5
SI0202,New Dorp-Midland Beach,metro,2026-03-31,2026-03-31T05:30:32,5.9
SI0202,New Dorp-Midland Beach,metro,2026-04-01,2026-04-01T05:30:32,7.5
SI0202,New Dorp-Midland Beach,metro,2026-04-02,2026-04-02T05:30:32,5.4
SI0202,New Dorp-Midland Beach,metro,2026-04-03,2026-04-03T05:30:33,9.1
SI0202,New Dorp-Midland Beach,metro,2026-04-04,2026-04-04T05:30:33,9.4
SI0202,New Dorp-Midland Beach,metro,2026-04-05,2026-04-05T05:30:32,6.5
SI0202,New Dorp-Midland Beach,metro,2026-04-06,2026-04-06T05:30:33,10.2
SI0202,New Dorp-Midland Beach,metro,2026-04-07,2026-04-07T05:30:33,10.1
SI0202,New Dorp-Midland Beach,metro,2026-04-08,2026-04-08T05:30:33,9.2
SI0202,New Dorp-Midland Beach,metro,2026-04-09,2026-04-09T05:30:33,9.3
SI0202,New Dorp-Midland Beach,metro,2026-04-10,2026-04-10T05:30:33,10.4
SI0202,New Dorp-Midland Beach,metro,2026-04-11,2026-04-11T05:30:32,11.2
SI0202,New Dorp-Midland Beach,metro,2026-04-12,2026-04-12T05:30:31,10.1
SI0202,New Dorp-Midland Beach,metro,2026-04-13,2026-04-13T05:30:30,10.7
SI0202,New Dorp-Midland Beach,metro,2026-04-14,2026-04-14T05:30:30,11.8
SI0202,New Dorp-Midland Beach,metro,2026-04-15,2026-04-15T05:30:32,11.7
SI0202,New Dorp-Midland Beach,metro,2026-04-16,2026-04-16T05:30:33,11.7
SI0202,New Dorp-Midland Beach,metro,2026-04-17,2026-04-17T05:30:33,11.6
SI0202,New Dorp-Midland Beach,metro,2026-04-18,2026-04-18T05:30:32,11.3
SI0203,Todt Hill-Emerson Hill-Lighthouse Hill-Manor Heights,metro,2026-03-21,2026-03-21T05:30:33,6.8
SI0203,Todt Hill-Emerson Hill-Lighthouse Hill-Manor Heights,metro,2026-03-22,2026-03-22T05:30:33,6.6
SI0203,Todt Hill-Emerson Hill-Lighthouse Hill-Manor Heights,metro,2026-03-23,2026-03-23T05:30:33,2.7
SI0203,Todt Hill-Emerson Hill-Lighthouse Hill-Manor Heights,metro,2026-03-24,2026-03-24T05:30:33,7.8
SI0203,Todt Hill-Emerson Hill-Lighthouse Hill-Manor Heights,metro,2026-03-25,2026-03-25T05:30:33,7.6
SI0203,Todt Hill-Emerson Hill-Lighthouse Hill-Manor Heights,metro,2026-03-26,2026-03-26T05:30:33,8.1
SI0203,Todt Hill-Emerson Hill-Lighthouse Hill-Manor Heights,metro,2026-03-27,2026-03-27T05:30:33,6.8
SI0203,Todt Hill-Emerson Hill-Lighthouse Hill-Manor Heights,metro,2026-03-28,2026-03-28T05:30:33,7.7
SI0203,Todt Hill-Emerson Hill-Lighthouse Hill-Manor Heights,metro,2026-03-29,2026-03-29T05:30:33,7.3
SI0203,Todt Hill-Emerson Hill-Lighthouse Hill-Manor Heights,metro,2026-03-30,2026-03-30T05:30:33,8.5
SI0203,Todt Hill-Emerson Hill-Lighthouse Hill-Manor Heights,metro,2026-03-31,2026-03-31T05:30:32,5.9
SI0203,Todt Hill-Emerson Hill-Lighthouse Hill-Manor Heights,metro,2026-04-01,2026-04-01T05:30:32,7.5
SI0203,Todt Hill-Emerson Hill-Lighthouse Hill-Manor Heights,metro,2026-04-02,2026-04-02T05:30:32,5.4
SI0203,Todt Hill-Emerson Hill-Lighthouse Hill-Manor Heights,metro,2026-04-03,2026-04-03T05:30:33,9.1
SI0203,Todt Hill-Emerson Hill-Lighthouse Hill-Manor Heights,metro,2026-04-04,2026-04-04T05:30:33,9.4
SI0203,Todt Hill-Emerson Hill-Lighthouse Hill-Manor Heights,metro,2026-04-05,2026-04-05T05:30:32,6.5
SI0203,Todt Hill-Emerson Hill-Lighthouse Hill-Manor Heights,metro,2026-04-06,2026-04-06T05:30:33,10.2
SI0203,Todt Hill-Emerson Hill-Lighthouse Hill-Manor Heights,metro,2026-04-07,2026-04-07T05:30:33,10.1
SI0203,Todt Hill-Emerson Hill-Lighthouse Hill-Manor Heights,metro,2026-04-08,2026-04-08T05:30:33,9.2
SI0203,Todt Hill-Emerson Hill-Lighthouse Hill-Manor Heights,metro,2026-04-09,2026-04-09T05:30:33,9.3
SI0203,Todt Hill-Emerson Hill-Lighthouse Hill-Manor Heights,metro,2026-04-10,2026-04-10T05:30:33,10.4
SI0203,Todt Hill-Emerson Hill-Lighthouse Hill-Manor Heights,metro,2026-04-11,2026-04-11T05:30:32,11.2
SI0203,Todt Hill-Emerson Hill-Lighthouse Hill-Manor Heights,metro,2026-04-12,2026-04-12T05:30:31,10.1
SI0203,Todt Hill-Emerson Hill-Lighthouse Hill-Manor Heights,metro,2026-04-13,2026-04-13T05:30:30,10.7
SI0203,Todt Hill-Emerson Hill-Lighthouse Hill-Manor Heights,metro,2026-04-14,2026-04-14T05:30:30,11.8
SI0203,Todt Hill-Emerson Hill-Lighthouse Hill-Manor Heights,metro,2026-04-15,2026-04-15T05:30:32,11.7
SI0203,Todt Hill-Emerson Hill-Lighthouse Hill-Manor Heights,metro,2026-04-16,2026-04-16T05:30:33,11.7
SI0203,Todt Hill-Emerson Hill-Lighthouse Hill-Manor Heights,metro,2026-04-17,2026-04-17T05:30:33,11.6
SI0203,Todt Hill-Emerson Hill-Lighthouse Hill-Manor Heights,metro,2026-04-18,2026-04-18T05:30:32,11.3
SI0204,New Springville-Willowbrook-Bulls Head-Travis,metro,2026-03-21,2026-03-21T05:30:33,6.8
SI0204,New Springville-Willowbrook-Bulls Head-Travis,metro,2026-03-22,2026-03-22T05:30:33,6.6
SI0204,New Springville-Willowbrook-Bulls Head-Travis,metro,2026-03-23,2026-03-23T05:30:33,2.7
SI0204,New Springville-Willowbrook-Bulls Head-Travis,metro,2026-03-24,2026-03-24T05:30:33,7.8
SI0204,New Springville-Willowbrook-Bulls Head-Travis,metro,2026-03-25,2026-03-25T05:30:33,7.6
SI0204,New Springville-Willowbrook-Bulls Head-Travis,metro,2026-03-26,2026-03-26T05:30:33,8.1
SI0204,New Springville-Willowbrook-Bulls Head-Travis,metro,2026-03-27,2026-03-27T05:30:33,6.8
SI0204,New Springville-Willowbrook-Bulls Head-Travis,metro,2026-03-28,2026-03-28T05:30:33,7.7
SI0204,New Springville-Willowbrook-Bulls Head-Travis,metro,2026-03-29,2026-03-29T05:30:33,7.3
SI0204,New Springville-Willowbrook-Bulls Head-Travis,metro,2026-03-30,2026-03-30T05:30:33,8.5
SI0204,New Springville-Willowbrook-Bulls Head-Travis,metro,2026-03-31,2026-03-31T05:30:32,5.9
SI0204,New Springville-Willowbrook-Bulls Head-Travis,metro,2026-04-01,2026-04-01T05:30:32,7.5
SI0204,New Springville-Willowbrook-Bulls Head-Travis,metro,2026-04-02,2026-04-02T05:30:32,5.4
SI0204,New Springville-Willowbrook-Bulls Head-Travis,metro,2026-04-03,2026-04-03T05:30:33,9.1
SI0204,New Springville-Willowbrook-Bulls Head-Travis,metro,2026-04-04,2026-04-04T05:30:33,9.4
SI0204,New Springville-Willowbrook-Bulls Head-Travis,metro,2026-04-05,2026-04-05T05:30:32,6.5
SI0204,New Springville-Willowbrook-Bulls Head-Travis,metro,2026-04-06,2026-04-06T05:30:33,10.2
SI0204,New Springville-Willowbrook-Bulls Head-Travis,metro,2026-04-07,2026-04-07T05:30:33,10.1
SI0204,New Springville-Willowbrook-Bulls Head-Travis,metro,2026-04-08,2026-04-08T05:30:33,9.2
SI0204,New Springville-Willowbrook-Bulls Head-Travis,metro,2026-04-09,2026-04-09T05:30:33,9.3
SI0204,New Springville-Willowbrook-Bulls Head-Travis,metro,2026-04-10,2026-04-10T05:30:33,10.4
SI0204,New Springville-Willowbrook-Bulls Head-Travis,metro,2026-04-11,2026-04-11T05:30:32,11.2
SI0204,New Springville-Willowbrook-Bulls Head-Travis,metro,2026-04-12,2026-04-12T05:30:31,10.1
SI0204,New Springville-Willowbrook-Bulls Head-Travis,metro,2026-04-13,2026-04-13T05:30:30,10.7
SI0204,New Springville-Willowbrook-Bulls Head-Travis,metro,2026-04-14,2026-04-14T05:30:30,11.8
SI0204,New Springville-Willowbrook-Bulls Head-Travis,metro,2026-04-15,2026-04-15T05:30:32,11.7
SI0204,New Springville-Willowbrook-Bulls Head-Travis,metro,2026-04-16,2026-04-16T05:30:33,11.7
SI0204,New Springville-Willowbrook-Bulls Head-Travis,metro,2026-04-17,2026-04-17T05:30:33,11.6
SI0204,New Springville-Willowbrook-Bulls Head-Travis,metro,2026-04-18,2026-04-18T05:30:32,11.3
SI0291,Freshkills Park (North),metro,2026-03-21,2026-03-21T05:30:33,6.8
SI0291,Freshkills Park (North),metro,2026-03-22,2026-03-22T05:30:33,6.6
SI0291,Freshkills Park (North),metro,2026-03-23,2026-03-23T05:30:33,2.7
SI0291,Freshkills Park (North),metro,2026-03-24,2026-03-24T05:30:33,7.8
SI0291,Freshkills Park (North),metro,2026-03-25,2026-03-25T05:30:33,7.6
SI0291,Freshkills Park (North),metro,2026-03-26,2026-03-26T05:30:33,8.1
SI0291,Freshkills Park (North),metro,2026-03-27,2026-03-27T05:30:33,6.8
SI0291,Freshkills Park (North),metro,2026-03-28,2026-03-28T05:30:33,7.7
SI0291,Freshkills Park (North),metro,2026-03-29,2026-03-29T05:30:33,7.3
SI0291,Freshkills Park (North),metro,2026-03-30,2026-03-30T05:30:33,8.5
SI0291,Freshkills Park (North),metro,2026-03-31,2026-03-31T05:30:32,5.9
SI0291,Freshkills Park (North),metro,2026-04-01,2026-04-01T05:30:32,7.5
SI0291,Freshkills Park (North),metro,2026-04-02,2026-04-02T05:30:32,5.4
SI0291,Freshkills Park (North),metro,2026-04-03,2026-04-03T05:30:33,9.1
SI0291,Freshkills Park (North),metro,2026-04-04,2026-04-04T05:30:33,9.4
SI0291,Freshkills Park (North),metro,2026-04-05,2026-04-05T05:30:32,6.5
SI0291,Freshkills Park (North),metro,2026-04-06,2026-04-06T05:30:33,10.2
SI0291,Freshkills Park (North),metro,2026-04-07,2026-04-07T05:30:33,10.1
SI0291,Freshkills Park (North),metro,2026-04-08,2026-04-08T05:30:33,9.2
SI0291,Freshkills Park (North),metro,2026-04-09,2026-04-09T05:30:33,9.3
SI0291,Freshkills Park (North),metro,2026-04-10,2026-04-10T05:30:33,10.4
SI0291,Freshkills Park (North),metro,2026-04-11,2026-04-11T05:30:32,11.2
SI0291,Freshkills Park (North),metro,2026-04-12,2026-04-12T05:30:31,10.1
SI0291,Freshkills Park (North),metro,2026-04-13,2026-04-13T05:30:30,10.7
SI0291,Freshkills Park (North),metro,2026-04-14,2026-04-14T05:30:30,11.8
SI0291,Freshkills Park (North),metro,2026-04-15,2026-04-15T05:30:32,11.7
SI0291,Freshkills Park (North),metro,2026-04-16,2026-04-16T05:30:33,11.7
SI0291,Freshkills Park (North),metro,2026-04-17,2026-04-17T05:30:33,11.6
SI0291,Freshkills Park (North),metro,2026-04-18,2026-04-18T05:30:32,11.3
SI0301,Oakwood-Richmondtown,metro,2026-03-21,2026-03-21T05:30:33,6.8
SI0301,Oakwood-Richmondtown,metro,2026-03-22,2026-03-22T05:30:33,6.6
SI0301,Oakwood-Richmondtown,metro,2026-03-23,2026-03-23T05:30:33,2.7
SI0301,Oakwood-Richmondtown,metro,2026-03-24,2026-03-24T05:30:33,7.8
SI0301,Oakwood-Richmondtown,metro,2026-03-25,2026-03-25T05:30:33,7.6
SI0301,Oakwood-Richmondtown,metro,2026-03-26,2026-03-26T05:30:33,8.1
SI0301,Oakwood-Richmondtown,metro,2026-03-27,2026-03-27T05:30:33,6.8
SI0301,Oakwood-Richmondtown,metro,2026-03-28,2026-03-28T05:30:33,7.7
SI0301,Oakwood-Richmondtown,metro,2026-03-29,2026-03-29T05:30:33,7.3
SI0301,Oakwood-Richmondtown,metro,2026-03-30,2026-03-30T05:30:33,8.5
SI0301,Oakwood-Richmondtown,metro,2026-03-31,2026-03-31T05:30:32,5.9
SI0301,Oakwood-Richmondtown,metro,2026-04-01,2026-04-01T05:30:32,7.5
SI0301,Oakwood-Richmondtown,metro,2026-04-02,2026-04-02T05:30:32,5.4
SI0301,Oakwood-Richmondtown,metro,2026-04-03,2026-04-03T05:30:33,9.1
SI0301,Oakwood-Richmondtown,metro,2026-04-04,2026-04-04T05:30:33,9.4
SI0301,Oakwood-Richmondtown,metro,2026-04-05,2026-04-05T05:30:32,6.5
SI0301,Oakwood-Richmondtown,metro,2026-04-06,2026-04-06T05:30:33,10.2
SI0301,Oakwood-Richmondtown,metro,2026-04-07,2026-04-07T05:30:33,10.1
SI0301,Oakwood-Richmondtown,metro,2026-04-08,2026-04-08T05:30:33,9.2
SI0301,Oakwood-Richmondtown,metro,2026-04-09,2026-04-09T05:30:33,9.3
SI0301,Oakwood-Richmondtown,metro,2026-04-10,2026-04-10T05:30:33,10.4
SI0301,Oakwood-Richmondtown,metro,2026-04-11,2026-04-11T05:30:32,11.2
SI0301,Oakwood-Richmondtown,metro,2026-04-12,2026-04-12T05:30:31,10.1
SI0301,Oakwood-Richmondtown,metro,2026-04-13,2026-04-13T05:30:30,10.7
SI0301,Oakwood-Richmondtown,metro,2026-04-14,2026-04-14T05:30:30,11.8
SI0301,Oakwood-Richmondtown,metro,2026-04-15,2026-04-15T05:30:32,11.7
SI0301,Oakwood-Richmondtown,metro,2026-04-16,2026-04-16T05:30:33,11.7
SI0301,Oakwood-Richmondtown,metro,2026-04-17,2026-04-17T05:30:33,11.6
SI0301,Oakwood-Richmondtown,metro,2026-04-18,2026-04-18T05:30:32,11.3
SI0302,Great Kills-Eltingville,metro,2026-03-21,2026-03-21T05:30:33,6.8
SI0302,Great Kills-Eltingville,metro,2026-03-22,2026-03-22T05:30:33,6.6
SI0302,Great Kills-Eltingville,metro,2026-03-23,2026-03-23T05:30:33,2.7
SI0302,Great Kills-Eltingville,metro,2026-03-24,2026-03-24T05:30:33,7.8
SI0302,Great Kills-Eltingville,metro,2026-03-25,2026-03-25T05:30:33,7.6
SI0302,Great Kills-Eltingville,metro,2026-03-26,2026-03-26T05:30:33,8.1
SI0302,Great Kills-Eltingville,metro,2026-03-27,2026-03-27T05:30:33,6.8
SI0302,Great Kills-Eltingville,metro,2026-03-28,2026-03-28T05:30:33,7.7
SI0302,Great Kills-Eltingville,metro,2026-03-29,2026-03-29T05:30:33,7.3
SI0302,Great Kills-Eltingville,metro,2026-03-30,2026-03-30T05:30:33,8.5
SI0302,Great Kills-Eltingville,metro,2026-03-31,2026-03-31T05:30:32,5.9
SI0302,Great Kills-Eltingville,metro,2026-04-01,2026-04-01T05:30:32,7.5
SI0302,Great Kills-Eltingville,metro,2026-04-02,2026-04-02T05:30:32,5.4
SI0302,Great Kills-Eltingville,metro,2026-04-03,2026-04-03T05:30:33,9.1
SI0302,Great Kills-Eltingville,metro,2026-04-04,2026-04-04T05:30:33,9.4
SI0302,Great Kills-Eltingville,metro,2026-04-05,2026-04-05T05:30:32,6.5
SI0302,Great Kills-Eltingville,metro,2026-04-06,2026-04-06T05:30:33,10.2
SI0302,Great Kills-Eltingville,metro,2026-04-07,2026-04-07T05:30:33,10.1
SI0302,Great Kills-Eltingville,metro,2026-04-08,2026-04-08T05:30:33,9.2
SI0302,Great Kills-Eltingville,metro,2026-04-09,2026-04-09T05:30:33,9.3
SI0302,Great Kills-Eltingville,metro,2026-04-10,2026-04-10T05:30:33,10.4
SI0302,Great Kills-Eltingville,metro,2026-04-11,2026-04-11T05:30:32,11.2
SI0302,Great Kills-Eltingville,metro,2026-04-12,2026-04-12T05:30:31,10.1
SI0302,Great Kills-Eltingville,metro,2026-04-13,2026-04-13T05:30:30,10.7
SI0302,Great Kills-Eltingville,metro,2026-04-14,2026-04-14T05:30:30,11.8
SI0302,Great Kills-Eltingville,metro,2026-04-15,2026-04-15T05:30:32,11.7
SI0302,Great Kills-Eltingville,metro,2026-04-16,2026-04-16T05:30:33,11.7
SI0302,Great Kills-Eltingville,metro,2026-04-17,2026-04-17T05:30:33,11.6
SI0302,Great Kills-Eltingville,metro,2026-04-18,2026-04-18T05:30:32,11.3
SI0303,Arden Heights-Rossville,metro,2026-03-21,2026-03-21T05:30:33,6.8
SI0303,Arden Heights-Rossville,metro,2026-03-22,2026-03-22T05:30:33,6.6
SI0303,Arden Heights-Rossville,metro,2026-03-23,2026-03-23T05:30:33,2.7
SI0303,Arden Heights-Rossville,metro,2026-03-24,2026-03-24T05:30:33,7.8
SI0303,Arden Heights-Rossville,metro,2026-03-25,2026-03-25T05:30:33,7.6
SI0303,Arden Heights-Rossville,metro,2026-03-26,2026-03-26T05:30:33,8.1
SI0303,Arden Heights-Rossville,metro,2026-03-27,2026-03-27T05:30:33,6.8
SI0303,Arden Heights-Rossville,metro,2026-03-28,2026-03-28T05:30:33,7.7
SI0303,Arden Heights-Rossville,metro,2026-03-29,2026-03-29T05:30:33,7.3
SI0303,Arden Heights-Rossville,metro,2026-03-30,2026-03-30T05:30:33,8.5
SI0303,Arden Heights-Rossville,metro,2026-03-31,2026-03-31T05:30:32,5.9
SI0303,Arden Heights-Rossville,metro,2026-04-01,2026-04-01T05:30:32,7.5
SI0303,Arden Heights-Rossville,metro,2026-04-02,2026-04-02T05:30:32,5.4
SI0303,Arden Heights-Rossville,metro,2026-04-03,2026-04-03T05:30:33,9.1
SI0303,Arden Heights-Rossville,metro,2026-04-04,2026-04-04T05:30:33,9.4
SI0303,Arden Heights-Rossville,metro,2026-04-05,2026-04-05T05:30:32,6.5
SI0303,Arden Heights-Rossville,metro,2026-04-06,2026-04-06T05:30:33,10.2
SI0303,Arden Heights-Rossville,metro,2026-04-07,2026-04-07T05:30:33,10.1
SI0303,Arden Heights-Rossville,metro,2026-04-08,2026-04-08T05:30:33,9.2
SI0303,Arden Heights-Rossville,metro,2026-04-09,2026-04-09T05:30:33,9.3
SI0303,Arden Heights-Rossville,metro,2026-04-10,2026-04-10T05:30:33,10.4
SI0303,Arden Heights-Rossville,metro,2026-04-11,2026-04-11T05:30:32,11.2
SI0303,Arden Heights-Rossville,metro,2026-04-12,2026-04-12T05:30:31,10.1
SI0303,Arden Heights-Rossville,metro,2026-04-13,2026-04-13T05:30:30,10.7
SI0303,Arden Heights-Rossville,metro,2026-04-14,2026-04-14T05:30:30,11.8
SI0303,Arden Heights-Rossville,metro,2026-04-15,2026-04-15T05:30:32,11.7
SI0303,Arden Heights-Rossville,metro,2026-04-16,2026-04-16T05:30:33,11.7
SI0303,Arden Heights-Rossville,metro,2026-04-17,2026-04-17T05:30:33,11.6
SI0303,Arden Heights-Rossville,metro,2026-04-18,2026-04-18T05:30:32,11.3
SI0304,Annadale-Huguenot-Prince's Bay-Woodrow,metro,2026-03-21,2026-03-21T05:30:33,6.8
SI0304,Annadale-Huguenot-Prince's Bay-Woodrow,metro,2026-03-22,2026-03-22T05:30:33,6.6
SI0304,Annadale-Huguenot-Prince's Bay-Woodrow,metro,2026-03-23,2026-03-23T05:30:33,2.7
SI0304,Annadale-Huguenot-Prince's Bay-Woodrow,metro,2026-03-24,2026-03-24T05:30:33,7.8
SI0304,Annadale-Huguenot-Prince's Bay-Woodrow,metro,2026-03-25,2026-03-25T05:30:33,7.6
SI0304,Annadale-Huguenot-Prince's Bay-Woodrow,metro,2026-03-26,2026-03-26T05:30:33,8.1
SI0304,Annadale-Huguenot-Prince's Bay-Woodrow,metro,2026-03-27,2026-03-27T05:30:33,6.8
SI0304,Annadale-Huguenot-Prince's Bay-Woodrow,metro,2026-03-28,2026-03-28T05:30:33,7.7
SI0304,Annadale-Huguenot-Prince's Bay-Woodrow,metro,2026-03-29,2026-03-29T05:30:33,7.3
SI0304,Annadale-Huguenot-Prince's Bay-Woodrow,metro,2026-03-30,2026-03-30T05:30:33,8.5
SI0304,Annadale-Huguenot-Prince's Bay-Woodrow,metro,2026-03-31,2026-03-31T05:30:32,5.9
SI0304,Annadale-Huguenot-Prince's Bay-Woodrow,metro,2026-04-01,2026-04-01T05:30:32,7.5
SI0304,Annadale-Huguenot-Prince's Bay-Woodrow,metro,2026-04-02,2026-04-02T05:30:32,5.4
SI0304,Annadale-Huguenot-Prince's Bay-Woodrow,metro,2026-04-03,2026-04-03T05:30:33,9.1
SI0304,Annadale-Huguenot-Prince's Bay-Woodrow,metro,2026-04-04,2026-04-04T05:30:33,9.4
SI0304,Annadale-Huguenot-Prince's Bay-Woodrow,metro,2026-04-05,2026-04-05T05:30:32,6.5
SI0304,Annadale-Huguenot-Prince's Bay-Woodrow,metro,2026-04-06,2026-04-06T05:30:33,10.2
SI0304,Annadale-Huguenot-Prince's Bay-Woodrow,metro,2026-04-07,2026-04-07T05:30:33,10.1
SI0304,Annadale-Huguenot-Prince's Bay-Woodrow,metro,2026-04-08,2026-04-08T05:30:33,9.2
SI0304,Annadale-Huguenot-Prince's Bay-Woodrow,metro,2026-04-09,2026-04-09T05:30:33,9.3
SI0304,Annadale-Huguenot-Prince's Bay-Woodrow,metro,2026-04-10,2026-04-10T05:30:33,10.4
SI0304,Annadale-Huguenot-Prince's Bay-Woodrow,metro,2026-04-11,2026-04-11T05:30:32,11.2
SI0304,Annadale-Huguenot-Prince's Bay-Woodrow,metro,2026-04-12,2026-04-12T05:30:31,10.1
SI0304,Annadale-Huguenot-Prince's Bay-Woodrow,metro,2026-04-13,2026-04-13T05:30:30,10.7
SI0304,Annadale-Huguenot-Prince's Bay-Woodrow,metro,2026-04-14,2026-04-14T05:30:30,11.8
SI0304,Annadale-Huguenot-Prince's Bay-Woodrow,metro,2026-04-15,2026-04-15T05:30:32,11.7
SI0304,Annadale-Huguenot-Prince's Bay-Woodrow,metro,2026-04-16,2026-04-16T05:30:33,11.7
SI0304,Annadale-Huguenot-Prince's Bay-Woodrow,metro,2026-04-17,2026-04-17T05:30:33,11.6
SI0304,Annadale-Huguenot-Prince's Bay-Woodrow,metro,2026-04-18,2026-04-18T05:30:32,11.3
SI0305,Tottenville-Charleston,metro,2026-03-21,2026-03-21T05:30:33,6.8
SI0305,Tottenville-Charleston,metro,2026-03-22,2026-03-22T05:30:33,6.6
SI0305,Tottenville-Charleston,metro,2026-03-23,2026-03-23T05:30:33,2.7
SI0305,Tottenville-Charleston,metro,2026-03-24,2026-03-24T05:30:33,7.8
SI0305,Tottenville-Charleston,metro,2026-03-25,2026-03-25T05:30:33,7.6
SI0305,Tottenville-Charleston,metro,2026-03-26,2026-03-26T05:30:33,8.1
SI0305,Tottenville-Charleston,metro,2026-03-27,2026-03-27T05:30:33,6.8
SI0305,Tottenville-Charleston,metro,2026-03-28,2026-03-28T05:30:33,7.7
SI0305,Tottenville-Charleston,metro,2026-03-29,2026-03-29T05:30:33,7.3
SI0305,Tottenville-Charleston,metro,2026-03-30,2026-03-30T05:30:33,8.5
SI0305,Tottenville-Charleston,metro,2026-03-31,2026-03-31T05:30:32,5.9
SI0305,Tottenville-Charleston,metro,2026-04-01,2026-04-01T05:30:32,7.5
SI0305,Tottenville-Charleston,metro,2026-04-02,2026-04-02T05:30:32,5.4
SI0305,Tottenville-Charleston,metro,2026-04-03,2026-04-03T05:30:33,9.1
SI0305,Tottenville-Charleston,metro,2026-04-04,2026-04-04T05:30:33,9.4
SI0305,Tottenville-Charleston,metro,2026-04-05,2026-04-05T05:30:32,6.5
SI0305,Tottenville-Charleston,metro,2026-04-06,2026-04-06T05:30:33,10.2
SI0305,Tottenville-Charleston,metro,2026-04-07,2026-04-07T05:30:33,10.1
SI0305,Tottenville-Charleston,metro,2026-04-08,2026-04-08T05:30:33,9.2
SI0305,Tottenville-Charleston,metro,2026-04-09,2026-04-09T05:30:33,9.3
SI0305,Tottenville-Charleston,metro,2026-04-10,2026-04-10T05:30:33,10.4
SI0305,Tottenville-Charleston,metro,2026-04-11,2026-04-11T05:30:32,11.2
SI0305,Tottenville-Charleston,metro,2026-04-12,2026-04-12T05:30:31,10.1
SI0305,Tottenville-Charleston,metro,2026-04-13,2026-04-13T05:30:30,10.7
SI0305,Tottenville-Charleston,metro,2026-04-14,2026-04-14T05:30:30,11.8
SI0305,Tottenville-Charleston,metro,2026-04-15,2026-04-15T05:30:32,11.7
SI0305,Tottenville-Charleston,metro,2026-04-16,2026-04-16T05:30:33,11.7
SI0305,Tottenville-Charleston,metro,2026-04-17,2026-04-17T05:30:33,11.6
SI0305,Tottenville-Charleston,metro,2026-04-18,2026-04-18T05:30:32,11.3
SI0391,Freshkills Park (South),metro,2026-03-21,2026-03-21T05:30:33,6.8
SI0391,Freshkills Park (South),metro,2026-03-22,2026-03-22T05:30:33,6.6
SI0391,Freshkills Park (South),metro,2026-03-23,2026-03-23T05:30:33,2.7
SI0391,Freshkills Park (South),metro,2026-03-24,2026-03-24T05:30:33,7.8
SI0391,Freshkills Park (South),metro,2026-03-25,2026-03-25T05:30:33,7.6
SI0391,Freshkills Park (South),metro,2026-03-26,2026-03-26T05:30:33,8.1
SI0391,Freshkills Park (South),metro,2026-03-27,2026-03-27T05:30:33,6.8
SI0391,Freshkills Park (South),metro,2026-03-28,2026-03-28T05:30:33,7.7
SI0391,Freshkills Park (South),metro,2026-03-29,2026-03-29T05:30:33,7.3
SI0391,Freshkills Park (South),metro,2026-03-30,2026-03-30T05:30:33,8.5
SI0391,Freshkills Park (South),metro,2026-03-31,2026-03-31T05:30:32,5.9
SI0391,Freshkills Park (South),metro,2026-04-01,2026-04-01T05:30:32,7.5
SI0391,Freshkills Park (South),metro,2026-04-02,2026-04-02T05:30:32,5.4
SI0391,Freshkills Park (South),metro,2026-04-03,2026-04-03T05:30:33,9.1
SI0391,Freshkills Park (South),metro,2026-04-04,2026-04-04T05:30:33,9.4
SI0391,Freshkills Park (South),metro,2026-04-05,2026-04-05T05:30:32,6.5
SI0391,Freshkills Park (South),metro,2026-04-06,2026-04-06T05:30:33,10.2
SI0391,Freshkills Park (South),metro,2026-04-07,2026-04-07T05:30:33,10.1
SI0391,Freshkills Park (South),metro,2026-04-08,2026-04-08T05:30:33,9.2
SI0391,Freshkills Park (South),metro,2026-04-09,2026-04-09T05:30:33,9.3
SI0391,Freshkills Park (South),metro,2026-04-10,2026-04-10T05:30:33,10.4
SI0391,Freshkills Park (South),metro,2026-04-11,2026-04-11T05:30:32,11.2
SI0391,Freshkills Park (South),metro,2026-04-12,2026-04-12T05:30:31,10.1
SI0391,Freshkills Park (South),metro,2026-04-13,2026-04-13T05:30:30,10.7
SI0391,Freshkills Park (South),metro,2026-04-14,2026-04-14T05:30:30,11.8
SI0391,Freshkills Park (South),metro,2026-04-15,2026-04-15T05:30:32,11.7
SI0391,Freshkills Park (South),metro,2026-04-16,2026-04-16T05:30:33,11.7
SI0391,Freshkills Park (South),metro,2026-04-17,2026-04-17T05:30:33,11.6
SI0391,Freshkills Park (South),metro,2026-04-18,2026-04-18T05:30:32,11.3
SI9561,Fort Wadsworth,metro,2026-03-21,2026-03-21T05:30:33,6.8
SI9561,Fort Wadsworth,metro,2026-03-22,2026-03-22T05:30:33,6.6
SI9561,Fort Wadsworth,metro,2026-03-23,2026-03-23T05:30:33,2.7
SI9561,Fort Wadsworth,metro,2026-03-24,2026-03-24T05:30:33,7.8
SI9561,Fort Wadsworth,metro,2026-03-25,2026-03-25T05:30:33,7.6
SI9561,Fort Wadsworth,metro,2026-03-26,2026-03-26T05:30:33,8.1
SI9561,Fort Wadsworth,metro,2026-03-27,2026-03-27T05:30:33,6.8
SI9561,Fort Wadsworth,metro,2026-03-28,2026-03-28T05:30:33,7.7
SI9561,Fort Wadsworth,metro,2026-03-29,2026-03-29T05:30:33,7.3
SI9561,Fort Wadsworth,metro,2026-03-30,2026-03-30T05:30:33,8.5
SI9561,Fort Wadsworth,metro,2026-03-31,2026-03-31T05:30:32,5.9
SI9561,Fort Wadsworth,metro,2026-04-01,2026-04-01T05:30:32,7.5
SI9561,Fort Wadsworth,metro,2026-04-02,2026-04-02T05:30:32,5.4
SI9561,Fort Wadsworth,metro,2026-04-03,2026-04-03T05:30:33,9.1
SI9561,Fort Wadsworth,metro,2026-04-04,2026-04-04T05:30:33,9.4
SI9561,Fort Wadsworth,metro,2026-04-05,2026-04-05T05:30:32,6.5
SI9561,Fort Wadsworth,metro,2026-04-06,2026-04-06T05:30:33,10.2
SI9561,Fort Wadsworth,metro,2026-04-07,2026-04-07T05:30:33,10.1
SI9561,Fort Wadsworth,metro,2026-04-08,2026-04-08T05:30:33,9.2
SI9561,Fort Wadsworth,metro,2026-04-09,2026-04-09T05:30:33,9.3
SI9561,Fort Wadsworth,metro,2026-04-10,2026-04-10T05:30:33,10.4
SI9561,Fort Wadsworth,metro,2026-04-11,2026-04-11T05:30:32,11.2
SI9561,Fort Wadsworth,metro,2026-04-12,2026-04-12T05:30:31,10.1
SI9561,Fort Wadsworth,metro,2026-04-13,2026-04-13T05:30:30,10.7
SI9561,Fort Wadsworth,metro,2026-04-14,2026-04-14T05:30:30,11.8
SI9561,Fort Wadsworth,metro,2026-04-15,2026-04-15T05:30:32,11.7
SI9561,Fort Wadsworth,metro,2026-04-16,2026-04-16T05:30:33,11.7
SI9561,Fort Wadsworth,metro,2026-04-17,2026-04-17T05:30:33,11.6
SI9561,Fort Wadsworth,metro,2026-04-18,2026-04-18T05:30:32,11.3
SI9591,Hoffman & Swinburne Islands,metro,2026-03-21,2026-03-21T05:30:33,6.8
SI9591,Hoffman & Swinburne Islands,metro,2026-03-22,2026-03-22T05:30:33,6.6
SI9591,Hoffman & Swinburne Islands,metro,2026-03-23,2026-03-23T05:30:33,2.7
SI9591,Hoffman & Swinburne Islands,metro,2026-03-24,2026-03-24T05:30:33,7.8
SI9591,Hoffman & Swinburne Islands,metro,2026-03-25,2026-03-25T05:30:33,7.6
SI9591,Hoffman & Swinburne Islands,metro,2026-03-26,2026-03-26T05:30:33,8.1
SI9591,Hoffman & Swinburne Islands,metro,2026-03-27,2026-03-27T05:30:33,6.8
SI9591,Hoffman & Swinburne Islands,metro,2026-03-28,2026-03-28T05:30:33,7.7
SI9591,Hoffman & Swinburne Islands,metro,2026-03-29,2026-03-29T05:30:33,7.3
SI9591,Hoffman & Swinburne Islands,metro,2026-03-30,2026-03-30T05:30:33,8.5
SI9591,Hoffman & Swinburne Islands,metro,2026-03-31,2026-03-31T05:30:32,5.9
SI9591,Hoffman & Swinburne Islands,metro,2026-04-01,2026-04-01T05:30:32,7.5
SI9591,Hoffman & Swinburne Islands,metro,2026-04-02,2026-04-02T05:30:32,5.4
SI9591,Hoffman & Swinburne Islands,metro,2026-04-03,2026-04-03T05:30:33,9.1
SI9591,Hoffman & Swinburne Islands,metro,2026-04-04,2026-04-04T05:30:33,9.4
SI9591,Hoffman & Swinburne Islands,metro,2026-04-05,2026-04-05T05:30:32,6.5
SI9591,Hoffman & Swinburne Islands,metro,2026-04-06,2026-04-06T05:30:33,10.2
SI9591,Hoffman & Swinburne Islands,metro,2026-04-07,2026-04-07T05:30:33,10.1
SI9591,Hoffman & Swinburne Islands,metro,2026-04-08,2026-04-08T05:30:33,9.2
SI9591,Hoffman & Swinburne Islands,metro,2026-04-09,2026-04-09T05:30:33,9.3
SI9591,Hoffman & Swinburne Islands,metro,2026-04-10,2026-04-10T05:30:33,10.4
SI9591,Hoffman & Swinburne Islands,metro,2026-04-11,2026-04-11T05:30:32,11.2
SI9591,Hoffman & Swinburne Islands,metro,2026-04-12,2026-04-12T05:30:31,10.1
SI9591,Hoffman & Swinburne Islands,metro,2026-04-13,2026-04-13T05:30:30,10.7
SI9591,Hoffman & Swinburne Islands,metro,2026-04-14,2026-04-14T05:30:30,11.8
SI9591,Hoffman & Swinburne Islands,metro,2026-04-15,2026-04-15T05:30:32,11.7
SI9591,Hoffman & Swinburne Islands,metro,2026-04-16,2026-04-16T05:30:33,11.7
SI9591,Hoffman & Swinburne Islands,metro,2026-04-17,2026-04-17T05:30:33,11.6
SI9591,Hoffman & Swinburne Islands,metro,2026-04-18,2026-04-18T05:30:32,11.3
SI9592,Miller Field,metro,2026-03-21,2026-03-21T05:30:33,6.8
SI9592,Miller Field,metro,2026-03-22,2026-03-22T05:30:33,6.6
SI9592,Miller Field,metro,2026-03-23,2026-03-23T05:30:33,2.7
SI9592,Miller Field,metro,2026-03-24,2026-03-24T05:30:33,7.8
SI9592,Miller Field,metro,2026-03-25,2026-03-25T05:30:33,7.6
SI9592,Miller Field,metro,2026-03-26,2026-03-26T05:30:33,8.1
SI9592,Miller Field,metro,2026-03-27,2026-03-27T05:30:33,6.8
SI9592,Miller Field,metro,2026-03-28,2026-03-28T05:30:33,7.7
SI9592,Miller Field,metro,2026-03-29,2026-03-29T05:30:33,7.3
SI9592,Miller Field,metro,2026-03-30,2026-03-30T05:30:33,8.5
SI9592,Miller Field,metro,2026-03-31,2026-03-31T05:30:32,5.9
SI9592,Miller Field,metro,2026-04-01,2026-04-01T05:30:32,7.5
SI9592,Miller Field,metro,2026-04-02,2026-04-02T05:30:32,5.4
SI9592,Miller Field,metro,2026-04-03,2026-04-03T05:30:33,9.1
SI9592,Miller Field,metro,2026-04-04,2026-04-04T05:30:33,9.4
SI9592,Miller Field,metro,2026-04-05,2026-04-05T05:30:32,6.5
SI9592,Miller Field,metro,2026-04-06,2026-04-06T05:30:33,10.2
SI9592,Miller Field,metro,2026-04-07,2026-04-07T05:30:33,10.1
SI9592,Miller Field,metro,2026-04-08,2026-04-08T05:30:33,9.2
SI9592,Miller Field,metro,2026-04-09,2026-04-09T05:30:33,9.3
SI9592,Miller Field,metro,2026-04-10,2026-04-10T05:30:33,10.4
SI9592,Miller Field,metro,2026-04-11,2026-04-11T05:30:32,11.2
SI9592,Miller Field,metro,2026-04-12,2026-04-12T05:30:31,10.1
SI9592,Miller Field,metro,2026-04-13,2026-04-13T05:30:30,10.7
SI9592,Miller Field,metro,2026-04-14,2026-04-14T05:30:30,11.8
SI9592,Miller Field,metro,2026-04-15,2026-04-15T05:30:32,11.7
SI9592,Miller Field,metro,2026-04-16,2026-04-16T05:30:33,11.7
SI9592,Miller Field,metro,2026-04-17,2026-04-17T05:30:33,11.6
SI9592,Miller Field,metro,2026-04-18,2026-04-18T05:30:32,11.3
SI9593,Great Kills Park,metro,2026-03-21,2026-03-21T05:30:33,6.8
SI9593,Great Kills Park,metro,2026-03-22,2026-03-22T05:30:33,6.6
SI9593,Great Kills Park,metro,2026-03-23,2026-03-23T05:30:33,2.7
SI9593,Great Kills Park,metro,2026-03-24,2026-03-24T05:30:33,7.8
SI9593,Great Kills Park,metro,2026-03-25,2026-03-25T05:30:33,7.6
SI9593,Great Kills Park,metro,2026-03-26,2026-03-26T05:30:33,8.1
SI9593,Great Kills Park,metro,2026-03-27,2026-03-27T05:30:33,6.8
SI9593,Great Kills Park,metro,2026-03-28,2026-03-28T05:30:33,7.7
SI9593,Great Kills Park,metro,2026-03-29,2026-03-29T05:30:33,7.3
SI9593,Great Kills Park,metro,2026-03-30,2026-03-30T05:30:33,8.5
SI9593,Great Kills Park,metro,2026-03-31,2026-03-31T05:30:32,5.9
SI9593,Great Kills Park,metro,2026-04-01,2026-04-01T05:30:32,7.5
SI9593,Great Kills Park,metro,2026-04-02,2026-04-02T05:30:32,5.4
SI9593,Great Kills Park,metro,2026-04-03,2026-04-03T05:30:33,9.1
SI9593,Great Kills Park,metro,2026-04-04,2026-04-04T05:30:33,9.4
SI9593,Great Kills Park,metro,2026-04-05,2026-04-05T05:30:32,6.5
SI9593,Great Kills Park,metro,2026-04-06,2026-04-06T05:30:33,10.2
SI9593,Great Kills Park,metro,2026-04-07,2026-04-07T05:30:33,10.1
SI9593,Great Kills Park,metro,2026-04-08,2026-04-08T05:30:33,9.2
SI9593,Great Kills Park,metro,2026-04-09,2026-04-09T05:30:33,9.3
SI9593,Great Kills Park,metro,2026-04-10,2026-04-10T05:30:33,10.4
SI9593,Great Kills Park,metro,2026-04-11,2026-04-11T05:30:32,11.2
SI9593,Great Kills Park,metro,2026-04-12,2026-04-12T05:30:31,10.1
SI9593,Great Kills Park,metro,2026-04-13,2026-04-13T05:30:30,10.7
SI9593,Great Kills Park,metro,2026-04-14,2026-04-14T05:30:30,11.8
SI9593,Great Kills Park,metro,2026-04-15,2026-04-15T05:30:32,11.7
SI9593,Great Kills Park,metro,2026-04-16,2026-04-16T05:30:33,11.7
SI9593,Great Kills Park,metro,2026-04-17,2026-04-17T05:30:33,11.6
SI9593,Great Kills Park,metro,2026-04-18,2026-04-18T05:30:32,11.3
