nta_code,NTAName,borough,year_month,ed_visits,pred,residual,fold
BK0101,Greenpoint,Brooklyn,2022-03,34.88276916864954,34.837063,0.045706332956179097,0
BK0101,Greenpoint,Brooklyn,2022-04,32.71587364172977,32.808945,-0.09307106041866575,0
BK0101,Greenpoint,Brooklyn,2022-05,45.78097902462835,45.417927,0.3630522362982731,0
BK0101,Greenpoint,Brooklyn,2022-06,32.03606328034318,31.193659,0.8424044516078268,0
BK0101,Greenpoint,Brooklyn,2022-07,29.253089613416815,29.055656,0.1974331803113465,0
BK0101,Greenpoint,Brooklyn,2022-08,27.787248521676975,28.273844,-0.4865952435818137,0
BK0101,Greenpoint,Brooklyn,2022-09,38.81292282041578,38.43003,0.3828919976618721,0
BK0101,Greenpoint,Brooklyn,2022-10,43.89025645702189,43.95208,-0.06182331592732737,0
BK0101,Greenpoint,Brooklyn,2023-03,34.69157250450956,34.70857,-0.016996068488488447,0
BK0101,Greenpoint,Brooklyn,2023-04,40.66115724043557,39.91233,0.748826612994165,0
BK0101,Greenpoint,Brooklyn,2023-05,41.022306494922205,40.79412,0.22818570634798618,0
BK0101,Greenpoint,Brooklyn,2023-06,37.3895698762626,36.344933,1.0446373201102546,0
BK0101,Greenpoint,Brooklyn,2023-07,30.633954409983332,30.625025,0.008929614451105294,0
BK0101,Greenpoint,Brooklyn,2023-08,30.78266292653665,30.437235,0.3454280479966094,0
BK0101,Greenpoint,Brooklyn,2023-09,37.24086135970928,36.778587,0.4622740184006844,0
BK0101,Greenpoint,Brooklyn,2023-10,43.12546980046197,42.89859,0.2268797125713462,0
BK0101,Greenpoint,Brooklyn,2024-03,32.67338549414311,32.43973,0.23365389624272126,0
BK0101,Greenpoint,Brooklyn,2024-04,34.75530472588955,35.52656,-0.7712570111709951,0
BK0101,Greenpoint,Brooklyn,2024-05,40.95857427354221,41.226944,-0.2683696961843509,0
BK0101,Greenpoint,Brooklyn,2024-06,29.869167753423415,30.085165,-0.2159972703802957,0
BK0101,Greenpoint,Brooklyn,2024-07,28.339594440303586,28.888206,-0.5486120416300082,0
BK0101,Greenpoint,Brooklyn,2024-08,30.23031700791004,30.10739,0.1229275578367961,0
BK0101,Greenpoint,Brooklyn,2024-09,37.708230983162565,37.868084,-0.15985297069485682,0
BK0101,Greenpoint,Brooklyn,2024-10,38.96163133696909,39.356472,-0.39484067841176795,0
BK0101,Greenpoint,Brooklyn,2025-03,33.09826697000973,33.380764,-0.28249703755862754,0
BK0101,Greenpoint,Brooklyn,2025-04,37.899427647302545,37.969074,-0.06964660196503303,0
BK0101,Greenpoint,Brooklyn,2025-05,41.914557594242105,42.057827,-0.14326940160750468,0
BK0101,Greenpoint,Brooklyn,2025-06,30.442757745843352,30.482037,-0.03927884473282006,0
BK0101,Greenpoint,Brooklyn,2025-07,29.231845539623485,29.10211,0.12973563056586812,0
BK0101,Greenpoint,Brooklyn,2025-08,30.52773404101668,29.938297,0.589436769288163,0
BK0101,Greenpoint,Brooklyn,2025-09,36.45483062935603,36.60262,-0.14778854178654655,0
BK0101,Greenpoint,Brooklyn,2025-10,36.093681374869405,36.516304,-0.4226226412438763,0
BK0102,Williamsburg,Brooklyn,2022-03,36.04706447410637,35.830067,0.2169977931981677,0
BK0102,Williamsburg,Brooklyn,2022-04,33.80784366024593,33.738113,0.06973025692561663,0
BK0102,Williamsburg,Brooklyn,2022-05,47.309027979110375,46.861813,0.447215387557641,0
BK0102,Williamsburg,Brooklyn,2022-06,33.1053430127603,32.761585,0.34375777716459766,0
BK0102,Williamsburg,Brooklyn,2022-07,30.229480987116,29.947687,0.28179383806814684,0
BK0102,Williamsburg,Brooklyn,2022-08,28.714713965975115,29.025444,-0.31073006478660403,0
BK0102,Williamsburg,Brooklyn,2022-09,40.10839634238267,39.648205,0.46019153891587194,0
BK0102,Williamsburg,Brooklyn,2022-10,45.35519805329097,45.28984,0.06535735504878204,0
BK0102,Williamsburg,Brooklyn,2023-03,35.84948616700104,35.946392,-0.09690589232513247,0
BK0102,Williamsburg,Brooklyn,2023-04,42.01831997773422,41.465363,0.5529574289060974,0
BK0102,Williamsburg,Brooklyn,2023-05,42.39152344671096,42.35149,0.040033425959009605,0
BK0102,Williamsburg,Brooklyn,2023-06,38.63753561170963,37.4029,1.234634915908849,0
BK0102,Williamsburg,Brooklyn,2023-07,31.65643542732119,31.729944,-0.07350880180478825,0
BK0102,Williamsburg,Brooklyn,2023-08,31.810107443958668,31.56736,0.24274751964226127,0
BK0102,Williamsburg,Brooklyn,2023-09,38.48386359507215,37.75813,0.7257344751991042,0
BK0102,Williamsburg,Brooklyn,2023-10,44.56488482486963,44.25282,0.3120657635903328,0
BK0102,Williamsburg,Brooklyn,2024-03,33.76393736977808,33.579918,0.18401946206323316,0
BK0102,Williamsburg,Brooklyn,2024-04,35.915345602702814,36.609703,-0.6943574612620296,0
BK0102,Williamsburg,Brooklyn,2024-05,42.32566401100919,42.519928,-0.19426396750643704,0
BK0102,Williamsburg,Brooklyn,2024-06,30.866122198899856,31.03666,-0.17053704182280072,0
BK0102,Williamsburg,Brooklyn,2024-07,29.285495742057183,29.505049,-0.21955300977387182,0
BK0102,Williamsburg,Brooklyn,2024-08,31.239325667876596,31.221592,0.01773371841370519,0
BK0102,Williamsburg,Brooklyn,2024-09,38.96683279021852,38.673122,0.29371038421265894,0
BK0102,Williamsburg,Brooklyn,2024-10,40.26206835902015,40.45995,-0.1978811343880551,0
BK0102,Williamsburg,Brooklyn,2025-03,34.20300027445659,34.343918,-0.14091757222309553,0
BK0102,Williamsburg,Brooklyn,2025-04,39.16441109732386,39.06858,0.09583046988245059,0
BK0102,Williamsburg,Brooklyn,2025-05,43.31355554653585,43.088238,0.22531778408468028,0
BK0102,Williamsburg,Brooklyn,2025-06,31.458857120215853,31.56488,-0.10602325087789666,0
BK0102,Williamsburg,Brooklyn,2025-07,30.207527841882076,30.137323,0.07020446236547428,0
BK0102,Williamsburg,Brooklyn,2025-08,31.54666970115156,31.065548,0.48112175803632695,0
BK0102,Williamsburg,Brooklyn,2025-09,37.67159722141689,37.670746,0.0008513718075136012,0
BK0102,Williamsburg,Brooklyn,2025-10,37.29839375244015,37.38541,-0.0870165563977423,0
BK0103,South Williamsburg,Brooklyn,2022-03,35.779865120924306,35.677937,0.10192856696922803,0
BK0103,South Williamsburg,Brooklyn,2022-04,33.557242561646426,33.475117,0.0821258319100977,0
BK0103,South Williamsburg,Brooklyn,2022-05,46.95834916905718,46.832752,0.12559694127397592,0
BK0103,South Williamsburg,Brooklyn,2022-06,32.85994920971611,33.14476,-0.2848109221198243,0
BK0103,South Williamsburg,Brooklyn,2022-07,30.005404550251384,29.933945,0.07145984810294692,0
BK0103,South Williamsburg,Brooklyn,2022-08,28.50186576015164,28.814976,-0.313109978373749,0
BK0103,South Williamsburg,Brooklyn,2022-09,39.811092311771446,39.486046,0.3250464743691026,0
BK0103,South Williamsburg,Brooklyn,2022-10,45.019002034000984,44.662018,0.35698421173535877,0
BK0103,South Williamsburg,Brooklyn,2023-03,35.58375136569391,35.617645,-0.03389389797796838,0
BK0103,South Williamsburg,Brooklyn,2023-04,41.70685861233199,41.823368,-0.11650946017777386,0
BK0103,South Williamsburg,Brooklyn,2023-05,42.07729570554497,41.860954,0.2163414208770007,0
BK0103,South Williamsburg,Brooklyn,2023-06,38.35113435616734,38.05525,0.2958860956692959,0
BK0103,South Williamsburg,Brooklyn,2023-07,31.42178167135984,31.488089,-0.06630693642824426,0
BK0103,South Williamsburg,Brooklyn,2023-08,31.574314592094595,31.55111,0.02320527812975115,0
BK0103,South Williamsburg,Brooklyn,2023-09,38.19860143543259,38.039433,0.1591689097978275,0
BK0103,South Williamsburg,Brooklyn,2023-10,44.234547013079386,43.83261,0.40193592909501064,0
BK0103,South Williamsburg,Brooklyn,2024-03,33.51366172715078,33.388,0.12566123886953307,0
BK0103,South Williamsburg,Brooklyn,2024-04,35.64912261743737,35.452854,0.19626846094323014,0
BK0103,South Williamsburg,Brooklyn,2024-05,42.011924453801505,41.988827,0.023097702092520933,0
BK0103,South Williamsburg,Brooklyn,2024-06,30.637326650438233,30.977087,-0.33976037043579055,0
BK0103,South Williamsburg,Brooklyn,2024-07,29.068416608595022,29.365194,-0.2967777120836885,0
BK0103,South Williamsburg,Brooklyn,2024-08,31.00776374365121,31.26277,-0.2550059554454691,0
BK0103,South Williamsburg,Brooklyn,2024-09,38.677990614884685,38.37748,0.30051106166202857,0
BK0103,South Williamsburg,Brooklyn,2024-10,39.9636252325062,40.042496,-0.07887049503285937,0
BK0103,South Williamsburg,Brooklyn,2025-03,33.94947007210723,34.02218,-0.07270857779511175,0
BK0103,South Williamsburg,Brooklyn,2025-04,38.87410437011509,38.937775,-0.06367028808803354,0
BK0103,South Williamsburg,Brooklyn,2025-05,42.99249322995351,42.844494,0.1479993639867132,0
BK0103,South Williamsburg,Brooklyn,2025-06,31.225667916129435,31.274015,-0.048347510506307145,0
BK0103,South Williamsburg,Brooklyn,2025-07,29.983614133003563,30.114788,-0.13117392241635883,0
BK0103,South Williamsburg,Brooklyn,2025-08,31.312829585120724,31.207287,0.10554275040392724,0
BK0103,South Williamsburg,Brooklyn,2025-09,37.39235599726316,37.38812,0.00423725336667502,0
BK0103,South Williamsburg,Brooklyn,2025-10,37.02191890405018,37.134735,-0.11281620337169329,0
BK0104,East Williamsburg,Brooklyn,2022-03,35.727644218858224,35.761505,-0.033860908094901276,0
BK0104,East Williamsburg,Brooklyn,2022-04,33.508265588941335,33.446777,0.061488245191334556,0
BK0104,East Williamsburg,Brooklyn,2022-05,46.88981321049907,46.416183,0.4736297388193833,0
BK0104,East Williamsburg,Brooklyn,2022-06,32.811989940339956,31.90244,0.9095508229083151,0
BK0104,East Williamsburg,Brooklyn,2022-07,29.961611503878064,29.669617,0.29199480465931416,0
BK0104,East Williamsburg,Brooklyn,2022-08,28.46026713658134,28.780521,-0.3202542562409256,0
BK0104,East Williamsburg,Brooklyn,2022-09,39.75298781233494,39.101757,0.6512307627743965,0
BK0104,East Williamsburg,Brooklyn,2022-10,44.95329656282649,44.365738,0.5875586477874251,0
BK0104,East Williamsburg,Brooklyn,2023-03,35.53181669268909,35.64999,-0.11817338909801833,0
BK0104,East Williamsburg,Brooklyn,2023-04,41.64598723196994,40.70787,0.9381167485715025,0
BK0104,East Williamsburg,Brooklyn,2023-05,42.015883670289426,41.42657,0.5893127779554419,0
BK0104,East Williamsburg,Brooklyn,2023-06,38.29516067307581,37.289352,1.0058082560836255,0
BK0104,East Williamsburg,Brooklyn,2023-07,31.37592141509961,31.449678,-0.07375700592089629,0
BK0104,East Williamsburg,Brooklyn,2023-08,31.528231713231165,31.018003,0.5102282494860475,0
BK0104,East Williamsburg,Brooklyn,2023-09,38.14285037494426,37.56254,0.5803122279716035,0
BK0104,East Williamsburg,Brooklyn,2023-10,44.16998645814994,43.417316,0.7526700213823645,0
BK0104,East Williamsburg,Brooklyn,2024-03,33.46474836090375,33.182896,0.2818527005033573,0
BK0104,East Williamsburg,Brooklyn,2024-04,35.59709253474547,36.08759,-0.49049672917054465,0
BK0104,East Williamsburg,Brooklyn,2024-05,41.950607828233046,41.765804,0.18480353746156197,0
BK0104,East Williamsburg,Brooklyn,2024-06,30.592611310423063,30.760122,-0.1675109887712729,0
BK0104,East Williamsburg,Brooklyn,2024-07,29.02599110106996,29.404665,-0.37867389221617387,0
BK0104,East Williamsburg,Brooklyn,2024-08,30.962507748742546,30.85974,0.10276844515367856,0
BK0104,East Williamsburg,Brooklyn,2024-09,38.621539883357705,38.584045,0.03749447320145549,0
BK0104,East Williamsburg,Brooklyn,2024-10,39.9052981104665,40.250248,-0.34494984485576907,0
BK0104,East Williamsburg,Brooklyn,2025-03,33.89992064127961,34.278366,-0.3784454475875805,0
BK0104,East Williamsburg,Brooklyn,2025-04,38.817367409526845,38.655968,0.16139969712450153,0
BK0104,East Williamsburg,Brooklyn,2025-05,42.92974545907873,42.858124,0.07162167978185607,0
BK0104,East Williamsburg,Brooklyn,2025-06,31.180093888930475,31.142994,0.03709996192852216,0
BK0104,East Williamsburg,Brooklyn,2025-07,29.93985288985927,29.773432,0.16642111190516928,0
BK0104,East Williamsburg,Brooklyn,2025-08,31.26712834500565,30.444767,0.8223613467146329,0
BK0104,East Williamsburg,Brooklyn,2025-09,37.337781656248914,37.599297,-0.2615149135753043,0
BK0104,East Williamsburg,Brooklyn,2025-10,36.967885217929435,37.4871,-0.519213475918221,0
BK0201,Brooklyn Heights,Brooklyn,2022-03,35.956435242827325,36.090065,-0.13362975961408097,0
BK0201,Brooklyn Heights,Brooklyn,2022-04,33.72284425941174,33.8746,-0.15175519737537257,0
BK0201,Brooklyn Heights,Brooklyn,2022-05,47.19008401235863,46.762646,0.42743829092308516,0
BK0201,Brooklyn Heights,Brooklyn,2022-06,33.02210983324215,32.526,0.49610885667964766,0
BK0201,Brooklyn Heights,Brooklyn,2022-07,30.153478276110366,30.054213,0.09926570591993666,0
BK0201,Brooklyn Heights,Brooklyn,2022-08,28.64251966968218,28.608175,0.03434439197221906,0
BK0201,Brooklyn Heights,Brooklyn,2022-09,40.007556144120294,40.06344,-0.055882271407050155,0
BK0201,Brooklyn Heights,Brooklyn,2022-10,45.24116638957445,44.80531,0.4358570939201556,0
BK0201,Brooklyn Heights,Brooklyn,2023-03,35.759353685467126,35.906147,-0.14679331770670245,0
BK0201,Brooklyn Heights,Brooklyn,2023-04,41.91267786526888,41.91595,-0.0032729098776016485,0
BK0201,Brooklyn Heights,Brooklyn,2023-05,42.28494302917147,42.011715,0.27322809386873814,0
BK0201,Brooklyn Heights,Brooklyn,2023-06,38.5403934393277,38.57375,-0.033356102908626895,0
BK0201,Brooklyn Heights,Brooklyn,2023-07,31.57684507926736,31.46781,0.10903540214333773,0
BK0201,Brooklyn Heights,Brooklyn,2023-08,31.730130734991956,31.425095,0.30503613049976863,0
BK0201,Brooklyn Heights,Brooklyn,2023-09,38.387107783603106,38.55954,-0.17243201131876873,0
BK0201,Brooklyn Heights,Brooklyn,2023-10,44.452840160133654,43.91658,0.5362599599383415,0
BK0201,Brooklyn Heights,Brooklyn,2024-03,33.67904835777614,33.650303,0.02874547081324863,0
BK0201,Brooklyn Heights,Brooklyn,2024-04,35.825047537920526,35.421665,0.4033823462701349,0
BK0201,Brooklyn Heights,Brooklyn,2024-05,42.21924917671807,41.724583,0.494666504598932,0
BK0201,Brooklyn Heights,Brooklyn,2024-06,30.788518849826563,30.734444,0.05407518527578148,0
BK0201,Brooklyn Heights,Brooklyn,2024-07,29.211866390944973,29.306694,-0.0948276398167458,0
BK0201,Brooklyn Heights,Brooklyn,2024-08,31.16078401372916,31.111467,0.04931665227896431,0
BK0201,Brooklyn Heights,Brooklyn,2024-09,38.8688627015947,39.137634,-0.2687715757490494,0
BK0201,Brooklyn Heights,Brooklyn,2024-10,40.16084179984489,40.193096,-0.03225436104378332,0
BK0201,Brooklyn Heights,Brooklyn,2025-03,34.117007374132136,34.1345,-0.01749122205927023,0
BK0201,Brooklyn Heights,Brooklyn,2025-04,39.0659442589549,39.365597,-0.2996525122853342,0
BK0201,Brooklyn Heights,Brooklyn,2025-05,43.204656963519064,43.085995,0.11866224306007922,0
BK0201,Brooklyn Heights,Brooklyn,2025-06,31.37976352190716,31.25811,0.12165347552044281,0
BK0201,Brooklyn Heights,Brooklyn,2025-07,30.131580325292568,30.033796,0.09778401486776289,0
BK0201,Brooklyn Heights,Brooklyn,2025-08,31.467355325178357,31.091297,0.3760581755201535,0
BK0201,Brooklyn Heights,Brooklyn,2025-09,37.57688360334451,37.891224,-0.3143403041261905,0
BK0201,Brooklyn Heights,Brooklyn,2025-10,37.20461843944192,37.437088,-0.23246957325338968,0
BK0202,Downtown Brooklyn-DUMBO-Boerum Hill,Brooklyn,2022-03,35.71981829638009,35.72843,-0.008613405280065933,0
BK0202,Downtown Brooklyn-DUMBO-Boerum Hill,Brooklyn,2022-04,33.5009258078108,33.401894,0.09903219208814562,0
BK0202,Downtown Brooklyn-DUMBO-Boerum Hill,Brooklyn,2022-05,46.87954228300797,46.305515,0.5740269937013309,0
BK0202,Downtown Brooklyn-DUMBO-Boerum Hill,Brooklyn,2022-06,32.804802674142,32.468483,0.3363197029505969,0
BK0202,Downtown Brooklyn-DUMBO-Boerum Hill,Brooklyn,2022-07,29.955048595685373,29.967978,-0.012928928118338234,0
BK0202,Downtown Brooklyn-DUMBO-Boerum Hill,Brooklyn,2022-08,28.45403308871203,28.561754,-0.1077211379725398,0
BK0202,Downtown Brooklyn-DUMBO-Boerum Hill,Brooklyn,2022-09,39.74428016290281,39.479923,0.26435691461179545,0
BK0202,Downtown Brooklyn-DUMBO-Boerum Hill,Brooklyn,2022-10,44.94344981749163,44.287777,0.6556728704701484,0
BK0202,Downtown Brooklyn-DUMBO-Boerum Hill,Brooklyn,2023-03,35.52403366503574,35.26024,0.2637950175748003,0
BK0202,Downtown Brooklyn-DUMBO-Boerum Hill,Brooklyn,2023-04,41.636864932564855,41.4739,0.16296509125626102,0
BK0202,Downtown Brooklyn-DUMBO-Boerum Hill,Brooklyn,2023-05,42.0066803473264,41.508186,0.4984940069943704,0
BK0202,Downtown Brooklyn-DUMBO-Boerum Hill,Brooklyn,2023-06,38.286772351783775,37.471455,0.8153177314224465,0
BK0202,Downtown Brooklyn-DUMBO-Boerum Hill,Brooklyn,2023-07,31.36904871095011,31.433681,-0.06463277708699877,0
BK0202,Downtown Brooklyn-DUMBO-Boerum Hill,Brooklyn,2023-08,31.52132564644016,31.315783,0.20554309944309068,0
BK0202,Downtown Brooklyn-DUMBO-Boerum Hill,Brooklyn,2023-09,38.13449541629373,37.581654,0.5528418213230282,0
BK0202,Downtown Brooklyn-DUMBO-Boerum Hill,Brooklyn,2023-10,44.16031129211424,43.436764,0.7235475286865025,0
BK0202,Downtown Brooklyn-DUMBO-Boerum Hill,Brooklyn,2024-03,33.4574181119565,33.28349,0.17392888466157785,0
BK0202,Downtown Brooklyn-DUMBO-Boerum Hill,Brooklyn,2024-04,35.58929520881719,35.334095,0.25520020759648787,0
BK0202,Downtown Brooklyn-DUMBO-Boerum Hill,Brooklyn,2024-05,41.94141880354495,41.401516,0.5399028428515891,0
BK0202,Downtown Brooklyn-DUMBO-Boerum Hill,Brooklyn,2024-06,30.58591018557272,30.771624,-0.18571342587747708,0
BK0202,Downtown Brooklyn-DUMBO-Boerum Hill,Brooklyn,2024-07,29.019633134817926,29.225313,-0.20568005182758142,0
BK0202,Downtown Brooklyn-DUMBO-Boerum Hill,Brooklyn,2024-08,30.955725600334265,31.171268,-0.2155428628005005,0
BK0202,Downtown Brooklyn-DUMBO-Boerum Hill,Brooklyn,2024-09,38.61308007069102,38.5885,0.02457909412851933,0
BK0202,Downtown Brooklyn-DUMBO-Boerum Hill,Brooklyn,2024-10,39.89655709839286,39.485962,0.41059518433036146,0
BK0202,Downtown Brooklyn-DUMBO-Boerum Hill,Brooklyn,2025-03,33.8924950704995,33.922512,-0.030016983943859543,0
BK0202,Downtown Brooklyn-DUMBO-Boerum Hill,Brooklyn,2025-04,38.80886470203537,38.6571,0.1517640245451375,0
BK0202,Downtown Brooklyn-DUMBO-Boerum Hill,Brooklyn,2025-05,42.9203419602667,42.62926,0.2910809434209938,0
BK0202,Downtown Brooklyn-DUMBO-Boerum Hill,Brooklyn,2025-06,31.173264079605765,31.161526,0.0117383532874058,0
BK0202,Downtown Brooklyn-DUMBO-Boerum Hill,Brooklyn,2025-07,29.93329474775822,29.912636,0.020658944535565382,0
BK0202,Downtown Brooklyn-DUMBO-Boerum Hill,Brooklyn,2025-08,31.26027947131436,31.09857,0.1617096013192416,0
BK0202,Downtown Brooklyn-DUMBO-Boerum Hill,Brooklyn,2025-09,37.32960304298918,37.302994,0.026609268575114697,0
BK0202,Downtown Brooklyn-DUMBO-Boerum Hill,Brooklyn,2025-10,36.95978762822763,36.777065,0.18272235112802093,0
BK0203,Fort Greene,Brooklyn,2022-03,36.06415888541807,36.08383,-0.019672901691308198,0
BK0203,Fort Greene,Brooklyn,2022-04,33.82387617755409,33.826176,-0.002299512143174809,0
BK0203,Fort Greene,Brooklyn,2022-05,47.331463092616275,47.08274,0.24872230892486868,0
BK0203,Fort Greene,Brooklyn,2022-06,33.12104238685167,32.760216,0.36082662757432615,0
BK0203,Fort Greene,Brooklyn,2022-07,30.243816556163623,30.087194,0.15662211341459908,0
BK0203,Fort Greene,Brooklyn,2022-08,28.728331194961527,28.708391,0.01994000538633145,0
BK0203,Fort Greene,Brooklyn,2022-09,40.12741673791645,39.761402,0.366014607789495,0
BK0203,Fort Greene,Brooklyn,2022-10,45.37670661222516,44.952106,0.4246001363950853,0
BK0203,Fort Greene,Brooklyn,2023-03,35.86648688178301,35.87562,-0.009134913871285733,0
BK0203,Fort Greene,Brooklyn,2023-04,42.038246106388655,41.804596,0.23365015912303022,0
BK0203,Fort Greene,Brooklyn,2023-05,42.41162655769932,41.99262,0.4190079969083058,0
BK0203,Fort Greene,Brooklyn,2023-06,38.65585848863325,38.69864,-0.04278042738237531,0
BK0203,Fort Greene,Brooklyn,2023-07,31.671447693527924,31.2742,0.39724725407479866,0
BK0203,Fort Greene,Brooklyn,2023-08,31.82519258524408,31.070452,0.7547408487938831,0
BK0203,Fort Greene,Brooklyn,2023-09,38.50211359691709,38.48498,0.017132060051856968,0
BK0203,Fort Greene,Brooklyn,2023-10,44.58601859768494,43.93514,0.6508798952923627,0
BK0203,Fort Greene,Brooklyn,2024-03,33.77994906563519,33.60507,0.17488085884808413,0
BK0203,Fort Greene,Brooklyn,2024-04,35.93237754966136,35.78019,0.1521880355012044,0
BK0203,Fort Greene,Brooklyn,2024-05,42.345735889820965,41.915474,0.43026195183268356,0
BK0203,Fort Greene,Brooklyn,2024-06,30.880759678987697,30.759274,0.1214861499349631,0
BK0203,Fort Greene,Brooklyn,2024-07,29.299383649907245,29.435366,-0.13598202697263773,0
BK0203,Fort Greene,Brooklyn,2024-08,31.25414013029836,30.988707,0.26543354155324295,0
BK0203,Fort Greene,Brooklyn,2024-09,38.98531182802501,39.037968,-0.05265585385975413,0
BK0203,Fort Greene,Brooklyn,2024-10,40.2811616296326,40.44174,-0.16057649902951,0
BK0203,Fort Greene,Brooklyn,2025-03,34.2192201848242,34.478542,-0.25932214305665724,0
BK0203,Fort Greene,Brooklyn,2025-04,39.18298383166007,39.327965,-0.1449809510547766,0
BK0203,Fort Greene,Brooklyn,2025-05,43.33409590799625,43.168415,0.1656808384161721,0
BK0203,Fort Greene,Brooklyn,2025-06,31.473775689892864,31.262775,0.21100026875028632,0
BK0203,Fort Greene,Brooklyn,2025-07,30.221853000204177,30.100378,0.12147496370515398,0
BK0203,Fort Greene,Brooklyn,2025-08,31.56162991373067,31.07271,0.4889198764992244,0
BK0203,Fort Greene,Brooklyn,2025-09,37.68946202641742,37.60854,0.08092244511858837,0
BK0203,Fort Greene,Brooklyn,2025-10,37.31608157510676,37.463223,-0.147140928555352,0
BK0204,Clinton Hill,Brooklyn,2022-03,34.36030769887649,34.288803,0.07150459829055222,0
BK0204,Clinton Hill,Brooklyn,2022-04,32.22586714754555,32.22465,0.001215810875628165,0
BK0204,Clinton Hill,Brooklyn,2022-05,45.09528811880562,45.163204,-0.06791607430961477,0
BK0204,Clinton Hill,Brooklyn,2022-06,31.55623873928486,31.792337,-0.23609867831767772,0
BK0204,Clinton Hill,Brooklyn,2022-07,28.814947442967675,28.907532,-0.09258429531357493,0
BK0204,Clinton Hill,Brooklyn,2022-08,27.37106118765557,27.8602,-0.48913969430243753,0
BK0204,Clinton Hill,Brooklyn,2022-09,38.231596934133584,38.243446,-0.011849415964071852,0
BK0204,Clinton Hill,Brooklyn,2022-10,43.23288410833059,43.2889,-0.056014359686990645,0
BK0204,Clinton Hill,Brooklyn,2023-03,34.17197470905317,34.273315,-0.10134072063433308,0
BK0204,Clinton Hill,Brooklyn,2023-04,40.05214916909232,40.108128,-0.05597842490182359,0
BK0204,Clinton Hill,Brooklyn,2023-05,40.40788926098082,40.21516,0.19272889110776958,0
BK0204,Clinton Hill,Brooklyn,2023-06,36.82956245433777,36.745773,0.08378913890808093,0
BK0204,Clinton Hill,Brooklyn,2023-07,30.175130147247195,30.171188,0.0039417927550076115,0
BK0204,Clinton Hill,Brooklyn,2023-08,30.32161136155422,30.10308,0.21853061204249968,0
BK0204,Clinton Hill,Brooklyn,2023-09,36.683081240030745,36.603218,0.07986316141746386,0
BK0204,Clinton Hill,Brooklyn,2023-10,42.47955214903731,42.408844,0.07070815489668547,0
BK0204,Clinton Hill,Brooklyn,2024-03,32.18401537202926,32.124645,0.05937013887496079,0
BK0204,Clinton Hill,Brooklyn,2024-04,34.234752372327605,34.050907,0.18384523731783986,0
BK0204,Clinton Hill,Brooklyn,2024-05,40.34511159770637,40.26329,0.08182119243293329,0
BK0204,Clinton Hill,Brooklyn,2024-06,29.42179818795392,29.638332,-0.21653417898943772,0
BK0204,Clinton Hill,Brooklyn,2024-07,27.91513426936738,28.381577,-0.4664422687185592,0
BK0204,Clinton Hill,Brooklyn,2024-08,29.77753827984241,29.885332,-0.1077938277015349,0
BK0204,Clinton Hill,Brooklyn,2024-09,37.14345077070997,37.26882,-0.12537094559862538,0
BK0204,Clinton Hill,Brooklyn,2024-10,38.37807814844061,38.888718,-0.5106395029265798,0
BK0204,Clinton Hill,Brooklyn,2025-03,32.60253312719218,32.693634,-0.09110090601094356,0
BK0204,Clinton Hill,Brooklyn,2025-04,37.33178376053328,37.619522,-0.28773833419328554,0
BK0204,Clinton Hill,Brooklyn,2025-05,41.28677654682296,41.19856,0.08821773944991662,0
BK0204,Clinton Hill,Brooklyn,2025-06,29.986797157423876,30.024136,-0.037338432175733516,0
BK0204,Clinton Hill,Brooklyn,2025-07,28.79402155520953,29.01173,-0.217708638882268,0
BK0204,Clinton Hill,Brooklyn,2025-08,30.07050070845646,29.875177,0.19532332503360905,0
BK0204,Clinton Hill,Brooklyn,2025-09,35.90882339297932,35.735825,0.1729988080183844,0
BK0204,Clinton Hill,Brooklyn,2025-10,35.55308330109084,35.772953,-0.21986973235642893,0
BK0301,Bedford-Stuyvesant (West),Brooklyn,2022-03,34.10176374382692,34.190666,-0.08890245490354687,0
BK0301,Bedford-Stuyvesant (West),Brooklyn,2022-04,31.98338377922866,32.132362,-0.1489785864939961,0
BK0301,Bedford-Stuyvesant (West),Brooklyn,2022-05,44.75596885989465,45.04504,-0.2890712707205836,0
BK0301,Bedford-Stuyvesant (West),Brooklyn,2022-06,31.318793986413517,31.346598,-0.027803685095271646,0
BK0301,Bedford-Stuyvesant (West),Brooklyn,2022-07,28.598129522076533,28.857439,-0.25930951906116206,0
BK0301,Bedford-Stuyvesant (West),Brooklyn,2022-08,27.165107781318888,27.553406,-0.3882979803998623,0
BK0301,Bedford-Stuyvesant (West),Brooklyn,2022-09,37.94392348353946,37.77858,0.1653437716253947,0
BK0301,Bedford-Stuyvesant (West),Brooklyn,2022-10,42.90757849862754,42.94459,-0.037013023589260285,0
BK0301,Bedford-Stuyvesant (West),Brooklyn,2023-03,33.91484786459766,33.8336,0.08124877402148911,0
BK0301,Bedford-Stuyvesant (West),Brooklyn,2023-04,39.75077698275562,40.237488,-0.48671081021313256,0
BK0301,Bedford-Stuyvesant (West),Brooklyn,2023-05,40.103840310188666,40.123024,-0.019183676627740454,0
BK0301,Bedford-Stuyvesant (West),Brooklyn,2023-06,36.55243860483275,35.952953,0.5994852662097045,0
BK0301,Bedford-Stuyvesant (West),Brooklyn,2023-07,29.94807753873229,30.10167,-0.15359177279114888,0
BK0301,Bedford-Stuyvesant (West),Brooklyn,2023-08,30.093456555910603,30.080149,0.013307859011188583,0
BK0301,Bedford-Stuyvesant (West),Brooklyn,2023-09,36.407059587654444,35.740646,0.666413225349757,0
BK0301,Bedford-Stuyvesant (West),Brooklyn,2023-10,42.15991498171051,41.85081,0.30910397707183535,0
BK0301,Bedford-Stuyvesant (West),Brooklyn,2024-03,31.941846917177713,32.104458,-0.16261093804689608,0
BK0301,Bedford-Stuyvesant (West),Brooklyn,2024-04,33.97715315767408,33.995785,-0.01863160184740309,0
BK0301,Bedford-Stuyvesant (West),Brooklyn,2024-05,40.041535017112245,39.950565,0.09096967897747987,0
BK0301,Bedford-Stuyvesant (West),Brooklyn,2024-06,29.200414021815256,29.42732,-0.226906458531424,0
BK0301,Bedford-Stuyvesant (West),Brooklyn,2024-07,27.70508698798119,28.131355,-0.4262682976633414,0
BK0301,Bedford-Stuyvesant (West),Brooklyn,2024-08,29.5534773492483,29.699183,-0.14570516112767606,0
BK0301,Bedford-Stuyvesant (West),Brooklyn,2024-09,36.86396507021485,36.574825,0.28913978334961854,0
BK0301,Bedford-Stuyvesant (West),Brooklyn,2024-10,38.08930250071776,37.990105,0.09919782542478828,0
BK0301,Bedford-Stuyvesant (West),Brooklyn,2025-03,32.357215537687175,32.408775,-0.051559791902668906,0
BK0301,Bedford-Stuyvesant (West),Brooklyn,2025-04,37.05088094944411,36.618736,0.43214468235426295,0
BK0301,Bedford-Stuyvesant (West),Brooklyn,2025-05,40.976114413258536,40.55774,0.41837515544603576,0
BK0301,Bedford-Stuyvesant (West),Brooklyn,2025-06,29.76116165950303,29.896952,-0.1357900159120078,0
BK0301,Bedford-Stuyvesant (West),Brooklyn,2025-07,28.57736109105106,28.811378,-0.23401738795284643,0
BK0301,Bedford-Stuyvesant (West),Brooklyn,2025-08,29.844235383604925,29.676582,0.16765304717914375,0
BK0301,Bedford-Stuyvesant (West),Brooklyn,2025-09,35.638627639711935,34.662754,0.975873580874044,0
BK0301,Bedford-Stuyvesant (West),Brooklyn,2025-10,35.28556431227889,34.804882,0.48068226271834646,0
BK0302,Bedford-Stuyvesant (East),Brooklyn,2022-03,34.610989667289026,34.417152,0.19383726250386957,0
BK0302,Bedford-Stuyvesant (East),Brooklyn,2022-04,32.46097691085573,32.295525,0.1654523136877586,0
BK0302,Bedford-Stuyvesant (East),Brooklyn,2022-05,45.424289118762395,45.514282,-0.08999310780010461,0
BK0302,Bedford-Stuyvesant (East),Brooklyn,2022-06,31.786463104915864,32.010494,-0.22403112726187047,0
BK0302,Bedford-Stuyvesant (East),Brooklyn,2022-07,29.025172211849565,29.051222,-0.026049635684614714,0
BK0302,Bedford-Stuyvesant (East),Brooklyn,2022-08,27.570751817791745,27.296114,0.2746378498962372,0
BK0302,Bedford-Stuyvesant (East),Brooklyn,2022-09,38.51052260787883,38.34754,0.16298079879680216,0
BK0302,Bedford-Stuyvesant (East),Brooklyn,2022-10,43.54829759599216,43.56047,-0.012172985062527175,0
BK0302,Bedford-Stuyvesant (East),Brooklyn,2023-03,34.42128265936844,34.355747,0.06553543646804627,0
BK0302,Bedford-Stuyvesant (East),Brooklyn,2023-04,40.34435701777783,40.362904,-0.018546577192871894,0
BK0302,Bedford-Stuyvesant (East),Brooklyn,2023-05,40.702692477183376,40.676693,0.025999514536891866,0
BK0302,Bedford-Stuyvesant (East),Brooklyn,2023-06,37.09825932669226,37.15491,-0.05665171456750784,0
BK0302,Bedford-Stuyvesant (East),Brooklyn,2023-07,30.395278380164907,30.302935,0.0923437335584616,0
BK0302,Bedford-Stuyvesant (East),Brooklyn,2023-08,30.54282827521425,30.419653,0.12317533637147804,0
BK0302,Bedford-Stuyvesant (East),Brooklyn,2023-09,36.95070943164291,37.239185,-0.2884759016090399,0
BK0302,Bedford-Stuyvesant (East),Brooklyn,2023-10,42.78946956430982,42.749325,0.040144765725834475,0
BK0302,Bedford-Stuyvesant (East),Brooklyn,2024-03,32.41881979798448,32.424713,-0.005893336781142011,0
BK0302,Bedford-Stuyvesant (East),Brooklyn,2024-04,34.4845183286753,34.50308,-0.018560132018059505,0
BK0302,Bedford-Stuyvesant (East),Brooklyn,2024-05,40.63945680787652,40.79346,-0.15400403807074525,0
BK0302,Bedford-Stuyvesant (East),Brooklyn,2024-06,29.636450348482565,29.721016,-0.08456558169321582,0
BK0302,Bedford-Stuyvesant (East),Brooklyn,2024-07,28.11879428511788,27.953724,0.1650703776471758,0
BK0302,Bedford-Stuyvesant (East),Brooklyn,2024-08,29.99478580788811,29.99762,-0.0028338210181395596,0
BK0302,Bedford-Stuyvesant (East),Brooklyn,2024-09,37.414437673226566,37.398277,0.0161603905117218,0
BK0302,Bedford-Stuyvesant (East),Brooklyn,2024-10,38.65807250292818,38.603516,0.05455687792817798,0
BK0302,Bedford-Stuyvesant (East),Brooklyn,2025-03,32.8403909266969,33.007133,-0.16674255718982067,0
BK0302,Bedford-Stuyvesant (East),Brooklyn,2025-04,37.604144681147154,37.748226,-0.1440814846243299,0
BK0302,Bedford-Stuyvesant (East),Brooklyn,2025-05,41.58799184747944,41.286198,0.30179418512592093,0
BK0302,Bedford-Stuyvesant (East),Brooklyn,2025-06,30.20557137224432,30.102335,0.10323639604803247,0
BK0302,Bedford-Stuyvesant (East),Brooklyn,2025-07,29.004093655413943,28.887007,0.11708689577038811,0
BK0302,Bedford-Stuyvesant (East),Brooklyn,2025-08,30.289885597986803,29.932274,0.3576117332407094,0
BK0302,Bedford-Stuyvesant (East),Brooklyn,2025-09,36.17080284352495,36.02141,0.149390947773,0
BK0302,Bedford-Stuyvesant (East),Brooklyn,2025-10,35.8124673841194,35.84443,-0.031961631993880246,0
BK0401,Bushwick (West),Brooklyn,2022-03,31.003275469027347,31.076624,-0.07334844759862946,0
BK0401,Bushwick (West),Brooklyn,2022-04,29.077371633557924,29.044008,0.033363378553040945,0
BK0401,Bushwick (West),Brooklyn,2022-05,40.689438876829435,40.81677,-0.12732976941079954,0
BK0401,Bushwick (West),Brooklyn,2022-06,28.473166508704775,28.242647,0.23051933768426736,0
BK0401,Bushwick (West),Brooklyn,2022-07,25.999701778837185,25.861967,0.13773469204519273,0
BK0401,Bushwick (West),Brooklyn,2022-08,24.696884478372574,24.389051,0.3078330409946446,0
BK0401,Bushwick (West),Brooklyn,2022-09,34.49633634708463,34.672897,-0.17656099178255857,0
BK0401,Bushwick (West),Brooklyn,2022-10,39.008993373331606,39.08701,-0.07801605660003474,0
BK0401,Bushwick (West),Brooklyn,2023-03,30.8333427776624,30.612944,0.22039912837040632,0
BK0401,Bushwick (West),Brooklyn,2023-04,36.13901903027914,36.537548,-0.3985290349064101,0
BK0401,Bushwick (West),Brooklyn,2023-05,36.46000300285737,36.85744,-0.3974379456289583,0
BK0401,Bushwick (West),Brooklyn,2023-06,33.23128186692335,33.18888,0.04240094651319026,0
BK0401,Bushwick (West),Brooklyn,2023-07,27.22699343869515,27.390427,-0.16343319704703774,0
BK0401,Bushwick (West),Brooklyn,2023-08,27.359163309756777,27.295277,0.06388666791107411,0
BK0401,Bushwick (West),Brooklyn,2023-09,33.09911199586172,33.21551,-0.11639932615976534,0
BK0401,Bushwick (West),Brooklyn,2023-10,38.32926260787181,38.546547,-0.21728432816334475,0
BK0401,Bushwick (West),Brooklyn,2024-03,29.039608813254603,28.772467,0.2671421537087042,0
BK0401,Bushwick (West),Brooklyn,2024-04,30.88998700811738,30.768805,0.12118245794648175,0
BK0401,Bushwick (West),Brooklyn,2024-05,36.40335877240239,36.51878,-0.11542098223628017,0
BK0401,Bushwick (West),Brooklyn,2024-06,26.547262673235352,26.678213,-0.1309504462714841,0
BK0401,Bushwick (West),Brooklyn,2024-07,25.187801142315763,24.977865,0.20993592319955212,0
BK0401,Bushwick (West),Brooklyn,2024-08,26.86824664581359,27.005693,-0.13744678985535685,0
BK0401,Bushwick (West),Brooklyn,2024-09,33.51450301919826,33.91254,-0.39803741659275715,0
BK0401,Bushwick (West),Brooklyn,2024-10,34.628506218146256,34.60021,0.028297935675553276,0
BK0401,Bushwick (West),Brooklyn,2025-03,29.417237016287825,29.323946,0.09329101714231669,0
BK0401,Bushwick (West),Brooklyn,2025-04,33.68443571056321,33.977325,-0.29288972888991793,0
BK0401,Bushwick (West),Brooklyn,2025-05,37.253022229227135,37.796833,-0.5438108091029434,0
BK0401,Bushwick (West),Brooklyn,2025-06,27.0570607473302,27.118872,-0.06181094151257227,0
BK0401,Bushwick (West),Brooklyn,2025-07,25.980820368685524,25.888426,0.09239454165915717,0
BK0401,Bushwick (West),Brooklyn,2025-08,27.132586387936843,26.96475,0.16783609801985122,0
BK0401,Bushwick (West),Brooklyn,2025-09,32.40049982025026,32.715622,-0.31512212799192696,0
BK0401,Bushwick (West),Brooklyn,2025-10,32.07951584767202,32.483696,-0.4041801362146984,0
BK0402,Bushwick (East),Brooklyn,2022-03,32.78105818128403,32.89475,-0.11369050646010948,0
BK0402,Bushwick (East),Brooklyn,2022-04,30.744719609730453,30.969034,-0.22431458521583636,0
BK0402,Bushwick (East),Brooklyn,2022-05,43.02264334997995,43.204975,-0.18233177819387691,0
BK0402,Bushwick (East),Brooklyn,2022-06,30.105868293164622,30.356115,-0.250247048021901,0
BK0402,Bushwick (East),Brooklyn,2022-07,27.49057071597327,27.854023,-0.36345226376305817,0
BK0402,Bushwick (East),Brooklyn,2022-08,26.113047564628204,26.328482,-0.2154341095661323,0
BK0402,Bushwick (East),Brooklyn,2022-09,36.47441735518022,36.34437,0.13004555952592511,0
BK0402,Bushwick (East),Brooklyn,2022-10,41.24583812578125,41.177925,0.06791301591796639,0
BK0402,Bushwick (East),Brooklyn,2023-03,32.60138124849989,32.828484,-0.22710233304307792,0
BK0402,Bushwick (East),Brooklyn,2023-04,38.21129437209356,38.532093,-0.3207986760021413,0
BK0402,Bushwick (East),Brooklyn,2023-05,38.55068413401916,38.381832,0.16885201121642268,0
BK0402,Bushwick (East),Brooklyn,2023-06,35.13682241112052,35.306297,-0.16947489112557435,0
BK0402,Bushwick (East),Brooklyn,2023-07,28.788237452747605,29.068735,-0.2804976699330588,0
BK0402,Bushwick (East),Brooklyn,2023-08,28.927986178246385,28.99582,-0.06783291355048959,0
BK0402,Bushwick (East),Brooklyn,2023-09,34.99707368562174,35.142944,-0.1458706503157572,0
BK0402,Bushwick (East),Brooklyn,2023-10,40.527130394644686,40.277103,0.25002697057242074,0
BK0402,Bushwick (East),Brooklyn,2024-03,30.70479140244509,31.131718,-0.42692627943967665,0
BK0402,Bushwick (East),Brooklyn,2024-04,32.66127355942794,32.784267,-0.1229938661091694,0
BK0402,Bushwick (East),Brooklyn,2024-05,38.490791823091115,38.357224,0.13356831234892752,0
BK0402,Bushwick (East),Brooklyn,2024-06,28.06952972161105,28.47353,-0.40400009406277704,0
BK0402,Bushwick (East),Brooklyn,2024-07,26.63211425933794,27.158173,-0.5260583480839358,0
BK0402,Bushwick (East),Brooklyn,2024-08,28.408919483536646,28.704391,-0.2954719959555412,0
BK0402,Bushwick (East),Brooklyn,2024-09,35.43628396576075,35.453396,-0.017111877745108472,0
BK0402,Bushwick (East),Brooklyn,2024-10,36.61416608067899,36.34147,0.2726972696438352,0
BK0402,Bushwick (East),Brooklyn,2025-03,31.104073475298733,31.29554,-0.1914663806582979,0
BK0402,Bushwick (East),Brooklyn,2025-04,35.61596089854489,35.742954,-0.1269933556054994,0
BK0402,Bushwick (East),Brooklyn,2025-05,39.38917648701181,38.942352,0.4468241920899345,0
BK0402,Bushwick (East),Brooklyn,2025-06,28.60856051996347,28.809546,-0.20098499700430494,0
BK0402,Bushwick (East),Brooklyn,2025-07,27.470606612330588,27.846739,-0.3761322029770291,0
BK0402,Bushwick (East),Brooklyn,2025-08,28.688416934534196,28.606562,0.08185527376759438,0
BK0402,Bushwick (East),Brooklyn,2025-09,34.2584018508425,33.969746,0.2886562148561751,0
BK0402,Bushwick (East),Brooklyn,2025-10,33.91901208891691,33.952488,-0.033475856639732626,0
BK0501,Cypress Hills,Brooklyn,2022-03,30.625323083908164,30.581106,0.044216897995077886,0
BK0501,Cypress Hills,Brooklyn,2022-04,28.72289741121716,28.932755,-0.20985710538440117,0
BK0501,Cypress Hills,Brooklyn,2022-05,40.19340514361882,40.571793,-0.37838745892024406,0
BK0501,Cypress Hills,Brooklyn,2022-06,28.12605798449057,28.174368,-0.04830992017251745,0
BK0501,Cypress Hills,Brooklyn,2022-07,25.682746581328587,25.762516,-0.07976944039992873,0
BK0501,Cypress Hills,Brooklyn,2022-08,24.39581156744938,24.555075,-0.15926312432308265,0
BK0501,Cypress Hills,Brooklyn,2022-09,34.07580101967127,34.097816,-0.02201544761388874,0
BK0501,Cypress Hills,Brooklyn,2022-10,38.53344548803548,39.12404,-0.5905932082535799,0
BK0501,Cypress Hills,Brooklyn,2023-03,30.457461995141312,30.589529,-0.13206704233427402,0
BK0501,Cypress Hills,Brooklyn,2023-04,35.69845821108418,35.80053,-0.10207126889628881,0
BK0501,Cypress Hills,Brooklyn,2023-05,36.015529156532686,36.10412,-0.08858919063528248,0
BK0501,Cypress Hills,Brooklyn,2023-06,32.82616846996247,33.06035,-0.23418004077971943,0
BK0501,Cypress Hills,Brooklyn,2023-07,26.895076666866977,27.01948,-0.12440308471993688,0
BK0501,Cypress Hills,Brooklyn,2023-08,27.025635291463416,27.019142,0.006493140584510115,0
BK0501,Cypress Hills,Brooklyn,2023-09,32.69560984536602,33.10435,-0.4087411983351501,0
BK0501,Cypress Hills,Brooklyn,2023-10,37.862001132968075,38.262424,-0.4004233360260656,0
BK0501,Cypress Hills,Brooklyn,2024-03,28.685594947046745,28.966362,-0.2807670524649737,0
BK0501,Cypress Hills,Brooklyn,2024-04,30.51341569139693,30.653275,-0.13985884473588328,0
BK0501,Cypress Hills,Brooklyn,2024-05,35.959575460277065,36.158974,-0.19939823357059083,0
BK0501,Cypress Hills,Brooklyn,2024-06,26.22363231179956,26.605524,-0.38189175131079267,0
BK0501,Cypress Hills,Brooklyn,2024-07,24.880743601664733,25.071115,-0.19037189210968108,0
BK0501,Cypress Hills,Brooklyn,2024-08,26.54070325724806,26.559889,-0.019185582473618013,0
BK0501,Cypress Hills,Brooklyn,2024-09,33.10593695124056,33.712837,-0.6069002679977231,0
BK0501,Cypress Hills,Brooklyn,2024-10,34.20635964426771,33.97664,0.2297208503223942,0
BK0501,Cypress Hills,Brooklyn,2025-03,29.058619588750865,28.966736,0.09188374890711515,0
BK0501,Cypress Hills,Brooklyn,2025-04,33.27379804000741,33.80413,-0.5303325141918123,0
BK0501,Cypress Hills,Brooklyn,2025-05,36.798880904111336,37.14944,-0.35055986126952376,0
BK0501,Cypress Hills,Brooklyn,2025-06,26.72721557810012,26.803606,-0.0763904552250736,0
BK0501,Cypress Hills,Brooklyn,2025-07,25.664095349243382,25.800852,-0.13675647265603175,0
BK0501,Cypress Hills,Brooklyn,2025-08,26.801820506440947,26.742975,0.058845271455595594,0
BK0501,Cypress Hills,Brooklyn,2025-09,32.0055142582134,32.207104,-0.20158947103464442,0
BK0501,Cypress Hills,Brooklyn,2025-10,31.688443312764903,31.984606,-0.2961624764196671,0
BK0502,East New York (North),Brooklyn,2022-03,31.128345972041977,31.001083,0.12726259801853956,0
BK0502,East New York (North),Brooklyn,2022-04,29.19467283614168,28.807362,0.38731123335847784,0
BK0502,East New York (North),Brooklyn,2022-05,40.85358439083463,41.41893,-0.5653456628763109,0
BK0502,East New York (North),Brooklyn,2022-06,28.588030283702373,28.447031,0.14099926258420936,0
BK0502,East New York (North),Brooklyn,2022-07,26.104587334653957,25.949837,0.15475060369692528,0
BK0502,East New York (North),Brooklyn,2022-08,24.7965143309567,24.57379,0.22272473439908325,0
BK0502,East New York (North),Brooklyn,2022-09,34.63549822833172,34.547825,0.08767336871257925,0
BK0502,East New York (North),Brooklyn,2022-10,39.1663597918628,39.386215,-0.2198554180981347,0
BK0502,East New York (North),Brooklyn,2023-03,30.957727754168417,30.536926,0.4208014846371668,0
BK0502,East New York (North),Brooklyn,2023-04,36.284807667776086,36.76796,-0.4831519269504767,0
BK0502,East New York (North),Brooklyn,2023-05,36.60708652375947,36.9042,-0.2971149838088891,0
BK0502,East New York (North),Brooklyn,2023-06,33.36534038416192,33.240093,0.12524715296074618,0
BK0502,East New York (North),Brooklyn,2023-07,27.3368300192963,27.364624,-0.02779400414119948,0
BK0502,East New York (North),Brooklyn,2023-08,27.4695330776424,27.211452,0.25808059351154,0
BK0502,East New York (North),Brooklyn,2023-09,33.23263732581582,33.04258,0.1900576749369165,0
BK0502,East New York (North),Brooklyn,2023-10,38.483886920368576,38.560844,-0.0769575010181427,0
BK0502,East New York (North),Brooklyn,2024-03,29.156757676614223,29.01804,0.1387179732450825,0
BK0502,East New York (North),Brooklyn,2024-04,31.014600493459604,30.580988,0.433612563161752,0
BK0502,East New York (North),Brooklyn,2024-05,36.55021378446828,36.80413,-0.25391676973093524,0
BK0502,East New York (North),Brooklyn,2024-06,26.65435714780208,26.766033,-0.111676024805341,0
BK0502,East New York (North),Brooklyn,2024-07,25.28941140481364,25.176231,0.11318002053629783,0
BK0502,East New York (North),Brooklyn,2024-08,26.976636003785465,26.921196,0.055440019898746584,0
BK0502,East New York (North),Brooklyn,2024-09,33.649704080617845,33.65282,-0.0031165065403584435,0
BK0502,East New York (North),Brooklyn,2024-10,34.76820128667782,34.88295,-0.11474854242374022,0
BK0502,East New York (North),Brooklyn,2025-03,29.53590927188879,29.591955,-0.056045913047732654,0
BK0502,East New York (North),Brooklyn,2025-04,33.8203222984914,33.83883,-0.018506742035945933,0
BK0502,East New York (North),Brooklyn,2025-05,37.40330487383606,37.638157,-0.23485201703307723,0
BK0502,East New York (North),Brooklyn,2025-06,27.166211801422744,27.21431,-0.04809789096006867,0
BK0502,East New York (North),Brooklyn,2025-07,26.085629754890228,26.087885,-0.0022551480638739463,0
BK0502,East New York (North),Brooklyn,2025-08,27.24204212047766,27.003,0.23904186107824543,0
BK0502,East New York (North),Brooklyn,2025-09,32.531206874557874,32.344658,0.18654897660865544,0
BK0502,East New York (North),Brooklyn,2025-10,32.20892801857449,32.019547,0.18938150978542723,0
BK0503,East New York-New Lots,Brooklyn,2022-03,35.55125441774965,35.319855,0.23139968142152156,0
BK0503,East New York-New Lots,Brooklyn,2022-04,33.342833010556916,33.281445,0.061388460996369076,0
BK0503,East New York-New Lots,Brooklyn,2022-05,46.65831502451309,46.548523,0.10979207529433666,0
BK0503,East New York-New Lots,Brooklyn,2022-06,32.64999492202586,32.690697,-0.04070179428273235,0
BK0503,East New York-New Lots,Brooklyn,2022-07,29.813688997101863,29.935007,-0.1213180982350508,0
BK0503,East New York-New Lots,Brooklyn,2022-08,28.319756868706783,28.367647,-0.04789030231372493,0
BK0503,East New York-New Lots,Brooklyn,2022-09,39.5567246170698,39.50996,0.04676444250925016,0
BK0503,East New York-New Lots,Brooklyn,2022-10,44.73135909078609,44.626495,0.10486372945796774,0
BK0503,East New York-New Lots,Brooklyn,2023-03,35.356393705350285,35.013386,0.34300793264520735,0
BK0503,East New York-New Lots,Brooklyn,2023-04,41.44037817026359,41.72146,-0.28108026479500126,0
BK0503,East New York-New Lots,Brooklyn,2023-05,41.80844840479572,41.752422,0.056026072032047125,0
BK0503,East New York-New Lots,Brooklyn,2023-06,38.1060948692079,37.421425,0.6846700034852446,0
BK0503,East New York-New Lots,Brooklyn,2023-07,31.221016364430564,31.248764,-0.027747673655373006,0
BK0503,East New York-New Lots,Brooklyn,2023-08,31.372574696296734,31.173918,0.19865692591099204,0
BK0503,East New York-New Lots,Brooklyn,2023-09,37.95453653734174,37.28856,0.6659775773808008,0
BK0503,East New York-New Lots,Brooklyn,2023-10,43.95191624118866,43.91692,0.03499653293670946,0
BK0503,East New York-New Lots,Brooklyn,2024-03,33.299530630023725,33.22141,0.07812178602958397,0
BK0503,East New York-New Lots,Brooklyn,2024-04,35.42134727615007,35.22495,0.19639839309343188,0
BK0503,East New York-New Lots,Brooklyn,2024-05,41.74349483399593,41.65441,0.08908351807796322,0
BK0503,East New York-New Lots,Brooklyn,2024-06,30.44157351483313,30.487244,-0.04567013751061921,0
BK0503,East New York-New Lots,Brooklyn,2024-07,28.882687815638263,29.038763,-0.15607523062638506,0
BK0503,East New York-New Lots,Brooklyn,2024-08,30.809643749365257,30.865274,-0.05563067995603177,0
BK0503,East New York-New Lots,Brooklyn,2024-09,38.43086272320683,38.35267,0.0781939609997977,0
BK0503,East New York-New Lots,Brooklyn,2024-10,39.70828294893596,39.51504,0.1932415976176003,0
BK0503,East New York-New Lots,Brooklyn,2025-03,33.73255443535563,33.73648,-0.003926277534993972,0
BK0503,East New York-New Lots,Brooklyn,2025-04,38.62572343560619,38.51038,0.11534364434642441,0
BK0503,East New York-New Lots,Brooklyn,2025-05,42.71779839599272,42.270363,0.44743554198881696,0
BK0503,East New York-New Lots,Brooklyn,2025-06,31.026155652031207,30.989803,0.03635233782222258,0
BK0503,East New York-New Lots,Brooklyn,2025-07,29.792037806835268,29.732674,0.05936416181573634,0
BK0503,East New York-New Lots,Brooklyn,2025-08,31.11276041309759,30.785881,0.3268793706171209,0
BK0503,East New York-New Lots,Brooklyn,2025-09,37.153442497477705,36.642975,0.5104676439620803,0
BK0503,East New York-New Lots,Brooklyn,2025-10,36.785372262945586,36.389397,0.3959755954651172,0
BK0504,Spring Creek-Starrett City,Brooklyn,2022-03,34.083875921019754,34.398712,-0.3148362371833713,0
BK0504,Spring Creek-Starrett City,Brooklyn,2022-04,31.96660713664459,32.00041,-0.03380103596283135,0
BK0504,Spring Creek-Starrett City,Brooklyn,2022-05,44.73249245420072,44.450905,0.2815876080093105,0
BK0504,Spring Creek-Starrett City,Brooklyn,2022-06,31.30236594938964,31.36994,-0.06757385468750954,0
BK0504,Spring Creek-Starrett City,Brooklyn,2022-07,28.58312858906468,28.489632,0.09349693623264699,0
BK0504,Spring Creek-Starrett City,Brooklyn,2022-08,27.15085852904619,27.103207,0.047651894524705085,0
BK0504,Spring Creek-Starrett City,Brooklyn,2022-09,37.924020284837454,38.226246,-0.30222559528949944,0
BK0504,Spring Creek-Starrett City,Brooklyn,2022-10,42.88507165214788,42.39069,0.4943818022943631,0
BK0504,Spring Creek-Starrett City,Brooklyn,2023-03,33.8970580871043,34.013737,-0.11667863774921727,0
BK0504,Spring Creek-Starrett City,Brooklyn,2023-04,39.72992601268685,39.534027,0.1958989130774782,0
BK0504,Spring Creek-Starrett City,Brooklyn,2023-05,40.08280414341605,39.861435,0.22136920689261075,0
BK0504,Spring Creek-Starrett City,Brooklyn,2023-06,36.5332652990224,36.55373,-0.020464711963924742,0
BK0504,Spring Creek-Starrett City,Brooklyn,2023-07,29.932368500676304,30.067259,-0.1348903341625629,0
BK0504,Spring Creek-Starrett City,Brooklyn,2023-08,30.077671260388325,29.727919,0.34975263551039504,0
BK0504,Spring Creek-Starrett City,Brooklyn,2023-09,36.38796253931037,36.395157,-0.007194321041190221,0
BK0504,Spring Creek-Starrett City,Brooklyn,2023-10,42.13780031648606,41.653618,0.48418245759933853,0
BK0504,Spring Creek-Starrett City,Brooklyn,2024-03,31.92509206244116,32.07522,-0.1501261382424346,0
BK0504,Spring Creek-Starrett City,Brooklyn,2024-04,33.95933069840945,34.005665,-0.046334127030000616,0
BK0504,Spring Creek-Starrett City,Brooklyn,2024-05,40.020531532110894,39.993923,0.026608344855034716,0
BK0504,Spring Creek-Starrett City,Brooklyn,2024-06,29.18509716501448,29.273378,-0.08828120717790355,0
BK0504,Spring Creek-Starrett City,Brooklyn,2024-07,27.690554493690836,27.734737,-0.04418290254939805,0
BK0504,Spring Creek-Starrett City,Brooklyn,2024-08,29.53797529574367,29.538988,-0.0010128176596495564,0
BK0504,Spring Creek-Starrett City,Brooklyn,2024-09,36.84462835554815,37.205505,-0.36087701554559715,0
BK0504,Spring Creek-Starrett City,Brooklyn,2024-10,38.06932304454947,38.143547,-0.07422401355599817,0
BK0504,Spring Creek-Starrett City,Brooklyn,2025-03,32.34024280447551,32.574123,-0.233880578092851,0
BK0504,Spring Creek-Starrett City,Brooklyn,2025-04,37.03144618946361,36.939213,0.0922333903913426,0
BK0504,Spring Creek-Starrett City,Brooklyn,2025-05,40.95462070168817,41.230732,-0.2761112624231572,0
BK0504,Spring Creek-Starrett City,Brooklyn,2025-06,29.74555066676085,29.804424,-0.05887361912782296,0
BK0504,Spring Creek-Starrett City,Brooklyn,2025-07,28.562371051962963,28.519104,0.043267048056712554,0
BK0504,Spring Creek-Starrett City,Brooklyn,2025-08,29.828580815167715,29.633226,0.1953544205143949,0
BK0504,Spring Creek-Starrett City,Brooklyn,2025-09,35.619933666546835,35.494205,0.1257281916933195,0
BK0504,Spring Creek-Starrett City,Brooklyn,2025-10,35.26705553581764,35.44388,-0.17682263801048492,0
BK0505,East New York-City Line,Brooklyn,2022-03,29.092920908707864,29.38996,-0.2970384266192845,0
BK0505,East New York-City Line,Brooklyn,2022-04,27.285687088556703,27.424507,-0.1388200525565786,0
BK0505,East New York-City Line,Brooklyn,2022-05,38.18224394535046,38.36411,-0.18186509395618344,0
BK0505,East New York-City Line,Brooklyn,2022-06,26.71871177243085,28.207516,-1.4888039441218837,0
BK0505,East New York-City Line,Brooklyn,2022-07,24.39765657204064,24.20539,0.19226564186485717,0
BK0505,East New York-City Line,Brooklyn,2022-08,23.175116046644263,23.481384,-0.3062682306994873,0
BK0505,East New York-City Line,Brooklyn,2022-09,32.370746955060454,32.707165,-0.3364178093438426,0
BK0505,East New York-City Line,Brooklyn,2022-10,36.60534384737542,36.520912,0.08443167696526643,0
BK0505,East New York-City Line,Brooklyn,2023-03,28.933459101047468,29.279398,-0.34593886343007085,0
BK0505,East New York-City Line,Brooklyn,2023-04,33.91221109577762,33.596615,0.3155962581311371,0
BK0505,East New York-City Line,Brooklyn,2023-05,34.213416732469476,34.531986,-0.31856950410278984,0
BK0505,East New York-City Line,Brooklyn,2023-06,31.18364238692195,31.6938,-0.5101575856122302,0
BK0505,East New York-City Line,Brooklyn,2023-07,25.54932518292128,25.736576,-0.1872508974009861,0
BK0505,East New York-City Line,Brooklyn,2023-08,25.673351033323808,25.439032,0.23431943237165953,0
BK0505,East New York-City Line,Brooklyn,2023-09,31.059616536519417,31.611963,-0.5523467355753091,0
BK0505,East New York-City Line,Brooklyn,2023-10,35.96749661673384,36.251816,-0.2843191791645978,0
BK0505,East New York-City Line,Brooklyn,2024-03,27.25025113129884,27.309507,-0.059256238696278274,0
BK0505,East New York-City Line,Brooklyn,2024-04,28.986613036934266,29.017437,-0.030823944266906267,0
BK0505,East New York-City Line,Brooklyn,2024-05,34.16026279658268,34.600986,-0.44072368413021223,0
BK0505,East New York-City Line,Brooklyn,2024-06,24.911477952279693,24.977932,-0.0664540240386664,0
BK0505,East New York-City Line,Brooklyn,2024-07,23.635783490996523,23.647285,-0.011501970429257824,0
BK0505,East New York-City Line,Brooklyn,2024-08,25.21268358897155,25.613754,-0.4010706834893867,0
BK0505,East New York-City Line,Brooklyn,2024-09,31.449412066355944,31.993944,-0.5445321017348768,0
BK0505,East New York-City Line,Brooklyn,2024-10,32.494772805462986,33.146294,-0.6515208346737325,0
BK0505,East New York-City Line,Brooklyn,2025-03,27.604610703877498,27.997612,-0.39300129563422104,0
BK0505,East New York-City Line,Brooklyn,2025-04,31.60887387401634,31.500433,0.10844090587669086,0
BK0505,East New York-City Line,Brooklyn,2025-05,34.95757183488466,35.29798,-0.34040942732237056,0
BK0505,East New York-City Line,Brooklyn,2025-06,25.389863375260884,25.288563,0.10130060060268065,0
BK0505,East New York-City Line,Brooklyn,2025-07,24.379938593411705,24.33885,0.041088572049400085,0
BK0505,East New York-City Line,Brooklyn,2025-08,25.460735289776615,25.065542,0.3951930687072789,0
BK0505,East New York-City Line,Brooklyn,2025-09,30.4040513272489,30.555084,-0.1510329012667242,0
BK0505,East New York-City Line,Brooklyn,2025-10,30.10284569055704,30.622004,-0.5191578647408122,0
BK0601,Carroll Gardens-Cobble Hill-Gowanus-Red Hook,Brooklyn,2022-03,35.154079835944536,35.061867,0.09221307569062986,0
BK0601,Carroll Gardens-Cobble Hill-Gowanus-Red Hook,Brooklyn,2022-04,32.97033066221351,32.89051,0.0798201031314818,0
BK0601,Carroll Gardens-Cobble Hill-Gowanus-Red Hook,Brooklyn,2022-05,46.1370536214741,46.17763,-0.04057775669972585,0
BK0601,Carroll Gardens-Cobble Hill-Gowanus-Red Hook,Brooklyn,2022-06,32.28523288221946,32.391605,-0.10637249497780488,0
BK0601,Carroll Gardens-Cobble Hill-Gowanus-Red Hook,Brooklyn,2022-07,29.480613845368833,29.732447,-0.2518328251633939,0
BK0601,Carroll Gardens-Cobble Hill-Gowanus-Red Hook,Brooklyn,2022-08,28.00337175725667,28.10391,-0.1005386889103228,0
BK0601,Carroll Gardens-Cobble Hill-Gowanus-Red Hook,Brooklyn,2022-09,39.11480137653512,39.210835,-0.09603312663870867,0
BK0601,Carroll Gardens-Cobble Hill-Gowanus-Red Hook,Brooklyn,2022-10,44.231625420865655,43.97705,0.2545746396156545,0
BK0601,Carroll Gardens-Cobble Hill-Gowanus-Red Hook,Brooklyn,2023-03,34.96139608532121,34.626152,0.33524404674699326,0
BK0601,Carroll Gardens-Cobble Hill-Gowanus-Red Hook,Brooklyn,2023-04,40.97741096589394,41.607,-0.6295874777095776,0
BK0601,Carroll Gardens-Cobble Hill-Gowanus-Red Hook,Brooklyn,2023-05,41.34136916151577,41.430733,-0.08936356553500957,0
BK0601,Carroll Gardens-Cobble Hill-Gowanus-Red Hook,Brooklyn,2023-06,37.680377899672585,37.076565,0.603813110854226,0
BK0601,Carroll Gardens-Cobble Hill-Gowanus-Red Hook,Brooklyn,2023-07,30.87221871098174,31.055595,-0.18337668696747755,0
BK0601,Carroll Gardens-Cobble Hill-Gowanus-Red Hook,Brooklyn,2023-08,31.02208385035544,30.88512,0.13696345850973657,0
BK0601,Carroll Gardens-Cobble Hill-Gowanus-Red Hook,Brooklyn,2023-09,37.53051276029888,36.921753,0.6087598306113833,0
BK0601,Carroll Gardens-Cobble Hill-Gowanus-Red Hook,Brooklyn,2023-10,43.46089041837236,43.48873,-0.027840965904985637,0
BK0601,Carroll Gardens-Cobble Hill-Gowanus-Red Hook,Brooklyn,2024-03,32.927512050963884,32.965954,-0.03844177594041298,0
BK0601,Carroll Gardens-Cobble Hill-Gowanus-Red Hook,Brooklyn,2024-04,35.02562400219565,35.015064,0.010559762693695518,0
BK0601,Carroll Gardens-Cobble Hill-Gowanus-Red Hook,Brooklyn,2024-05,41.27714124464133,41.252625,0.024516732922577944,0
BK0601,Carroll Gardens-Cobble Hill-Gowanus-Red Hook,Brooklyn,2024-06,30.10148370848844,30.32597,-0.22448598755648064,0
BK0601,Carroll Gardens-Cobble Hill-Gowanus-Red Hook,Brooklyn,2024-07,28.56001370350183,28.813932,-0.2539187153214115,0
BK0601,Carroll Gardens-Cobble Hill-Gowanus-Red Hook,Brooklyn,2024-08,30.465441904110275,30.634274,-0.1688316249424595,0
BK0601,Carroll Gardens-Cobble Hill-Gowanus-Red Hook,Brooklyn,2024-09,38.00151748404479,38.031708,-0.030190279627085204,0
BK0601,Carroll Gardens-Cobble Hill-Gowanus-Red Hook,Brooklyn,2024-10,39.264666515908814,39.210663,0.054003674111939404,0
BK0601,Carroll Gardens-Cobble Hill-Gowanus-Red Hook,Brooklyn,2025-03,33.35569816346016,33.481064,-0.12536567931327625,0
BK0601,Carroll Gardens-Cobble Hill-Gowanus-Red Hook,Brooklyn,2025-04,38.19420123466812,38.14419,0.05000949272476163,0
BK0601,Carroll Gardens-Cobble Hill-Gowanus-Red Hook,Brooklyn,2025-05,42.24055999775795,41.861977,0.3785833742227922,0
BK0601,Carroll Gardens-Cobble Hill-Gowanus-Red Hook,Brooklyn,2025-06,30.679534960358417,30.79636,-0.11682505551072353,0
BK0601,Carroll Gardens-Cobble Hill-Gowanus-Red Hook,Brooklyn,2025-07,29.45920453974402,29.520782,-0.061577930959103355,0
BK0601,Carroll Gardens-Cobble Hill-Gowanus-Red Hook,Brooklyn,2025-08,30.765172182857672,30.542645,0.22252768212524998,0
BK0601,Carroll Gardens-Cobble Hill-Gowanus-Red Hook,Brooklyn,2025-09,36.73836845218077,36.38491,0.35345786868467854,0
BK0601,Carroll Gardens-Cobble Hill-Gowanus-Red Hook,Brooklyn,2025-10,36.37441025655893,36.035152,0.3392578212561972,0
BK0602,Park Slope,Brooklyn,2022-03,32.75855414613953,32.68901,0.06954352602234337,0
BK0602,Park Slope,Brooklyn,2022-04,30.723613510995666,30.635103,0.08851028528765781,0
BK0602,Park Slope,Brooklyn,2022-05,42.99310851701016,42.527367,0.46574187882656304,0
BK0602,Park Slope,Brooklyn,2022-06,30.085200762715235,30.2003,-0.11509945395956933,0
BK0602,Park Slope,Brooklyn,2022-07,27.471698574442225,27.607595,-0.13589686928336064,0
BK0602,Park Slope,Brooklyn,2022-08,26.09512108596255,26.51801,-0.42288809982846587,0
BK0602,Park Slope,Brooklyn,2022-09,36.44937784713576,36.011738,0.4376400236494291,0
BK0602,Park Slope,Brooklyn,2022-10,41.21752306085522,41.225792,-0.008268870297122533,0
BK0602,Park Slope,Brooklyn,2023-03,32.579000560685664,32.510075,0.06892594520714823,0
BK0602,Park Slope,Brooklyn,2023-04,38.18506250652318,38.181602,0.003460028495837264,0
BK0602,Park Slope,Brooklyn,2023-05,38.52421927904716,37.947018,0.5772016093694248,0
BK0602,Park Slope,Brooklyn,2023-06,35.112701155423615,34.748253,0.36444828677127106,0
BK0602,Park Slope,Brooklyn,2023-07,28.76847446938685,28.630367,0.13810719033411445,0
BK0602,Park Slope,Brooklyn,2023-08,28.908127258073193,28.825228,0.08289952064643558,0
BK0602,Park Slope,Brooklyn,2023-09,34.973048366737274,34.828583,0.1444656030653988,0
BK0602,Park Slope,Brooklyn,2023-10,40.49930871903974,40.26524,0.23406900346356707,0
BK0602,Park Slope,Brooklyn,2024-03,30.683712714228136,30.888315,-0.204602486577528,0
BK0602,Park Slope,Brooklyn,2024-04,32.63885175583695,32.355644,0.2832075297627341,0
BK0602,Park Slope,Brooklyn,2024-05,38.46436808389587,38.000538,0.463830211581417,0
BK0602,Park Slope,Brooklyn,2024-06,28.050260127571367,28.09569,-0.04542964598820376,0
BK0602,Park Slope,Brooklyn,2024-07,26.6138314439404,27.059296,-0.44546421035647654,0
BK0602,Park Slope,Brooklyn,2024-08,28.389416900095345,28.325544,0.06387254279554,0
BK0602,Park Slope,Brooklyn,2024-09,35.41195713118007,35.19642,0.2155383689730357,0
BK0602,Park Slope,Brooklyn,2024-10,36.589030635822105,36.264008,0.32502306746273035,0
BK0602,Park Slope,Brooklyn,2025-03,31.082720681903407,31.042448,0.04027263808016457,0
BK0602,Park Slope,Brooklyn,2025-04,35.59151071663394,35.55692,0.03459161873355043,0
BK0602,Park Slope,Brooklyn,2025-05,39.36213601116523,38.68959,0.672545557063664,0
BK0602,Park Slope,Brooklyn,2025-06,28.58892088393298,28.423723,0.16519766310778294,0
BK0602,Park Slope,Brooklyn,2025-07,27.451748176058462,27.54252,-0.09077234701282677,0
BK0602,Park Slope,Brooklyn,2025-08,28.66872247746803,28.205332,0.4633906750998662,0
BK0602,Park Slope,Brooklyn,2025-09,34.23488362653803,33.739754,0.4951299033934973,0
BK0602,Park Slope,Brooklyn,2025-10,33.89572685401405,33.67888,0.2168480698343629,0
BK0701,Windsor Terrace-South Slope,Brooklyn,2022-03,35.89332296477784,35.71703,0.17629339324463444,0
BK0701,Windsor Terrace-South Slope,Brooklyn,2022-04,33.66365247610102,33.542824,0.12082868459711449,0
BK0701,Windsor Terrace-South Slope,Brooklyn,2022-05,47.107253951946554,46.440403,0.666850967327413,0
BK0701,Windsor Terrace-South Slope,Brooklyn,2022-06,32.964148009065156,32.63972,0.32442709231710865,0
BK0701,Windsor Terrace-South Slope,Brooklyn,2022-07,30.10055159713708,29.947687,0.15286444808922894,0
BK0701,Windsor Terrace-South Slope,Brooklyn,2022-08,28.59224509009099,28.314928,0.2773170352814205,0
BK0701,Windsor Terrace-South Slope,Brooklyn,2022-09,39.937333164828935,39.908756,0.028576908725419514,0
BK0701,Windsor Terrace-South Slope,Brooklyn,2022-10,45.16175715300306,45.06788,0.09387842985852757,0
BK0701,Windsor Terrace-South Slope,Brooklyn,2023-03,35.696587333424006,35.626125,0.07046199773064643,0
BK0701,Windsor Terrace-South Slope,Brooklyn,2023-04,41.83911093458269,41.615944,0.22316702589128568,0
BK0701,Windsor Terrace-South Slope,Brooklyn,2023-05,42.2107226826955,42.32129,-0.1105663798045029,0
BK0701,Windsor Terrace-South Slope,Brooklyn,2023-06,38.472745686972594,38.39705,0.07569673677728161,0
BK0701,Windsor Terrace-South Slope,Brooklyn,2023-07,31.52142004580368,31.391647,0.12977270693649245,0
BK0701,Windsor Terrace-South Slope,Brooklyn,2023-08,31.674436647967777,31.412748,0.26168831117578506,0
BK0701,Windsor Terrace-South Slope,Brooklyn,2023-09,38.3197290848085,38.39344,-0.07371116177353088,0
BK0701,Windsor Terrace-South Slope,Brooklyn,2023-10,44.3748146275877,44.22743,0.14738619130840647,0
BK0701,Windsor Terrace-South Slope,Brooklyn,2024-03,33.619933446911276,33.48897,0.13096173670619748,0
BK0701,Windsor Terrace-South Slope,Brooklyn,2024-04,35.762165877208616,35.66673,0.09543690381994452,0
BK0701,Windsor Terrace-South Slope,Brooklyn,2024-05,42.14514413891089,42.385704,-0.24055990161645724,0
BK0701,Windsor Terrace-South Slope,Brooklyn,2024-06,30.73447752038833,30.82157,-0.08709192236069185,0
BK0701,Windsor Terrace-South Slope,Brooklyn,2024-07,29.160592469557635,29.113993,0.04659977851759578,0
BK0701,Windsor Terrace-South Slope,Brooklyn,2024-08,31.106089268501137,31.025875,0.08021417694840238,0
BK0701,Windsor Terrace-South Slope,Brooklyn,2024-09,38.800638405895654,39.055237,-0.25459841051059584,0
BK0701,Windsor Terrace-South Slope,Brooklyn,2024-10,40.09034976699303,39.967873,0.12247714736412263,0
BK0701,Windsor Terrace-South Slope,Brooklyn,2025-03,34.05712373880869,33.962685,0.09443910746103512,0
BK0701,Windsor Terrace-South Slope,Brooklyn,2025-04,38.99737403724949,39.25608,-0.2587065901919132,0
BK0701,Windsor Terrace-South Slope,Brooklyn,2025-05,43.128822295680074,43.15603,-0.02720645187852,0
BK0701,Windsor Terrace-South Slope,Brooklyn,2025-06,31.324684414449845,31.231668,0.09301594215980558,0
BK0701,Windsor Terrace-South Slope,Brooklyn,2025-07,30.078692082542208,29.825891,0.2528005877912314,0
BK0701,Windsor Terrace-South Slope,Brooklyn,2025-08,31.412122472829328,31.049683,0.3624398556418278,0
BK0701,Windsor Terrace-South Slope,Brooklyn,2025-09,37.51092704479828,37.447346,0.06358131115570131,0
BK0701,Windsor Terrace-South Slope,Brooklyn,2025-10,37.139315296685474,37.23622,-0.09690601679108823,0
BK0702,Sunset Park (West),Brooklyn,2022-03,30.1837535225151,30.480946,-0.2971920646431023,0
BK0702,Sunset Park (West),Brooklyn,2022-04,28.308757871299186,28.0687,0.2400570808939122,0
BK0702,Sunset Park (West),Brooklyn,2022-05,39.61387870951282,40.081627,-0.4677481825770258,0
BK0702,Sunset Park (West),Brooklyn,2022-06,27.720523941505952,27.717966,0.002557861794038274,0
BK0702,Sunset Park (West),Brooklyn,2022-07,25.312441291414917,25.376856,-0.06441455880480973,0
BK0702,Sunset Park (West),Brooklyn,2022-08,24.044061880298266,23.835852,0.20821021098674208,0
BK0702,Sunset Park (West),Brooklyn,2022-09,33.58448092913221,33.84984,-0.26535732770372533,0
BK0702,Sunset Park (West),Brooklyn,2022-10,37.97785309227539,37.72339,0.25446442040038875,0
BK0702,Sunset Park (West),Brooklyn,2023-03,30.018312729760755,30.08185,-0.06353732211912799,0
BK0702,Sunset Park (West),Brooklyn,2023-04,35.18374192575755,35.778175,-0.5944334282463544,0
BK0702,Sunset Park (West),Brooklyn,2023-05,35.496241200960206,35.73159,-0.23534907003588756,0
BK0702,Sunset Park (West),Brooklyn,2023-06,32.35286613862763,32.884537,-0.5316706045364299,0
BK0702,Sunset Park (West),Brooklyn,2023-07,26.507291461307418,26.646605,-0.13931307665644965,0
BK0702,Sunset Park (West),Brooklyn,2023-08,26.635967633449685,26.303486,0.33248176308835653,0
BK0702,Sunset Park (West),Brooklyn,2023-09,32.22418996648537,32.604355,-0.38016489191306846,0
BK0702,Sunset Park (West),Brooklyn,2023-10,37.31608992125801,37.669724,-0.35363358948417556,0
BK0702,Sunset Park (West),Brooklyn,2024-03,28.271993250687103,28.179747,0.09224662287948604,0
BK0702,Sunset Park (West),Brooklyn,2024-04,30.07345966067887,29.820229,0.2532310840187151,0
BK0702,Sunset Park (West),Brooklyn,2024-05,35.44109427004209,36.236202,-0.7951079699481411,0
BK0702,Sunset Park (West),Brooklyn,2024-06,25.845528290290034,26.197735,-0.35220654247363825,0
BK0702,Sunset Park (West),Brooklyn,2024-07,24.522001948255262,24.416946,0.10505553712244975,0
BK0702,Sunset Park (West),Brooklyn,2024-08,26.158027565492684,26.193544,-0.03551682232469844,0
BK0702,Sunset Park (West),Brooklyn,2024-09,32.62860079321821,33.33922,-0.7106173464302259,0
BK0702,Sunset Park (West),Brooklyn,2024-10,33.71315710127448,34.38693,-0.6737714570751265,0
BK0702,Sunset Park (West),Brooklyn,2025-03,28.63963945680787,28.872091,-0.23245183652709045,0
BK0702,Sunset Park (West),Brooklyn,2025-04,32.79404158597256,32.418488,0.3755540371444326,0
BK0702,Sunset Park (West),Brooklyn,2025-05,36.26829823381382,36.870094,-0.6017960655025831,0
BK0702,Sunset Park (West),Brooklyn,2025-06,26.341850668553068,26.523607,-0.1817565854752523,0
BK0702,Sunset Park (West),Brooklyn,2025-07,25.29405898110888,25.02949,0.2645694638969651,0
BK0702,Sunset Park (West),Brooklyn,2025-08,26.415379909777226,26.283543,0.1318372767205851,0
BK0702,Sunset Park (West),Brooklyn,2025-09,31.544044485161944,32.051125,-0.5070800875919623,0
BK0702,Sunset Park (West),Brooklyn,2025-10,31.231545209959293,31.5846,-0.35305523864910526,0
BK0703,Sunset Park (Central),Brooklyn,2022-03,31.76657339183722,32.123844,-0.3572707548912959,0
BK0703,Sunset Park (Central),Brooklyn,2022-04,29.793253972855855,29.85387,-0.0606164189898486,0
BK0703,Sunset Park (Central),Brooklyn,2022-05,41.691209293184656,41.994724,-0.3035149804969848,0
BK0703,Sunset Park (Central),Brooklyn,2022-06,29.174173370822487,29.68167,-0.5074958644070051,0
BK0703,Sunset Park (Central),Brooklyn,2022-07,26.639812156248382,26.571224,0.0685879436018979,0
BK0703,Sunset Park (Central),Brooklyn,2022-08,25.304919608113934,25.399378,-0.0944582147620423,0
BK0703,Sunset Park (Central),Brooklyn,2022-09,35.34563312234263,35.59525,-0.2496160536827574,0
BK0703,Sunset Park (Central),Brooklyn,2022-10,39.96939136877935,39.977592,-0.008201099482370466,0
BK0703,Sunset Park (Central),Brooklyn,2023-03,31.592456972515333,32.065174,-0.47271713026787054,0
BK0703,Sunset Park (Central),Brooklyn,2023-04,37.02875850912085,36.833935,0.19482372518530156,0
BK0703,Sunset Park (Central),Brooklyn,2023-05,37.35764507895108,37.2362,0.12144665365811136,0
BK0703,Sunset Park (Central),Brooklyn,2023-06,34.04943311183526,34.085384,-0.03595125706122104,0
BK0703,Sunset Park (Central),Brooklyn,2023-07,27.897319629128667,27.867872,0.02944739096948723,0
BK0703,Sunset Park (Central),Brooklyn,2023-08,28.032743510823465,27.776762,0.2559815021564731,0
BK0703,Sunset Park (Central),Brooklyn,2023-09,33.914009230140465,34.683758,-0.7697485518419569,0
BK0703,Sunset Park (Central),Brooklyn,2023-10,39.272925691491814,39.3101,-0.03717486392810798,0
BK0703,Sunset Park (Central),Brooklyn,2024-03,29.754561435228773,29.782925,-0.02836321687083654,0
BK0703,Sunset Park (Central),Brooklyn,2024-04,31.650495778955964,31.565464,0.08503175918057337,0
BK0703,Sunset Park (Central),Brooklyn,2024-05,37.29960627251045,36.983074,0.31653208427803037,0
BK0703,Sunset Park (Central),Brooklyn,2024-06,27.200853951841125,28.13806,-0.9372056642477418,0
BK0703,Sunset Park (Central),Brooklyn,2024-07,25.80792259726605,25.891483,-0.08356070961871609,0
BK0703,Sunset Park (Central),Brooklyn,2024-08,27.529740521671354,27.554752,-0.025011828182162077,0
BK0703,Sunset Park (Central),Brooklyn,2024-09,34.33962714403841,34.421253,-0.08162606030729336,0
BK0703,Sunset Park (Central),Brooklyn,2024-10,35.48105700403743,36.360233,-0.8791763028473341,0
BK0703,Sunset Park (Central),Brooklyn,2025-03,30.141486811499625,30.549694,-0.4082072497796716,0
BK0703,Sunset Park (Central),Brooklyn,2025-04,34.51374356336029,33.70271,0.8110343653622465,0
BK0703,Sunset Park (Central),Brooklyn,2025-05,38.17018836911987,38.02755,0.14263862546752648,0
BK0703,Sunset Park (Central),Brooklyn,2025-06,27.72320320980678,28.752232,-1.0290283880936109,0
BK0703,Sunset Park (Central),Brooklyn,2025-07,26.620465887434843,26.547495,0.07297099912917915,0
BK0703,Sunset Park (Central),Brooklyn,2025-08,27.80058828506095,27.47155,0.3290382972679815,0
BK0703,Sunset Park (Central),Brooklyn,2025-09,33.19819728403938,33.071846,0.1263512757385996,0
BK0703,Sunset Park (Central),Brooklyn,2025-10,32.869310714209156,32.89074,-0.021428726708812462,0
BK0801,Prospect Heights,Brooklyn,2022-03,35.35730137126387,35.36135,-0.004049641919721125,0
BK0801,Prospect Heights,Brooklyn,2022-04,33.16092820447403,33.300297,-0.13936857897323307,0
BK0801,Prospect Heights,Brooklyn,2022-05,46.403766416001,45.583138,0.8206289037939669,0
BK0801,Prospect Heights,Brooklyn,2022-06,32.471869956069376,32.01452,0.4573512182764077,0
BK0801,Prospect Heights,Brooklyn,2022-07,29.65103775166282,29.579473,0.07156425617942119,0
BK0801,Prospect Heights,Brooklyn,2022-08,28.165255903540285,28.170334,-0.005077958764402979,0
BK0801,Prospect Heights,Brooklyn,2022-09,39.34091936985328,39.214367,0.12655245701148488,0
BK0801,Prospect Heights,Brooklyn,2022-10,44.48732316262555,44.295853,0.1914705014927378,0
BK0801,Prospect Heights,Brooklyn,2023-03,35.16350373890006,35.09564,0.06786546375357716,0
BK0801,Prospect Heights,Brooklyn,2023-04,41.21429648270344,41.20716,0.00713553299640779,0
BK0801,Prospect Heights,Brooklyn,2023-05,41.58035867716841,41.306816,0.27354257609419363,0
BK0801,Prospect Heights,Brooklyn,2023-06,37.89820366225604,37.93153,-0.03332633652325967,0
BK0801,Prospect Heights,Brooklyn,2023-07,31.050687318734777,30.959326,0.09136152832950373,0
BK0801,Prospect Heights,Brooklyn,2023-08,31.201418810573298,30.912066,0.2893533045918524,0
BK0801,Prospect Heights,Brooklyn,2023-09,37.74747217041752,37.94129,-0.19381963866451457,0
BK0801,Prospect Heights,Brooklyn,2023-10,43.71213263317032,43.295567,0.41656607433242954,0
BK0801,Prospect Heights,Brooklyn,2024-03,33.11786206394874,33.07751,0.040351230208507616,0
BK0801,Prospect Heights,Brooklyn,2024-04,35.228102949688,35.049267,0.17883613450245406,0
BK0801,Prospect Heights,Brooklyn,2024-05,41.51575946638048,41.087353,0.4284067136949332,0
BK0801,Prospect Heights,Brooklyn,2024-06,30.27549678927954,30.231636,0.04386074191625866,0
BK0801,Prospect Heights,Brooklyn,2024-07,28.725115730369065,28.86168,-0.1365633467793721,0
BK0801,Prospect Heights,Brooklyn,2024-08,30.641558983744513,30.641165,0.00039420408142731844,0
BK0801,Prospect Heights,Brooklyn,2024-09,38.22119971619572,38.415333,-0.19413307799373314,0
BK0801,Prospect Heights,Brooklyn,2024-10,39.4916508616918,39.52197,-0.0303179798609321,0
BK0801,Prospect Heights,Brooklyn,2025-03,33.548523469201655,33.700016,-0.1514925525268609,0
BK0801,Prospect Heights,Brooklyn,2025-04,38.41499734855953,38.86981,-0.4548108484619533,0
BK0801,Prospect Heights,Brooklyn,2025-05,42.48474762819952,42.517784,-0.03303649045282242,0
BK0801,Prospect Heights,Brooklyn,2025-06,30.85688968637097,30.750755,0.10613437631237588,0
BK0801,Prospect Heights,Brooklyn,2025-07,29.629504681400174,29.537548,0.09195661621462747,0
BK0801,Prospect Heights,Brooklyn,2025-08,30.94302196742155,30.57438,0.3686410927877617,0
BK0801,Prospect Heights,Brooklyn,2025-09,36.95074857069964,37.393665,-0.44291674302106543,0
BK0801,Prospect Heights,Brooklyn,2025-10,36.584686376234664,36.919662,-0.33497609935127315,0
BK0802,Crown Heights (North),Brooklyn,2022-03,32.34064267297531,32.316254,0.024389010865931482,0
BK0802,Crown Heights (North),Brooklyn,2022-04,30.331662433850163,30.701372,-0.3697097127562827,0
BK0802,Crown Heights (North),Brooklyn,2022-05,42.44463152269292,42.883087,-0.43845563551020206,0
BK0802,Crown Heights (North),Brooklyn,2022-06,29.701394123536392,29.992208,-0.29081435729856864,0
BK0802,Crown Heights (North),Brooklyn,2022-07,27.1212332281894,27.408003,-0.2867696252041547,0
BK0802,Crown Heights (North),Brooklyn,2022-08,25.762217184075332,26.110422,-0.3482049503240816,0
BK0802,Crown Heights (North),Brooklyn,2022-09,35.984381341976786,35.90555,0.0788332462736605,0
BK0802,Crown Heights (North),Brooklyn,2022-10,40.69169778463275,40.68268,0.009019561976501222,0
BK0802,Crown Heights (North),Brooklyn,2023-03,32.16337971069956,32.208733,-0.04535289428091005,0
BK0802,Crown Heights (North),Brooklyn,2023-04,37.697923310642345,37.69351,0.0044151624489856545,0
BK0802,Crown Heights (North),Brooklyn,2023-05,38.032753350496534,37.53688,0.495872857332472,0
BK0802,Crown Heights (North),Brooklyn,2023-06,34.66475706725733,34.79666,-0.13190430969579836,0
BK0802,Crown Heights (North),Brooklyn,2023-07,28.401465733514243,28.803232,-0.401766459478921,0
BK0802,Crown Heights (North),Brooklyn,2023-08,28.539336926395386,28.72417,-0.18483375841906735,0
BK0802,Crown Heights (North),Brooklyn,2023-09,34.52688587437619,34.750782,-0.22389613856326207,0
BK0802,Crown Heights (North),Brooklyn,2023-10,39.98264593552976,39.931293,0.05135244798093197,0
BK0802,Crown Heights (North),Brooklyn,2024-03,30.29227066445555,30.694376,-0.4021053273657387,0
BK0802,Crown Heights (North),Brooklyn,2024-04,32.22246736479147,32.44795,-0.22548109101907698,0
BK0802,Crown Heights (North),Brooklyn,2024-05,37.973665696404616,38.034855,-0.061189192511399426,0
BK0802,Crown Heights (North),Brooklyn,2024-06,27.692413884411252,28.171778,-0.4793638408084746,0
BK0802,Crown Heights (North),Brooklyn,2024-07,26.27431018620527,26.65279,-0.3784798833748084,0
BK0802,Crown Heights (North),Brooklyn,2024-08,28.02724392426544,28.461216,-0.4339720486349492,0
BK0802,Crown Heights (North),Brooklyn,2024-09,34.96019533771691,34.98982,-0.029623235281135862,0
BK0802,Crown Heights (North),Brooklyn,2024-10,36.12225253485792,36.16721,-0.044957090386219534,0
BK0802,Crown Heights (North),Brooklyn,2025-03,30.686188358401655,31.113005,-0.4268163260465876,0
BK0802,Crown Heights (North),Brooklyn,2025-04,35.13745829999266,35.01673,0.12072703778562754,0
BK0802,Crown Heights (North),Brooklyn,2025-05,38.859980507783355,38.77652,0.08346073239273011,0
BK0802,Crown Heights (North),Brooklyn,2025-06,28.224202771238495,28.530993,-0.306789736696075,0
BK0802,Crown Heights (North),Brooklyn,2025-07,27.101537343492097,27.298958,-0.19742048121493383,0
BK0802,Crown Heights (North),Brooklyn,2025-08,28.302986310027716,28.34455,-0.041562869049432294,0
BK0802,Crown Heights (North),Brooklyn,2025-09,33.798138140575894,33.800972,-0.0028338442873874214,0
BK0802,Crown Heights (North),Brooklyn,2025-10,33.463308100721704,33.665672,-0.2023642015243894,0
BK0901,Crown Heights (South),Brooklyn,2022-03,34.93037385837829,34.890045,0.04032869236266379,0
BK0901,Crown Heights (South),Brooklyn,2022-04,32.76052115828415,32.785816,-0.025295034342804,0
BK0901,Crown Heights (South),Brooklyn,2022-05,45.843456555910606,44.791847,1.0516093269067,0
BK0901,Crown Heights (South),Brooklyn,2022-06,32.07978305629383,31.900768,0.17901477626453044,0
BK0901,Crown Heights (South),Brooklyn,2022-07,29.293011451270953,29.510857,-0.2178451771470158,0
BK0901,Crown Heights (South),Brooklyn,2022-08,27.82516991885433,28.04807,-0.222900988738445,0
BK0901,Crown Heights (South),Brooklyn,2022-09,38.86589101050983,38.340992,0.5248990366328741,0
BK0901,Crown Heights (South),Brooklyn,2022-10,43.95015370975003,43.249367,0.700786949496127,0
BK0901,Crown Heights (South),Brooklyn,2023-03,34.73891626719352,34.652744,0.08617197398062615,0
BK0901,Crown Heights (South),Brooklyn,2023-04,40.71664772529601,40.023216,0.6934314777374198,0
BK0901,Crown Heights (South),Brooklyn,2023-05,41.07828984197837,40.49161,0.5866783612654771,0
BK0901,Crown Heights (South),Brooklyn,2023-06,37.44059560946759,37.2962,0.14439581088360853,0
BK0901,Crown Heights (South),Brooklyn,2023-07,30.67576072093879,30.667982,0.007778619498360229,0
BK0901,Crown Heights (South),Brooklyn,2023-08,30.824672180749175,30.775171,0.04950090084194869,0
BK0901,Crown Heights (South),Brooklyn,2023-09,37.291684149657215,37.054943,0.2367410649404178,0
BK0901,Crown Heights (South),Brooklyn,2023-10,43.18432334501092,42.524036,0.6602869375402136,0
BK0901,Crown Heights (South),Brooklyn,2024-03,32.71797502690975,32.62036,0.09761369878474824,0
BK0901,Crown Heights (South),Brooklyn,2024-04,34.80273546425511,34.525272,0.2774630948703418,0
BK0901,Crown Heights (South),Brooklyn,2024-05,41.01447064491678,40.352486,0.6619849881784958,0
BK0901,Crown Heights (South),Brooklyn,2024-06,29.90993035619968,29.8258,0.08413041418307898,0
BK0901,Crown Heights (South),Brooklyn,2024-07,28.378269626721465,28.790995,-0.4127250174435737,0
BK0901,Crown Heights (South),Brooklyn,2024-08,30.27157247288204,30.34611,-0.07453691737675072,0
BK0901,Crown Heights (South),Brooklyn,2024-09,37.75969159477556,37.694687,0.06500470512712297,0
BK0901,Crown Heights (South),Brooklyn,2024-10,39.01480247032021,38.6116,0.40320350181435316,0
BK0901,Crown Heights (South),Brooklyn,2025-03,33.1434363406537,33.266247,-0.12281045500059662,0
BK0901,Crown Heights (South),Brooklyn,2025-04,37.95114918596033,37.827183,0.12396641618494186,0
BK0901,Crown Heights (South),Brooklyn,2025-05,41.971758600840666,41.34718,0.6245791879988687,0
BK0901,Crown Heights (South),Brooklyn,2025-06,30.484303129754014,30.372183,0.11212028368467841,0
BK0901,Crown Heights (South),Brooklyn,2025-07,29.271738385583756,29.375448,-0.10370984134495487,0
BK0901,Crown Heights (South),Brooklyn,2025-08,30.569395392502805,30.308434,0.2609618597879617,0
BK0901,Crown Heights (South),Brooklyn,2025-09,36.50458071923091,36.259613,0.24496768212153341,0
BK0901,Crown Heights (South),Brooklyn,2025-10,36.14293860254855,36.192436,-0.04949761571317168,0
BK0902,Prospect Lefferts Gardens-Wingate,Brooklyn,2022-03,32.86815312499232,32.95969,-0.0915369690018224,0
BK0902,Prospect Lefferts Gardens-Wingate,Brooklyn,2022-04,30.82640427069925,30.657349,0.16905563788674982,0
BK0902,Prospect Lefferts Gardens-Wingate,Brooklyn,2022-05,43.136948833348626,42.3086,0.8283474539540947,0
BK0902,Prospect Lefferts Gardens-Wingate,Brooklyn,2022-06,30.185855610528876,29.912256,0.273599369684149,0
BK0902,Prospect Lefferts Gardens-Wingate,Brooklyn,2022-07,27.56360953295641,27.343979,0.21963065112047175,0
BK0902,Prospect Lefferts Gardens-Wingate,Brooklyn,2022-08,26.18242648446404,26.195223,-0.012796370150216063,0
BK0902,Prospect Lefferts Gardens-Wingate,Brooklyn,2022-09,36.57132506660229,36.55943,0.011895897901119667,0
BK0902,Prospect Lefferts Gardens-Wingate,Brooklyn,2022-10,41.355422872249775,40.910057,0.4453658043786817,0
BK0902,Prospect Lefferts Gardens-Wingate,Brooklyn,2023-03,32.6879988143194,32.898552,-0.21055312659856895,0
BK0902,Prospect Lefferts Gardens-Wingate,Brooklyn,2023-04,38.312816736440496,38.021152,0.2916642401026053,0
BK0902,Prospect Lefferts Gardens-Wingate,Brooklyn,2023-05,38.653108212156006,38.192963,0.4601455656716311,0
BK0902,Prospect Lefferts Gardens-Wingate,Brooklyn,2023-06,35.23017630937057,34.67491,0.5552648103471327,0
BK0902,Prospect Lefferts Gardens-Wingate,Brooklyn,2023-07,28.86472399892748,28.640627,0.22409709157884805,0
BK0902,Prospect Lefferts Gardens-Wingate,Brooklyn,2023-08,29.00484401833975,28.956852,0.04799205911123394,0
BK0902,Prospect Lefferts Gardens-Wingate,Brooklyn,2023-09,35.090056289958305,34.942234,0.14782225065166443,0
BK0902,Prospect Lefferts Gardens-Wingate,Brooklyn,2023-10,40.6348056295581,40.042416,0.5923900106616173,0
BK0902,Prospect Lefferts Gardens-Wingate,Brooklyn,2024-03,30.786369979438604,31.153349,-0.36697894329088854,0
BK0902,Prospect Lefferts Gardens-Wingate,Brooklyn,2024-04,32.74805025121037,32.846676,-0.09862562159236177,0
BK0902,Prospect Lefferts Gardens-Wingate,Brooklyn,2024-05,38.59305677526503,38.575092,0.017964459591205184,0
BK0902,Prospect Lefferts Gardens-Wingate,Brooklyn,2024-06,28.14410675623581,28.270952,-0.1268454684956346,0
BK0902,Prospect Lefferts Gardens-Wingate,Brooklyn,2024-07,26.702872270852467,26.712252,-0.009379392355540972,0
BK0902,Prospect Lefferts Gardens-Wingate,Brooklyn,2024-08,28.48439823195132,28.538784,-0.05438579514828845,0
BK0902,Prospect Lefferts Gardens-Wingate,Brooklyn,2024-09,35.530433493825434,35.304317,0.22611601946019988,0
BK0902,Prospect Lefferts Gardens-Wingate,Brooklyn,2024-10,36.71144508601456,36.590782,0.12066292048721294,0
BK0902,Prospect Lefferts Gardens-Wingate,Brooklyn,2025-03,31.186712892045087,31.290808,-0.10409483195393676,0
BK0902,Prospect Lefferts Gardens-Wingate,Brooklyn,2025-04,35.71058780449835,35.7834,-0.07281368475945982,0
BK0902,Prospect Lefferts Gardens-Wingate,Brooklyn,2025-05,39.493828328629625,39.086487,0.40734151222337545,0
BK0902,Prospect Lefferts Gardens-Wingate,Brooklyn,2025-06,28.68456968825456,28.662094,0.022475572043621384,0
BK0902,Prospect Lefferts Gardens-Wingate,Brooklyn,2025-07,27.543592387326083,27.48835,0.055242472775301366,0
BK0902,Prospect Lefferts Gardens-Wingate,Brooklyn,2025-08,28.76463827077586,28.797432,-0.03279367502492292,0
BK0902,Prospect Lefferts Gardens-Wingate,Brooklyn,2025-09,34.349421901636305,34.409,-0.059578495092210915,0
BK0902,Prospect Lefferts Gardens-Wingate,Brooklyn,2025-10,34.009130425920794,33.800175,0.20895571278602887,0
BK1001,Bay Ridge,Brooklyn,2022-03,33.46847711379898,33.159584,0.30889306838882646,0
BK1001,Bay Ridge,Brooklyn,2022-04,31.38943651355081,30.477053,0.9123838249521761,0
BK1001,Bay Ridge,Brooklyn,2022-05,43.92482836798831,43.61472,0.31010897711917096,0
BK1001,Bay Ridge,Brooklyn,2022-06,30.737188482100404,30.823465,-0.08627686518963529,0
BK1001,Bay Ridge,Brooklyn,2022-07,28.067048103350302,27.901848,0.16520026399483356,0
BK1001,Bay Ridge,Brooklyn,2022-08,26.660638285535363,26.99143,-0.33079199705741047,0
BK1001,Bay Ridge,Brooklyn,2022-09,37.23928604562164,37.176254,0.06303177316070219,0
BK1001,Bay Ridge,Brooklyn,2022-10,42.11076353051686,41.37832,0.7324447438957691,0
BK1001,Bay Ridge,Brooklyn,2023-03,33.28503235495355,32.633453,0.6515789858129253,0
BK1001,Bay Ridge,Brooklyn,2023-04,39.01258538112744,38.603516,0.4090697561274368,0
BK1001,Bay Ridge,Brooklyn,2023-05,39.35909214783546,38.39922,0.9598726348960085,0
BK1001,Bay Ridge,Brooklyn,2023-06,35.87364172977235,35.575558,0.2980840210321176,0
BK1001,Bay Ridge,Brooklyn,2023-07,29.391926917233945,28.9445,0.4474269477515236,0
BK1001,Bay Ridge,Brooklyn,2023-08,29.534606174113716,29.097507,0.43709869730707496,0
BK1001,Bay Ridge,Brooklyn,2023-09,35.73096247289258,35.36765,0.3633133945234377,0
BK1001,Bay Ridge,Brooklyn,2023-10,41.37698449513516,41.16419,0.2127961101253959,0
BK1001,Bay Ridge,Brooklyn,2024-03,31.34867101158516,31.70284,-0.35416979346855015,0
BK1001,Bay Ridge,Brooklyn,2024-04,33.34618060790203,33.2445,0.10168140135905901,0
BK1001,Bay Ridge,Brooklyn,2024-05,39.29794389488699,39.883945,-0.5860015702008994,0
BK1001,Bay Ridge,Brooklyn,2024-06,28.658147881852233,29.06465,-0.4065017000569462,0
BK1001,Bay Ridge,Brooklyn,2024-07,27.19058981108882,27.870909,-0.680318926093797,0
BK1001,Bay Ridge,Brooklyn,2024-08,29.004654648560265,29.459066,-0.4544117424309455,0
BK1001,Bay Ridge,Brooklyn,2024-09,36.17938299451473,36.243,-0.06361703600284585,0
BK1001,Bay Ridge,Brooklyn,2024-10,37.38196530250142,37.866116,-0.4841502675669389,0
BK1001,Bay Ridge,Brooklyn,2025-03,31.756326031241663,32.355137,-0.5988108400962275,0
BK1001,Bay Ridge,Brooklyn,2025-04,36.36282775336016,36.611782,-0.24895432061445177,0
BK1001,Bay Ridge,Brooklyn,2025-05,40.215167689114125,40.30206,-0.08689148446985939,0
BK1001,Bay Ridge,Brooklyn,2025-06,29.208482158388513,28.997849,0.21063364764632553,0
BK1001,Bay Ridge,Brooklyn,2025-07,28.046665352367476,28.432312,-0.3856466593512735,0
BK1001,Bay Ridge,Brooklyn,2025-08,29.290013162319813,28.859873,0.4301403443266487,0
BK1001,Bay Ridge,Brooklyn,2025-09,34.976800686528044,34.194195,0.7826058928268722,0
BK1001,Bay Ridge,Brooklyn,2025-10,34.63029391982002,34.84391,-0.213616297465137,0
BK1002,Dyker Heights,Brooklyn,2022-03,32.17680319915885,31.880287,0.296516028748691,0
BK1002,Dyker Heights,Brooklyn,2022-04,30.178000564375537,29.959124,0.21887695292534204,0
BK1002,Dyker Heights,Brooklyn,2022-05,42.229604685863166,41.475613,0.7539920454823061,0
BK1002,Dyker Heights,Brooklyn,2022-06,29.550925227972925,29.451027,0.09989831146901906,0
BK1002,Dyker Heights,Brooklyn,2022-07,26.983835569574747,26.834677,0.14915882702103644,0
BK1002,Dyker Heights,Brooklyn,2022-08,25.63170437545662,25.642654,-0.010950043488691108,0
BK1002,Dyker Heights,Brooklyn,2022-09,35.80208248773643,35.48591,0.3161739794356464,0
BK1002,Dyker Heights,Brooklyn,2022-10,40.48555140649341,39.767033,0.7185187832023914,0
BK1002,Dyker Heights,Brooklyn,2023-03,32.00043826079561,31.774155,0.2262835977096742,0
BK1002,Dyker Heights,Brooklyn,2023-04,37.50694355858102,37.346832,0.16011128319039614,0
BK1002,Dyker Heights,Brooklyn,2023-05,37.8400773310449,37.31848,0.5215958857324026,0
BK1002,Dyker Heights,Brooklyn,2023-06,34.48914350214346,34.219707,0.26943601312979126,0
BK1002,Dyker Heights,Brooklyn,2023-07,28.257582346642543,28.222921,0.034660975182582376,0
BK1002,Dyker Heights,Brooklyn,2023-08,28.394755076480617,28.220577,0.174177836490383,0
BK1002,Dyker Heights,Brooklyn,2023-09,34.35197077230539,34.095356,0.2566147847565645,0
BK1002,Dyker Heights,Brooklyn,2023-10,39.78009165304048,39.366734,0.4133581020150885,0
BK1002,Dyker Heights,Brooklyn,2024-03,30.13880835585037,30.099913,0.03889571241775158,0
BK1002,Dyker Heights,Brooklyn,2024-04,32.05922657358336,32.23512,-0.17589229238343762,0
BK1002,Dyker Heights,Brooklyn,2024-05,37.78128901825716,37.610413,0.17087642060091213,0
BK1002,Dyker Heights,Brooklyn,2024-06,27.552122593189612,27.569946,-0.017823695872888123,0
BK1002,Dyker Heights,Brooklyn,2024-07,26.141203086283745,25.95639,0.18481270542437045,0
BK1002,Dyker Heights,Brooklyn,2024-08,27.885256365653497,28.107891,-0.22263471711017502,0
BK1002,Dyker Heights,Brooklyn,2024-09,34.78308506608219,34.70894,0.07414646744937414,0
BK1002,Dyker Heights,Brooklyn,2024-10,35.9392552175745,35.496246,0.44300887968387315,0
BK1002,Dyker Heights,Brooklyn,2025-03,30.530730441102,30.455593,0.07513733197114192,0
BK1002,Dyker Heights,Brooklyn,2025-04,34.95945000444542,34.661346,0.29810356889854717,0
BK1002,Dyker Heights,Brooklyn,2025-05,38.66311371007333,37.88535,0.777764436391692,0
BK1002,Dyker Heights,Brooklyn,2025-06,28.08121740827931,27.911192,0.17002546797169416,0
BK1002,Dyker Heights,Brooklyn,2025-07,26.964239465312165,26.969774,-0.005534780903655445,0
BK1002,Dyker Heights,Brooklyn,2025-08,28.15960182532964,28.06869,0.09091247901616484,0
BK1002,Dyker Heights,Brooklyn,2025-09,33.62691491458988,33.469627,0.1572875342187885,0
BK1002,Dyker Heights,Brooklyn,2025-10,33.293781142125994,33.231503,0.062278609167009336,0
BK1101,Bensonhurst,Brooklyn,2022-03,20.533128861412777,20.176119,0.35701001070476934,0
BK1101,Bensonhurst,Brooklyn,2022-04,19.25762390169042,18.717443,0.5401804355038955,0
BK1101,Bensonhurst,Brooklyn,2022-05,26.948168511781077,27.429604,-0.4814350648790793,0
BK1101,Bensonhurst,Brooklyn,2022-06,18.857465482954,18.744064,0.1134011518993141,0
BK1101,Bensonhurst,Brooklyn,2022-07,17.21931695625176,17.204865,0.01445245429863462,0
BK1101,Bensonhurst,Brooklyn,2022-08,16.356475365851345,16.502436,-0.14596031835275625,0
BK1101,Bensonhurst,Brooklyn,2022-09,22.846544719732726,23.20166,-0.3551154365172735,0
BK1101,Bensonhurst,Brooklyn,2022-10,25.83522790967039,26.216776,-0.3815479844946488,0
BK1101,Bensonhurst,Brooklyn,2023-03,20.420584306143155,20.17053,0.25005398692928793,0
BK1101,Bensonhurst,Brooklyn,2023-04,23.93447542067238,23.916113,0.01836252089210788,0
BK1101,Bensonhurst,Brooklyn,2023-05,24.147059580626102,24.493048,-0.3459881336072961,0
BK1101,Bensonhurst,Brooklyn,2023-06,22.008713030503337,22.351501,-0.34278843434041306,0
BK1101,Bensonhurst,Brooklyn,2023-07,18.03213874431012,17.787008,0.24513045878765993,0
BK1101,Bensonhurst,Brooklyn,2023-08,18.119673398408715,17.815178,0.30449548092824585,0
BK1101,Bensonhurst,Brooklyn,2023-09,21.921178376404747,22.347647,-0.4264683368520892,0
BK1101,Bensonhurst,Brooklyn,2023-10,25.38504968859192,26.065483,-0.6804334046697988,0
BK1101,Bensonhurst,Brooklyn,2024-03,19.23261400051939,18.979208,0.2534060079656797,0
BK1101,Bensonhurst,Brooklyn,2024-04,20.458099157899692,20.164,0.29409960040457506,0
BK1101,Bensonhurst,Brooklyn,2024-05,24.109544728869565,24.457829,-0.3482837928589504,0
BK1101,Bensonhurst,Brooklyn,2024-06,17.581960523231643,17.327648,0.2543123603898465,0
BK1101,Bensonhurst,Brooklyn,2024-07,16.68160408107469,16.589554,0.0920502480668759,0
BK1101,Bensonhurst,Brooklyn,2024-08,17.794544683185368,17.537502,0.2570423943670086,0
BK1101,Bensonhurst,Brooklyn,2024-09,22.196287289286037,22.42747,-0.23118196425400228,0
BK1101,Bensonhurst,Brooklyn,2024-10,22.93407937383132,22.711311,0.22276803349928898,0
BK1101,Bensonhurst,Brooklyn,2025-03,19.48271301222966,19.202084,0.2806294245831751,0
BK1101,Bensonhurst,Brooklyn,2025-04,22.308831844555655,22.551298,-0.24246629692383692,0
BK1101,Bensonhurst,Brooklyn,2025-05,24.67226750521766,25.397238,-0.7249702724922997,0
BK1101,Bensonhurst,Brooklyn,2025-06,17.919594189040502,17.545153,0.3744415248559321,0
BK1101,Bensonhurst,Brooklyn,2025-07,17.206812005666247,17.44702,-0.24020757136011994,0
BK1101,Bensonhurst,Brooklyn,2025-08,17.969613991382555,17.67431,0.2953033071784539,0
BK1101,Bensonhurst,Brooklyn,2025-09,21.458495204740753,21.765892,-0.3073968240678404,0
BK1101,Bensonhurst,Brooklyn,2025-10,21.24591104478703,21.352884,-0.10697324781551032,0
BK1102,Bath Beach,Brooklyn,2022-03,35.66680398281853,35.759727,-0.09292349520881515,0
BK1102,Bath Beach,Brooklyn,2022-04,33.4512047098298,33.55794,-0.10673672693777547,0
BK1102,Bath Beach,Brooklyn,2022-05,46.80996503226183,46.369694,0.4402712761583132,0
BK1102,Bath Beach,Brooklyn,2022-06,32.756114741833336,33.11024,-0.3541261944459606,0
BK1102,Bath Beach,Brooklyn,2022-07,29.910590185347814,29.542868,0.3677225248253535,0
BK1102,Bath Beach,Brooklyn,2022-08,28.411802441855443,28.706264,-0.2944620539941667,0
BK1102,Bath Beach,Brooklyn,2022-09,39.68529286029808,39.090763,0.5945297682570612,0
BK1102,Bath Beach,Brooklyn,2022-10,44.876746058771666,44.694088,0.18265807659393118,0
BK1102,Bath Beach,Brooklyn,2023-03,35.471309929319524,35.845776,-0.3744656749285227,0
BK1102,Bath Beach,Brooklyn,2023-04,41.575068710788464,41.519638,0.05543064926502694,0
BK1102,Bath Beach,Brooklyn,2023-05,41.944335256286585,41.455975,0.48836067742916356,0
BK1102,Bath Beach,Brooklyn,2023-06,38.22994823980549,38.3338,-0.10385302972576227,0
BK1102,Bath Beach,Brooklyn,2023-07,31.32249168284063,31.08365,0.23884109385137364,0
BK1102,Bath Beach,Brooklyn,2023-08,31.474542613339857,31.542933,-0.06838989703611986,0
BK1102,Bath Beach,Brooklyn,2023-09,38.07789730930626,37.754887,0.3230106821089933,0
BK1102,Bath Beach,Brooklyn,2023-10,44.09476984477565,43.523685,0.5710843894533824,0
BK1102,Bath Beach,Brooklyn,2024-03,33.40776158683002,33.524464,-0.11670206673443317,0
BK1102,Bath Beach,Brooklyn,2024-04,35.53647461381919,35.549187,-0.012712092723781154,0
BK1102,Bath Beach,Brooklyn,2024-05,41.87917057178692,41.993664,-0.11449321605487484,0
BK1102,Bath Beach,Brooklyn,2024-06,30.54051546884461,30.531456,0.009059475192266575,0
BK1102,Bath Beach,Brooklyn,2024-07,28.976563040852568,29.035254,-0.05869048392770537,0
BK1102,Bath Beach,Brooklyn,2024-08,30.90978201434273,31.096153,-0.18637124493461243,0
BK1102,Bath Beach,Brooklyn,2024-09,38.555771662303826,38.41987,0.13590319306554477,0
BK1102,Bath Beach,Brooklyn,2024-10,39.837343790797306,40.496605,-0.6592611286362882,0
BK1102,Bath Beach,Brooklyn,2025-03,33.84219281682781,34.07124,-0.22904665460773543,0
BK1102,Bath Beach,Brooklyn,2025-04,38.75126571580283,38.949482,-0.1982162483084977,0
BK1102,Bath Beach,Brooklyn,2025-05,42.856640839281944,42.62672,0.22992041081514714,0
BK1102,Bath Beach,Brooklyn,2025-06,31.126997629341627,31.307705,-0.18070729619548231,0
BK1102,Bath Beach,Brooklyn,2025-07,29.888868623847927,29.893105,-0.004235929374729608,0
BK1102,Bath Beach,Brooklyn,2025-08,31.213883875341185,31.178255,0.035628794164427546,0
BK1102,Bath Beach,Brooklyn,2025-09,37.27419953381035,36.750404,0.5237951759001902,0
BK1102,Bath Beach,Brooklyn,2025-10,36.904932988312225,37.256138,-0.35120485958816516,0
BK1103,Gravesend (West),Brooklyn,2022-03,22.33709415302027,22.422934,-0.08583942547094026,0
BK1103,Gravesend (West),Brooklyn,2022-04,20.949528011967857,20.659985,0.28954342334481,0
BK1103,Gravesend (West),Brooklyn,2022-05,29.31573562713684,30.35923,-1.0434944143670677,0
BK1103,Gravesend (West),Brooklyn,2022-06,20.514213144186705,20.32136,0.192853509787291,0
BK1103,Gravesend (West),Brooklyn,2022-07,18.73214290420762,18.984797,-0.25265361984023116,0
BK1103,Gravesend (West),Brooklyn,2022-08,17.793495220554515,18.095507,-0.30201144753630516,0
BK1103,Gravesend (West),Brooklyn,2022-09,24.85375823238005,25.13749,-0.2837310864676077,0
BK1103,Gravesend (West),Brooklyn,2022-10,28.105016151120513,28.745035,-0.6400190203882765,0
BK1103,Gravesend (West),Brooklyn,2023-03,22.214661846456824,22.292501,-0.07783960312813676,0
BK1103,Gravesend (West),Brooklyn,2023-04,26.03727052916005,26.054325,-0.017054574599715266,0
BK1103,Gravesend (West),Brooklyn,2023-05,26.268531552668787,26.430906,-0.1623747431075806,0
BK1103,Gravesend (West),Brooklyn,2023-06,23.942317727963264,24.037024,-0.09470581634825948,0
BK1103,Gravesend (West),Brooklyn,2023-07,19.616376229388084,19.724873,-0.10849635972324378,0
BK1103,Gravesend (West),Brooklyn,2023-08,19.71160135671521,19.60157,0.11003122732067894,0
BK1103,Gravesend (West),Brooklyn,2023-09,23.847092600636135,23.635202,0.2118901927992205,0
BK1103,Gravesend (West),Brooklyn,2023-10,27.61528692486672,28.093168,-0.47788133380027276,0
BK1103,Gravesend (West),Brooklyn,2024-03,20.922320832731533,20.716822,0.20549916219930608,0
BK1103,Gravesend (West),Brooklyn,2024-04,22.255472615311305,22.379402,-0.12392954533322609,0
BK1103,Gravesend (West),Brooklyn,2024-05,26.227720783814306,26.479385,-0.2516645921622569,0
BK1103,Gravesend (West),Brooklyn,2024-06,19.126647003134288,19.099442,0.027205474813975172,0
BK1103,Gravesend (West),Brooklyn,2024-07,18.1471885506267,18.210007,-0.06281816324048606,0
BK1103,Gravesend (West),Brooklyn,2024-08,19.357908026643024,19.411287,-0.05337928109623391,0
BK1103,Gravesend (West),Brooklyn,2024-09,24.14637157223568,24.683249,-0.5368769476617814,0
BK1103,Gravesend (West),Brooklyn,2024-10,24.948983359707174,25.1011,-0.15211756192368497,0
BK1103,Gravesend (West),Brooklyn,2025-03,21.194392625094753,21.328634,-0.13424163699020752,0
BK1103,Gravesend (West),Brooklyn,2025-04,24.26880387879913,24.41248,-0.14367552183563603,0
BK1103,Gravesend (West),Brooklyn,2025-05,26.839882316631545,27.227247,-0.38736492152763446,0
BK1103,Gravesend (West),Brooklyn,2025-06,19.49394392282463,19.40311,0.09083341867424011,0
BK1103,Gravesend (West),Brooklyn,2025-07,18.71853931458946,19.223274,-0.5047349163675712,0
BK1103,Gravesend (West),Brooklyn,2025-08,19.54835828129728,19.4915,0.05685742680509165,0
BK1103,Gravesend (West),Brooklyn,2025-09,23.34375978476418,23.224396,0.11936403281105612,0
BK1103,Gravesend (West),Brooklyn,2025-10,23.112498761255445,23.009975,0.10252332790583552,0
BK1201,Sunset Park (East)-Borough Park (West),Brooklyn,2022-03,31.444340132196004,31.661983,-0.2176433577942305,0
BK1201,Sunset Park (East)-Borough Park (West),Brooklyn,2022-04,29.49103763920941,29.633034,-0.1419961132319969,0
BK1201,Sunset Park (East)-Borough Park (West),Brooklyn,2022-05,41.26830267045213,41.459972,-0.19166971113966724,0
BK1201,Sunset Park (East)-Borough Park (West),Brooklyn,2022-06,28.878236857095967,28.968843,-0.09060660298704093,0
BK1201,Sunset Park (East)-Borough Park (West),Brooklyn,2022-07,26.36958365531906,26.115984,0.25359969230636636,0
BK1201,Sunset Park (East)-Borough Park (West),Brooklyn,2022-08,25.048231968886952,24.863556,0.18467606068382736,0
BK1201,Sunset Park (East)-Borough Park (West),Brooklyn,2022-09,34.98709465378934,34.6439,0.3431928288381698,0
BK1201,Sunset Park (East)-Borough Park (West),Brooklyn,2022-10,39.56395049519912,39.296585,0.26736541219131027,0
BK1201,Sunset Park (East)-Borough Park (West),Brooklyn,2023-03,31.2719899122266,31.582928,-0.31093779163082047,0
BK1201,Sunset Park (East)-Borough Park (West),Brooklyn,2023-04,36.65314678016026,36.73518,-0.08203312096278381,0
BK1201,Sunset Park (East)-Borough Park (West),Brooklyn,2023-05,36.97869719565803,36.78954,0.1891578584998257,0
BK1201,Sunset Park (East)-Borough Park (West),Brooklyn,2023-06,33.704043016239325,34.155464,-0.4514211561239563,0
BK1201,Sunset Park (East)-Borough Park (West),Brooklyn,2023-07,27.61433524398699,27.243044,0.37129134445085654,0
BK1201,Sunset Park (East)-Borough Park (West),Brooklyn,2023-08,27.748385415074303,27.420012,0.3283738946885606,0
BK1201,Sunset Park (East)-Borough Park (West),Brooklyn,2023-09,33.56999284515201,33.16253,0.40746385345278924,0
BK1201,Sunset Park (East)-Borough Park (West),Brooklyn,2023-10,38.87454961532149,38.65925,0.2153012632707103,0
BK1201,Sunset Park (East)-Borough Park (West),Brooklyn,2024-03,29.452737590327317,29.513952,-0.061214664921706685,0
BK1201,Sunset Park (East)-Borough Park (West),Brooklyn,2024-04,31.329439985549733,31.482107,-0.15266717692585274,0
BK1201,Sunset Park (East)-Borough Park (West),Brooklyn,2024-05,36.9212471223349,36.760464,0.16078340773528765,0
BK1201,Sunset Park (East)-Borough Park (West),Brooklyn,2024-06,26.92493436410937,26.57486,0.3500747449687438,0
BK1201,Sunset Park (East)-Borough Park (West),Brooklyn,2024-07,25.546132604354124,25.40782,0.13831285642931945,0
BK1201,Sunset Park (East)-Borough Park (West),Brooklyn,2024-08,27.250484779607135,27.052597,0.19788773370869706,0
BK1201,Sunset Park (East)-Borough Park (West),Brooklyn,2024-09,33.991293382855,34.092625,-0.1013312814516425,0
BK1201,Sunset Park (East)-Borough Park (West),Brooklyn,2024-10,35.12114482487666,35.682003,-0.5608581963635757,0
BK1201,Sunset Park (East)-Borough Park (West),Brooklyn,2025-03,29.835738079148214,29.75876,0.07697762687770648,0
BK1201,Sunset Park (East)-Borough Park (West),Brooklyn,2025-04,34.16364360282441,34.246895,-0.08325123360137354,0
BK1201,Sunset Park (East)-Borough Park (West),Brooklyn,2025-05,37.78299822218192,38.19459,-0.41159330003488037,0
BK1201,Sunset Park (East)-Borough Park (West),Brooklyn,2025-06,27.441985024017587,27.142155,0.29983033041407126,0
BK1201,Sunset Park (East)-Borough Park (West),Brooklyn,2025-07,26.350433630878015,26.224308,0.12612561696199975,0
BK1201,Sunset Park (East)-Borough Park (West),Brooklyn,2025-08,27.518585121781765,27.010056,0.5085295797895775,0
BK1201,Sunset Park (East)-Borough Park (West),Brooklyn,2025-09,32.86144194083334,32.749493,0.11194929556966571,0
BK1201,Sunset Park (East)-Borough Park (West),Brooklyn,2025-10,32.53589152533557,32.91973,-0.3838396148011469,0
BK1202,Borough Park,Brooklyn,2022-03,20.129715180120485,20.381765,-0.25205018548010116,0
BK1202,Borough Park,Brooklyn,2022-04,18.8792700227683,18.812555,0.06671470965794768,0
BK1202,Borough Park,Brooklyn,2022-05,26.41871876562707,27.179482,-0.7607627407205868,0
BK1202,Borough Park,Brooklyn,2022-06,18.48697350281467,18.437836,0.04913780945529567,0
BK1202,Borough Park,Brooklyn,2022-07,16.881009624254514,16.41139,0.4696193196890839,0
BK1202,Borough Park,Brooklyn,2022-08,16.035120253104505,15.851146,0.18397450878077493,0
BK1202,Borough Park,Brooklyn,2022-09,22.397679436102393,22.74122,-0.34354103814077064,0
BK1202,Borough Park,Brooklyn,2022-10,25.327644069506043,26.087719,-0.7600748941170039,0
BK1202,Borough Park,Brooklyn,2023-03,20.019381783883528,20.281538,-0.26215622576002673,0
BK1202,Borough Park,Brooklyn,2023-04,23.464235599726315,24.108393,-0.6441571157277863,0
BK1202,Borough Park,Brooklyn,2023-05,23.67264312595168,24.627514,-0.9548707595463668,0
BK1202,Borough Park,Brooklyn,2023-06,21.576308597449486,21.941105,-0.36479629146652925,0
BK1202,Borough Park,Brooklyn,2023-07,17.677861930410316,17.65588,0.021981956045081574,0
BK1202,Borough Park,Brooklyn,2023-08,17.763676794150175,17.893545,-0.12986835660666074,0
BK1202,Borough Park,Brooklyn,2023-09,21.49049373370963,21.699804,-0.20931057232064276,0
BK1202,Borough Park,Brooklyn,2023-10,24.886310484558216,25.527935,-0.6416245435179562,0
BK1202,Borough Park,Brooklyn,2024-03,18.8547514902712,18.802938,0.05181302896749074,0
BK1202,Borough Park,Brooklyn,2024-04,20.05615958262918,20.44569,-0.38953057240011546,0
BK1202,Borough Park,Brooklyn,2024-05,23.635865327206027,25.095377,-1.4595116411777624,0
BK1202,Borough Park,Brooklyn,2024-06,17.23652834546249,17.211958,0.024570413943934,0
BK1202,Borough Park,Brooklyn,2024-07,16.353861175566827,16.050598,0.30326303103557706,0
BK1202,Borough Park,Brooklyn,2024-08,17.44493587168785,17.336058,0.1088782087239828,0
BK1202,Borough Park,Brooklyn,2024-09,21.76019759117775,22.404388,-0.6441908365566249,0
BK1202,Borough Park,Brooklyn,2024-10,22.48349429984225,22.906223,-0.4227289972768915,0
BK1202,Borough Park,Brooklyn,2025-03,19.099936815242216,19.086475,0.0134614429277633,0
BK1202,Borough Park,Brooklyn,2025-04,21.870530987414707,22.35322,-0.48268899854720715,0
BK1202,Borough Park,Brooklyn,2025-05,24.187532308390814,25.827665,-1.640133020588678,0
BK1202,Borough Park,Brooklyn,2025-06,17.56752853417336,17.41812,0.14940910363136695,0
BK1202,Borough Park,Brooklyn,2025-07,16.86875035800596,16.866718,0.002032065769633107,0
BK1202,Borough Park,Brooklyn,2025-08,17.616565599167565,17.53548,0.0810850998999868,0
BK1202,Borough Park,Brooklyn,2025-09,21.036900882513248,21.269308,-0.2324072076967134,0
BK1202,Borough Park,Brooklyn,2025-10,20.828493356287886,20.893478,-0.06498503726680127,0
BK1203,Kensington,Brooklyn,2022-03,31.90935139686459,32.22376,-0.3144073006451755,0
BK1203,Kensington,Brooklyn,2022-04,29.927162698642793,30.356552,-0.42938942538064495,0
BK1203,Kensington,Brooklyn,2022-05,41.87859455556833,41.611904,0.2666904112812176,0
BK1203,Kensington,Brooklyn,2022-06,29.30529957763203,29.73608,-0.4307805920457035,0
BK1203,Kensington,Brooklyn,2022-07,26.75954742599424,27.05927,-0.2997234327704099,0
BK1203,Kensington,Brooklyn,2022-08,25.418655071314788,25.395092,0.0235630608167412,0
BK1203,Kensington,Brooklyn,2022-09,35.50449756520804,35.27729,0.22720722096975976,0
BK1203,Kensington,Brooklyn,2022-10,40.14903775025715,39.928665,0.220372589124338,0
BK1203,Kensington,Brooklyn,2023-03,31.73445239408031,32.006706,-0.27225384371265804,0
BK1203,Kensington,Brooklyn,2023-04,37.19518792545605,37.196453,-0.0012651690263751902,0
BK1203,Kensington,Brooklyn,2023-05,37.52555270849301,37.157494,0.36805911718441564,0
BK1203,Kensington,Brooklyn,2023-06,34.202471655591765,34.3526,-0.15012844206448506,0
BK1203,Kensington,Brooklyn,2023-07,28.022706890547344,27.925932,0.09677496000535157,0
BK1203,Kensington,Brooklyn,2023-08,28.15873944826845,27.970858,0.18788182802919096,0
BK1203,Kensington,Brooklyn,2023-09,34.06643909787066,33.637997,0.4284424242866791,0
BK1203,Kensington,Brooklyn,2023-10,39.44944173912005,38.988564,0.4608782015223909,0
BK1203,Kensington,Brooklyn,2024-03,29.88829625357962,30.088314,-0.20001780281686266,0
BK1203,Kensington,Brooklyn,2024-04,31.79275206167507,31.894821,-0.10206910531711699,0
BK1203,Kensington,Brooklyn,2024-05,37.46725304089825,37.49552,-0.028268504511906656,0
BK1203,Kensington,Brooklyn,2024-06,27.32311087941024,27.265322,0.0577891478428576,0
BK1203,Kensington,Brooklyn,2024-07,25.92391885713603,26.099644,-0.17572485013936046,0
BK1203,Kensington,Brooklyn,2024-08,27.653475662447207,27.741407,-0.08793173196197301,0
BK1203,Kensington,Brooklyn,2024-09,34.49396999356556,34.607292,-0.11332218172741193,0
BK1203,Kensington,Brooklyn,2024-10,35.64053012292914,36.120537,-0.4800066812700763,0
BK1203,Kensington,Brooklyn,2025-03,30.276960704211348,30.7271,-0.45013966810310535,0
BK1203,Kensington,Brooklyn,2025-04,34.668868996349836,34.907356,-0.23848726585719504,0
BK1203,Kensington,Brooklyn,2025-05,38.34174805481963,38.51204,-0.17029112975068017,0
BK1203,Kensington,Brooklyn,2025-06,27.847807887763068,27.849987,-0.0021791422662289506,0
BK1203,Kensington,Brooklyn,2025-07,26.740114203462653,26.835814,-0.09569931887621408,0
BK1203,Kensington,Brooklyn,2025-08,27.925540777889413,27.707777,0.21776375457398345,0
BK1203,Kensington,Brooklyn,2025-09,33.34740986420197,33.48514,-0.13773188994841945,0
BK1203,Kensington,Brooklyn,2025-10,33.017045081165,33.003082,0.013962805774376363,0
BK1204,Mapleton-Midwood (West),Brooklyn,2022-03,34.37650050621604,34.443893,-0.06739292640114769,0
BK1204,Mapleton-Midwood (West),Brooklyn,2022-04,32.24105406794927,32.109165,0.13188887629888058,0
BK1204,Mapleton-Midwood (West),Brooklyn,2022-05,45.1165399457342,44.320522,0.796017637384594,0
BK1204,Mapleton-Midwood (West),Brooklyn,2022-06,31.57111008731656,31.816317,-0.24520651729769938,0
BK1204,Mapleton-Midwood (West),Brooklyn,2022-07,28.82852691660139,28.52579,0.3027376557371326,0
BK1204,Mapleton-Midwood (West),Brooklyn,2022-08,27.383960208362108,27.40544,-0.021479168468946597,0
BK1204,Mapleton-Midwood (West),Brooklyn,2022-09,38.24961414424891,37.9457,0.3039125451278153,0
BK1204,Mapleton-Midwood (West),Brooklyn,2022-10,43.25325824959947,42.856796,0.39646198495103135,0
BK1204,Mapleton-Midwood (West),Brooklyn,2023-03,34.18807876166309,34.396687,-0.20860779229198556,0
BK1204,Mapleton-Midwood (West),Brooklyn,2023-04,40.07102434159409,39.533825,0.5371994209397926,0
BK1204,Mapleton-Midwood (West),Brooklyn,2023-05,40.42693208130522,39.0385,1.3884303418032644,0
BK1204,Mapleton-Midwood (West),Brooklyn,2023-06,36.84691893479916,36.145435,0.7014836015472099,0
BK1204,Mapleton-Midwood (West),Brooklyn,2023-07,30.18935062726159,30.182484,0.006866954165886341,0
BK1204,Mapleton-Midwood (West),Brooklyn,2023-08,30.335900873024993,30.069391,0.2665096224146417,0
BK1204,Mapleton-Midwood (West),Brooklyn,2023-09,36.70036868903576,36.30287,0.39749698493420027,0
BK1204,Mapleton-Midwood (West),Brooklyn,2023-10,42.49957127138767,41.199154,1.3004173712411884,0
BK1204,Mapleton-Midwood (West),Brooklyn,2024-03,32.199182569159724,32.492996,-0.2938136466605883,0
BK1204,Mapleton-Midwood (West),Brooklyn,2024-04,34.250886009847406,34.2872,-0.036314917886969056,0
BK1204,Mapleton-Midwood (West),Brooklyn,2024-05,40.364124833120904,40.049145,0.3149800882478573,0
BK1204,Mapleton-Midwood (West),Brooklyn,2024-06,29.435663649049783,29.269566,0.1660980667743921,0
BK1204,Mapleton-Midwood (West),Brooklyn,2024-07,27.928289692626187,27.511967,0.41632298730392137,0
BK1204,Mapleton-Midwood (West),Brooklyn,2024-08,29.79157138876092,29.953178,-0.16160701700079727,0
BK1204,Mapleton-Midwood (West),Brooklyn,2024-09,37.16095517572075,36.94711,0.21384595330864187,0
BK1204,Mapleton-Midwood (West),Brooklyn,2024-10,38.39616439001231,38.233475,0.1626896585669968,0
BK1204,Mapleton-Midwood (West),Brooklyn,2025-03,32.61789755705517,32.67611,-0.05821175690967095,0
BK1204,Mapleton-Midwood (West),Brooklyn,2025-04,37.3493769202737,37.190254,0.15912270884791724,0
BK1204,Mapleton-Midwood (West),Brooklyn,2025-05,41.306233555885655,40.725826,0.5804072924579202,0
BK1204,Mapleton-Midwood (West),Brooklyn,2025-06,30.00092888270864,29.843592,0.1573371926451621,0
BK1204,Mapleton-Midwood (West),Brooklyn,2025-07,28.80759116720662,28.506025,0.3015658528755658,0
BK1204,Mapleton-Midwood (West),Brooklyn,2025-08,30.08467188028773,29.99452,0.09015169290979941,0
BK1204,Mapleton-Midwood (West),Brooklyn,2025-09,35.925745961429186,35.833702,0.09204387402684233,0
BK1204,Mapleton-Midwood (West),Brooklyn,2025-10,35.56983822171806,35.456112,0.1137263137590736,0
BK1301,Gravesend (South),Brooklyn,2022-03,33.180540869257804,33.120426,0.06011469127928848,0
BK1301,Gravesend (South),Brooklyn,2022-04,31.11938668614922,31.420256,-0.30086897486152253,0
BK1301,Gravesend (South),Brooklyn,2022-05,43.54693396665686,43.36756,0.17937262632482742,0
BK1301,Gravesend (South),Brooklyn,2022-06,30.47275007968378,30.584532,-0.11178170437383628,0
BK1301,Gravesend (South),Brooklyn,2022-07,27.825581471965897,27.413448,0.4121331382256628,0
BK1301,Gravesend (South),Brooklyn,2022-08,26.43127128927479,26.469633,-0.03836181314220255,0
BK1301,Gravesend (South),Brooklyn,2022-09,36.91890875038611,36.779972,0.13893667397009324,0
BK1301,Gravesend (South),Brooklyn,2022-10,41.74847590492486,41.454666,0.293809767229547,0
BK1301,Gravesend (South),Brooklyn,2023-03,32.9986743236894,33.08037,-0.08169753300005311,0
BK1301,Gravesend (South),Brooklyn,2023-04,38.67695202421403,38.87905,-0.20209918428206208,0
BK1301,Gravesend (South),Brooklyn,2023-05,39.02047772139879,39.10207,-0.08159213333753712,0
BK1301,Gravesend (South),Brooklyn,2023-06,35.565013355599106,35.81169,-0.24667792858058135,0
BK1301,Gravesend (South),Brooklyn,2023-07,29.139062078848813,29.107506,0.03155628050896908,0
BK1301,Gravesend (South),Brooklyn,2023-08,29.280513836513126,29.12058,0.1599331632953529,0
BK1301,Gravesend (South),Brooklyn,2023-09,35.42356159793479,35.634872,-0.21131083858864486,0
BK1301,Gravesend (South),Brooklyn,2023-10,41.02100972265124,40.65382,0.36718968480944625,0
BK1301,Gravesend (South),Brooklyn,2024-03,31.07897189824513,31.19965,-0.12067791254588656,0
BK1301,Gravesend (South),Brooklyn,2024-04,33.05929650554553,32.697266,0.36203088054553234,0
BK1301,Gravesend (South),Brooklyn,2024-05,38.95985553954266,38.91121,0.048646433097346176,0
BK1301,Gravesend (South),Brooklyn,2024-06,28.411595896575196,28.292671,0.11892469296191521,0
BK1301,Gravesend (South),Brooklyn,2024-07,26.95666353202796,27.153913,-0.19724996589684451,0
BK1301,Gravesend (South),Brooklyn,2024-08,28.75512159375996,28.732267,0.022854213999217166,0
BK1301,Gravesend (South),Brooklyn,2024-09,35.86812426487978,36.04529,-0.17716763575498362,0
BK1301,Gravesend (South),Brooklyn,2024-10,37.06036050805043,37.34317,-0.2828096579651955,0
BK1301,Gravesend (South),Brooklyn,2025-03,31.483119777286028,31.447834,0.035285762393449716,0
BK1301,Gravesend (South),Brooklyn,2025-04,36.049990810448186,36.104496,-0.05450519174907953,0
BK1301,Gravesend (South),Brooklyn,2025-05,39.86918826738468,39.474884,0.39430423418155414,0
BK1301,Gravesend (South),Brooklyn,2025-06,28.95719553328041,29.133945,-0.17674993180748189,0
BK1301,Gravesend (South),Brooklyn,2025-07,27.80537407801385,27.797096,0.008277825572442055,0
BK1301,Gravesend (South),Brooklyn,2025-08,29.03802510908859,28.96915,0.06887456587569929,0
BK1301,Gravesend (South),Brooklyn,2025-09,34.67588802170913,34.64038,0.03550716233412743,0
BK1301,Gravesend (South),Brooklyn,2025-10,34.33236232452437,34.647472,-0.3151100570674288,0
BK1302,Coney Island-Sea Gate,Brooklyn,2022-03,33.53130087857738,33.59971,-0.06840767855152308,0
BK1302,Coney Island-Sea Gate,Brooklyn,2022-04,31.44835770585211,31.641735,-0.19337737105218622,0
BK1302,Coney Island-Sea Gate,Brooklyn,2022-05,44.007279776695654,43.972645,0.034634970787450925,0
BK1302,Coney Island-Sea Gate,Brooklyn,2022-06,30.794885337938304,31.202423,-0.40753775776482115,0
BK1302,Coney Island-Sea Gate,Brooklyn,2022-07,28.119732831791143,28.296904,-0.17717077843834872,0
BK1302,Coney Island-Sea Gate,Brooklyn,2022-08,26.71068303847699,26.669758,0.04092519545941187,0
BK1302,Coney Island-Sea Gate,Brooklyn,2022-09,37.309188005579095,37.125656,0.1835318776494077,0
BK1302,Coney Island-Sea Gate,Brooklyn,2022-10,42.18980975343537,41.907185,0.2826251526052914,0
BK1302,Coney Island-Sea Gate,Brooklyn,2023-03,33.34751177510162,33.47297,-0.12545728007415846,0
BK1302,Coney Island-Sea Gate,Brooklyn,2023-04,39.08581600584477,38.073658,1.0121580163428163,0
BK1302,Coney Island-Sea Gate,Brooklyn,2023-05,39.43297320129898,39.561844,-0.12887067077133452,0
BK1302,Coney Island-Sea Gate,Brooklyn,2023-06,35.94098023525956,35.70372,0.2372601424861216,0
BK1302,Coney Island-Sea Gate,Brooklyn,2023-07,29.44709857911607,29.635376,-0.18827739744643068,0
BK1302,Coney Island-Sea Gate,Brooklyn,2023-08,29.590045659597216,29.741592,-0.1515467476293466,0
BK1302,Coney Island-Sea Gate,Brooklyn,2023-09,35.79803315477841,35.501003,0.2970298893975496,0
BK1302,Coney Island-Sea Gate,Brooklyn,2023-10,41.45465333953233,40.934547,0.5201059152159218,0
BK1302,Coney Island-Sea Gate,Brooklyn,2024-03,31.4075156828575,31.554438,-0.14692195447160117,0
BK1302,Coney Island-Sea Gate,Brooklyn,2024-04,33.408774809593545,33.235504,0.17327065920292029,0
BK1302,Coney Island-Sea Gate,Brooklyn,2024-05,39.37171016680706,39.65399,-0.2822815324116874,0
BK1302,Coney Island-Sea Gate,Brooklyn,2024-06,28.71194216521303,28.798557,-0.0866151162811093,0
BK1302,Coney Island-Sea Gate,Brooklyn,2024-07,27.24162933740696,27.350662,-0.10903289403835359,0
BK1302,Coney Island-Sea Gate,Brooklyn,2024-08,29.059099360667243,29.582312,-0.52321226958178,0
BK1302,Coney Island-Sea Gate,Brooklyn,2024-09,36.24729540771916,36.226917,0.020378140873454242,0
BK1302,Coney Island-Sea Gate,Brooklyn,2024-10,37.452135086060245,37.627934,-0.1757984161370203,0
BK1302,Coney Island-Sea Gate,Brooklyn,2025-03,31.81593591280363,32.15661,-0.3406726687393373,0
BK1302,Coney Island-Sea Gate,Brooklyn,2025-04,36.43108451119492,36.46094,-0.029856803502347873,0
BK1302,Coney Island-Sea Gate,Brooklyn,2025-05,40.29065568418586,40.3799,-0.08924620180047071,0
BK1302,Coney Island-Sea Gate,Brooklyn,2025-06,29.26330947564031,29.465733,-0.2024230988225817,0
BK1302,Coney Island-Sea Gate,Brooklyn,2025-07,28.099311820293835,28.072077,0.027235022808483222,0
BK1302,Coney Island-Sea Gate,Brooklyn,2025-08,29.344993521629537,29.328403,0.016590048729145934,0
BK1302,Coney Island-Sea Gate,Brooklyn,2025-09,35.04245572937807,35.41217,-0.3697146807781806,0
BK1302,Coney Island-Sea Gate,Brooklyn,2025-10,34.695298533923854,34.83886,-0.14356102418161498,0
BK1303,Brighton Beach,Brooklyn,2022-03,35.29202524368126,35.316837,-0.024812067109756697,0
BK1303,Brighton Beach,Brooklyn,2022-04,33.09970698859266,33.37663,-0.27692188713976407,0
BK1303,Brighton Beach,Brooklyn,2022-05,46.31809646780336,46.11279,0.20530731375062317,0
BK1303,Brighton Beach,Brooklyn,2022-06,32.411920869349174,32.701572,-0.28965154886371636,0
BK1303,Brighton Beach,Brooklyn,2022-07,29.59629644369616,29.723757,-0.1274603464649715,0
BK1303,Brighton Beach,Brooklyn,2022-08,28.1132576240774,28.120518,-0.007260106635492036,0
BK1303,Brighton Beach,Brooklyn,2022-09,39.26828874555765,38.82669,0.4415980717295227,0
BK1303,Brighton Beach,Brooklyn,2022-10,44.40519132365742,44.224308,0.18088330974140376,0
BK1303,Brighton Beach,Brooklyn,2023-03,35.09858539764403,35.11087,-0.012284963684095374,0
BK1303,Brighton Beach,Brooklyn,2023-04,41.13820725725087,41.08072,0.05748826311024402,0
BK1303,Brighton Beach,Brooklyn,2023-05,41.50359363309897,41.09116,0.41243381254233213,0
BK1303,Brighton Beach,Brooklyn,2023-06,37.82823655839161,37.72908,0.09915635819629642,0
BK1303,Brighton Beach,Brooklyn,2023-07,30.993361998409487,31.050215,-0.056852769046567886,0
BK1303,Brighton Beach,Brooklyn,2023-08,31.143815211994,31.144007,-0.00019151713197729237,0
BK1303,Brighton Beach,Brooklyn,2023-09,37.6777833448071,37.293392,0.3843911634106121,0
BK1303,Brighton Beach,Brooklyn,2023-10,43.6314319395085,43.237587,0.39384496441084593,0
BK1303,Brighton Beach,Brooklyn,2024-03,33.05672035613994,33.10101,-0.0442890127565434,0
BK1303,Brighton Beach,Brooklyn,2024-04,35.16306534632311,35.132023,0.031042488657092804,0
BK1303,Brighton Beach,Brooklyn,2024-05,41.439113684419894,41.17451,0.2646027286093471,0
BK1303,Brighton Beach,Brooklyn,2024-06,30.21960261426057,30.111713,0.10788920483674147,0
BK1303,Brighton Beach,Brooklyn,2024-07,28.672083845962728,28.789686,-0.11760235704020161,0
BK1303,Brighton Beach,Brooklyn,2024-08,30.58498899010867,30.626299,-0.04130991431027553,0
BK1303,Brighton Beach,Brooklyn,2024-09,38.15063630178699,38.164764,-0.014128102509886276,0
BK1303,Brighton Beach,Brooklyn,2024-10,39.41874195914216,39.345898,0.0728442845816133,0
BK1303,Brighton Beach,Brooklyn,2025-03,33.486586680667116,33.619995,-0.1334084365203836,0
BK1303,Brighton Beach,Brooklyn,2025-04,38.34407614782422,38.298885,0.04519080236523365,0
BK1303,Brighton Beach,Brooklyn,2025-05,42.40631291460605,42.222458,0.18385502886386007,0
BK1303,Brighton Beach,Brooklyn,2025-06,30.799922152372258,30.82091,-0.020987347749812812,0
BK1303,Brighton Beach,Brooklyn,2025-07,29.574803127469803,29.584951,-0.01014827328703305,0
BK1303,Brighton Beach,Brooklyn,2025-08,30.88589541727769,30.610403,0.27549235636460523,0
BK1303,Brighton Beach,Brooklyn,2025-09,36.88253064443182,37.000034,-0.11750368784357335,0
BK1303,Brighton Beach,Brooklyn,2025-10,36.51714426858371,36.670002,-0.15285771505886458,0
BK1401,Flatbush,Brooklyn,2022-03,23.821242483631885,23.786057,0.03518596507719707,0
BK1401,Flatbush,Brooklyn,2022-04,22.34148198830274,21.865906,0.4755762265839891,0
BK1401,Flatbush,Brooklyn,2022-05,31.263567327787275,32.602425,-1.3388572937947565,0
BK1401,Flatbush,Brooklyn,2022-06,21.877243401532812,22.225359,-0.348115561479883,0
BK1401,Flatbush,Brooklyn,2022-07,19.976766686943424,19.980095,-0.0033282227245443607,0
BK1401,Flatbush,Brooklyn,2022-08,18.97575223422077,18.847548,0.12820470309284104,0
BK1401,Flatbush,Brooklyn,2022-09,26.50512181339552,27.429987,-0.9248651403398327,0
BK1401,Flatbush,Brooklyn,2022-10,29.972403758333417,31.882816,-1.9104125563638483,0
BK1401,Flatbush,Brooklyn,2023-03,23.69067538110284,23.81151,-0.12083470495673154,0
BK1401,Flatbush,Brooklyn,2023-04,27.767270471176264,28.39661,-0.6293397888335015,0
BK1401,Flatbush,Brooklyn,2023-05,28.013897220397787,28.847256,-0.8333584863893222,0
BK1401,Flatbush,Brooklyn,2023-06,25.533122272345988,26.09565,-0.5625274468922932,0
BK1401,Flatbush,Brooklyn,2023-07,20.91975131631984,20.799606,0.12014499307765192,0
BK1401,Flatbush,Brooklyn,2023-08,21.02130350717576,20.845808,0.1754954780009541,0
BK1401,Flatbush,Brooklyn,2023-09,25.43157008149007,26.30428,-0.8727092459025094,0
BK1401,Flatbush,Brooklyn,2023-10,29.45013534821725,30.826977,-1.3768414279057986,0
BK1401,Flatbush,Brooklyn,2024-03,22.31246707662962,22.271471,0.0409960530700495,0
BK1401,Flatbush,Brooklyn,2024-04,23.734197748612523,23.283224,0.45097364277756213,0
BK1401,Flatbush,Brooklyn,2024-05,27.970374852888103,28.755793,-0.7854177649097487,0
BK1401,Flatbush,Brooklyn,2024-06,20.39748290620367,20.48213,-0.08464714445550925,0
BK1401,Flatbush,Brooklyn,2024-07,19.352946085971336,19.050064,0.30288199905727353,0
BK1401,Flatbush,Brooklyn,2024-08,20.644109655425193,20.56337,0.080739904448631,0
BK1401,Flatbush,Brooklyn,2024-09,25.750734109894392,26.88312,-1.132385473235491,0
BK1401,Flatbush,Brooklyn,2024-10,26.606674004251445,27.001284,-0.39460964137843746,0
BK1401,Flatbush,Brooklyn,2025-03,22.602616193360824,21.735132,0.867483975953597,0
BK1401,Flatbush,Brooklyn,2025-04,25.88130121242343,26.215586,-0.33428449619473355,0
BK1401,Flatbush,Brooklyn,2025-05,28.62321036553332,29.7131,-1.0898900678162882,0
BK1401,Flatbush,Brooklyn,2025-06,20.789184213790797,20.690596,0.09858858695974249,0
BK1401,Flatbush,Brooklyn,2025-07,19.962259231106863,19.579763,0.382495818631277,0
BK1401,Flatbush,Brooklyn,2025-08,20.84721403713704,20.87968,-0.03246659640788252,0
BK1401,Flatbush,Brooklyn,2025-09,24.89479421553734,25.50384,-0.6090452772605133,0
BK1401,Flatbush,Brooklyn,2025-10,24.648167466315815,24.79,-0.14183344921152852,0
BK1402,Flatbush (West)-Ditmas Park-Parkville,Brooklyn,2022-03,28.283136285094688,27.928165,0.3549708493036725,0
BK1402,Flatbush (West)-Ditmas Park-Parkville,Brooklyn,2022-04,26.526205772865907,26.477705,0.04850077103485262,0
BK1402,Flatbush (West)-Ditmas Park-Parkville,Brooklyn,2022-05,37.11946327306885,36.71407,0.4053939066137744,0
BK1402,Flatbush (West)-Ditmas Park-Parkville,Brooklyn,2022-06,25.975011886676487,25.969484,0.005527557452854381,0
BK1402,Flatbush (West)-Ditmas Park-Parkville,Brooklyn,2022-07,23.718561915088543,23.691528,0.027033594776042946,0
BK1402,Flatbush (West)-Ditmas Park-Parkville,Brooklyn,2022-08,22.5300500979926,22.728344,-0.19829386563044693,0
BK1402,Flatbush (West)-Ditmas Park-Parkville,Brooklyn,2022-09,31.46972593962728,30.963114,0.5066121548372422,0
BK1402,Flatbush (West)-Ditmas Park-Parkville,Brooklyn,2022-10,35.58645527710452,35.20236,0.38409703125491035,0
BK1402,Flatbush (West)-Ditmas Park-Parkville,Brooklyn,2023-03,28.128113004603915,28.094868,0.03324529830508638,0
BK1402,Flatbush (West)-Ditmas Park-Parkville,Brooklyn,2023-04,32.96828431770477,32.84502,0.1232640235153184,0
BK1402,Flatbush (West)-Ditmas Park-Parkville,Brooklyn,2023-05,33.2611060697429,32.903637,0.3574691373698542,0
BK1402,Flatbush (West)-Ditmas Park-Parkville,Brooklyn,2023-06,30.31566374041818,30.074692,0.2409719679572433,0
BK1402,Flatbush (West)-Ditmas Park-Parkville,Brooklyn,2023-07,24.838174496410804,24.764631,0.07354322504849975,0
BK1402,Flatbush (West)-Ditmas Park-Parkville,Brooklyn,2023-08,24.95874815901474,24.72517,0.2335780235166922,0
BK1402,Flatbush (West)-Ditmas Park-Parkville,Brooklyn,2023-09,30.195090077814243,29.69847,0.4966209158269379,0
BK1402,Flatbush (West)-Ditmas Park-Parkville,Brooklyn,2023-10,34.966362155141425,34.56681,0.39955154723126896,0
BK1402,Flatbush (West)-Ditmas Park-Parkville,Brooklyn,2024-03,26.49175615497907,26.569452,-0.07769613078753324,0
BK1402,Flatbush (West)-Ditmas Park-Parkville,Brooklyn,2024-04,28.17978743143417,28.401888,-0.22210046224258662,0
BK1402,Flatbush (West)-Ditmas Park-Parkville,Brooklyn,2024-05,33.20943164291264,33.042435,0.16699695052982833,0
BK1402,Flatbush (West)-Ditmas Park-Parkville,Brooklyn,2024-06,24.218081374447703,24.095982,0.12209977654731219,0
BK1402,Flatbush (West)-Ditmas Park-Parkville,Brooklyn,2024-07,22.977895130521507,22.826542,0.15135322988674105,0
BK1402,Flatbush (West)-Ditmas Park-Parkville,Brooklyn,2024-08,24.510903126485836,24.523972,-0.013068431131351588,0
BK1402,Flatbush (West)-Ditmas Park-Parkville,Brooklyn,2024-09,30.57403587456947,30.31377,0.26026558038001824,0
BK1402,Flatbush (West)-Ditmas Park-Parkville,Brooklyn,2024-10,31.590299602231216,30.958504,0.6317958790866847,0
BK1402,Flatbush (West)-Ditmas Park-Parkville,Brooklyn,2025-03,26.836252333847455,27.087307,-0.2510546424709048,0
BK1402,Flatbush (West)-Ditmas Park-Parkville,Brooklyn,2025-04,30.729059155060245,30.484144,0.2449149442448153,0
BK1402,Flatbush (West)-Ditmas Park-Parkville,Brooklyn,2025-05,33.984548045366516,33.565308,0.4192404281790161,0
BK1402,Flatbush (West)-Ditmas Park-Parkville,Brooklyn,2025-06,24.68315121592003,24.52071,0.16244122446495268,0
BK1402,Flatbush (West)-Ditmas Park-Parkville,Brooklyn,2025-07,23.70133710614512,23.679693,0.021643884099223243,0
BK1402,Flatbush (West)-Ditmas Park-Parkville,Brooklyn,2025-08,24.752050451693705,24.645704,0.10634618228452553,0
BK1402,Flatbush (West)-Ditmas Park-Parkville,Brooklyn,2025-09,29.557772146907723,29.281654,0.276117788997567,0
BK1402,Flatbush (West)-Ditmas Park-Parkville,Brooklyn,2025-10,29.264950394869594,29.086937,0.17801344418599996,0
BK1403,Midwood,Brooklyn,2022-03,15.88110481430604,15.7751465,0.10595832993104004,0
BK1403,Midwood,Brooklyn,2022-04,14.894580641919186,14.34897,0.5456102287111779,0
BK1403,Midwood,Brooklyn,2022-05,20.842741093075222,21.920713,-1.0779723316073948,0
BK1403,Midwood,Brooklyn,2022-06,14.585082862346836,14.337727,0.24735626932925747,0
BK1403,Midwood,Brooklyn,2022-07,13.318076327222544,13.063822,0.2542545346200047,0
BK1403,Midwood,Brooklyn,2022-08,12.650721740019671,12.32745,0.3232719414356868,0
BK1403,Midwood,Brooklyn,2022-09,17.670388852458668,18.45525,-0.784860933918285,0
BK1403,Midwood,Brooklyn,2022-10,19.981950393639632,20.777092,-0.7951415863408364,0
BK1403,Midwood,Brooklyn,2023-03,15.794058563801318,15.772518,0.021540405842333854,0
BK1403,Midwood,Brooklyn,2023-04,18.511835940670988,18.966291,-0.4544554869413169,0
BK1403,Midwood,Brooklyn,2023-05,18.676256636068796,19.078392,-0.4021353927397975,0
BK1403,Midwood,Brooklyn,2023-06,17.02237787647907,17.303308,-0.28093061045940715,0
BK1403,Midwood,Brooklyn,2023-07,13.946743691978874,13.416948,0.5297953734974286,0
BK1403,Midwood,Brooklyn,2023-08,14.014446331260324,14.05665,-0.04220383048284049,0
BK1403,Midwood,Brooklyn,2023-09,16.954675237197616,17.283861,-0.32918592308070416,0
BK1403,Midwood,Brooklyn,2023-10,19.633765391620745,20.589218,-0.9554527480276924,0
BK1403,Midwood,Brooklyn,2024-03,14.875237030695914,14.732955,0.14228205175304254,0
BK1403,Midwood,Brooklyn,2024-04,15.823073980636224,15.860055,-0.03698098915137393,0
BK1403,Midwood,Brooklyn,2024-05,18.647241219233887,19.114758,-0.46751631860790965,0
BK1403,Midwood,Brooklyn,2024-06,13.598558689959985,13.7570505,-0.15849182426120656,0
BK1403,Midwood,Brooklyn,2024-07,12.902188685922203,12.63086,0.27132835724788684,0
BK1403,Midwood,Brooklyn,2024-08,13.762979385357792,13.4826,0.28037917326062356,0
BK1403,Midwood,Brooklyn,2024-09,17.167454960653608,17.793169,-0.6257140609528378,0
BK1403,Midwood,Brooklyn,2024-10,17.73809149174012,17.880152,-0.14206025691710522,0
BK1403,Midwood,Brooklyn,2025-03,15.06867314292863,14.3264265,0.7422466368861489,0
BK1403,Midwood,Brooklyn,2025-04,17.254501211158328,16.96576,0.2887419338145776,0
BK1403,Midwood,Brooklyn,2025-05,19.0824724717575,19.998428,-0.9159558729690609,0
BK1403,Midwood,Brooklyn,2025-06,13.85969744147415,13.619491,0.2402068180000292,0
BK1403,Midwood,Brooklyn,2025-07,13.308404521610909,13.390075,-0.081670208308525,0
BK1403,Midwood,Brooklyn,2025-08,13.898384663920694,13.689106,0.20927867637186637,0
BK1403,Midwood,Brooklyn,2025-09,16.59681842956709,16.586838,0.009980661012402692,0
BK1403,Midwood,Brooklyn,2025-10,16.43239773416928,16.37367,0.058727156166352046,0
BK1501,Gravesend (East)-Homecrest,Brooklyn,2022-03,28.95295590807356,28.94402,0.008936590446605663,0
BK1501,Gravesend (East)-Homecrest,Brooklyn,2022-04,27.154416625111622,27.065533,0.08888394078545048,0
BK1501,Gravesend (East)-Homecrest,Brooklyn,2022-05,37.998550537088015,37.330975,0.6675759582305929,0
BK1501,Gravesend (East)-Homecrest,Brooklyn,2022-06,26.59016900692749,26.73879,-0.14862150515747174,0
BK1501,Gravesend (East)-Homecrest,Brooklyn,2022-07,24.280280319986172,24.466343,-0.18606260603921854,0
BK1501,Gravesend (East)-Homecrest,Brooklyn,2022-08,23.063621393276623,23.590593,-0.5269719447360721,0
BK1501,Gravesend (East)-Homecrest,Brooklyn,2022-09,32.215012450700605,32.028915,0.18609704542716798,0
BK1501,Gravesend (East)-Homecrest,Brooklyn,2022-10,36.429236849013385,35.964825,0.46441217249971345,0
BK1501,Gravesend (East)-Homecrest,Brooklyn,2023-03,28.794261265459273,28.72591,0.06835107869169477,0
BK1501,Gravesend (East)-Homecrest,Brooklyn,2023-04,33.74906066263873,33.371185,0.3778753599043583,0
BK1501,Gravesend (East)-Homecrest,Brooklyn,2023-05,34.048817209799054,34.034,0.014816813070538615,0
BK1501,Gravesend (East)-Homecrest,Brooklyn,2023-06,31.03361900012757,30.491648,0.5419712797906548,0
BK1501,Gravesend (East)-Homecrest,Brooklyn,2023-07,25.4264082944227,25.501099,-0.0746903383898001,0
BK1501,Gravesend (East)-Homecrest,Brooklyn,2023-08,25.54983746090048,25.57365,-0.023812899206941296,0
BK1501,Gravesend (East)-Homecrest,Brooklyn,2023-09,30.91018983364979,30.286373,0.6238166952220539,0
BK1501,Gravesend (East)-Homecrest,Brooklyn,2023-10,35.79445827855623,35.022312,0.7721461142495869,0
BK1501,Gravesend (East)-Homecrest,Brooklyn,2024-03,27.119151148975114,27.120049,-0.0008973739741051645,0
BK1501,Gravesend (East)-Homecrest,Brooklyn,2024-04,28.847159479664036,28.80199,0.045168970630832916,0
BK1501,Gravesend (East)-Homecrest,Brooklyn,2024-05,33.99591899559429,34.191433,-0.19551395728657184,0
BK1501,Gravesend (East)-Homecrest,Brooklyn,2024-06,24.791629723965546,24.86822,-0.07658965164480591,0
BK1501,Gravesend (East)-Homecrest,Brooklyn,2024-07,23.522072583051237,23.7343,-0.21222803035208315,0
BK1501,Gravesend (East)-Homecrest,Brooklyn,2024-08,25.09138627112587,25.250685,-0.15929846703330952,0
BK1501,Gravesend (East)-Homecrest,Brooklyn,2024-09,31.29811007115138,31.108644,0.1894655856777483,0
BK1501,Gravesend (East)-Homecrest,Brooklyn,2024-10,32.33844161717839,32.106293,0.23214889256901472,0
BK1501,Gravesend (East)-Homecrest,Brooklyn,2025-03,27.4718059103402,27.72114,-0.2493339974967128,0
BK1501,Gravesend (East)-Homecrest,Brooklyn,2025-04,31.45680471376567,31.38855,0.06825490907817056,0
BK1501,Gravesend (East)-Homecrest,Brooklyn,2025-05,34.78939220866573,34.57506,0.2143304105700281,0
BK1501,Gravesend (East)-Homecrest,Brooklyn,2025-06,25.26771365180841,25.297981,-0.030267610398620803,0
BK1501,Gravesend (East)-Homecrest,Brooklyn,2025-07,24.26264758191792,24.588541,-0.3258934489658678,0
BK1501,Gravesend (East)-Homecrest,Brooklyn,2025-08,25.338244604081428,25.416601,-0.07835657694884546,0
BK1501,Gravesend (East)-Homecrest,Brooklyn,2025-09,30.25777852512438,30.366108,-0.10832941554944853,0
BK1501,Gravesend (East)-Homecrest,Brooklyn,2025-10,29.958021977964055,29.912054,0.045967916074406645,0
BK1502,Madison,Brooklyn,2022-03,22.306980580350945,22.296461,0.010519475004265644,0
BK1502,Madison,Brooklyn,2022-04,20.921285075359595,20.947271,-0.025986271686303297,0
BK1502,Madison,Brooklyn,2022-05,29.2762138554545,30.27404,-0.9978263667134684,0
BK1502,Madison,Brooklyn,2022-06,20.486557073793684,20.676647,-0.19009011248561336,0
BK1502,Madison,Brooklyn,2022-07,18.706889317383222,18.625294,0.08159558569376912,0
BK1502,Madison,Brooklyn,2022-08,17.76950706400672,17.957977,-0.18847023091515425,0
BK1502,Madison,Brooklyn,2022-09,24.820251839403884,24.940956,-0.12070427631877223,0
BK1502,Madison,Brooklyn,2022-10,28.067126601099304,28.567837,-0.5007101603753057,0
BK1502,Madison,Brooklyn,2023-03,22.184713329910533,22.260864,-0.07615092790196698,0
BK1502,Madison,Brooklyn,2023-04,26.002168593661217,26.411806,-0.40963751290616557,0
BK1502,Madison,Brooklyn,2023-05,26.233117844493105,26.674564,-0.4414465170791608,0
BK1502,Madison,Brooklyn,2023-06,23.910040086125253,24.031584,-0.12154369988548908,0
BK1502,Madison,Brooklyn,2023-07,19.589930570563983,19.681883,-0.09195228771238462,0
BK1502,Madison,Brooklyn,2023-08,19.685027320906528,19.791128,-0.10610083766280809,0
BK1502,Madison,Brooklyn,2023-09,23.814943335782708,23.985909,-0.17096517251807342,0
BK1502,Madison,Brooklyn,2023-10,27.578057599337647,28.286459,-0.7084013697785636,0
BK1502,Madison,Brooklyn,2024-03,20.894114575261725,21.007702,-0.11358729851757232,0
BK1502,Madison,Brooklyn,2024-04,22.225469080057337,22.44888,-0.22341016188602225,0
BK1502,Madison,Brooklyn,2024-05,26.1923620943463,26.559822,-0.36745998817323056,0
BK1502,Madison,Brooklyn,2024-06,19.100861568802333,19.013676,0.0871858791050677,0
BK1502,Madison,Brooklyn,2024-07,18.122723565279028,18.070305,0.052418694673558974,0
BK1502,Madison,Brooklyn,2024-08,19.331810819634224,19.448694,-0.11688340949175213,0
BK1502,Madison,Brooklyn,2024-09,24.113818836859274,24.521729,-0.40790967876572637,0
BK1502,Madison,Brooklyn,2024-10,24.91534858974643,25.159702,-0.24435371127896133,0
BK1502,Madison,Brooklyn,2025-03,21.165819576240423,21.728956,-0.5631366462937564,0
BK1502,Madison,Brooklyn,2025-04,24.23608608729969,24.395504,-0.15941791050304488,0
BK1502,Madison,Brooklyn,2025-05,26.80369834654837,27.07545,-0.2717525506684275,0
BK1502,Madison,Brooklyn,2025-06,19.46766332012357,19.464273,0.003389867364781196,0
BK1502,Madison,Brooklyn,2025-07,18.69330406733429,18.834469,-0.14116477421844564,0
BK1502,Madison,Brooklyn,2025-08,19.52200432031931,19.590504,-0.06849937230764169,0
BK1502,Madison,Brooklyn,2025-09,23.31228908397212,23.502739,-0.19044986866459723,0
BK1502,Madison,Brooklyn,2025-10,23.08133983314023,23.20666,-0.12531948387637115,0
BK1503,Sheepshead Bay-Manhattan Beach-Gerritsen Beach,Brooklyn,2022-03,31.028015482022745,30.984653,0.04336200912235455,0
BK1503,Sheepshead Bay-Manhattan Beach-Gerritsen Beach,Brooklyn,2022-04,29.10057481261573,29.262207,-0.16163221863427069,0
BK1503,Sheepshead Bay-Manhattan Beach-Gerritsen Beach,Brooklyn,2022-05,40.72190826051097,39.894814,0.8270947229133156,0
BK1503,Sheepshead Bay-Manhattan Beach-Gerritsen Beach,Brooklyn,2022-06,28.495887543782157,28.722406,-0.22651884354694474,0
BK1503,Sheepshead Bay-Manhattan Beach-Gerritsen Beach,Brooklyn,2022-07,26.020449036994712,26.287428,-0.26697886522696734,0
BK1503,Sheepshead Bay-Manhattan Beach-Gerritsen Beach,Brooklyn,2022-08,24.71659211357232,24.947222,-0.23062964240912365,0
BK1503,Sheepshead Bay-Manhattan Beach-Gerritsen Beach,Brooklyn,2022-09,34.52386375496684,34.30595,0.2179135901719178,0
BK1503,Sheepshead Bay-Manhattan Beach-Gerritsen Beach,Brooklyn,2022-10,39.040121794067595,38.789356,0.25076556237814174,0
BK1503,Sheepshead Bay-Manhattan Beach-Gerritsen Beach,Brooklyn,2023-03,30.857947187663303,30.768959,0.08898814225314666,0
BK1503,Sheepshead Bay-Manhattan Beach-Gerritsen Beach,Brooklyn,2023-04,36.16785726710812,36.016716,0.15114126369014969,0
BK1503,Sheepshead Bay-Manhattan Beach-Gerritsen Beach,Brooklyn,2023-05,36.48909737867596,36.278664,0.21043374342205112,0
BK1503,Sheepshead Bay-Manhattan Beach-Gerritsen Beach,Brooklyn,2023-06,33.25779978584655,32.668785,0.5890146906317071,0
BK1503,Sheepshead Bay-Manhattan Beach-Gerritsen Beach,Brooklyn,2023-07,27.24872005181291,27.423494,-0.1747742871763478,0
BK1503,Sheepshead Bay-Manhattan Beach-Gerritsen Beach,Brooklyn,2023-08,27.380995391870258,27.383764,-0.0027688750975158882,0
BK1503,Sheepshead Bay-Manhattan Beach-Gerritsen Beach,Brooklyn,2023-09,33.1255244457892,32.731155,0.3943690502813908,0
BK1503,Sheepshead Bay-Manhattan Beach-Gerritsen Beach,Brooklyn,2023-10,38.359848616629826,38.270374,0.08947431853412269,0
BK1503,Sheepshead Bay-Manhattan Beach-Gerritsen Beach,Brooklyn,2024-03,29.06278185831363,29.289719,-0.22693676961605647,0
BK1503,Sheepshead Bay-Manhattan Beach-Gerritsen Beach,Brooklyn,2024-04,30.91463661911645,31.020136,-0.10549926040015123,0
BK1503,Sheepshead Bay-Manhattan Beach-Gerritsen Beach,Brooklyn,2024-05,36.432407947222806,36.405407,0.027000995318509524,0
BK1503,Sheepshead Bay-Manhattan Beach-Gerritsen Beach,Brooklyn,2024-06,26.56844687437514,26.795383,-0.22693657899399966,0
BK1503,Sheepshead Bay-Manhattan Beach-Gerritsen Beach,Brooklyn,2024-07,25.2079005194996,25.203585,0.0043158484790915,0
BK1503,Sheepshead Bay-Manhattan Beach-Gerritsen Beach,Brooklyn,2024-08,26.889686985942976,27.217129,-0.327441767719133,0
BK1503,Sheepshead Bay-Manhattan Beach-Gerritsen Beach,Brooklyn,2024-09,33.541246943112284,33.463604,0.07764296972361251,0
BK1503,Sheepshead Bay-Manhattan Beach-Gerritsen Beach,Brooklyn,2024-10,34.65613909502419,34.42152,0.23461886186989034,0
BK1503,Sheepshead Bay-Manhattan Beach-Gerritsen Beach,Brooklyn,2025-03,29.440711401334617,29.94689,-0.5061784759847185,0
BK1503,Sheepshead Bay-Manhattan Beach-Gerritsen Beach,Brooklyn,2025-04,33.71131523747173,34.019947,-0.3086318145302229,0
BK1503,Sheepshead Bay-Manhattan Beach-Gerritsen Beach,Brooklyn,2025-05,37.28274941902002,36.953667,0.3290827320083025,0
BK1503,Sheepshead Bay-Manhattan Beach-Gerritsen Beach,Brooklyn,2025-06,27.078651757453468,27.136204,-0.05755200841567287,0
BK1503,Sheepshead Bay-Manhattan Beach-Gerritsen Beach,Brooklyn,2025-07,26.001552559843663,26.335426,-0.33387377072274305,0
BK1503,Sheepshead Bay-Manhattan Beach-Gerritsen Beach,Brooklyn,2025-08,27.154237666057664,27.243109,-0.08887108333198412,0
BK1503,Sheepshead Bay-Manhattan Beach-Gerritsen Beach,Brooklyn,2025-09,32.42635479120038,32.559353,-0.13299808355547782,0
BK1503,Sheepshead Bay-Manhattan Beach-Gerritsen Beach,Brooklyn,2025-10,32.10511467963255,32.216637,-0.11152197808229403,0
BK1601,Ocean Hill,Brooklyn,2022-03,35.94796016548925,35.988686,-0.04072544242090714,0
BK1601,Ocean Hill,Brooklyn,2022-04,33.714895648510016,33.45333,0.261564654857672,0
BK1601,Ocean Hill,Brooklyn,2022-05,47.17896111853187,47.143375,0.03558572180335773,0
BK1601,Ocean Hill,Brooklyn,2022-06,33.01432638828123,33.323715,-0.30938882167970405,0
BK1601,Ocean Hill,Brooklyn,2022-07,30.146370979219668,29.940916,0.20545491781830094,0
BK1601,Ocean Hill,Brooklyn,2022-08,28.635768511851364,28.840315,-0.20454635326094106,0
BK1601,Ocean Hill,Brooklyn,2022-09,39.99812620118688,40.022995,-0.024868793930309607,0
BK1601,Ocean Hill,Brooklyn,2022-10,45.23050286352058,45.070404,0.16009881078620225,0
BK1601,Ocean Hill,Brooklyn,2023-03,35.750925061049905,35.773674,-0.022748950180563554,0
BK1601,Ocean Hill,Brooklyn,2023-04,41.902798877433874,41.840466,0.062333331779576895,0
BK1601,Ocean Hill,Brooklyn,2023-05,42.27497629693041,42.099693,0.17528299859056773,0
BK1601,Ocean Hill,Brooklyn,2023-06,38.53130931258288,38.018795,0.5125142991551428,0
BK1601,Ocean Hill,Brooklyn,2023-07,31.569402289059376,31.944149,-0.37474672827460864,0
BK1601,Ocean Hill,Brooklyn,2023-08,31.722651814734423,31.834616,-0.11196389266303797,0
BK1601,Ocean Hill,Brooklyn,2023-09,38.378059786907826,37.99376,0.3843006316343889,0
BK1601,Ocean Hill,Brooklyn,2023-10,44.4423624457632,44.355236,0.08712639229640473,0
BK1601,Ocean Hill,Brooklyn,2024-03,33.671110069745716,33.624763,0.04634658097618427,0
BK1601,Ocean Hill,Brooklyn,2024-04,35.816603429196356,35.65694,0.1596629689912774,0
BK1601,Ocean Hill,Brooklyn,2024-05,42.20929792878397,42.20076,0.008538041088655746,0
BK1601,Ocean Hill,Brooklyn,2024-06,30.781261871302,31.147333,-0.3660712738396015,0
BK1601,Ocean Hill,Brooklyn,2024-07,29.204981035787245,29.473232,-0.26825123349986413,0
BK1601,Ocean Hill,Brooklyn,2024-08,31.153439290798534,31.5728,-0.41936039181865326,0
BK1601,Ocean Hill,Brooklyn,2024-09,38.859701153315115,38.742134,0.1175670590768334,0
BK1601,Ocean Hill,Brooklyn,2024-10,40.15137572686193,40.32865,-0.17727570136072757,0
BK1601,Ocean Hill,Brooklyn,2025-03,34.108965857388704,34.251698,-0.14273168289449956,0
BK1601,Ocean Hill,Brooklyn,2025-04,39.05673625775446,38.74676,0.3099749357329742,0
BK1601,Ocean Hill,Brooklyn,2025-05,43.19447345098069,42.9221,0.2723733838420159,0
BK1601,Ocean Hill,Brooklyn,2025-06,31.372367184620032,31.601479,-0.22911139204012443,0
BK1601,Ocean Hill,Brooklyn,2025-07,30.12447818983752,30.221678,-0.09719959031384562,0
BK1601,Ocean Hill,Brooklyn,2025-08,31.45993834214863,31.574472,-0.11453408521953534,0
BK1601,Ocean Hill,Brooklyn,2025-09,37.5680265797683,37.55493,0.013094939143300621,0
BK1601,Ocean Hill,Brooklyn,2025-10,37.19584916027176,37.128456,0.06739304454910666,0
BK1602,Brownsville,Brooklyn,2022-03,35.954704163200816,35.712757,0.24194705260511284,0
BK1602,Brownsville,Brooklyn,2022-04,33.721220713355216,33.602867,0.11835358689037179,0
BK1602,Brownsville,Brooklyn,2022-05,47.18781210213019,46.54566,0.6421539905579223,0
BK1602,Brownsville,Brooklyn,2022-06,33.020520023207574,32.92723,0.09328918824663646,0
BK1602,Brownsville,Brooklyn,2022-07,30.15202657291567,29.79215,0.35987607547914635,0
BK1602,Brownsville,Brooklyn,2022-08,28.641140709784818,28.663338,-0.02219699773471362,0
BK1602,Brownsville,Brooklyn,2022-09,40.00563002811687,39.566246,0.4393839954020251,0
BK1602,Brownsville,Brooklyn,2022-10,45.23898830765706,44.68083,0.5581602131746379,0
BK1602,Brownsville,Brooklyn,2023-03,35.75763209409679,35.693497,0.06413538999522927,0
BK1602,Brownsville,Brooklyn,2023-04,41.91066002945576,41.255974,0.6546862135377935,0
BK1602,Brownsville,Brooklyn,2023-05,42.2829072710967,41.731373,0.5515344378447438,0
BK1602,Brownsville,Brooklyn,2023-06,38.53853795812024,38.27205,0.2664890079249247,0
BK1602,Brownsville,Brooklyn,2023-07,31.575324849778063,31.5477,0.027623967820055384,0
BK1602,Brownsville,Brooklyn,2023-08,31.72860312574786,31.58253,0.14607405775469573,0
BK1602,Brownsville,Brooklyn,2023-09,38.38525968215045,38.022964,0.3622952046113852,0
BK1602,Brownsville,Brooklyn,2023-10,44.45070003124096,44.048298,0.4024021491608849,0
BK1602,Brownsville,Brooklyn,2024-03,33.67742692022099,33.357483,0.31994401006473794,0
BK1602,Brownsville,Brooklyn,2024-04,35.82332278379813,35.184757,0.6385655511321175,0
BK1602,Brownsville,Brooklyn,2024-05,42.217216581395355,41.378136,0.8390809002430117,0
BK1602,Brownsville,Brooklyn,2024-06,30.787036573361966,30.58446,0.2025772685523961,0
BK1602,Brownsville,Brooklyn,2024-07,29.210460020529776,29.4024,-0.19193904258057515,0
BK1602,Brownsville,Brooklyn,2024-08,31.1592838150029,31.231407,-0.07212335052444274,0
BK1602,Brownsville,Brooklyn,2024-09,38.86699140662695,38.669853,0.19713819617773254,0
BK1602,Brownsville,Brooklyn,2024-10,40.158908304086665,40.052345,0.1065630282077592,0
BK1602,Brownsville,Brooklyn,2025-03,34.115364851563264,34.16341,-0.0480453352043142,0
BK1602,Brownsville,Brooklyn,2025-04,39.064063475730975,39.167065,-0.10300119101707139,0
BK1602,Brownsville,Brooklyn,2025-05,43.20257692691548,42.352764,0.8498127972768046,0
BK1602,Brownsville,Brooklyn,2025-06,31.37825278067404,31.185543,0.19270972037130463,0
BK1602,Brownsville,Brooklyn,2025-07,30.130129676348556,29.931095,0.19903455305754036,0
BK1602,Brownsville,Brooklyn,2025-08,31.465840366942498,31.1141,0.3517408643790212,0
BK1602,Brownsville,Brooklyn,2025-09,37.57507450916724,37.18251,0.3925641331906746,0
BK1602,Brownsville,Brooklyn,2025-10,37.2028272675263,37.14159,0.06123714911809941,0
BK1701,East Flatbush-Erasmus,Brooklyn,2022-03,20.868381282411622,21.06887,-0.20048926202197137,0
BK1701,East Flatbush-Erasmus,Brooklyn,2022-04,19.572050654636968,19.236036,0.336014353977788,0
BK1701,East Flatbush-Erasmus,Brooklyn,2022-05,27.38816179269004,28.903097,-1.5149353600199227,0
BK1701,East Flatbush-Erasmus,Brooklyn,2022-06,19.16535869298217,19.185434,-0.02007564844849341,0
BK1701,East Flatbush-Erasmus,Brooklyn,2022-07,17.500463474957858,17.233456,0.26700781699887344,0
BK1701,East Flatbush-Erasmus,Brooklyn,2022-08,16.62353393263971,16.15135,0.4721839112774049,0
BK1701,East Flatbush-Erasmus,Brooklyn,2022-09,23.2195691857284,23.429306,-0.20973684454503783,0
BK1701,East Flatbush-Erasmus,Brooklyn,2022-10,26.257049774337645,28.10335,-1.8462999113313003,0
BK1701,East Flatbush-Erasmus,Brooklyn,2023-03,20.753999168196213,20.754007,-8.171281326241342e-06,0
BK1701,East Flatbush-Erasmus,Brooklyn,2023-04,24.32526295647737,24.5636,-0.23833758368376223,0
BK1701,East Flatbush-Erasmus,Brooklyn,2023-05,24.54131806110648,25.297287,-0.7559689261982072,0
BK1701,East Flatbush-Erasmus,Brooklyn,2023-06,22.36805789101367,22.710115,-0.34205754172558755,0
BK1701,East Flatbush-Erasmus,Brooklyn,2023-07,18.32655652206916,18.398317,-0.07176081496697151,0
BK1701,East Flatbush-Erasmus,Brooklyn,2023-08,18.415520388681145,18.401525,0.013994891244621499,0
BK1701,East Flatbush-Erasmus,Brooklyn,2023-09,22.27909402440169,22.431927,-0.1528327028932317,0
BK1701,East Flatbush-Erasmus,Brooklyn,2023-10,25.799521317476,27.224522,-1.425000319486891,0
BK1701,East Flatbush-Erasmus,Brooklyn,2024-03,19.54663240703354,19.199226,0.3474060276390105,0
BK1701,East Flatbush-Erasmus,Brooklyn,2024-04,20.792126539601348,20.621794,0.17033279265310597,0
BK1701,East Flatbush-Erasmus,Brooklyn,2024-05,24.503190689701345,25.045496,-0.5423052972371316,0
BK1701,East Flatbush-Erasmus,Brooklyn,2024-06,17.869028065207516,18.19362,-0.32459261655517935,0
BK1701,East Flatbush-Erasmus,Brooklyn,2024-07,16.95397115148423,16.763962,0.19000935949204134,0
BK1701,East Flatbush-Erasmus,Brooklyn,2024-08,18.085083169836626,18.086044,-0.0009611416868118283,0
BK1701,East Flatbush-Erasmus,Brooklyn,2024-09,22.55869474803936,23.00015,-0.44145593250263104,0
BK1701,East Flatbush-Erasmus,Brooklyn,2024-10,23.308533052340387,23.890635,-0.5821014844027772,0
BK1701,East Flatbush-Erasmus,Brooklyn,2025-03,19.800814883067787,19.28476,0.5160553615834118,0
BK1701,East Flatbush-Erasmus,Brooklyn,2025-04,22.67307686225477,23.047518,-0.3744409142344871,0
BK1701,East Flatbush-Erasmus,Brooklyn,2025-05,25.0751012607784,26.367842,-1.2927404598026548,0
BK1701,East Flatbush-Erasmus,Brooklyn,2025-06,18.212174407853748,18.650528,-0.4383535462478143,0
BK1701,East Flatbush-Erasmus,Brooklyn,2025-07,17.487754351156145,17.435488,0.05226660396376204,0
BK1701,East Flatbush-Erasmus,Brooklyn,2025-08,18.263010903060596,17.992268,0.27074329441801837,0
BK1701,East Flatbush-Erasmus,Brooklyn,2025-09,21.808856443738332,22.611149,-0.8022923904901837,0
BK1701,East Flatbush-Erasmus,Brooklyn,2025-10,21.592801339109226,21.01582,0.5769817895486788,0
BK1702,East Flatbush-Farragut,Brooklyn,2022-03,22.788941999695673,22.708927,0.08001484515465762,0
BK1702,East Flatbush-Farragut,Brooklyn,2022-04,21.373307356596428,21.626387,-0.25307928585962713,0
BK1702,East Flatbush-Farragut,Brooklyn,2022-05,29.908751528224222,30.48506,-0.5763082099349575,0
BK1702,East Flatbush-Farragut,Brooklyn,2022-06,20.92918668425157,20.712914,0.21627317106797506,0
BK1702,East Flatbush-Farragut,Brooklyn,2022-07,19.111067681839792,19.087938,0.023129373123971675,0
BK1702,East Flatbush-Farragut,Brooklyn,2022-08,18.15343248209619,18.044472,0.10896074137353295,0
BK1702,East Flatbush-Farragut,Brooklyn,2022-09,25.3565146366894,25.575445,-0.2189305384814979,0
BK1702,East Flatbush-Farragut,Brooklyn,2022-10,28.67354090826508,28.799833,-0.1262923894644139,0
BK1702,East Flatbush-Farragut,Brooklyn,2023-03,22.66403306059868,22.6699,-0.005867833566359337,0
BK1702,East Flatbush-Farragut,Brooklyn,2023-04,26.56396771462699,26.600063,-0.03609560934761902,0
BK1702,East Flatbush-Farragut,Brooklyn,2023-05,26.799906821810197,26.972683,-0.1727761310706626,0
BK1702,East Flatbush-Farragut,Brooklyn,2023-06,24.42663697896735,24.558918,-0.1322810203002298,0
BK1702,East Flatbush-Farragut,Brooklyn,2023-07,20.013187797540297,20.02359,-0.010402290350327803,0
BK1702,East Flatbush-Farragut,Brooklyn,2023-08,20.11033919461573,20.068077,0.04226210721338575,0
BK1702,East Flatbush-Farragut,Brooklyn,2023-09,24.32948558189191,24.578165,-0.24867947242938016,0
BK1702,East Flatbush-Farragut,Brooklyn,2023-10,28.17390515187711,28.548811,-0.3749058069851934,0
BK1702,East Flatbush-Farragut,Brooklyn,2024-03,21.345549814574873,21.818748,-0.4731986595462203,0
BK1702,East Flatbush-Farragut,Brooklyn,2024-04,22.70566937363101,23.046272,-0.34060290420102035,0
BK1702,East Flatbush-Farragut,Brooklyn,2024-05,26.758270508777866,26.792265,-0.03399442957662657,0
BK1702,East Flatbush-Farragut,Brooklyn,2024-06,19.513552041152323,19.605053,-0.09150090684572376,0
BK1702,East Flatbush-Farragut,Brooklyn,2024-07,18.514280528376386,18.493975,0.02030584270744029,0
BK1702,East Flatbush-Farragut,Brooklyn,2024-08,19.74949114833553,19.68372,0.06577151332576392,0
BK1702,East Flatbush-Farragut,Brooklyn,2024-09,24.634818544129,24.628479,0.006339540222750628,0
BK1702,East Flatbush-Farragut,Brooklyn,2024-10,25.453666033764836,25.50085,-0.04718464372539799,0
BK1702,East Flatbush-Farragut,Brooklyn,2025-03,21.623125234790415,21.872293,-0.24916823749962447,0
BK1702,East Flatbush-Farragut,Brooklyn,2025-04,24.75972748322599,25.206833,-0.4471054025161969,0
BK1702,East Flatbush-Farragut,Brooklyn,2025-05,27.382815204262823,27.591103,-0.2082873958348337,0
BK1702,East Flatbush-Farragut,Brooklyn,2025-06,19.8882788584433,19.902983,-0.014703853348692064,0
BK1702,East Flatbush-Farragut,Brooklyn,2025-07,19.09718891082902,19.160595,-0.06340602935652839,0
BK1702,East Flatbush-Farragut,Brooklyn,2025-08,19.94379394248641,19.99356,-0.049766848529216645,0
BK1702,East Flatbush-Farragut,Brooklyn,2025-09,23.815971054493165,23.71296,0.10301176494238362,0
BK1702,East Flatbush-Farragut,Brooklyn,2025-10,23.580031947309955,23.654526,-0.07449380952598261,0
BK1703,East Flatbush-Rugby,Brooklyn,2022-03,17.30801932476649,17.158339,0.14968077801356117,0
BK1703,East Flatbush-Rugby,Brooklyn,2022-04,16.23285612676029,16.114618,0.11823782536868777,0
BK1703,East Flatbush-Rugby,Brooklyn,2022-05,22.71545776179768,23.008204,-0.2927457446720467,0
BK1703,East Flatbush-Rugby,Brooklyn,2022-06,15.895550025425011,15.986411,-0.09086106924051585,0
BK1703,East Flatbush-Rugby,Brooklyn,2022-07,14.514703173083715,14.397204,0.11749877397482855,0
BK1703,East Flatbush-Rugby,Brooklyn,2022-08,13.78738689207952,13.396909,0.3904781320087185,0
BK1703,East Flatbush-Rugby,Brooklyn,2022-09,19.258070223111073,19.515821,-0.25775123379810694,0
BK1703,East Flatbush-Rugby,Brooklyn,2022-10,21.777325167458937,22.078215,-0.3008894779268054,0
BK1703,East Flatbush-Rugby,Brooklyn,2023-03,17.213151983765943,17.093292,0.11985974743781824,0
BK1703,East Flatbush-Rugby,Brooklyn,2023-04,20.17512118611636,20.787584,-0.6124631186932099,0
BK1703,East Flatbush-Rugby,Brooklyn,2023-05,20.35431505245073,20.768574,-0.41425870853559843,0
BK1703,East Flatbush-Rugby,Brooklyn,2023-06,18.551835573440332,18.790071,-0.23823591398642563,0
BK1703,East Flatbush-Rugby,Brooklyn,2023-07,15.199856191421,15.183091,0.01676502778574651,0
BK1703,East Flatbush-Rugby,Brooklyn,2023-08,15.273641901088093,14.988769,0.284873323512409,0
BK1703,East Flatbush-Rugby,Brooklyn,2023-09,18.47804986377324,18.644264,-0.16621435741816626,0
BK1703,East Flatbush-Rugby,Brooklyn,2023-10,21.397855803456743,21.785448,-0.38759227088407755,0
BK1703,East Flatbush-Rugby,Brooklyn,2024-03,16.211774495426837,16.262503,-0.050728174861248476,0
BK1703,East Flatbush-Rugby,Brooklyn,2024-04,17.244774430766128,17.11753,0.1272436080122219,0
BK1703,East Flatbush-Rugby,Brooklyn,2024-05,20.322692605450545,20.630474,-0.3077814851256271,0
BK1703,East Flatbush-Rugby,Brooklyn,2024-06,14.820386827418812,14.554385,0.26600164217711253,0
BK1703,East Flatbush-Rugby,Brooklyn,2024-07,14.061448099414434,13.834657,0.226791384021368,0
BK1703,East Flatbush-Rugby,Brooklyn,2024-08,14.999580693753176,14.747497,0.2520840888337421,0
BK1703,East Flatbush-Rugby,Brooklyn,2024-09,18.70994780844125,18.900799,-0.19085098916617227,0
BK1703,East Flatbush-Rugby,Brooklyn,2024-10,19.331855932778165,19.350378,-0.018522103720858496,0
BK1703,East Flatbush-Rugby,Brooklyn,2025-03,16.422590808761385,15.908251,0.5143400000455642,0
BK1703,East Flatbush-Rugby,Brooklyn,2025-04,18.80481514944179,19.264389,-0.4595738886441474,0
BK1703,East Flatbush-Rugby,Brooklyn,2025-05,20.797029310453283,21.698645,-0.9016153276082406,0
BK1703,East Flatbush-Rugby,Brooklyn,2025-06,15.104988850420453,14.909716,0.1952731979546325,0
BK1703,East Flatbush-Rugby,Brooklyn,2025-07,14.504162357416988,14.490614,0.013548420039057874,0
BK1703,East Flatbush-Rugby,Brooklyn,2025-08,15.147152113087362,14.996669,0.1504832974745689,0
BK1703,East Flatbush-Rugby,Brooklyn,2025-09,18.088039684104324,18.142105,-0.05406541843473889,0
BK1703,East Flatbush-Rugby,Brooklyn,2025-10,17.908845817769958,18.198994,-0.29014786509137025,0
BK1704,East Flatbush-Remsen Village,Brooklyn,2022-03,30.762583272626063,30.742693,0.01989032523836798,0
BK1704,East Flatbush-Remsen Village,Brooklyn,2022-04,28.851631083948927,29.017433,-0.16580208255497908,0
BK1704,East Flatbush-Remsen Village,Brooklyn,2022-05,40.37354869214931,39.98512,0.38842982618251654,0
BK1704,East Flatbush-Remsen Village,Brooklyn,2022-06,28.252116671814925,28.266588,-0.014471539244645726,0
BK1704,East Flatbush-Remsen Village,Brooklyn,2022-07,25.797854547141345,25.57089,0.22696412050560255,0
BK1704,East Flatbush-Remsen Village,Brooklyn,2022-08,24.5051515959774,24.658466,-0.15331474313392945,0
BK1704,East Flatbush-Remsen Village,Brooklyn,2022-09,34.228525967775774,34.27904,-0.050515322507429516,0
BK1704,East Flatbush-Remsen Village,Brooklyn,2022-10,38.70614923340161,38.518654,0.1874953637727046,0
BK1704,East Flatbush-Remsen Village,Brooklyn,2023-03,30.593969844213376,30.708158,-0.11418864882861612,0
BK1704,East Flatbush-Remsen Village,Brooklyn,2023-04,35.858455775765094,35.465218,0.3932381854330629,0
BK1704,East Flatbush-Remsen Village,Brooklyn,2023-05,36.176947807211285,35.603756,0.5731918562835503,0
BK1704,East Flatbush-Remsen Village,Brooklyn,2023-06,32.9732926673702,33.300552,-0.32725970079386,0
BK1704,East Flatbush-Remsen Village,Brooklyn,2023-07,27.01561819678854,26.686134,0.3294838584096347,0
BK1704,East Flatbush-Remsen Village,Brooklyn,2023-08,27.146761974442853,26.825571,0.32119091426218915,0
BK1704,East Flatbush-Remsen Village,Brooklyn,2023-09,32.84214888971589,33.170444,-0.328295598809504,0
BK1704,East Flatbush-Remsen Village,Brooklyn,2023-10,38.03169551975086,37.857437,0.17425838596179943,0
BK1704,East Flatbush-Remsen Village,Brooklyn,2024-03,28.814161433190552,29.045792,-0.23163019278601027,0
BK1704,East Flatbush-Remsen Village,Brooklyn,2024-04,30.65017432035094,30.582212,0.06796187223082129,0
BK1704,East Flatbush-Remsen Village,Brooklyn,2024-05,36.120743331073726,35.960793,0.15995078956981956,0
BK1704,East Flatbush-Remsen Village,Brooklyn,2024-06,26.34116448313779,26.636538,-0.29537306874209435,0
BK1704,East Flatbush-Remsen Village,Brooklyn,2024-07,24.99225705583628,25.399519,-0.4072619108385247,0
BK1704,East Flatbush-Remsen Village,Brooklyn,2024-08,26.659656514583975,26.552202,0.10745428985253014,0
BK1704,East Flatbush-Remsen Village,Brooklyn,2024-09,33.25431504805802,33.324406,-0.07009062210799755,0
BK1704,East Flatbush-Remsen Village,Brooklyn,2024-10,34.35966974543009,34.224632,0.1350374822464957,0
BK1704,East Flatbush-Remsen Village,Brooklyn,2025-03,29.188857940774305,29.41967,-0.23081216420616357,0
BK1704,East Flatbush-Remsen Village,Brooklyn,2025-04,33.42292847647071,33.195595,0.2273336888730526,0
BK1704,East Flatbush-Remsen Village,Brooklyn,2025-05,36.963810473137166,36.873096,0.09071400707271238,0
BK1704,East Flatbush-Remsen Village,Brooklyn,2025-06,26.847004768375857,26.97404,-0.1270343093829318,0
BK1704,East Flatbush-Remsen Village,Brooklyn,2025-07,25.779119721762157,25.689144,0.0899755872406729,0
BK1704,East Flatbush-Remsen Village,Brooklyn,2025-08,26.921944069892604,26.773157,0.14878695014162702,0
BK1704,East Flatbush-Remsen Village,Brooklyn,2025-09,32.14896035068595,31.824142,0.3248178946312592,0
BK1704,East Flatbush-Remsen Village,Brooklyn,2025-10,31.83046831923976,31.823689,0.0067798121596815974,0
BK1801,Flatlands,Brooklyn,2022-03,24.865408075841387,25.033783,-0.1683748831429881,0
BK1801,Flatlands,Brooklyn,2022-04,23.32078467527146,23.246794,0.07399092832321941,0
BK1801,Flatlands,Brooklyn,2022-05,32.633955178707794,32.78113,-0.1471765656769719,0
BK1801,Flatlands,Brooklyn,2022-06,22.83619694175933,22.83864,-0.002443271253365964,0
BK1801,Flatlands,Brooklyn,2022-07,20.852415907694027,20.736551,0.11586462290398813,0
BK1801,Flatlands,Brooklyn,2022-08,19.80752360730849,20.057417,-0.2498933085850652,0
BK1801,Flatlands,Brooklyn,2022-09,27.666930910208418,27.784342,-0.11741090192537129,0
BK1801,Flatlands,Brooklyn,2022-10,31.286195544877167,31.421593,-0.13539716752517705,0
BK1801,Flatlands,Brooklyn,2023-03,24.7291177757911,24.793703,-0.06458530343253344,0
BK1801,Flatlands,Brooklyn,2023-04,28.98440381069453,29.193554,-0.20915011386601634,0
BK1801,Flatlands,Brooklyn,2023-05,29.24184104412285,29.34688,-0.10503891498359508,0
BK1801,Flatlands,Brooklyn,2023-06,26.652325343167384,26.631506,0.020819376980860227,0
BK1801,Flatlands,Brooklyn,2023-07,21.83673474139055,21.906258,-0.06952288800398065,0
BK1801,Flatlands,Brooklyn,2023-08,21.942738308096327,22.086624,-0.14388583741148508,0
BK1801,Flatlands,Brooklyn,2023-09,26.546321776461603,26.730661,-0.18433961575031077,0
BK1801,Flatlands,Brooklyn,2023-10,30.741034344676017,30.909027,-0.1679927549333584,0
BK1801,Flatlands,Brooklyn,2024-03,23.29049794192695,23.286901,0.003596467927927449,0
BK1801,Flatlands,Brooklyn,2024-04,24.774547875807865,25.027395,-0.2528473726052205,0
BK1801,Flatlands,Brooklyn,2024-05,29.196410944106088,29.147228,0.04918270313929085,0
BK1801,Flatlands,Brooklyn,2024-06,21.291573541189397,21.244072,0.047501580740178184,0
BK1801,Flatlands,Brooklyn,2024-07,20.201251140787097,20.146164,0.055087200357409216,0
BK1801,Flatlands,Brooklyn,2024-08,21.54901077461772,21.608194,-0.059183576578568875,0
BK1801,Flatlands,Brooklyn,2024-09,26.879475843251196,26.963638,-0.08416246241286629,0
BK1801,Flatlands,Brooklyn,2024-10,27.772934476914195,27.98239,-0.2094549731590476,0
BK1801,Flatlands,Brooklyn,2025-03,23.593365275372037,23.765831,-0.1724657182803071,0
BK1801,Flatlands,Brooklyn,2025-04,27.015766143301484,26.943417,0.07234954784249936,0
BK1801,Flatlands,Brooklyn,2025-05,29.877862444357525,30.104239,-0.22637606577431058,0
BK1801,Flatlands,Brooklyn,2025-06,21.700444441340263,21.672812,0.02763293316155213,0
BK1801,Flatlands,Brooklyn,2025-07,20.837272541021772,21.047224,-0.20995150377803284,0
BK1801,Flatlands,Brooklyn,2025-08,21.761017908029277,21.75689,0.004128564767558629,0
BK1801,Flatlands,Brooklyn,2025-09,25.9860172095882,26.075706,-0.08968927234539237,0
BK1801,Flatlands,Brooklyn,2025-10,25.72857997615988,25.804361,-0.07578136722390738,0
BK1802,Marine Park-Mill Basin-Bergen Beach,Brooklyn,2022-03,31.50997690136747,31.447811,0.06216577465848516,0
BK1802,Marine Park-Mill Basin-Bergen Beach,Brooklyn,2022-04,29.55259709385256,29.57826,-0.02566332790036796,0
BK1802,Marine Park-Mill Basin-Bergen Beach,Brooklyn,2022-05,41.354445933280694,41.064003,0.2904429425580375,0
BK1802,Marine Park-Mill Basin-Bergen Beach,Brooklyn,2022-06,28.93851715424004,29.03311,-0.09459251067695362,0
BK1802,Marine Park-Mill Basin-Bergen Beach,Brooklyn,2022-07,26.42462740145128,26.520395,-0.09576787747938553,0
BK1802,Marine Park-Mill Basin-Bergen Beach,Brooklyn,2022-08,25.100517531661783,25.296299,-0.19578144905110761,0
BK1802,Marine Park-Mill Basin-Bergen Beach,Brooklyn,2022-09,35.060126552252356,34.62112,0.4390060993714968,0
BK1802,Marine Park-Mill Basin-Bergen Beach,Brooklyn,2022-10,39.646536101233366,39.438972,0.20756362808883466,0
BK1802,Marine Park-Mill Basin-Bergen Beach,Brooklyn,2023-03,31.33726691835145,31.196358,0.14090919130066837,0
BK1802,Marine Park-Mill Basin-Bergen Beach,Brooklyn,2023-04,36.7296563880739,36.51928,0.2103769080934299,0
BK1802,Marine Park-Mill Basin-Bergen Beach,Brooklyn,2023-05,37.055886355993046,36.48048,0.5754061619012489,0
BK1802,Marine Park-Mill Basin-Bergen Beach,Brooklyn,2023-06,33.77439667868864,33.75682,0.01757599997770143,0
BK1802,Marine Park-Mill Basin-Bergen Beach,Brooklyn,2023-07,27.671977278789218,27.859161,-0.18718409816390746,0
BK1802,Marine Park-Mill Basin-Bergen Beach,Brooklyn,2023-08,27.806307265579452,28.031216,-0.22490840214515728,0
BK1802,Marine Park-Mill Basin-Bergen Beach,Brooklyn,2023-09,33.6400666918984,33.26982,0.37024552490620977,0
BK1802,Marine Park-Mill Basin-Bergen Beach,Brooklyn,2023-10,38.955696169169286,38.58129,0.3744049704388175,0
BK1802,Marine Park-Mill Basin-Bergen Beach,Brooklyn,2024-03,29.514217097626776,29.68251,-0.16829327834978614,0
BK1802,Marine Park-Mill Basin-Bergen Beach,Brooklyn,2024-04,31.39483691269012,31.529278,-0.13444088882355132,0
BK1802,Marine Park-Mill Basin-Bergen Beach,Brooklyn,2024-05,36.998316361654375,36.818096,0.180220200765703,0
BK1802,Marine Park-Mill Basin-Bergen Beach,Brooklyn,2024-06,26.98113734672513,26.801897,0.17924029777493544,0
BK1802,Marine Park-Mill Basin-Bergen Beach,Brooklyn,2024-07,25.599457482596957,25.540373,0.059084634086215004,0
BK1802,Marine Park-Mill Basin-Bergen Beach,Brooklyn,2024-08,27.30736731464428,27.782043,-0.47467614238696854,0
BK1802,Marine Park-Mill Basin-Bergen Beach,Brooklyn,2024-09,34.06224665038201,34.058224,0.004022926016773454,0
BK1802,Marine Park-Mill Basin-Bergen Beach,Brooklyn,2024-10,35.19445653904259,34.88622,0.3082375143843876,0
BK1802,Marine Park-Mill Basin-Bergen Beach,Brooklyn,2025-03,29.8980170598846,30.394184,-0.49616705266422656,0
BK1802,Marine Park-Mill Basin-Bergen Beach,Brooklyn,2025-04,34.23495663339803,33.72231,0.5126475208491996,0
BK1802,Marine Park-Mill Basin-Bergen Beach,Brooklyn,2025-05,37.86186627673448,37.68941,0.17245511340440345,0
BK1802,Marine Park-Mill Basin-Bergen Beach,Brooklyn,2025-06,27.49926729577319,27.585617,-0.08634976965649699,0
BK1802,Marine Park-Mill Basin-Bergen Beach,Brooklyn,2025-07,26.40543740333839,26.564972,-0.1595345204897356,0
BK1802,Marine Park-Mill Basin-Bergen Beach,Brooklyn,2025-08,27.57602728822476,27.67504,-0.0990120031570747,0
BK1802,Marine Park-Mill Basin-Bergen Beach,Brooklyn,2025-09,32.930036761721425,32.813313,0.11672423120384678,0
BK1802,Marine Park-Mill Basin-Bergen Beach,Brooklyn,2025-10,32.60380679380227,32.509098,0.09470874082375502,0
BK1803,Canarsie,Brooklyn,2022-03,28.904882384279293,28.860424,0.044458342531246586,0
BK1803,Canarsie,Brooklyn,2022-04,27.10932939816694,27.24987,-0.14054090212603043,0
BK1803,Canarsie,Brooklyn,2022-05,37.935457696785555,37.893517,0.041941156258211265,0
BK1803,Canarsie,Brooklyn,2022-06,26.546018657425808,26.792461,-0.24644273783786375,0
BK1803,Canarsie,Brooklyn,2022-07,24.2399653125168,24.100897,0.1390684771896531,0
BK1803,Canarsie,Brooklyn,2022-08,23.025326527793737,22.96666,0.05866698189529984,0
BK1803,Canarsie,Brooklyn,2022-09,32.16152260418896,32.426792,-0.2652695405864307,0
BK1803,Canarsie,Brooklyn,2022-10,36.36874969909928,36.37902,-0.01027099181868607,0
BK1803,Canarsie,Brooklyn,2023-03,28.74645123844585,28.692997,0.053454259686084526,0
BK1803,Canarsie,Brooklyn,2023-04,33.69302368057891,33.968044,-0.27502060042694865,0
BK1803,Canarsie,Brooklyn,2023-05,33.99228251159764,34.051853,-0.05957066833400404,0
BK1803,Canarsie,Brooklyn,2023-06,30.982090740762217,30.798931,0.18315961893604538,0
BK1803,Canarsie,Brooklyn,2023-07,25.384190254647223,25.276318,0.1078726582116758,0
BK1803,Canarsie,Brooklyn,2023-08,25.507414479184348,25.49978,0.007633824277121448,0
BK1803,Canarsie,Brooklyn,2023-09,30.858866516225092,30.936708,-0.0778419340922909,0
BK1803,Canarsie,Brooklyn,2023-10,35.73502511576551,35.716587,0.018438049115118815,0
BK1803,Canarsie,Brooklyn,2024-03,27.074122476870617,27.484922,-0.4107999321870004,0
BK1803,Canarsie,Brooklyn,2024-04,28.799261620390332,29.2239,-0.4246382209182613,0
BK1803,Canarsie,Brooklyn,2024-05,33.939472129653154,34.27203,-0.3325577470558301,0
BK1803,Canarsie,Brooklyn,2024-06,24.750465671313453,24.879185,-0.12871905158693764,0
BK1803,Canarsie,Brooklyn,2024-07,23.483016504645907,23.623781,-0.1407646995777263,0
BK1803,Canarsie,Brooklyn,2024-08,25.04972450233218,25.077255,-0.027530746691258656,0
BK1803,Canarsie,Brooklyn,2024-09,31.24614265048462,31.29047,-0.04432747280639404,0
BK1803,Canarsie,Brooklyn,2024-10,32.28474682872608,32.40731,-0.1225636571137656,0
BK1803,Canarsie,Brooklyn,2025-03,27.426191689833825,27.535416,-0.10922395958023756,0
BK1803,Canarsie,Brooklyn,2025-04,31.404573796318065,31.687283,-0.2827087659377945,0
BK1803,Canarsie,Brooklyn,2025-05,34.73162785882037,34.85936,-0.1277318823905702,0
BK1803,Canarsie,Brooklyn,2025-06,25.22575910881378,25.107704,0.11805494621612311,0
BK1803,Canarsie,Brooklyn,2025-07,24.22236185186864,24.371904,-0.14954252130030454,0
BK1803,Canarsie,Brooklyn,2025-08,25.296172951406422,25.197622,0.09855065221208648,0
BK1803,Canarsie,Brooklyn,2025-09,30.20753847224316,30.48324,-0.2757016553203151,0
BK1803,Canarsie,Brooklyn,2025-10,29.908279641224436,29.966837,-0.058557288096853455,0
BX0101,Mott Haven-Port Morris,Bronx,2022-03,40.740930200942834,40.86812,-0.12718808518997804,0
BX0101,Mott Haven-Port Morris,Bronx,2022-04,37.379658576967465,37.579403,-0.1997443466165194,0
BX0101,Mott Haven-Port Morris,Bronx,2022-05,51.838921855964955,51.898544,-0.05962245555848256,0
BX0101,Mott Haven-Port Morris,Bronx,2022-06,37.930211687791015,37.765938,0.1642738826152339,0
BX0101,Mott Haven-Port Morris,Bronx,2022-07,30.715068288050784,30.906246,-0.19117789725195067,0
BX0101,Mott Haven-Port Morris,Bronx,2022-08,33.409880883134484,33.603394,-0.193512671553016,0
BX0101,Mott Haven-Port Morris,Bronx,2022-09,48.44867375247256,48.615074,-0.1664004052422854,0
BX0101,Mott Haven-Port Morris,Bronx,2022-10,55.34507587752547,55.512047,-0.16697093643937677,0
BX0101,Mott Haven-Port Morris,Bronx,2023-03,48.01402655971712,48.318928,-0.3049012051754616,0
BX0101,Mott Haven-Port Morris,Bronx,2023-04,46.999849776621105,47.16333,-0.16348030150389548,0
BX0101,Mott Haven-Port Morris,Bronx,2023-05,49.86852124880698,49.86664,0.001883065213228008,0
BX0101,Mott Haven-Port Morris,Bronx,2023-06,42.856213205685954,42.903328,-0.04711473620857731,0
BX0101,Mott Haven-Port Morris,Bronx,2023-07,35.119493174639196,35.155407,-0.03591377726510103,0
BX0101,Mott Haven-Port Morris,Bronx,2023-08,32.859327772310934,33.302383,-0.4430556505406287,0
BX0101,Mott Haven-Port Morris,Bronx,2023-09,42.68235432858378,42.99009,-0.30773508792012905,0
BX0101,Mott Haven-Port Morris,Bronx,2023-10,50.21623900301133,50.354523,-0.13828370206679352,0
BX0101,Mott Haven-Port Morris,Bronx,2024-03,39.37903566364247,39.291176,0.08785982135731274,0
BX0101,Mott Haven-Port Morris,Bronx,2024-04,39.726753417846815,40.064407,-0.33765393078599715,0
BX0101,Mott Haven-Port Morris,Bronx,2024-05,50.1872625234943,50.232285,-0.045022022404140216,0
BX0101,Mott Haven-Port Morris,Bronx,2024-06,34.250198789128326,34.48175,-0.23155169915292362,0
BX0101,Mott Haven-Port Morris,Bronx,2024-07,33.960433993958034,34.274136,-0.3137015956415752,0
BX0101,Mott Haven-Port Morris,Bronx,2024-08,34.48201062526456,34.546528,-0.06451723728427083,0
BX0101,Mott Haven-Port Morris,Bronx,2024-09,50.24521548252836,50.415955,-0.17073910731539144,0
BX0101,Mott Haven-Port Morris,Bronx,2024-10,53.867275422156986,53.920357,-0.0530813283312952,0
BX0101,Mott Haven-Port Morris,Bronx,2025-03,41.11762443466421,41.052086,0.06553855819936416,0
BX0101,Mott Haven-Port Morris,Bronx,2025-04,45.6959081983548,46.11338,-0.4174722337741059,0
BX0101,Mott Haven-Port Morris,Bronx,2025-05,49.578756453636686,49.413357,0.16539967263082644,0
BX0101,Mott Haven-Port Morris,Bronx,2025-06,36.04674051918413,36.15859,-0.11184789023970154,0
BX0101,Mott Haven-Port Morris,Bronx,2025-07,30.74404476756781,30.820019,-0.07597400074273608,0
BX0101,Mott Haven-Port Morris,Bronx,2025-08,32.6275159361747,32.89739,-0.2698725220772502,0
BX0101,Mott Haven-Port Morris,Bronx,2025-09,44.76866085380987,44.792484,-0.023823429637396032,0
BX0101,Mott Haven-Port Morris,Bronx,2025-10,45.522049321252624,45.736073,-0.21402321903057953,0
BX0102,Melrose,Bronx,2022-03,40.95367570820255,41.038555,-0.08487943706111878,0
BX0102,Melrose,Bronx,2022-04,37.57485182331529,37.683243,-0.10839097453627033,0
BX0102,Melrose,Bronx,2022-05,52.10962008675275,52.32234,-0.21271801749529828,0
BX0102,Melrose,Bronx,2022-06,38.12827987342614,38.155502,-0.02722244590979983,0
BX0102,Melrose,Bronx,2022-07,30.87545963776295,31.040747,-0.16528705107982233,0
BX0102,Melrose,Bronx,2022-08,33.584344304094984,33.6567,-0.07235583018236014,0
BX0102,Melrose,Bronx,2022-09,48.70166840975439,48.913574,-0.21190580899560985,0
BX0102,Melrose,Bronx,2022-10,55.634082932195504,55.61389,0.020191330633004156,0
BX0102,Melrose,Bronx,2023-03,48.264751528087935,48.325874,-0.06112280052534658,0
BX0102,Melrose,Bronx,2023-04,47.245278804199536,47.58841,-0.3431306196285888,0
BX0102,Melrose,Bronx,2023-05,50.128930223198154,50.27394,-0.14501081684090877,0
BX0102,Melrose,Bronx,2023-06,43.08000453231265,43.072117,0.007887680506009076,0
BX0102,Melrose,Bronx,2023-07,35.302884038649715,35.25003,0.05285352107159014,0
BX0102,Melrose,Bronx,2023-08,33.03091625398414,33.279003,-0.24808688932640877,0
BX0102,Melrose,Bronx,2023-09,42.905237779646065,43.138824,-0.23358668324456033,0
BX0102,Melrose,Bronx,2023-10,50.47846372853132,50.760197,-0.28173295725969894,0
BX0102,Melrose,Bronx,2024-03,39.58466947898099,39.451893,0.13277662619778852,0
BX0102,Melrose,Bronx,2024-04,39.934202984314155,40.117126,-0.1829234805295954,0
BX0102,Melrose,Bronx,2024-05,50.44933593642022,50.649487,-0.2001506053278277,0
BX0102,Melrose,Bronx,2024-06,34.429050275316804,34.557915,-0.12886445856991458,0
BX0102,Melrose,Bronx,2024-07,34.13777235420583,34.348328,-0.21055528251292088,0
BX0102,Melrose,Bronx,2024-08,34.66207261220558,34.651207,0.010865641990733366,0
BX0102,Melrose,Bronx,2024-09,50.507591520642414,50.72632,-0.2187268387325858,0
BX0102,Melrose,Bronx,2024-10,54.14856553452955,54.351982,-0.20341658216966607,0
BX0102,Melrose,Bronx,2025-03,41.33233700564682,41.259422,0.07291470340072692,0
BX0102,Melrose,Bronx,2025-04,45.93452815920016,46.4044,-0.46987171262600924,0
BX0102,Melrose,Bronx,2025-05,49.83765230208718,49.63977,0.19788179427467867,0
BX0102,Melrose,Bronx,2025-06,36.23497338620482,36.23084,0.004134610570055486,0
BX0102,Melrose,Bronx,2025-07,30.90458742987405,30.93364,-0.02905209649313889,0
BX0102,Melrose,Bronx,2025-08,32.797893917095365,32.997787,-0.19989355849057233,0
BX0102,Melrose,Bronx,2025-09,45.00243881164506,45.012234,-0.009794922485802715,0
BX0102,Melrose,Bronx,2025-10,45.759761406533585,45.87123,-0.1114696725679778,0
BX0201,Hunts Point,Bronx,2022-03,40.99076130635522,40.86309,0.1276707912184989,0
BX0201,Hunts Point,Bronx,2022-04,37.608877727737,37.565903,0.04297501777606527,0
BX0201,Hunts Point,Bronx,2022-05,52.15680794955155,52.131615,0.025193264492955336,0
BX0201,Hunts Point,Bronx,2022-06,38.16280693457964,38.070633,0.0921740000093294,0
BX0201,Hunts Point,Bronx,2022-07,30.903418908062967,30.896555,0.006863961163553256,0
BX0201,Hunts Point,Bronx,2022-08,33.614756604713776,33.54046,0.07429792551455705,0
BX0201,Hunts Point,Bronx,2022-09,48.74577020215215,48.628,0.11777185010137003,0
BX0201,Hunts Point,Bronx,2022-10,55.68446237207572,55.6926,-0.008137878168419377,0
BX0201,Hunts Point,Bronx,2023-03,48.30845767043428,48.35895,-0.05049389816923622,0
BX0201,Hunts Point,Bronx,2023-04,47.28806176309258,47.329166,-0.041104649260937265,0
BX0201,Hunts Point,Bronx,2023-05,50.174324472430534,50.057934,0.1163906650574873,0
BX0201,Hunts Point,Bronx,2023-06,43.1190156273822,42.97204,0.1469773583392282,0
BX0201,Hunts Point,Bronx,2023-07,35.33485256280407,35.176823,0.15802990045055765,0
BX0201,Hunts Point,Bronx,2023-08,33.06082739787114,33.278713,-0.2178858284472227,0
BX0201,Hunts Point,Bronx,2023-09,42.94409061469504,42.80401,0.14008213080832377,0
BX0201,Hunts Point,Bronx,2023-10,50.52417449780483,50.462116,0.06205825634975071,0
BX0201,Hunts Point,Bronx,2024-03,39.620515373639215,39.35409,0.26642372935210545,0
BX0201,Hunts Point,Bronx,2024-04,39.97036539901352,39.861565,0.10880076278304784,0
BX0201,Hunts Point,Bronx,2024-05,50.49502032902364,50.50114,-0.006120265458783081,0
BX0201,Hunts Point,Bronx,2024-06,34.46022749936833,34.391926,0.06830168760075139,0
BX0201,Hunts Point,Bronx,2024-07,34.16868581155641,34.17505,-0.0063630165685921725,0
BX0201,Hunts Point,Bronx,2024-08,34.69346084961786,34.52387,0.1695922888268413,0
BX0201,Hunts Point,Bronx,2024-09,50.55332866658602,50.42043,0.13289943684969074,0
BX0201,Hunts Point,Bronx,2024-10,54.19759976423496,54.311855,-0.11425555192715109,0
BX0201,Hunts Point,Bronx,2025-03,41.36976550051071,40.98727,0.38249514528610007,0
BX0201,Hunts Point,Bronx,2025-04,45.97612416793896,46.19802,-0.22189676711963102,0
BX0201,Hunts Point,Bronx,2025-05,49.88278278461862,49.68718,0.1956032191889321,0
BX0201,Hunts Point,Bronx,2025-06,36.2677859638022,36.156883,0.11090272405610335,0
BX0201,Hunts Point,Bronx,2025-07,30.932573076844157,30.848526,0.08404707586759486,0
BX0201,Hunts Point,Bronx,2025-08,32.8275940476216,32.93054,-0.10294412986863222,0
BX0201,Hunts Point,Bronx,2025-09,45.04319076694083,44.75643,0.28675918735098804,0
BX0201,Hunts Point,Bronx,2025-10,45.80119915525181,45.75918,0.04202099363071454,0
BX0202,Longwood,Bronx,2022-03,41.34915884475248,41.149933,0.1992259834243555,0
BX0202,Longwood,Bronx,2022-04,37.93770619468756,37.642353,0.295353136826229,0
BX0202,Longwood,Bronx,2022-05,52.61283440488065,52.602863,0.009971093113072982,0
BX0202,Longwood,Bronx,2022-06,38.496478611508536,38.454247,0.042232090512442255,0
BX0202,Longwood,Bronx,2022-07,31.17361904369675,31.114552,0.05906749950729662,0
BX0202,Longwood,Bronx,2022-08,33.9086629786626,33.89551,0.013151351465332084,0
BX0202,Longwood,Bronx,2022-09,49.17197268024619,49.019905,0.1520675899141608,0
BX0202,Longwood,Bronx,2022-10,56.1713324277932,56.302555,-0.1312226564353125,0
BX0202,Longwood,Bronx,2023-03,48.73083656170331,48.860138,-0.12930137774981176,0
BX0202,Longwood,Bronx,2023-04,47.701518951769934,47.682056,0.019462524767980938,0
BX0202,Longwood,Bronx,2023-05,50.61301733415293,50.486694,0.12632299821542858,0
BX0202,Longwood,Bronx,2023-06,43.496021288327825,43.133564,0.3624572929664964,0
BX0202,Longwood,Bronx,2023-07,35.643798378264584,35.41058,0.23321869686810004,0
BX0202,Longwood,Bronx,2023-08,33.34989056184162,33.581333,-0.2314425985587718,0
BX0202,Longwood,Bronx,2023-09,43.319566840910674,43.06199,0.2575780103442682,0
BX0202,Longwood,Bronx,2023-10,50.96592622898723,51.13399,-0.16806501246784933,0
BX0202,Longwood,Bronx,2024-03,39.966932339984794,39.54763,0.41930202992620025,0
BX0202,Longwood,Bronx,2024-04,40.3198412348191,40.020958,0.29888328804175757,0
BX0202,Longwood,Bronx,2024-05,50.93651715441771,50.87351,0.0630087010485667,0
BX0202,Longwood,Bronx,2024-06,34.76152614117883,34.764805,-0.0032786989090638485,0
BX0202,Longwood,Bronx,2024-07,34.46743539548358,34.365776,0.10165933347185785,0
BX0202,Longwood,Bronx,2024-08,34.996798737735034,34.824036,0.17276309320378402,0
BX0202,Longwood,Bronx,2024-09,50.99533530355676,50.794533,0.20080252767785112,0
BX0202,Longwood,Bronx,2024-10,54.67146962474742,54.829784,-0.15831476856313031,0
BX0202,Longwood,Bronx,2025-03,41.73147681415631,41.247204,0.4842729872520124,0
BX0202,Longwood,Bronx,2025-04,46.3781105961413,46.436653,-0.058542541065733644,0
BX0202,Longwood,Bronx,2025-05,50.31892658845768,49.897415,0.4215114273248659,0
BX0202,Longwood,Bronx,2025-06,36.58488876448939,36.420372,0.16451675521204834,0
BX0202,Longwood,Bronx,2025-07,31.203028118266275,31.110083,0.09294549192350132,0
BX0202,Longwood,Bronx,2025-08,33.11461796528542,33.222313,-0.10769496196067507,0
BX0202,Longwood,Bronx,2025-09,45.43702020991649,44.93235,0.5046700512250837,0
BX0202,Longwood,Bronx,2025-10,46.20165614872415,45.808815,0.39284114628274125,0
BX0301,Morrisania,Bronx,2022-03,41.37738694513208,41.32172,0.05566682184106497,0
BX0301,Morrisania,Bronx,2022-04,37.96360537640141,38.30244,-0.3388352669091361,0
BX0301,Morrisania,Bronx,2022-05,52.6487519522342,52.697277,-0.048525116857597084,0
BX0301,Morrisania,Bronx,2022-06,38.52275925403833,38.61134,-0.08858031505346986,0
BX0301,Morrisania,Bronx,2022-07,31.194900541849226,31.249561,-0.054660767965227564,0
BX0301,Morrisania,Bronx,2022-08,33.931811627124674,33.92197,0.009841259693033066,0
BX0301,Morrisania,Bronx,2022-09,49.20554123204896,48.990036,0.21550522130677052,0
BX0301,Morrisania,Bronx,2022-10,56.20967927823774,56.373505,-0.16382536043413154,0
BX0301,Morrisania,Bronx,2023-03,48.76410396023034,48.748077,0.016026567652211554,0
BX0301,Morrisania,Bronx,2023-04,47.73408365932022,47.958157,-0.22407292637313958,0
BX0301,Morrisania,Bronx,2023-05,50.64756965332312,50.735916,-0.08834648437219528,0
BX0301,Morrisania,Bronx,2023-06,43.52571500131604,43.518436,0.0072785694312713645,0
BX0301,Morrisania,Bronx,2023-07,35.66813156294458,35.51533,0.15280029463403366,0
BX0301,Morrisania,Bronx,2023-08,33.37265774948775,33.673122,-0.30046465651810905,0
BX0301,Morrisania,Bronx,2023-09,43.349140092588584,43.422215,-0.07307441546805649,0
BX0301,Morrisania,Bronx,2023-10,51.000719470778016,51.130127,-0.12940748234698418,0
BX0301,Morrisania,Bronx,2024-03,39.994216826767065,39.65728,0.3369368585053465,0
BX0301,Morrisania,Bronx,2024-04,40.34736664422197,40.286434,0.06093247063798657,0
BX0301,Morrisania,Bronx,2024-05,50.97129031932344,51.020996,-0.04970577442656321,0
BX0301,Morrisania,Bronx,2024-06,34.78525701930734,34.86255,-0.0772918088176624,0
BX0301,Morrisania,Bronx,2024-07,34.49096550476159,34.61813,-0.12716422546301942,0
BX0301,Morrisania,Bronx,2024-08,35.020690230943934,35.006786,0.01390388450838742,0
BX0301,Morrisania,Bronx,2024-09,51.030148622232595,50.97259,0.05755722208611047,0
BX0301,Morrisania,Bronx,2024-10,54.70879255405443,54.881683,-0.1728907955549417,0
BX0301,Morrisania,Bronx,2025-03,41.75996591404155,41.373287,0.38667871311381674,0
BX0301,Morrisania,Bronx,2025-04,46.409771843864355,46.677513,-0.26774127869423836,0
BX0301,Morrisania,Bronx,2025-05,50.35327813877738,50.14719,0.20608804478323606,0
BX0301,Morrisania,Bronx,2025-06,36.609864409490974,36.474354,0.1355106192077713,0
BX0301,Morrisania,Bronx,2025-07,31.22432969330379,31.113464,0.11086533783504038,0
BX0301,Morrisania,Bronx,2025-08,33.137224537851154,33.357788,-0.22056354808634637,0
BX0301,Morrisania,Bronx,2025-09,45.46803899731797,45.21579,0.2522492023960936,0
BX0301,Morrisania,Bronx,2025-10,46.23319693513691,46.26326,-0.030062952558402856,0
BX0302,Claremont Village-Claremont (East),Bronx,2022-03,41.39017650967357,41.27523,0.11494610195872923,0
BX0302,Claremont Village-Claremont (East),Bronx,2022-04,37.975339756386134,38.073677,-0.09833730660214712,0
BX0302,Claremont Village-Claremont (East),Bronx,2022-05,52.66502544509674,52.58777,0.07725689040923811,0
BX0302,Claremont Village-Claremont (East),Bronx,2022-06,38.534666465976315,38.549057,-0.014390540859622547,0
BX0302,Claremont Village-Claremont (East),Bronx,2022-07,31.2045427455576,31.159872,0.04467069050388872,0
BX0302,Claremont Village-Claremont (East),Bronx,2022-08,33.94229979776218,33.888702,0.05359740518405687,0
BX0302,Claremont Village-Claremont (East),Bronx,2022-09,49.22075044393614,48.994972,0.22577821493223382,0
BX0302,Claremont Village-Claremont (East),Bronx,2022-10,56.227053437750016,56.40615,-0.17909738012107823,0
BX0302,Claremont Village-Claremont (East),Bronx,2023-03,48.779176725838624,48.83332,-0.05414389183715684,0
BX0302,Claremont Village-Claremont (East),Bronx,2023-04,47.74883805027776,47.85834,-0.109503166763254,0
BX0302,Claremont Village-Claremont (East),Bronx,2023-05,50.663224589721345,50.622063,0.041161906615876376,0
BX0302,Claremont Village-Claremont (East),Bronx,2023-06,43.5391686044148,43.464836,0.07433248380932866,0
BX0302,Claremont Village-Claremont (East),Bronx,2023-07,35.679156422279064,35.535954,0.1432029005505484,0
BX0302,Claremont Village-Claremont (East),Bronx,2023-08,33.382973088171994,33.498352,-0.11537896260925606,0
BX0302,Claremont Village-Claremont (East),Bronx,2023-09,43.36253911717579,43.349285,0.013253991443370694,0
BX0302,Claremont Village-Claremont (East),Bronx,2023-10,51.016483564199355,51.16694,-0.15045521753892643,0
BX0302,Claremont Village-Claremont (East),Bronx,2024-03,40.00657885963469,39.698814,0.30776446754484965,0
BX0302,Claremont Village-Claremont (East),Bronx,2024-04,40.3598378341127,40.279457,0.08038074182754684,0
BX0302,Claremont Village-Claremont (East),Bronx,2024-05,50.98704531632619,50.872646,0.11439898453907915,0
BX0302,Claremont Village-Claremont (East),Bronx,2024-06,34.79600898608404,34.772556,0.02345268115239918,0
BX0302,Claremont Village-Claremont (East),Bronx,2024-07,34.50162650735236,34.568226,-0.06659935324334043,0
BX0302,Claremont Village-Claremont (East),Bronx,2024-08,35.03151496906938,34.95791,0.07360633869828348,0
BX0302,Claremont Village-Claremont (East),Bronx,2024-09,51.04592181207252,50.93352,0.11240054132056798,0
BX0302,Claremont Village-Claremont (East),Bronx,2024-10,54.72570279621847,54.679447,0.046255622146205155,0
BX0302,Claremont Village-Claremont (East),Bronx,2025-03,41.77287373202475,41.349983,0.4228905166927177,0
BX0302,Claremont Village-Claremont (East),Bronx,2025-04,46.42411689598522,46.510242,-0.0861255661729814,0
BX0302,Claremont Village-Claremont (East),Bronx,2025-05,50.36884211098967,50.20258,0.1662626126986524,0
BX0302,Claremont Village-Claremont (East),Bronx,2025-06,36.62118035422043,36.411743,0.20943719015792794,0
BX0302,Claremont Village-Claremont (East),Bronx,2025-07,31.23398099343077,31.151947,0.0820339719463945,0
BX0302,Claremont Village-Claremont (East),Bronx,2025-08,33.14746710518666,33.218204,-0.07073739310435911,0
BX0302,Claremont Village-Claremont (East),Bronx,2025-09,45.48209296404386,45.295563,0.18653021990323282,0
BX0302,Claremont Village-Claremont (East),Bronx,2025-10,46.24748740874622,46.167866,0.07962165557238876,0
BX0303,Crotona Park East,Bronx,2022-03,41.39017650967357,42.055725,-0.665548587982677,0
BX0303,Crotona Park East,Bronx,2022-04,37.975339756386134,38.47834,-0.5030003925396471,0
BX0303,Crotona Park East,Bronx,2022-05,52.66502544509674,52.254414,0.41061184036041,0
BX0303,Crotona Park East,Bronx,2022-06,38.534666465976315,37.88025,0.654417442538815,0
BX0303,Crotona Park East,Bronx,2022-07,31.2045427455576,31.390203,-0.18566073039454878,0
BX0303,Crotona Park East,Bronx,2022-08,33.94229979776218,34.051384,-0.10908417440578688,0
BX0303,Crotona Park East,Bronx,2022-09,49.22075044393614,48.992416,0.22833406210020257,0
BX0303,Crotona Park East,Bronx,2022-10,56.227053437750016,55.182407,1.044646058599625,0
BX0303,Crotona Park East,Bronx,2023-03,48.779176725838624,48.002357,0.7768192429284682,0
BX0303,Crotona Park East,Bronx,2023-04,47.74883805027776,47.593517,0.15532074681096475,0
BX0303,Crotona Park East,Bronx,2023-05,50.663224589721345,50.036934,0.6262906907955639,0
BX0303,Crotona Park East,Bronx,2023-06,43.5391686044148,43.61503,-0.07585977693285884,0
BX0303,Crotona Park East,Bronx,2023-07,35.679156422279064,35.360165,0.31899177994507966,0
BX0303,Crotona Park East,Bronx,2023-08,33.382973088171994,33.756615,-0.3736415968865998,0
BX0303,Crotona Park East,Bronx,2023-09,43.36253911717579,43.565697,-0.20315759913280118,0
BX0303,Crotona Park East,Bronx,2023-10,51.016483564199355,49.922913,1.0935709665431048,0
BX0303,Crotona Park East,Bronx,2024-03,40.00657885963469,39.99103,0.015547212906177776,0
BX0303,Crotona Park East,Bronx,2024-04,40.3598378341127,40.919224,-0.5593859512876875,0
BX0303,Crotona Park East,Bronx,2024-05,50.98704531632619,49.786583,1.2004623695488448,0
BX0303,Crotona Park East,Bronx,2024-06,34.79600898608404,34.707504,0.0885047136231023,0
BX0303,Crotona Park East,Bronx,2024-07,34.50162650735236,34.452065,0.049561993192206444,0
BX0303,Crotona Park East,Bronx,2024-08,35.03151496906938,34.802036,0.2294786836689866,0
BX0303,Crotona Park East,Bronx,2024-09,51.04592181207252,50.095192,0.9507298565061149,0
BX0303,Crotona Park East,Bronx,2024-10,54.72570279621847,53.44332,1.282381568191127,0
BX0303,Crotona Park East,Bronx,2025-03,41.77287373202475,42.114548,-0.34167399746743854,0
BX0303,Crotona Park East,Bronx,2025-04,46.42411689598522,45.602398,0.8217189772840499,0
BX0303,Crotona Park East,Bronx,2025-05,50.36884211098967,50.01803,0.35081385171232427,0
BX0303,Crotona Park East,Bronx,2025-06,36.62118035422043,35.670578,0.9506023512907404,0
BX0303,Crotona Park East,Bronx,2025-07,31.23398099343077,31.662216,-0.428235193092668,0
BX0303,Crotona Park East,Bronx,2025-08,33.14746710518666,33.459797,-0.3123298003309216,0
BX0303,Crotona Park East,Bronx,2025-09,45.48209296404386,45.505188,-0.02309502423739218,0
BX0303,Crotona Park East,Bronx,2025-10,46.24748740874622,46.21806,0.02942786895129501,0
BX0401,Concourse-Concourse Village,Bronx,2022-03,41.325235322729895,41.29461,0.030626252905676665,0
BX0401,Concourse-Concourse Village,Bronx,2022-04,37.91575644830837,37.876186,0.0395700774587624,0
BX0401,Concourse-Concourse Village,Bronx,2022-05,52.58239402017339,52.566227,0.016167060944873413,0
BX0401,Concourse-Concourse Village,Bronx,2022-06,38.4742055742912,38.25566,0.21854456354900975,0
BX0401,Concourse-Concourse Village,Bronx,2022-07,31.155582817989824,31.128574,0.027008446651933582,0
BX0401,Concourse-Concourse Village,Bronx,2022-08,33.889044329379495,33.809044,0.08000044510215076,0
BX0401,Concourse-Concourse Village,Bronx,2022-09,49.14352308648961,49.058254,0.08526884454624906,0
BX0401,Concourse-Concourse Village,Bronx,2022-10,56.13883319090619,55.964302,0.17453112791790915,0
BX0401,Concourse-Concourse Village,Bronx,2023-03,48.70264219755579,48.813545,-0.11090302949499176,0
BX0401,Concourse-Concourse Village,Bronx,2023-04,47.67392012337688,47.75483,-0.08090928336140024,0
BX0401,Concourse-Concourse Village,Bronx,2023-05,50.58373399034008,50.487522,0.09621186509593826,0
BX0401,Concourse-Concourse Village,Bronx,2023-06,43.47085564887448,43.116146,0.3547095612279989,0
BX0401,Concourse-Concourse Village,Bronx,2023-07,35.62317582585251,35.372128,0.2510482928935289,0
BX0401,Concourse-Concourse Village,Bronx,2023-08,33.33059520339666,33.455723,-0.1251276054412287,0
BX0401,Concourse-Concourse Village,Bronx,2023-09,43.29450329330095,43.236004,0.058499417568526724,0
BX0401,Concourse-Concourse Village,Bronx,2023-10,50.936438701487134,50.937244,-0.0008057137960690852,0
BX0401,Concourse-Concourse Village,Bronx,2024-03,39.94380853740393,39.66826,0.2755498704117443,0
BX0401,Concourse-Concourse Village,Bronx,2024-04,40.29651324855099,40.360916,-0.06440288914432557,0
BX0401,Concourse-Concourse Village,Bronx,2024-05,50.90704664222488,50.855988,0.051059093396752075,0
BX0401,Concourse-Concourse Village,Bronx,2024-06,34.741414047984875,34.78549,-0.04407408067723395,0
BX0401,Concourse-Concourse Village,Bronx,2024-07,34.447493455362334,34.453102,-0.005608656454072047,0
BX0401,Concourse-Concourse Village,Bronx,2024-08,34.97655052208292,34.771084,0.20546669029580755,0
BX0401,Concourse-Concourse Village,Bronx,2024-09,50.96583076074939,50.822968,0.142863231452516,0
BX0401,Concourse-Concourse Village,Bronx,2024-10,54.639838168531206,54.521107,0.11873144856050288,0
BX0401,Concourse-Concourse Village,Bronx,2025-03,41.70733209313921,41.305176,0.40215631188920753,0
BX0401,Concourse-Concourse Village,Bronx,2025-04,46.351277456575424,46.45342,-0.10214127511402893,0
BX0401,Concourse-Concourse Village,Bronx,2025-05,50.28981339771754,49.846157,0.4436563237429283,0
BX0401,Concourse-Concourse Village,Bronx,2025-06,36.56372172224466,36.377975,0.1857462583774705,0
BX0401,Concourse-Concourse Village,Bronx,2025-07,31.18497487725208,31.017836,0.16713926018665148,0
BX0401,Concourse-Concourse Village,Bronx,2025-08,33.09545872929862,33.040104,0.0553548169451048,0
BX0401,Concourse-Concourse Village,Bronx,2025-09,45.41073156018328,45.063465,0.3472664417750764,0
BX0401,Concourse-Concourse Village,Bronx,2025-10,46.1749251010019,45.96666,0.20826555510345912,0
BX0402,Highbridge,Bronx,2022-03,40.46729974403738,40.80678,-0.33948202476144473,0
BX0402,Highbridge,Bronx,2022-04,37.128603605837995,37.45305,-0.3244451002166926,0
BX0402,Highbridge,Bronx,2022-05,51.49075337274742,51.671436,-0.18068293706703287,0
BX0402,Highbridge,Bronx,2022-06,37.67545900778445,37.77317,-0.09771146340695935,0
BX0402,Highbridge,Bronx,2022-07,30.508775055959905,30.727747,-0.21897190754107143,0
BX0402,Highbridge,Bronx,2022-08,33.18548833917148,33.28616,-0.10067117620938149,0
BX0402,Highbridge,Bronx,2022-09,48.1232753712877,48.406612,-0.2833370249525373,0
BX0402,Highbridge,Bronx,2022-10,54.973358827248504,55.208935,-0.23557595668704323,0
BX0402,Highbridge,Bronx,2023-03,47.691547422382605,48.17854,-0.4869918537404416,0
BX0402,Highbridge,Bronx,2023-04,46.68418220827072,47.08934,-0.4051580016902179,0
BX0402,Highbridge,Bronx,2023-05,49.53358667104433,49.981895,-0.4483087757330111,0
BX0402,Highbridge,Bronx,2023-06,42.568375762042166,42.85237,-0.2839954537781466,0
BX0402,Highbridge,Bronx,2023-07,34.88361827153151,34.967133,-0.0835142968278646,0
BX0402,Highbridge,Bronx,2023-08,32.63863293722503,32.96811,-0.329476193634342,0
BX0402,Highbridge,Bronx,2023-09,42.39568458248013,42.859932,-0.4642473633206521,0
BX0402,Highbridge,Bronx,2023-10,49.87896903016841,50.52444,-0.6454717352124462,0
BX0402,Highbridge,Bronx,2024-03,39.114552170801424,39.225887,-0.11133512778256005,0
BX0402,Highbridge,Bronx,2024-04,39.4599345299255,39.927883,-0.4679486182678616,0
BX0402,Highbridge,Bronx,2024-05,49.85018716690807,50.21436,-0.36417211653919423,0
BX0402,Highbridge,Bronx,2024-06,34.02016237372133,34.26062,-0.2404577434661732,0
BX0402,Highbridge,Bronx,2024-07,33.73234374111793,33.95011,-0.21776764804222637,0
BX0402,Highbridge,Bronx,2024-08,34.25041727980405,34.30876,-0.058344316875640345,0
BX0402,Highbridge,Bronx,2024-09,49.90775089342875,50.005222,-0.0974714271278927,0
BX0402,Highbridge,Bronx,2024-10,53.50548380097119,53.522537,-0.017053430474121,0
BX0402,Highbridge,Bronx,2025-03,40.8414639664218,40.82361,0.01785556798429866,0
BX0402,Highbridge,Bronx,2025-04,45.38899836155544,45.49595,-0.10695042994846915,0
BX0402,Highbridge,Bronx,2025-05,49.24576803844094,49.31585,-0.07008126575827589,0
BX0402,Highbridge,Bronx,2025-06,35.80463789586238,35.841187,-0.03654862757512234,0
BX0402,Highbridge,Bronx,2025-07,30.537556919220243,30.656738,-0.1191813620297566,0
BX0402,Highbridge,Bronx,2025-08,32.40837803114231,32.63496,-0.22658214341823424,0
BX0402,Highbridge,Bronx,2025-09,44.46797873722458,44.538242,-0.07026360286331368,0
BX0402,Highbridge,Bronx,2025-10,45.21630718199341,45.402992,-0.18668506654174877,0
BX0403,Mount Eden-Claremont (West),Bronx,2022-03,41.39017650967357,41.452137,-0.061960483734630145,0
BX0403,Mount Eden-Claremont (West),Bronx,2022-04,37.975339756386134,38.129612,-0.1542722126080065,0
BX0403,Mount Eden-Claremont (West),Bronx,2022-05,52.66502544509674,52.71954,-0.054514197237246265,0
BX0403,Mount Eden-Claremont (West),Bronx,2022-06,38.534666465976315,38.54038,-0.005712104580325672,0
BX0403,Mount Eden-Claremont (West),Bronx,2022-07,31.2045427455576,31.291594,-0.08705080607814253,0
BX0403,Mount Eden-Claremont (West),Bronx,2022-08,33.94229979776218,33.988758,-0.04645828939602126,0
BX0403,Mount Eden-Claremont (West),Bronx,2022-09,49.22075044393614,49.355522,-0.13477171182557868,0
BX0403,Mount Eden-Claremont (West),Bronx,2022-10,56.227053437750016,56.17163,0.05542257837501552,0
BX0403,Mount Eden-Claremont (West),Bronx,2023-03,48.779176725838624,48.880814,-0.1016368727941881,0
BX0403,Mount Eden-Claremont (West),Bronx,2023-04,47.74883805027776,47.938747,-0.18990935572809775,0
BX0403,Mount Eden-Claremont (West),Bronx,2023-05,50.663224589721345,50.776207,-0.11298238049349862,0
BX0403,Mount Eden-Claremont (West),Bronx,2023-06,43.5391686044148,43.470284,0.06888509611401616,0
BX0403,Mount Eden-Claremont (West),Bronx,2023-07,35.679156422279064,35.530365,0.14879143204468903,0
BX0403,Mount Eden-Claremont (West),Bronx,2023-08,33.382973088171994,33.61437,-0.2313953505487092,0
BX0403,Mount Eden-Claremont (West),Bronx,2023-09,43.36253911717579,43.57745,-0.2149106814081918,0
BX0403,Mount Eden-Claremont (West),Bronx,2023-10,51.016483564199355,51.183773,-0.16728947657212956,0
BX0403,Mount Eden-Claremont (West),Bronx,2024-03,40.00657885963469,39.83253,0.17404788429289653,0
BX0403,Mount Eden-Claremont (West),Bronx,2024-04,40.3598378341127,40.597687,-0.2378489334654219,0
BX0403,Mount Eden-Claremont (West),Bronx,2024-05,50.98704531632619,51.013428,-0.026382418048811473,0
BX0403,Mount Eden-Claremont (West),Bronx,2024-06,34.79600898608404,34.90681,-0.11080177441400707,0
BX0403,Mount Eden-Claremont (West),Bronx,2024-07,34.50162650735236,34.6595,-0.1578736147179498,0
BX0403,Mount Eden-Claremont (West),Bronx,2024-08,35.03151496906938,34.941948,0.08956703205765848,0
BX0403,Mount Eden-Claremont (West),Bronx,2024-09,51.04592181207252,50.94608,0.09984255792213048,0
BX0403,Mount Eden-Claremont (West),Bronx,2024-10,54.72570279621847,54.700497,0.025206122634486405,0
BX0403,Mount Eden-Claremont (West),Bronx,2025-03,41.77287373202475,41.59139,0.18148502963217084,0
BX0403,Mount Eden-Claremont (West),Bronx,2025-04,46.42411689598522,46.62831,-0.20419426124134077,0
BX0403,Mount Eden-Claremont (West),Bronx,2025-05,50.36884211098967,50.08365,0.285193429349043,0
BX0403,Mount Eden-Claremont (West),Bronx,2025-06,36.62118035422043,36.465008,0.15617257223800607,0
BX0403,Mount Eden-Claremont (West),Bronx,2025-07,31.23398099343077,31.18603,0.04795155922666794,0
BX0403,Mount Eden-Claremont (West),Bronx,2025-08,33.14746710518666,33.282753,-0.13528588553599974,0
BX0403,Mount Eden-Claremont (West),Bronx,2025-09,45.48209296404386,45.34572,0.13637458025479532,0
BX0403,Mount Eden-Claremont (West),Bronx,2025-10,46.24748740874622,46.3525,-0.10501350678112686,0
BX0501,University Heights (South)-Morris Heights,Bronx,2022-03,41.39017650967357,41.225815,0.16436169033763548,0
BX0501,University Heights (South)-Morris Heights,Bronx,2022-04,37.975339756386134,37.96745,0.007890568153712252,0
BX0501,University Heights (South)-Morris Heights,Bronx,2022-05,52.66502544509674,52.501385,0.16364070998931624,0
BX0501,University Heights (South)-Morris Heights,Bronx,2022-06,38.534666465976315,38.394012,0.14065401480443995,0
BX0501,University Heights (South)-Morris Heights,Bronx,2022-07,31.2045427455576,31.20217,0.0023733272226387214,0
BX0501,University Heights (South)-Morris Heights,Bronx,2022-08,33.94229979776218,33.90657,0.03572936319186937,0
BX0501,University Heights (South)-Morris Heights,Bronx,2022-09,49.22075044393614,49.1011,0.1196495223052807,0
BX0501,University Heights (South)-Morris Heights,Bronx,2022-10,56.227053437750016,56.048374,0.1786792617246249,0
BX0501,University Heights (South)-Morris Heights,Bronx,2023-03,48.779176725838624,48.640915,0.1382618088464369,0
BX0501,University Heights (South)-Morris Heights,Bronx,2023-04,47.74883805027776,47.745945,0.0028930734711209993,0
BX0501,University Heights (South)-Morris Heights,Bronx,2023-05,50.663224589721345,50.50065,0.16257609118618888,0
BX0501,University Heights (South)-Morris Heights,Bronx,2023-06,43.5391686044148,43.342003,0.19716573576245366,0
BX0501,University Heights (South)-Morris Heights,Bronx,2023-07,35.679156422279064,35.468502,0.21065437760132966,0
BX0501,University Heights (South)-Morris Heights,Bronx,2023-08,33.382973088171994,33.52268,-0.1397052870721467,0
BX0501,University Heights (South)-Morris Heights,Bronx,2023-09,43.36253911717579,43.380608,-0.01806848780467618,0
BX0501,University Heights (South)-Morris Heights,Bronx,2023-10,51.016483564199355,50.949734,0.06674983006849544,0
BX0501,University Heights (South)-Morris Heights,Bronx,2024-03,40.00657885963469,39.664597,0.3419823020175059,0
BX0501,University Heights (South)-Morris Heights,Bronx,2024-04,40.3598378341127,40.430374,-0.07053631139510941,0
BX0501,University Heights (South)-Morris Heights,Bronx,2024-05,50.98704531632619,50.867588,0.1194572731132979,0
BX0501,University Heights (South)-Morris Heights,Bronx,2024-06,34.79600898608404,34.740917,0.05509178027349293,0
BX0501,University Heights (South)-Morris Heights,Bronx,2024-07,34.50162650735236,34.577312,-0.07568596213005918,0
BX0501,University Heights (South)-Morris Heights,Bronx,2024-08,35.03151496906938,34.823105,0.20841011067093973,0
BX0501,University Heights (South)-Morris Heights,Bronx,2024-09,51.04592181207252,50.764664,0.2812581157834586,0
BX0501,University Heights (South)-Morris Heights,Bronx,2024-10,54.72570279621847,54.417984,0.3077187874294083,0
BX0501,University Heights (South)-Morris Heights,Bronx,2025-03,41.77287373202475,41.430683,0.34219059603842084,0
BX0501,University Heights (South)-Morris Heights,Bronx,2025-04,46.42411689598522,46.517685,-0.09356804053821577,0
BX0501,University Heights (South)-Morris Heights,Bronx,2025-05,50.36884211098967,49.822586,0.5462560514193555,0
BX0501,University Heights (South)-Morris Heights,Bronx,2025-06,36.62118035422043,36.40343,0.21774941549972482,0
BX0501,University Heights (South)-Morris Heights,Bronx,2025-07,31.23398099343077,31.101812,0.13216863075987106,0
BX0501,University Heights (South)-Morris Heights,Bronx,2025-08,33.14746710518666,33.175293,-0.02782586356334349,0
BX0501,University Heights (South)-Morris Heights,Bronx,2025-09,45.48209296404386,45.188316,0.29377661882901407,0
BX0501,University Heights (South)-Morris Heights,Bronx,2025-10,46.24748740874622,46.073174,0.17431388579699814,0
BX0502,Mount Hope,Bronx,2022-03,41.22353965904562,41.115456,0.1080840316042142,0
BX0502,Mount Hope,Bronx,2022-04,37.82245103852692,37.828,-0.005548076463313123,0
BX0502,Mount Hope,Bronx,2022-05,52.452996052654775,52.49207,-0.03907319172999024,0
BX0502,Mount Hope,Bronx,2022-06,38.379525898784294,38.298363,0.08116316685070046,0
BX0502,Mount Hope,Bronx,2022-07,31.07891325646398,30.903828,0.1750855892276526,0
BX0502,Mount Hope,Bronx,2022-08,33.80564809877639,33.578606,0.2270424469209189,0
BX0502,Mount Hope,Bronx,2022-09,49.02258770264885,48.903755,0.11883251466056777,0
BX0502,Mount Hope,Bronx,2022-10,56.00068332060963,55.9324,0.06828357085377235,0
BX0502,Mount Hope,Bronx,2023-03,48.58279176034039,48.456284,0.12650819100445432,0
BX0502,Mount Hope,Bronx,2023-04,47.55660122828734,47.574505,-0.017903624007580277,0
BX0502,Mount Hope,Bronx,2023-05,50.45925444752313,50.485012,-0.025757606920230103,0
BX0502,Mount Hope,Bronx,2023-06,43.363879911613424,43.17913,0.18474935741420495,0
BX0502,Mount Hope,Bronx,2023-07,35.53551213852297,35.20509,0.3304225694311711,0
BX0502,Mount Hope,Bronx,2023-08,33.248573238519015,33.313656,-0.06508261475246968,0
BX0502,Mount Hope,Bronx,2023-09,43.18796153469005,43.211384,-0.02342228489003162,0
BX0502,Mount Hope,Bronx,2023-10,50.81109120136989,50.803688,0.0074031520534845185,0
BX0502,Mount Hope,Bronx,2024-03,39.8455123731458,39.465847,0.37966535776494226,0
BX0502,Mount Hope,Bronx,2024-04,40.19734912699256,40.04126,0.15608936136756313,0
BX0502,Mount Hope,Bronx,2024-05,50.78177147188266,50.727707,0.054064562702969,0
BX0502,Mount Hope,Bronx,2024-06,34.65592025390606,34.54508,0.11084197631817005,0
BX0502,Mount Hope,Bronx,2024-07,34.36272295903376,34.263603,0.09911974858454187,0
BX0502,Mount Hope,Bronx,2024-08,34.890478089803906,34.637722,0.25275607442304704,0
BX0502,Mount Hope,Bronx,2024-09,50.84041093085712,50.670532,0.16987870429461793,0
BX0502,Mount Hope,Bronx,2024-10,54.50537711676089,54.440994,0.06438285406557753,0
BX0502,Mount Hope,Bronx,2025-03,41.604696142379616,41.193756,0.4109400388639912,0
BX0502,Mount Hope,Bronx,2025-04,46.237213401361984,46.381847,-0.14463398022981266,0
BX0502,Mount Hope,Bronx,2025-05,50.16605715265082,49.97255,0.1935077141742596,0
BX0502,Mount Hope,Bronx,2025-06,36.47374348211434,36.14965,0.32409290838386795,0
BX0502,Mount Hope,Bronx,2025-07,31.10823298595121,30.886755,0.221477996327188,0
BX0502,Mount Hope,Bronx,2025-08,33.014015402621176,33.063324,-0.049308571988198935,0
BX0502,Mount Hope,Bronx,2025-09,45.298982057770615,45.023518,0.27546444912803736,0
BX0502,Mount Hope,Bronx,2025-10,46.0612950244386,46.009033,0.05226182131359991,0
BX0503,Fordham Heights,Bronx,2022-03,41.39017650967357,41.440334,-0.050157810394786395,0
BX0503,Fordham Heights,Bronx,2022-04,37.975339756386134,38.026367,-0.05102743111386587,0
BX0503,Fordham Heights,Bronx,2022-05,52.66502544509674,52.45701,0.20801708328033186,0
BX0503,Fordham Heights,Bronx,2022-06,38.534666465976315,38.65285,-0.11818463876001317,0
BX0503,Fordham Heights,Bronx,2022-07,31.2045427455576,31.237015,-0.03247202495021284,0
BX0503,Fordham Heights,Bronx,2022-08,33.94229979776218,33.66098,0.28131957315280687,0
BX0503,Fordham Heights,Bronx,2022-09,49.22075044393614,49.37343,-0.15267790079042243,0
BX0503,Fordham Heights,Bronx,2022-10,56.227053437750016,55.856068,0.3709857802793124,0
BX0503,Fordham Heights,Bronx,2023-03,48.779176725838624,48.829494,-0.05031775047973497,0
BX0503,Fordham Heights,Bronx,2023-04,47.74883805027776,47.509167,0.23967133274846475,0
BX0503,Fordham Heights,Bronx,2023-05,50.663224589721345,50.639526,0.023698222533845126,0
BX0503,Fordham Heights,Bronx,2023-06,43.5391686044148,43.57957,-0.04040216584887446,0
BX0503,Fordham Heights,Bronx,2023-07,35.679156422279064,35.74005,-0.06089484725218597,0
BX0503,Fordham Heights,Bronx,2023-08,33.382973088171994,33.55278,-0.16980706319519356,0
BX0503,Fordham Heights,Bronx,2023-09,43.36253911717579,43.11848,0.2440584348027457,0
BX0503,Fordham Heights,Bronx,2023-10,51.016483564199355,50.932655,0.08382822972669857,0
BX0503,Fordham Heights,Bronx,2024-03,40.00657885963469,40.04088,-0.0342994362637441,0
BX0503,Fordham Heights,Bronx,2024-04,40.3598378341127,40.316967,0.04287082361465622,0
BX0503,Fordham Heights,Bronx,2024-05,50.98704531632619,50.986156,0.0008888527031416515,0
BX0503,Fordham Heights,Bronx,2024-06,34.79600898608404,34.923878,-0.12786872998041332,0
BX0503,Fordham Heights,Bronx,2024-07,34.50162650735236,34.590923,-0.08929680197380918,0
BX0503,Fordham Heights,Bronx,2024-08,35.03151496906938,35.174698,-0.14318290690718527,0
BX0503,Fordham Heights,Bronx,2024-09,51.04592181207252,50.731342,0.314579496398693,0
BX0503,Fordham Heights,Bronx,2024-10,54.72570279621847,54.25109,0.47461179280050203,0
BX0503,Fordham Heights,Bronx,2025-03,41.77287373202475,41.574814,0.19805988925131146,0
BX0503,Fordham Heights,Bronx,2025-04,46.42411689598522,45.792465,0.6316516860242842,0
BX0503,Fordham Heights,Bronx,2025-05,50.36884211098967,50.06503,0.30381296670255864,0
BX0503,Fordham Heights,Bronx,2025-06,36.62118035422043,36.660637,-0.039456547635040806,0
BX0503,Fordham Heights,Bronx,2025-07,31.23398099343077,31.213058,0.020922521751082,0
BX0503,Fordham Heights,Bronx,2025-08,33.14746710518666,33.179905,-0.032437832557484114,0
BX0503,Fordham Heights,Bronx,2025-09,45.48209296404386,45.332363,0.14972983538174844,0
BX0503,Fordham Heights,Bronx,2025-10,46.24748740874622,45.941704,0.30578361235949814,0
BX0601,West Farms,Bronx,2022-03,41.2435311142998,41.185863,0.057667619426752026,0
BX0601,West Farms,Bronx,2022-04,37.84079312762926,37.620987,0.219806189152699,0
BX0601,West Farms,Bronx,2022-05,52.478433259944765,52.398533,0.07990039251312453,0
BX0601,West Farms,Bronx,2022-06,38.398138142687365,38.391,0.0071393023553341095,0
BX0601,West Farms,Bronx,2022-07,31.09398505061009,31.04777,0.046215504101301264,0
BX0601,West Farms,Bronx,2022-08,33.82204222957871,33.730644,0.09139800350449434,0
BX0601,West Farms,Bronx,2022-09,49.046361325113274,48.96684,0.0795224884433523,0
BX0601,West Farms,Bronx,2022-10,56.02784098742007,56.216427,-0.1885858619451639,0
BX0601,West Farms,Bronx,2023-03,48.606352102698985,48.75244,-0.14608930355101535,0
BX0601,West Farms,Bronx,2023-04,47.57966391706563,47.72755,-0.1478865895261663,0
BX0601,West Farms,Bronx,2023-05,50.48372478499997,50.537045,-0.053319740146513084,0
BX0601,West Farms,Bronx,2023-06,43.38490933004936,43.315495,0.06941479269584505,0
BX0601,West Farms,Bronx,2023-07,35.55274517107493,35.398945,0.1538003163386037,0
BX0601,West Farms,Bronx,2023-08,33.26469721452061,33.395485,-0.130787709795797,0
BX0601,West Farms,Bronx,2023-09,43.208905641083646,43.273,-0.06409316873080684,0
BX0601,West Farms,Bronx,2023-10,50.83573216293141,50.925083,-0.08935099746898345,0
BX0601,West Farms,Bronx,2024-03,39.864835550735016,39.551113,0.3137224220729067,0
BX0601,West Farms,Bronx,2024-04,40.216842928666445,40.179634,0.037208834428163584,0
BX0601,West Farms,Bronx,2024-05,50.806398214770454,50.79227,0.014127554370062967,0
BX0601,West Farms,Bronx,2024-06,34.672726726246346,34.663414,0.009312724781501913,0
BX0601,West Farms,Bronx,2024-07,34.37938724463682,34.40982,-0.030433312003808055,0
BX0601,West Farms,Bronx,2024-08,34.90739831153397,34.77088,0.13651665870193597,0
BX0601,West Farms,Bronx,2024-09,50.865066111092354,50.813274,0.051791727547431776,0
BX0601,West Farms,Bronx,2024-10,54.53180963121147,54.617367,-0.08555715956001109,0
BX0601,West Farms,Bronx,2025-03,41.62487244039219,41.19209,0.4327833595816415,0
BX0601,West Farms,Bronx,2025-04,46.25963624982275,46.456276,-0.19663969011865845,0
BX0601,West Farms,Bronx,2025-05,50.19038530339044,50.09663,0.0937552069548957,0
BX0601,West Farms,Bronx,2025-06,36.491431512225425,36.292645,0.19878701149300326,0
BX0601,West Farms,Bronx,2025-07,31.123318998771044,31.042768,0.08055052037748922,0
BX0601,West Farms,Bronx,2025-08,33.03002562923298,33.146835,-0.11680969791545692,0
BX0601,West Farms,Bronx,2025-09,45.320949908672254,45.19379,0.12715947288123886,0
BX0601,West Farms,Bronx,2025-10,46.08363256085703,46.061916,0.021716209538674036,0
BX0602,Tremont,Bronx,2022-03,41.39017650967357,41.313015,0.0771615255427136,0
BX0602,Tremont,Bronx,2022-04,37.975339756386134,38.025993,-0.05065359078183462,0
BX0602,Tremont,Bronx,2022-05,52.66502544509674,52.546585,0.11844036208892561,0
BX0602,Tremont,Bronx,2022-06,38.534666465976315,38.53942,-0.004754615566653797,0
BX0602,Tremont,Bronx,2022-07,31.2045427455576,31.146877,0.057665456739240284,0
BX0602,Tremont,Bronx,2022-08,33.94229979776218,34.014893,-0.07259278036281813,0
BX0602,Tremont,Bronx,2022-09,49.22075044393614,49.18511,0.03564225912168695,0
BX0602,Tremont,Bronx,2022-10,56.227053437750016,55.966084,0.2609699111386874,0
BX0602,Tremont,Bronx,2023-03,48.779176725838624,48.48362,0.29555703589721816,0
BX0602,Tremont,Bronx,2023-04,47.74883805027776,47.75383,-0.004991905776925876,0
BX0602,Tremont,Bronx,2023-05,50.663224589721345,50.56631,0.09691370715298575,0
BX0602,Tremont,Bronx,2023-06,43.5391686044148,43.47048,0.06868673185620366,0
BX0602,Tremont,Bronx,2023-07,35.679156422279064,35.57991,0.09924614395875153,0
BX0602,Tremont,Bronx,2023-08,33.382973088171994,33.468277,-0.08530388936706856,0
BX0602,Tremont,Bronx,2023-09,43.36253911717579,43.402336,-0.03979700342967618,0
BX0602,Tremont,Bronx,2023-10,51.016483564199355,51.02143,-0.0049474050389264335,0
BX0602,Tremont,Bronx,2024-03,40.00657885963469,39.750187,0.2563919394686778,0
BX0602,Tremont,Bronx,2024-04,40.3598378341127,40.437588,-0.07774990392440628,0
BX0602,Tremont,Bronx,2024-05,50.98704531632619,50.897907,0.0891380592461104,0
BX0602,Tremont,Bronx,2024-06,34.79600898608404,34.734108,0.061901014892633555,0
BX0602,Tremont,Bronx,2024-07,34.50162650735236,34.59423,-0.09260414450310606,0
BX0602,Tremont,Bronx,2024-08,35.03151496906938,34.832443,0.19907173176468973,0
BX0602,Tremont,Bronx,2024-09,51.04592181207252,50.849937,0.19598437310767736,0
BX0602,Tremont,Bronx,2024-10,54.72570279621847,54.528446,0.19725659870870516,0
BX0602,Tremont,Bronx,2025-03,41.77287373202475,41.519062,0.25381168978842084,0
BX0602,Tremont,Bronx,2025-04,46.42411689598522,46.50619,-0.08207435767688764,0
BX0602,Tremont,Bronx,2025-05,50.36884211098967,50.007717,0.36112497842130864,0
BX0602,Tremont,Bronx,2025-06,36.62118035422043,36.48789,0.13329201803878732,0
BX0602,Tremont,Bronx,2025-07,31.23398099343077,31.142761,0.0912197629620195,0
BX0602,Tremont,Bronx,2025-08,33.14746710518666,33.235046,-0.08757928153209349,0
BX0602,Tremont,Bronx,2025-09,45.48209296404386,45.344128,0.13796530901456094,0
BX0602,Tremont,Bronx,2025-10,46.24748740874622,46.20993,0.037556988824341886,0
BX0603,Belmont,Bronx,2022-03,39.95621384449593,40.043774,-0.08755980662711949,0
BX0603,Belmont,Bronx,2022-04,36.659684110526136,36.56311,0.09657375896363618,0
BX0603,Belmont,Bronx,2022-05,50.840445638551365,51.033695,-0.19324958239590018,0
BX0603,Belmont,Bronx,2022-06,37.19963294626257,37.523018,-0.32338493703821314,0
BX0603,Belmont,Bronx,2022-07,30.123461362137757,30.392273,-0.26881158708099306,0
BX0603,Belmont,Bronx,2022-08,32.76636882126871,32.539795,0.22657389939371342,0
BX0603,Belmont,Bronx,2022-09,47.51549754480597,47.93582,-0.4203239883971577,0
BX0603,Belmont,Bronx,2022-10,54.27906717139916,54.458744,-0.1796768776731028,0
BX0603,Belmont,Bronx,2023-03,47.08922214817194,47.26339,-0.174167439230402,0
BX0603,Belmont,Bronx,2023-04,46.09457955602589,46.01153,0.08304772619190715,0
BX0603,Belmont,Bronx,2023-05,48.90799717381045,49.09934,-0.1913413576836902,0
BX0603,Belmont,Bronx,2023-06,42.03075410811485,42.146584,-0.11582944901405767,0
BX0603,Belmont,Bronx,2023-07,34.44305204802921,34.62007,-0.17701936310360367,0
BX0603,Belmont,Bronx,2023-08,32.22641998553228,32.52115,-0.2947286961083435,0
BX0603,Belmont,Bronx,2023-09,41.86024394946124,41.75228,0.10796276049639886,0
BX0603,Belmont,Bronx,2023-10,49.24901749111767,49.38453,-0.13551162265186179,0
BX0603,Belmont,Bronx,2024-03,38.62055093504265,38.484413,0.13613778806999477,0
BX0603,Belmont,Bronx,2024-04,38.96157125234987,38.81206,0.14950994253541694,0
BX0603,Belmont,Bronx,2024-05,49.22059913134207,49.680965,-0.4603662922419147,0
BX0603,Belmont,Bronx,2024-06,33.59050125476116,33.900623,-0.31012206677204546,0
BX0603,Belmont,Bronx,2024-07,33.30631765700514,33.53122,-0.22490182541673676,0
BX0603,Belmont,Bronx,2024-08,33.81784813296597,34.089184,-0.2713356744070765,0
BX0603,Belmont,Bronx,2024-09,49.27743585089327,49.366943,-0.08950750848173072,0
BX0603,Belmont,Bronx,2024-10,52.82973082284348,52.83328,-0.003547833162379277,0
BX0603,Belmont,Bronx,2025-03,40.32565252157875,40.125076,0.20057622763344085,0
BX0603,Belmont,Bronx,2025-04,44.815753366123815,44.454216,0.361537362705846,0
BX0603,Belmont,Bronx,2025-05,48.62381357605443,48.35743,0.26638407165989975,0
BX0603,Belmont,Bronx,2025-06,35.35243956084846,35.573463,-0.22102387909294663,0
BX0603,Belmont,Bronx,2025-07,30.151879721913357,30.226027,-0.07414681312082294,0
BX0603,Belmont,Bronx,2025-08,31.999073107327465,32.152706,-0.15363303891276914,0
BX0603,Belmont,Bronx,2025-09,43.90636585330456,43.92507,-0.01870586300403687,0
BX0603,Belmont,Bronx,2025-10,44.6452432074702,44.501408,0.14383558417918607,0
BX0701,University Heights (North)-Fordham,Bronx,2022-03,40.362582597467906,40.503452,-0.14086970355748463,0
BX0701,University Heights (North)-Fordham,Bronx,2022-04,37.03252599625434,36.95131,0.08121679215278022,0
BX0701,University Heights (North)-Fordham,Bronx,2022-05,51.35751085837133,51.32003,0.037480645968983595,0
BX0701,University Heights (North)-Fordham,Bronx,2022-06,37.57796630162553,37.94609,-0.36812439661665763,0
BX0701,University Heights (North)-Fordham,Bronx,2022-07,30.42982756281364,30.580563,-0.1507350287390956,0
BX0701,University Heights (North)-Fordham,Bronx,2022-08,33.099614320683145,32.784058,0.3155567034956448,0
BX0701,University Heights (North)-Fordham,Bronx,2022-09,47.99874687266454,48.316998,-0.31825065541163156,0
BX0701,University Heights (North)-Fordham,Bronx,2022-10,54.831104382051,54.747387,0.08371744967795536,0
BX0701,University Heights (North)-Fordham,Bronx,2023-03,47.568136105266234,47.72343,-0.15529452827868795,0
BX0701,University Heights (North)-Fordham,Bronx,2023-04,46.56337764800352,46.35016,0.21321895659726664,0
BX0701,University Heights (North)-Fordham,Bronx,2023-05,49.40540871283234,49.4834,-0.07798972466765974,0
BX0701,University Heights (North)-Fordham,Bronx,2023-06,42.458221665473,42.5745,-0.11627937212465866,0
BX0701,University Heights (North)-Fordham,Bronx,2023-07,34.79335000578315,34.946175,-0.15282461579888462,0
BX0701,University Heights (North)-Fordham,Bronx,2023-08,32.55417401531196,32.819664,-0.2654899861528861,0
BX0701,University Heights (North)-Fordham,Bronx,2023-09,42.28597735851368,42.11929,0.16668796032031707,0
BX0701,University Heights (North)-Fordham,Bronx,2023-10,49.74989732675098,49.96027,-0.2103726012275331,0
BX0701,University Heights (North)-Fordham,Bronx,2024-03,39.013335526286546,38.874897,0.13843852311271831,0
BX0701,University Heights (North)-Fordham,Bronx,2024-04,39.3578241402052,39.26171,0.09611301959973417,0
BX0701,University Heights (North)-Fordham,Bronx,2024-05,49.721189942257766,49.999065,-0.277875456912156,0
BX0701,University Heights (North)-Fordham,Bronx,2024-06,33.932128470986534,34.296627,-0.36449857369120053,0
BX0701,University Heights (North)-Fordham,Bronx,2024-07,33.64505462605433,33.786785,-0.14173049967808993,0
BX0701,University Heights (North)-Fordham,Bronx,2024-08,34.161787546932295,34.37893,-0.2171415912512984,0
BX0701,University Heights (North)-Fordham,Bronx,2024-09,49.778604711244206,49.57622,0.20238324517975315,0
BX0701,University Heights (North)-Fordham,Bronx,2024-10,53.367027772896755,53.14005,0.2269787921838642,0
BX0701,University Heights (North)-Fordham,Bronx,2025-03,40.73577859587977,40.502274,0.2335050363094595,0
BX0701,University Heights (North)-Fordham,Bronx,2025-04,45.2715453458086,44.62441,0.6471366238847693,0
BX0701,University Heights (North)-Fordham,Bronx,2025-05,49.11833486790014,48.82639,0.29194555515599774,0
BX0701,University Heights (North)-Fordham,Bronx,2025-06,35.7119863095662,35.90513,-0.19314216943770646,0
BX0701,University Heights (North)-Fordham,Bronx,2025-07,30.458534947306863,30.55556,-0.0970242110183328,0
BX0701,University Heights (North)-Fordham,Bronx,2025-08,32.32451493936619,32.48437,-0.15985624593654535,0
BX0701,University Heights (North)-Fordham,Bronx,2025-09,44.352909042025544,44.38486,-0.03195195040609633,0
BX0701,University Heights (North)-Fordham,Bronx,2025-10,45.09930103884928,44.90275,0.19655293093912718,0
BX0702,Bedford Park,Bronx,2022-03,40.63526108031364,40.684628,-0.04936645264534434,0
BX0702,Bedford Park,Bronx,2022-04,37.28270753456941,37.358284,-0.07557646201262003,0
BX0702,Bedford Park,Bronx,2022-05,51.704468046003626,51.244183,0.46028545933370424,0
BX0702,Bedford Park,Bronx,2022-06,37.83183268430338,38.0364,-0.204567157005215,0
BX0702,Bedford Park,Bronx,2022-07,30.635403090421377,31.014254,-0.3788505259116306,0
BX0702,Bedford Park,Bronx,2022-08,33.3232261917508,33.057304,0.2659218094265796,0
BX0702,Bedford Park,Bronx,2022-09,48.32301317658919,47.868008,0.4550055166770832,0
BX0702,Bedford Park,Bronx,2022-10,55.2015282100989,54.920612,0.28091587489382164,0
BX0702,Bedford Park,Bronx,2023-03,47.88949332153606,47.60921,0.28028235351847997,0
BX0702,Bedford Park,Bronx,2023-04,46.87794699307875,46.86411,0.013837953772110723,0
BX0702,Bedford Park,Bronx,2023-05,49.73917803642942,49.697598,0.04158053276731266,0
BX0702,Bedford Park,Bronx,2023-06,42.74505770823888,42.763775,-0.01871716358729003,0
BX0702,Bedford Park,Bronx,2023-07,35.028404288293125,34.80754,0.22086339473843708,0
BX0702,Bedford Park,Bronx,2023-08,32.77410104201683,33.22521,-0.4511072404538723,0
BX0702,Bedford Park,Bronx,2023-09,42.57164976621763,42.564587,0.00706312681333543,0
BX0702,Bedford Park,Bronx,2023-10,50.08599392047193,49.911934,0.17406002154614697,0
BX0702,Bedford Park,Bronx,2024-03,39.27689886781382,39.250023,0.026875979630226254,0
BX0702,Bedford Park,Bronx,2024-04,39.623714751856326,39.65642,-0.03270690952062694,0
BX0702,Bedford Park,Bronx,2024-05,50.05709259680172,49.818573,0.23851959875484852,0
BX0702,Bedford Park,Bronx,2024-06,34.161364578186856,34.234573,-0.07320878607095693,0
BX0702,Bedford Park,Bronx,2024-07,33.872351341484766,33.878456,-0.0061047742378903536,0
BX0702,Bedford Park,Bronx,2024-08,34.39257516754853,34.399284,-0.006709195244440025,0
BX0702,Bedford Park,Bronx,2024-09,50.11489524414214,49.747543,0.36735190918120253,0
BX0702,Bedford Park,Bronx,2024-10,53.72756070291825,53.465343,0.26221722757644983,0
BX0702,Bedford Park,Bronx,2025-03,41.01097828802635,40.712753,0.2982249921279134,0
BX0702,Bedford Park,Bronx,2025-04,45.57738742791935,45.41093,0.16645679437442595,0
BX0702,Bedford Park,Bronx,2025-05,49.45016479972734,49.007187,0.44297791007890197,0
BX0702,Bedford Park,Bronx,2025-06,35.9532466457398,35.706738,0.24650912742925613,0
BX0702,Bedford Park,Bronx,2025-07,30.664304414091585,30.806187,-0.14188226193380515,0
BX0702,Bedford Park,Bronx,2025-08,32.54289045265516,32.890507,-0.34761629172960795,0
BX0702,Bedford Park,Bronx,2025-09,44.65254507047267,44.60219,0.05035696012110691,0
BX0702,Bedford Park,Bronx,2025-10,45.4039794858981,45.32109,0.08288878765591079,0
BX0703,Norwood,Bronx,2022-03,41.39017650967357,41.255955,0.13422176724193235,0
BX0703,Norwood,Bronx,2022-04,37.975339756386134,37.6959,0.2794397930072279,0
BX0703,Norwood,Bronx,2022-05,52.66502544509674,52.63417,0.03085491287017561,0
BX0703,Norwood,Bronx,2022-06,38.534666465976315,38.68851,-0.15384442879907567,0
BX0703,Norwood,Bronx,2022-07,31.2045427455576,31.024622,0.1799207820566231,0
BX0703,Norwood,Bronx,2022-08,33.94229979776218,33.4982,0.44410033487155687,0
BX0703,Norwood,Bronx,2022-09,49.22075044393614,49.457203,-0.23645246744081305,0
BX0703,Norwood,Bronx,2022-10,56.227053437750016,56.361988,-0.1349346298769376,0
BX0703,Norwood,Bronx,2023-03,48.779176725838624,48.942127,-0.16295050194457872,0
BX0703,Norwood,Bronx,2023-04,47.74883805027776,47.249985,0.4988533090668241,0
BX0703,Norwood,Bronx,2023-05,50.663224589721345,50.464508,0.19871653308072013,0
BX0703,Norwood,Bronx,2023-06,43.5391686044148,43.371197,0.16797185758862554,0
BX0703,Norwood,Bronx,2023-07,35.679156422279064,35.72126,-0.04210364852171722,0
BX0703,Norwood,Bronx,2023-08,33.382973088171994,33.62803,-0.2450557814569123,0
BX0703,Norwood,Bronx,2023-09,43.36253911717579,42.873604,0.4889352963750113,0
BX0703,Norwood,Bronx,2023-10,51.016483564199355,51.27067,-0.25418828028306706,0
BX0703,Norwood,Bronx,2024-03,40.00657885963469,39.452198,0.5543808310702403,0
BX0703,Norwood,Bronx,2024-04,40.3598378341127,39.842247,0.5175908248353593,0
BX0703,Norwood,Bronx,2024-05,50.98704531632619,50.96865,0.018394498455094777,0
BX0703,Norwood,Bronx,2024-06,34.79600898608404,34.84741,-0.05139930859369457,0
BX0703,Norwood,Bronx,2024-07,34.50162650735236,34.50797,-0.006342395235527931,0
BX0703,Norwood,Bronx,2024-08,35.03151496906938,35.117065,-0.08555046061812277,0
BX0703,Norwood,Bronx,2024-09,51.04592181207252,50.973274,0.07264758111548986,0
BX0703,Norwood,Bronx,2024-10,54.72570279621847,54.81037,-0.08466860270731047,0
BX0703,Norwood,Bronx,2025-03,41.77287373202475,41.201233,0.571640821868499,0
BX0703,Norwood,Bronx,2025-04,46.42411689598522,45.437225,0.9868915541883467,0
BX0703,Norwood,Bronx,2025-05,50.36884211098967,49.682274,0.6865682462435743,0
BX0703,Norwood,Bronx,2025-06,36.62118035422043,36.711178,-0.08999747170730643,0
BX0703,Norwood,Bronx,2025-07,31.23398099343077,31.043373,0.19060788552061325,0
BX0703,Norwood,Bronx,2025-08,33.14746710518666,33.25751,-0.11004403372935911,0
BX0703,Norwood,Bronx,2025-09,45.48209296404386,44.97701,0.5050841444637797,0
BX0703,Norwood,Bronx,2025-10,46.24748740874622,45.629814,0.6176732607969981,0
BX0801,Kingsbridge Heights-Van Cortlandt Village,Bronx,2022-03,40.03986339122198,40.127747,-0.0878831908092721,0
BX0801,Kingsbridge Heights-Van Cortlandt Village,Bronx,2022-04,36.73643227217379,37.061363,-0.32493094804105027,0
BX0801,Kingsbridge Heights-Van Cortlandt Village,Bronx,2022-05,50.946881654975904,50.549313,0.39756906342316967,0
BX0801,Kingsbridge Heights-Van Cortlandt Village,Bronx,2022-06,37.277511507190304,37.51024,-0.23272714027063302,0
BX0801,Kingsbridge Heights-Van Cortlandt Village,Bronx,2022-07,30.18652574302653,30.539036,-0.3525100540926118,0
BX0801,Kingsbridge Heights-Van Cortlandt Village,Bronx,2022-08,32.83496620915999,32.694588,0.1403785016404555,0
BX0801,Kingsbridge Heights-Van Cortlandt Village,Bronx,2022-09,47.61497268145316,47.14973,0.46524199908011354,0
BX0801,Kingsbridge Heights-Van Cortlandt Village,Bronx,2022-10,54.392702046396856,53.875103,0.5175990495706841,0
BX0801,Kingsbridge Heights-Van Cortlandt Village,Bronx,2023-03,47.187804864334865,47.001366,0.18643920271377112,0
BX0801,Kingsbridge Heights-Van Cortlandt Village,Bronx,2023-04,46.1910799577255,46.233974,-0.04289449906161025,0
BX0801,Kingsbridge Heights-Van Cortlandt Village,Bronx,2023-05,49.01038755070628,48.84903,0.16135800969065173,0
BX0801,Kingsbridge Heights-Van Cortlandt Village,Bronx,2023-06,42.11874676786437,42.379818,-0.2610711947821116,0
BX0801,Kingsbridge Heights-Van Cortlandt Village,Bronx,2023-07,34.51515962315863,34.526917,-0.011756880747618936,0
BX0801,Kingsbridge Heights-Van Cortlandt Village,Bronx,2023-08,32.293886974143476,32.88843,-0.5945445749287899,0
BX0801,Kingsbridge Heights-Van Cortlandt Village,Bronx,2023-09,41.94787964101705,42.055054,-0.10717406992044687,0
BX0801,Kingsbridge Heights-Van Cortlandt Village,Bronx,2023-10,49.35212180440091,49.191147,0.1609749538149714,0
BX0801,Kingsbridge Heights-Van Cortlandt Village,Bronx,2024-03,38.70140423091797,38.95389,-0.25248752323241774,0
BX0801,Kingsbridge Heights-Van Cortlandt Village,Bronx,2024-04,39.04313848461261,39.32569,-0.2825527385319191,0
BX0801,Kingsbridge Heights-Van Cortlandt Village,Bronx,2024-05,49.32364394992637,49.112648,0.21099593967246477,0
BX0801,Kingsbridge Heights-Van Cortlandt Village,Bronx,2024-06,33.66082398892203,33.92208,-0.2612570047303109,0
BX0801,Kingsbridge Heights-Van Cortlandt Village,Bronx,2024-07,33.3760454441765,33.53569,-0.15964486344068973,0
BX0801,Kingsbridge Heights-Van Cortlandt Village,Bronx,2024-08,33.88864682471846,34.01073,-0.12208391868974644,0
BX0801,Kingsbridge Heights-Van Cortlandt Village,Bronx,2024-09,49.38059965887547,49.2866,0.09400145330906184,0
BX0801,Kingsbridge Heights-Van Cortlandt Village,Bronx,2024-10,52.94033146819464,52.745277,0.1950540634094864,0
BX0801,Kingsbridge Heights-Van Cortlandt Village,Bronx,2025-03,40.41007549939117,40.262783,0.1472924488540599,0
BX0801,Kingsbridge Heights-Van Cortlandt Village,Bronx,2025-04,44.9095765063706,44.97019,-0.060611634498542344,0
BX0801,Kingsbridge Heights-Van Cortlandt Village,Bronx,2025-05,48.72560900596074,48.586746,0.13886279014042913,0
BX0801,Kingsbridge Heights-Van Cortlandt Village,Bronx,2025-06,35.42645096634434,35.2978,0.1286528096060593,0
BX0801,Kingsbridge Heights-Van Cortlandt Village,Bronx,2025-07,30.21500359750108,30.315409,-0.10040510916395817,0
BX0801,Kingsbridge Heights-Van Cortlandt Village,Bronx,2025-08,32.066064138347045,32.465046,-0.3989817906080333,0
BX0801,Kingsbridge Heights-Van Cortlandt Village,Bronx,2025-09,43.99828516318489,44.16203,-0.16374410317253307,0
BX0801,Kingsbridge Heights-Van Cortlandt Village,Bronx,2025-10,44.73870937952328,44.856617,-0.11790759435367448,0
BX0802,Kingsbridge-Marble Hill,Bronx,2022-03,38.05727393640861,37.651745,0.40552909387931635,0
BX0802,Kingsbridge-Marble Hill,Bronx,2022-04,34.917413497842894,34.567234,0.3501794585362532,0
BX0802,Kingsbridge-Marble Hill,Bronx,2022-05,48.42422693615577,48.823486,-0.3992593919692311,0
BX0802,Kingsbridge-Marble Hill,Bronx,2022-06,35.43170098347004,35.87089,-0.4391905875748847,0
BX0802,Kingsbridge-Marble Hill,Bronx,2022-07,28.69182814551432,28.43598,0.25584830237467315,0
BX0802,Kingsbridge-Marble Hill,Bronx,2022-08,31.209130048847175,30.626062,0.5830676556586987,0
BX0802,Kingsbridge-Marble Hill,Bronx,2022-09,45.25729873518862,45.318047,-0.06074783463559896,0
BX0802,Kingsbridge-Marble Hill,Bronx,2022-10,51.69942618672863,52.70465,-1.0052246921776202,0
BX0802,Kingsbridge-Marble Hill,Bronx,2023-03,44.85128229916719,44.733997,0.1172849541964851,0
BX0802,Kingsbridge-Marble Hill,Bronx,2023-04,43.90391061511719,44.430984,-0.5270738819531218,0
BX0802,Kingsbridge-Marble Hill,Bronx,2023-05,46.58361909285862,47.70156,-1.1179418812624746,0
BX0802,Kingsbridge-Marble Hill,Bronx,2023-06,40.0332205917129,40.38458,-0.351358113121087,0
BX0802,Kingsbridge-Marble Hill,Bronx,2023-07,32.80612803053146,32.553192,0.2529358918595861,0
BX0802,Kingsbridge-Marble Hill,Bronx,2023-08,30.694842563220032,30.411263,0.28358005101300066,0
BX0802,Kingsbridge-Marble Hill,Bronx,2023-09,39.870814017304326,39.62105,0.24976222897424805,0
BX0802,Kingsbridge-Marble Hill,Bronx,2023-10,46.90843224167577,48.341812,-1.4333798921132939,0
BX0802,Kingsbridge-Marble Hill,Bronx,2024-03,36.785089103541466,36.13169,0.65339812453756,0
BX0802,Kingsbridge-Marble Hill,Bronx,2024-04,37.10990225235861,36.79438,0.31552206437032737,0
BX0802,Kingsbridge-Marble Hill,Bronx,2024-05,46.88136447927434,48.1454,-1.2640365217022236,0
BX0802,Kingsbridge-Marble Hill,Bronx,2024-06,31.994095158488605,32.30179,-0.3076931715895199,0
BX0802,Kingsbridge-Marble Hill,Bronx,2024-07,31.72341753447432,31.59537,0.12804819548506075,0
BX0802,Kingsbridge-Marble Hill,Bronx,2024-08,32.210637257700036,31.923824,0.28681294739730134,0
BX0802,Kingsbridge-Marble Hill,Bronx,2024-09,46.93550000407719,46.47732,0.4581783793213319,0
BX0802,Kingsbridge-Marble Hill,Bronx,2024-10,50.31897030425577,50.886654,-0.5676835958907134,0
BX0802,Kingsbridge-Marble Hill,Bronx,2025-03,38.409154847627185,37.546673,0.8624820265822635,0
BX0802,Kingsbridge-Marble Hill,Bronx,2025-04,42.6858613070529,43.009293,-0.32343129548615934,0
BX0802,Kingsbridge-Marble Hill,Bronx,2025-05,46.312941468844336,46.916225,-0.6032839645052732,0
BX0802,Kingsbridge-Marble Hill,Bronx,2025-06,33.67229642737718,33.763245,-0.09094820152907346,0
BX0802,Kingsbridge-Marble Hill,Bronx,2025-07,28.718895907915744,28.326952,0.3919439273249239,0
BX0802,Kingsbridge-Marble Hill,Bronx,2025-08,30.478300464008605,30.10123,0.3770698426707142,0
BX0802,Kingsbridge-Marble Hill,Bronx,2025-09,41.81969291020719,41.930904,-0.11121147822054667,0
BX0802,Kingsbridge-Marble Hill,Bronx,2025-10,42.52345473264433,42.456196,0.06725890134550383,0
BX0803,Riverdale-Spuyten Duyvil,Bronx,2022-03,37.67536677775386,37.725304,-0.049936872148485634,0
BX0803,Riverdale-Spuyten Duyvil,Bronx,2022-04,34.56701503791072,34.95874,-0.3917251964642787,0
BX0803,Riverdale-Spuyten Duyvil,Bronx,2022-05,47.93828674637386,48.144306,-0.20601943648746612,0
BX0803,Riverdale-Spuyten Duyvil,Bronx,2022-06,35.076141615988476,35.18019,-0.10404942405058648,0
BX0803,Riverdale-Spuyten Duyvil,Bronx,2022-07,28.40390382960106,28.433329,-0.029424798938979535,0
BX0803,Riverdale-Spuyten Duyvil,Bronx,2022-08,30.89594444861323,30.511787,0.38415703406244717,0
BX0803,Riverdale-Spuyten Duyvil,Bronx,2022-09,44.803138870842425,44.759274,0.04386534178969015,0
BX0803,Riverdale-Spuyten Duyvil,Bronx,2022-10,51.18061916465851,51.817253,-0.6366339481344596,0
BX0803,Riverdale-Spuyten Duyvil,Bronx,2023-03,44.40119683551788,44.822533,-0.4213358182907143,0
BX0803,Riverdale-Spuyten Duyvil,Bronx,2023-04,43.46333208642728,43.689854,-0.22652158178561166,0
BX0803,Riverdale-Spuyten Duyvil,Bronx,2023-05,46.11614951956927,46.654552,-0.5384029401475274,0
BX0803,Riverdale-Spuyten Duyvil,Bronx,2023-06,39.63148468299997,40.35194,-0.7204554720293288,0
BX0803,Riverdale-Spuyten Duyvil,Bronx,2023-07,32.476916454223094,32.091274,0.38564219274848455,0
BX0803,Riverdale-Spuyten Duyvil,Bronx,2023-08,30.386817870535474,30.29437,0.09244721929035649,0
BX0803,Riverdale-Spuyten Duyvil,Bronx,2023-09,39.47070786887015,39.73722,-0.2665128952900062,0
BX0803,Riverdale-Spuyten Duyvil,Bronx,2023-10,46.4377031478289,46.800995,-0.3632917252179766,0
BX0803,Riverdale-Spuyten Duyvil,Bronx,2024-03,36.41594840040362,36.64552,-0.2295708561881753,0
BX0803,Riverdale-Spuyten Duyvil,Bronx,2024-04,36.73750202866326,37.069393,-0.33189112929572673,0
BX0803,Riverdale-Spuyten Duyvil,Bronx,2024-05,46.4109070121406,46.983673,-0.5727660835625272,0
BX0803,Riverdale-Spuyten Duyvil,Bronx,2024-06,31.67303238357401,31.389538,0.283494572294714,0
BX0803,Riverdale-Spuyten Duyvil,Bronx,2024-07,31.405071026690983,31.256355,0.1487157410464519,0
BX0803,Riverdale-Spuyten Duyvil,Bronx,2024-08,31.887401469080434,31.622564,0.2648371532845353,0
BX0803,Riverdale-Spuyten Duyvil,Bronx,2024-09,46.464499283517206,46.71322,-0.2487194054476376,0
BX0803,Riverdale-Spuyten Duyvil,Bronx,2024-10,49.81401624455506,50.150757,-0.33674059138243706,0
BX0803,Riverdale-Spuyten Duyvil,Bronx,2025-03,38.023716541701795,38.19528,-0.17156162602281455,0
BX0803,Riverdale-Spuyten Duyvil,Bronx,2025-04,42.25750598045365,42.39217,-0.13466397193892732,0
BX0803,Riverdale-Spuyten Duyvil,Bronx,2025-05,45.848188162686235,46.04491,-0.19672226822196848,0
BX0803,Riverdale-Spuyten Duyvil,Bronx,2025-06,33.33439279624879,33.082813,0.25157953330933935,0
BX0803,Riverdale-Spuyten Duyvil,Bronx,2025-07,28.43069996528936,28.079182,0.35151829414678204,0
BX0803,Riverdale-Spuyten Duyvil,Bronx,2025-08,30.17244878502905,29.974813,0.19763532372533987,0
BX0803,Riverdale-Spuyten Duyvil,Bronx,2025-09,41.40002963842796,41.91647,-0.51643993554665,0
BX0803,Riverdale-Spuyten Duyvil,Bronx,2025-10,42.09672916632383,42.680195,-0.5834656884124954,0
BX0901,Soundview-Bruckner-Bronx River,Bronx,2022-03,40.274587082208335,39.55087,0.7237180941712253,0
BX0901,Soundview-Bruckner-Bronx River,Bronx,2022-04,36.95179042393226,36.70689,0.2449003177310871,0
BX0901,Soundview-Bruckner-Bronx River,Bronx,2022-05,51.245545014275045,51.38042,-0.13487567053940808,0
BX0901,Soundview-Bruckner-Bronx River,Bronx,2022-06,37.496041600718854,37.967915,-0.47187298057997396,0
BX0901,Soundview-Bruckner-Bronx River,Bronx,2022-07,30.363486704936584,30.382895,-0.01940781105462719,0
BX0901,Soundview-Bruckner-Bronx River,Bronx,2022-08,33.0274529913131,33.237602,-0.2101492425736211,0
BX0901,Soundview-Bruckner-Bronx River,Bronx,2022-09,47.89410355722072,47.391033,0.5030703846132951,0
BX0901,Soundview-Bruckner-Bronx River,Bronx,2022-10,54.71156566644233,54.950455,-0.23888904547172984,0
BX0901,Soundview-Bruckner-Bronx River,Bronx,2023-03,47.464431575547096,46.99028,0.4741514241799081,0
BX0901,Soundview-Bruckner-Bronx River,Bronx,2023-04,46.46186361830862,46.54493,-0.0830658860859117,0
BX0901,Soundview-Bruckner-Bronx River,Bronx,2023-05,49.29769869735458,49.508503,-0.2108042628504947,0
BX0901,Soundview-Bruckner-Bronx River,Bronx,2023-06,42.36565739302001,42.50861,-0.1429523787085074,0
BX0901,Soundview-Bruckner-Bronx River,Bronx,2023-07,34.717496119229374,34.494217,0.22327920028406112,0
BX0901,Soundview-Bruckner-Bronx River,Bronx,2023-08,32.483201814526495,32.86958,-0.3863775006590515,0
BX0901,Soundview-Bruckner-Bronx River,Bronx,2023-09,42.19378860035055,42.17693,0.016859126473597996,0
BX0901,Soundview-Bruckner-Bronx River,Bronx,2023-10,49.64143628269349,50.02423,-0.3827946743377595,0
BX0901,Soundview-Bruckner-Bronx River,Bronx,2024-03,38.92828153963096,38.245155,0.6831262051583025,0
BX0901,Soundview-Bruckner-Bronx River,Bronx,2024-04,39.272019124969866,39.08591,0.18610832785072517,0
BX0901,Soundview-Bruckner-Bronx River,Bronx,2024-05,49.612791483915245,49.909893,-0.2971015519734266,0
BX0901,Soundview-Bruckner-Bronx River,Bronx,2024-06,33.85815215588212,33.94846,-0.09030746936202405,0
BX0901,Soundview-Bruckner-Bronx River,Bronx,2024-07,33.57170416809969,33.74914,-0.17743752501554155,0
BX0901,Soundview-Bruckner-Bronx River,Bronx,2024-08,34.08731054610805,33.963837,0.12347387618617489,0
BX0901,Soundview-Bruckner-Bronx River,Bronx,2024-09,49.670081081471736,48.93759,0.7324895287373607,0
BX0901,Soundview-Bruckner-Bronx River,Bronx,2024-10,53.25068092875199,53.095215,0.15546608500199,0
BX0901,Soundview-Bruckner-Bronx River,Bronx,2025-03,40.64696946632548,39.716858,0.9301115561692299,0
BX0901,Soundview-Bruckner-Bronx River,Bronx,2025-04,45.17284767328773,45.874256,-0.7014084607454762,0
BX0901,Soundview-Bruckner-Bronx River,Bronx,2025-05,49.01125070957217,48.544662,0.4665882339862293,0
BX0901,Soundview-Bruckner-Bronx River,Bronx,2025-06,35.63412968013312,35.59357,0.040558970904605474,0
BX0901,Soundview-Bruckner-Bronx River,Bronx,2025-07,30.392131503714825,30.286673,0.10545891155173948,0
BX0901,Soundview-Bruckner-Bronx River,Bronx,2025-08,32.25404342430056,32.485294,-0.2312509177404536,0
BX0901,Soundview-Bruckner-Bronx River,Bronx,2025-09,44.25621411238399,43.87615,0.3800658885070334,0
BX0901,Soundview-Bruckner-Bronx River,Bronx,2025-10,45.00097888061828,44.912464,0.08851473877257376,0
BX0902,Soundview-Clason Point,Bronx,2022-03,41.254830632486936,41.501095,-0.24626418562829855,0
BX0902,Soundview-Clason Point,Bronx,2022-04,37.85116039538275,38.589867,-0.7387062428008448,0
BX0902,Soundview-Clason Point,Bronx,2022-05,52.492810811891275,52.11742,0.3753906153580715,0
BX0902,Soundview-Clason Point,Bronx,2022-06,38.40865810663258,38.491806,-0.08314792364085832,0
BX0902,Soundview-Clason Point,Bronx,2022-07,31.102503890779627,31.24252,-0.14001548788248286,0
BX0902,Soundview-Clason Point,Bronx,2022-08,33.8313084774235,33.863647,-0.032338983514001995,0
BX0902,Soundview-Clason Point,Bronx,2022-09,49.05979858998447,48.140896,0.9189027464786079,0
BX0902,Soundview-Clason Point,Bronx,2022-10,56.04319097300857,55.69648,0.3467111756452894,0
BX0902,Soundview-Clason Point,Bronx,2023-03,48.61966881794513,48.141293,0.47837624592364847,0
BX0902,Soundview-Clason Point,Bronx,2023-04,47.592699349853355,47.03918,0.5535185942381204,0
BX0902,Soundview-Clason Point,Bronx,2023-05,50.49755584531296,49.95317,0.5443850689457719,0
BX0902,Soundview-Clason Point,Bronx,2023-06,43.39679552307837,43.484943,-0.08814786681421083,0
BX0902,Soundview-Clason Point,Bronx,2023-07,35.562485580778215,35.21607,0.3464173129559498,0
BX0902,Soundview-Clason Point,Bronx,2023-08,33.273810766173675,33.78356,-0.5097509403692939,0
BX0902,Soundview-Clason Point,Bronx,2023-09,43.22074361426263,43.321655,-0.10091165917486933,0
BX0902,Soundview-Clason Point,Bronx,2023-10,50.849659662944426,50.491997,0.35766289780770677,0
BX0902,Soundview-Clason Point,Bronx,2024-03,39.87575734676369,40.00856,-0.13280283390037084,0
BX0902,Soundview-Clason Point,Bronx,2024-04,40.22786116439516,40.951195,-0.723333598788436,0
BX0902,Soundview-Clason Point,Bronx,2024-05,50.820317678141805,50.13743,0.6828893944503989,0
BX0902,Soundview-Clason Point,Bronx,2024-06,34.68222603669955,34.511467,0.17075905671907776,0
BX0902,Soundview-Clason Point,Bronx,2024-07,34.38880618867332,34.371994,0.016812170118633674,0
BX0902,Soundview-Clason Point,Bronx,2024-08,34.916961915120524,34.71754,0.19942117415372707,0
BX0902,Soundview-Clason Point,Bronx,2024-09,50.87900164774705,50.28721,0.5917930906181468,0
BX0902,Soundview-Clason Point,Bronx,2024-10,54.54674974807484,54.324654,0.22209612258655653,0
BX0902,Soundview-Clason Point,Bronx,2025-03,41.63627643492103,41.509285,0.12699146177649823,0
BX0902,Soundview-Clason Point,Bronx,2025-04,46.27231003373535,46.673435,-0.40112517744628917,0
BX0902,Soundview-Clason Point,Bronx,2025-05,50.204135997286734,49.967346,0.23678980588048404,0
BX0902,Soundview-Clason Point,Bronx,2025-06,36.501429094462125,36.025333,0.4760956899211095,0
BX0902,Soundview-Clason Point,Bronx,2025-07,31.13184587558225,31.35382,-0.22197492519899953,0
BX0902,Soundview-Clason Point,Bronx,2025-08,33.0390748877527,33.406178,-0.3671026329992557,0
BX0902,Soundview-Clason Point,Bronx,2025-09,45.333366520051435,45.0401,0.29326642239518463,0
BX0902,Soundview-Clason Point,Bronx,2025-10,46.096258124919615,46.099915,-0.003656425861635171,0
BX0903,Castle Hill-Unionport,Bronx,2022-03,37.43898747970712,38.43247,-0.9934809345995177,0
BX0903,Castle Hill-Unionport,Bronx,2022-04,34.350137872562,35.687588,-1.337449865475108,0
BX0903,Castle Hill-Unionport,Bronx,2022-05,47.63751678605692,47.783592,-0.1460754380641731,0
BX0903,Castle Hill-Unionport,Bronx,2022-06,34.85607013580129,34.207157,0.6489130007915236,0
BX0903,Castle Hill-Unionport,Bronx,2022-07,28.225694685981185,28.492558,-0.26686283965358015,0
BX0903,Castle Hill-Unionport,Bronx,2022-08,30.702099974468208,30.90018,-0.1980808421821827,0
BX0903,Castle Hill-Unionport,Bronx,2022-09,44.52203916505711,45.274036,-0.7519972424135943,0
BX0903,Castle Hill-Unionport,Bronx,2022-10,50.85950646247552,50.54002,0.31948647346185055,0
BX0903,Castle Hill-Unionport,Bronx,2023-03,44.12261895723662,43.85287,0.2697480160745087,0
BX0903,Castle Hill-Unionport,Bronx,2023-04,43.19063847232215,43.59173,-0.4010897381270695,0
BX0903,Castle Hill-Unionport,Bronx,2023-05,45.82681184393737,46.04821,-0.2213983001055979,0
BX0903,Castle Hill-Unionport,Bronx,2023-06,39.38283249110016,39.986244,-0.6034117105599961,0
BX0903,Castle Hill-Unionport,Bronx,2023-07,32.27315279189546,31.944204,0.32894846145112666,0
BX0903,Castle Hill-Unionport,Bronx,2023-08,30.196167711228924,30.487543,-0.2913753948501778,0
BX0903,Castle Hill-Unionport,Bronx,2023-09,39.22306440797196,39.960545,-0.7374801782096796,0
BX0903,Castle Hill-Unionport,Bronx,2023-10,46.14634801019376,46.425976,-0.2796277893667849,0
BX0903,Castle Hill-Unionport,Bronx,2024-03,36.18747082853625,36.57163,-0.3841577420203919,0
BX0903,Castle Hill-Unionport,Bronx,2024-04,36.50700699479264,37.419136,-0.9121290525706414,0
BX0903,Castle Hill-Unionport,Bronx,2024-05,46.119719996339064,45.773212,0.34650756347773637,0
BX0903,Castle Hill-Unionport,Bronx,2024-06,31.474312376254485,31.657066,-0.182753968960359,0
BX0903,Castle Hill-Unionport,Bronx,2024-07,31.208032237707496,31.202576,0.005456554113745682,0
BX0903,Castle Hill-Unionport,Bronx,2024-08,31.68733648709208,31.389328,0.29800848416239134,0
BX0903,Castle Hill-Unionport,Bronx,2024-09,46.17297602404846,46.274338,-0.10136174450622804,0
BX0903,Castle Hill-Unionport,Bronx,2024-10,49.501477755885865,48.880356,0.6211219209249279,0
BX0903,Castle Hill-Unionport,Bronx,2025-03,37.785151659818204,38.021286,-0.23613435092398305,0
BX0903,Castle Hill-Unionport,Bronx,2025-04,41.99237784886069,41.288082,0.704295726057957,0
BX0903,Castle Hill-Unionport,Bronx,2025-05,45.560531705390375,45.663177,-0.10264578484400033,0
BX0903,Castle Hill-Unionport,Bronx,2025-06,33.12524923524584,32.396465,0.7287839337321671,0
BX0903,Castle Hill-Unionport,Bronx,2025-07,28.25232269983588,28.508043,-0.2557205893486909,0
BX0903,Castle Hill-Unionport,Bronx,2025-08,29.98314360039133,30.423658,-0.44051477058035005,0
BX0903,Castle Hill-Unionport,Bronx,2025-09,41.14028140551031,41.43447,-0.2941897248607859,0
BX0903,Castle Hill-Unionport,Bronx,2025-10,41.832609765732485,41.79392,0.038691156113344505,0
BX0904,Parkchester,Bronx,2022-03,28.25765296562528,28.343836,-0.08618286506319706,0
BX0904,Parkchester,Bronx,2022-04,25.9262961064414,25.912115,0.014181009395500155,0
BX0904,Parkchester,Bronx,2022-05,35.95515018172377,36.216396,-0.26124615006333585,0
BX0904,Parkchester,Bronx,2022-06,26.30815628165255,25.972734,0.3354218303586052,0
BX0904,Parkchester,Bronx,2022-07,21.30377819599061,21.512737,-0.20895907817931203,0
BX0904,Parkchester,Bronx,2022-08,23.17288326412941,23.08112,0.09176372677589484,0
BX0904,Parkchester,Bronx,2022-09,33.60369541858142,33.791508,-0.1878123023658489,0
BX0904,Parkchester,Bronx,2022-10,38.38699656070006,38.382492,0.004504495270374775,0
BX0904,Parkchester,Bronx,2023-03,33.30222685920419,32.96091,0.34131606208504905,0
BX0904,Parkchester,Bronx,2023-04,32.59880022065733,32.534275,0.06452516572569067,0
BX0904,Parkchester,Bronx,2023-05,34.588492712547016,34.769684,-0.18119112534360937,0
BX0904,Parkchester,Bronx,2023-06,29.724799954594445,30.256405,-0.5316049221145391,0
BX0904,Parkchester,Bronx,2023-07,24.35865959767983,24.22172,0.13693985585853952,0
BX0904,Parkchester,Bronx,2023-08,22.791023088918255,22.90793,-0.1169072852272528,0
BX0904,Parkchester,Bronx,2023-09,29.60421253084355,29.757772,-0.15355991483516007,0
BX0904,Parkchester,Bronx,2023-10,34.8296675600488,34.898205,-0.0685372434179996,0
BX0904,Parkchester,Bronx,2024-03,27.31305147957664,27.373747,-0.06069539237160271,0
BX0904,Parkchester,Bronx,2024-04,27.55422632707842,27.660774,-0.10654790387861013,0
BX0904,Parkchester,Bronx,2024-05,34.80956965609032,34.899822,-0.09025257901710404,0
BX0904,Parkchester,Bronx,2024-06,23.755722478925374,23.584435,0.17128796964803072,0
BX0904,Parkchester,Bronx,2024-07,23.55474343934056,23.40157,0.15317407288548068,0
BX0904,Parkchester,Bronx,2024-08,23.91650571059323,23.602884,0.3136214179906922,0
BX0904,Parkchester,Bronx,2024-09,34.849765464007284,35.041695,-0.19192917710599744,0
BX0904,Parkchester,Bronx,2024-10,37.3620034588175,37.220215,0.1417886150674974,0
BX0904,Parkchester,Bronx,2025-03,28.518925717085544,28.524872,-0.005946109086330864,0
BX0904,Parkchester,Bronx,2025-04,31.694394542525657,31.492617,0.20177788908327443,0
BX0904,Parkchester,Bronx,2025-05,34.3875136729622,35.246426,-0.8589119556999094,0
BX0904,Parkchester,Bronx,2025-06,25.001792524351245,24.397589,0.6042037944928467,0
BX0904,Parkchester,Bronx,2025-07,21.323876099949093,21.419489,-0.09561280691125873,0
BX0904,Parkchester,Bronx,2025-08,22.6302398572504,22.621502,0.008737934642979894,0
BX0904,Parkchester,Bronx,2025-09,31.051261615854237,31.517954,-0.4666922568264269,0
BX0904,Parkchester,Bronx,2025-10,31.573807118774763,31.90678,-0.332973124145159,0
BX1001,Westchester Square,Bronx,2022-03,33.841601678545345,34.507095,-0.6654936583687174,0
BX1001,Westchester Square,Bronx,2022-04,31.04954919297546,31.57014,-0.5205916456475883,0
BX1001,Westchester Square,Bronx,2022-05,43.060188764521776,43.21455,-0.15436125378877108,0
BX1001,Westchester Square,Bronx,2022-06,31.50686813457742,30.444944,1.061923752863553,0
BX1001,Westchester Square,Bronx,2022-07,25.513583057793788,25.738647,-0.2250644031437119,0
BX1001,Westchester Square,Bronx,2022-08,27.752038929845504,27.668938,0.0831012467400356,0
BX1001,Westchester Square,Bronx,2022-09,40.24406686097284,41.38111,-1.137044284046688,0
BX1001,Westchester Square,Bronx,2022-10,45.97258833998692,46.05841,-0.0858223045443296,0
BX1001,Westchester Square,Bronx,2023-03,39.88302559128708,39.974205,-0.09117942580276406,0
BX1001,Westchester Square,Bronx,2023-04,39.040595962020305,38.37155,0.6690444483484299,0
BX1001,Westchester Square,Bronx,2023-05,41.423468341946325,41.68107,-0.25760007846383104,0
BX1001,Westchester Square,Bronx,2023-06,35.59866919101605,36.142094,-0.5434244674312154,0
BX1001,Westchester Square,Bronx,2023-07,29.1721345906095,29.287214,-0.11507968856530582,0
BX1001,Westchester Square,Bronx,2023-08,27.294719988243543,27.590225,-0.29550523148301977,0
BX1001,Westchester Square,Bronx,2023-09,35.454252683141746,35.74971,-0.29545739986606634,0
BX1001,Westchester Square,Bronx,2023-10,41.71230135769493,41.504543,0.20775805325157393,0
BX1001,Westchester Square,Bronx,2024-03,32.71033903352996,33.156456,-0.44611696012238156,0
BX1001,Westchester Square,Bronx,2024-04,32.99917204927857,33.43385,-0.4346772854382266,0
BX1001,Westchester Square,Bronx,2024-05,41.68823193971589,41.71421,-0.025978570538015333,0
BX1001,Westchester Square,Bronx,2024-06,28.45005205123798,28.457739,-0.007686825104794792,0
BX1001,Westchester Square,Bronx,2024-07,28.20935787144747,28.401016,-0.19165836390409297,0
BX1001,Westchester Square,Bronx,2024-08,28.642607395070385,28.678387,-0.03577929316203665,0
BX1001,Westchester Square,Bronx,2024-09,41.73637077567399,42.1074,-0.37102821114241635,0
BX1001,Westchester Square,Bronx,2024-10,44.74504802305533,44.42102,0.32402751524283246,0
BX1001,Westchester Square,Bronx,2025-03,34.154504112273,34.955116,-0.8006121596996536,0
BX1001,Westchester Square,Bronx,2025-04,37.95747215296302,37.64779,0.30968315149817727,0
BX1001,Westchester Square,Bronx,2025-05,41.18277416215582,41.465046,-0.2822717667992549,0
BX1001,Westchester Square,Bronx,2025-06,29.942355965939125,29.495918,0.44643769201334393,0
BX1001,Westchester Square,Bronx,2025-07,25.53765247577284,25.74475,-0.20709659344102604,0
BX1001,Westchester Square,Bronx,2025-08,27.102164644411136,27.37511,-0.272945981809567,0
BX1001,Westchester Square,Bronx,2025-09,37.187250777633395,37.973377,-0.7861264501498084,0
BX1001,Westchester Square,Bronx,2025-10,37.81305564508872,37.631752,0.18130363092856072,0
BX1002,Throgs Neck-Schuylerville,Bronx,2022-03,28.201900397866755,28.408806,-0.2069054493012139,0
BX1002,Throgs Neck-Schuylerville,Bronx,2022-04,25.875143323789555,26.2881,-0.41295596515087496,0
BX1002,Throgs Neck-Schuylerville,Bronx,2022-05,35.88421039244923,36.057537,-0.17332668640818838,0
BX1002,Throgs Neck-Schuylerville,Bronx,2022-06,26.25625008592289,26.490997,-0.23474722853023522,0
BX1002,Throgs Neck-Schuylerville,Bronx,2022-07,21.261745676912348,21.690647,-0.4289014483317928,0
BX1002,Throgs Neck-Schuylerville,Bronx,2022-08,23.127162986301823,23.048702,0.07846074631158828,0
BX1002,Throgs Neck-Schuylerville,Bronx,2022-09,33.537395067733435,32.993484,0.5439105706631224,0
BX1002,Throgs Neck-Schuylerville,Bronx,2022-10,38.31125871971942,38.020653,0.290605948723325,0
BX1002,Throgs Neck-Schuylerville,Bronx,2023-03,33.23652130815449,32.529022,0.7074990913576116,0
BX1002,Throgs Neck-Schuylerville,Bronx,2023-04,32.53448253580361,32.297054,0.23742824503212745,0
BX1002,Throgs Neck-Schuylerville,Bronx,2023-05,34.52024934902467,34.354897,0.16535280361451044,0
BX1002,Throgs Neck-Schuylerville,Bronx,2023-06,29.666152694484303,30.766857,-1.1007044527324936,0
BX1002,Throgs Neck-Schuylerville,Bronx,2023-07,24.310599773979025,24.195984,0.11461588726027472,0
BX1002,Throgs Neck-Schuylerville,Bronx,2023-08,22.74605622416849,23.263996,-0.517939900099087,0
BX1002,Throgs Neck-Schuylerville,Bronx,2023-09,29.545803190652723,29.811989,-0.26618563991368305,0
BX1002,Throgs Neck-Schuylerville,Bronx,2023-10,34.76094835668783,35.024548,-0.2635992202164701,0
BX1002,Throgs Neck-Schuylerville,Bronx,2024-03,27.259162617852716,27.630676,-0.37151365167853356,0
BX1002,Throgs Neck-Schuylerville,Bronx,2024-04,27.499861625515877,28.002268,-0.5024062120085375,0
BX1002,Throgs Neck-Schuylerville,Bronx,2024-05,34.74089010604923,34.47147,0.2694202268988377,0
BX1002,Throgs Neck-Schuylerville,Bronx,2024-06,23.708852254821128,23.688646,0.0202059382928077,0
BX1002,Throgs Neck-Schuylerville,Bronx,2024-07,23.50826974843516,23.515173,-0.006903209938862176,0
BX1002,Throgs Neck-Schuylerville,Bronx,2024-08,23.869318259929894,23.63514,0.23417879459786306,0
BX1002,Throgs Neck-Schuylerville,Bronx,2024-09,34.781006607326425,34.405495,0.375511917385019,0
BX1002,Throgs Neck-Schuylerville,Bronx,2024-10,37.28828793715099,36.91986,0.3684270973072401,0
BX1002,Throgs Neck-Schuylerville,Bronx,2025-03,28.46265765616851,28.545103,-0.08244541695160734,0
BX1002,Throgs Neck-Schuylerville,Bronx,2025-04,31.631861257066767,32.035553,-0.40369172144885823,0
BX1002,Throgs Neck-Schuylerville,Bronx,2025-05,34.3196668426387,34.10646,0.21320627134964099,0
BX1002,Throgs Neck-Schuylerville,Bronx,2025-06,24.95246379441411,24.66871,0.28375308579594716,0
BX1002,Throgs Neck-Schuylerville,Bronx,2025-07,21.281803927550943,21.82765,-0.5458461426394869,0
BX1002,Throgs Neck-Schuylerville,Bronx,2025-08,22.58559021905972,22.678501,-0.09291091009066932,0
BX1002,Throgs Neck-Schuylerville,Bronx,2025-09,30.989997236631677,30.681469,0.30852827300862984,0
BX1002,Throgs Neck-Schuylerville,Bronx,2025-10,31.511511753235187,31.37983,0.13168234649690547,0
BX1003,Pelham Bay-Country Club-City Island,Bronx,2022-03,35.150566010663766,35.955772,-0.8052063892385775,0
BX1003,Pelham Bay-Country Club-City Island,Bronx,2022-04,32.25051931277117,32.988094,-0.7375750170628166,0
BX1003,Pelham Bay-Country Club-City Island,Bronx,2022-05,44.72572019422296,45.050373,-0.3246528831696196,0
BX1003,Pelham Bay-Country Club-City Island,Bronx,2022-06,32.72552696156392,32.323856,0.40167060780415653,0
BX1003,Pelham Bay-Country Club-City Island,Bronx,2022-07,26.500426722122047,26.69418,-0.19375281279006273,0
BX1003,Pelham Bay-Country Club-City Island,Bronx,2022-08,28.825464160949736,28.658081,0.16738310626223551,0
BX1003,Pelham Bay-Country Club-City Island,Bronx,2022-09,41.80067309376232,40.459656,1.3410173320435703,0
BX1003,Pelham Bay-Country Club-City Island,Bronx,2022-10,47.75076890495576,47.416836,0.3339331200436533,0
BX1003,Pelham Bay-Country Club-City Island,Bronx,2023-03,41.425667055241725,40.202217,1.2234499531909435,0
BX1003,Pelham Bay-Country Club-City Island,Bronx,2023-04,40.550652965360335,39.90857,0.6420836294228351,0
BX1003,Pelham Bay-Country Club-City Island,Bronx,2023-05,43.025692819596266,42.80603,0.2196625461587658,0
BX1003,Pelham Bay-Country Club-City Island,Bronx,2023-06,36.975595398130665,37.750736,-0.775140838441601,0
BX1003,Pelham Bay-Country Club-City Island,Bronx,2023-07,30.30048791246407,29.959587,0.34090081529610217,0
BX1003,Pelham Bay-Country Club-City Island,Bronx,2023-08,28.35045651215698,29.115189,-0.7647320864758314,0
BX1003,Pelham Bay-Country Club-City Island,Bronx,2023-09,36.825592982722426,36.93418,-0.10858823065647982,0
BX1003,Pelham Bay-Country Club-City Island,Bronx,2023-10,43.32569765041274,42.613228,0.712469806174461,0
BX1003,Pelham Bay-Country Club-City Island,Bronx,2024-03,33.97554708996591,34.28557,-0.31002114733878017,0
BX1003,Pelham Bay-Country Club-City Island,Bronx,2024-04,34.275551920782384,35.046116,-0.7705639544617569,0
BX1003,Pelham Bay-Country Club-City Island,Bronx,2024-05,43.3006972478447,42.58123,0.7194670842704838,0
BX1003,Pelham Bay-Country Club-City Island,Bronx,2024-06,29.550475835422883,29.878492,-0.3280165199237963,0
BX1003,Pelham Bay-Country Club-City Island,Bronx,2024-07,29.300471809742486,29.168686,0.13178589665654883,0
BX1003,Pelham Bay-Country Club-City Island,Bronx,2024-08,29.7504790559672,29.428837,0.32164223345743537,0
BX1003,Pelham Bay-Country Club-City Island,Bronx,2024-09,43.35069805298078,42.39726,0.9534392944358601,0
BX1003,Pelham Bay-Country Club-City Island,Bronx,2024-10,46.47574837398574,45.293938,1.181810690880269,0
BX1003,Pelham Bay-Country Club-City Island,Bronx,2025-03,35.47557124404828,35.82508,-0.3495096275337488,0
BX1003,Pelham Bay-Country Club-City Island,Bronx,2025-04,39.42563484979856,39.4077,0.017935264837625198,0
BX1003,Pelham Bay-Country Club-City Island,Bronx,2025-05,42.77568879391587,42.388664,0.3870245483104,0
BX1003,Pelham Bay-Country Club-City Island,Bronx,2025-06,31.100500794641345,30.238735,0.8617655956667356,0
BX1003,Pelham Bay-Country Club-City Island,Bronx,2025-07,26.525427124690086,26.754486,-0.22905895929428866,0
BX1003,Pelham Bay-Country Club-City Island,Bronx,2025-08,28.150453291612664,28.80003,-0.6495764630260084,0
BX1003,Pelham Bay-Country Club-City Island,Bronx,2025-09,38.625621967621285,37.227016,1.3986055186466757,0
BX1003,Pelham Bay-Country Club-City Island,Bronx,2025-10,39.27563243439032,38.413483,0.8621497683746924,0
BX1004,Co-op City,Bronx,2022-03,24.114744638066018,23.828518,0.2862267242476584,0
BX1004,Co-op City,Bronx,2022-04,22.125192448865693,22.039335,0.08585719801120106,0
BX1004,Co-op City,Bronx,2022-05,30.683697124822267,30.914064,-0.23036728252636607,0
BX1004,Co-op City,Bronx,2022-06,22.451067376407124,22.25439,0.19667665985438987,0
BX1004,Co-op City,Bronx,2022-07,18.18039069441677,18.117207,0.06318412093044046,0
BX1004,Co-op City,Bronx,2022-08,19.775462708172203,19.6215,0.1539626929134137,0
BX1004,Co-op City,Bronx,2022-09,28.676993623646077,28.78904,-0.11204598817032974,0
BX1004,Co-op City,Bronx,2022-10,32.75900587390191,33.05238,-0.2933737342523841,0
BX1004,Co-op City,Bronx,2023-03,28.4197239440081,28.49066,-0.07093576973701587,0
BX1004,Co-op City,Bronx,2023-04,27.819428024852833,27.733717,0.08571106013115326,0
BX1004,Co-op City,Bronx,2023-05,29.517407910463454,29.823128,-0.3057198361185769,0
BX1004,Co-op City,Bronx,2023-06,25.366790412304155,25.616724,-0.24993360197807135,0
BX1004,Co-op City,Bronx,2023-07,20.78739011474823,20.832973,-0.045583365476378646,0
BX1004,Co-op City,Bronx,2023-08,19.44958778063077,19.161448,0.2881402556063577,0
BX1004,Co-op City,Bronx,2023-09,25.263882540448964,25.297054,-0.033171750322519955,0
BX1004,Co-op City,Bronx,2023-10,29.723223654173832,29.571571,0.15165230407617614,0
BX1004,Co-op City,Bronx,2024-03,23.308632975200368,23.399075,-0.09044157924299157,0
BX1004,Co-op City,Bronx,2024-04,23.514448718910742,23.550869,-0.03642026912636709,0
BX1004,Co-op City,Bronx,2024-05,29.706072342197967,30.238726,-0.5326533200334786,0
BX1004,Co-op City,Bronx,2024-06,20.272850755472284,19.865236,0.40761447312365107,0
BX1004,Co-op City,Bronx,2024-07,20.101337635713637,19.939968,0.16136952658277792,0
BX1004,Co-op City,Bronx,2024-08,20.410061251279203,20.113447,0.2966140619481479,0
BX1004,Co-op City,Bronx,2024-09,29.740374966149695,30.267275,-0.5268998904176883,0
BX1004,Co-op City,Bronx,2024-10,31.884288963132807,31.876476,0.007812675291010152,0
BX1004,Co-op City,Bronx,2025-03,24.33771169375226,24.434683,-0.09697115231707443,0
BX1004,Co-op City,Bronx,2025-04,27.04761898593891,27.000198,0.047420621681098396,0
BX1004,Co-op City,Bronx,2025-05,29.345894790704804,30.57685,-1.230956100408477,0
BX1004,Co-op City,Bronx,2025-06,21.33623209797591,20.895681,0.4405507167503231,0
BX1004,Co-op City,Bronx,2025-07,18.19754200639263,18.084583,0.11295872392192763,0
BX1004,Co-op City,Bronx,2025-08,19.312377284823853,19.143475,0.1689027059664312,0
BX1004,Co-op City,Bronx,2025-09,26.498777002711236,27.04857,-0.5497936302233342,0
BX1004,Co-op City,Bronx,2025-10,26.944711114083724,27.232407,-0.28769550212721384,0
BX1101,Pelham Parkway-Van Nest,Bronx,2022-03,40.04739640334674,39.960464,0.08693192580767573,0
BX1101,Pelham Parkway-Van Nest,Bronx,2022-04,36.743343784009454,36.343185,0.4001583592047666,0
BX1101,Pelham Parkway-Van Nest,Bronx,2022-05,50.95646668960691,51.25568,-0.2992133946216029,0
BX1101,Pelham Parkway-Van Nest,Bronx,2022-06,37.284524816487114,37.8022,-0.5176755008956988,0
BX1101,Pelham Parkway-Van Nest,Bronx,2022-07,30.19220496980622,30.254673,-0.06246803434417103,0
BX1101,Pelham Parkway-Van Nest,Bronx,2022-08,32.84114370772318,32.607746,0.23339758345559858,0
BX1101,Pelham Parkway-Van Nest,Bronx,2022-09,47.62393085803396,48.0801,-0.45617015514963555,0
BX1101,Pelham Parkway-Van Nest,Bronx,2022-10,54.40293537012253,54.88348,-0.4805447018989568,0
BX1101,Pelham Parkway-Van Nest,Bronx,2023-03,47.196682674498966,47.539593,-0.34291006842095584,0
BX1101,Pelham Parkway-Van Nest,Bronx,2023-04,46.19977024625065,46.09123,0.10854176114322911,0
BX1101,Pelham Parkway-Van Nest,Bronx,2023-05,49.01960825758161,49.426395,-0.4067871586781564,0
BX1101,Pelham Parkway-Van Nest,Bronx,2023-06,42.12667089655037,42.230366,-0.10369485662345568,0
BX1101,Pelham Parkway-Van Nest,Bronx,2023-07,34.52165322962749,34.7757,-0.25404638585102646,0
BX1101,Pelham Parkway-Van Nest,Bronx,2023-08,32.299962675245524,32.678585,-0.37862237724471015,0
BX1101,Pelham Parkway-Van Nest,Bronx,2023-09,41.95577162313638,41.735672,0.22009962606606592,0
BX1101,Pelham Parkway-Van Nest,Bronx,2023-10,49.3614068044096,49.770256,-0.4088492380708715,0
BX1101,Pelham Parkway-Van Nest,Bronx,2024-03,38.70868542827043,38.457153,0.251532107957928,0
BX1101,Pelham Parkway-Van Nest,Bronx,2024-04,39.05048397509842,38.748955,0.3015292021492044,0
BX1101,Pelham Parkway-Van Nest,Bronx,2024-05,49.332923592173934,49.836086,-0.5031626810194254,0
BX1101,Pelham Parkway-Van Nest,Bronx,2024-06,33.6671568625575,34.07,-0.402842832266721,0
BX1101,Pelham Parkway-Van Nest,Bronx,2024-07,33.382324740200836,33.65492,-0.2725939304534606,0
BX1101,Pelham Parkway-Van Nest,Bronx,2024-08,33.89502256044283,34.200165,-0.30514223447904243,0
BX1101,Pelham Parkway-Van Nest,Bronx,2024-09,49.38989001664527,49.430515,-0.040625272661372946,0
BX1101,Pelham Parkway-Van Nest,Bronx,2024-10,52.95029154610355,53.27615,-0.32585820365230944,0
BX1101,Pelham Parkway-Van Nest,Bronx,2025-03,40.4176781624104,40.042973,0.37470559771313106,0
BX1101,Pelham Parkway-Van Nest,Bronx,2025-04,44.91802569564567,44.38223,0.535796844327308,0
BX1101,Pelham Parkway-Van Nest,Bronx,2025-05,48.73477613522494,48.327026,0.4077497680374407,0
BX1101,Pelham Parkway-Van Nest,Bronx,2025-06,35.43311602116881,35.71347,-0.2803544378155678,0
BX1101,Pelham Parkway-Van Nest,Bronx,2025-07,30.220688182041886,30.1535,0.06718857877040207,0
BX1101,Pelham Parkway-Van Nest,Bronx,2025-08,32.07209697736019,32.33769,-0.2655914686847325,0
BX1101,Pelham Parkway-Van Nest,Bronx,2025-09,44.00656290410435,43.93682,0.06974192021763059,0
BX1101,Pelham Parkway-Van Nest,Bronx,2025-10,44.747126422231666,44.51056,0.23656734020041625,0
BX1102,Morris Park,Bronx,2022-03,31.53397516760151,31.64113,-0.10715527978618411,0
BX1102,Morris Park,Bronx,2022-04,28.93231007553766,29.303188,-0.3708782484369486,0
BX1102,Morris Park,Bronx,2022-05,40.123955600881295,40.207123,-0.08316720185307958,0
BX1102,Morris Park,Bronx,2022-06,29.35844487509984,28.94574,0.41270512900608836,0
BX1102,Morris Park,Bronx,2022-07,23.773836186100713,23.943476,-0.16963953716588875,0
BX1102,Morris Park,Bronx,2022-08,25.85965388922087,25.926851,-0.06719738336213865,0
BX1102,Morris Park,Bronx,2022-09,37.49986236147207,37.67954,-0.1796763653345721,0
BX1102,Morris Park,Bronx,2022-10,42.837761429672035,42.945538,-0.10777613746663661,0
BX1102,Morris Park,Bronx,2023-03,37.1634401512914,37.088497,0.0749429894261624,0
BX1102,Morris Park,Bronx,2023-04,36.37845499420317,36.39427,-0.015816856382770084,0
BX1102,Morris Park,Bronx,2023-05,38.59884158139559,38.76304,-0.16419705385831662,0
BX1102,Morris Park,Bronx,2023-06,33.17122992381411,33.633278,-0.4620479692522963,0
BX1102,Morris Park,Bronx,2023-07,27.182914582598173,27.232803,-0.049888762128389885,0
BX1102,Morris Park,Bronx,2023-08,25.433519089658688,25.962416,-0.5288966055317417,0
BX1102,Morris Park,Bronx,2023-09,33.03666103974184,33.075134,-0.03847323760191301,0
BX1102,Morris Park,Bronx,2023-10,38.86797934954013,38.887386,-0.019406972481355922,0
BX1102,Morris Park,Bronx,2024-03,30.479852242368743,30.435743,0.04410891045956333,0
BX1102,Morris Park,Bronx,2024-04,30.74899001051328,30.896183,-0.14719300340273733,0
BX1102,Morris Park,Bronx,2024-05,38.84555120219475,38.648216,0.1973349546361547,0
BX1102,Morris Park,Bronx,2024-06,26.510070162236833,26.583239,-0.07316843944773765,0
BX1102,Morris Park,Bronx,2024-07,26.28578868878305,26.414433,-0.12864383685171532,0
BX1102,Morris Park,Bronx,2024-08,26.689495340999855,26.647875,0.041620508846534676,0
BX1102,Morris Park,Bronx,2024-09,38.89040749688551,38.949535,-0.05912787298753841,0
BX1102,Morris Park,Bronx,2024-10,41.69392591505776,41.725185,-0.03125947922934813,0
BX1102,Morris Park,Bronx,2025-03,31.825541083091423,32.020176,-0.1946348507464677,0
BX1102,Morris Park,Bronx,2025-04,35.36918836366115,35.07163,0.2975597931045115,0
BX1102,Morris Park,Bronx,2025-05,38.37456010794181,38.627125,-0.2525646784351423,0
BX1102,Morris Park,Bronx,2025-06,27.90061529765027,27.471897,0.4287181724061284,0
BX1102,Morris Park,Bronx,2025-07,23.79626433344609,24.089941,-0.29367669133418417,0
BX1102,Morris Park,Bronx,2025-08,25.254093910895666,25.322296,-0.06820223168245931,0
BX1102,Morris Park,Bronx,2025-09,34.651487648609056,34.868656,-0.2171685098382099,0
BX1102,Morris Park,Bronx,2025-10,35.234619479588886,35.28721,-0.05258907754001996,0
BX1103,Pelham Gardens,Bronx,2022-03,36.93506208070183,37.19909,-0.2640269695911357,0
BX1103,Pelham Gardens,Bronx,2022-04,33.887788111028,34.24833,-0.36054105156965477,0
BX1103,Pelham Gardens,Bronx,2022-05,46.99632010126286,46.79026,0.20605978632145394,0
BX1103,Pelham Gardens,Bronx,2022-06,34.38691057157803,34.303146,0.08376420927334038,0
BX1103,Pelham Gardens,Bronx,2022-07,27.845779378054015,27.601217,0.2445621081565541,0
BX1103,Pelham Gardens,Bronx,2022-08,30.288852474430453,30.017641,0.2712114069255698,0
BX1103,Pelham Gardens,Bronx,2022-09,43.92277652840218,43.37534,0.5474370203455408,0
BX1103,Pelham Gardens,Bronx,2022-10,50.174942086870914,49.441254,0.7336884247615387,0
BX1103,Pelham Gardens,Bronx,2023-03,43.52873248059953,43.139126,0.38960665662492033,0
BX1103,Pelham Gardens,Bronx,2023-04,42.60929636906001,42.50674,0.10255579899165213,0
BX1103,Pelham Gardens,Bronx,2023-05,45.20998708455751,44.737667,0.47232000081727676,0
BX1103,Pelham Gardens,Bronx,2023-06,38.85274311334141,38.82739,0.0253543499136768,0
BX1103,Pelham Gardens,Bronx,2023-07,31.838759062454216,31.860062,-0.02130258305359689,0
BX1103,Pelham Gardens,Bronx,2023-08,29.78973001388043,30.312307,-0.5225773439076562,0
BX1103,Pelham Gardens,Bronx,2023-09,38.69512549422034,38.624695,0.07043067000159198,0
BX1103,Pelham Gardens,Bronx,2023-10,45.52522232279963,45.427666,0.09755661235040947,0
BX1103,Pelham Gardens,Bronx,2024-03,35.7003907309202,36.067,-0.36661061185323973,0
BX1103,Pelham Gardens,Bronx,2024-04,36.015625969162315,36.78756,-0.7719335401150289,0
BX1103,Pelham Gardens,Bronx,2024-05,45.49895271961279,45.784283,-0.2853299647133838,0
BX1103,Pelham Gardens,Bronx,2024-06,31.050670966848912,31.1753,-0.12462963129561899,0
BX1103,Pelham Gardens,Bronx,2024-07,30.78797493498048,30.428162,0.359813313886729,0
BX1103,Pelham Gardens,Bronx,2024-08,31.260827792343655,31.329481,-0.06865333253427508,0
BX1103,Pelham Gardens,Bronx,2024-09,45.551491925986475,45.193226,0.3582660653907723,0
BX1103,Pelham Gardens,Bronx,2024-10,48.835192324341904,48.636047,0.1991449610606537,0
BX1103,Pelham Gardens,Bronx,2025-03,37.2765669221308,37.38044,-0.10387283616998388,0
BX1103,Pelham Gardens,Bronx,2025-04,41.42716422565206,41.78267,-0.355504841730756,0
BX1103,Pelham Gardens,Bronx,2025-05,44.947291052689074,44.62689,0.32040277754258994,0
BX1103,Pelham Gardens,Bronx,2025-06,32.679386364433206,32.534325,0.14506171843711257,0
BX1103,Pelham Gardens,Bronx,2025-07,27.87204898124086,27.933817,-0.06176792854918034,0
BX1103,Pelham Gardens,Bronx,2025-08,29.57957318838568,30.049284,-0.4697107929375619,0
BX1103,Pelham Gardens,Bronx,2025-09,40.58653692367307,40.36048,0.2260556614660416,0
BX1103,Pelham Gardens,Bronx,2025-10,41.269546606531,41.17821,0.09133539437279836,0
BX1104,Allerton,Bronx,2022-03,41.32598034590706,41.55944,-0.23346026688590626,0
BX1104,Allerton,Bronx,2022-04,37.916440004423976,38.39616,-0.4797201213084463,0
BX1104,Allerton,Bronx,2022-05,52.58334199063139,52.238018,0.3453239547427174,0
BX1104,Allerton,Bronx,2022-06,38.47489919828759,38.62517,-0.15027246308936526,0
BX1104,Allerton,Bronx,2022-07,31.15614449975924,31.297976,-0.1418310404018932,0
BX1104,Allerton,Bronx,2022-08,33.88965529077585,33.7225,0.16715544336373966,0
BX1104,Allerton,Bronx,2022-09,49.14440905999759,48.524136,0.6202734703979829,0
BX1104,Allerton,Bronx,2022-10,56.13984527786806,55.948803,0.19104232987001524,0
BX1104,Allerton,Bronx,2023-03,48.70352022273685,47.974594,0.7289261065259112,0
BX1104,Allerton,Bronx,2023-04,47.674779602461776,47.67633,-0.0015509639444744039,0
BX1104,Allerton,Bronx,2023-05,50.584645928382685,50.510292,0.07435387516002834,0
BX1104,Allerton,Bronx,2023-06,43.47163935390935,43.605904,-0.13426427157892817,0
BX1104,Allerton,Bronx,2023-07,35.62381805066811,35.3389,0.2849165308927226,0
BX1104,Allerton,Bronx,2023-08,33.331196096912244,33.742023,-0.4108273711053343,0
BX1104,Allerton,Bronx,2023-09,43.29528381900506,43.294205,0.0010791070909945688,0
BX1104,Allerton,Bronx,2023-10,50.93735699819128,50.89732,0.04003720449010473,0
BX1104,Allerton,Bronx,2024-03,39.9445286558234,40.182747,-0.23821823138363385,0
BX1104,Allerton,Bronx,2024-04,40.297239725632,40.953957,-0.6567168783719097,0
BX1104,Allerton,Bronx,2024-05,50.90796440904057,50.58151,0.32645577256595715,0
BX1104,Allerton,Bronx,2024-06,34.74204037614662,34.800125,-0.058084745923693504,0
BX1104,Allerton,Bronx,2024-07,34.44811448463946,34.255524,0.19259080299883635,0
BX1104,Allerton,Bronx,2024-08,34.97718108935235,34.88137,0.09581054491875562,0
BX1104,Allerton,Bronx,2024-09,50.966749587342,50.40264,0.5641082909552821,0
BX1104,Allerton,Bronx,2024-10,54.640823231181535,54.348656,0.29216753049794164,0
BX1104,Allerton,Bronx,2025-03,41.70808400486638,41.49937,0.20871342991520692,0
BX1104,Allerton,Bronx,2025-04,46.352113090679545,46.74761,-0.39549509413490824,0
BX1104,Allerton,Bronx,2025-05,50.29072003687553,49.95057,0.3401508840434957,0
BX1104,Allerton,Bronx,2025-06,36.56438090349103,36.18513,0.3792498304929808,0
BX1104,Allerton,Bronx,2025-07,31.185537088909953,31.401358,-0.2158205618468827,0
BX1104,Allerton,Bronx,2025-08,33.09605538370651,33.558758,-0.4627023982759084,0
BX1104,Allerton,Bronx,2025-09,45.41155023785662,45.13378,0.2777688047511546,0
BX1104,Allerton,Bronx,2025-10,46.17575755577525,46.13513,0.040625719837748875,0
BX1201,Williamsbridge-Olinville,Bronx,2022-03,30.89540752441027,31.39996,-0.504552039798714,0
BX1201,Williamsbridge-Olinville,Bronx,2022-04,28.34642653377614,29.1551,-0.8086733349982751,0
BX1201,Williamsbridge-Olinville,Bronx,2022-05,39.31143958831435,38.860294,0.4511452462733345,0
BX1201,Williamsbridge-Olinville,Bronx,2022-06,28.763932040862763,28.2597,0.5042312657162782,0
BX1201,Williamsbridge-Olinville,Bronx,2022-07,23.29241250062225,23.832022,-0.5396092126345842,0
BX1201,Williamsbridge-Olinville,Bronx,2022-08,25.335992087941,25.298094,0.03789829216463403,0
BX1201,Williamsbridge-Olinville,Bronx,2022-09,36.740484623623026,36.762367,-0.021882624912130666,0
BX1201,Williamsbridge-Olinville,Bronx,2022-10,41.97029044923443,41.721626,0.24866416749615183,0
BX1201,Williamsbridge-Olinville,Bronx,2023-03,36.41087501276516,36.076305,0.3345696233608635,0
BX1201,Williamsbridge-Olinville,Bronx,2023-04,35.64178592076348,35.497227,0.14455920567559133,0
BX1201,Williamsbridge-Olinville,Bronx,2023-05,37.81720935242537,37.714703,0.10250674622420064,0
BX1201,Williamsbridge-Olinville,Bronx,2023-06,32.4995076305852,33.19794,-0.6984331958308161,0
BX1201,Williamsbridge-Olinville,Bronx,2023-07,26.632456557315255,26.402716,0.2297408743318563,0
BX1201,Williamsbridge-Olinville,Bronx,2023-08,24.91848658085437,25.318512,-0.4000253820362545,0
BX1201,Williamsbridge-Olinville,Bronx,2023-09,32.367663786242055,32.55774,-0.19007547157044513,0
BX1201,Williamsbridge-Olinville,Bronx,2023-10,38.08089704111166,37.165012,0.9158846814925212,0
BX1201,Williamsbridge-Olinville,Bronx,2024-03,29.862630743722303,30.368458,-0.5058270504671505,0
BX1201,Williamsbridge-Olinville,Bronx,2024-04,30.126318432408592,30.881319,-0.7550006136119158,0
BX1201,Williamsbridge-Olinville,Bronx,2024-05,38.05892306705447,37.631386,0.427537263831816,0
BX1201,Williamsbridge-Olinville,Bronx,2024-06,25.97323733559953,25.963531,0.009705841458906406,0
BX1201,Williamsbridge-Olinville,Bronx,2024-07,25.75349759502762,25.593773,0.1597247068440275,0
BX1201,Williamsbridge-Olinville,Bronx,2024-08,26.14902912805706,25.899908,0.24912106226116038,0
BX1201,Williamsbridge-Olinville,Bronx,2024-09,38.10287101516885,38.20568,-0.10280983199911731,0
BX1201,Williamsbridge-Olinville,Bronx,2024-10,40.84961777231771,40.256676,0.5929420521028632,0
BX1201,Williamsbridge-Olinville,Bronx,2025-03,31.181069187153753,31.86686,-0.6857902488814034,0
BX1201,Williamsbridge-Olinville,Bronx,2025-04,34.6529570881899,34.131218,0.5217391316469318,0
BX1201,Williamsbridge-Olinville,Bronx,2025-05,37.59746961185347,37.73614,-0.1386715929805149,0
BX1201,Williamsbridge-Olinville,Bronx,2025-06,27.33562372714536,26.657713,0.6779107907439936,0
BX1201,Williamsbridge-Olinville,Bronx,2025-07,23.314386474679445,23.759815,-0.4454287413850082,0
BX1201,Williamsbridge-Olinville,Bronx,2025-08,24.742694788396847,24.94798,-0.20528609234045803,0
BX1201,Williamsbridge-Olinville,Bronx,2025-09,33.94978991835979,34.628784,-0.6789942613277091,0
BX1201,Williamsbridge-Olinville,Bronx,2025-10,34.521113243846756,34.252132,0.26898082807527146,0
BX1202,Eastchester-Edenwald-Baychester,Bronx,2022-03,35.14030124688937,34.86172,0.2785802080710127,0
BX1202,Eastchester-Edenwald-Baychester,Bronx,2022-04,32.241101428511584,32.340378,-0.0992763791056035,0
BX1202,Eastchester-Edenwald-Baychester,Bronx,2022-05,44.71265926791258,45.039238,-0.3265787081616409,0
BX1202,Eastchester-Edenwald-Baychester,Bronx,2022-06,32.71597036428036,32.61519,0.1007817656475467,0
BX1202,Eastchester-Edenwald-Baychester,Bronx,2022-07,26.49268799552115,26.318438,0.17425041922720297,0
BX1202,Eastchester-Edenwald-Baychester,Bronx,2022-08,28.81704647059989,28.543785,0.27326137538504724,0
BX1202,Eastchester-Edenwald-Baychester,Bronx,2022-09,41.788466347652225,41.892673,-0.10420714477941573,0
BX1202,Eastchester-Edenwald-Baychester,Bronx,2022-10,47.7368245957032,47.640392,0.09643229223640049,0
BX1202,Eastchester-Edenwald-Baychester,Bronx,2023-03,41.41356981941371,41.559277,-0.1457067613968377,0
BX1202,Eastchester-Edenwald-Baychester,Bronx,2023-04,40.53881125352387,40.855785,-0.31697411634917927,0
BX1202,Eastchester-Edenwald-Baychester,Bronx,2023-05,43.01312833989802,43.32778,-0.31465333734807643,0
BX1202,Eastchester-Edenwald-Baychester,Bronx,2023-06,36.96479768431677,37.31743,-0.35263090455041635,0
BX1202,Eastchester-Edenwald-Baychester,Bronx,2023-07,30.29163948167135,30.084208,0.20743194688131084,0
BX1202,Eastchester-Edenwald-Baychester,Bronx,2023-08,28.342177534831116,28.42299,-0.08081326411907952,0
BX1202,Eastchester-Edenwald-Baychester,Bronx,2023-09,36.81483907302137,36.8117,0.0031401594471489602,0
BX1202,Eastchester-Edenwald-Baychester,Bronx,2023-10,43.31304556248882,43.684277,-0.3712310183217298,0
BX1202,Eastchester-Edenwald-Baychester,Bronx,2024-03,33.96562545840872,34.115696,-0.15007049496042413,0
BX1202,Eastchester-Edenwald-Baychester,Bronx,2024-04,34.26554268099952,34.359962,-0.09441978237938287,0
BX1202,Eastchester-Edenwald-Baychester,Bronx,2024-05,43.28805246060625,43.756786,-0.46873388582929465,0
BX1202,Eastchester-Edenwald-Baychester,Bronx,2024-06,29.541846425194336,29.328262,0.21358409609277373,0
BX1202,Eastchester-Edenwald-Baychester,Bronx,2024-07,29.291915406368663,29.143908,0.14800785937159233,0
BX1202,Eastchester-Edenwald-Baychester,Bronx,2024-08,29.741791240254873,29.567577,0.1742138781943261,0
BX1202,Eastchester-Edenwald-Baychester,Bronx,2024-09,43.33803866437139,43.36391,-0.02587201067743905,0
BX1202,Eastchester-Edenwald-Baychester,Bronx,2024-10,46.462176399692275,46.561104,-0.09892742110850605,0
BX1202,Eastchester-Edenwald-Baychester,Bronx,2025-03,35.465211571362744,35.615658,-0.15044623503374055,0
BX1202,Eastchester-Edenwald-Baychester,Bronx,2025-04,39.41412166880835,39.850025,-0.43590350819360424,0
BX1202,Eastchester-Edenwald-Baychester,Bronx,2025-05,42.76319732107234,42.687267,0.0759300176055433,0
BX1202,Eastchester-Edenwald-Baychester,Bronx,2025-06,31.091418741913497,30.990585,0.10083341476505936,0
BX1202,Eastchester-Edenwald-Baychester,Bronx,2025-07,26.517681097403713,26.336832,0.1808490508949241,0
BX1202,Eastchester-Edenwald-Baychester,Bronx,2025-08,28.14223271977058,28.145426,-0.00319307673821001,0
BX1202,Eastchester-Edenwald-Baychester,Bronx,2025-09,38.6143424085662,39.22221,-0.60786752185372,0
BX1202,Eastchester-Edenwald-Baychester,Bronx,2025-10,39.264163057512945,39.543976,-0.27981277256517956,0
BX1203,Wakefield-Woodlawn,Bronx,2022-03,25.457690305098883,25.835056,-0.3773659998327581,0
BX1203,Wakefield-Woodlawn,Bronx,2022-04,23.35734032260139,23.199305,0.15803574191291503,0
BX1203,Wakefield-Woodlawn,Bronx,2022-05,32.39246654041387,32.2853,0.107165331917777,0
BX1203,Wakefield-Woodlawn,Bronx,2022-06,23.70136316456219,23.267979,0.4333844963492979,0
BX1203,Wakefield-Woodlawn,Bronx,2022-07,19.19285328833913,19.338974,-0.14612071068430765,0
BX1203,Wakefield-Woodlawn,Bronx,2022-08,20.87675456741039,20.813778,0.06297664382640633,0
BX1203,Wakefield-Woodlawn,Bronx,2022-09,30.27401009255002,30.829288,-0.5552783901159941,0
BX1203,Wakefield-Woodlawn,Bronx,2022-10,34.583348849743146,34.11857,0.4647804293329898,0
BX1203,Wakefield-Woodlawn,Bronx,2023-03,30.002413112054658,29.686365,0.3160479844911812,0
BX1203,Wakefield-Woodlawn,Bronx,2023-04,29.36868682423214,29.815342,-0.4466551252307518,0
BX1203,Wakefield-Woodlawn,Bronx,2023-05,31.161226895501542,30.725243,0.4359842807554486,0
BX1203,Wakefield-Woodlawn,Bronx,2023-06,26.77946227684299,27.123852,-0.34438949928005513,0
BX1203,Wakefield-Woodlawn,Bronx,2023-07,21.945036024025494,22.039757,-0.09472075087684928,0
BX1203,Wakefield-Woodlawn,Bronx,2023-08,20.532731725449597,21.065037,-0.5323050482320433,0
BX1203,Wakefield-Woodlawn,Bronx,2023-09,26.67082348464485,27.244278,-0.5734544694567134,0
BX1203,Wakefield-Woodlawn,Bronx,2023-10,31.37850447989784,31.209566,0.1689383635648305,0
BX1203,Wakefield-Woodlawn,Bronx,2024-03,24.60668643288007,25.056782,-0.45009533591875694,0
BX1203,Wakefield-Woodlawn,Bronx,2024-04,24.823964017276364,25.193192,-0.3692275110439489,0
BX1203,Wakefield-Woodlawn,Bronx,2024-05,31.360398014531484,31.44549,-0.085091868891368,0
BX1203,Wakefield-Woodlawn,Bronx,2024-06,21.401842063034763,21.819853,-0.41801076594472875,0
BX1203,Wakefield-Woodlawn,Bronx,2024-07,21.220777409371188,21.083038,0.13773907929306262,0
BX1203,Wakefield-Woodlawn,Bronx,2024-08,21.546693785965623,21.591532,-0.04483796757441638,0
BX1203,Wakefield-Woodlawn,Bronx,2024-09,31.396610945264197,31.593994,-0.1973831953608034,0
BX1203,Wakefield-Woodlawn,Bronx,2024-10,33.65991911605891,33.440582,0.21933684066828363,0
BX1203,Wakefield-Woodlawn,Bronx,2025-03,25.693074354861533,25.785042,-0.09196745422049801,0
BX1203,Wakefield-Woodlawn,Bronx,2025-04,28.553895882746044,28.194937,0.35895913042670813,0
BX1203,Wakefield-Woodlawn,Bronx,2025-05,30.98016224183797,31.5274,-0.5472368212723815,0
BX1203,Wakefield-Woodlawn,Bronx,2025-06,22.52444291574894,22.24744,0.2770025776141729,0
BX1203,Wakefield-Woodlawn,Bronx,2025-07,19.210959753705485,19.757019,-0.5460592892632654,0
BX1203,Wakefield-Woodlawn,Bronx,2025-08,20.387880002518735,21.009764,-0.6218837151326326,0
BX1203,Wakefield-Woodlawn,Bronx,2025-09,27.974488991022596,28.604385,-0.629896384953966,0
BX1203,Wakefield-Woodlawn,Bronx,2025-10,28.445257090547894,28.625074,-0.17981729604878538,0
MN0101,Financial District-Battery Park City,Manhattan,2022-03,31.134555240976063,31.276789,-0.1422334705717887,0
MN0101,Financial District-Battery Park City,Manhattan,2022-04,28.154261765770617,27.839998,0.31426352053135886,0
MN0101,Financial District-Battery Park City,Manhattan,2022-05,35.98545845061898,35.441933,0.5435257723963218,0
MN0101,Financial District-Battery Park City,Manhattan,2022-06,25.427610288454996,26.75472,-1.3271103994112146,0
MN0101,Financial District-Battery Park City,Manhattan,2022-07,21.591275070371385,22.09199,-0.5007144468405293,0
MN0101,Financial District-Battery Park City,Manhattan,2022-08,21.87662231799744,21.937914,-0.061291576655879254,0
MN0101,Financial District-Battery Park City,Manhattan,2022-09,30.7223869944051,30.642128,0.08025900368244265,0
MN0101,Financial District-Battery Park City,Manhattan,2022-10,34.24166971512643,34.184925,0.056744635780724195,0
MN0101,Financial District-Battery Park City,Manhattan,2023-03,29.390766505483516,29.531935,-0.14116823267566403,0
MN0101,Financial District-Battery Park City,Manhattan,2023-04,28.4713142631329,28.495024,-0.023709464284092263,0
MN0101,Financial District-Battery Park City,Manhattan,2023-05,31.832070735173087,31.21965,0.6124204666183992,0
MN0101,Financial District-Battery Park City,Manhattan,2023-06,28.566430012341584,28.122675,0.4437550703249826,0
MN0101,Financial District-Battery Park City,Manhattan,2023-07,23.77893730217113,23.585066,0.1938714604963252,0
MN0101,Financial District-Battery Park City,Manhattan,2023-08,23.93746355085227,23.711214,0.2262494853005137,0
MN0101,Financial District-Battery Park City,Manhattan,2023-09,25.998304783707106,26.975386,-0.9770808821864492,0
MN0101,Financial District-Battery Park City,Manhattan,2023-10,30.278513498097904,30.21645,0.06206376054907636,0
MN0101,Financial District-Battery Park City,Manhattan,2024-03,27.361630522364912,27.437668,-0.07603732431477539,0
MN0101,Financial District-Battery Park City,Manhattan,2024-04,30.119987249416766,29.5523,0.5676877499050477,0
MN0101,Financial District-Battery Park City,Manhattan,2024-05,31.863775984909314,31.92847,-0.064694626662952,0
MN0101,Financial District-Battery Park City,Manhattan,2024-06,23.810642551907357,24.033453,-0.22281043576354165,0
MN0101,Financial District-Battery Park City,Manhattan,2024-07,24.60327379531306,24.594488,0.008785651392162919,0
MN0101,Financial District-Battery Park City,Manhattan,2024-08,22.41561156351332,22.655249,-0.2396370784544537,0
MN0101,Financial District-Battery Park City,Manhattan,2024-09,29.105419257857463,29.273245,-0.16782559993062307,0
MN0101,Financial District-Battery Park City,Manhattan,2024-10,31.166260490712293,31.440844,-0.274583091441027,0
MN0101,Financial District-Battery Park City,Manhattan,2025-03,25.649547036608592,25.665272,-0.015724722424611315,0
MN0101,Financial District-Battery Park City,Manhattan,2025-04,27.4567462715736,27.493519,-0.0367725577721032,0
MN0101,Financial District-Battery Park City,Manhattan,2025-05,29.86634525152694,29.806934,0.059410894837487405,0
MN0101,Financial District-Battery Park City,Manhattan,2025-06,23.62041105348999,23.823805,-0.20339380185669143,0
MN0101,Financial District-Battery Park City,Manhattan,2025-07,21.591275070371385,21.688631,-0.0973559873678731,0
MN0101,Financial District-Battery Park City,Manhattan,2025-08,21.4961593211627,22.185339,-0.689179652836323,0
MN0101,Financial District-Battery Park City,Manhattan,2025-09,29.01030350864878,28.867361,0.14294243992319267,0
MN0101,Financial District-Battery Park City,Manhattan,2025-10,27.551862020782284,27.30259,0.24927260427837794,0
MN0102,Tribeca-Civic Center,Manhattan,2022-03,31.134555240976063,31.097467,0.0370878184907113,0
MN0102,Tribeca-Civic Center,Manhattan,2022-04,28.154261765770617,28.123703,0.030558762840929177,0
MN0102,Tribeca-Civic Center,Manhattan,2022-05,35.98545845061898,35.90375,0.08170707732796245,0
MN0102,Tribeca-Civic Center,Manhattan,2022-06,25.427610288454996,25.333832,0.09377850134562138,0
MN0102,Tribeca-Civic Center,Manhattan,2022-07,21.591275070371385,21.63953,-0.04825511151338091,0
MN0102,Tribeca-Civic Center,Manhattan,2022-08,21.87662231799744,21.706455,0.17016708728455043,0
MN0102,Tribeca-Civic Center,Manhattan,2022-09,30.7223869944051,30.838247,-0.11586030478923703,0
MN0102,Tribeca-Civic Center,Manhattan,2022-10,34.24166971512643,34.30338,-0.061709343711463305,0
MN0102,Tribeca-Civic Center,Manhattan,2023-03,29.390766505483516,29.255478,0.13528860021007816,0
MN0102,Tribeca-Civic Center,Manhattan,2023-04,28.4713142631329,28.54575,-0.0744354011737407,0
MN0102,Tribeca-Civic Center,Manhattan,2023-05,31.832070735173087,31.706064,0.12600651092992265,0
MN0102,Tribeca-Civic Center,Manhattan,2023-06,28.566430012341584,28.649456,-0.08302601182833769,0
MN0102,Tribeca-Civic Center,Manhattan,2023-07,23.77893730217113,23.702097,0.07684036308421582,0
MN0102,Tribeca-Civic Center,Manhattan,2023-08,23.93746355085227,23.834467,0.10299661664816995,0
MN0102,Tribeca-Civic Center,Manhattan,2023-09,25.998304783707106,25.90626,0.09204524696394145,0
MN0102,Tribeca-Civic Center,Manhattan,2023-10,30.278513498097904,30.268847,0.009666986257084176,0
MN0102,Tribeca-Civic Center,Manhattan,2024-03,27.361630522364912,27.310863,0.050767027491865235,0
MN0102,Tribeca-Civic Center,Manhattan,2024-04,30.119987249416766,30.117992,0.001994848293719542,0
MN0102,Tribeca-Civic Center,Manhattan,2024-05,31.863775984909314,31.90094,-0.03716395649693638,0
MN0102,Tribeca-Civic Center,Manhattan,2024-06,23.810642551907357,23.749777,0.06086571169739585,0
MN0102,Tribeca-Civic Center,Manhattan,2024-07,24.60327379531306,24.512802,0.09047167128962386,0
MN0102,Tribeca-Civic Center,Manhattan,2024-08,22.41561156351332,22.367931,0.04768019754652286,0
MN0102,Tribeca-Civic Center,Manhattan,2024-09,29.105419257857463,28.829878,0.2755414044639082,0
MN0102,Tribeca-Civic Center,Manhattan,2024-10,31.166260490712293,31.195549,-0.02928852051817543,0
MN0102,Tribeca-Civic Center,Manhattan,2025-03,25.649547036608592,25.663908,-0.014360968152150377,0
MN0102,Tribeca-Civic Center,Manhattan,2025-04,27.4567462715736,27.45375,0.002995661222037427,0
MN0102,Tribeca-Civic Center,Manhattan,2025-05,29.86634525152694,29.854883,0.011462057557213967,0
MN0102,Tribeca-Civic Center,Manhattan,2025-06,23.62041105348999,23.57665,0.043760433983152325,0
MN0102,Tribeca-Civic Center,Manhattan,2025-07,21.591275070371385,21.646809,-0.05553355389619341,0
MN0102,Tribeca-Civic Center,Manhattan,2025-08,21.4961593211627,21.470924,0.0252349437212942,0
MN0102,Tribeca-Civic Center,Manhattan,2025-09,29.01030350864878,29.00458,0.005723964581395791,0
MN0102,Tribeca-Civic Center,Manhattan,2025-10,27.551862020782284,27.535809,0.016053457549862316,0
MN0201,SoHo-Little Italy-Hudson Square,Manhattan,2022-03,31.134555240976063,30.970175,0.16438045154735192,0
MN0201,SoHo-Little Italy-Hudson Square,Manhattan,2022-04,28.154261765770617,27.990726,0.16353529482335105,0
MN0201,SoHo-Little Italy-Hudson Square,Manhattan,2022-05,35.98545845061898,35.884975,0.1004830172693687,0
MN0201,SoHo-Little Italy-Hudson Square,Manhattan,2022-06,25.427610288454996,25.199913,0.22769726355265263,0
MN0201,SoHo-Little Italy-Hudson Square,Manhattan,2022-07,21.591275070371385,21.619501,-0.028226043520216848,0
MN0201,SoHo-Little Italy-Hudson Square,Manhattan,2022-08,21.87662231799744,21.659595,0.21702682849548793,0
MN0201,SoHo-Little Italy-Hudson Square,Manhattan,2022-09,30.7223869944051,30.777817,-0.0554297780558386,0
MN0201,SoHo-Little Italy-Hudson Square,Manhattan,2022-10,34.24166971512643,34.172894,0.06877619095650545,0
MN0201,SoHo-Little Italy-Hudson Square,Manhattan,2023-03,29.390766505483516,29.187378,0.20338857579601566,0
MN0201,SoHo-Little Italy-Hudson Square,Manhattan,2023-04,28.4713142631329,28.541754,-0.07043950578799851,0
MN0201,SoHo-Little Italy-Hudson Square,Manhattan,2023-05,31.832070735173087,31.601576,0.23049488373265703,0
MN0201,SoHo-Little Italy-Hudson Square,Manhattan,2023-06,28.566430012341584,28.52504,0.04139033949002169,0
MN0201,SoHo-Little Italy-Hudson Square,Manhattan,2023-07,23.77893730217113,23.645897,0.13304039055003614,0
MN0201,SoHo-Little Italy-Hudson Square,Manhattan,2023-08,23.93746355085227,23.763405,0.17405870466086526,0
MN0201,SoHo-Little Italy-Hudson Square,Manhattan,2023-09,25.998304783707106,25.949137,0.04916804969831645,0
MN0201,SoHo-Little Italy-Hudson Square,Manhattan,2023-10,30.278513498097904,30.342144,-0.06363051435326739,0
MN0201,SoHo-Little Italy-Hudson Square,Manhattan,2024-03,27.361630522364912,27.31799,0.043641172999677735,0
MN0201,SoHo-Little Italy-Hudson Square,Manhattan,2024-04,30.119987249416766,29.99879,0.12119650844996954,0
MN0201,SoHo-Little Italy-Hudson Square,Manhattan,2024-05,31.863775984909314,31.83709,0.02668644633509487,0
MN0201,SoHo-Little Italy-Hudson Square,Manhattan,2024-06,23.810642551907357,23.747095,0.06354744387513023,0
MN0201,SoHo-Little Italy-Hudson Square,Manhattan,2024-07,24.60327379531306,24.346655,0.2566189033452879,0
MN0201,SoHo-Little Italy-Hudson Square,Manhattan,2024-08,22.41561156351332,22.412228,0.0033839328980853622,0
MN0201,SoHo-Little Italy-Hudson Square,Manhattan,2024-09,29.105419257857463,28.74797,0.35744867680277537,0
MN0201,SoHo-Little Italy-Hudson Square,Manhattan,2024-10,31.166260490712293,31.244606,-0.07834552735411293,0
MN0201,SoHo-Little Italy-Hudson Square,Manhattan,2025-03,25.649547036608592,25.669416,-0.019869391003712877,0
MN0201,SoHo-Little Italy-Hudson Square,Manhattan,2025-04,27.4567462715736,27.5063,-0.04955370096057976,0
MN0201,SoHo-Little Italy-Hudson Square,Manhattan,2025-05,29.86634525152694,29.873867,-0.007521783385168845,0
MN0201,SoHo-Little Italy-Hudson Square,Manhattan,2025-06,23.62041105348999,23.549212,0.07119955141479295,0
MN0201,SoHo-Little Italy-Hudson Square,Manhattan,2025-07,21.591275070371385,21.602692,-0.011416580019240286,0
MN0201,SoHo-Little Italy-Hudson Square,Manhattan,2025-08,21.4961593211627,21.455849,0.0403106273150442,0
MN0201,SoHo-Little Italy-Hudson Square,Manhattan,2025-09,29.01030350864878,28.944052,0.06625176609506767,0
MN0201,SoHo-Little Italy-Hudson Square,Manhattan,2025-10,27.551862020782284,27.494137,0.057725210479549816,0
MN0202,Greenwich Village,Manhattan,2022-03,31.134555240976063,31.128746,0.005809208261219112,0
MN0202,Greenwich Village,Manhattan,2022-04,28.154261765770617,28.036674,0.11758726625889793,0
MN0202,Greenwich Village,Manhattan,2022-05,35.98545845061898,35.87505,0.11040885955452495,0
MN0202,Greenwich Village,Manhattan,2022-06,25.427610288454996,25.225952,0.20165814001749638,0
MN0202,Greenwich Village,Manhattan,2022-07,21.591275070371385,21.621641,-0.030366088686232473,0
MN0202,Greenwich Village,Manhattan,2022-08,21.87662231799744,21.760275,0.11634743091248012,0
MN0202,Greenwich Village,Manhattan,2022-09,30.7223869944051,30.872398,-0.15001138205974485,0
MN0202,Greenwich Village,Manhattan,2022-10,34.24166971512643,34.293026,-0.051356255332557055,0
MN0202,Greenwich Village,Manhattan,2023-03,29.390766505483516,29.340078,0.05068815160167972,0
MN0202,Greenwich Village,Manhattan,2023-04,28.4713142631329,28.614632,-0.14331738969913133,0
MN0202,Greenwich Village,Manhattan,2023-05,31.832070735173087,31.655107,0.1769632370041414,0
MN0202,Greenwich Village,Manhattan,2023-06,28.566430012341584,28.510191,0.056239048596467,0
MN0202,Greenwich Village,Manhattan,2023-07,23.77893730217113,23.64919,0.12974639946116895,0
MN0202,Greenwich Village,Manhattan,2023-08,23.93746355085227,23.797958,0.139505176828834,0
MN0202,Greenwich Village,Manhattan,2023-09,25.998304783707106,25.984655,0.013649403458082077,0
MN0202,Greenwich Village,Manhattan,2023-10,30.278513498097904,30.421785,-0.14327185651635332,0
MN0202,Greenwich Village,Manhattan,2024-03,27.361630522364912,27.387627,-0.02599612558430664,0
MN0202,Greenwich Village,Manhattan,2024-04,30.119987249416766,30.16348,-0.04349350925022577,0
MN0202,Greenwich Village,Manhattan,2024-05,31.863775984909314,31.892132,-0.028355820510608254,0
MN0202,Greenwich Village,Manhattan,2024-06,23.810642551907357,23.998114,-0.18747108029479165,0
MN0202,Greenwich Village,Manhattan,2024-07,24.60327379531306,24.584072,0.01920168227595198,0
MN0202,Greenwich Village,Manhattan,2024-08,22.41561156351332,22.448353,-0.03274125020738339,0
MN0202,Greenwich Village,Manhattan,2024-09,29.105419257857463,28.847878,0.2575417554160566,0
MN0202,Greenwich Village,Manhattan,2024-10,31.166260490712293,31.272108,-0.10584758729063637,0
MN0202,Greenwich Village,Manhattan,2025-03,25.649547036608592,25.82174,-0.17219216016875194,0
MN0202,Greenwich Village,Manhattan,2025-04,27.4567462715736,27.5081,-0.05135423806995476,0
MN0202,Greenwich Village,Manhattan,2025-05,29.86634525152694,29.984434,-0.11808887628067666,0
MN0202,Greenwich Village,Manhattan,2025-06,23.62041105348999,23.675673,-0.055261477637941425,0
MN0202,Greenwich Village,Manhattan,2025-07,21.591275070371385,21.587658,0.0036171419045878395,0
MN0202,Greenwich Village,Manhattan,2025-08,21.4961593211627,21.45422,0.041939503047466076,0
MN0202,Greenwich Village,Manhattan,2025-09,29.01030350864878,29.035112,-0.02480887233266671,0
MN0202,Greenwich Village,Manhattan,2025-10,27.551862020782284,27.483488,0.068373937896542,0
MN0203,West Village,Manhattan,2022-03,31.134555240976063,31.018677,0.11587848316356286,0
MN0203,West Village,Manhattan,2022-04,28.154261765770617,28.055544,0.09871786623448386,0
MN0203,West Village,Manhattan,2022-05,35.98545845061898,35.960514,0.024944382015462452,0
MN0203,West Village,Manhattan,2022-06,25.427610288454996,25.321438,0.106172452761637,0
MN0203,West Village,Manhattan,2022-07,21.591275070371385,21.698349,-0.10707392865205279,0
MN0203,West Village,Manhattan,2022-08,21.87662231799744,21.879019,-0.002396465571894879,0
MN0203,West Village,Manhattan,2022-09,30.7223869944051,30.795464,-0.07307656760661985,0
MN0203,West Village,Manhattan,2022-10,34.24166971512643,34.21439,0.027279914101036695,0
MN0203,West Village,Manhattan,2023-03,29.390766505483516,29.296654,0.09411275792492191,0
MN0203,West Village,Manhattan,2023-04,28.4713142631329,28.686106,-0.21479146501651414,0
MN0203,West Village,Manhattan,2023-05,31.832070735173087,31.568384,0.26368656464086015,0
MN0203,West Village,Manhattan,2023-06,28.566430012341584,28.424564,0.14186565076931856,0
MN0203,West Village,Manhattan,2023-07,23.77893730217113,23.72183,0.0571069341291377,0
MN0203,West Village,Manhattan,2023-08,23.93746355085227,23.77384,0.16362360029074807,0
MN0203,West Village,Manhattan,2023-09,25.998304783707106,26.104088,-0.10578304588273824,0
MN0203,West Village,Manhattan,2023-10,30.278513498097904,30.403795,-0.12528174421166582,0
MN0203,West Village,Manhattan,2024-03,27.361630522364912,27.558933,-0.19730273569172851,0
MN0203,West Village,Manhattan,2024-04,30.119987249416766,30.206768,-0.08678078647190546,0
MN0203,West Village,Manhattan,2024-05,31.863775984909314,32.069756,-0.20597956928990513,0
MN0203,West Village,Manhattan,2024-06,23.810642551907357,24.067974,-0.2573315386688151,0
MN0203,West Village,Manhattan,2024-07,24.60327379531306,24.813875,-0.21060140305119646,0
MN0203,West Village,Manhattan,2024-08,22.41561156351332,22.702904,-0.287292184045274,0
MN0203,West Village,Manhattan,2024-09,29.105419257857463,29.01805,0.08737001774515818,0
MN0203,West Village,Manhattan,2024-10,31.166260490712293,31.319054,-0.15279315919005043,0
MN0203,West Village,Manhattan,2025-03,25.649547036608592,26.122665,-0.4731183686648457,0
MN0203,West Village,Manhattan,2025-04,27.4567462715736,27.738892,-0.2821453299889001,0
MN0203,West Village,Manhattan,2025-05,29.86634525152694,30.13562,-0.26927486566055947,0
MN0203,West Village,Manhattan,2025-06,23.62041105348999,23.842535,-0.22212396543091018,0
MN0203,West Village,Manhattan,2025-07,21.591275070371385,21.797575,-0.20629992657685747,0
MN0203,West Village,Manhattan,2025-08,21.4961593211627,21.575018,-0.07885860791444799,0
MN0203,West Village,Manhattan,2025-09,29.01030350864878,29.310371,-0.30006789027700265,0
MN0203,West Village,Manhattan,2025-10,27.551862020782284,27.65295,-0.10108826608295018,0
MN0301,Chinatown-Two Bridges,Manhattan,2022-03,31.134555240976063,30.984581,0.1499742473237191,0
MN0301,Chinatown-Two Bridges,Manhattan,2022-04,28.154261765770617,27.982325,0.17193716555089011,0
MN0301,Chinatown-Two Bridges,Manhattan,2022-05,35.98545845061898,35.825657,0.15980155974983745,0
MN0301,Chinatown-Two Bridges,Manhattan,2022-06,25.427610288454996,25.267178,0.160432706667887,0
MN0301,Chinatown-Two Bridges,Manhattan,2022-07,21.591275070371385,21.565714,0.025561187925095652,0
MN0301,Chinatown-Two Bridges,Manhattan,2022-08,21.87662231799744,21.738913,0.13770973559998012,0
MN0301,Chinatown-Two Bridges,Manhattan,2022-09,30.7223869944051,30.787453,-0.06506570334880735,0
MN0301,Chinatown-Two Bridges,Manhattan,2022-10,34.24166971512643,34.16744,0.0742312080463492,0
MN0301,Chinatown-Two Bridges,Manhattan,2023-03,29.390766505483516,29.24359,0.14717710423839847,0
MN0301,Chinatown-Two Bridges,Manhattan,2023-04,28.4713142631329,28.477968,-0.006653952809482888,0
MN0301,Chinatown-Two Bridges,Manhattan,2023-05,31.832070735173087,31.63533,0.19674053497777422,0
MN0301,Chinatown-Two Bridges,Manhattan,2023-06,28.566430012341584,28.53375,0.032679478283967,0
MN0301,Chinatown-Two Bridges,Manhattan,2023-07,23.77893730217113,23.694227,0.0847100835432002,0
MN0301,Chinatown-Two Bridges,Manhattan,2023-08,23.93746355085227,23.777674,0.15978982953879495,0
MN0301,Chinatown-Two Bridges,Manhattan,2023-09,25.998304783707106,25.979046,0.01925891578718364,0
MN0301,Chinatown-Two Bridges,Manhattan,2023-10,30.278513498097904,30.18706,0.09145409563208418,0
MN0301,Chinatown-Two Bridges,Manhattan,2024-03,27.361630522364912,27.265644,0.09598644887858399,0
MN0301,Chinatown-Two Bridges,Manhattan,2024-04,30.119987249416766,29.987223,0.13276457790797735,0
MN0301,Chinatown-Two Bridges,Manhattan,2024-05,31.863775984909314,31.79009,0.07368542399622768,0
MN0301,Chinatown-Two Bridges,Manhattan,2024-06,23.810642551907357,23.729212,0.08143074465638023,0
MN0301,Chinatown-Two Bridges,Manhattan,2024-07,24.60327379531306,24.404903,0.19837038344782698,0
MN0301,Chinatown-Two Bridges,Manhattan,2024-08,22.41561156351332,22.435848,-0.020236672570664638,0
MN0301,Chinatown-Two Bridges,Manhattan,2024-09,29.105419257857463,28.877996,0.22742281315531443,0
MN0301,Chinatown-Two Bridges,Manhattan,2024-10,31.166260490712293,31.095085,0.07117534666932457,0
MN0301,Chinatown-Two Bridges,Manhattan,2025-03,25.649547036608592,25.636644,0.012902673205271498,0
MN0301,Chinatown-Two Bridges,Manhattan,2025-04,27.4567462715736,27.465403,-0.008656331575814136,0
MN0301,Chinatown-Two Bridges,Manhattan,2025-05,29.86634525152694,29.886787,-0.02044216302384072,0
MN0301,Chinatown-Two Bridges,Manhattan,2025-06,23.62041105348999,23.579966,0.0404454620593242,0
MN0301,Chinatown-Two Bridges,Manhattan,2025-07,21.591275070371385,21.651468,-0.06019320660615435,0
MN0301,Chinatown-Two Bridges,Manhattan,2025-08,21.4961593211627,21.44028,0.055878406856059826,0
MN0301,Chinatown-Two Bridges,Manhattan,2025-09,29.01030350864878,29.045694,-0.03539084254751046,0
MN0301,Chinatown-Two Bridges,Manhattan,2025-10,27.551862020782284,27.517221,0.03464056997662013,0
MN0302,Lower East Side,Manhattan,2022-03,31.134555240976063,31.057884,0.07667102466746911,0
MN0302,Lower East Side,Manhattan,2022-04,28.154261765770617,27.953285,0.20097654848546043,0
MN0302,Lower East Side,Manhattan,2022-05,35.98545845061898,35.80914,0.1763191989099937,0
MN0302,Lower East Side,Manhattan,2022-06,25.427610288454996,25.153698,0.2739123209256995,0
MN0302,Lower East Side,Manhattan,2022-07,21.591275070371385,21.570473,0.020802353086228464,0
MN0302,Lower East Side,Manhattan,2022-08,21.87662231799744,21.764317,0.11230575915955043,0
MN0302,Lower East Side,Manhattan,2022-09,30.7223869944051,30.740244,-0.01785691733806516,0
MN0302,Lower East Side,Manhattan,2022-10,34.24166971512643,34.28409,-0.04241841963919768,0
MN0302,Lower East Side,Manhattan,2023-03,29.390766505483516,29.25806,0.13270605016125003,0
MN0302,Lower East Side,Manhattan,2023-04,28.4713142631329,28.592775,-0.12146108171573289,0
MN0302,Lower East Side,Manhattan,2023-05,31.832070735173087,31.616404,0.21566715546117265,0
MN0302,Lower East Side,Manhattan,2023-06,28.566430012341584,28.456846,0.109583775158967,0
MN0302,Lower East Side,Manhattan,2023-07,23.77893730217113,23.64111,0.1378278356183955,0
MN0302,Lower East Side,Manhattan,2023-08,23.93746355085227,23.811665,0.12579896955344338,0
MN0302,Lower East Side,Manhattan,2023-09,25.998304783707106,25.929214,0.06909030616804301,0
MN0302,Lower East Side,Manhattan,2023-10,30.278513498097904,30.329794,-0.05128043195580645,0
MN0302,Lower East Side,Manhattan,2024-03,27.361630522364912,27.40425,-0.04261866891926758,0
MN0302,Lower East Side,Manhattan,2024-04,30.119987249416766,30.061298,0.05868887905543829,0
MN0302,Lower East Side,Manhattan,2024-05,31.863775984909314,31.83536,0.02841641154505581,0
MN0302,Lower East Side,Manhattan,2024-06,23.810642551907357,23.835327,-0.02468459653014321,0
MN0302,Lower East Side,Manhattan,2024-07,24.60327379531306,24.470137,0.13313715285700667,0
MN0302,Lower East Side,Manhattan,2024-08,22.41561156351332,22.484116,-0.06850403707261776,0
MN0302,Lower East Side,Manhattan,2024-09,29.105419257857463,28.787481,0.31793794987406443,0
MN0302,Lower East Side,Manhattan,2024-10,31.166260490712293,31.19156,-0.025300254526964494,0
MN0302,Lower East Side,Manhattan,2025-03,25.649547036608592,25.683819,-0.034271780530080065,0
MN0302,Lower East Side,Manhattan,2025-04,27.4567462715736,27.299414,0.1573325905433265,0
MN0302,Lower East Side,Manhattan,2025-05,29.86634525152694,29.880814,-0.01446834710587197,0
MN0302,Lower East Side,Manhattan,2025-06,23.62041105348999,23.549969,0.07044233400756639,0
MN0302,Lower East Side,Manhattan,2025-07,21.591275070371385,21.543959,0.04731640643095503,0
MN0302,Lower East Side,Manhattan,2025-08,21.4961593211627,21.441633,0.05452609667539576,0
MN0302,Lower East Side,Manhattan,2025-09,29.01030350864878,28.952963,0.057340633282567666,0
MN0302,Lower East Side,Manhattan,2025-10,27.551862020782284,27.429253,0.12260939627056544,0
MN0303,East Village,Manhattan,2022-03,31.11509614395046,30.638386,0.47671037124538174,0
MN0303,East Village,Manhattan,2022-04,28.136665352167014,27.740408,0.39625740844142854,0
MN0303,East Village,Manhattan,2022-05,35.962967539087344,35.608448,0.3545195105228913,0
MN0303,East Village,Manhattan,2022-06,25.411718032024712,24.933342,0.4783760520442435,0
MN0303,East Village,Manhattan,2022-07,21.577780523452404,21.571444,0.006336965713146014,0
MN0303,East Village,Manhattan,2022-08,21.862949429048697,21.61654,0.24640852023522086,0
MN0303,East Village,Manhattan,2022-09,30.7031855025336,30.625229,0.07795662069766252,0
MN0303,East Village,Manhattan,2022-10,34.22026867155448,33.806587,0.41368145231619735,0
MN0303,East Village,Manhattan,2023-03,29.37239727641759,28.847733,0.524664732472278,0
MN0303,East Village,Manhattan,2023-04,28.453519691718444,28.345247,0.1082724230416865,0
MN0303,East Village,Manhattan,2023-05,31.81217569096361,31.333193,0.47898286564622694,0
MN0303,East Village,Manhattan,2023-06,28.54857599358387,28.26627,0.28230630974598014,0
MN0303,East Village,Manhattan,2023-07,23.764075466357276,23.540455,0.2236206018553233,0
MN0303,East Village,Manhattan,2023-08,23.92250263613299,23.587568,0.33493435305193486,0
MN0303,East Village,Manhattan,2023-09,25.98205584321729,25.800085,0.18197077546826534,0
MN0303,East Village,Manhattan,2023-10,30.259589427161597,30.004637,0.25495266263522964,0
MN0303,East Village,Manhattan,2024-03,27.34452950328844,27.090292,0.25423752635973074,0
MN0303,East Village,Manhattan,2024-04,30.10116225738588,29.765848,0.3353140975958411,0
MN0303,East Village,Manhattan,2024-05,31.84386112491875,31.705534,0.13832714359550735,0
MN0303,East Village,Manhattan,2024-06,23.795760900312416,23.684078,0.11168268375968182,0
MN0303,East Village,Manhattan,2024-07,24.587896749190993,24.231422,0.3564743248745863,0
MN0303,East Village,Manhattan,2024-08,22.401601806286124,22.34476,0.056840911510732894,0
MN0303,East Village,Manhattan,2024-09,29.087228370821304,28.708204,0.3790241014121243,0
MN0303,East Village,Manhattan,2024-10,31.146781577905603,30.886213,0.2605682752932985,0
MN0303,East Village,Manhattan,2025-03,25.633516069710712,25.57909,0.054425951302508935,0
MN0303,East Village,Manhattan,2025-04,27.439585805153868,27.284996,0.1545897724390244,0
MN0303,East Village,Manhattan,2025-05,29.847678785744737,29.693336,0.15434229892833073,0
MN0303,East Village,Manhattan,2025-06,23.60564829658156,23.424236,0.18141199897413784,0
MN0303,East Village,Manhattan,2025-07,21.577780523452404,21.4605,0.11727980628931789,0
MN0303,East Village,Manhattan,2025-08,21.482724221586977,21.334066,0.14865783059576643,0
MN0303,East Village,Manhattan,2025-09,28.99217206895587,28.756342,0.23583013475176884,0
MN0303,East Village,Manhattan,2025-10,27.534642107019295,27.301567,0.23307502938257585,0
MN0401,Chelsea-Hudson Yards,Manhattan,2022-03,29.267789577837625,29.183193,0.08459637105051598,0
MN0401,Chelsea-Hudson Yards,Manhattan,2022-04,26.466188538818542,26.273766,0.19242297485369875,0
MN0401,Chelsea-Hudson Yards,Manhattan,2022-05,33.82784233283676,33.867096,-0.039253614428865546,0
MN0401,Chelsea-Hudson Yards,Manhattan,2022-06,23.903021630779808,23.831326,0.07169609977394842,0
MN0401,Chelsea-Hudson Yards,Manhattan,2022-07,20.296705399702056,20.376396,-0.07969077949716308,0
MN0401,Chelsea-Hudson Yards,Manhattan,2022-08,20.564943797054948,20.606022,-0.04107808404856783,0
MN0401,Chelsea-Hudson Yards,Manhattan,2022-09,28.880334114994557,29.043568,-0.16323354247614574,0
MN0401,Chelsea-Hudson Yards,Manhattan,2022-10,32.18860768234688,32.084843,0.10376500046211135,0
MN0401,Chelsea-Hudson Yards,Manhattan,2023-03,27.628554927347732,27.559484,0.06907044553620878,0
MN0401,Chelsea-Hudson Yards,Manhattan,2023-04,26.764231202543975,26.797846,-0.03361463791012653,0
MN0401,Chelsea-Hudson Yards,Manhattan,2023-05,29.923483438033575,29.72224,0.20124299003552792,0
MN0401,Chelsea-Hudson Yards,Manhattan,2023-06,26.853644001661603,27.071535,-0.21789110881202944,0
MN0401,Chelsea-Hudson Yards,Manhattan,2023-07,22.35319977940755,22.437082,-0.08388251124186397,0
MN0401,Chelsea-Hudson Yards,Manhattan,2023-08,22.50222111127027,22.36265,0.13957119366773085,0
MN0401,Chelsea-Hudson Yards,Manhattan,2023-09,24.43949842548559,24.531246,-0.09174775981714589,0
MN0401,Chelsea-Hudson Yards,Manhattan,2023-10,28.46307438577895,28.5211,-0.05802470479722288,0
MN0401,Chelsea-Hudson Yards,Manhattan,2024-03,25.72108187950495,25.831509,-0.11042675696965887,0
MN0401,Chelsea-Hudson Yards,Manhattan,2024-04,28.314053053916233,28.06726,0.24679231172873273,0
MN0401,Chelsea-Hudson Yards,Manhattan,2024-05,29.95328770440612,30.14791,-0.19462146002259217,0
MN0401,Chelsea-Hudson Yards,Manhattan,2024-06,22.383004045780098,22.57573,-0.1927253243370899,0
MN0401,Chelsea-Hudson Yards,Manhattan,2024-07,23.12811070509368,23.168968,-0.040857495589914805,0
MN0401,Chelsea-Hudson Yards,Manhattan,2024-08,21.071616325388185,21.286695,-0.21507915495849517,0
MN0401,Chelsea-Hudson Yards,Manhattan,2024-09,27.360316529994844,27.543459,-0.18314240860378916,0
MN0401,Chelsea-Hudson Yards,Manhattan,2024-10,29.29759384421016,29.409925,-0.11233161660527102,0
MN0401,Chelsea-Hudson Yards,Manhattan,2025-03,24.111651495387612,24.144213,-0.032561227390708325,0
MN0401,Chelsea-Hudson Yards,Manhattan,2025-04,25.810494678622582,26.08125,-0.2707545584379645,0
MN0401,Chelsea-Hudson Yards,Manhattan,2025-05,28.075618922935885,28.282831,-0.207212269080717,0
MN0401,Chelsea-Hudson Yards,Manhattan,2025-06,22.20417844754483,22.281277,-0.0770982553360291,0
MN0401,Chelsea-Hudson Yards,Manhattan,2025-07,20.296705399702056,20.323309,-0.026603545000092765,0
MN0401,Chelsea-Hudson Yards,Manhattan,2025-08,20.207292600584427,20.181152,0.026140256834427333,0
MN0401,Chelsea-Hudson Yards,Manhattan,2025-09,27.27090373087721,27.36379,-0.09288678120774918,0
MN0401,Chelsea-Hudson Yards,Manhattan,2025-10,25.899907477740214,26.220446,-0.320538155194356,0
MN0402,Hell's Kitchen,Manhattan,2022-03,30.846716277773243,30.589598,0.25711857574687613,0
MN0402,Hell's Kitchen,Manhattan,2022-04,27.89397561574607,27.656298,0.23767793203024823,0
MN0402,Hell's Kitchen,Manhattan,2022-05,35.652772887243,35.545963,0.10680959988948757,0
MN0402,Hell's Kitchen,Manhattan,2022-06,25.192532031338228,25.107119,0.08541342477084513,0
MN0402,Hell's Kitchen,Manhattan,2022-07,21.3916637323458,21.28482,0.10684317570517621,0
MN0402,Hell's Kitchen,Manhattan,2022-08,21.674372944667553,21.809889,-0.13551589505412664,0
MN0402,Hell's Kitchen,Manhattan,2022-09,30.438358526641824,30.311941,0.12641737979123846,0
MN0402,Hell's Kitchen,Manhattan,2022-10,33.925105478610085,33.84324,0.08186664804367894,0
MN0402,Hell's Kitchen,Manhattan,2023-03,29.11904886914032,28.82448,0.29456881237762644,0
MN0402,Hell's Kitchen,Manhattan,2023-04,28.20809696277023,28.287195,-0.07909824291824563,0
MN0402,Hell's Kitchen,Manhattan,2023-05,31.53778324122641,31.351393,0.18639049525473084,0
MN0402,Hell's Kitchen,Manhattan,2023-06,28.302333366877487,28.176262,0.1260714650220187,0
MN0402,Hell's Kitchen,Manhattan,2023-07,23.55910102681256,23.44647,0.11263076619244217,0
MN0402,Hell's Kitchen,Manhattan,2023-08,23.71616170032464,23.414621,0.3015403471752265,0
MN0402,Hell's Kitchen,Manhattan,2023-09,25.75795045598173,25.879335,-0.1213849474606512,0
MN0402,Hell's Kitchen,Manhattan,2023-10,29.99858864080799,29.984896,0.013692934631233555,0
MN0402,Hell's Kitchen,Manhattan,2024-03,27.108672248185652,27.222967,-0.11429489964149653,0
MN0402,Hell's Kitchen,Manhattan,2024-04,29.841527967295907,29.480583,0.36094477637793787,0
MN0402,Hell's Kitchen,Manhattan,2024-05,31.569195375928828,31.64725,-0.07805384587292963,0
MN0402,Hell's Kitchen,Manhattan,2024-06,23.590513161514973,23.489195,0.10131829151985627,0
MN0402,Hell's Kitchen,Manhattan,2024-07,24.375816529075394,24.046825,0.32899112013984677,0
MN0402,Hell's Kitchen,Manhattan,2024-08,22.20837923460864,22.428715,-0.22033551758862657,0
MN0402,Hell's Kitchen,Manhattan,2024-09,28.83633965681857,28.949741,-0.1134017067068207,0
MN0402,Hell's Kitchen,Manhattan,2024-10,30.87812841247566,30.901224,-0.023095723876878083,0
MN0402,Hell's Kitchen,Manhattan,2025-03,25.412416974255144,25.387106,0.025311032482683515,0
MN0402,Hell's Kitchen,Manhattan,2025-04,27.2029086522929,27.102097,0.10081209467571384,0
MN0402,Hell's Kitchen,Manhattan,2025-05,29.590230889676572,29.539286,0.05094522988653338,0
MN0402,Hell's Kitchen,Manhattan,2025-06,23.402040353300475,23.342264,0.059776177885435544,0
MN0402,Hell's Kitchen,Manhattan,2025-07,21.3916637323458,21.249914,0.14174956303427777,0
MN0402,Hell's Kitchen,Manhattan,2025-08,21.297427328238552,21.139137,0.15829006017214553,0
MN0402,Hell's Kitchen,Manhattan,2025-09,28.74210325271132,28.439905,0.30219808608534393,0
MN0402,Hell's Kitchen,Manhattan,2025-10,27.29714505640015,27.150854,0.14629094568237733,0
MN0501,Midtown South-Flatiron-Union Square,Manhattan,2022-03,29.592647527221967,29.746443,-0.1537952675778378,0
MN0501,Midtown South-Flatiron-Union Square,Manhattan,2022-04,26.75995010608259,26.814,-0.05404906994279912,0
MN0501,Midtown South-Flatiron-Union Square,Manhattan,2022-05,34.20331460631052,34.42142,-0.21810644471486995,0
MN0501,Midtown South-Flatiron-Union Square,Manhattan,2022-06,24.168333316529548,24.033962,0.1343710667736886,0
MN0501,Midtown South-Flatiron-Union Square,Manhattan,2022-07,20.521988763786315,20.584888,-0.06289969446563859,0
MN0501,Midtown South-Flatiron-Union Square,Manhattan,2022-08,20.793204474320937,20.809757,-0.01655275834507819,0
MN0501,Midtown South-Flatiron-Union Square,Manhattan,2022-09,29.20089150089418,29.499092,-0.2982006011566014,0
MN0501,Midtown South-Flatiron-Union Square,Manhattan,2022-10,32.545885264154506,32.67118,-0.1252954609431498,0
MN0501,Midtown South-Flatiron-Union Square,Manhattan,2023-03,27.93521818506595,28.046316,-0.11109796178463682,0
MN0501,Midtown South-Flatiron-Union Square,Manhattan,2023-04,27.061300895565505,27.276665,-0.2153638383212133,0
MN0501,Midtown South-Flatiron-Union Square,Manhattan,2023-05,30.255619264084373,30.264585,-0.008966230910743889,0
MN0501,Midtown South-Flatiron-Union Square,Manhattan,2023-06,27.15170613241038,27.298086,-0.14638003397145738,0
MN0501,Midtown South-Flatiron-Union Square,Manhattan,2023-07,22.601309211218407,22.639273,-0.03796347860092908,0
MN0501,Midtown South-Flatiron-Union Square,Manhattan,2023-08,22.751984605959866,22.737207,0.014777193240139042,0
MN0501,Midtown South-Flatiron-Union Square,Manhattan,2023-09,24.71076473759879,24.75241,-0.04164615107308478,0
MN0501,Midtown South-Flatiron-Union Square,Manhattan,2023-10,28.779000395618105,28.988094,-0.20909393421587907,0
MN0501,Midtown South-Flatiron-Union Square,Manhattan,2024-03,26.006573132375312,26.13065,-0.12407643427507864,0
MN0501,Midtown South-Flatiron-Union Square,Manhattan,2024-04,28.628325000876647,28.66038,-0.03205440891339251,0
MN0501,Midtown South-Flatiron-Union Square,Manhattan,2024-05,30.285754343032664,30.558153,-0.272398809433156,0
MN0501,Midtown South-Flatiron-Union Square,Manhattan,2024-06,22.631444290166694,22.75081,-0.11936633300225097,0
MN0501,Midtown South-Flatiron-Union Square,Manhattan,2024-07,23.384821263873977,23.43113,-0.046308191692428835,0
MN0501,Midtown South-Flatiron-Union Square,Manhattan,2024-08,21.305500816441885,21.348047,-0.04254644002784147,0
MN0501,Midtown South-Flatiron-Union Square,Manhattan,2024-09,27.66400247453133,27.768566,-0.10456365706046711,0
MN0501,Midtown South-Flatiron-Union Square,Manhattan,2024-10,29.622782606170254,29.938004,-0.3152209338688081,0
MN0501,Midtown South-Flatiron-Union Square,Manhattan,2025-03,24.37927886916759,24.464104,-0.08482482956287996,0
MN0501,Midtown South-Flatiron-Union Square,Manhattan,2025-04,26.096978369220185,26.290812,-0.19383316947610396,0
MN0501,Midtown South-Flatiron-Union Square,Manhattan,2025-05,28.38724436929032,28.595346,-0.20810208151534582,0
MN0501,Midtown South-Flatiron-Union Square,Manhattan,2025-06,22.45063381647695,22.476383,-0.02574939275156396,0
MN0501,Midtown South-Flatiron-Union Square,Manhattan,2025-07,20.521988763786315,20.593075,-0.07108603479766984,0
MN0501,Midtown South-Flatiron-Union Square,Manhattan,2025-08,20.43158352694144,20.388456,0.04312718233694923,0
MN0501,Midtown South-Flatiron-Union Square,Manhattan,2025-09,27.573597237686457,27.72365,-0.15005274095123866,0
MN0501,Midtown South-Flatiron-Union Square,Manhattan,2025-10,26.18738360606506,26.30677,-0.11938671864196948,0
MN0502,Midtown-Times Square,Manhattan,2022-03,30.750759578520555,30.906815,-0.15605499667475797,0
MN0502,Midtown-Times Square,Manhattan,2022-04,27.80720418098397,27.680305,0.12689870002693837,0
MN0502,Midtown-Times Square,Manhattan,2022-05,35.541865704298196,35.637016,-0.0951505920885225,0
MN0502,Midtown-Times Square,Manhattan,2022-06,25.114164136429213,25.197384,-0.08321974418602096,0
MN0502,Midtown-Times Square,Manhattan,2022-07,21.32511942257892,21.263756,0.06136362423907471,0
MN0502,Midtown-Times Square,Manhattan,2022-08,21.606949194683487,21.80619,-0.19924129603916896,0
MN0502,Midtown-Times Square,Manhattan,2022-09,30.34367212992507,30.471512,-0.12783971089524115,0
MN0502,Midtown-Times Square,Manhattan,2022-10,33.81957265254807,33.903534,-0.08396128299880701,0
MN0502,Midtown-Times Square,Manhattan,2023-03,29.028466526770423,29.012234,0.016232792639563343,0
MN0502,Midtown-Times Square,Manhattan,2023-04,28.12034837221126,28.32659,-0.20624121213932511,0
MN0502,Midtown-Times Square,Manhattan,2023-05,31.43967679922061,31.558743,-0.11906572397274928,0
MN0502,Midtown-Times Square,Manhattan,2023-06,28.214291629579453,28.201187,0.013104495790390303,0
MN0502,Midtown-Times Square,Manhattan,2023-07,23.485814342047263,23.472685,0.013129481817770738,0
MN0502,Midtown-Times Square,Manhattan,2023-08,23.642386437660917,23.509968,0.13241863370583928,0
MN0502,Midtown-Times Square,Manhattan,2023-09,25.677823680638348,25.828056,-0.15023265481087122,0
MN0502,Midtown-Times Square,Manhattan,2023-10,29.905270262206855,30.015556,-0.11028607324236361,0
MN0502,Midtown-Times Square,Manhattan,2024-03,27.02434370291572,27.265112,-0.2407682203020549,0
MN0502,Midtown-Times Square,Manhattan,2024-04,29.748698166593208,29.621412,0.12728588937152807,0
MN0502,Midtown-Times Square,Manhattan,2024-05,31.47099121834334,31.631754,-0.1607627031654495,0
MN0502,Midtown-Times Square,Manhattan,2024-06,23.517128761169996,23.492355,0.024773414490308454,0
MN0502,Midtown-Times Square,Manhattan,2024-07,24.29998923923824,24.135263,0.16472579624507588,0
MN0502,Midtown-Times Square,Manhattan,2024-08,22.139294319769892,22.329317,-0.19002277312561588,0
MN0502,Midtown-Times Square,Manhattan,2024-09,28.746636754665857,28.917486,-0.170849436130041,0
MN0502,Midtown-Times Square,Manhattan,2024-10,30.782073997643288,31.012749,-0.2306747206184312,0
MN0502,Midtown-Times Square,Manhattan,2025-03,25.33336507028832,25.285631,0.04773389047874943,0
MN0502,Midtown-Times Square,Manhattan,2025-04,27.11828696028391,27.132072,-0.013785488446558247,0
MN0502,Midtown-Times Square,Manhattan,2025-05,29.49818281361137,29.489866,0.008316556897501215,0
MN0502,Midtown-Times Square,Manhattan,2025-06,23.32924224643362,23.358051,-0.028809053615209024,0
MN0502,Midtown-Times Square,Manhattan,2025-07,21.32511942257892,21.31158,0.013538764619934085,0
MN0502,Midtown-Times Square,Manhattan,2025-08,21.23117616521073,21.180984,0.050191668140417534,0
MN0502,Midtown-Times Square,Manhattan,2025-09,28.652693497297665,28.663895,-0.01120115602264704,0
MN0502,Midtown-Times Square,Manhattan,2025-10,27.212230217652102,27.222668,-0.010437476439694393,0
MN0601,Stuyvesant Town-Peter Cooper Village,Manhattan,2022-03,31.134555240976063,31.069847,0.06470813404246911,0
MN0601,Stuyvesant Town-Peter Cooper Village,Manhattan,2022-04,28.154261765770617,28.046333,0.10792845278233543,0
MN0601,Stuyvesant Town-Peter Cooper Village,Manhattan,2022-05,35.98545845061898,35.933067,0.05239112884163433,0
MN0601,Stuyvesant Town-Peter Cooper Village,Manhattan,2022-06,25.427610288454996,25.357399,0.07021130163859013,0
MN0601,Stuyvesant Town-Peter Cooper Village,Manhattan,2022-07,21.591275070371385,21.538774,0.0525005800149394,0
MN0601,Stuyvesant Town-Peter Cooper Village,Manhattan,2022-08,21.87662231799744,21.927273,-0.05065047863341832,0
MN0601,Stuyvesant Town-Peter Cooper Village,Manhattan,2022-09,30.7223869944051,30.675995,0.0463921213582239,0
MN0601,Stuyvesant Town-Peter Cooper Village,Manhattan,2022-10,34.24166971512643,33.85658,0.38509088822213045,0
MN0601,Stuyvesant Town-Peter Cooper Village,Manhattan,2023-03,29.390766505483516,29.430285,-0.039517994638554654,0
MN0601,Stuyvesant Town-Peter Cooper Village,Manhattan,2023-04,28.4713142631329,28.360577,0.11073763349422805,0
MN0601,Stuyvesant Town-Peter Cooper Village,Manhattan,2023-05,31.832070735173087,31.688328,0.1437429458664461,0
MN0601,Stuyvesant Town-Peter Cooper Village,Manhattan,2023-06,28.566430012341584,28.552332,0.014098087903107626,0
MN0601,Stuyvesant Town-Peter Cooper Village,Manhattan,2023-07,23.77893730217113,24.014204,-0.2352667230974248,0
MN0601,Stuyvesant Town-Peter Cooper Village,Manhattan,2023-08,23.93746355085227,24.055674,-0.11821004839089255,0
MN0601,Stuyvesant Town-Peter Cooper Village,Manhattan,2023-09,25.998304783707106,26.02874,-0.030435145492113236,0
MN0601,Stuyvesant Town-Peter Cooper Village,Manhattan,2023-10,30.278513498097904,30.269087,0.0094266603293498,0
MN0601,Stuyvesant Town-Peter Cooper Village,Manhattan,2024-03,27.361630522364912,27.37293,-0.011300004368486327,0
MN0601,Stuyvesant Town-Peter Cooper Village,Manhattan,2024-04,30.119987249416766,30.059793,0.060193777126727355,0
MN0601,Stuyvesant Town-Peter Cooper Village,Manhattan,2024-05,31.863775984909314,31.784872,0.07890392985560268,0
MN0601,Stuyvesant Town-Peter Cooper Village,Manhattan,2024-06,23.810642551907357,23.78074,0.029901813992317727,0
MN0601,Stuyvesant Town-Peter Cooper Village,Manhattan,2024-07,24.60327379531306,24.442047,0.16122667617243636,0
MN0601,Stuyvesant Town-Peter Cooper Village,Manhattan,2024-08,22.41561156351332,22.402636,0.012975989172499425,0
MN0601,Stuyvesant Town-Peter Cooper Village,Manhattan,2024-09,29.105419257857463,29.04013,0.06528864262308787,0
MN0601,Stuyvesant Town-Peter Cooper Village,Manhattan,2024-10,31.166260490712293,31.115837,0.05042339354432457,0
MN0601,Stuyvesant Town-Peter Cooper Village,Manhattan,2025-03,25.649547036608592,25.635956,0.01359122606171681,0
MN0601,Stuyvesant Town-Peter Cooper Village,Manhattan,2025-04,27.4567462715736,27.296003,0.16074292989879524,0
MN0601,Stuyvesant Town-Peter Cooper Village,Manhattan,2025-05,29.86634525152694,29.78989,0.0764549622202999,0
MN0601,Stuyvesant Town-Peter Cooper Village,Manhattan,2025-06,23.62041105348999,23.610266,0.010145321678464825,0
MN0601,Stuyvesant Town-Peter Cooper Village,Manhattan,2025-07,21.591275070371385,21.564053,0.02722248858427534,0
MN0601,Stuyvesant Town-Peter Cooper Village,Manhattan,2025-08,21.4961593211627,21.369528,0.1266315043902395,0
MN0601,Stuyvesant Town-Peter Cooper Village,Manhattan,2025-09,29.01030350864878,29.08711,-0.07680701076040108,0
MN0601,Stuyvesant Town-Peter Cooper Village,Manhattan,2025-10,27.551862020782284,27.513832,0.03802992849712794,0
MN0602,Gramercy,Manhattan,2022-03,31.134555240976063,31.008974,0.12558116565868005,0
MN0602,Gramercy,Manhattan,2022-04,28.154261765770617,27.936907,0.21735495119542136,0
MN0602,Gramercy,Manhattan,2022-05,35.98545845061898,35.927013,0.0584450534021812,0
MN0602,Gramercy,Manhattan,2022-06,25.427610288454996,25.244091,0.1835192545194495,0
MN0602,Gramercy,Manhattan,2022-07,21.591275070371385,21.666607,-0.07533183270478716,0
MN0602,Gramercy,Manhattan,2022-08,21.87662231799744,21.777317,0.09930527087830043,0
MN0602,Gramercy,Manhattan,2022-09,30.7223869944051,30.83367,-0.11128266807048703,0
MN0602,Gramercy,Manhattan,2022-10,34.24166971512643,34.14769,0.09397989579048982,0
MN0602,Gramercy,Manhattan,2023-03,29.390766505483516,29.313938,0.07682836461437503,0
MN0602,Gramercy,Manhattan,2023-04,28.4713142631329,28.620594,-0.1492797615253032,0
MN0602,Gramercy,Manhattan,2023-05,31.832070735173087,31.633354,0.19871654816136797,0
MN0602,Gramercy,Manhattan,2023-06,28.566430012341584,28.480923,0.08550731336697481,0
MN0602,Gramercy,Manhattan,2023-07,23.77893730217113,23.716127,0.06280990654124707,0
MN0602,Gramercy,Manhattan,2023-08,23.93746355085227,23.587847,0.3496167948708262,0
MN0602,Gramercy,Manhattan,2023-09,25.998304783707106,25.948872,0.04943317115827739,0
MN0602,Gramercy,Manhattan,2023-10,30.278513498097904,30.438059,-0.15954535505150957,0
MN0602,Gramercy,Manhattan,2024-03,27.361630522364912,27.451664,-0.09003344858235351,0
MN0602,Gramercy,Manhattan,2024-04,30.119987249416766,30.066305,0.05368208889430548,0
MN0602,Gramercy,Manhattan,2024-05,31.863775984909314,31.883263,-0.01948664936803013,0
MN0602,Gramercy,Manhattan,2024-06,23.810642551907357,23.907703,-0.09706084775084634,0
MN0602,Gramercy,Manhattan,2024-07,24.60327379531306,24.542692,0.06058161086481917,0
MN0602,Gramercy,Manhattan,2024-08,22.41561156351332,22.503862,-0.08825081746812558,0
MN0602,Gramercy,Manhattan,2024-09,29.105419257857463,28.888884,0.21653566715922068,0
MN0602,Gramercy,Manhattan,2024-10,31.166260490712293,31.301304,-0.1350433728130973,0
MN0602,Gramercy,Manhattan,2025-03,25.649547036608592,25.764252,-0.11470467237578319,0
MN0602,Gramercy,Manhattan,2025-04,27.4567462715736,27.498493,-0.0417469230064782,0
MN0602,Gramercy,Manhattan,2025-05,29.86634525152694,29.928988,-0.06264225152481728,0
MN0602,Gramercy,Manhattan,2025-06,23.62041105348999,23.5973,0.0231114776843242,0
MN0602,Gramercy,Manhattan,2025-07,21.591275070371385,21.617683,-0.026408340273146536,0
MN0602,Gramercy,Manhattan,2025-08,21.4961593211627,21.456057,0.04010272631406764,0
MN0602,Gramercy,Manhattan,2025-09,29.01030350864878,28.992949,0.017354976544286416,0
MN0602,Gramercy,Manhattan,2025-10,27.551862020782284,27.51118,0.040681143096737316,0
MN0603,Murray Hill-Kips Bay,Manhattan,2022-03,28.50723466241106,28.430628,0.07660683953508496,0
MN0603,Murray Hill-Kips Bay,Manhattan,2022-04,25.778436232404303,25.585072,0.19336466868359992,0
MN0603,Murray Hill-Kips Bay,Manhattan,2022-05,32.94878955380505,33.40872,-0.4599285553258099,0
MN0603,Murray Hill-Kips Bay,Manhattan,2022-06,23.28187596665343,23.317574,-0.03569758070985074,0
MN0603,Murray Hill-Kips Bay,Manhattan,2022-07,19.76927373228303,19.921728,-0.15245440187224446,0
MN0603,Murray Hill-Kips Bay,Manhattan,2022-08,20.03054166707091,19.893553,0.1369888869195428,0
MN0603,Murray Hill-Kips Bay,Manhattan,2022-09,28.129847645495236,28.157585,-0.027737498547732997,0
MN0603,Murray Hill-Kips Bay,Manhattan,2022-10,31.352152174545772,31.736488,-0.3843361677393844,0
MN0603,Murray Hill-Kips Bay,Manhattan,2023-03,26.910597283151787,27.116154,-0.20555643388922817,0
MN0603,Murray Hill-Kips Bay,Manhattan,2023-04,26.06873393772417,26.577301,-0.5085670876664565,0
MN0603,Murray Hill-Kips Bay,Manhattan,2023-05,29.145889614114772,29.237938,-0.09204831313132189,0
MN0603,Murray Hill-Kips Bay,Manhattan,2023-06,26.15582324932013,25.941465,0.21435787151251162,0
MN0603,Murray Hill-Kips Bay,Manhattan,2023-07,21.77232789899012,21.928215,-0.15588712786534842,0
MN0603,Murray Hill-Kips Bay,Manhattan,2023-08,21.917476751650053,22.150038,-0.23256101385287664,0
MN0603,Murray Hill-Kips Bay,Manhattan,2023-09,23.804411836229196,23.795906,0.008505769334664848,0
MN0603,Murray Hill-Kips Bay,Manhattan,2023-10,27.72343085804742,28.16838,-0.44494987925726903,0
MN0603,Murray Hill-Kips Bay,Manhattan,2024-03,25.052691969104632,25.235247,-0.18255468922056295,0
MN0603,Murray Hill-Kips Bay,Manhattan,2024-04,27.57828200538749,27.650707,-0.07242523948555757,0
MN0603,Murray Hill-Kips Bay,Manhattan,2024-05,29.17491938464676,29.771341,-0.5964219392057792,0
MN0603,Murray Hill-Kips Bay,Manhattan,2024-06,21.801357669522105,22.123007,-0.3216491511566062,0
MN0603,Murray Hill-Kips Bay,Manhattan,2024-07,22.527101932821775,22.13318,0.3939213145356426,0
MN0603,Murray Hill-Kips Bay,Manhattan,2024-08,20.524047766114688,20.70711,-0.1830616851792577,0
MN0603,Murray Hill-Kips Bay,Manhattan,2024-09,26.649329348363903,26.471174,0.1781551082515982,0
MN0603,Murray Hill-Kips Bay,Manhattan,2024-10,28.53626443294305,28.893297,-0.3570327624915208,0
MN0603,Murray Hill-Kips Bay,Manhattan,2025-03,23.485084360377343,23.872478,-0.38739412473007917,0
MN0603,Murray Hill-Kips Bay,Manhattan,2025-04,25.139781280700593,25.278048,-0.1382662809449151,0
MN0603,Murray Hill-Kips Bay,Manhattan,2025-05,27.34604384113159,27.876513,-0.5304686863342312,0
MN0603,Murray Hill-Kips Bay,Manhattan,2025-06,21.627179046330184,21.92311,-0.2959300082352456,0
MN0603,Murray Hill-Kips Bay,Manhattan,2025-07,19.76927373228303,20.039234,-0.26996042909392415,0
MN0603,Murray Hill-Kips Bay,Manhattan,2025-08,19.68218442068707,19.892967,-0.2107828034340251,0
MN0603,Murray Hill-Kips Bay,Manhattan,2025-09,26.562240036767943,26.845343,-0.2831025993404559,0
MN0603,Murray Hill-Kips Bay,Manhattan,2025-10,25.226870592296553,25.365288,-0.1384171884651657,0
MN0604,East Midtown-Turtle Bay,Manhattan,2022-03,26.224386803032218,26.508038,-0.2836507641064543,0
MN0604,East Midtown-Turtle Bay,Manhattan,2022-04,23.714109451214465,23.700483,0.013626129070910764,0
MN0604,East Midtown-Turtle Bay,Manhattan,2022-05,30.31026376928876,31.032951,-0.722687585691709,0
MN0604,East Midtown-Turtle Bay,Manhattan,2022-06,21.417472725083336,21.342876,0.07459629075716379,0
MN0604,East Midtown-Turtle Bay,Manhattan,2022-07,18.186158261573254,18.411625,-0.2254666468740112,0
MN0604,East Midtown-Turtle Bay,Manhattan,2022-08,18.4265039654707,18.488394,-0.06188981809863492,0
MN0604,East Midtown-Turtle Bay,Manhattan,2022-09,25.877220786291463,26.689812,-0.8125909202515054,0
MN0604,East Midtown-Turtle Bay,Manhattan,2022-10,28.84148446769327,29.58139,-0.7399059131661048,0
MN0604,East Midtown-Turtle Bay,Manhattan,2023-03,24.755607501436725,25.191113,-0.43550501687382237,0
MN0604,East Midtown-Turtle Bay,Manhattan,2023-04,23.981160233322736,24.239285,-0.2581242820581231,0
MN0604,East Midtown-Turtle Bay,Manhattan,2023-05,26.81189852367041,27.337397,-0.5254980980336903,0
MN0604,East Midtown-Turtle Bay,Manhattan,2023-06,24.06127546795522,24.415865,-0.35458947650278816,0
MN0604,East Midtown-Turtle Bay,Manhattan,2023-07,20.02880865812033,20.246397,-0.21758836031228768,0
MN0604,East Midtown-Turtle Bay,Manhattan,2023-08,20.16233404917446,20.54823,-0.3858951683548355,0
MN0604,East Midtown-Turtle Bay,Manhattan,2023-09,21.898164132878225,22.079134,-0.18096985454853254,0
MN0604,East Midtown-Turtle Bay,Manhattan,2023-10,25.50334969133988,25.881538,-0.37818869977339986,0
MN0604,East Midtown-Turtle Bay,Manhattan,2024-03,23.04648249594379,23.399796,-0.3533130362827741,0
MN0604,East Midtown-Turtle Bay,Manhattan,2024-04,25.369824300285742,25.727854,-0.35802947473867164,0
MN0604,East Midtown-Turtle Bay,Manhattan,2024-05,26.83860360188124,27.298683,-0.4600795646226672,0
MN0604,East Midtown-Turtle Bay,Manhattan,2024-06,20.055513736331154,20.479212,-0.4236980709198228,0
MN0604,East Midtown-Turtle Bay,Manhattan,2024-07,20.72314069160183,20.766037,-0.04289629570285669,0
MN0604,East Midtown-Turtle Bay,Manhattan,2024-08,18.880490295054763,18.994644,-0.11415386998429966,0
MN0604,East Midtown-Turtle Bay,Manhattan,2024-09,24.51526179753928,24.825619,-0.3103569463572029,0
MN0604,East Midtown-Turtle Bay,Manhattan,2024-10,26.25109188124304,26.653885,-0.4027930064522742,0
MN0604,East Midtown-Turtle Bay,Manhattan,2025-03,21.604408272559127,21.984936,-0.3805274879389202,0
MN0604,East Midtown-Turtle Bay,Manhattan,2025-04,23.12659773057627,23.16518,-0.03858247572255635,0
MN0604,East Midtown-Turtle Bay,Manhattan,2025-05,25.15618367459913,25.236792,-0.0806079361186427,0
MN0604,East Midtown-Turtle Bay,Manhattan,2025-06,19.89528326706619,19.972647,-0.07736344619064539,0
MN0604,East Midtown-Turtle Bay,Manhattan,2025-07,18.186158261573254,18.407711,-0.22155276747947994,0
MN0604,East Midtown-Turtle Bay,Manhattan,2025-08,18.106043026940775,18.033802,0.07224099447007148,0
MN0604,East Midtown-Turtle Bay,Manhattan,2025-09,24.4351465629068,24.870708,-0.4355619026693702,0
MN0604,East Midtown-Turtle Bay,Manhattan,2025-10,23.20671296520875,23.324173,-0.1174600084240609,0
MN0701,Upper West Side-Lincoln Square,Manhattan,2022-03,31.134555240976063,30.776995,0.35756053577586755,0
MN0701,Upper West Side-Lincoln Square,Manhattan,2022-04,28.154261765770617,27.757967,0.39629477053135886,0
MN0701,Upper West Side-Lincoln Square,Manhattan,2022-05,35.98545845061898,35.70757,0.27788932830452495,0
MN0701,Upper West Side-Lincoln Square,Manhattan,2022-06,25.427610288454996,25.245682,0.18192852575968388,0
MN0701,Upper West Side-Lincoln Square,Manhattan,2022-07,21.591275070371385,21.505642,0.08563313311552534,0
MN0701,Upper West Side-Lincoln Square,Manhattan,2022-08,21.87662231799744,22.053938,-0.17731559398986363,0
MN0701,Upper West Side-Lincoln Square,Manhattan,2022-09,30.7223869944051,30.492153,0.23023382668048953,0
MN0701,Upper West Side-Lincoln Square,Manhattan,2022-10,34.24166971512643,33.98248,0.25919061966744295,0
MN0701,Upper West Side-Lincoln Square,Manhattan,2023-03,29.390766505483516,28.942524,0.44824254918468753,0
MN0701,Upper West Side-Lincoln Square,Manhattan,2023-04,28.4713142631329,28.462662,0.008652519968837424,0
MN0701,Upper West Side-Lincoln Square,Manhattan,2023-05,31.832070735173087,31.538174,0.29389705963597734,0
MN0701,Upper West Side-Lincoln Square,Manhattan,2023-06,28.566430012341584,28.254288,0.3121422926150217,0
MN0701,Upper West Side-Lincoln Square,Manhattan,2023-07,23.77893730217113,23.628683,0.15025421196116895,0
MN0701,Upper West Side-Lincoln Square,Manhattan,2023-08,23.93746355085227,23.610224,0.32723978071066995,0
MN0701,Upper West Side-Lincoln Square,Manhattan,2023-09,25.998304783707106,26.112213,-0.11390835105851949,0
MN0701,Upper West Side-Lincoln Square,Manhattan,2023-10,30.278513498097904,30.19906,0.07945305803442793,0
MN0701,Upper West Side-Lincoln Square,Manhattan,2024-03,27.361630522364912,27.441004,-0.07937327707356445,0
MN0701,Upper West Side-Lincoln Square,Manhattan,2024-04,30.119987249416766,29.620893,0.49909377102321173,0
MN0701,Upper West Side-Lincoln Square,Manhattan,2024-05,31.863775984909314,31.801306,0.062470214035290184,0
MN0701,Upper West Side-Lincoln Square,Manhattan,2024-06,23.810642551907357,23.710016,0.10062630129700523,0
MN0701,Upper West Side-Lincoln Square,Manhattan,2024-07,24.60327379531306,24.267647,0.3356270057622801,0
MN0701,Upper West Side-Lincoln Square,Manhattan,2024-08,22.41561156351332,22.675858,-0.26024598043199276,0
MN0701,Upper West Side-Lincoln Square,Manhattan,2024-09,29.105419257857463,29.16091,-0.05549039485249807,0
MN0701,Upper West Side-Lincoln Square,Manhattan,2024-10,31.166260490712293,31.147345,0.01891590147889488,0
MN0701,Upper West Side-Lincoln Square,Manhattan,2025-03,25.649547036608592,25.582813,0.06673377366913869,0
MN0701,Upper West Side-Lincoln Square,Manhattan,2025-04,27.4567462715736,27.35041,0.10633581014781868,0
MN0701,Upper West Side-Lincoln Square,Manhattan,2025-05,29.86634525152694,29.810614,0.05573161932479209,0
MN0701,Upper West Side-Lincoln Square,Manhattan,2025-06,23.62041105348999,23.594933,0.025478497337644512,0
MN0701,Upper West Side-Lincoln Square,Manhattan,2025-07,21.591275070371385,21.514492,0.07678303545927534,0
MN0701,Upper West Side-Lincoln Square,Manhattan,2025-08,21.4961593211627,21.356016,0.14014316210508326,0
MN0701,Upper West Side-Lincoln Square,Manhattan,2025-09,29.01030350864878,28.73329,0.2770137900208489,0
MN0701,Upper West Side-Lincoln Square,Manhattan,2025-10,27.551862020782284,27.379179,0.172683019927792,0
MN0702,Upper West Side (Central),Manhattan,2022-03,31.11939271257371,30.721115,0.39827760026902226,0
MN0702,Upper West Side (Central),Manhattan,2022-04,28.140550640290687,27.781069,0.3594818384108045,0
MN0702,Upper West Side (Central),Manhattan,2022-05,35.96793353235353,35.59622,0.3717154232226676,0
MN0702,Upper West Side (Central),Manhattan,2022-06,25.415227042244517,25.30063,0.1145964727865092,0
MN0702,Upper West Side (Central),Manhattan,2022-07,21.580760119412115,21.497774,0.08298599526660766,0
MN0702,Upper West Side (Central),Manhattan,2022-08,21.865968402928573,22.1314,-0.26543075173451314,0
MN0702,Upper West Side (Central),Manhattan,2022-09,30.707425191938825,29.932558,0.7748671322464418,0
MN0702,Upper West Side (Central),Manhattan,2022-10,34.22499402197516,33.736244,0.48874982031500025,0
MN0702,Upper West Side (Central),Manhattan,2023-03,29.376453202195343,29.008745,0.3677080087138975,0
MN0702,Upper West Side (Central),Manhattan,2023-04,28.457448733086753,28.422743,0.03470588945882369,0
MN0702,Upper West Side (Central),Manhattan,2023-05,31.816568516725056,31.099056,0.7175122728285714,0
MN0702,Upper West Side (Central),Manhattan,2023-06,28.552518160925572,28.303814,0.2487042265994006,0
MN0702,Upper West Side (Central),Manhattan,2023-07,23.767356959704973,23.468616,0.2987404741092696,0
MN0702,Upper West Side (Central),Manhattan,2023-08,23.92580600610301,23.510025,0.41578098168894684,0
MN0702,Upper West Side (Central),Manhattan,2023-09,25.985643609277435,25.94531,0.04033301662606803,0
MN0702,Upper West Side (Central),Manhattan,2023-10,30.26376786202433,30.321316,-0.05754790335652871,0
MN0702,Upper West Side (Central),Manhattan,2024-03,27.34830540830052,27.838667,-0.4903615075930361,0
MN0702,Upper West Side (Central),Manhattan,2024-04,30.105318815626298,29.589134,0.5161845993177039,0
MN0702,Upper West Side (Central),Manhattan,2024-05,31.84825832600466,31.582813,0.2654450630652079,0
MN0702,Upper West Side (Central),Manhattan,2024-06,23.799046768984574,23.891155,-0.09210847393534749,0
MN0702,Upper West Side (Central),Manhattan,2024-07,24.591292000974743,24.74965,-0.1583570468768194,0
MN0702,Upper West Side (Central),Manhattan,2024-08,22.40469516068189,22.894571,-0.4898761436393997,0
MN0702,Upper West Side (Central),Manhattan,2024-09,29.09124491867889,28.892103,0.19914172348845938,0
MN0702,Upper West Side (Central),Manhattan,2024-10,31.151082521853315,31.090483,0.060599810061322756,0
MN0702,Upper West Side (Central),Manhattan,2025-03,25.637055707201764,25.966415,-0.32935969807167353,0
MN0702,Upper West Side (Central),Manhattan,2025-04,27.44337483613934,27.622791,-0.17941645414386187,0
MN0702,Upper West Side (Central),Manhattan,2025-05,29.851800341389445,29.970755,-0.11895428202364045,0
MN0702,Upper West Side (Central),Manhattan,2025-06,23.60890791330694,23.602884,0.006023620704400656,0
MN0702,Upper West Side (Central),Manhattan,2025-07,21.580760119412115,21.558268,0.02249252602832641,0
MN0702,Upper West Side (Central),Manhattan,2025-08,21.485690691573293,21.5891,-0.10340919245991032,0
MN0702,Upper West Side (Central),Manhattan,2025-09,28.996175490840063,29.062584,-0.0664084324997809,0
MN0702,Upper West Side (Central),Manhattan,2025-10,27.53844426397816,27.699787,-0.16134287591441776,0
MN0703,Upper West Side-Manhattan Valley,Manhattan,2022-03,31.134555240976063,31.020933,0.11362208973094567,0
MN0703,Upper West Side-Manhattan Valley,Manhattan,2022-04,28.154261765770617,27.808832,0.3454295971915151,0
MN0703,Upper West Side-Manhattan Valley,Manhattan,2022-05,35.98545845061898,35.80291,0.18254859954475933,0
MN0703,Upper West Side-Manhattan Valley,Manhattan,2022-06,25.427610288454996,25.454296,-0.026685823605550496,0
MN0703,Upper West Side-Manhattan Valley,Manhattan,2022-07,21.591275070371385,21.61704,-0.025765563783888723,0
MN0703,Upper West Side-Manhattan Valley,Manhattan,2022-08,21.87662231799744,22.21272,-0.33609855297423863,0
MN0703,Upper West Side-Manhattan Valley,Manhattan,2022-09,30.7223869944051,30.740702,-0.01831468100994016,0
MN0703,Upper West Side-Manhattan Valley,Manhattan,2022-10,34.24166971512643,34.066364,0.1753054267963492,0
MN0703,Upper West Side-Manhattan Valley,Manhattan,2023-03,29.390766505483516,29.42409,-0.033322926279179654,0
MN0703,Upper West Side-Manhattan Valley,Manhattan,2023-04,28.4713142631329,28.736862,-0.2655479194842876,0
MN0703,Upper West Side-Manhattan Valley,Manhattan,2023-05,31.832070735173087,31.800175,0.03189602203832109,0
MN0703,Upper West Side-Manhattan Valley,Manhattan,2023-06,28.566430012341584,28.358095,0.20833484327420138,0
MN0703,Upper West Side-Manhattan Valley,Manhattan,2023-07,23.77893730217113,23.827383,-0.04844573921070605,0
MN0703,Upper West Side-Manhattan Valley,Manhattan,2023-08,23.93746355085227,23.723217,0.21424654035422463,0
MN0703,Upper West Side-Manhattan Valley,Manhattan,2023-09,25.998304783707106,26.325205,-0.32690006553605855,0
MN0703,Upper West Side-Manhattan Valley,Manhattan,2023-10,30.278513498097904,30.507322,-0.2288088133034627,0
MN0703,Upper West Side-Manhattan Valley,Manhattan,2024-03,27.361630522364912,27.562553,-0.20092288339680664,0
MN0703,Upper West Side-Manhattan Valley,Manhattan,2024-04,30.119987249416766,29.835667,0.2843205929226258,0
MN0703,Upper West Side-Manhattan Valley,Manhattan,2024-05,31.863775984909314,32.120102,-0.2563259438016239,0
MN0703,Upper West Side-Manhattan Valley,Manhattan,2024-06,23.810642551907357,24.106045,-0.2954022173797526,0
MN0703,Upper West Side-Manhattan Valley,Manhattan,2024-07,24.60327379531306,24.621067,-0.01779325180607927,0
MN0703,Upper West Side-Manhattan Valley,Manhattan,2024-08,22.41561156351332,22.921686,-0.5060746089720318,0
MN0703,Upper West Side-Manhattan Valley,Manhattan,2024-09,29.105419257857463,29.423676,-0.31825627925191213,0
MN0703,Upper West Side-Manhattan Valley,Manhattan,2024-10,31.166260490712293,31.3541,-0.1878387829693473,0
MN0703,Upper West Side-Manhattan Valley,Manhattan,2025-03,25.649547036608592,25.961569,-0.3120217957888691,0
MN0703,Upper West Side-Manhattan Valley,Manhattan,2025-04,27.4567462715736,27.595285,-0.13853914407581414,0
MN0703,Upper West Side-Manhattan Valley,Manhattan,2025-05,29.86634525152694,30.046463,-0.18011776116837197,0
MN0703,Upper West Side-Manhattan Valley,Manhattan,2025-06,23.62041105348999,23.836334,-0.21592317502563674,0
MN0703,Upper West Side-Manhattan Valley,Manhattan,2025-07,21.591275070371385,21.561409,0.029866073789353464,0
MN0703,Upper West Side-Manhattan Valley,Manhattan,2025-08,21.4961593211627,21.498043,-0.0018837391400339243,0
MN0703,Upper West Side-Manhattan Valley,Manhattan,2025-09,29.01030350864878,28.90403,0.10627366245737235,0
MN0703,Upper West Side-Manhattan Valley,Manhattan,2025-10,27.551862020782284,27.518812,0.0330498412168545,0
MN0801,Upper East Side-Lenox Hill-Roosevelt Island,Manhattan,2022-03,30.601905269913445,30.352787,0.24911825209117922,0
MN0801,Upper East Side-Lenox Hill-Roosevelt Island,Manhattan,2022-04,27.672598655481817,27.346476,0.326123054285528,0
MN0801,Upper East Side-Lenox Hill-Roosevelt Island,Manhattan,2022-05,35.36981922744579,35.17027,0.19955021499461623,0
MN0801,Upper East Side-Lenox Hill-Roosevelt Island,Manhattan,2022-06,24.992594731640107,24.813227,0.17936803181100558,0
MN0801,Upper East Side-Lenox Hill-Roosevelt Island,Manhattan,2022-07,21.22189153646747,21.270039,-0.048147068268857396,0
MN0801,Upper East Side-Lenox Hill-Roosevelt Island,Manhattan,2022-08,21.502357063381137,21.289024,0.21333271035379298,0
MN0801,Upper East Side-Lenox Hill-Roosevelt Island,Manhattan,2022-09,30.196788397704815,29.985023,0.21176489916965835,0
MN0801,Upper East Side-Lenox Hill-Roosevelt Island,Manhattan,2022-10,33.65586322964004,33.42071,0.23515171230605603,0
MN0801,Upper East Side-Lenox Hill-Roosevelt Island,Manhattan,2023-03,28.887949272107704,28.865898,0.022051139783485496,0
MN0801,Upper East Side-Lenox Hill-Roosevelt Island,Manhattan,2023-04,27.98422701871922,28.237911,-0.2536842056460138,0
MN0801,Upper East Side-Lenox Hill-Roosevelt Island,Manhattan,2023-05,31.287487669035745,31.139715,0.1477724743335962,0
MN0801,Upper East Side-Lenox Hill-Roosevelt Island,Manhattan,2023-06,28.077715527690444,27.72527,0.35244621006349064,0
MN0801,Upper East Side-Lenox Hill-Roosevelt Island,Manhattan,2023-07,23.372127242805583,23.40109,-0.028963379142659562,0
MN0801,Upper East Side-Lenox Hill-Roosevelt Island,Manhattan,2023-08,23.527941424424288,23.507437,0.020504672104951993,0
MN0801,Upper East Side-Lenox Hill-Roosevelt Island,Manhattan,2023-09,25.55352578546744,25.49129,0.06223664667349382,0
MN0801,Upper East Side-Lenox Hill-Roosevelt Island,Manhattan,2023-10,29.760508689172443,29.808035,-0.04752620767814264,0
MN0801,Upper East Side-Lenox Hill-Roosevelt Island,Manhattan,2024-03,26.893527747388298,26.968794,-0.07526612163025703,0
MN0801,Upper East Side-Lenox Hill-Roosevelt Island,Manhattan,2024-04,29.60469450755374,29.37389,0.23080458445803842,0
MN0801,Upper East Side-Lenox Hill-Roosevelt Island,Manhattan,2024-05,31.31865050535949,31.427515,-0.10886452454773732,0
MN0801,Upper East Side-Lenox Hill-Roosevelt Island,Manhattan,2024-06,23.403290079129327,23.433859,-0.0305687923306337,0
MN0801,Upper East Side-Lenox Hill-Roosevelt Island,Manhattan,2024-07,24.182360987222847,23.47088,0.7114804787999951,0
MN0801,Upper East Side-Lenox Hill-Roosevelt Island,Manhattan,2024-08,22.03212528088473,22.071468,-0.039343072386753164,0
MN0801,Upper East Side-Lenox Hill-Roosevelt Island,Manhattan,2024-09,28.607483745194035,28.29214,0.31534469184930813,0
MN0801,Upper East Side-Lenox Hill-Roosevelt Island,Manhattan,2024-10,30.633068106237182,30.72262,-0.08955190413879421,0
MN0801,Upper East Side-Lenox Hill-Roosevelt Island,Manhattan,2025-03,25.21073458590629,25.4357,-0.22496487698433398,0
MN0801,Upper East Side-Lenox Hill-Roosevelt Island,Manhattan,2025-04,26.987016256359514,26.833475,0.15354114344447467,0
MN0801,Upper East Side-Lenox Hill-Roosevelt Island,Manhattan,2025-05,29.355391816963813,29.40009,-0.04469744695220257,0
MN0801,Upper East Side-Lenox Hill-Roosevelt Island,Manhattan,2025-06,23.21631306118688,23.195637,0.020676311919302748,0
MN0801,Upper East Side-Lenox Hill-Roosevelt Island,Manhattan,2025-07,21.22189153646747,21.133764,0.08812726949969729,0
MN0801,Upper East Side-Lenox Hill-Roosevelt Island,Manhattan,2025-08,21.128403027496248,21.108238,0.020164807281403796,0
MN0801,Upper East Side-Lenox Hill-Roosevelt Island,Manhattan,2025-09,28.513995236222815,28.428083,0.08591181642301038,0
MN0801,Upper East Side-Lenox Hill-Roosevelt Island,Manhattan,2025-10,27.080504765330737,27.036297,0.04420792084831504,0
MN0802,Upper East Side-Carnegie Hill,Manhattan,2022-03,31.107904061689787,30.65222,0.45568428935091987,0
MN0802,Upper East Side-Carnegie Hill,Manhattan,2022-04,28.130161717699117,27.687891,0.44227071122939066,0
MN0802,Upper East Side-Carnegie Hill,Manhattan,2022-05,35.95465489818525,36.022984,-0.06832865284014389,0
MN0802,Upper East Side-Carnegie Hill,Manhattan,2022-06,25.405844254048077,25.374752,0.031092209370342516,0
MN0802,Upper East Side-Carnegie Hill,Manhattan,2022-07,21.572792938911142,21.66668,-0.09388644341307639,0
MN0802,Upper East Side-Carnegie Hill,Manhattan,2022-08,21.85789592929323,21.97612,-0.11822406582395573,0
MN0802,Upper East Side-Carnegie Hill,Manhattan,2022-09,30.696088631137886,30.138533,0.5575559925880818,0
MN0802,Upper East Side-Carnegie Hill,Manhattan,2022-10,34.212358845850275,33.885002,0.32735670961980645,0
MN0802,Upper East Side-Carnegie Hill,Manhattan,2023-03,29.36560800935482,29.111538,0.2540700760052097,0
MN0802,Upper East Side-Carnegie Hill,Manhattan,2023-04,28.446942818123656,28.563745,-0.11680268053357068,0
MN0802,Upper East Side-Carnegie Hill,Manhattan,2023-05,31.804822482623777,31.182997,0.6218257327458474,0
MN0802,Upper East Side-Carnegie Hill,Manhattan,2023-06,28.541977148251014,27.868828,0.6731493284267955,0
MN0802,Upper East Side-Carnegie Hill,Manhattan,2023-07,23.75858253184047,23.718836,0.0397467011519943,0
MN0802,Upper East Side-Carnegie Hill,Manhattan,2023-08,23.91697308205274,23.779179,0.1377944626679728,0
MN0802,Upper East Side-Carnegie Hill,Manhattan,2023-09,25.976050234812245,25.790304,0.18574605085228413,0
MN0802,Upper East Side-Carnegie Hill,Manhattan,2023-10,30.25259509054353,30.329014,-0.07641873391936116,0
MN0802,Upper East Side-Carnegie Hill,Manhattan,2024-03,27.338208966637765,28.150227,-0.8120176263798129,0
MN0802,Upper East Side-Carnegie Hill,Manhattan,2024-04,30.094204540331265,29.705406,0.3887983513664217,0
MN0802,Upper East Side-Carnegie Hill,Manhattan,2024-05,31.83650059266623,31.921099,-0.08459811644021542,0
MN0802,Upper East Side-Carnegie Hill,Manhattan,2024-06,23.790260641882924,24.032003,-0.24174276082703727,0
MN0802,Upper East Side-Carnegie Hill,Manhattan,2024-07,24.582213392944272,24.393593,0.18862055847161585,0
MN0802,Upper East Side-Carnegie Hill,Manhattan,2024-08,22.39642380001495,22.884794,-0.4883704352145415,0
MN0802,Upper East Side-Carnegie Hill,Manhattan,2024-09,29.080505018972733,28.66156,0.4189449603789832,0
MN0802,Upper East Side-Carnegie Hill,Manhattan,2024-10,31.139582171732243,31.129026,0.010555758768376222,0
MN0802,Upper East Side-Carnegie Hill,Manhattan,2025-03,25.627591024345257,26.192451,-0.5648604527055241,0
MN0802,Upper East Side-Carnegie Hill,Manhattan,2025-04,27.433243296765127,27.537258,-0.10401485142823219,0
MN0802,Upper East Side-Carnegie Hill,Manhattan,2025-05,29.84077965999163,29.825272,0.015508053546316347,0
MN0802,Upper East Side-Carnegie Hill,Manhattan,2025-06,23.6001919816282,23.783083,-0.18289098040793306,0
MN0802,Upper East Side-Carnegie Hill,Manhattan,2025-07,21.572792938911142,21.861176,-0.28838259819823264,0
MN0802,Upper East Side-Carnegie Hill,Manhattan,2025-08,21.477758608783784,21.919209,-0.44144991782754417,0
MN0802,Upper East Side-Carnegie Hill,Manhattan,2025-09,28.98547068884537,29.11971,-0.13424023339583968,0
MN0802,Upper East Side-Carnegie Hill,Manhattan,2025-10,27.52827762689249,27.623669,-0.09539104376180774,0
MN0803,Upper East Side-Yorkville,Manhattan,2022-03,29.75221212283197,29.970467,-0.21825449093756077,0
MN0803,Upper East Side-Yorkville,Manhattan,2022-04,26.90424069763217,26.854866,0.04937466980013738,0
MN0803,Upper East Side-Yorkville,Manhattan,2022-05,34.387740080869946,34.791214,-0.40347390838786623,0
MN0803,Upper East Side-Yorkville,Manhattan,2022-06,24.29864981925788,24.331118,-0.03246781074700422,0
MN0803,Upper East Side-Yorkville,Manhattan,2022-07,20.632644048521968,20.800236,-0.16759169976904786,0
MN0803,Upper East Side-Yorkville,Manhattan,2022-08,20.90532216370067,20.835272,0.07005032837352232,0
MN0803,Upper East Side-Yorkville,Manhattan,2022-09,29.35834373424051,29.393633,-0.03528915455343551,0
MN0803,Upper East Side-Yorkville,Manhattan,2022-10,32.72137382144453,32.91241,-0.19103691463945438,0
MN0803,Upper East Side-Yorkville,Manhattan,2023-03,28.08584586340656,28.457045,-0.3711987380338684,0
MN0803,Upper East Side-Yorkville,Manhattan,2023-04,27.207216381164063,27.931284,-0.7240675696416012,0
MN0803,Upper East Side-Yorkville,Manhattan,2023-05,30.418758626602138,30.65744,-0.2386815589447373,0
MN0803,Upper East Side-Yorkville,Manhattan,2023-06,27.298109086223633,27.195036,0.10307315177539067,0
MN0803,Upper East Side-Yorkville,Manhattan,2023-07,22.723176264892036,22.943668,-0.22049210058647972,0
MN0803,Upper East Side-Yorkville,Manhattan,2023-08,22.87466410665798,23.08236,-0.20769520730686253,0
MN0803,Upper East Side-Yorkville,Manhattan,2023-09,24.84400604961529,25.02286,-0.17885352374896613,0
MN0803,Upper East Side-Yorkville,Manhattan,2023-10,28.934177777295854,29.42045,-0.4862724332754347,0
MN0803,Upper East Side-Yorkville,Manhattan,2024-03,26.146801488802435,26.60321,-0.45640896041631507,0
MN0803,Upper East Side-Yorkville,Manhattan,2024-04,28.782689935529913,29.034555,-0.25186549965075145,0
MN0803,Upper East Side-Yorkville,Manhattan,2024-05,30.44905619495533,31.135973,-0.6869167817292414,0
MN0803,Upper East Side-Yorkville,Manhattan,2024-06,22.753473833245224,23.260597,-0.5071233957586827,0
MN0803,Upper East Side-Yorkville,Manhattan,2024-07,23.51091304207496,23.285528,0.22538485909156236,0
MN0803,Upper East Side-Yorkville,Manhattan,2024-08,21.420380825704893,21.813097,-0.39271617441717765,0
MN0803,Upper East Side-Yorkville,Manhattan,2024-09,27.81316774822785,27.783875,0.029293236509101206,0
MN0803,Upper East Side-Yorkville,Manhattan,2024-10,29.78250969118516,30.08426,-0.30175124936659614,0
MN0803,Upper East Side-Yorkville,Manhattan,2025-03,24.51073279773021,25.257494,-0.7467611750481105,0
MN0803,Upper East Side-Yorkville,Manhattan,2025-04,26.237694193862005,26.62986,-0.3921657304544013,0
MN0803,Upper East Side-Yorkville,Manhattan,2025-05,28.540309388704397,29.149954,-0.6096444534586887,0
MN0803,Upper East Side-Yorkville,Manhattan,2025-06,22.571688423126087,22.907995,-0.3363068008729364,0
MN0803,Upper East Side-Yorkville,Manhattan,2025-07,20.632644048521968,20.821869,-0.18922484796240724,0
MN0803,Upper East Side-Yorkville,Manhattan,2025-08,20.5417513434624,20.755,-0.21324781730420028,0
MN0803,Upper East Side-Yorkville,Manhattan,2025-09,27.722275043168285,28.038694,-0.31641933854558246,0
MN0803,Upper East Side-Yorkville,Manhattan,2025-10,26.32858689892157,26.493479,-0.16489187610284262,0
MN0901,Morningside Heights,Manhattan,2022-03,31.089067655768996,31.011732,0.07733555432856676,0
MN0901,Morningside Heights,Manhattan,2022-04,28.11312838933082,27.883703,0.22942515751929804,0
MN0901,Morningside Heights,Manhattan,2022-05,35.93288369582262,36.127747,-0.19486288620863235,0
MN0901,Morningside Heights,Manhattan,2022-06,25.39046054982356,25.340935,0.04952579640558952,0
MN0901,Morningside Heights,Manhattan,2022-07,21.55973021749357,21.493856,0.06587378743985894,0
MN0901,Morningside Heights,Manhattan,2022-08,21.844660572790843,22.160936,-0.3162757827999769,0
MN0901,Morningside Heights,Manhattan,2022-09,30.67750158700627,30.746267,-0.0687657317193171,0
MN0901,Morningside Heights,Manhattan,2022-10,34.19164263567262,34.257866,-0.06622327008909679,0
MN0901,Morningside Heights,Manhattan,2023-03,29.347826595619,29.274607,0.0732198909070867,0
MN0901,Morningside Heights,Manhattan,2023-04,28.42971767299446,28.797901,-0.36818348056999284,0
MN0901,Morningside Heights,Manhattan,2023-05,31.78556407982899,31.777348,0.008216515131724833,0
MN0901,Morningside Heights,Manhattan,2023-06,28.52469445809355,28.406857,0.11783792122831471,0
MN0901,Morningside Heights,Manhattan,2023-07,23.744196274772655,23.75009,-0.0058933706130872565,0
MN0901,Morningside Heights,Manhattan,2023-08,23.90249091660447,23.784224,0.1182673600859161,0
MN0901,Morningside Heights,Manhattan,2023-09,25.9603212604181,26.47206,-0.511737989459828,0
MN0901,Morningside Heights,Manhattan,2023-10,30.23427658987718,30.430481,-0.19620436715407052,0
MN0901,Morningside Heights,Manhattan,2024-03,27.321655180171735,27.62137,-0.2997151353800227,0
MN0901,Morningside Heights,Manhattan,2024-04,30.075981948045364,29.936565,0.13941654887544175,0
MN0901,Morningside Heights,Manhattan,2024-05,31.817223008195356,32.171505,-0.3542819661698786,0
MN0901,Morningside Heights,Manhattan,2024-06,23.775855203139017,24.06078,-0.28492436839418644,0
MN0901,Morningside Heights,Manhattan,2024-07,24.567328412298107,24.721134,-0.15380577349290903,0
MN0901,Morningside Heights,Manhattan,2024-08,22.38286235501902,22.905977,-0.5231148941264863,0
MN0901,Morningside Heights,Manhattan,2024-09,29.06289624032173,29.463829,-0.40093280020561295,0
MN0901,Morningside Heights,Manhattan,2024-10,31.12072658413536,31.273962,-0.1532354367386617,0
MN0901,Morningside Heights,Manhattan,2025-03,25.612073048388105,25.971527,-0.3594540512212703,0
MN0901,Morningside Heights,Manhattan,2025-04,27.416631965270824,27.48272,-0.06608745611589484,0
MN0901,Morningside Heights,Manhattan,2025-05,29.822710521114455,30.280853,-0.4581427503699196,0
MN0901,Morningside Heights,Manhattan,2025-06,23.585901632940836,23.783243,-0.19734154638045354,0
MN0901,Morningside Heights,Manhattan,2025-07,21.55973021749357,21.442858,0.11687247518399957,0
MN0901,Morningside Heights,Manhattan,2025-08,21.46475343239448,21.469181,-0.004427628396534544,0
MN0901,Morningside Heights,Manhattan,2025-09,28.96791945522264,29.034166,-0.06624688083693187,0
MN0901,Morningside Heights,Manhattan,2025-10,27.511608750369916,27.454916,0.05669275000370533,0
MN0902,Manhattanville-West Harlem,Manhattan,2022-03,31.134555240976063,30.924187,0.2103685344330941,0
MN0902,Manhattanville-West Harlem,Manhattan,2022-04,28.154261765770617,27.79921,0.3550521710440542,0
MN0902,Manhattanville-West Harlem,Manhattan,2022-05,35.98545845061898,35.87436,0.11109931975960308,0
MN0902,Manhattanville-West Harlem,Manhattan,2022-06,25.427610288454996,25.468588,-0.04097758691121456,0
MN0902,Manhattanville-West Harlem,Manhattan,2022-07,21.591275070371385,21.399967,0.1913078767678691,0
MN0902,Manhattanville-West Harlem,Manhattan,2022-08,21.87662231799744,21.987286,-0.11066329601623082,0
MN0902,Manhattanville-West Harlem,Manhattan,2022-09,30.7223869944051,30.713732,0.008655228658028591,0
MN0902,Manhattanville-West Harlem,Manhattan,2022-10,34.24166971512643,34.33314,-0.09147161177786955,0
MN0902,Manhattanville-West Harlem,Manhattan,2023-03,29.390766505483516,29.6783,-0.28753435206042965,0
MN0902,Manhattanville-West Harlem,Manhattan,2023-04,28.4713142631329,28.554527,-0.08321301958194383,0
MN0902,Manhattanville-West Harlem,Manhattan,2023-05,31.832070735173087,31.742914,0.08915653534398515,0
MN0902,Manhattanville-West Harlem,Manhattan,2023-06,28.566430012341584,28.474161,0.09226886427029513,0
MN0902,Manhattanville-West Harlem,Manhattan,2023-07,23.77893730217113,23.787128,-0.008191146315198239,0
MN0902,Manhattanville-West Harlem,Manhattan,2023-08,23.93746355085227,23.618399,0.3190648844704356,0
MN0902,Manhattanville-West Harlem,Manhattan,2023-09,25.998304783707106,26.037964,-0.039659083480394486,0
MN0902,Manhattanville-West Harlem,Manhattan,2023-10,30.278513498097904,30.275028,0.0034852693381388633,0
MN0902,Manhattanville-West Harlem,Manhattan,2024-03,27.361630522364912,27.453337,-0.09170619333333008,0
MN0902,Manhattanville-West Harlem,Manhattan,2024-04,30.119987249416766,29.844536,0.27545142178004767,0
MN0902,Manhattanville-West Harlem,Manhattan,2024-05,31.863775984909314,31.941786,-0.07800982746861607,0
MN0902,Manhattanville-West Harlem,Manhattan,2024-06,23.810642551907357,23.809849,0.0007937665069661648,0
MN0902,Manhattanville-West Harlem,Manhattan,2024-07,24.60327379531306,24.394112,0.2091621620122801,0
MN0902,Manhattanville-West Harlem,Manhattan,2024-08,22.41561156351332,22.461773,-0.04616135518785214,0
MN0902,Manhattanville-West Harlem,Manhattan,2024-09,29.105419257857463,29.291994,-0.18657483699116995,0
MN0902,Manhattanville-West Harlem,Manhattan,2024-10,31.166260490712293,31.285875,-0.119614829722277,0
MN0902,Manhattanville-West Harlem,Manhattan,2025-03,25.649547036608592,25.938961,-0.28941399244414256,0
MN0902,Manhattanville-West Harlem,Manhattan,2025-04,27.4567462715736,27.29555,0.16119687887340461,0
MN0902,Manhattanville-West Harlem,Manhattan,2025-05,29.86634525152694,30.143234,-0.27688900140274697,0
MN0902,Manhattanville-West Harlem,Manhattan,2025-06,23.62041105348999,23.58921,0.031200543236082012,0
MN0902,Manhattanville-West Harlem,Manhattan,2025-07,21.591275070371385,21.503424,0.08785137957548628,0
MN0902,Manhattanville-West Harlem,Manhattan,2025-08,21.4961593211627,21.557894,-0.06173443188905736,0
MN0902,Manhattanville-West Harlem,Manhattan,2025-09,29.01030350864878,28.863914,0.14638901890268485,0
MN0902,Manhattanville-West Harlem,Manhattan,2025-10,27.551862020782284,27.56746,-0.01559708566302831,0
MN0903,Hamilton Heights-Sugar Hill,Manhattan,2022-03,31.134555240976063,30.877007,0.2575487102143441,0
MN0903,Hamilton Heights-Sugar Hill,Manhattan,2022-04,28.154261765770617,27.732487,0.42177504091710105,0
MN0903,Hamilton Heights-Sugar Hill,Manhattan,2022-05,35.98545845061898,35.821728,0.1637306979334312,0
MN0903,Hamilton Heights-Sugar Hill,Manhattan,2022-06,25.427610288454996,25.55379,-0.12617885033894893,0
MN0903,Hamilton Heights-Sugar Hill,Manhattan,2022-07,21.591275070371385,21.489645,0.10163006609892378,0
MN0903,Hamilton Heights-Sugar Hill,Manhattan,2022-08,21.87662231799744,22.03299,-0.15636718395568394,0
MN0903,Hamilton Heights-Sugar Hill,Manhattan,2022-09,30.7223869944051,30.60985,0.11253706459552859,0
MN0903,Hamilton Heights-Sugar Hill,Manhattan,2022-10,34.24166971512643,34.148247,0.09342294998970857,0
MN0903,Hamilton Heights-Sugar Hill,Manhattan,2023-03,29.390766505483516,29.78682,-0.39605295252429684,0
MN0903,Hamilton Heights-Sugar Hill,Manhattan,2023-04,28.4713142631329,28.69945,-0.2281352760516704,0
MN0903,Hamilton Heights-Sugar Hill,Manhattan,2023-05,31.832070735173087,31.546385,0.28568592377171953,0
MN0903,Hamilton Heights-Sugar Hill,Manhattan,2023-06,28.566430012341584,28.217617,0.3488129774294748,0
MN0903,Hamilton Heights-Sugar Hill,Manhattan,2023-07,23.77893730217113,23.723995,0.05494209343089551,0
MN0903,Hamilton Heights-Sugar Hill,Manhattan,2023-08,23.93746355085227,23.521568,0.41589525251242776,0
MN0903,Hamilton Heights-Sugar Hill,Manhattan,2023-09,25.998304783707106,26.24309,-0.2447848921962148,0
MN0903,Hamilton Heights-Sugar Hill,Manhattan,2023-10,30.278513498097904,30.376787,-0.09827368757104082,0
MN0903,Hamilton Heights-Sugar Hill,Manhattan,2024-03,27.361630522364912,27.768047,-0.40641681039875976,0
MN0903,Hamilton Heights-Sugar Hill,Manhattan,2024-04,30.119987249416766,29.910229,0.20975852016871954,0
MN0903,Hamilton Heights-Sugar Hill,Manhattan,2024-05,31.863775984909314,32.116447,-0.25267146382115513,0
MN0903,Hamilton Heights-Sugar Hill,Manhattan,2024-06,23.810642551907357,23.986542,-0.1758991961395182,0
MN0903,Hamilton Heights-Sugar Hill,Manhattan,2024-07,24.60327379531306,24.681269,-0.0779948967035402,0
MN0903,Hamilton Heights-Sugar Hill,Manhattan,2024-08,22.41561156351332,22.714134,-0.298522652795274,0
MN0903,Hamilton Heights-Sugar Hill,Manhattan,2024-09,29.105419257857463,29.309397,-0.2039774859169512,0
MN0903,Hamilton Heights-Sugar Hill,Manhattan,2024-10,31.166260490712293,31.491863,-0.32560276002012856,0
MN0903,Hamilton Heights-Sugar Hill,Manhattan,2025-03,25.649547036608592,26.287024,-0.6374765077029316,0
MN0903,Hamilton Heights-Sugar Hill,Manhattan,2025-04,27.4567462715736,27.517483,-0.06073648599475945,0
MN0903,Hamilton Heights-Sugar Hill,Manhattan,2025-05,29.86634525152694,30.212051,-0.34570614007462197,0
MN0903,Hamilton Heights-Sugar Hill,Manhattan,2025-06,23.62041105348999,23.784573,-0.1641615478283711,0
MN0903,Hamilton Heights-Sugar Hill,Manhattan,2025-07,21.591275070371385,21.635197,-0.04392161541963091,0
MN0903,Hamilton Heights-Sugar Hill,Manhattan,2025-08,21.4961593211627,21.705873,-0.20971416821718236,0
MN0903,Hamilton Heights-Sugar Hill,Manhattan,2025-09,29.01030350864878,29.063744,-0.05344008265981515,0
MN0903,Hamilton Heights-Sugar Hill,Manhattan,2025-10,27.551862020782284,27.562513,-0.010651330658145497,0
MN1001,Harlem (South),Manhattan,2022-03,31.134555240976063,30.98534,0.14921512256785974,0
MN1001,Harlem (South),Manhattan,2022-04,28.154261765770617,27.857765,0.2964965680167104,0
MN1001,Harlem (South),Manhattan,2022-05,35.98545845061898,35.96568,0.019779281917806202,0
MN1001,Harlem (South),Manhattan,2022-06,25.427610288454996,25.607542,-0.1799317495088708,0
MN1001,Harlem (South),Manhattan,2022-07,21.591275070371385,21.474854,0.11642155474638471,0
MN1001,Harlem (South),Manhattan,2022-08,21.87662231799744,22.003756,-0.12713325146056675,0
MN1001,Harlem (South),Manhattan,2022-09,30.7223869944051,30.665003,0.05738417152912234,0
MN1001,Harlem (South),Manhattan,2022-10,34.24166971512643,34.198975,0.04269510575142732,0
MN1001,Harlem (South),Manhattan,2023-03,29.390766505483516,29.64322,-0.25245439600574215,0
MN1001,Harlem (South),Manhattan,2023-04,28.4713142631329,28.680523,-0.20920865556827195,0
MN1001,Harlem (South),Manhattan,2023-05,31.832070735173087,31.664341,0.1677297622726961,0
MN1001,Harlem (South),Manhattan,2023-06,28.566430012341584,28.362011,0.2044190565310373,0
MN1001,Harlem (South),Manhattan,2023-07,23.77893730217113,23.67776,0.10117813163890332,0
MN1001,Harlem (South),Manhattan,2023-08,23.93746355085227,23.598309,0.33915498761984963,0
MN1001,Harlem (South),Manhattan,2023-09,25.998304783707106,26.175114,-0.1768088942714101,0
MN1001,Harlem (South),Manhattan,2023-10,30.278513498097904,30.384254,-0.10574095746850176,0
MN1001,Harlem (South),Manhattan,2024-03,27.361630522364912,27.76826,-0.40662852609700195,0
MN1001,Harlem (South),Manhattan,2024-04,30.119987249416766,29.999233,0.12075400356715704,0
MN1001,Harlem (South),Manhattan,2024-05,31.863775984909314,32.145622,-0.28184626850865513,0
MN1001,Harlem (South),Manhattan,2024-06,23.810642551907357,23.780756,0.029886555203255227,0
MN1001,Harlem (South),Manhattan,2024-07,24.60327379531306,24.473959,0.12931482619685042,0
MN1001,Harlem (South),Manhattan,2024-08,22.41561156351332,22.642378,-0.22676628988023495,0
MN1001,Harlem (South),Manhattan,2024-09,29.105419257857463,29.245209,-0.13978948237691213,0
MN1001,Harlem (South),Manhattan,2024-10,31.166260490712293,31.478552,-0.3122913739117301,0
MN1001,Harlem (South),Manhattan,2025-03,25.649547036608592,26.067606,-0.41805893568144725,0
MN1001,Harlem (South),Manhattan,2025-04,27.4567462715736,27.375422,0.08132474752574836,0
MN1001,Harlem (South),Manhattan,2025-05,29.86634525152694,30.071949,-0.2056037536000126,0
MN1001,Harlem (South),Manhattan,2025-06,23.62041105348999,23.676874,-0.0564631072766133,0
MN1001,Harlem (South),Manhattan,2025-07,21.591275070371385,21.601173,-0.009898330507521536,0
MN1001,Harlem (South),Manhattan,2025-08,21.4961593211627,21.692938,-0.196778529789448,0
MN1001,Harlem (South),Manhattan,2025-09,29.01030350864878,29.015808,-0.005504596819971397,0
MN1001,Harlem (South),Manhattan,2025-10,27.551862020782284,27.609175,-0.0573127076112705,0
MN1002,Harlem (North),Manhattan,2022-03,30.95459751168322,30.428396,0.5262012867076358,0
MN1002,Harlem (North),Manhattan,2022-04,27.991530132764463,27.46124,0.5302893643318463,0
MN1002,Harlem (North),Manhattan,2022-05,35.7774625007744,35.413963,0.3634991829033041,0
MN1002,Harlem (North),Manhattan,2022-06,25.280638700987723,25.305548,-0.024909013245675737,0
MN1002,Harlem (North),Manhattan,2022-07,21.46647750046464,21.369053,0.09742461350175091,0
MN1002,Harlem (North),Manhattan,2022-08,21.750175440999413,21.87541,-0.12523463895664122,0
MN1002,Harlem (North),Manhattan,2022-09,30.544811597577436,30.340652,0.2041591317571232,0
MN1002,Harlem (North),Manhattan,2022-10,34.043752864172994,33.830753,0.21299953775697844,0
MN1002,Harlem (North),Manhattan,2023-03,29.22088787508182,29.45886,-0.23797252225704568,0
MN1002,Harlem (North),Manhattan,2023-04,28.30675006669199,28.472784,-0.16603397566640865,0
MN1002,Harlem (North),Manhattan,2023-05,31.648081366323783,31.393917,0.25416428258354884,0
MN1002,Harlem (North),Manhattan,2023-06,28.40131604687025,28.052498,0.3488181831007182,0
MN1002,Harlem (North),Manhattan,2023-07,23.64149504456458,23.603525,0.03796988282141456,0
MN1002,Harlem (North),Manhattan,2023-08,23.799105011528344,23.450504,0.34860070854982794,0
MN1002,Harlem (North),Manhattan,2023-09,25.848034582057274,25.993519,-0.14548424728842946,0
MN1002,Harlem (North),Manhattan,2023-10,30.1035036900789,30.084333,0.019170270279094126,0
MN1002,Harlem (North),Manhattan,2024-03,27.20348029794564,27.374834,-0.1713537627233066,0
MN1002,Harlem (North),Manhattan,2024-04,29.945893723115137,29.511585,0.4343084875194343,0
MN1002,Harlem (North),Manhattan,2024-05,31.679603359716538,31.823175,-0.14357207058131394,0
MN1002,Harlem (North),Manhattan,2024-06,23.673017037957333,23.675463,-0.0024456848209872817,0
MN1002,Harlem (North),Manhattan,2024-07,24.46106687277615,24.384111,0.07695546835720535,0
MN1002,Harlem (North),Manhattan,2024-08,22.28604932867621,22.583988,-0.2979388610210556,0
MN1002,Harlem (North),Manhattan,2024-09,28.93718993454705,29.071455,-0.1342650672840051,0
MN1002,Harlem (North),Manhattan,2024-10,30.986119505075976,31.164425,-0.17830539116425825,0
MN1002,Harlem (North),Manhattan,2025-03,25.501292654736993,25.91583,-0.41453795744562427,0
MN1002,Harlem (North),Manhattan,2025-04,27.298046278123905,27.319506,-0.021459413404414818,0
MN1002,Harlem (North),Manhattan,2025-05,29.693717775973113,29.849136,-0.1554185765659497,0
MN1002,Harlem (North),Manhattan,2025-06,23.483885077600817,23.559969,-0.07608387076344059,0
MN1002,Harlem (North),Manhattan,2025-07,21.46647750046464,21.519768,-0.05329026076582721,0
MN1002,Harlem (North),Manhattan,2025-08,21.37191152028638,21.570696,-0.198784356788817,0
MN1002,Harlem (North),Manhattan,2025-09,28.842623954368783,28.83735,0.005273109031868728,0
MN1002,Harlem (North),Manhattan,2025-10,27.39261225830216,27.428995,-0.03638287414412744,0
MN1101,East Harlem (South),Manhattan,2022-03,31.134555240976063,30.813692,0.32086314808055505,0
MN1101,East Harlem (South),Manhattan,2022-04,28.154261765770617,27.75928,0.39498251467198386,0
MN1101,East Harlem (South),Manhattan,2022-05,35.98545845061898,35.800842,0.18461616546272808,0
MN1101,East Harlem (South),Manhattan,2022-06,25.427610288454996,25.371525,0.056085477663980754,0
MN1101,East Harlem (South),Manhattan,2022-07,21.591275070371385,21.333307,0.25796780413603315,0
MN1101,East Harlem (South),Manhattan,2022-08,21.87662231799744,21.79426,0.082362292973027,0
MN1101,East Harlem (South),Manhattan,2022-09,30.7223869944051,30.558296,0.16409079079181765,0
MN1101,East Harlem (South),Manhattan,2022-10,34.24166971512643,34.180164,0.061505377968224195,0
MN1101,East Harlem (South),Manhattan,2023-03,29.390766505483516,29.316645,0.0741218369044141,0
MN1101,East Harlem (South),Manhattan,2023-04,28.4713142631329,28.362818,0.10849649885067336,0
MN1101,East Harlem (South),Manhattan,2023-05,31.832070735173087,31.5808,0.2512716323898836,0
MN1101,East Harlem (South),Manhattan,2023-06,28.566430012341584,28.361887,0.20454303419217013,0
MN1101,East Harlem (South),Manhattan,2023-07,23.77893730217113,23.674515,0.10442253166331739,0
MN1101,East Harlem (South),Manhattan,2023-08,23.93746355085227,23.56044,0.377023487375709,0
MN1101,East Harlem (South),Manhattan,2023-09,25.998304783707106,25.954145,0.04415935218855083,0
MN1101,East Harlem (South),Manhattan,2023-10,30.278513498097904,30.326283,-0.04776900312279864,0
MN1101,East Harlem (South),Manhattan,2024-03,27.361630522364912,27.352352,0.009278380030927735,0
MN1101,East Harlem (South),Manhattan,2024-04,30.119987249416766,29.93409,0.18589758877223517,0
MN1101,East Harlem (South),Manhattan,2024-05,31.863775984909314,31.899008,-0.035231812331897316,0
MN1101,East Harlem (South),Manhattan,2024-06,23.810642551907357,23.668386,0.14225609255677085,0
MN1101,East Harlem (South),Manhattan,2024-07,24.60327379531306,24.223783,0.37949030227106917,0
MN1101,East Harlem (South),Manhattan,2024-08,22.41561156351332,22.402174,0.01343756754164005,0
MN1101,East Harlem (South),Manhattan,2024-09,29.105419257857463,29.013676,0.09174356816019724,0
MN1101,East Harlem (South),Manhattan,2024-10,31.166260490712293,31.177092,-0.010831107798448869,0
MN1101,East Harlem (South),Manhattan,2025-03,25.649547036608592,25.85743,-0.20788246778593944,0
MN1101,East Harlem (South),Manhattan,2025-04,27.4567462715736,27.183887,0.2728587898841468,0
MN1101,East Harlem (South),Manhattan,2025-05,29.86634525152694,29.944946,-0.07860103753555947,0
MN1101,East Harlem (South),Manhattan,2025-06,23.62041105348999,23.46654,0.15387167055541795,0
MN1101,East Harlem (South),Manhattan,2025-07,21.591275070371385,21.380142,0.21113285845732221,0
MN1101,East Harlem (South),Manhattan,2025-08,21.4961593211627,21.476229,0.019930607173442638,0
MN1101,East Harlem (South),Manhattan,2025-09,29.01030350864878,28.754663,0.25564004124155204,0
MN1101,East Harlem (South),Manhattan,2025-10,27.551862020782284,27.436373,0.11548926382427638,0
MN1102,East Harlem (North),Manhattan,2022-03,31.134555240976063,30.81638,0.31817569385692224,0
MN1102,East Harlem (North),Manhattan,2022-04,28.154261765770617,27.682348,0.47191351442784324,0
MN1102,East Harlem (North),Manhattan,2022-05,35.98545845061898,35.876884,0.10857399016975933,0
MN1102,East Harlem (North),Manhattan,2022-06,25.427610288454996,25.41877,0.008840452029215129,0
MN1102,East Harlem (North),Manhattan,2022-07,21.591275070371385,21.47213,0.11914524859404096,0
MN1102,East Harlem (North),Manhattan,2022-08,21.87662231799744,21.926239,-0.04961669567443394,0
MN1102,East Harlem (North),Manhattan,2022-09,30.7223869944051,30.332108,0.3902794504597864,0
MN1102,East Harlem (North),Manhattan,2022-10,34.24166971512643,34.277016,-0.03534597090872893,0
MN1102,East Harlem (North),Manhattan,2023-03,29.390766505483516,29.71113,-0.3203636367283984,0
MN1102,East Harlem (North),Manhattan,2023-04,28.4713142631329,28.51443,-0.04311482927432664,0
MN1102,East Harlem (North),Manhattan,2023-05,31.832070735173087,31.496572,0.3354982406662508,0
MN1102,East Harlem (North),Manhattan,2023-06,28.566430012341584,28.207531,0.3588990369997873,0
MN1102,East Harlem (North),Manhattan,2023-07,23.77893730217113,23.600243,0.17869468742503614,0
MN1102,East Harlem (North),Manhattan,2023-08,23.93746355085227,23.504456,0.4330079844460215,0
MN1102,East Harlem (North),Manhattan,2023-09,25.998304783707106,26.091478,-0.0931735640712148,0
MN1102,East Harlem (North),Manhattan,2023-10,30.278513498097904,30.125347,0.1531663606467326,0
MN1102,East Harlem (North),Manhattan,2024-03,27.361630522364912,27.563383,-0.20175258005208008,0
MN1102,East Harlem (North),Manhattan,2024-04,30.119987249416766,29.815657,0.30433058742946173,0
MN1102,East Harlem (North),Manhattan,2024-05,31.863775984909314,31.936846,-0.07306979450963169,0
MN1102,East Harlem (North),Manhattan,2024-06,23.810642551907357,23.698187,0.11245567751770835,0
MN1102,East Harlem (North),Manhattan,2024-07,24.60327379531306,24.377913,0.22536127395075667,0
MN1102,East Harlem (North),Manhattan,2024-08,22.41561156351332,22.548525,-0.13291329305406308,0
MN1102,East Harlem (North),Manhattan,2024-09,29.105419257857463,29.116064,-0.01064481379781057,0
MN1102,East Harlem (North),Manhattan,2024-10,31.166260490712293,31.32785,-0.16158985108458168,0
MN1102,East Harlem (North),Manhattan,2025-03,25.649547036608592,25.969383,-0.31983620313750194,0
MN1102,East Harlem (North),Manhattan,2025-04,27.4567462715736,27.328184,0.12856214376598274,0
MN1102,East Harlem (North),Manhattan,2025-05,29.86634525152694,29.990356,-0.12401119378555947,0
MN1102,East Harlem (North),Manhattan,2025-06,23.62041105348999,23.599358,0.021053448509519512,0
MN1102,East Harlem (North),Manhattan,2025-07,21.591275070371385,21.5853,0.0059746248147440895,0
MN1102,East Harlem (North),Manhattan,2025-08,21.4961593211627,21.61051,-0.11435055127382299,0
MN1102,East Harlem (North),Manhattan,2025-09,29.01030350864878,28.974827,0.03547669590463798,0
MN1102,East Harlem (North),Manhattan,2025-10,27.551862020782284,27.496792,0.055070181182674816,0
MN1201,Washington Heights (South),Manhattan,2022-03,31.134555240976063,30.728893,0.405661960946766,0
MN1201,Washington Heights (South),Manhattan,2022-04,28.154261765770617,27.676773,0.4774886944815542,0
MN1201,Washington Heights (South),Manhattan,2022-05,35.98545845061898,35.75833,0.22712715179085308,0
MN1201,Washington Heights (South),Manhattan,2022-06,25.427610288454996,25.34037,0.08724011023234013,0
MN1201,Washington Heights (South),Manhattan,2022-07,21.591275070371385,21.416304,0.17497143572783003,0
MN1201,Washington Heights (South),Manhattan,2022-08,21.87662231799744,21.884634,-0.008011699946894879,0
MN1201,Washington Heights (South),Manhattan,2022-09,30.7223869944051,30.562105,0.1602818155720911,0
MN1201,Washington Heights (South),Manhattan,2022-10,34.24166971512643,33.99586,0.24580866165963045,0
MN1201,Washington Heights (South),Manhattan,2023-03,29.390766505483516,29.35079,0.03997648167980472,0
MN1201,Washington Heights (South),Manhattan,2023-04,28.4713142631329,28.477928,-0.006613898488193826,0
MN1201,Washington Heights (South),Manhattan,2023-05,31.832070735173087,31.521067,0.31100406952367265,0
MN1201,Washington Heights (South),Manhattan,2023-06,28.566430012341584,28.349262,0.21716777479275606,0
MN1201,Washington Heights (South),Manhattan,2023-07,23.77893730217113,23.60412,0.17481704765452832,0
MN1201,Washington Heights (South),Manhattan,2023-08,23.93746355085227,23.54903,0.3884332468971934,0
MN1201,Washington Heights (South),Manhattan,2023-09,25.998304783707106,26.064705,-0.06640011131242574,0
MN1201,Washington Heights (South),Manhattan,2023-10,30.278513498097904,30.127611,0.15090233781958418,0
MN1201,Washington Heights (South),Manhattan,2024-03,27.361630522364912,27.485964,-0.1243332990462207,0
MN1201,Washington Heights (South),Manhattan,2024-04,30.119987249416766,29.78431,0.33567786220973517,0
MN1201,Washington Heights (South),Manhattan,2024-05,31.863775984909314,31.920885,-0.05710910115025669,0
MN1201,Washington Heights (South),Manhattan,2024-06,23.810642551907357,23.72193,0.08871300173645835,0
MN1201,Washington Heights (South),Manhattan,2024-07,24.60327379531306,24.213768,0.3895057899419676,0
MN1201,Washington Heights (South),Manhattan,2024-08,22.41561156351332,22.516838,-0.10122651021714901,0
MN1201,Washington Heights (South),Manhattan,2024-09,29.105419257857463,29.088339,0.01708040592875193,0
MN1201,Washington Heights (South),Manhattan,2024-10,31.166260490712293,31.183588,-0.017327537241808244,0
MN1201,Washington Heights (South),Manhattan,2025-03,25.649547036608592,25.907116,-0.25756889967070506,0
MN1201,Washington Heights (South),Manhattan,2025-04,27.4567462715736,27.202019,0.2547275337806312,0
MN1201,Washington Heights (South),Manhattan,2025-05,29.86634525152694,29.908998,-0.04265323785294228,0
MN1201,Washington Heights (South),Manhattan,2025-06,23.62041105348999,23.50193,0.11848081667358201,0
MN1201,Washington Heights (South),Manhattan,2025-07,21.591275070371385,21.385727,0.20554814166044721,0
MN1201,Washington Heights (South),Manhattan,2025-08,21.4961593211627,21.517994,-0.021834605839252674,0
MN1201,Washington Heights (South),Manhattan,2025-09,29.01030350864878,28.659697,0.3506069296692864,0
MN1201,Washington Heights (South),Manhattan,2025-10,27.551862020782284,27.341633,0.21022917776470607,0
MN1202,Washington Heights (North),Manhattan,2022-03,31.134555240976063,30.930887,0.2036680186860238,0
MN1202,Washington Heights (North),Manhattan,2022-04,28.154261765770617,27.856989,0.2972728589102651,0
MN1202,Washington Heights (North),Manhattan,2022-05,35.98545845061898,35.95069,0.03476722747444683,0
MN1202,Washington Heights (North),Manhattan,2022-06,25.427610288454996,25.57858,-0.1509705678682458,0
MN1202,Washington Heights (North),Manhattan,2022-07,21.591275070371385,21.464436,0.1268394929788066,0
MN1202,Washington Heights (North),Manhattan,2022-08,21.87662231799744,22.0018,-0.12517821911193394,0
MN1202,Washington Heights (North),Manhattan,2022-09,30.7223869944051,30.601858,0.12052885536701297,0
MN1202,Washington Heights (North),Manhattan,2022-10,34.24166971512643,34.150223,0.09144693680611482,0
MN1202,Washington Heights (North),Manhattan,2023-03,29.390766505483516,29.588768,-0.1980014998875781,0
MN1202,Washington Heights (North),Manhattan,2023-04,28.4713142631329,28.670864,-0.19954984209170945,0
MN1202,Washington Heights (North),Manhattan,2023-05,31.832070735173087,31.662386,0.1696847946213289,0
MN1202,Washington Heights (North),Manhattan,2023-06,28.566430012341584,28.334202,0.23222819959744356,0
MN1202,Washington Heights (North),Manhattan,2023-07,23.77893730217113,23.678555,0.10038276725902051,0
MN1202,Washington Heights (North),Manhattan,2023-08,23.93746355085227,23.588783,0.34868028669211526,0
MN1202,Washington Heights (North),Manhattan,2023-09,25.998304783707106,26.169964,-0.17165905296281636,0
MN1202,Washington Heights (North),Manhattan,2023-10,30.278513498097904,30.28455,-0.006036215036861137,0
MN1202,Washington Heights (North),Manhattan,2024-03,27.361630522364912,27.706394,-0.3447636731917285,0
MN1202,Washington Heights (North),Manhattan,2024-04,30.119987249416766,29.988539,0.13144850735133673,0
MN1202,Washington Heights (North),Manhattan,2024-05,31.863775984909314,32.116737,-0.25296138081334263,0
MN1202,Washington Heights (North),Manhattan,2024-06,23.810642551907357,23.751795,0.05884773684388023,0
MN1202,Washington Heights (North),Manhattan,2024-07,24.60327379531306,24.472004,0.13126985854548323,0
MN1202,Washington Heights (North),Manhattan,2024-08,22.41561156351332,22.632853,-0.21724099080796933,0
MN1202,Washington Heights (North),Manhattan,2024-09,29.105419257857463,29.204351,-0.09893216731343557,0
MN1202,Washington Heights (North),Manhattan,2024-10,31.166260490712293,31.432838,-0.26657794922911293,0
MN1202,Washington Heights (North),Manhattan,2025-03,25.649547036608592,26.044058,-0.3945108094607441,0
MN1202,Washington Heights (North),Manhattan,2025-04,27.4567462715736,27.404257,0.05248945089488899,0
MN1202,Washington Heights (North),Manhattan,2025-05,29.86634525152694,30.094366,-0.2280208220814579,0
MN1202,Washington Heights (North),Manhattan,2025-06,23.62041105348999,23.67492,-0.05450807492798049,0
MN1202,Washington Heights (North),Manhattan,2025-07,21.591275070371385,21.610384,-0.019108917055373098,0
MN1202,Washington Heights (North),Manhattan,2025-08,21.4961593211627,21.68983,-0.19367145886659642,0
MN1202,Washington Heights (North),Manhattan,2025-09,29.01030350864878,28.99236,0.017944347271825478,0
MN1202,Washington Heights (North),Manhattan,2025-10,27.551862020782284,27.594267,-0.042404870697208,0
MN1203,Inwood,Manhattan,2022-03,30.6482957572225,30.173878,0.47441804115804587,0
MN1203,Inwood,Manhattan,2022-04,27.714548505512813,27.2555,0.45904771205578143,0
MN1203,Inwood,Manhattan,2022-05,35.42343756053721,35.208797,0.214640105703225,0
MN1203,Inwood,Manhattan,2022-06,25.030481870969904,25.082886,-0.05240387121759582,0
MN1203,Inwood,Manhattan,2022-07,21.254062536322326,21.386267,-0.1322041720516971,0
MN1203,Inwood,Manhattan,2022-08,21.53495323063495,21.74011,-0.20515716670391626,0
MN1203,Inwood,Manhattan,2022-09,30.24256475432648,30.330614,-0.08804933563934014,0
MN1203,Inwood,Manhattan,2022-10,33.70688331751558,33.233593,0.4732903304550362,0
MN1203,Inwood,Manhattan,2023-03,28.931741514200873,29.296679,-0.3649370288899476,0
MN1203,Inwood,Manhattan,2023-04,28.026649276971288,28.288898,-0.2622491910462905,0
MN1203,Inwood,Manhattan,2023-05,31.33491745443115,31.054974,0.27994385213622763,0
MN1203,Inwood,Manhattan,2023-06,28.12027950840883,27.795084,0.32519550877504244,0
MN1203,Inwood,Manhattan,2023-07,23.407557859385825,23.316639,0.09091891285262221,0
MN1203,Inwood,Manhattan,2023-08,23.56360824511506,23.316275,0.2473336021707233,0
MN1203,Inwood,Manhattan,2023-09,25.592263259595164,26.019356,-0.42709251433061723,0
MN1203,Inwood,Manhattan,2023-10,29.80562367428461,29.865166,-0.05954203616460774,0
MN1203,Inwood,Manhattan,2024-03,26.93429657686662,27.277384,-0.3430872274546708,0
MN1203,Inwood,Manhattan,2024-04,29.649573288555377,29.168404,0.48116966306709585,0
MN1203,Inwood,Manhattan,2024-05,31.366127531577,31.342064,0.024063627768406093,0
MN1203,Inwood,Manhattan,2024-06,23.43876793653167,23.41614,0.022628333870535755,0
MN1203,Inwood,Manhattan,2024-07,24.219019865177863,24.015297,0.20372292914270673,0
MN1203,Inwood,Manhattan,2024-08,22.065524542114368,22.706459,-0.6409345032957887,0
MN1203,Inwood,Manhattan,2024-09,28.650850819888245,28.841713,-0.1908621317719117,0
MN1203,Inwood,Manhattan,2024-10,30.67950583436835,31.2508,-0.5712933447087991,0
MN1203,Inwood,Manhattan,2025-03,25.24895241099084,25.753752,-0.5047993437699034,0
MN1203,Inwood,Manhattan,2025-04,27.02792680830416,27.29011,-0.26218282609525545,0
MN1203,Inwood,Manhattan,2025-05,29.39989267138859,29.686007,-0.2861138746319192,0
MN1203,Inwood,Manhattan,2025-06,23.25150747365658,23.511936,-0.26042871408755985,0
MN1203,Inwood,Manhattan,2025-07,21.254062536322326,21.35207,-0.09800731841400179,0
MN1203,Inwood,Manhattan,2025-08,21.160432304884782,21.122143,0.038289513136735565,0
MN1203,Inwood,Manhattan,2025-09,28.5572205884507,28.449203,0.10801709723976316,0
MN1203,Inwood,Manhattan,2025-10,27.121557039741703,27.186464,-0.0649072699506803,0
QN0101,Astoria (North)-Ditmars-Steinway,Queens,2022-03,15.020939106307448,15.323453,-0.30251384321647734,0
QN0101,Astoria (North)-Ditmars-Steinway,Queens,2022-04,13.420770335532428,13.442861,-0.022090267800091823,0
QN0101,Astoria (North)-Ditmars-Steinway,Queens,2022-05,17.085673004081666,17.365492,-0.27981886298376324,0
QN0101,Astoria (North)-Ditmars-Steinway,Queens,2022-06,12.13031164942354,12.429088,-0.2987759894314408,0
QN0101,Astoria (North)-Ditmars-Steinway,Queens,2022-07,10.753822384240728,10.76854,-0.014717998144526234,0
QN0101,Astoria (North)-Ditmars-Steinway,Queens,2022-08,10.702204036796372,10.741764,-0.0395600318071434,0
QN0101,Astoria (North)-Ditmars-Steinway,Queens,2022-09,16.173748865898055,16.33839,-0.1646414844437416,0
QN0101,Astoria (North)-Ditmars-Steinway,Queens,2022-10,18.42775003763491,18.721422,-0.2936721577996586,0
QN0101,Astoria (North)-Ditmars-Steinway,Queens,2023-03,16.070512171009344,16.146278,-0.07576621033831188,0
QN0101,Astoria (North)-Ditmars-Steinway,Queens,2023-04,18.909521280448896,18.919426,-0.009904683906572842,0
QN0101,Astoria (North)-Ditmars-Steinway,Queens,2023-05,16.018893823564987,16.213337,-0.19444312101509098,0
QN0101,Astoria (North)-Ditmars-Steinway,Queens,2023-06,14.866084063974382,14.5602455,0.30583855005836647,0
QN0101,Astoria (North)-Ditmars-Steinway,Queens,2023-07,12.9906174401628,12.781215,0.20940272611250776,0
QN0101,Astoria (North)-Ditmars-Steinway,Queens,2023-08,12.612082892237526,12.348178,0.26390498238645144,0
QN0101,Astoria (North)-Ditmars-Steinway,Queens,2023-09,15.640359275639714,15.668866,-0.028506881892024438,0
QN0101,Astoria (North)-Ditmars-Steinway,Queens,2023-10,16.43184060311983,16.730906,-0.2990649297170833,0
QN0101,Astoria (North)-Ditmars-Steinway,Queens,2024-03,14.22945777882733,14.212585,0.01687232960857976,0
QN0101,Astoria (North)-Ditmars-Steinway,Queens,2024-04,14.177839431382974,14.125513,0.05232635460074775,0
QN0101,Astoria (North)-Ditmars-Steinway,Queens,2024-05,17.42979532037737,17.423605,0.006190355167408512,0
QN0101,Astoria (North)-Ditmars-Steinway,Queens,2024-06,13.678862072754203,13.677986,0.000875927734671933,0
QN0101,Astoria (North)-Ditmars-Steinway,Queens,2024-07,11.768983217313052,12.1556015,-0.3866182841517922,0
QN0101,Astoria (North)-Ditmars-Steinway,Queens,2024-08,11.889426028016548,11.772166,0.11725977588031711,0
QN0101,Astoria (North)-Ditmars-Steinway,Queens,2024-09,14.401518936975185,14.632494,-0.2309750358031355,0
QN0101,Astoria (North)-Ditmars-Steinway,Queens,2024-10,17.82553598411743,17.945515,-0.11997869483764845,0
QN0101,Astoria (North)-Ditmars-Steinway,Queens,2025-03,14.986526874677878,14.634546,0.3519805947706516,0
QN0101,Astoria (North)-Ditmars-Steinway,Queens,2025-04,14.762847369085671,14.683881,0.07896656311643291,0
QN0101,Astoria (North)-Ditmars-Steinway,Queens,2025-05,16.89640573011903,16.914118,-0.01771208299131999,0
QN0101,Astoria (North)-Ditmars-Steinway,Queens,2025-06,12.044281070349614,12.215029,-0.17074769246776889,0
QN0101,Astoria (North)-Ditmars-Steinway,Queens,2025-07,10.082783867464109,9.928605,0.1541787878132297,0
QN0101,Astoria (North)-Ditmars-Steinway,Queens,2025-08,9.945134940945826,9.745767,0.19936830123635296,0
QN0101,Astoria (North)-Ditmars-Steinway,Queens,2025-09,14.745641253270886,14.471845,0.27379658011414776,0
QN0101,Astoria (North)-Ditmars-Steinway,Queens,2025-10,14.12622108393862,14.591514,-0.4652925497894067,0
QN0102,Old Astoria-Hallets Point,Queens,2022-03,19.70854768288517,19.976002,-0.2674540566167849,0
QN0102,Old Astoria-Hallets Point,Queens,2022-04,17.609011675430047,18.23793,-0.6289186224215157,0
QN0102,Old Astoria-Hallets Point,Queens,2022-05,22.417626402182098,22.74618,-0.3285531785063789,0
QN0102,Old Astoria-Hallets Point,Queens,2022-06,15.915837475869465,15.957937,-0.042099764731121425,0
QN0102,Old Astoria-Hallets Point,Queens,2022-07,14.109784996338178,14.266162,-0.1563769223019591,0
QN0102,Old Astoria-Hallets Point,Queens,2022-08,14.042058028355756,13.959658,0.08240035928837308,0
QN0102,Old Astoria-Hallets Point,Queens,2022-09,21.22111663449262,21.080656,0.14046058285687835,0
QN0102,Old Astoria-Hallets Point,Queens,2022-10,24.1785275697251,23.849413,0.32911465163428133,0
QN0102,Old Astoria-Hallets Point,Queens,2023-03,21.085662698527777,20.69607,0.3895929811205505,0
QN0102,Old Astoria-Hallets Point,Queens,2023-04,24.810645937561052,23.989122,0.8215235468139817,0
QN0102,Old Astoria-Hallets Point,Queens,2023-05,21.01793573054535,21.219633,-0.20169737187164216,0
QN0102,Old Astoria-Hallets Point,Queens,2023-06,19.505366778937898,19.707443,-0.20207645836678978,0
QN0102,Old Astoria-Hallets Point,Queens,2023-07,17.04462027557652,16.654636,0.3899838925198793,0
QN0102,Old Astoria-Hallets Point,Queens,2023-08,16.547955843705417,16.346449,0.20150694538998692,0
QN0102,Old Astoria-Hallets Point,Queens,2023-09,20.521271298674247,20.334929,0.18634278610100452,0
QN0102,Old Astoria-Hallets Point,Queens,2023-10,21.559751474404734,21.428797,0.13095470621625793,0
QN0102,Old Astoria-Hallets Point,Queens,2024-03,18.670067507154677,18.729176,-0.059108060472276236,0
QN0102,Old Astoria-Hallets Point,Queens,2024-04,18.602340539172253,19.258455,-0.6561147373170044,0
QN0102,Old Astoria-Hallets Point,Queens,2024-05,22.86913952206492,22.611887,0.2572525439155058,0
QN0102,Old Astoria-Hallets Point,Queens,2024-06,17.947646515342164,17.692005,0.25564135787146114,0
QN0102,Old Astoria-Hallets Point,Queens,2024-07,15.441748699992502,15.3091,0.13264854893049005,0
QN0102,Old Astoria-Hallets Point,Queens,2024-08,15.59977829195149,15.431099,0.1686793539632081,0
QN0102,Old Astoria-Hallets Point,Queens,2024-09,18.89582406709609,19.140425,-0.24460066129746494,0
QN0102,Old Astoria-Hallets Point,Queens,2024-10,23.38837960993017,23.173222,0.21515802179540344,0
QN0102,Old Astoria-Hallets Point,Queens,2025-03,19.663396370896887,19.963747,-0.30035065363924573,0
QN0102,Old Astoria-Hallets Point,Queens,2025-04,19.36991284297305,19.80869,-0.4387762744585899,0
QN0102,Old Astoria-Hallets Point,Queens,2025-05,22.169294186246542,22.04203,0.12726385177388622,0
QN0102,Old Astoria-Hallets Point,Queens,2025-06,15.80295919589876,15.981905,-0.17894578762174795,0
QN0102,Old Astoria-Hallets Point,Queens,2025-07,13.229334412566676,13.224351,0.004983483306421732,0
QN0102,Old Astoria-Hallets Point,Queens,2025-08,13.048729164613547,12.867078,0.1816513371599342,0
QN0102,Old Astoria-Hallets Point,Queens,2025-09,19.347337186978912,19.378706,-0.03136879141464277,0
QN0102,Old Astoria-Hallets Point,Queens,2025-10,18.53461357118983,18.594843,-0.06022933957677168,0
QN0103,Astoria (Central),Queens,2022-03,12.669701405818502,12.68539,-0.015689066593607137,0
QN0103,Astoria (Central),Queens,2022-04,11.320008128910002,11.391561,-0.07155242559439223,0
QN0103,Astoria (Central),Queens,2022-05,14.411241117958502,14.6710205,-0.25977938985399796,0
QN0103,Astoria (Central),Queens,2022-06,10.2315458088225,10.032912,0.19863355448900322,0
QN0103,Astoria (Central),Queens,2022-07,9.0705193340625,8.980737,0.08978260157958928,0
QN0103,Astoria (Central),Queens,2022-08,9.026980841259002,8.7390375,0.28794332752609186,0
QN0103,Astoria (Central),Queens,2022-09,13.642061078430002,13.982645,-0.340583956360037,0
QN0103,Astoria (Central),Queens,2022-10,15.543241930849502,16.287441,-0.7441993228126069,0
QN0103,Astoria (Central),Queens,2023-03,13.554984092823002,13.879229,-0.32424449909594344,0
QN0103,Astoria (Central),Queens,2023-04,15.949601197015502,16.712667,-0.7630662681944589,0
QN0103,Astoria (Central),Queens,2023-05,13.511445600019504,13.886159,-0.3747133431567651,0
QN0103,Astoria (Central),Queens,2023-06,12.539085927408005,12.17103,0.3680558828523406,0
QN0103,Astoria (Central),Queens,2023-07,10.957187355547502,11.121269,-0.16408187052671686,0
QN0103,Astoria (Central),Queens,2023-08,10.637905074988502,10.398194,0.23971076193918606,0
QN0103,Astoria (Central),Queens,2023-09,13.1921633194605,12.9725685,0.21959480749760907,0
QN0103,Astoria (Central),Queens,2023-10,13.859753542447502,13.967188,-0.10743433902222499,0
QN0103,Astoria (Central),Queens,2024-03,12.002111182831502,11.982862,0.019248710297322447,0
QN0103,Astoria (Central),Queens,2024-04,11.958572690028005,12.337001,-0.37842815683478825,0
QN0103,Astoria (Central),Queens,2024-05,14.701497736648502,15.220102,-0.518604573532162,0
QN0103,Astoria (Central),Queens,2024-06,11.537700592927502,11.697016,-0.15931516940159973,0
QN0103,Astoria (Central),Queens,2024-07,9.926776359198,9.860845,0.06593174707641758,0
QN0103,Astoria (Central),Queens,2024-08,10.0283661757395,9.861376,0.1669903670236792,0
QN0103,Astoria (Central),Queens,2024-09,12.147239492176505,12.015377,0.1318624474987704,0
QN0103,Astoria (Central),Queens,2024-10,15.035292848142005,15.472223,-0.43693043371834683,0
QN0103,Astoria (Central),Queens,2025-03,12.640675743949505,12.480097,0.160578926932903,0
QN0103,Astoria (Central),Queens,2025-04,12.452008941801004,12.128352,0.3236567765788365,0
QN0103,Astoria (Central),Queens,2025-05,14.251599977679003,14.702898,-0.4512980478336921,0
QN0103,Astoria (Central),Queens,2025-06,10.158981654150002,10.158221,0.0007604093379907084,0
QN0103,Astoria (Central),Queens,2025-07,8.504518927617001,8.238351,0.26616805939190336,0
QN0103,Astoria (Central),Queens,2025-08,8.388416280141001,7.847495,0.540921201100474,0
QN0103,Astoria (Central),Queens,2025-09,12.437496110866505,12.375284,0.06221191592021569,0
QN0103,Astoria (Central),Queens,2025-10,11.915034197224502,11.769075,0.14595880354774415,0
QN0104,Astoria (East)-Woodside (North),Queens,2022-03,13.027856720913702,13.416504,-0.38864718533629805,0
QN0104,Astoria (East)-Woodside (North),Queens,2022-04,11.640009441366194,12.072558,-0.4325489616489424,0
QN0104,Astoria (East)-Woodside (North),Queens,2022-05,14.818627404200807,14.935072,-0.11644454098962242,0
QN0104,Astoria (East)-Woodside (North),Queens,2022-06,10.520777764311752,10.609807,-0.08902925015357965,0
QN0104,Astoria (East)-Woodside (North),Queens,2022-07,9.326930642120349,9.482437,-0.15550649166871366,0
QN0104,Astoria (East)-Woodside (North),Queens,2022-08,9.28216137503817,9.234558,0.04760326956941974,0
QN0104,Astoria (East)-Woodside (North),Queens,2022-09,14.027703685749003,14.603422,-0.575718479167989,0
QN0104,Astoria (East)-Woodside (North),Queens,2022-10,15.982628348337428,16.971355,-0.9887270898949936,0
QN0104,Astoria (East)-Woodside (North),Queens,2023-03,13.938165151584649,14.5341835,-0.5960183506126171,0
QN0104,Astoria (East)-Woodside (North),Queens,2023-04,16.40047484110442,17.041834,-0.6413590364590576,0
QN0104,Astoria (East)-Woodside (North),Queens,2023-05,13.89339588450247,14.383403,-0.49000693989938604,0
QN0104,Astoria (East)-Woodside (North),Queens,2023-06,12.893548919667168,12.772022,0.12152667235271508,0
QN0104,Astoria (East)-Woodside (North),Queens,2023-07,11.26693221568138,11.513285,-0.24635246754615991,0
QN0104,Astoria (East)-Woodside (North),Queens,2023-08,10.938624257078745,10.861228,0.07739626788196752,0
QN0104,Astoria (East)-Woodside (North),Queens,2023-09,13.565087925899832,13.536528,0.0285602922328394,0
QN0104,Astoria (East)-Woodside (North),Queens,2023-10,14.251550021159892,14.646952,-0.3954016542551475,0
QN0104,Astoria (East)-Woodside (North),Queens,2024-03,12.341394625653644,12.609761,-0.2683666124445008,0
QN0104,Astoria (East)-Woodside (North),Queens,2024-04,12.296625358571466,12.96951,-0.6728847198587093,0
QN0104,Astoria (East)-Woodside (North),Queens,2024-05,15.11708918474866,15.547753,-0.43066414929674934,0
QN0104,Astoria (East)-Woodside (North),Queens,2024-06,11.86385577677708,12.279436,-0.41558033467311617,0
QN0104,Astoria (East)-Woodside (North),Queens,2024-07,10.207392894736508,10.346824,-0.13943079758526977,0
QN0104,Astoria (East)-Woodside (North),Queens,2024-08,10.311854517928255,10.3638,-0.05194553089986975,0
QN0104,Astoria (East)-Woodside (North),Queens,2024-09,12.490625515927569,12.5395975,-0.04897199536393515,0
QN0104,Astoria (East)-Woodside (North),Queens,2024-10,15.460320232378688,16.03716,-0.5768406410343978,0
QN0104,Astoria (East)-Woodside (North),Queens,2025-03,12.998010542858916,13.025748,-0.02773771000973646,0
QN0104,Astoria (East)-Woodside (North),Queens,2025-04,12.804010385502814,12.483134,0.3208761157884581,0
QN0104,Astoria (East)-Woodside (North),Queens,2025-05,14.65447342489949,14.999655,-0.3451813449979717,0
QN0104,Astoria (East)-Woodside (North),Queens,2025-06,10.446162319174787,10.687615,-0.24145307541749794,0
QN0104,Astoria (East)-Woodside (North),Queens,2025-07,8.744930170052038,8.695537,0.04939355658768285,0
QN0104,Astoria (East)-Woodside (North),Queens,2025-08,8.625545457832898,8.323364,0.3021812000203976,0
QN0104,Astoria (East)-Woodside (North),Queens,2025-09,12.78908729647542,12.952526,-0.16343879605387635,0
QN0104,Astoria (East)-Woodside (North),Queens,2025-10,12.25185609148929,12.43585,-0.18399405194332807,0
QN0105,Queensbridge-Ravenswood-Dutch Kills,Queens,2022-03,19.468943693434262,19.054205,0.4147387526383639,0
QN0105,Queensbridge-Ravenswood-Dutch Kills,Queens,2022-04,17.394932509597627,17.531828,-0.13689541703811514,0
QN0105,Queensbridge-Ravenswood-Dutch Kills,Queens,2022-05,22.14508715644929,22.380835,-0.23574742301848417,0
QN0105,Queensbridge-Ravenswood-Dutch Kills,Queens,2022-06,15.72234284521324,16.058836,-0.336493138063128,0
QN0105,Queensbridge-Ravenswood-Dutch Kills,Queens,2022-07,13.938247203203224,14.006574,-0.06832647385976465,0
QN0105,Queensbridge-Ravenswood-Dutch Kills,Queens,2022-08,13.87134361662785,14.005498,-0.1341543158062315,0
QN0105,Queensbridge-Ravenswood-Dutch Kills,Queens,2022-09,20.96312379361765,20.395466,0.567657942787573,0
QN0105,Queensbridge-Ravenswood-Dutch Kills,Queens,2022-10,23.884580407409047,23.28085,0.6037309506219373,0
QN0105,Queensbridge-Ravenswood-Dutch Kills,Queens,2023-03,20.8293166204669,20.329807,0.49950933897276073,0
QN0105,Queensbridge-Ravenswood-Dutch Kills,Queens,2023-04,24.50901388211255,23.390085,1.1189286617756373,0
QN0105,Queensbridge-Ravenswood-Dutch Kills,Queens,2023-05,20.762413033891526,20.640621,0.1217918485887921,0
QN0105,Queensbridge-Ravenswood-Dutch Kills,Queens,2023-06,19.26823293370814,19.328783,-0.06055010157017904,0
QN0105,Queensbridge-Ravenswood-Dutch Kills,Queens,2023-07,16.837402621469497,16.778736,0.05866650696754405,0
QN0105,Queensbridge-Ravenswood-Dutch Kills,Queens,2023-08,16.346776319916742,16.403889,-0.05711238247583594,0
QN0105,Queensbridge-Ravenswood-Dutch Kills,Queens,2023-09,20.27178673233877,19.551098,0.7206888624657246,0
QN0105,Queensbridge-Ravenswood-Dutch Kills,Queens,2023-10,21.29764172649453,21.152071,0.1455707273490212,0
QN0105,Queensbridge-Ravenswood-Dutch Kills,Queens,2024-03,18.44308869927851,18.007511,0.43557756036249273,0
QN0105,Queensbridge-Ravenswood-Dutch Kills,Queens,2024-04,18.376185112703133,18.676085,-0.2998994057294837,0
QN0105,Queensbridge-Ravenswood-Dutch Kills,Queens,2024-05,22.59111106695179,22.244427,0.34668433965686773,0
QN0105,Queensbridge-Ravenswood-Dutch Kills,Queens,2024-06,17.729450442474505,17.427486,0.3019640227967706,0
QN0105,Queensbridge-Ravenswood-Dutch Kills,Queens,2024-07,15.25401773918561,15.427069,-0.17305097114153867,0
QN0105,Queensbridge-Ravenswood-Dutch Kills,Queens,2024-08,15.410126107861489,15.453237,-0.04311047203353091,0
QN0105,Queensbridge-Ravenswood-Dutch Kills,Queens,2024-09,18.66610065452976,18.879707,-0.21360668189602094,0
QN0105,Queensbridge-Ravenswood-Dutch Kills,Queens,2024-10,23.10403856402967,22.746489,0.3575499928626762,0
QN0105,Queensbridge-Ravenswood-Dutch Kills,Queens,2025-03,19.424341302384015,19.118662,0.30567942189085073,0
QN0105,Queensbridge-Ravenswood-Dutch Kills,Queens,2025-04,19.134425760557388,19.650738,-0.5163120018937839,0
QN0105,Queensbridge-Ravenswood-Dutch Kills,Queens,2025-05,21.89977400567291,21.478386,0.42138808037994124,0
QN0105,Queensbridge-Ravenswood-Dutch Kills,Queens,2025-06,15.610836867587611,16.19076,-0.5799227912258651,0
QN0105,Queensbridge-Ravenswood-Dutch Kills,Queens,2025-07,13.068500577723343,13.3194,-0.25089925595585605,0
QN0105,Queensbridge-Ravenswood-Dutch Kills,Queens,2025-08,12.890091013522344,13.181593,-0.2915019277618356,0
QN0105,Queensbridge-Ravenswood-Dutch Kills,Queens,2025-09,19.112124565032264,19.023048,0.08907616415335795,0
QN0105,Queensbridge-Ravenswood-Dutch Kills,Queens,2025-10,18.30928152612776,17.968039,0.3412429671677977,0
QN0201,Long Island City-Hunters Point,Queens,2022-03,19.67816852746228,20.101788,-0.42361903967639236,0
QN0201,Long Island City-Hunters Point,Queens,2022-04,17.581868787423343,18.43998,-0.8581107657993137,0
QN0201,Long Island City-Hunters Point,Queens,2022-05,22.3830714178351,22.528034,-0.14496279236997722,0
QN0201,Long Island City-Hunters Point,Queens,2022-06,15.89130448094033,16.09915,-0.20784522303916297,0
QN0201,Long Island City-Hunters Point,Queens,2022-07,14.088035887358448,14.398858,-0.31082218301508746,0
QN0201,Long Island City-Hunters Point,Queens,2022-08,14.020413315099129,14.037364,-0.016950690943351887,0
QN0201,Long Island City-Hunters Point,Queens,2022-09,21.188405974587106,20.99976,0.18864630051484,0
QN0201,Long Island City-Hunters Point,Queens,2022-10,24.141258296577433,23.642714,0.4985447498245037,0
QN0201,Long Island City-Hunters Point,Queens,2023-03,21.053160830068464,20.813217,0.23994366698252634,0
QN0201,Long Island City-Hunters Point,Queens,2023-04,24.772402304331095,23.914085,0.8583169161475013,0
QN0201,Long Island City-Hunters Point,Queens,2023-05,20.985538257809143,21.064817,-0.07927917077972424,0
QN0201,Long Island City-Hunters Point,Queens,2023-06,19.475300810684317,19.570662,-0.09536073411548784,0
QN0201,Long Island City-Hunters Point,Queens,2023-07,17.018347351929005,16.635689,0.38265857019072413,0
QN0201,Long Island City-Hunters Point,Queens,2023-08,16.522448488693986,16.45913,0.06331915519789177,0
QN0201,Long Island City-Hunters Point,Queens,2023-09,20.489639394574127,20.070799,0.41884052067275945,0
QN0201,Long Island City-Hunters Point,Queens,2023-10,21.526518835883707,21.299498,0.22702123151358933,0
QN0201,Long Island City-Hunters Point,Queens,2024-03,18.641289086152696,18.94902,-0.3077312995894914,0
QN0201,Long Island City-Hunters Point,Queens,2024-04,18.573666513893375,19.527649,-0.9539824118878748,0
QN0201,Long Island City-Hunters Point,Queens,2024-05,22.83388856623057,22.347967,0.4859214184034215,0
QN0201,Long Island City-Hunters Point,Queens,2024-06,17.919981648719943,17.594269,0.3257128498918185,0
QN0201,Long Island City-Hunters Point,Queens,2024-07,15.417946475125085,15.481809,-0.06386218728946602,0
QN0201,Long Island City-Hunters Point,Queens,2024-08,15.575732477063498,15.523226,0.05250669276174058,0
QN0201,Long Island City-Hunters Point,Queens,2024-09,18.866697660350432,19.17594,-0.30924189958609105,0
QN0201,Long Island City-Hunters Point,Queens,2024-10,23.352328286885363,23.054882,0.29744623732481656,0
QN0201,Long Island City-Hunters Point,Queens,2025-03,19.633086812622732,19.995562,-0.36247478710871306,0
QN0201,Long Island City-Hunters Point,Queens,2025-04,19.340055666165675,19.796385,-0.4563291452356921,0
QN0201,Long Island City-Hunters Point,Queens,2025-05,22.13512198621759,21.8047,0.3304211347771613,0
QN0201,Long Island City-Hunters Point,Queens,2025-06,15.77860019384146,16.165895,-0.3872952681946735,0
QN0201,Long Island City-Hunters Point,Queens,2025-07,13.20894244798728,13.327022,-0.11807915082863829,0
QN0201,Long Island City-Hunters Point,Queens,2025-08,13.028615588629092,12.945471,0.08314477869256898,0
QN0201,Long Island City-Hunters Point,Queens,2025-09,19.3175148087459,19.317291,0.00022354898027643344,0
QN0201,Long Island City-Hunters Point,Queens,2025-10,18.506043941634054,18.631203,-0.12515875611985194,0
QN0202,Sunnyside,Queens,2022-03,16.042493680627416,16.489752,-0.44725813516848234,0
QN0202,Sunnyside,Queens,2022-04,14.33349950846436,14.432658,-0.09915868703124531,0
QN0202,Sunnyside,Queens,2022-05,18.247647451160397,18.120821,0.12682645201488896,0
QN0202,Sunnyside,Queens,2022-06,12.955278401881248,13.052864,-0.09758567282578312,0
QN0202,Sunnyside,Queens,2022-07,11.485175888192597,11.664274,-0.17909832750564547,0
QN0202,Sunnyside,Queens,2022-08,11.430047043929273,11.6719055,-0.24185847364885227,0
QN0202,Sunnyside,Queens,2022-09,17.273704535841663,17.312113,-0.038408272385876074,0
QN0202,Sunnyside,Queens,2022-10,19.68099740200683,19.520159,0.1608386343066357,0
QN0202,Sunnyside,Queens,2023-03,17.163446847315015,17.24212,-0.07867389548283654,0
QN0202,Sunnyside,Queens,2023-04,20.19553328179786,19.724201,0.47133207940528266,0
QN0202,Sunnyside,Queens,2023-05,17.10831800305169,17.241837,-0.13351854479987324,0
QN0202,Sunnyside,Queens,2023-06,15.877107147837444,15.817342,0.059765343333049614,0
QN0202,Sunnyside,Queens,2023-07,13.874092472936656,13.766096,0.10799635782435146,0
QN0202,Sunnyside,Queens,2023-08,13.469814281672276,13.538323,-0.06850912073250903,0
QN0202,Sunnyside,Queens,2023-09,16.70403981178731,16.554623,0.14941716164082663,0
QN0202,Sunnyside,Queens,2023-10,17.549348757158285,17.649986,-0.10063750993155907,0
QN0202,Sunnyside,Queens,2024-03,15.197184735256442,15.358814,-0.1616295042455107,0
QN0202,Sunnyside,Queens,2024-04,15.142055890993118,15.267876,-0.1258197803936003,0
QN0202,Sunnyside,Queens,2024-05,18.61517307958256,18.408245,0.20692799291263952,0
QN0202,Sunnyside,Queens,2024-06,14.609143729780982,14.380302,0.2288413005817631,0
QN0202,Sunnyside,Queens,2024-07,12.569376492037977,12.807123,-0.23774669216612487,0
QN0202,Sunnyside,Queens,2024-08,12.698010461985731,12.733667,-0.035656911671495095,0
QN0202,Sunnyside,Queens,2024-09,15.380947549467525,15.271196,0.10975118411107943,0
QN0202,Sunnyside,Queens,2024-10,19.03782755226805,18.713879,0.32394892067625136,0
QN0202,Sunnyside,Queens,2025-03,16.005741117785202,15.77658,0.22916126091264388,0
QN0202,Sunnyside,Queens,2025-04,15.766849459310796,15.652476,0.11437314858081571,0
QN0202,Sunnyside,Queens,2025-05,18.04550835552821,17.826511,0.2189969724715688,0
QN0202,Sunnyside,Queens,2025-06,12.863396994775709,12.993566,-0.13016856461149828,0
QN0202,Sunnyside,Queens,2025-07,10.768500912769378,10.869984,-0.1014827603263253,0
QN0202,Sunnyside,Queens,2025-08,10.621490661400513,10.715502,-0.09401112387780763,0
QN0202,Sunnyside,Queens,2025-09,15.748473177889688,15.51736,0.23111344430814462,0
QN0202,Sunnyside,Queens,2025-10,15.086927046729794,15.52445,-0.437523255394229,0
QN0203,Woodside,Queens,2022-03,14.49277348450302,14.541898,-0.04912428923965528,0
QN0203,Woodside,Queens,2022-04,12.948869779968335,13.177911,-0.22904102478019972,0
QN0203,Woodside,Queens,2022-05,16.484907296805844,16.983923,-0.4990156615681798,0
QN0203,Woodside,Queens,2022-06,11.703786147279072,11.711917,-0.008130776243877591,0
QN0203,Woodside,Queens,2022-07,10.375696939077192,10.439487,-0.06379051819819814,0
QN0203,Woodside,Queens,2022-08,10.32589359376962,10.219503,0.10639019105965986,0
QN0203,Woodside,Queens,2022-09,15.605048196372096,15.980615,-0.37556646579831465,0
QN0203,Woodside,Queens,2022-10,17.779794274802676,18.467321,-0.6875271210713478,0
QN0203,Woodside,Queens,2023-03,15.505441505756956,15.540772,-0.03533093229236073,0
QN0203,Woodside,Queens,2023-04,18.244625497673333,18.573183,-0.32855756201904995,0
QN0203,Woodside,Queens,2023-05,15.455638160449384,16.026356,-0.5707175829588191,0
QN0203,Woodside,Queens,2023-06,14.343363448580307,14.256478,0.08688513894895955,0
QN0203,Woodside,Queens,2023-07,12.533841902405248,12.381615,0.15222721734665434,0
QN0203,Woodside,Queens,2023-08,12.16861737014973,11.985821,0.18279659988605879,0
QN0203,Woodside,Queens,2023-09,15.090413628193868,15.101774,-0.011360587504373854,0
QN0203,Woodside,Queens,2023-10,15.854064922909949,15.986214,-0.13214876117208263,0
QN0203,Woodside,Queens,2024-03,13.72912218978694,13.713867,0.015255002286940211,0
QN0203,Woodside,Queens,2024-04,13.67931884447937,14.006473,-0.3271537431060789,0
QN0203,Woodside,Queens,2024-05,16.816929598856312,17.412102,-0.5951721467491566,0
QN0203,Woodside,Queens,2024-06,13.197886506506189,13.063543,0.13434318680404012,0
QN0203,Woodside,Queens,2024-07,11.35516273012608,11.384899,-0.029736409278216414,0
QN0203,Woodside,Queens,2024-08,11.471370535843745,11.333661,0.1377094564370065,0
QN0203,Woodside,Queens,2024-09,13.895133340812174,13.757363,0.13777002141520178,0
QN0203,Woodside,Queens,2024-10,17.198755246214354,17.847248,-0.6484928311782241,0
QN0203,Woodside,Queens,2025-03,14.459571254297977,14.427529,0.032041919276004194,0
QN0203,Woodside,Queens,2025-04,14.24375675796517,14.300036,-0.05627967239371756,0
QN0203,Woodside,Queens,2025-05,16.302295030678085,17.011982,-0.7096869334332432,0
QN0203,Woodside,Queens,2025-06,11.620780571766456,11.5362215,0.08455906755503051,0
QN0203,Woodside,Queens,2025-07,9.728253450078777,9.533969,0.1942845246027023,0
QN0203,Woodside,Queens,2025-08,9.595444529258588,9.283476,0.3119686534040955,0
QN0203,Woodside,Queens,2025-09,14.227155642862645,14.040926,0.18622966324838686,0
QN0203,Woodside,Queens,2025-10,13.6295154991718,13.645522,-0.016006618442945708,0
QN0301,Jackson Heights,Queens,2022-03,13.02618243811151,13.192539,-0.16635677697638052,0
QN0301,Jackson Heights,Queens,2022-04,11.638513518587605,11.54484,0.09367365957881546,0
QN0301,Jackson Heights,Queens,2022-05,14.81672297943268,15.352036,-0.5353134967025746,0
QN0301,Jackson Heights,Queens,2022-06,10.519425680261872,10.375124,0.14430170260073893,0
QN0301,Jackson Heights,Queens,2022-07,9.325731986047758,9.1372385,0.18849348354531692,0
QN0301,Jackson Heights,Queens,2022-08,9.28096847251473,9.023868,0.25710086539803,0
QN0301,Jackson Heights,Queens,2022-09,14.02590090701583,14.3545475,-0.328646593594522,0
QN0301,Jackson Heights,Queens,2022-10,15.98057433129144,16.183605,-0.20303086280035743,0
QN0301,Jackson Heights,Queens,2023-03,13.936373879949771,14.009961,-0.07358724828509189,0
QN0301,Jackson Heights,Queens,2023-04,16.39836712426638,17.139238,-0.7408712332775664,0
QN0301,Jackson Heights,Queens,2023-05,13.89161036641674,14.096635,-0.2050244983903884,0
QN0301,Jackson Heights,Queens,2023-06,12.89189189751242,12.771457,0.12043517906759504,0
QN0301,Jackson Heights,Queens,2023-07,11.265484239145692,11.396546,-0.131062124684874,0
QN0301,Jackson Heights,Queens,2023-08,10.937218473236811,10.886065,0.051153943817865866,0
QN0301,Jackson Heights,Queens,2023-09,13.56334460050786,13.781045,-0.21770035951411337,0
QN0301,Jackson Heights,Queens,2023-10,14.249718474680977,14.610392,-0.3606731421403122,0
QN0301,Jackson Heights,Queens,2024-03,12.339808563938394,12.36955,-0.029741187343343967,0
QN0301,Jackson Heights,Queens,2024-04,12.295045050405363,12.283436,0.011609228872160315,0
QN0301,Jackson Heights,Queens,2024-05,15.115146402986207,15.423836,-0.308689351408324,0
QN0301,Jackson Heights,Queens,2024-06,11.862331086252748,12.132501,-0.2701695622457869,0
QN0301,Jackson Heights,Queens,2024-07,10.206081085530666,10.188982,0.017099075642970973,0
QN0301,Jackson Heights,Queens,2024-08,10.310529283774402,10.420493,-0.10996384214112531,0
QN0301,Jackson Heights,Queens,2024-09,12.48902027571516,11.979428,0.5095919843943584,0
QN0301,Jackson Heights,Queens,2024-10,15.458333340072764,15.716592,-0.2582584949492084,0
QN0301,Jackson Heights,Queens,2025-03,12.996340095756157,12.723916,0.27242404198418413,0
QN0301,Jackson Heights,Queens,2025-04,12.802364870446365,12.749794,0.05257086409870837,0
QN0301,Jackson Heights,Queens,2025-05,14.65259009647824,14.747939,-0.09534901332400558,0
QN0301,Jackson Heights,Queens,2025-06,10.44481982437349,10.321846,0.12297381607270808,0
QN0301,Jackson Heights,Queens,2025-07,8.743806310118378,8.571886,0.17192024749630797,0
QN0301,Jackson Heights,Queens,2025-08,8.624436940696967,8.5474,0.07703646614862691,0
QN0301,Jackson Heights,Queens,2025-09,12.787443699268689,12.64735,0.14009338798939197,0
QN0301,Jackson Heights,Queens,2025-10,12.250281536872336,12.185301,0.06498070984596893,0
QN0302,East Elmhurst,Queens,2022-03,17.868369678703562,17.86941,-0.0010398824536643758,0
QN0302,East Elmhurst,Queens,2022-04,15.964866379597684,15.99586,-0.030993720194796737,0
QN0302,East Elmhurst,Queens,2022-05,20.324502967872434,20.493185,-0.16868207546252734,0
QN0302,East Elmhurst,Queens,2022-06,14.429783073867137,14.713291,-0.28350809434575375,0
QN0302,East Elmhurst,Queens,2022-07,12.792360881087887,12.858789,-0.06642856288183907,0
QN0302,East Elmhurst,Queens,2022-08,12.730957548858663,12.983138,-0.2521805355529576,0
QN0302,East Elmhurst,Queens,2022-09,19.239710765156183,19.328676,-0.08896545859870031,0
QN0302,East Elmhurst,Queens,2022-10,21.920989605832204,21.963224,-0.04223480517853773,0
QN0302,East Elmhurst,Queens,2023-03,19.116904100697734,18.862427,0.2544773428852345,0
QN0302,East Elmhurst,Queens,2023-04,22.49408737330494,21.599607,0.8944799056535722,0
QN0302,East Elmhurst,Queens,2023-05,19.055500768468516,19.415197,-0.3596966039680076,0
QN0302,East Elmhurst,Queens,2023-06,17.684159682015895,16.958181,0.7259783007903096,0
QN0302,East Elmhurst,Queens,2023-07,15.453171944354168,15.0105095,0.44266245338737065,0
QN0302,East Elmhurst,Queens,2023-08,15.002880841339874,14.443241,0.5596397219551079,0
QN0302,East Elmhurst,Queens,2023-09,18.605209665454225,18.72456,-0.11935011848132149,0
QN0302,East Elmhurst,Queens,2023-10,19.54672742630229,18.889074,0.6576531007407667,0
QN0302,East Elmhurst,Queens,2024-03,16.926851917855494,16.64265,0.28420131360744705,0
QN0302,East Elmhurst,Queens,2024-04,16.86544858562627,17.183374,-0.31792581928095487,0
QN0302,East Elmhurst,Queens,2024-05,20.733858516067247,20.674278,0.05958025678990353,0
QN0302,East Elmhurst,Queens,2024-06,16.27188304074379,15.711499,0.560383826571428,0
QN0302,East Elmhurst,Queens,2024-07,13.999959748262585,14.330588,-0.3306285924966925,0
QN0302,East Elmhurst,Queens,2024-08,14.143234190130768,13.948979,0.19425481238418563,0
QN0302,East Elmhurst,Queens,2024-09,17.1315296919529,17.63492,-0.5033904282863588,0
QN0302,East Elmhurst,Queens,2024-10,21.204617396491283,21.004852,0.1997651015694082,0
QN0302,East Elmhurst,Queens,2025-03,17.82743412388408,17.456713,0.370721401105758,0
QN0302,East Elmhurst,Queens,2025-04,17.56135301755745,17.675978,-0.11462468935172865,0
QN0302,East Elmhurst,Queens,2025-05,20.099357416365287,20.200596,-0.10123843934760401,0
QN0302,East Elmhurst,Queens,2025-06,14.327444186818434,14.36989,-0.042446026194260966,0
QN0302,East Elmhurst,Queens,2025-07,11.994117562108004,11.871069,0.1230486076402304,0
QN0302,East Elmhurst,Queens,2025-08,11.830375342830076,11.854379,-0.02400335742627213,0
QN0302,East Elmhurst,Queens,2025-09,17.54088524014771,16.782461,0.7584240737658732,0
QN0302,East Elmhurst,Queens,2025-10,16.80404525339705,16.696705,0.10734038889509634,0
QN0303,North Corona,Queens,2022-03,15.402998338518266,15.174421,0.22857702809346137,0
QN0303,North Corona,Queens,2022-04,13.762129099707042,13.811667,-0.04953834261473489,0
QN0303,North Corona,Queens,2022-05,17.520248969242427,17.478998,0.04125078503832569,0
QN0303,North Corona,Queens,2022-06,12.438847455504442,12.72258,-0.28373250055024535,0
QN0303,North Corona,Queens,2022-07,11.027347035021668,11.061868,-0.034520678906554636,0
QN0303,North Corona,Queens,2022-08,10.974415769253564,10.685581,0.2888345619781738,0
QN0303,North Corona,Queens,2022-09,16.58512994067259,16.475204,0.10992547289915322,0
QN0303,North Corona,Queens,2022-10,18.89646187921313,19.164976,-0.26851424078198605,0
QN0303,North Corona,Queens,2023-03,16.47926740913638,16.34353,0.13573675422915343,0
QN0303,North Corona,Queens,2023-04,19.3904870263821,19.256886,0.13360149781764719,0
QN0303,North Corona,Queens,2023-05,16.426336143368278,16.471476,-0.045139457828010876,0
QN0303,North Corona,Queens,2023-06,15.244204541213955,15.163665,0.0805397234038967,0
QN0303,North Corona,Queens,2023-07,13.321035218306177,13.291264,0.029771637983911248,0
QN0303,North Corona,Queens,2023-08,12.932872602673411,12.911939,0.02093393537604804,0
QN0303,North Corona,Queens,2023-09,16.038173527735516,15.715568,0.32260593892936384,0
QN0303,North Corona,Queens,2023-10,16.84978626951311,16.872885,-0.02309848085310051,0
QN0303,North Corona,Queens,2024-03,14.591385596740672,14.292959,0.2984263834838359,0
QN0303,North Corona,Queens,2024-04,14.538454330972568,14.701626,-0.16317149300204115,0
QN0303,North Corona,Queens,2024-05,17.87312407436312,17.856653,0.016470860862142445,0
QN0303,North Corona,Queens,2024-06,14.026785428547562,14.076896,-0.05011028525859018,0
QN0303,North Corona,Queens,2024-07,12.068328595127712,12.08753,-0.019201540980686715,0
QN0303,North Corona,Queens,2024-08,12.191834881919958,11.963246,0.22858853639993804,0
QN0303,North Corona,Queens,2024-09,14.767823149301018,14.749066,0.018756796456779412,0
QN0303,North Corona,Queens,2024-10,18.278930445251916,18.443739,-0.16480849212601356,0
QN0303,North Corona,Queens,2025-03,15.367710828006198,14.838053,0.5296580783724085,0
QN0303,North Corona,Queens,2025-04,15.138342009677746,14.98106,0.15728198160157447,0
QN0303,North Corona,Queens,2025-05,17.326167661426044,17.434622,-0.10845414948704146,0
QN0303,North Corona,Queens,2025-06,12.350628679224268,12.655132,-0.30450361447690355,0
QN0303,North Corona,Queens,2025-07,10.339240580036316,10.142308,0.19693234486785904,0
QN0303,North Corona,Queens,2025-08,10.19809053798804,9.836529,0.36156175991186856,0
QN0303,North Corona,Queens,2025-09,15.120698254421711,14.94875,0.1719487121853831,0
QN0303,North Corona,Queens,2025-10,14.485523065204465,14.45439,0.031133493060909956,0
QN0401,Elmhurst,Queens,2022-03,16.18940695349919,16.16258,0.02682646338688599,0
QN0401,Elmhurst,Queens,2022-04,14.464762226494123,14.3646755,0.10008670464353742,0
QN0401,Elmhurst,Queens,2022-05,18.41475498834444,18.189775,0.22497952142549593,0
QN0401,Elmhurst,Queens,2022-06,13.073919704715845,12.992762,0.0811580927773683,0
QN0401,Elmhurst,Queens,2022-07,11.590354348152342,11.576176,0.014178658455076487,0
QN0401,Elmhurst,Queens,2022-08,11.534720647281212,11.475631,0.05908988708834073,0
QN0401,Elmhurst,Queens,2022-09,17.43189293962112,17.331825,0.10006768327346549,0
QN0401,Elmhurst,Queens,2022-10,19.861231210993857,19.638468,0.22276342229756807,0
QN0401,Elmhurst,Queens,2023-03,17.32062553787886,17.003202,0.317423099524369,0
QN0401,Elmhurst,Queens,2023-04,20.38047908579108,19.944466,0.436013448584049,0
QN0401,Elmhurst,Queens,2023-05,17.26499183700773,17.164677,0.10031517074796525,0
QN0401,Elmhurst,Queens,2023-06,16.0225058508858,15.719925,0.3025809241279873,0
QN0401,Elmhurst,Queens,2023-07,14.00114805256803,13.65236,0.3487880901046516,0
QN0401,Elmhurst,Queens,2023-08,13.593167579513068,13.448542,0.14462593827771641,0
QN0401,Elmhurst,Queens,2023-09,16.85701136395277,16.507236,0.3497748832398777,0
QN0401,Elmhurst,Queens,2023-10,17.71006144397678,17.670475,0.03958643787326466,0
QN0401,Elmhurst,Queens,2024-03,15.33635687347518,15.28716,0.049196953736410975,0
QN0401,Elmhurst,Queens,2024-04,15.280723172604048,15.145876,0.13484724181791563,0
QN0401,Elmhurst,Queens,2024-05,18.785646327485317,18.495152,0.2904948077099263,0
QN0401,Elmhurst,Queens,2024-06,14.74293073084978,14.341348,0.40158303645280746,0
QN0401,Elmhurst,Queens,2024-07,12.684483798617924,12.636253,0.048230441684330216,0
QN0401,Elmhurst,Queens,2024-08,12.81429576731723,12.650061,0.1642351136307063,0
QN0401,Elmhurst,Queens,2024-09,15.521802543045617,15.222888,0.29891455018672985,0
QN0401,Elmhurst,Queens,2024-10,19.212171367497323,18.986656,0.22551517853247915,0
QN0401,Elmhurst,Queens,2025-03,16.152317819585104,15.749968,0.40235024451186163,0
QN0401,Elmhurst,Queens,2025-04,15.911238449143536,15.797133,0.1141050034037896,0
QN0401,Elmhurst,Queens,2025-05,18.21076475181696,17.98011,0.23065458335992872,0
QN0401,Elmhurst,Queens,2025-06,12.981196869930624,12.929011,0.05218552502095619,0
QN0401,Elmhurst,Queens,2025-07,10.867116236827636,10.796863,0.07025363459374923,0
QN0401,Elmhurst,Queens,2025-08,10.718759701171289,10.632614,0.08614556542910101,0
QN0401,Elmhurst,Queens,2025-09,15.892693882186492,15.525731,0.36696279545553523,0
QN0401,Elmhurst,Queens,2025-10,15.225089471732918,15.401321,-0.17623193939989434,0
QN0402,Corona,Queens,2022-03,18.074266119209145,18.214306,-0.1400397584764015,0
QN0402,Corona,Queens,2022-04,16.148828835032226,16.571682,-0.42285314128613294,0
QN0402,Corona,Queens,2022-05,20.55870132459872,20.806324,-0.24762268052823444,0
QN0402,Corona,Queens,2022-06,14.596056831663743,14.698705,-0.1026478878797139,0
QN0402,Corona,Queens,2022-07,12.939766694737362,12.929816,0.009950448704646675,0
QN0402,Corona,Queens,2022-08,12.87765581460262,12.893645,-0.01598947195743783,0
QN0402,Corona,Queens,2022-09,19.46140910888499,19.46867,-0.007260782472432226,0
QN0402,Corona,Queens,2022-10,22.173584208101943,21.951046,0.22253821811170837,0
QN0402,Corona,Queens,2023-03,19.33718734861551,19.16342,0.1737676251047695,0
QN0402,Corona,Queens,2023-04,22.753285756026173,22.219187,0.5340989731892591,0
QN0402,Corona,Queens,2023-05,19.275076468480773,19.617107,-0.34203092287664916,0
QN0402,Corona,Queens,2023-06,17.88793347880493,17.663912,0.22402165934692064,0
QN0402,Corona,Queens,2023-07,15.631238167242731,15.578813,0.0524255680606025,0
QN0402,Corona,Queens,2023-08,15.175758379587975,15.269135,-0.09337709557071605,0
QN0402,Corona,Queens,2023-09,18.819596680826017,18.49715,0.32244625968343854,0
QN0402,Corona,Queens,2023-10,19.771963509558688,19.549688,0.22227517032528965,0
QN0402,Corona,Queens,2024-03,17.121899290476474,16.983276,0.13862292328897396,0
QN0402,Corona,Queens,2024-04,17.059788410341735,17.562132,-0.5023434713721322,0
QN0402,Corona,Queens,2024-05,20.972773858830315,20.764448,0.20832569293676073,0
QN0402,Corona,Queens,2024-06,16.45938323570592,15.986233,0.47315047813756195,0
QN0402,Corona,Queens,2024-07,14.161280670720569,14.12637,0.03491024072789273,0
QN0402,Corona,Queens,2024-08,14.306206057701626,14.235934,0.0702718001943019,0
QN0402,Corona,Queens,2024-09,17.328935557592274,17.072561,0.25637429355418817,0
QN0402,Corona,Queens,2024-10,21.448957273196648,21.297922,0.15103513879723351,0
QN0402,Corona,Queens,2025-03,18.032858865785983,17.99961,0.033247964907076266,0
QN0402,Corona,Queens,2025-04,17.763711718535447,18.172817,-0.4091055116891624,0
QN0402,Corona,Queens,2025-05,20.330961430771342,20.358742,-0.027780329482563815,0
QN0402,Corona,Queens,2025-06,14.492538698105845,14.629083,-0.13654398164269033,0
QN0402,Corona,Queens,2025-07,12.13232525298575,12.241639,-0.10931388428231692,0
QN0402,Corona,Queens,2025-08,11.96669623929311,12.098512,-0.13181545656870597,0
QN0402,Corona,Queens,2025-09,17.743008091823867,17.30322,0.4397873429225001,0
QN0402,Corona,Queens,2025-10,16.997677530206996,17.009247,-0.01156929596487899,0
QN0501,Maspeth,Queens,2022-03,15.666264180101338,15.816091,-0.14982640369993128,0
QN0501,Maspeth,Queens,2022-04,13.9973494392658,14.025118,-0.02776843487970737,0
QN0501,Maspeth,Queens,2022-05,17.819702555373,17.780846,0.03885691328315488,0
QN0501,Maspeth,Queens,2022-06,12.651450454721012,12.6237135,0.027736961373843627,0
QN0501,Maspeth,Queens,2022-07,11.215824871206571,11.241468,-0.025643558358858343,0
QN0501,Maspeth,Queens,2022-08,11.161988911824778,11.078204,0.08378475685651665,0
QN0501,Maspeth,Queens,2022-09,16.86860060629468,16.779768,0.08883261618237626,0
QN0501,Maspeth,Queens,2022-10,19.21943749929958,19.138968,0.08046998526149451,0
QN0501,Maspeth,Queens,2023-03,16.7609286875311,16.668852,0.09207683511410636,0
QN0501,Maspeth,Queens,2023-04,19.72190645352963,19.791025,-0.06911870821353361,0
QN0501,Maspeth,Queens,2023-05,16.70709272814931,16.735336,-0.028243575561628376,0
QN0501,Maspeth,Queens,2023-06,15.504756301955965,15.31287,0.19188627632119903,0
QN0501,Maspeth,Queens,2023-07,13.548716444417538,13.5642,-0.015483956888614259,0
QN0501,Maspeth,Queens,2023-08,13.153919408951063,13.224346,-0.0704267519376085,0
QN0501,Maspeth,Queens,2023-09,16.312295692682834,16.434227,-0.12193129706325934,0
QN0501,Maspeth,Queens,2023-10,17.13778040320364,17.185856,-0.04807546227487691,0
QN0501,Maspeth,Queens,2024-03,14.840779469580534,14.796014,0.0447656374882488,0
QN0501,Maspeth,Queens,2024-04,14.786943510198745,14.82416,-0.03721611199363828,0
QN0501,Maspeth,Queens,2024-05,18.178608951251608,18.026423,0.15218645064125624,0
QN0501,Maspeth,Queens,2024-06,14.266529236174758,14.290095,-0.023566093109909758,0
QN0501,Maspeth,Queens,2024-07,12.274598739048471,12.238829,0.03577007999085424,0
QN0501,Maspeth,Queens,2024-08,12.400215977605985,12.539492,-0.139275675836398,0
QN0501,Maspeth,Queens,2024-09,15.02023266751984,14.723721,0.29651211698273094,0
QN0501,Maspeth,Queens,2024-10,18.59135130651201,18.545012,0.04633978612626777,0
QN0501,Maspeth,Queens,2025-03,15.630373540513476,15.341992,0.288381162278613,0
QN0501,Maspeth,Queens,2025-04,15.39708438319238,15.371912,0.025172380628903923,0
QN0501,Maspeth,Queens,2025-05,17.622304037639765,17.470898,0.15140636307921795,0
QN0501,Maspeth,Queens,2025-06,12.561723855751358,12.494675,0.06704917313417091,0
QN0501,Maspeth,Queens,2025-07,10.51595739924328,10.666083,-0.1501259366331844,0
QN0501,Maspeth,Queens,2025-08,10.372394840891836,10.738135,-0.3657404969377538,0
QN0501,Maspeth,Queens,2025-09,15.37913906339845,15.350183,0.028956530134289338,0
QN0501,Maspeth,Queens,2025-10,14.733107550816952,14.821966,-0.08885862044769688,0
QN0502,Ridgewood,Queens,2022-03,13.709491542224988,14.0219965,-0.3125049558829218,0
QN0502,Ridgewood,Queens,2022-04,12.249030243912358,12.377519,-0.12848840995727073,0
QN0502,Ridgewood,Queens,2022-05,15.59395773359612,15.504918,0.08903963514641333,0
QN0502,Ridgewood,Queens,2022-06,11.0712388743054,11.253893,-0.18265402425416966,0
QN0502,Ridgewood,Queens,2022-07,9.81492808005798,10.029613,-0.21468446114075057,0
QN0502,Ridgewood,Queens,2022-08,9.7678164252737,9.858506,-0.09068977742405337,0
QN0502,Ridgewood,Queens,2022-09,14.7616518324072,15.210448,-0.4487964326684839,0
QN0502,Ridgewood,Queens,2022-10,16.818860757987352,17.113504,-0.29464365180268715,0
QN0502,Ridgewood,Queens,2023-03,14.667428522838645,14.78449,-0.11706110881418752,0
QN0502,Ridgewood,Queens,2023-04,17.25856953597395,17.380922,-0.12235278153093176,0
QN0502,Ridgewood,Queens,2023-05,14.620316868054369,14.582124,0.03819311164567729,0
QN0502,Ridgewood,Queens,2023-06,13.56815657787215,13.35225,0.21590647869002133,0
QN0502,Ridgewood,Queens,2023-07,11.856433120710038,11.748965,0.10746785734333919,0
QN0502,Ridgewood,Queens,2023-08,11.510947652291998,11.598591,-0.08764319853808011,0
QN0502,Ridgewood,Queens,2023-09,14.274831399636325,14.206125,0.06870614023691068,0
QN0502,Ridgewood,Queens,2023-10,14.997210106328591,15.264155,-0.2669452815498268,0
QN0502,Ridgewood,Queens,2024-03,12.987112835532718,13.13604,-0.14892689835400041,0
QN0502,Ridgewood,Queens,2024-04,12.94000118074844,13.113024,-0.17302257718612957,0
QN0502,Ridgewood,Queens,2024-05,15.908035432157972,16.103912,-0.19587692135765344,0
QN0502,Ridgewood,Queens,2024-06,12.48458851783375,12.673715,-0.18912611992259798,0
QN0502,Ridgewood,Queens,2024-07,10.741457290815452,10.996685,-0.2552277372607197,0
QN0502,Ridgewood,Queens,2024-08,10.851384485312105,10.888961,-0.03757635300576645,0
QN0502,Ridgewood,Queens,2024-09,13.144151684813648,13.036568,0.10758399682536712,0
QN0502,Ridgewood,Queens,2024-10,16.269224785504107,16.374496,-0.10527167445683006,0
QN0502,Ridgewood,Queens,2025-03,13.6780837723688,13.39252,0.2855638215020999,0
QN0502,Ridgewood,Queens,2025-04,13.473933268303597,13.312555,0.16137795519324527,0
QN0502,Ridgewood,Queens,2025-05,15.421214999387097,15.451816,-0.030600605776477607,0
QN0502,Ridgewood,Queens,2025-06,10.992719449664936,11.152748,-0.1600286582452206,0
QN0502,Ridgewood,Queens,2025-07,9.202476567862362,9.153557,0.048919744131893594,0
QN0502,Ridgewood,Queens,2025-08,9.07684548843762,8.908727,0.1681187962379127,0
QN0502,Ridgewood,Queens,2025-09,13.4582293833755,13.314844,0.143385251905773,0
QN0502,Ridgewood,Queens,2025-10,12.89288952596416,13.154327,-0.2614378666139654,0
QN0503,Glendale,Queens,2022-03,13.362188807221097,13.493867,-0.1316781132500946,0
QN0503,Glendale,Queens,2022-04,11.93872539476799,11.841208,0.09751693682121321,0
QN0503,Glendale,Queens,2022-05,15.198915791031556,15.198722,0.0001939053504038668,0
QN0503,Glendale,Queens,2022-06,10.790771029886452,10.622064,0.16870739310666671,0
QN0503,Glendale,Queens,2022-07,9.566286374012812,9.549246,0.01704053966222574,0
QN0503,Glendale,Queens,2022-08,9.52036819941755,9.367409,0.15295944697614416,0
QN0503,Glendale,Queens,2022-09,14.38769470651527,14.509988,-0.1222931246004535,0
QN0503,Glendale,Queens,2022-10,16.392788330508356,16.669306,-0.2765174708832454,0
QN0503,Glendale,Queens,2023-03,14.295858357324748,14.459443,-0.163584735021443,0
QN0503,Glendale,Queens,2023-04,16.82135796006413,17.363379,-0.5420205647161431,0
QN0503,Glendale,Queens,2023-05,14.249940182729484,14.159471,0.09046962456297969,0
QN0503,Glendale,Queens,2023-06,13.224434283435311,12.887606,0.33682861632105343,0
QN0503,Glendale,Queens,2023-07,11.556073939807478,11.480459,0.07561472655064172,0
QN0503,Glendale,Queens,2023-08,11.219340659442226,11.198229,0.021111823382655714,0
QN0503,Glendale,Queens,2023-09,13.913206902364234,13.961933,-0.048726233622094384,0
QN0503,Glendale,Queens,2023-10,14.617285579491575,14.854246,-0.2369605600347917,0
QN0503,Glendale,Queens,2024-03,12.658110130093752,12.787677,-0.1295666811245102,0
QN0503,Glendale,Queens,2024-04,12.612191955498492,12.506693,0.10549906914595297,0
QN0503,Glendale,Queens,2024-05,15.505036954999966,15.702614,-0.19757687556644044,0
QN0503,Glendale,Queens,2024-06,12.168316267744297,12.329514,-0.16119728206039063,0
QN0503,Glendale,Queens,2024-07,10.46934380771962,10.477185,-0.007841441608993804,0
QN0503,Glendale,Queens,2024-08,10.576486215108565,10.640754,-0.06426753092415005,0
QN0503,Glendale,Queens,2024-09,12.811170712077958,12.670092,0.1410790830496378,0
QN0503,Glendale,Queens,2024-10,15.857076293563638,16.064604,-0.20752751197835373,0
QN0503,Glendale,Queens,2025-03,13.331576690824257,13.376959,-0.04538215622164188,0
QN0503,Glendale,Queens,2025-04,13.132597934244789,12.901029,0.23156930112711294,0
QN0503,Glendale,Queens,2025-05,15.03054915084893,14.718565,0.3119841636663132,0
QN0503,Glendale,Queens,2025-06,10.71424073889435,10.545577,0.16866368963897926,0
QN0503,Glendale,Queens,2025-07,8.969350104274413,8.867318,0.10203195089306583,0
QN0503,Glendale,Queens,2025-08,8.846901638687049,8.786318,0.06058381336966612,0
QN0503,Glendale,Queens,2025-09,13.117291876046368,13.304181,-0.18688922289162058,0
QN0503,Glendale,Queens,2025-10,12.56627378090323,12.494319,0.0719548188060628,0
QN0504,Middle Village,Queens,2022-03,17.98183763969542,17.815756,0.16608179557920977,0
QN0504,Middle Village,Queens,2022-04,16.06624668838766,15.819267,0.24697941543844237,0
QN0504,Middle Village,Queens,2022-05,20.45356789944737,20.152193,0.3013748299893635,0
QN0504,Middle Village,Queens,2022-06,14.521415276042696,14.49295,0.028464836589570552,0
QN0504,Middle Village,Queens,2022-07,12.873595102874727,12.919855,-0.04626001492312426,0
QN0504,Middle Village,Queens,2022-08,12.81180184638093,12.74906,0.06274216925690723,0
QN0504,Middle Village,Queens,2022-09,19.36188703472359,19.033127,0.328760203668903,0
QN0504,Middle Village,Queens,2022-10,22.060192568286137,21.445923,0.6142697167236371,0
QN0504,Middle Village,Queens,2023-03,19.238300521735997,18.902617,0.33568402088150506,0
QN0504,Middle Village,Queens,2023-04,22.63692962889493,22.03656,0.6003695703011793,0
QN0504,Middle Village,Queens,2023-05,19.176507265242197,18.749853,0.4266541310869236,0
QN0504,Middle Village,Queens,2023-06,17.796457870214027,17.338451,0.4580064847159804,0
QN0504,Middle Village,Queens,2023-07,15.551302884272673,15.390332,0.16097066228780932,0
QN0504,Middle Village,Queens,2023-08,15.098152336651482,14.894667,0.2034856648985528,0
QN0504,Middle Village,Queens,2023-09,18.723356717621005,18.681635,0.04172181466690361,0
QN0504,Middle Village,Queens,2023-10,19.670853317192588,19.635107,0.03574627678731446,0
QN0504,Middle Village,Queens,2024-03,17.03434104012384,17.03372,0.00062102364434935,0
QN0504,Middle Village,Queens,2024-04,16.972547783630045,16.911346,0.061201348083169904,0
QN0504,Middle Village,Queens,2024-05,20.86552294273936,20.41569,0.44983347435557164,0
QN0504,Middle Village,Queens,2024-06,16.375212970856655,16.117125,0.25808841336153776,0
QN0504,Middle Village,Queens,2024-07,14.088862480586103,13.852267,0.2365952152662789,0
QN0504,Middle Village,Queens,2024-08,14.2330467457383,14.2017765,0.03127024122169786,0
QN0504,Middle Village,Queens,2024-09,17.240318561769836,16.947462,0.29285647986065655,0
QN0504,Middle Village,Queens,2024-10,21.33927124252515,20.870699,0.4685723136921425,0
QN0504,Middle Village,Queens,2025-03,17.94064213536622,17.710629,0.2300136258447374,0
QN0504,Middle Village,Queens,2025-04,17.672871357226427,17.324442,0.3484294474363878,0
QN0504,Middle Village,Queens,2025-05,20.226992625636775,19.609905,0.6170873827168535,0
QN0504,Middle Village,Queens,2025-06,14.418426515219696,14.297903,0.12052345430661049,0
QN0504,Middle Village,Queens,2025-07,12.070282768455346,12.110083,-0.03979985788742724,0
QN0504,Middle Village,Queens,2025-08,11.90550075113855,12.19126,-0.2857595866910394,0
QN0504,Middle Village,Queens,2025-09,17.65227360506183,17.548405,0.10386891145831356,0
QN0504,Middle Village,Queens,2025-10,16.910754527136245,16.956348,-0.04559389205320841,0
QN0601,Rego Park,Queens,2022-03,14.660968303836382,15.101037,-0.4400687216152779,0
QN0601,Rego Park,Queens,2022-04,13.0991469381356,13.076275,0.022872066309428618,0
QN0601,Rego Park,Queens,2022-05,16.676221678934166,17.29103,-0.6148092048548968,0
QN0601,Rego Park,Queens,2022-06,11.839613578699485,11.826417,0.013196609400168313,0
QN0601,Rego Park,Queens,2022-07,10.496111328634294,10.273732,0.22237914327052444,0
QN0601,Rego Park,Queens,2022-08,10.44572999425685,10.4784355,-0.03270552210057254,0
QN0601,Rego Park,Queens,2022-09,15.786151438265978,16.193157,-0.40700575777894343,0
QN0601,Rego Park,Queens,2022-10,17.986136372747726,18.14449,-0.15835291558235198,0
QN0601,Rego Park,Queens,2023-03,15.68538876951109,16.091003,-0.4056146484576608,0
QN0601,Rego Park,Queens,2023-04,18.456362160270544,18.804668,-0.348306266243128,0
QN0601,Rego Park,Queens,2023-05,15.635007435133645,16.0951,-0.4600929676983867,0
QN0601,Rego Park,Queens,2023-06,14.509824300704048,14.800765,-0.2909407368325727,0
QN0601,Rego Park,Queens,2023-07,12.679302484990227,13.146203,-0.46690055608643277,0
QN0601,Rego Park,Queens,2023-08,12.3098393662223,12.514563,-0.20472324058922275,0
QN0601,Rego Park,Queens,2023-09,15.265544316365718,15.763379,-0.49783478061914543,0
QN0601,Rego Park,Queens,2023-10,16.0380581101532,16.495773,-0.4577152052764859,0
QN0601,Rego Park,Queens,2024-03,13.8884545100489,13.93599,-0.0475358235082286,0
QN0601,Rego Park,Queens,2024-04,13.838073175671454,14.00379,-0.16571672606194454,0
QN0601,Rego Park,Queens,2024-05,17.012097241450466,17.377285,-0.36518776221164373,0
QN0601,Rego Park,Queens,2024-06,13.351053610022822,13.580823,-0.2297693346182914,0
QN0601,Rego Park,Queens,2024-07,11.486944238057372,11.568505,-0.08156104911303785,0
QN0601,Rego Park,Queens,2024-08,11.604500684938076,11.831023,-0.22652253130948274,0
QN0601,Rego Park,Queens,2024-09,14.056392291307048,14.04273,0.013661959886150044,0
QN0601,Rego Park,Queens,2024-10,17.398354138344207,17.255148,0.1432062043842457,0
QN0601,Rego Park,Queens,2025-03,14.627380747584752,14.61311,0.014271158961705055,0
QN0601,Rego Park,Queens,2025-04,14.40906163194916,14.626329,-0.2172677900479112,0
QN0601,Rego Park,Queens,2025-05,16.491490119550203,16.552618,-0.06112790718319516,0
QN0601,Rego Park,Queens,2025-06,11.75564468807041,12.053065,-0.2974206119173832,0
QN0601,Rego Park,Queens,2025-07,9.841153981727514,9.87284,-0.03168594594582608,0
QN0601,Rego Park,Queens,2025-08,9.706803756720996,9.865949,-0.15914492034199235,0
QN0601,Rego Park,Queens,2025-09,14.392267853823345,14.443529,-0.051261275204975476,0
QN0601,Rego Park,Queens,2025-10,13.78769184129401,14.102746,-0.3150541685326509,0
QN0602,Forest Hills,Queens,2022-03,16.334424050667277,16.400826,-0.06640144982100438,0
QN0602,Forest Hills,Queens,2022-04,14.594330766919215,14.510903,0.08342740845974284,0
QN0602,Forest Hills,Queens,2022-05,18.57970570711639,18.507114,0.07259129671599851,0
QN0602,Forest Hills,Queens,2022-06,13.191029731638524,13.255192,-0.0641620713399913,0
QN0602,Forest Hills,Queens,2022-07,11.694175294005785,11.796008,-0.10183281604060213,0
QN0602,Forest Hills,Queens,2022-08,11.638043252594557,11.628248,0.009795037872876833,0
QN0602,Forest Hills,Queens,2022-09,17.588039642184697,17.567938,0.020101791232548294,0
QN0602,Forest Hills,Queens,2022-10,20.039138783808312,19.803862,0.23527716576631974,0
QN0602,Forest Hills,Queens,2023-03,17.475775559362244,17.409237,0.06653865140325976,0
QN0602,Forest Hills,Queens,2023-04,20.56303783697977,20.277279,0.285758936833286,0
QN0602,Forest Hills,Queens,2023-05,17.419643517951016,17.582993,-0.16334903575992143,0
QN0602,Forest Hills,Queens,2023-06,16.166027926433596,16.401857,-0.2358294496650366,0
QN0602,Forest Hills,Queens,2023-07,14.126563755158989,14.093078,0.03348609555205506,0
QN0602,Forest Hills,Queens,2023-08,13.714928784809985,13.673031,0.04189793153850019,0
QN0602,Forest Hills,Queens,2023-09,17.00800854760201,16.972942,0.03506619530708832,0
QN0602,Forest Hills,Queens,2023-10,17.868699849240837,17.760513,0.1081865435767746,0
QN0602,Forest Hills,Queens,2024-03,15.473732749028454,15.3995695,0.07416323761487931,0
QN0602,Forest Hills,Queens,2024-04,15.417600707617224,15.38557,0.03203113516849321,0
QN0602,Forest Hills,Queens,2024-05,18.953919316524573,18.854965,0.09895410656363524,0
QN0602,Forest Hills,Queens,2024-06,14.874990973975356,14.635782,0.2392087321540668,0
QN0602,Forest Hills,Queens,2024-07,12.79810544175993,12.809457,-0.011351383496418066,0
QN0602,Forest Hills,Queens,2024-08,12.929080205052797,13.0491085,-0.12002830019622657,0
QN0602,Forest Hills,Queens,2024-09,15.660839553732544,15.700044,-0.039204124551147856,0
QN0602,Forest Hills,Queens,2024-10,19.384264967343988,19.26074,0.12352468719262077,0
QN0602,Forest Hills,Queens,2025-03,16.297002689726458,16.137135,0.15986813772450503,0
QN0602,Forest Hills,Queens,2025-04,16.05376384361114,15.845654,0.20811030967559319,0
QN0602,Forest Hills,Queens,2025-05,18.37388822194189,18.40689,-0.03300264719873525,0
QN0602,Forest Hills,Queens,2025-06,13.097476329286478,13.05657,0.0409062761858916,0
QN0602,Forest Hills,Queens,2025-07,10.964458755659823,11.063038,-0.09857911665462993,0
QN0602,Forest Hills,Queens,2025-08,10.814773311896548,10.875255,-0.06048131914593213,0
QN0602,Forest Hills,Queens,2025-09,16.03505316314073,16.13237,-0.0973168319764568,0
QN0602,Forest Hills,Queens,2025-10,15.361468666205996,15.278796,0.08267247022210888,0
QN0701,College Point,Queens,2022-03,17.468054712324275,17.85178,-0.383725225419866,0
QN0701,College Point,Queens,2022-04,15.60719665018664,16.0016,-0.3944036153162891,0
QN0701,College Point,Queens,2022-05,19.869161889276068,19.71008,0.1590826961608336,0
QN0701,College Point,Queens,2022-06,14.10650466459177,14.439296,-0.33279110414602364,0
QN0701,College Point,Queens,2022-07,12.505766546623908,12.746006,-0.24023946533898233,0
QN0701,College Point,Queens,2022-08,12.445738867200117,12.75509,-0.3093508926265436,0
QN0701,College Point,Queens,2022-09,18.80867288612236,18.576107,0.23256586097587473,0
QN0701,College Point,Queens,2022-10,21.42988155429473,21.177204,0.25267742221465284,0
QN0701,College Point,Queens,2023-03,18.68861752727477,18.652088,0.03652936199156542,0
QN0701,College Point,Queens,2023-04,21.99013989558348,21.554365,0.4357747375024239,0
QN0701,College Point,Queens,2023-05,18.628589847850975,18.70349,-0.07489945573789214,0
QN0701,College Point,Queens,2023-06,17.28797167405289,17.18275,0.10522097214859372,0
QN0701,College Point,Queens,2023-07,15.106965988321685,14.778372,0.32859417740859875,0
QN0701,College Point,Queens,2023-08,14.66676300588052,14.587219,0.07954376759927051,0
QN0701,College Point,Queens,2023-09,18.188386865409814,18.306074,-0.11768727704624027,0
QN0701,College Point,Queens,2023-10,19.108811283241337,19.149002,-0.040190791953975236,0
QN0701,College Point,Queens,2024-03,16.547630294492755,16.619198,-0.07156755096622902,0
QN0701,College Point,Queens,2024-04,16.487602615068962,16.770185,-0.28258285551209283,0
QN0701,College Point,Queens,2024-05,20.26934641876803,19.786016,0.4833299545346321,0
QN0701,College Point,Queens,2024-06,15.907335047305612,15.582255,0.3250796838412562,0
QN0701,College Point,Queens,2024-07,13.686310908625206,14.10311,-0.4167994047903214,0
QN0701,College Point,Queens,2024-08,13.826375493947394,13.804326,0.022049436513311704,0
QN0701,College Point,Queens,2024-09,16.74772255923874,17.035725,-0.2880020806538397,0
QN0701,College Point,Queens,2024-10,20.72955862768379,20.325655,0.4039036441632824,0
QN0701,College Point,Queens,2025-03,17.42803625937508,17.136932,0.29110388632820516,0
QN0701,College Point,Queens,2025-04,17.167916315205304,16.989258,0.1786585027053036,0
QN0701,College Point,Queens,2025-05,19.64906039805549,19.336105,0.31295505137580193,0
QN0701,College Point,Queens,2025-06,14.006458532218778,14.185991,-0.17953275501266752,0
QN0701,College Point,Queens,2025-07,11.725406714114577,11.804732,-0.0793256085782943,0
QN0701,College Point,Queens,2025-08,11.565332902317792,11.774528,-0.20919464742586058,0
QN0701,College Point,Queens,2025-09,17.147907088730705,16.867863,0.28004438731468895,0
QN0701,College Point,Queens,2025-10,16.42757493564517,16.945177,-0.517602142601902,0
QN0702,Whitestone-Beechhurst,Queens,2022-03,14.32647484087335,14.315026,0.011448557609190502,0
QN0702,Whitestone-Beechhurst,Queens,2022-04,12.800286799405743,12.650599,0.14968827340476665,0
QN0702,Whitestone-Beechhurst,Queens,2022-05,16.295749733089618,16.568409,-0.27265923297483496,0
QN0702,Whitestone-Beechhurst,Queens,2022-06,11.569489991770576,11.739154,-0.16966387022893592,0
QN0702,Whitestone-Beechhurst,Queens,2022-07,10.256640063626396,10.323197,-0.06655730118073322,0
QN0702,Whitestone-Beechhurst,Queens,2022-08,10.20740819132099,10.154552,0.05285573160419332,0
QN0702,Whitestone-Beechhurst,Queens,2022-09,15.425986655694102,15.423584,0.002402671319101657,0
QN0702,Whitestone-Beechhurst,Queens,2022-10,17.575778413030193,17.594017,-0.018238615778400913,0
QN0702,Whitestone-Beechhurst,Queens,2023-03,15.327522911083287,15.445703,-0.11817964171212303,0
QN0702,Whitestone-Beechhurst,Queens,2023-04,18.03527588788066,17.957897,0.0773787016013614,0
QN0702,Whitestone-Beechhurst,Queens,2023-05,15.278291038777882,15.429952,-0.1516606290077629,0
QN0702,Whitestone-Beechhurst,Queens,2023-06,14.17877922395713,13.729513,0.4492660556221697,0
QN0702,Whitestone-Beechhurst,Queens,2023-07,12.390021196860689,12.286118,0.10390364314975109,0
QN0702,Whitestone-Beechhurst,Queens,2023-08,12.02898746662104,11.7792845,0.24970298938715274,0
QN0702,Whitestone-Beechhurst,Queens,2023-09,14.917257308538233,14.871389,0.04586791950014657,0
QN0702,Whitestone-Beechhurst,Queens,2023-10,15.672146017221134,15.714458,-0.042312448355037446,0
QN0702,Whitestone-Beechhurst,Queens,2024-03,13.571586132190449,13.585004,-0.013417720653789544,0
QN0702,Whitestone-Beechhurst,Queens,2024-04,13.52235425988504,13.632505,-0.11015115698507749,0
QN0702,Whitestone-Beechhurst,Queens,2024-05,16.623962215125665,16.663664,-0.03970164901007678,0
QN0702,Whitestone-Beechhurst,Queens,2024-06,13.046446160932778,12.800877,0.24556954350113713,0
QN0702,Whitestone-Beechhurst,Queens,2024-07,11.224866885632728,11.266885,-0.04201791813924416,0
QN0702,Whitestone-Beechhurst,Queens,2024-08,11.339741254345345,11.505856,-0.16611430595738952,0
QN0702,Whitestone-Beechhurst,Queens,2024-09,13.73569237320847,13.782129,-0.04643691451125598,0
QN0702,Whitestone-Beechhurst,Queens,2024-10,17.001406569467115,17.062431,-0.06102476598210416,0
QN0702,Whitestone-Beechhurst,Queens,2025-03,14.293653592669749,14.075422,0.2182313056824441,0
QN0702,Whitestone-Beechhurst,Queens,2025-04,14.080315479346318,14.2059145,-0.1255990180291704,0
QN0702,Whitestone-Beechhurst,Queens,2025-05,16.115232867969794,16.253927,-0.13869436286516645,0
QN0702,Whitestone-Beechhurst,Queens,2025-06,11.487436871261565,11.62465,-0.13721313026431403,0
QN0702,Whitestone-Beechhurst,Queens,2025-07,9.61662572365611,9.545171,0.0714549396595281,0
QN0702,Whitestone-Beechhurst,Queens,2025-08,9.485340730841692,9.604273,-0.11893211156553463,0
QN0702,Whitestone-Beechhurst,Queens,2025-09,14.063904855244516,14.05321,0.010694596760629338,0
QN0702,Whitestone-Beechhurst,Queens,2025-10,13.473122387579636,13.342788,0.1303346449648899,0
QN0703,Bay Terrace-Clearview,Queens,2022-03,14.41821746960064,14.7172,-0.2989828096352003,0
QN0703,Bay Terrace-Clearview,Queens,2022-04,12.882256158406069,12.681488,0.20076812129669364,0
QN0703,Bay Terrace-Clearview,Queens,2022-05,16.40010303243234,16.718483,-0.31837993875906534,0
QN0703,Bay Terrace-Clearview,Queens,2022-06,11.643577681636256,11.827028,-0.1834505928998773,0
QN0703,Bay Terrace-Clearview,Queens,2022-07,10.322320639748453,10.43774,-0.11541968617928156,0
QN0703,Bay Terrace-Clearview,Queens,2022-08,10.27277350067766,10.179021,0.09375261902482812,0
QN0703,Bay Terrace-Clearview,Queens,2022-09,15.524770242181672,15.562599,-0.03782893994723402,0
QN0703,Bay Terrace-Clearview,Queens,2022-10,17.68832864827295,18.102962,-0.4146338456235341,0
QN0703,Bay Terrace-Clearview,Queens,2023-03,15.425675964040089,15.680539,-0.2548631671244621,0
QN0703,Bay Terrace-Clearview,Queens,2023-04,18.15076861293368,18.07253,0.07823786647371733,0
QN0703,Bay Terrace-Clearview,Queens,2023-05,15.376128824969296,15.351547,0.024581583758358505,0
QN0703,Bay Terrace-Clearview,Queens,2023-06,14.269576052388262,13.972684,0.29689214583308576,0
QN0703,Bay Terrace-Clearview,Queens,2023-07,12.469363332816132,12.496537,-0.02717387574099739,0
QN0703,Bay Terrace-Clearview,Queens,2023-08,12.106017646296984,12.012692,0.09332519481993273,0
QN0703,Bay Terrace-Clearview,Queens,2023-09,15.01278313845015,14.918823,0.09395989626264978,0
QN0703,Bay Terrace-Clearview,Queens,2023-10,15.772505937535636,16.105577,-0.33307153133643475,0
QN0703,Bay Terrace-Clearview,Queens,2024-03,13.658494670515152,14.027091,-0.36859635579100036,0
QN0703,Bay Terrace-Clearview,Queens,2024-04,13.60894753144436,13.724791,-0.11584304167575787,0
QN0703,Bay Terrace-Clearview,Queens,2024-05,16.730417292904292,16.888708,-0.1582908217197314,0
QN0703,Bay Terrace-Clearview,Queens,2024-06,13.129991853760032,12.957069,0.17292245678737572,0
QN0703,Bay Terrace-Clearview,Queens,2024-07,11.296747708140709,11.546271,-0.24952361601700623,0
QN0703,Bay Terrace-Clearview,Queens,2024-08,11.41235769930589,11.690405,-0.2780471926618837,0
QN0703,Bay Terrace-Clearview,Queens,2024-09,13.823651800751128,14.134925,-0.3112730878597123,0
QN0703,Bay Terrace-Clearview,Queens,2024-10,17.110278692447036,17.154848,-0.044569406307847004,0
QN0703,Bay Terrace-Clearview,Queens,2025-03,14.385186043553444,14.288312,0.09687408524045615,0
QN0703,Bay Terrace-Clearview,Queens,2025-04,14.170481774246676,14.301113,-0.13063135441543317,0
QN0703,Bay Terrace-Clearview,Queens,2025-05,16.218430189172768,16.423845,-0.20541510196492752,0
QN0703,Bay Terrace-Clearview,Queens,2025-06,11.560999116518268,11.9095955,-0.3485963729836854,0
QN0703,Bay Terrace-Clearview,Queens,2025-07,9.67820783182815,9.678625,-0.00041727498337351676,0
QN0703,Bay Terrace-Clearview,Queens,2025-08,9.54608212763937,9.779909,-0.23382700627176334,0
QN0703,Bay Terrace-Clearview,Queens,2025-09,14.15396606122308,14.609977,-0.4560107072705719,0
QN0703,Bay Terrace-Clearview,Queens,2025-10,13.559400392373568,13.594452,-0.03505151192330658,0
QN0704,Murray Hill-Broadway Flushing,Queens,2022-03,16.189870911384133,16.194563,-0.004692000603171209,0
QN0704,Murray Hill-Broadway Flushing,Queens,2022-04,14.465176759312286,14.611406,-0.1462295669816598,0
QN0704,Murray Hill-Broadway Flushing,Queens,2022-05,18.4152827205091,18.424692,-0.009409433421563307,0
QN0704,Murray Hill-Broadway Flushing,Queens,2022-06,13.07429437860918,13.114966,-0.0406720139079102,0
QN0704,Murray Hill-Broadway Flushing,Queens,2022-07,11.590686505859203,11.740263,-0.14957647937028895,0
QN0704,Murray Hill-Broadway Flushing,Queens,2022-08,11.535051210631078,11.759456,-0.2244044702160899,0
QN0704,Murray Hill-Broadway Flushing,Queens,2022-09,17.432392504812242,17.386824,0.04556885063743721,0
QN0704,Murray Hill-Broadway Flushing,Queens,2022-10,19.86180039644033,19.832314,0.02948685884267377,0
QN0704,Murray Hill-Broadway Flushing,Queens,2023-03,17.32112191435599,17.229982,0.09113953825735877,0
QN0704,Murray Hill-Broadway Flushing,Queens,2023-04,20.381063151902826,20.336426,0.04463737065282558,0
QN0704,Murray Hill-Broadway Flushing,Queens,2023-05,17.26548661912787,17.161396,0.10409059251654185,0
QN0704,Murray Hill-Broadway Flushing,Queens,2023-06,16.02296502569976,15.994801,0.02816445807280843,0
QN0704,Murray Hill-Broadway Flushing,Queens,2023-07,14.001549299077915,14.078771,-0.07722133843429191,0
QN0704,Murray Hill-Broadway Flushing,Queens,2023-08,13.593557134071672,13.587089,0.006468549171769311,0
QN0704,Murray Hill-Broadway Flushing,Queens,2023-09,16.857494454121625,16.76913,0.08836374733451535,0
QN0704,Murray Hill-Broadway Flushing,Queens,2023-10,17.71056898095286,17.751488,-0.040918750980733165,0
QN0704,Murray Hill-Broadway Flushing,Queens,2024-03,15.336796384552898,15.40687,-0.07007350375276644,0
QN0704,Murray Hill-Broadway Flushing,Queens,2024-04,15.281161089324772,15.277904,0.003257532501041993,0
QN0704,Murray Hill-Broadway Flushing,Queens,2024-05,18.786184688696597,18.915976,-0.12979088198211386,0
QN0704,Murray Hill-Broadway Flushing,Queens,2024-06,14.743353235452906,14.559327,0.18402610990358959,0
QN0704,Murray Hill-Broadway Flushing,Queens,2024-07,12.684847312012312,12.815554,-0.1307063531488204,0
QN0704,Murray Hill-Broadway Flushing,Queens,2024-08,12.814663000877935,13.002482,-0.18781941336767005,0
QN0704,Murray Hill-Broadway Flushing,Queens,2024-09,15.522247368646644,15.610646,-0.08839887921712553,0
QN0704,Murray Hill-Broadway Flushing,Queens,2024-10,19.212721952112215,19.299019,-0.08629690775106624,0
QN0704,Murray Hill-Broadway Flushing,Queens,2025-03,16.152780714565385,16.254835,-0.10205441421879513,0
QN0704,Murray Hill-Broadway Flushing,Queens,2025-04,15.911694435243511,16.180792,-0.2690974196148872,0
QN0704,Murray Hill-Broadway Flushing,Queens,2025-05,18.21128663800598,18.180191,0.03109559796691741,0
QN0704,Murray Hill-Broadway Flushing,Queens,2025-06,12.981568886562307,13.031595,-0.05002634354023172,0
QN0704,Murray Hill-Broadway Flushing,Queens,2025-07,10.867427667893589,10.998528,-0.13109985896188014,0
QN0704,Murray Hill-Broadway Flushing,Queens,2025-08,10.719066880618591,10.798918,-0.07985088976715105,0
QN0704,Murray Hill-Broadway Flushing,Queens,2025-09,15.89314933683414,15.987056,-0.09390644166927764,0
QN0704,Murray Hill-Broadway Flushing,Queens,2025-10,15.225525794096647,15.230807,-0.005281510285676916,0
QN0705,East Flushing,Queens,2022-03,15.943327725741025,16.23541,-0.29208296456659255,0
QN0705,East Flushing,Queens,2022-04,14.244897624373422,14.346979,-0.10208151686192934,0
QN0705,East Flushing,Queens,2022-05,18.13485043718309,18.168839,-0.033988063793472634,0
QN0705,East Flushing,Queens,2022-06,12.875195929722132,12.953121,-0.07792525558060248,0
QN0705,East Flushing,Queens,2022-07,11.414180788760756,11.597647,-0.18346592449607968,0
QN0705,East Flushing,Queens,2022-08,11.359392720974704,11.387401,-0.02800790616152682,0
QN0705,East Flushing,Queens,2022-09,17.166927906296177,17.305553,-0.13862552998311983,0
QN0705,East Flushing,Queens,2022-10,19.55934019962043,19.480623,0.07871695438117143,0
QN0705,East Flushing,Queens,2023-03,17.057351770724072,17.226418,-0.16906577077983442,0
QN0705,East Flushing,Queens,2023-04,20.070695498956912,19.798822,0.2718730960028104,0
QN0705,East Flushing,Queens,2023-05,17.002563702938023,17.100605,-0.09804130804830535,0
QN0705,East Flushing,Queens,2023-06,15.778963522382869,15.880639,-0.10167555385004157,0
QN0705,East Flushing,Queens,2023-07,13.788330392822992,13.804581,-0.01625029565357039,0
QN0705,East Flushing,Queens,2023-08,13.386551229058616,13.286504,0.10004743724953435,0
QN0705,East Flushing,Queens,2023-09,16.60078453917364,16.673302,-0.07251715760370203,0
QN0705,East Flushing,Queens,2023-10,17.440868245226433,17.466215,-0.025346888440559212,0
QN0705,East Flushing,Queens,2024-03,15.103244019688232,15.235755,-0.13251094704760824,0
QN0705,East Flushing,Queens,2024-04,15.04845595190218,15.044253,0.004202602597981553,0
QN0705,East Flushing,Queens,2024-05,18.50010422242343,18.453175,0.046929631358977986,0
QN0705,East Flushing,Queens,2024-06,14.518837963303682,14.30151,0.21732810612594733,0
QN0705,East Flushing,Queens,2024-07,12.49167945521977,12.578444,-0.08676407200190894,0
QN0705,East Flushing,Queens,2024-08,12.61951828005389,12.835344,-0.21582603452130478,0
QN0705,East Flushing,Queens,2024-09,15.285870912308404,15.627641,-0.3417698118737249,0
QN0705,East Flushing,Queens,2024-10,18.92014607544983,18.88724,0.0329066192730707,0
QN0705,East Flushing,Queens,2025-03,15.906802347216988,15.801103,0.10569970897235947,0
QN0705,East Flushing,Queens,2025-04,15.669387386810763,15.545038,0.12434916354416181,0
QN0705,East Flushing,Queens,2025-05,17.9339608553009,17.975231,-0.041270315353397535,0
QN0705,East Flushing,Queens,2025-06,12.783882483412048,12.961834,-0.17795147044537352,0
QN0705,East Flushing,Queens,2025-07,10.701935907542085,10.775888,-0.07395253545107927,0
QN0705,East Flushing,Queens,2025-08,10.555834393445949,10.70388,-0.1480459166126451,0
QN0705,East Flushing,Queens,2025-09,15.651124697548749,15.977484,-0.32635905184089964,0
QN0705,East Flushing,Queens,2025-10,14.993667884116128,15.186225,-0.19255705332283668,0
QN0706,Queensboro Hill,Queens,2022-03,18.095930935227862,18.421124,-0.32519256941080954,0
QN0706,Queensboro Hill,Queens,2022-04,16.168185715323865,15.550024,0.6181616827310918,0
QN0706,Queensboro Hill,Queens,2022-05,20.583344122200764,20.045078,0.538265844612873,0
QN0706,Queensboro Hill,Queens,2022-06,14.6135524734658,14.554847,0.058705709854960375,0
QN0706,Queensboro Hill,Queens,2022-07,12.955277015483864,13.111335,-0.15605778523635117,0
QN0706,Queensboro Hill,Queens,2022-08,12.893091685809544,13.156845,-0.26375340696389316,0
QN0706,Queensboro Hill,Queens,2022-09,19.484736631287735,19.370075,0.11466140545765668,0
QN0706,Queensboro Hill,Queens,2022-10,22.20016269373315,21.805155,0.3950078933181125,0
QN0706,Queensboro Hill,Queens,2023-03,19.36036597193909,19.516533,-0.15616692601012971,0
QN0706,Queensboro Hill,Queens,2023-04,22.78055910402683,21.729034,1.0515246801987033,0
QN0706,Queensboro Hill,Queens,2023-05,19.298180642264764,19.038149,0.26003176225988156,0
QN0706,Queensboro Hill,Queens,2023-06,17.909374946204895,17.756237,0.15313791617559858,0
QN0706,Queensboro Hill,Queens,2023-07,15.64997463470451,15.463527,0.1864479089354667,0
QN0706,Queensboro Hill,Queens,2023-08,15.193948883759475,15.0292,0.1647492835397486,0
QN0706,Queensboro Hill,Queens,2023-09,18.842154891319733,18.783802,0.0583528588490303,0
QN0706,Queensboro Hill,Queens,2023-10,19.795663279659347,19.749739,0.04592458642204278,0
QN0706,Queensboro Hill,Queens,2024-03,17.142422546888252,17.243763,-0.10134042308245128,0
QN0706,Queensboro Hill,Queens,2024-04,17.080237217213927,16.543192,0.5370453074238881,0
QN0706,Queensboro Hill,Queens,2024-05,20.99791298669625,20.323267,0.6746460036640229,0
QN0706,Queensboro Hill,Queens,2024-06,16.479112363695478,15.919608,0.5595042475455756,0
QN0706,Queensboro Hill,Queens,2024-07,14.178255165745542,14.305546,-0.12729064113922384,0
QN0706,Queensboro Hill,Queens,2024-08,14.323354268318962,14.477503,-0.1541485545570147,0
QN0706,Queensboro Hill,Queens,2024-09,17.34970697913599,17.601305,-0.25159802879857907,0
QN0706,Queensboro Hill,Queens,2024-10,21.474667180866057,21.265963,0.2087045801580487,0
QN0706,Queensboro Hill,Queens,2025-03,18.054474048778314,18.008049,0.046425037547844994,0
QN0706,Queensboro Hill,Queens,2025-04,17.78500428685625,17.52656,0.2584444571443356,0
QN0706,Queensboro Hill,Queens,2025-05,20.355331246728248,20.012165,0.34316617714817,0
QN0706,Queensboro Hill,Queens,2025-06,14.509910257341929,14.628004,-0.11809381675475095,0
QN0706,Queensboro Hill,Queens,2025-07,12.146867729717671,12.464762,-0.3178940042911176,0
QN0706,Queensboro Hill,Queens,2025-08,11.98104018391948,12.227228,-0.2461879807533709,0
QN0706,Queensboro Hill,Queens,2025-09,17.764275843631477,18.079649,-0.31537312792614003,0
QN0706,Queensboro Hill,Queens,2025-10,17.018051887539606,17.416819,-0.398766731234808,0
QN0707,Flushing-Willets Point,Queens,2022-03,18.673780394885256,18.466013,0.2077674401733418,0
QN0707,Flushing-Willets Point,Queens,2022-04,16.68447732876346,16.982431,-0.2979540829797038,0
QN0707,Flushing-Willets Point,Queens,2022-05,21.240623060848865,21.31124,-0.07061618170484607,0
QN0707,Flushing-Willets Point,Queens,2022-06,15.080200662536203,15.159008,-0.07880736358684359,0
QN0707,Flushing-Willets Point,Queens,2022-07,13.368972218560463,13.396883,-0.02791079230379445,0
QN0707,Flushing-Willets Point,Queens,2022-08,13.304801151911374,13.609016,-0.30421526654565767,0
QN0707,Flushing-Willets Point,Queens,2022-09,20.106934216714937,20.170347,-0.06341299703018066,0
QN0707,Flushing-Willets Point,Queens,2022-10,22.90907079372521,22.604013,0.30505735073204576,0
QN0707,Flushing-Willets Point,Queens,2023-03,19.978592083416757,19.332853,0.6457387661560148,0
QN0707,Flushing-Willets Point,Queens,2023-04,23.50800074911672,22.824257,0.6837438521440653,0
QN0707,Flushing-Willets Point,Queens,2023-05,19.91442101676767,20.254307,-0.33988577644522167,0
QN0707,Flushing-Willets Point,Queens,2023-06,18.481267194937985,18.28476,0.19650767345360975,0
QN0707,Flushing-Willets Point,Queens,2023-07,16.14971844002104,15.547356,0.6023627881655713,0
QN0707,Flushing-Willets Point,Queens,2023-08,15.679130617927711,15.293837,0.38529402429978177,0
QN0707,Flushing-Willets Point,Queens,2023-09,19.44383319467434,19.438627,0.00520595163234816,0
QN0707,Flushing-Willets Point,Queens,2023-10,20.42778954996039,19.822649,0.6051405478851954,0
QN0707,Flushing-Willets Point,Queens,2024-03,17.689824039599205,17.417173,0.2726506539790883,0
QN0707,Flushing-Willets Point,Queens,2024-04,17.625652972950117,17.7679,-0.14224749396882785,0
QN0707,Flushing-Willets Point,Queens,2024-05,21.6684301718428,21.562819,0.1056116446211206,0
QN0707,Flushing-Willets Point,Queens,2024-06,17.00533266200891,16.49146,0.5138718618380125,0
QN0707,Flushing-Willets Point,Queens,2024-07,14.631003195992571,14.75509,-0.12408656383408889,0
QN0707,Flushing-Willets Point,Queens,2024-08,14.78073568484045,14.554149,0.22658701082921873,0
QN0707,Flushing-Willets Point,Queens,2024-09,17.903727595096175,18.45378,-0.5500516254848797,0
QN0707,Flushing-Willets Point,Queens,2024-10,22.160408349485827,21.959698,0.2007106260971554,0
QN0707,Flushing-Willets Point,Queens,2025-03,18.630999683785863,18.425926,0.20507347528976894,0
QN0707,Flushing-Willets Point,Queens,2025-04,18.352925061639805,18.499662,-0.146737337652187,0
QN0707,Flushing-Willets Point,Queens,2025-05,21.0053291498022,21.376667,-0.37133787290287756,0
QN0707,Flushing-Willets Point,Queens,2025-06,14.97324888478772,15.075143,-0.10189397562487734,0
QN0707,Flushing-Willets Point,Queens,2025-07,12.53474835212229,12.429166,0.1055825119733651,0
QN0707,Flushing-Willets Point,Queens,2025-08,12.363625507724718,12.065881,0.297744732273058,0
QN0707,Flushing-Willets Point,Queens,2025-09,18.331534706090107,17.750084,0.5814507827502631,0
QN0707,Flushing-Willets Point,Queens,2025-10,17.561481906301026,17.1786,0.382881595021729,0
QN0801,Kew Gardens Hills,Queens,2022-03,13.259149812599508,13.491063,-0.2319133053814486,0
QN0801,Kew Gardens Hills,Queens,2022-04,11.846663062803684,11.930726,-0.08406298852688288,0
QN0801,Kew Gardens Hills,Queens,2022-05,15.081713360723151,15.557642,-0.47592862230907507,0
QN0801,Kew Gardens Hills,Queens,2022-06,10.707560845226409,10.663002,0.04455883106625258,0
QN0801,Kew Gardens Hills,Queens,2022-07,9.492518479810643,9.645874,-0.15335554362685677,0
QN0801,Kew Gardens Hills,Queens,2022-08,9.446954391107552,9.263072,0.18388237725257106,0
QN0801,Kew Gardens Hills,Queens,2022-09,14.27674779363521,14.527493,-0.25074472955814997,0
QN0801,Kew Gardens Hills,Queens,2022-10,16.266379667003523,16.78138,-0.515000032703508,0
QN0801,Kew Gardens Hills,Queens,2023-03,14.185619616229028,14.58363,-0.3980099919252691,0
QN0801,Kew Gardens Hills,Queens,2023-04,16.691644494899037,17.050571,-0.35892694675135317,0
QN0801,Kew Gardens Hills,Queens,2023-05,14.140055527525938,14.140592,-0.0005360938729879194,0
QN0801,Kew Gardens Hills,Queens,2023-06,13.122457546490237,13.14829,-0.025832133990720152,0
QN0801,Kew Gardens Hills,Queens,2023-07,11.46696232361126,11.7161045,-0.24914218383502984,0
QN0801,Kew Gardens Hills,Queens,2023-08,11.132825673121925,10.945731,0.1870945100970225,0
QN0801,Kew Gardens Hills,Queens,2023-09,13.805918877036602,13.799525,0.006393616111308731,0
QN0801,Kew Gardens Hills,Queens,2023-10,14.504568237150666,14.894183,-0.3896149217238456,0
QN0801,Kew Gardens Hills,Queens,2024-03,12.560500452485446,12.795866,-0.2353655600877964,0
QN0801,Kew Gardens Hills,Queens,2024-04,12.514936363782354,12.618079,-0.10314282170348577,0
QN0801,Kew Gardens Hills,Queens,2024-05,15.385473952077094,16.002993,-0.617518677927789,0
QN0801,Kew Gardens Hills,Queens,2024-06,12.07448350631914,11.980965,0.093518845674609,0
QN0801,Kew Gardens Hills,Queens,2024-07,10.38861222430477,10.454114,-0.06550173596134279,0
QN0801,Kew Gardens Hills,Queens,2024-08,10.49492843127865,10.502877,-0.007948804133947718,0
QN0801,Kew Gardens Hills,Queens,2024-09,12.712380748162415,12.952397,-0.2400165983341669,0
QN0801,Kew Gardens Hills,Queens,2024-10,15.734798632134126,16.172142,-0.43734339667446775,0
QN0801,Kew Gardens Hills,Queens,2025-03,13.228773753464116,13.256658,-0.027883846938715706,0
QN0801,Kew Gardens Hills,Queens,2025-04,13.031329369084052,13.217675,-0.18634583996135845,0
QN0801,Kew Gardens Hills,Queens,2025-05,14.914645035478486,15.006392,-0.09174648979006861,0
QN0801,Kew Gardens Hills,Queens,2025-06,10.631620697387923,10.628514,0.0031064075319662265,0
QN0801,Kew Gardens Hills,Queens,2025-07,8.90018532667046,8.871572,0.028613785837940497,0
QN0801,Kew Gardens Hills,Queens,2025-08,8.778681090128885,8.641216,0.13746481205271266,0
QN0801,Kew Gardens Hills,Queens,2025-09,13.016141339516356,13.288459,-0.2723174846413592,0
QN0801,Kew Gardens Hills,Queens,2025-10,12.469372275079264,12.367114,0.10225820800162744,0
QN0802,Pomonok-Electchester-Hillcrest,Queens,2022-03,13.86215385845368,13.868139,-0.005985408514092683,0
QN0802,Pomonok-Electchester-Hillcrest,Queens,2022-04,12.385429564254146,12.267777,0.11765212132201697,0
QN0802,Pomonok-Electchester-Hillcrest,Queens,2022-05,15.767604560646625,15.895848,-0.1282437135843324,0
QN0802,Pomonok-Electchester-Hillcrest,Queens,2022-06,11.194522875383557,11.211092,-0.016569119855700976,0
QN0802,Pomonok-Electchester-Hillcrest,Queens,2022-07,9.924222407254923,10.152114,-0.22789150723482265,0
QN0802,Pomonok-Electchester-Hillcrest,Queens,2022-08,9.876586139700102,9.869413,0.007172763845609609,0
QN0802,Pomonok-Electchester-Hillcrest,Queens,2022-09,14.926030500511407,14.965602,-0.03957142057013563,0
QN0802,Pomonok-Electchester-Hillcrest,Queens,2022-10,17.006147517072037,17.105665,-0.0995176898371426,0
QN0802,Pomonok-Electchester-Hillcrest,Queens,2023-03,14.83075796540176,14.896243,-0.06548512999618872,0
QN0802,Pomonok-Electchester-Hillcrest,Queens,2023-04,17.45075268091706,17.621437,-0.17068439183684703,0
QN0802,Pomonok-Electchester-Hillcrest,Queens,2023-05,14.783121697846935,14.763153,0.019968621675060305,0
QN0802,Pomonok-Electchester-Hillcrest,Queens,2023-06,13.719245055789209,13.858847,-0.13960160863950222,0
QN0802,Pomonok-Electchester-Hillcrest,Queens,2023-07,11.988460667963947,12.122224,-0.13376318610099425,0
QN0802,Pomonok-Electchester-Hillcrest,Queens,2023-08,11.639128039228575,11.791629,-0.1525007983568738,0
QN0802,Pomonok-Electchester-Hillcrest,Queens,2023-09,14.433789069111562,14.454102,-0.020312493388438213,0
QN0802,Pomonok-Electchester-Hillcrest,Queens,2023-10,15.164211838285524,15.222738,-0.0585264277056865,0
QN0802,Pomonok-Electchester-Hillcrest,Queens,2024-03,13.131731089279716,13.169414,-0.03768247730963914,0
QN0802,Pomonok-Electchester-Hillcrest,Queens,2024-04,13.084094821724891,12.976294,0.1078012578821177,0
QN0802,Pomonok-Electchester-Hillcrest,Queens,2024-05,16.08517967767878,16.36824,-0.28306067876653174,0
QN0802,Pomonok-Electchester-Hillcrest,Queens,2024-06,12.623610902028265,12.737475,-0.11386449317437197,0
QN0802,Pomonok-Electchester-Hillcrest,Queens,2024-07,10.86106900249979,11.099188,-0.2381188484523591,0
QN0802,Pomonok-Electchester-Hillcrest,Queens,2024-08,10.972220293461044,11.326946,-0.3547259650838779,0
QN0802,Pomonok-Electchester-Hillcrest,Queens,2024-09,13.290518647795794,13.604262,-0.3137437041939517,0
QN0802,Pomonok-Electchester-Hillcrest,Queens,2024-10,16.450391062265762,16.598734,-0.14834283971177697,0
QN0802,Pomonok-Electchester-Hillcrest,Queens,2025-03,13.830396346750463,13.838635,-0.008239097890649916,0
QN0802,Pomonok-Electchester-Hillcrest,Queens,2025-04,13.62397252067956,13.5394335,0.08453904137047807,0
QN0802,Pomonok-Electchester-Hillcrest,Queens,2025-05,15.592938246278935,15.8761015,-0.283163247556514,0
QN0802,Pomonok-Electchester-Hillcrest,Queens,2025-06,11.115129096125516,11.30917,-0.19404067316159335,0
QN0802,Pomonok-Electchester-Hillcrest,Queens,2025-07,9.304950929042215,9.3148985,-0.009947561863546284,0
QN0802,Pomonok-Electchester-Hillcrest,Queens,2025-08,9.177920882229357,9.234641,-0.05672019290492081,0
QN0802,Pomonok-Electchester-Hillcrest,Queens,2025-09,13.608093764827952,14.046059,-0.43796488995720395,0
QN0802,Pomonok-Electchester-Hillcrest,Queens,2025-10,13.03645855417007,13.067617,-0.031158862211766447,0
QN0803,Fresh Meadows-Utopia,Queens,2022-03,14.116987769779932,14.253031,-0.13604300719760687,0
QN0803,Fresh Meadows-Utopia,Queens,2022-04,12.613116220421931,12.550852,0.062264398522517084,0
QN0803,Fresh Meadows-Utopia,Queens,2022-05,16.057467188306383,16.231628,-0.17416122966236713,0
QN0803,Fresh Meadows-Utopia,Queens,2022-06,11.4003165838429,11.449254,-0.048937452106807555,0
QN0803,Fresh Meadows-Utopia,Queens,2022-07,10.1066636381586,10.245839,-0.13917548079891873,0
QN0803,Fresh Meadows-Utopia,Queens,2022-08,10.058151652695438,9.881992,0.17615931260754714,0
QN0803,Fresh Meadows-Utopia,Queens,2022-09,15.200422111790534,15.356454,-0.15603178377831384,0
QN0803,Fresh Meadows-Utopia,Queens,2022-10,17.318778810348576,17.589119,-0.27034014717095545,0
QN0803,Fresh Meadows-Utopia,Queens,2023-03,15.103398140864211,15.193915,-0.09051722626225356,0
QN0803,Fresh Meadows-Utopia,Queens,2023-04,17.77155734133808,18.026058,-0.2545008556834034,0
QN0803,Fresh Meadows-Utopia,Queens,2023-05,15.05488615540105,15.203318,-0.14843148681086404,0
QN0803,Fresh Meadows-Utopia,Queens,2023-06,13.971451813390448,13.981235,-0.009782737085625826,0
QN0803,Fresh Meadows-Utopia,Queens,2023-07,12.208849674895587,12.111786,0.09706378622371226,0
QN0803,Fresh Meadows-Utopia,Queens,2023-08,11.853095114832405,11.873461,-0.02036565482091568,0
QN0803,Fresh Meadows-Utopia,Queens,2023-09,14.699131595337867,14.684133,0.014999019349097864,0
QN0803,Fresh Meadows-Utopia,Queens,2023-10,15.44298203910634,15.658888,-0.21590582405283953,0
QN0803,Fresh Meadows-Utopia,Queens,2024-03,13.37313732601146,13.426921,-0.05378356479664603,0
QN0803,Fresh Meadows-Utopia,Queens,2024-04,13.324625340548298,13.234598,0.0900271807582591,0
QN0803,Fresh Meadows-Utopia,Queens,2024-05,16.380880424727458,16.724495,-0.34361450935457327,0
QN0803,Fresh Meadows-Utopia,Queens,2024-06,12.85567614773774,12.756448,0.0992283556845166,0
QN0803,Fresh Meadows-Utopia,Queens,2024-07,11.06073268560077,11.09452,-0.033786929572569235,0
QN0803,Fresh Meadows-Utopia,Queens,2024-08,11.173927318348149,11.273591,-0.09966372321679273,0
QN0803,Fresh Meadows-Utopia,Queens,2024-09,13.534843944221995,13.692327,-0.15748260149333682,0
QN0803,Fresh Meadows-Utopia,Queens,2024-10,16.752805646611694,17.007856,-0.25505072240686033,0
QN0803,Fresh Meadows-Utopia,Queens,2025-03,14.084646446137825,13.836448,0.24819873037854734,0
QN0803,Fresh Meadows-Utopia,Queens,2025-04,13.874427842464126,13.550321,0.3241072171589501,0
QN0803,Fresh Meadows-Utopia,Queens,2025-05,15.879589908274792,16.081842,-0.20225251421056,0
QN0803,Fresh Meadows-Utopia,Queens,2025-06,11.31946327473763,11.306475,0.012988589068685386,0
QN0803,Fresh Meadows-Utopia,Queens,2025-07,9.476007827137504,9.368852,0.10715616545537543,0
QN0803,Fresh Meadows-Utopia,Queens,2025-08,9.346642532569073,9.226182,0.12046054862131861,0
QN0803,Fresh Meadows-Utopia,Queens,2025-09,13.858257180643072,14.193555,-0.3352976975917912,0
QN0803,Fresh Meadows-Utopia,Queens,2025-10,13.276113355085135,13.309513,-0.0333997369558805,0
QN0805,Jamaica Hills-Briarwood,Queens,2022-03,15.885312818041,16.109537,-0.2242243065927898,0
QN0805,Jamaica Hills-Briarwood,Queens,2022-04,14.193062998936975,14.227787,-0.03472401888529042,0
QN0805,Jamaica Hills-Briarwood,Queens,2022-05,18.068860971723613,18.016193,0.05266758183103448,0
QN0805,Jamaica Hills-Briarwood,Queens,2022-06,12.828345402885343,12.827247,0.0010987369307535744,0
QN0805,Jamaica Hills-Briarwood,Queens,2022-07,11.372646633763605,11.488352,-0.11570518813580932,0
QN0805,Jamaica Hills-Briarwood,Queens,2022-08,11.318057929921538,11.287889,0.030169403005034567,0
QN0805,Jamaica Hills-Briarwood,Queens,2022-09,17.10446053718046,17.16987,-0.06540983940645262,0
QN0805,Jamaica Hills-Briarwood,Queens,2022-10,19.48816727161731,19.526165,-0.037997736927611214,0
QN0805,Jamaica Hills-Briarwood,Queens,2023-03,16.99528312949633,17.100544,-0.10526084633374921,0
QN0805,Jamaica Hills-Briarwood,Queens,2023-04,19.99766184080992,19.716564,0.2810976623431216,0
QN0805,Jamaica Hills-Briarwood,Queens,2023-05,16.940694425654264,16.974731,-0.03403701965823558,0
QN0805,Jamaica Hills-Briarwood,Queens,2023-06,15.721546706514806,15.7547655,-0.03321880404427624,0
QN0805,Jamaica Hills-Briarwood,Queens,2023-07,13.738157133586434,13.730913,0.007243971354988332,0
QN0805,Jamaica Hills-Briarwood,Queens,2023-08,13.337839972077957,13.185186,0.15265358596955814,0
QN0805,Jamaica Hills-Briarwood,Queens,2023-09,16.540377264145786,16.467855,0.07252181065457464,0
QN0805,Jamaica Hills-Briarwood,Queens,2023-10,17.377404056390787,17.38023,-0.0028258935603844293,0
QN0805,Jamaica Hills-Briarwood,Queens,2024-03,15.048286025796,15.200012,-0.15172618123525083,0
QN0805,Jamaica Hills-Briarwood,Queens,2024-04,14.993697321953936,14.953612,0.04008499437825286,0
QN0805,Jamaica Hills-Briarwood,Queens,2024-05,18.432785664004047,18.372087,0.060698185366351964,0
QN0805,Jamaica Hills-Briarwood,Queens,2024-06,14.466006518147305,14.184791,0.2812159068802149,0
QN0805,Jamaica Hills-Briarwood,Queens,2024-07,12.446224475990888,12.478931,-0.03270695101106469,0
QN0805,Jamaica Hills-Briarwood,Queens,2024-08,12.57359811828904,12.745186,-0.17158773376174175,0
QN0805,Jamaica Hills-Briarwood,Queens,2024-09,15.230248371936218,15.456239,-0.22599037470684813,0
QN0805,Jamaica Hills-Briarwood,Queens,2024-10,18.85129906012655,18.808254,0.043044818183190614,0
QN0805,Jamaica Hills-Briarwood,Queens,2025-03,15.84892034881296,15.641775,0.20714521758737447,0
QN0805,Jamaica Hills-Briarwood,Queens,2025-04,15.612369298830677,15.464489,0.14788031567637994,0
QN0805,Jamaica Hills-Briarwood,Queens,2025-05,17.868702390969375,17.792458,0.07624481040296871,0
QN0805,Jamaica Hills-Briarwood,Queens,2025-06,12.737364229815237,12.819206,-0.08184200797773222,0
QN0805,Jamaica Hills-Briarwood,Queens,2025-07,10.662993483816756,10.671772,-0.008778519357072412,0
QN0805,Jamaica Hills-Briarwood,Queens,2025-08,10.51742360690458,10.609547,-0.09212305447237235,0
QN0805,Jamaica Hills-Briarwood,Queens,2025-09,15.594173064216651,15.831092,-0.23691881658168867,0
QN0805,Jamaica Hills-Briarwood,Queens,2025-10,14.93910861811187,15.030227,-0.09111808934662591,0
QN0901,Kew Gardens,Queens,2022-03,16.28322730666775,16.499645,-0.216417926486546,0
QN0901,Kew Gardens,Queens,2022-04,14.54858797159318,14.419253,0.1293346222889813,0
QN0901,Kew Gardens,Queens,2022-05,18.521471609989774,18.60464,-0.0831674433549523,0
QN0901,Kew Gardens,Queens,2022-06,13.149685282016913,13.299488,-0.14980278561004035,0
QN0901,Kew Gardens,Queens,2022-07,11.65752241313556,11.40826,0.24926206767657533,0
QN0901,Kew Gardens,Queens,2022-08,11.60156630555251,11.338034,0.2635326294050486,0
QN0901,Kew Gardens,Queens,2022-09,17.532913709355885,17.571386,-0.03847262792438855,0
QN0901,Kew Gardens,Queens,2022-10,19.976330407149096,20.33415,-0.357819907181959,0
QN0901,Kew Gardens,Queens,2023-03,17.42100149418978,17.445707,-0.02470582697721113,0
QN0901,Kew Gardens,Queens,2023-04,20.49858741125757,20.776932,-0.2783443514377417,0
QN0901,Kew Gardens,Queens,2023-05,17.36504538660673,17.31088,0.05416472559598873,0
QN0901,Kew Gardens,Queens,2023-06,16.1153589839186,16.257984,-0.14262517745835268,0
QN0901,Kew Gardens,Queens,2023-07,14.082287075067756,13.876957,0.20533013537048994,0
QN0901,Kew Gardens,Queens,2023-08,13.671942286125386,13.60585,0.06609206639882359,0
QN0901,Kew Gardens,Queens,2023-09,16.95470059766436,16.850079,0.10462201490068779,0
QN0901,Kew Gardens,Queens,2023-10,17.812694247271136,17.947954,-0.13525993058530972,0
QN0901,Kew Gardens,Queens,2024-03,15.425233657060977,15.511963,-0.08672923356402329,0
QN0901,Kew Gardens,Queens,2024-04,15.369277549477925,15.331318,0.03795964786659667,0
QN0901,Kew Gardens,Queens,2024-05,18.894512327210116,18.734833,0.15967956353824064,0
QN0901,Kew Gardens,Queens,2024-06,14.828368509508431,14.946686,-0.11831728150719378,0
QN0901,Kew Gardens,Queens,2024-07,12.757992528935558,12.546825,0.21116712000001137,0
QN0901,Kew Gardens,Queens,2024-08,12.888556779962675,12.960787,-0.07223003949533258,0
QN0901,Kew Gardens,Queens,2024-09,15.611754015671144,15.643531,-0.031776829970946,0
QN0901,Kew Gardens,Queens,2024-10,19.323509152013507,19.246675,0.07683366068049935,0
QN0901,Kew Gardens,Queens,2025-03,16.245923234945717,16.03477,0.21115417671817838,0
QN0901,Kew Gardens,Queens,2025-04,16.003446768752497,16.08609,-0.08264331913812839,0
QN0901,Kew Gardens,Queens,2025-05,18.31629921551859,18.36643,-0.05013106707418302,0
QN0901,Kew Gardens,Queens,2025-06,13.056425102711827,12.972179,0.08424568987003056,0
QN0901,Kew Gardens,Queens,2025-07,10.930093014555904,10.95223,-0.02213743893530662,0
QN0901,Kew Gardens,Queens,2025-08,10.780876727667769,10.6923485,0.08852824744315946,0
QN0901,Kew Gardens,Queens,2025-09,15.984794732891482,16.077404,-0.0926092893253152,0
QN0901,Kew Gardens,Queens,2025-10,15.313321441894873,15.3167925,-0.003471046203271655,0
QN0902,Richmond Hill,Queens,2022-03,14.928974584678668,14.979429,-0.05045466031644885,0
QN0902,Richmond Hill,Queens,2022-04,13.338602721706026,13.303635,0.034968078151338844,0
QN0902,Richmond Hill,Queens,2022-05,16.98106731109498,17.125982,-0.14491497345091986,0
QN0902,Richmond Hill,Queens,2022-06,12.05604476769583,12.23277,-0.17672519842965784,0
QN0902,Richmond Hill,Queens,2022-07,10.687982950084956,10.60357,0.0844129656489212,0
QN0902,Richmond Hill,Queens,2022-08,10.636680631924548,10.480196,0.15648463277904057,0
QN0902,Richmond Hill,Queens,2022-09,16.074726356927773,16.15517,-0.08044408374605538,0
QN0902,Richmond Hill,Queens,2022-10,18.314927583265582,18.544436,-0.22950791783305036,0
QN0902,Richmond Hill,Queens,2023-03,15.97212172060696,16.213558,-0.24143647641452404,0
QN0902,Richmond Hill,Queens,2023-04,18.793749219429387,19.139416,-0.3456665215374102,0
QN0902,Richmond Hill,Queens,2023-05,15.92081940244655,16.042858,-0.12203872133274629,0
QN0902,Richmond Hill,Queens,2023-06,14.775067630197444,15.254017,-0.4789492460232587,0
QN0902,Richmond Hill,Queens,2023-07,12.911083403702628,13.013808,-0.10272484672461779,0
QN0902,Richmond Hill,Queens,2023-08,12.534866403859636,12.545053,-0.010186124521711193,0
QN0902,Richmond Hill,Queens,2023-09,15.54460240260356,15.47058,0.07402230159037693,0
QN0902,Richmond Hill,Queens,2023-10,16.331237947729814,16.386303,-0.05506500026823247,0
QN0902,Richmond Hill,Queens,2024-03,14.142339039552414,14.254247,-0.11190767217854258,0
QN0902,Richmond Hill,Queens,2024-04,14.091036721392006,14.003581,0.087455674333901,0
QN0902,Richmond Hill,Queens,2024-05,17.3230827654977,17.40011,-0.07702747925327813,0
QN0902,Richmond Hill,Queens,2024-06,13.595114312508064,14.056144,-0.4610294481730879,0
QN0902,Richmond Hill,Queens,2024-07,11.696928540572976,11.523485,0.17344335685715606,0
QN0902,Richmond Hill,Queens,2024-08,11.816633949613928,11.997872,-0.18123840298616933,0
QN0902,Richmond Hill,Queens,2024-09,14.313346766753774,14.441445,-0.12809858389319828,0
QN0902,Richmond Hill,Queens,2024-10,17.716400538060824,17.623516,0.09288445529715261,0
QN0902,Richmond Hill,Queens,2025-03,14.894773039238396,14.731346,0.1634269088673026,0
QN0902,Richmond Hill,Queens,2025-04,14.672462993876628,14.715389,-0.04292625783235593,0
QN0902,Richmond Hill,Queens,2025-05,16.792958811173484,16.949808,-0.15684930955405463,0
QN0902,Richmond Hill,Queens,2025-06,11.97054090409515,11.938667,0.03187360673186923,0
QN0902,Richmond Hill,Queens,2025-07,10.021052813999654,10.018216,0.002836680881978637,0
QN0902,Richmond Hill,Queens,2025-08,9.884246632238568,10.051244,-0.16699714980488878,0
QN0902,Richmond Hill,Queens,2025-09,14.655362221156492,14.961012,-0.30564966544018723,0
QN0902,Richmond Hill,Queens,2025-10,14.039734403231598,14.03781,0.001924077609039898,0
QN0904,Ozone Park (North),Queens,2022-03,15.530586756878002,15.321882,0.20870450895319692,0
QN0904,Ozone Park (North),Queens,2022-04,13.876125624701997,13.581181,0.2949450521922312,0
QN0904,Ozone Park (North),Queens,2022-05,17.665375314524464,18.136341,-0.4709657804462388,0
QN0904,Ozone Park (North),Queens,2022-06,12.541882776172956,12.816782,-0.27489922150770774,0
QN0904,Ozone Park (North),Queens,2022-07,11.11869040440865,11.152703,-0.034012880808635515,0
QN0904,Ozone Park (North),Queens,2022-08,11.06532069046749,11.145139,-0.07981805007206155,0
QN0904,Ozone Park (North),Queens,2022-09,16.72251036823061,16.60769,0.11481955707338187,0
QN0904,Ozone Park (North),Queens,2022-10,19.052987876994663,18.931149,0.12183934794192908,0
QN0904,Ozone Park (North),Queens,2023-03,16.615770940348288,16.685436,-0.06966530843100927,0
QN0904,Ozone Park (North),Queens,2023-04,19.55110520711217,19.199858,0.35124749532017674,0
QN0904,Ozone Park (North),Queens,2023-05,16.562401226407125,16.469439,0.09296267355068011,0
QN0904,Ozone Park (North),Queens,2023-06,15.370477615054517,15.367894,0.0025834423860597866,0
QN0904,Ozone Park (North),Queens,2023-07,13.431378008525648,13.465624,-0.034245847065172086,0
QN0904,Ozone Park (North),Queens,2023-08,13.040000106290464,13.184294,-0.1442936406577786,0
QN0904,Ozone Park (North),Queens,2023-09,16.17102332417194,15.874786,0.29623694721881577,0
QN0904,Ozone Park (North),Queens,2023-10,16.989358937936416,17.138535,-0.14917560796202167,0
QN0904,Ozone Park (North),Queens,2024-03,14.712251143113525,14.478568,0.23368306602612243,0
QN0904,Ozone Park (North),Queens,2024-04,14.658881429172364,14.574516,0.08436513278564561,0
QN0904,Ozone Park (North),Queens,2024-05,18.02117340746554,18.103773,-0.08259970959989005,0
QN0904,Ozone Park (North),Queens,2024-06,14.142974194407802,14.23273,-0.08975571739639676,0
QN0904,Ozone Park (North),Queens,2024-07,12.168294778584826,12.363206,-0.19491113114417757,0
QN0904,Ozone Park (North),Queens,2024-08,12.292824111114204,12.626458,-0.33363405691558157,0
QN0904,Ozone Park (North),Queens,2024-09,14.890150189584064,14.635331,0.2548190357144353,0
QN0904,Ozone Park (North),Queens,2024-10,18.430341214347777,18.32673,0.1036104861983631,0
QN0904,Ozone Park (North),Queens,2025-03,15.495006947583894,15.118068,0.3769392061898511,0
QN0904,Ozone Park (North),Queens,2025-04,15.263738187172194,15.397879,-0.13414045967839172,0
QN0904,Ozone Park (North),Queens,2025-05,17.469686363406872,17.771519,-0.30183234386851865,0
QN0904,Ozone Park (North),Queens,2025-06,12.452933252937688,12.316228,0.13670534003485635,0
QN0904,Ozone Park (North),Queens,2025-07,10.42488412317355,10.778856,-0.35397215429227025,0
QN0904,Ozone Park (North),Queens,2025-08,10.28256488599712,10.277367,0.00519824781352618,0
QN0904,Ozone Park (North),Queens,2025-09,15.24594828252514,14.958905,0.2870430624934013,0
QN0904,Ozone Park (North),Queens,2025-10,14.605511715231202,14.408294,0.19721799117114358,0
QN0905,Woodhaven,Queens,2022-03,15.764724112119344,15.743067,0.02165732439961765,0
QN0905,Woodhaven,Queens,2022-04,14.085320512546494,14.013441,0.07187942673106384,0
QN0905,Woodhaven,Queens,2022-05,17.93169649866496,17.936243,-0.004546558586017824,0
QN0905,Woodhaven,Queens,2022-06,12.730962770955484,12.819683,-0.08872030399568764,0
QN0905,Woodhaven,Queens,2022-07,11.286314513258407,11.237201,0.04911377625889557,0
QN0905,Woodhaven,Queens,2022-08,11.232140203594769,11.191593,0.04054703342875321,0
QN0905,Woodhaven,Queens,2022-09,16.974617027940646,16.869282,0.10533525914181752,0
QN0905,Woodhaven,Queens,2022-10,19.34022854991961,19.323887,0.016341678581717645,0
QN0905,Woodhaven,Queens,2023-03,16.866268408613365,16.840738,0.02553011210457612,0
QN0905,Woodhaven,Queens,2023-04,19.845855440113585,19.9077,-0.06184414484735257,0
QN0905,Woodhaven,Queens,2023-05,16.812094098949725,16.618925,0.19316900434523276,0
QN0905,Woodhaven,Queens,2023-06,15.602201183128424,15.617788,-0.015587131690912415,0
QN0905,Woodhaven,Queens,2023-07,13.633867932016155,13.660033,-0.02616529399702827,0
QN0905,Woodhaven,Queens,2023-08,13.23658966114946,13.185042,0.051547279862838025,0
QN0905,Woodhaven,Queens,2023-09,16.41481582808303,16.237463,0.1773528306465053,0
QN0905,Woodhaven,Queens,2023-10,17.245488576258847,17.226404,0.01908438619537023,0
QN0905,Woodhaven,Queens,2024-03,14.934051363943526,15.004103,-0.07005134296565352,0
QN0905,Woodhaven,Queens,2024-04,14.879877054279886,14.778515,0.10136219221933906,0
QN0905,Woodhaven,Queens,2024-05,18.29285856308923,18.169676,0.12318273606286212,0
QN0905,Woodhaven,Queens,2024-06,14.356192060864696,14.406968,-0.05077605589555745,0
QN0905,Woodhaven,Queens,2024-07,12.35174260331,12.18392,0.1678226966937899,0
QN0905,Woodhaven,Queens,2024-08,12.478149325858496,12.649934,-0.1717844891439455,0
QN0905,Woodhaven,Queens,2024-09,15.11463239615566,15.070344,0.04428842490321827,0
QN0905,Woodhaven,Queens,2024-10,18.708194937177137,18.68606,0.02213498539490999,0
QN0905,Woodhaven,Queens,2025-03,15.728607905676917,15.6163435,0.11226440744693633,0
QN0905,Woodhaven,Queens,2025-04,15.493852563801145,15.500766,-0.006913236674929379,0
QN0905,Woodhaven,Queens,2025-05,17.73305736323161,17.302353,0.43070445795817136,0
QN0905,Woodhaven,Queens,2025-06,12.640672254849417,12.555661,0.08501105337236581,0
QN0905,Woodhaven,Queens,2025-07,10.582048487631084,10.5311365,0.05091197487473664,0
QN0905,Woodhaven,Queens,2025-08,10.437583661861376,10.538212,-0.1006281606483892,0
QN0905,Woodhaven,Queens,2025-09,15.475794460579928,15.541708,-0.06591353197378247,0
QN0905,Woodhaven,Queens,2025-10,14.825702744616244,14.74598,0.07972248185989628,0
QN1002,Ozone Park,Queens,2022-03,15.54662356203152,15.426866,0.11975798433376639,0
QN1002,Ozone Park,Queens,2022-04,13.890454041677646,13.938707,-0.04825331000692401,0
QN1002,Ozone Park,Queens,2022-05,17.68361649152039,17.677261,0.006355138981327002,0
QN1002,Ozone Park,Queens,2022-06,12.554833460747105,12.859021,-0.30418772608150846,0
QN1002,Ozone Park,Queens,2022-07,11.130171507754524,11.111637,0.01853439227600795,0
QN1002,Ozone Park,Queens,2022-08,11.076746684517303,11.072177,0.0045697512287290465,0
QN1002,Ozone Park,Queens,2022-09,16.739777947662805,16.625624,0.11415424465987556,0
QN1002,Ozone Park,Queens,2022-10,19.072661895688153,19.044907,0.027755279477215566,0
QN1002,Ozone Park,Queens,2023-03,16.63292830118836,16.573841,0.05908720621765795,0
QN1002,Ozone Park,Queens,2023-04,19.57129357923555,19.489576,0.08171723951387122,0
QN1002,Ozone Park,Queens,2023-05,16.57950347795114,16.23869,0.3408140553437171,0
QN1002,Ozone Park,Queens,2023-06,15.386349092319854,15.369076,0.017273317173369662,0
QN1002,Ozone Park,Queens,2023-07,13.445247181367463,13.42619,0.01905680508572516,0
QN1002,Ozone Park,Queens,2023-08,13.053465144294506,13.072691,-0.01922581945061097,0
QN1002,Ozone Park,Queens,2023-09,16.18772144087818,15.89707,0.29065150984790833,0
QN1002,Ozone Park,Queens,2023-10,17.006902063848912,17.082203,-0.075300847528041,0
QN1002,Ozone Park,Queens,2024-03,14.727442939060786,14.887613,-0.16017035744800268,0
QN1002,Ozone Park,Queens,2024-04,14.674018115823564,14.615924,0.05809423429280258,0
QN1002,Ozone Park,Queens,2024-05,18.039781979768534,18.074244,-0.03446156576369219,0
QN1002,Ozone Park,Queens,2024-06,14.157578157863757,14.273388,-0.11580975107179015,0
QN1002,Ozone Park,Queens,2024-07,12.180859698086552,12.015381,0.165478838711552,0
QN1002,Ozone Park,Queens,2024-08,12.305517618973402,12.490245,-0.18472724644407812,0
QN1002,Ozone Park,Queens,2024-09,14.90552568318486,14.998011,-0.09248495219111597,0
QN1002,Ozone Park,Queens,2024-10,18.4493722912539,18.464787,-0.015414238287114301,0
QN1002,Ozone Park,Queens,2025-03,15.511007013206706,15.440397,0.07060975063346397,0
QN1002,Ozone Park,Queens,2025-04,15.279499445845412,15.33014,-0.050640667985154764,0
QN1002,Ozone Park,Queens,2025-05,17.487725472983907,17.30959,0.1781360869975792,0
QN1002,Ozone Park,Queens,2025-06,12.465792088685069,12.467871,-0.0020786235952048315,0
QN1002,Ozone Park,Queens,2025-07,10.435648805670642,10.5103035,-0.07465469164381133,0
QN1002,Ozone Park,Queens,2025-08,10.293182610371383,10.571515,-0.2783324729416048,0
QN1002,Ozone Park,Queens,2025-09,15.261691171433004,15.438387,-0.17669574568125412,0
QN1002,Ozone Park,Queens,2025-10,14.620593292586344,14.677231,-0.05663754237459351,0
QN1003,Howard Beach-Lindenwood,Queens,2022-03,15.94843126247541,16.203232,-0.25480054904802785,0
QN1003,Howard Beach-Lindenwood,Queens,2022-04,14.24945748537322,14.377263,-0.1278055837796117,0
QN1003,Howard Beach-Lindenwood,Queens,2022-05,18.14065549099437,18.24861,-0.10795405185231033,0
QN1003,Howard Beach-Lindenwood,Queens,2022-06,12.87931734254887,13.201601,-0.3222836858935132,0
QN1003,Howard Beach-Lindenwood,Queens,2022-07,11.417834523536232,11.658618,-0.24078344979140454,0
QN1003,Howard Beach-Lindenwood,Queens,2022-08,11.36302891782326,11.373563,-0.010533894981914926,0
QN1003,Howard Beach-Lindenwood,Queens,2022-09,17.172423123398495,17.221731,-0.049308062514590745,0
QN1003,Howard Beach-Lindenwood,Queens,2022-10,19.565601239531688,20.001131,-0.43552981820757,0
QN1003,Howard Beach-Lindenwood,Queens,2023-03,17.062811911972545,17.303164,-0.24035161646983738,0
QN1003,Howard Beach-Lindenwood,Queens,2023-04,20.07712022618611,20.284477,-0.20735700770060816,0
QN1003,Howard Beach-Lindenwood,Queens,2023-05,17.00800630625957,17.200466,-0.19245984974628882,0
QN1003,Howard Beach-Lindenwood,Queens,2023-06,15.784014445336489,16.357014,-0.5729992570560896,0
QN1003,Howard Beach-Lindenwood,Queens,2023-07,13.792744104431767,13.735325,0.0574192448126265,0
QN1003,Howard Beach-Lindenwood,Queens,2023-08,13.390836329203294,13.417801,-0.02696457411701836,0
QN1003,Howard Beach-Lindenwood,Queens,2023-09,16.606098531031098,16.66074,-0.05464136765054306,0
QN1003,Howard Beach-Lindenwood,Queens,2023-10,17.446451151963362,17.651484,-0.20503238380323907,0
QN1003,Howard Beach-Lindenwood,Queens,2024-03,15.108078641543145,15.217785,-0.10970624004865215,0
QN1003,Howard Beach-Lindenwood,Queens,2024-04,15.05327303583017,14.915909,0.13736422235360735,0
QN1003,Howard Beach-Lindenwood,Queens,2024-05,18.506026195747527,18.62246,-0.11643321587356681,0
QN1003,Howard Beach-Lindenwood,Queens,2024-06,14.523485513938088,15.064016,-0.5405308282249983,0
QN1003,Howard Beach-Lindenwood,Queens,2024-07,12.495678102558053,12.556884,-0.061205709392631036,0
QN1003,Howard Beach-Lindenwood,Queens,2024-08,12.623557849221658,12.796441,-0.1728832289643769,0
QN1003,Howard Beach-Lindenwood,Queens,2024-09,15.290763993919724,15.534253,-0.24348912650263976,0
QN1003,Howard Beach-Lindenwood,Queens,2024-10,18.92620250621366,19.02377,-0.09756687244844997,0
QN1003,Howard Beach-Lindenwood,Queens,2025-03,15.911894192000094,15.885993,0.025901188154879407,0
QN1003,Howard Beach-Lindenwood,Queens,2025-04,15.67440323391054,16.014317,-0.33991332492735005,0
QN1003,Howard Beach-Lindenwood,Queens,2025-05,17.93970160338013,18.141996,-0.20229478028686287,0
QN1003,Howard Beach-Lindenwood,Queens,2025-06,12.78797466636058,12.907584,-0.11960952400807301,0
QN1003,Howard Beach-Lindenwood,Queens,2025-07,10.705361649267571,10.696384,0.008977219335930542,0
QN1003,Howard Beach-Lindenwood,Queens,2025-08,10.559213367366308,10.6097,-0.05048683557558675,0
QN1003,Howard Beach-Lindenwood,Queens,2025-09,15.656134698672885,15.97758,-0.3214453718227208,0
QN1003,Howard Beach-Lindenwood,Queens,2025-10,14.998467430117197,15.128286,-0.1298189315771392,0
QN1101,Auburndale,Queens,2022-03,12.817764487361655,13.011712,-0.19394758691812974,0
QN1101,Auburndale,Queens,2022-04,11.45229816740217,11.464344,-0.012045857256033798,0
QN1101,Auburndale,Queens,2022-05,14.579656513115838,14.9658165,-0.3861599846868966,0
QN1101,Auburndale,Queens,2022-06,10.351115651305806,10.40262,-0.051504664245952014,0
QN1101,Auburndale,Queens,2022-07,9.176520967469688,9.19088,-0.014358854307655378,0
QN1101,Auburndale,Queens,2022-08,9.132473666825833,8.94583,0.18664332167202424,0
QN1101,Auburndale,Queens,2022-09,13.801487535074408,13.793471,0.008016198709661637,0
QN1101,Auburndale,Queens,2022-10,15.724886329856057,16.063286,-0.3383994977806619,0
QN1101,Auburndale,Queens,2023-03,13.7133929337867,13.983951,-0.270557681142499,0
QN1101,Auburndale,Queens,2023-04,16.135994469198696,16.222063,-0.08606859537649925,0
QN1101,Auburndale,Queens,2023-05,13.669345633142845,13.5682745,0.10107113515700483,0
QN1101,Auburndale,Queens,2023-06,12.685622585430094,12.443707,0.24191511930460585,0
QN1101,Auburndale,Queens,2023-07,11.085237328703382,11.245,-0.15976255685569996,0
QN1101,Auburndale,Queens,2023-08,10.762223790648449,10.792348,-0.030124117371570946,0
QN1101,Auburndale,Queens,2023-09,13.346332095087911,13.293011,0.05332138341798931,0
QN1101,Auburndale,Queens,2023-10,14.02172403829368,14.213,-0.19127625925270664,0
QN1101,Auburndale,Queens,2024-03,12.142372544155888,12.254719,-0.11234623636168983,0
QN1101,Auburndale,Queens,2024-04,12.098325243512036,12.054384,0.043941011944653496,0
QN1101,Auburndale,Queens,2024-05,14.873305184074868,15.106137,-0.2328320916209332,0
QN1101,Auburndale,Queens,2024-06,11.672534670621442,11.764798,-0.0922634937462341,0
QN1101,Auburndale,Queens,2024-07,10.042784546798824,10.078773,-0.03598799806201569,0
QN1101,Auburndale,Queens,2024-08,10.145561581634484,10.298536,-0.15297471902469617,0
QN1101,Auburndale,Queens,2024-09,12.289196879635403,12.314184,-0.024987309207370245,0
QN1101,Auburndale,Queens,2024-10,15.211001155677751,15.5032015,-0.29220032900242465,0
QN1101,Auburndale,Queens,2025-03,12.788399620265755,12.686739,0.10166065237024746,0
QN1101,Auburndale,Queens,2025-04,12.597527984142385,12.742938,-0.14541005754462688,0
QN1101,Auburndale,Queens,2025-05,14.418149744088373,14.602804,-0.18465443987158814,0
QN1101,Auburndale,Queens,2025-06,10.277703483566048,10.329419,-0.05171565248131493,0
QN1101,Auburndale,Queens,2025-07,8.603906059099579,8.540843,0.06306304915084837,0
QN1101,Auburndale,Queens,2025-08,8.486446590715966,8.282498,0.20394823103579007,0
QN1101,Auburndale,Queens,2025-09,12.582845550594437,12.749241,-0.16639532464970408,0
QN1101,Auburndale,Queens,2025-10,12.05427794286818,12.013123,0.04115538427443077,0
QN1102,Bayside,Queens,2022-03,14.219764527336116,14.219116,0.0006483163986157336,0
QN1102,Bayside,Queens,2022-04,12.704944251228143,12.605973,0.09897100751476451,0
QN1102,Bayside,Queens,2022-05,16.17437133521737,16.238895,-0.06452408104239638,0
QN1102,Bayside,Queens,2022-06,11.483314996302362,11.368736,0.11457872921251777,0
QN1102,Bayside,Queens,2022-07,10.180243791048191,10.316047,-0.13580292373452352,0
QN1102,Bayside,Queens,2022-08,10.131378620851162,9.958333,0.17304560540926772,0
QN1102,Bayside,Queens,2022-09,15.311086661736482,15.132781,0.17830563298892343,0
QN1102,Bayside,Queens,2022-10,17.444865760340186,17.568764,-0.1238979725699707,0
QN1102,Bayside,Queens,2023-03,15.21335632134242,15.064482,0.14887458611292814,0
QN1102,Bayside,Queens,2023-04,17.900940682179144,17.856325,0.04461553264301088,0
QN1102,Bayside,Queens,2023-05,15.16449115114539,14.966196,0.19829509096472542,0
QN1102,Bayside,Queens,2023-06,14.073169016745023,13.994488,0.07868125429385131,0
QN1102,Bayside,Queens,2023-07,12.297734499586218,12.096674,0.20106053413211633,0
QN1102,Bayside,Queens,2023-08,11.93938991814132,11.699644,0.23974582939620248,0
QN1102,Bayside,Queens,2023-09,14.806146569700491,14.928209,-0.12206273510907906,0
QN1102,Bayside,Queens,2023-10,15.55541251272164,15.690461,-0.13504864603080158,0
QN1102,Bayside,Queens,2024-03,13.470498584314967,13.329603,0.14089538912453747,0
QN1102,Bayside,Queens,2024-04,13.421633414117938,13.227619,0.19401424297535996,0
QN1102,Bayside,Queens,2024-05,16.500139136530912,16.589016,-0.08887682416244758,0
QN1102,Bayside,Queens,2024-06,12.9492701022133,12.81381,0.13545975370255725,0
QN1102,Bayside,Queens,2024-07,11.141258804923142,11.191548,-0.05028954255000251,0
QN1102,Bayside,Queens,2024-08,11.255277535382882,11.411446,-0.1561680822928988,0
QN1102,Bayside,Queens,2024-09,13.63338248497174,13.822966,-0.18958313697650198,0
QN1102,Bayside,Queens,2024-10,16.874772108041487,17.03296,-0.15818878368214584,0
QN1102,Bayside,Queens,2025-03,14.187187747204762,14.109735,0.07745321198747668,0
QN1102,Bayside,Queens,2025-04,13.97543867635096,14.159363,-0.1839241166177903,0
QN1102,Bayside,Queens,2025-05,15.99519904449492,16.057352,-0.06215302154511981,0
QN1102,Bayside,Queens,2025-06,11.401873045973977,11.419645,-0.017772263474265415,0
QN1102,Bayside,Queens,2025-07,9.544996578486789,9.566329,-0.021332423893582586,0
QN1102,Bayside,Queens,2025-08,9.41468945796137,9.268422,0.14626733119134983,0
QN1102,Bayside,Queens,2025-09,13.959150286285285,14.149768,-0.19061758938610218,0
QN1102,Bayside,Queens,2025-10,13.372768243920907,13.4402,-0.06743160806883886,0
QN1103,Douglaston-Little Neck,Queens,2022-03,16.10528937175056,16.191631,-0.08634194538811357,0
QN1103,Douglaston-Little Neck,Queens,2022-04,14.389605624244489,14.197884,0.19172201828745727,0
QN1103,Douglaston-Little Neck,Queens,2022-05,18.319074852403556,18.249506,0.0695688556994547,0
QN1103,Douglaston-Little Neck,Queens,2022-06,13.005989698836364,13.259754,-0.25376448207183877,0
QN1103,Douglaston-Little Neck,Queens,2022-07,11.530132711734364,11.520915,0.009217680301258468,0
QN1103,Douglaston-Little Neck,Queens,2022-08,11.474788074718038,11.389999,0.08478868506960069,0
QN1103,Douglaston-Little Neck,Queens,2022-09,17.341319598448482,17.127258,0.21406129766723225,0
QN1103,Douglaston-Little Neck,Queens,2022-10,19.758035414828004,19.508053,0.24998258890027003,0
QN1103,Douglaston-Little Neck,Queens,2023-03,17.230630324415834,17.39549,-0.16486032194647038,0
QN1103,Douglaston-Little Neck,Queens,2023-04,20.274585360313704,19.73899,0.535594576622298,0
QN1103,Douglaston-Little Neck,Queens,2023-05,17.17528568739951,16.956757,0.21852909560263356,0
QN1103,Douglaston-Little Neck,Queens,2023-06,15.939255460701585,15.593172,0.3460833873373268,0
QN1103,Douglaston-Little Neck,Queens,2023-07,13.92840031577511,13.791405,0.1369955916540171,0
QN1103,Douglaston-Little Neck,Queens,2023-08,13.522539644322062,13.451007,0.07153275497880074,0
QN1103,Douglaston-Little Neck,Queens,2023-09,16.76942501594646,16.68668,0.08274517585856955,0
QN1103,Douglaston-Little Neck,Queens,2023-10,17.618042783530107,17.560472,0.05757029512678713,0
QN1103,Douglaston-Little Neck,Queens,2024-03,15.256671604166913,15.5569515,-0.3002799186602356,0
QN1103,Douglaston-Little Neck,Queens,2024-04,15.201326967150584,15.461141,-0.259813665478811,0
QN1103,Douglaston-Little Neck,Queens,2024-05,18.688039099179058,18.647995,0.0400441040618702,0
QN1103,Douglaston-Little Neck,Queens,2024-06,14.66632880932611,14.482551,0.18377818829339532,0
QN1103,Douglaston-Little Neck,Queens,2024-07,12.618577239722088,12.753798,-0.13522029140584202,0
QN1103,Douglaston-Little Neck,Queens,2024-08,12.747714726093513,13.025927,-0.2782118638723077,0
QN1103,Douglaston-Little Neck,Queens,2024-09,15.44115372755466,15.764692,-0.3235385789638947,0
QN1103,Douglaston-Little Neck,Queens,2024-10,19.11234798297088,18.798462,0.31388606890838133,0
QN1103,Douglaston-Little Neck,Queens,2025-03,16.06839294707301,16.118063,-0.04967002594944958,0
QN1103,Douglaston-Little Neck,Queens,2025-04,15.828566186668937,15.922503,-0.09393728470557505,0
QN1103,Douglaston-Little Neck,Queens,2025-05,18.116144516677032,18.03411,0.08203540107644613,0
QN1103,Douglaston-Little Neck,Queens,2025-06,12.913748637142488,13.243918,-0.33016978174178924,0
QN1103,Douglaston-Little Neck,Queens,2025-07,10.81065243052214,10.866911,-0.05625850392610232,0
QN1103,Douglaston-Little Neck,Queens,2025-08,10.66306673181194,10.936028,-0.2729607950435291,0
QN1103,Douglaston-Little Neck,Queens,2025-09,15.81011797433016,16.054163,-0.24404500479581692,0
QN1103,Douglaston-Little Neck,Queens,2025-10,15.14598233013426,15.239846,-0.09386389941896311,0
QN1104,Oakland Gardens-Hollis Hills,Queens,2022-03,19.174915426871177,19.26533,-0.09041393409073706,0
QN1104,Oakland Gardens-Hollis Hills,Queens,2022-04,17.13222684187803,17.332388,-0.20016108231630625,0
QN1104,Oakland Gardens-Hollis Hills,Queens,2022-05,21.81064263331395,21.840837,-0.030194845323745056,0
QN1104,Oakland Gardens-Hollis Hills,Queens,2022-06,15.484897337851296,15.417061,0.06783648580051427,0
QN1104,Oakland Gardens-Hollis Hills,Queens,2022-07,13.727745866889446,13.878666,-0.15092005718281953,0
QN1104,Oakland Gardens-Hollis Hills,Queens,2022-08,13.661852686728375,13.877136,-0.21528354374037484,0
QN1104,Oakland Gardens-Hollis Hills,Queens,2022-09,20.64652978380173,20.358326,0.2882038255497754,0
QN1104,Oakland Gardens-Hollis Hills,Queens,2022-10,23.523865317501755,23.046324,0.47754154125663817,0
QN1104,Oakland Gardens-Hollis Hills,Queens,2023-03,20.514743423479587,20.236116,0.27862701417782887,0
QN1104,Oakland Gardens-Hollis Hills,Queens,2023-04,24.1388683323384,23.601837,0.5370311741352758,0
QN1104,Oakland Gardens-Hollis Hills,Queens,2023-05,20.44885024331852,20.401867,0.046983330476724205,0
QN1104,Oakland Gardens-Hollis Hills,Queens,2023-06,18.97723588638797,18.881496,0.09573945694461017,0
QN1104,Oakland Gardens-Hollis Hills,Queens,2023-07,16.58311700720245,16.353163,0.22995424169952017,0
QN1104,Oakland Gardens-Hollis Hills,Queens,2023-08,16.099900352687943,16.014395,0.08550559255610679,0
QN1104,Oakland Gardens-Hollis Hills,Queens,2023-09,19.96563358880401,19.852285,0.11334820367217446,0
QN1104,Oakland Gardens-Hollis Hills,Queens,2023-10,20.97599568460707,21.039019,-0.06302294637437456,0
QN1104,Oakland Gardens-Hollis Hills,Queens,2024-03,18.164553331068117,18.238865,-0.07431156761352398,0
QN1104,Oakland Gardens-Hollis Hills,Queens,2024-04,18.098660150907044,18.163778,-0.065118154146667,0
QN1104,Oakland Gardens-Hollis Hills,Queens,2024-05,22.249930501054415,22.158329,0.09160149104464921,0
QN1104,Oakland Gardens-Hollis Hills,Queens,2024-06,17.461692742683375,17.077682,0.38401024756618796,0
QN1104,Oakland Gardens-Hollis Hills,Queens,2024-07,15.02364507672381,14.967706,0.05593935010027451,0
QN1104,Oakland Gardens-Hollis Hills,Queens,2024-08,15.177395830432973,15.404983,-0.2275867364005233,0
QN1104,Oakland Gardens-Hollis Hills,Queens,2024-09,18.384197264938347,18.48294,-0.09874340888977784,0
QN1104,Oakland Gardens-Hollis Hills,Queens,2024-10,22.755111548955945,22.440126,0.3149851298885622,0
QN1104,Oakland Gardens-Hollis Hills,Queens,2025-03,19.13098664009713,18.812332,0.3186544867768184,0
QN1104,Oakland Gardens-Hollis Hills,Queens,2025-04,18.84544952606583,19.032007,-0.18655769134139533,0
QN1104,Oakland Gardens-Hollis Hills,Queens,2025-05,21.569034306056697,21.445162,0.12387248659868888,0
QN1104,Oakland Gardens-Hollis Hills,Queens,2025-06,15.37507537091618,15.38463,-0.00955483233089005,0
QN1104,Oakland Gardens-Hollis Hills,Queens,2025-07,12.871134524795544,13.007593,-0.13645863011168302,0
QN1104,Oakland Gardens-Hollis Hills,Queens,2025-08,12.69541937769936,13.165837,-0.4704179102034729,0
QN1104,Oakland Gardens-Hollis Hills,Queens,2025-09,18.823485132678808,18.853838,-0.030352834240137128,0
QN1104,Oakland Gardens-Hollis Hills,Queens,2025-10,18.032766970745975,18.081564,-0.04879697883898615,0
QN1201,Jamaica,Queens,2022-03,19.073611231297644,19.332796,-0.259184865504114,0
QN1201,Jamaica,Queens,2022-04,17.041714502190334,17.237234,-0.19551961341025148,0
QN1201,Jamaica,Queens,2022-05,21.69541346240385,21.793884,-0.09847081493990117,0
QN1201,Jamaica,Queens,2022-06,15.403088107748957,15.294018,0.10907031600090988,0
QN1201,Jamaica,Queens,2022-07,13.655219953678152,13.935986,-0.28076561150739465,0
QN1201,Jamaica,Queens,2022-08,13.589674897900498,14.114198,-0.5245228331175689,0
QN1201,Jamaica,Queens,2022-09,20.53745081033194,20.421757,0.11569406594717435,0
QN1201,Jamaica,Queens,2022-10,23.39958491262288,23.100819,0.2987662785896781,0
QN1201,Jamaica,Queens,2023-03,20.40636069877663,20.063665,0.3426953087619822,0
QN1201,Jamaica,Queens,2023-04,24.011338766547663,23.551506,0.4598327240671942,0
QN1201,Jamaica,Queens,2023-05,20.340815642998976,20.222588,0.11822805754975718,0
QN1201,Jamaica,Queens,2023-06,18.87697606396468,19.31875,-0.4417743175050468,0
QN1201,Jamaica,Queens,2023-07,16.495505704043207,16.263903,0.23160303985863706,0
QN1201,Jamaica,Queens,2023-08,16.01484196167374,15.746447,0.2683953521766682,0
QN1201,Jamaica,Queens,2023-09,19.860151900629504,19.953697,-0.09354530396034022,0
QN1201,Jamaica,Queens,2023-10,20.865176089220217,20.95614,-0.09096442896825963,0
QN1201,Jamaica,Queens,2024-03,18.06858704270693,18.014313,0.05427429856630539,0
QN1201,Jamaica,Queens,2024-04,18.003041986929276,18.001932,0.001109842764236646,0
QN1201,Jamaica,Queens,2024-05,22.13238050092155,21.855509,0.27687169660026,0
QN1201,Jamaica,Queens,2024-06,17.36943978107861,16.699572,0.6698681715815411,0
QN1201,Jamaica,Queens,2024-07,14.94427271730537,15.093303,-0.14903000944023503,0
QN1201,Jamaica,Queens,2024-08,15.097211180786566,14.971303,0.12590819464154634,0
QN1201,Jamaica,Queens,2024-09,18.28707056196578,18.495447,-0.20837659684769605,0
QN1201,Jamaica,Queens,2024-10,22.634892595216908,22.383474,0.2514182452413216,0
QN1201,Jamaica,Queens,2025-03,19.029914527445875,18.922834,0.1070801310835705,0
QN1201,Jamaica,Queens,2025-04,18.745885952409367,18.851213,-0.10532750279082848,0
QN1201,Jamaica,Queens,2025-05,21.455081591219113,21.282133,0.17294848880212044,0
QN1201,Jamaica,Queens,2025-06,15.293846348119532,15.145765,0.148081043554102,0
QN1201,Jamaica,Queens,2025-07,12.803134228568636,13.0206,-0.21746609034005537,0
QN1201,Jamaica,Queens,2025-08,12.628347413161556,12.717801,-0.08945368089361949,0
QN1201,Jamaica,Queens,2025-09,18.724037600483484,18.572044,0.15199322792489056,0
QN1201,Jamaica,Queens,2025-10,17.93749693115162,18.409422,-0.47192498962474616,0
QN1202,South Jamaica,Queens,2022-03,17.083998444,16.82194,0.2620589756162097,0
QN1202,South Jamaica,Queens,2022-04,15.26405359257732,14.989363,0.2746908759025146,0
QN1202,South Jamaica,Queens,2022-05,19.43231438131959,19.238,0.19431351156861254,0
QN1202,South Jamaica,Queens,2022-06,13.796356131752578,13.934181,-0.13782508162632823,0
QN1202,South Jamaica,Queens,2022-07,12.23081217353952,12.036559,0.19425306862008718,0
QN1202,South Jamaica,Queens,2022-08,12.172104275106529,12.107203,0.06490174519930214,0
QN1202,South Jamaica,Queens,2022-09,18.395141509003437,18.194147,0.2009943990180858,0
QN1202,South Jamaica,Queens,2022-10,20.95871974057732,21.09276,-0.1340403454822514,0
QN1202,South Jamaica,Queens,2023-03,18.277725712137457,18.19153,0.08619548447632397,0
QN1202,South Jamaica,Queens,2023-04,21.50666012595189,21.277655,0.2290054781247406,0
QN1202,South Jamaica,Queens,2023-05,18.21901781370447,17.853285,0.3657329778890386,0
QN1202,South Jamaica,Queens,2023-06,16.90787474870103,17.006983,-0.09910805464369687,0
QN1202,South Jamaica,Queens,2023-07,14.77482110563574,14.711297,0.06352407041845431,0
QN1202,South Jamaica,Queens,2023-08,14.344296517127148,14.305985,0.03831106638251924,0
QN1202,South Jamaica,Queens,2023-09,17.788493225195875,17.62219,0.16630274973200798,0
QN1202,South Jamaica,Queens,2023-10,18.688681001168383,18.465145,0.2235358900843991,0
QN1202,South Jamaica,Queens,2024-03,16.18381066802749,16.037771,0.14603944305190453,0
QN1202,South Jamaica,Queens,2024-04,16.125102769594502,15.747198,0.3779046647361035,0
QN1202,South Jamaica,Queens,2024-05,19.823700370872853,19.53156,0.29213947304570453,0
QN1202,South Jamaica,Queens,2024-06,15.557593084742267,15.770264,-0.2126705871327328,0
QN1202,South Jamaica,Queens,2024-07,13.38540084272165,13.126264,0.25913722425241126,0
QN1202,South Jamaica,Queens,2024-08,13.522385939065291,13.730625,-0.20823921352259944,0
QN1202,South Jamaica,Queens,2024-09,16.379503662804122,16.312904,0.06659930489396615,0
QN1202,South Jamaica,Queens,2024-10,20.273794258859105,19.869455,0.4043389213346913,0
QN1202,South Jamaica,Queens,2025-03,17.044859845044673,16.741398,0.3034619873786575,0
QN1202,South Jamaica,Queens,2025-04,16.790458951835053,17.008793,-0.21833392536221297,0
QN1202,South Jamaica,Queens,2025-05,19.21705208706529,19.021841,0.19521103787095484,0
QN1202,South Jamaica,Queens,2025-06,13.69850963436426,13.752609,-0.05409961856542722,0
QN1202,South Jamaica,Queens,2025-07,11.467609493910652,11.633846,-0.16623678904833206,0
QN1202,South Jamaica,Queens,2025-08,11.311055098089348,11.842613,-0.5315581221254959,0
QN1202,South Jamaica,Queens,2025-09,16.77088965235739,16.943497,-0.17260705174417268,0
QN1202,South Jamaica,Queens,2025-10,16.066394871161513,16.156713,-0.09031861455626,0
QN1203,Baisley Park,Queens,2022-03,19.023685328461227,18.801325,0.22236048410087506,0
QN1203,Baisley Park,Queens,2022-04,16.997107166322746,16.573328,0.423779148134269,0
QN1203,Baisley Park,Queens,2022-05,21.63862489251088,21.61711,0.021515593804824817,0
QN1203,Baisley Park,Queens,2022-06,15.362769938791711,15.653763,-0.29099287859110134,0
QN1203,Baisley Park,Queens,2022-07,13.619476896091944,13.467972,0.15150509433413184,0
QN1203,Baisley Park,Queens,2022-08,13.554103406990702,13.50748,0.04662373932712782,0
QN1203,Baisley Park,Queens,2022-09,20.483693251722283,20.048244,0.43544877540392335,0
QN1203,Baisley Park,Queens,2022-10,23.33833560914315,22.973421,0.36491451234139305,0
QN1203,Baisley Park,Queens,2023-03,20.3529462735198,19.843569,0.5093774716399189,0
QN1203,Baisley Park,Queens,2023-04,23.948488174088073,23.553268,0.39521974147088557,0
QN1203,Baisley Park,Queens,2023-05,20.28757278441856,19.954723,0.3328494262642643,0
QN1203,Baisley Park,Queens,2023-06,18.8275648611575,18.775764,0.05180039582547025,0
QN1203,Baisley Park,Queens,2023-07,16.452328090479067,16.170586,0.28174245815484866,0
QN1203,Baisley Park,Queens,2023-08,15.97292250373663,15.765681,0.20724123695196184,0
QN1203,Baisley Park,Queens,2023-09,19.80816719767612,19.500698,0.3074691080765106,0
QN1203,Baisley Park,Queens,2023-10,20.81056069722849,20.462803,0.34775781026559827,0
QN1203,Baisley Park,Queens,2024-03,18.021291828908858,17.800846,0.2204457290553421,0
QN1203,Baisley Park,Queens,2024-04,17.955918339807617,17.513494,0.44242384823046876,0
QN1203,Baisley Park,Queens,2024-05,22.07444815318582,21.64526,0.4291882960080855,0
QN1203,Baisley Park,Queens,2024-06,17.32397461182895,17.09851,0.2254638696414517,0
QN1203,Baisley Park,Queens,2024-07,14.905155515083022,14.681001,0.22415480554933076,0
QN1203,Baisley Park,Queens,2024-08,15.057693656319252,15.268241,-0.21054727233065051,0
QN1203,Baisley Park,Queens,2024-09,18.23920345924633,18.205978,0.033225065691642186,0
QN1203,Baisley Park,Queens,2024-10,22.575644902962004,22.0236,0.5520452783282153,0
QN1203,Baisley Park,Queens,2025-03,18.98010300239373,18.482395,0.49770783027458876,0
QN1203,Baisley Park,Queens,2025-04,18.69681788295502,18.733862,-0.037044040262752986,0
QN1203,Baisley Park,Queens,2025-05,21.39892209913966,21.009306,0.3896161451601685,0
QN1203,Baisley Park,Queens,2025-06,15.253814123622975,14.900999,0.352815054409108,0
QN1203,Baisley Park,Queens,2025-07,12.769621537775803,12.878933,-0.10931141510505604,0
QN1203,Baisley Park,Queens,2025-08,12.595292233505829,13.03626,-0.4409674176782534,0
QN1203,Baisley Park,Queens,2025-09,18.67502671992127,18.634468,0.04055864130798881,0
QN1203,Baisley Park,Queens,2025-10,17.890544850706377,17.879908,0.010637242674150116,0
QN1204,Springfield Gardens (North)-Rochdale Village,Queens,2022-03,13.003630050486816,12.968423,0.035207160777343205,0
QN1204,Springfield Gardens (North)-Rochdale Village,Queens,2022-04,11.618363618991657,11.575568,0.04279541983394175,0
QN1204,Springfield Gardens (North)-Rochdale Village,Queens,2022-05,14.791070607254763,14.967705,-0.17663416569445545,0
QN1204,Springfield Gardens (North)-Rochdale Village,Queens,2022-06,10.50121327101169,10.419209,0.08200474440036132,0
QN1204,Springfield Gardens (North)-Rochdale Village,Queens,2022-07,9.309586233166392,9.204469,0.10511750605457593,0
QN1204,Springfield Gardens (North)-Rochdale Village,Queens,2022-08,9.264900219247194,9.2991295,-0.03422926683679073,0
QN1204,Springfield Gardens (North)-Rochdale Village,Queens,2022-09,14.001617694682253,13.900641,0.10097625333703775,0
QN1204,Springfield Gardens (North)-Rochdale Village,Queens,2022-10,15.95290696915393,16.3038,-0.35089361373181305,0
QN1204,Springfield Gardens (North)-Rochdale Village,Queens,2023-03,13.912245666843855,14.138509,-0.2262631298480393,0
QN1204,Springfield Gardens (North)-Rochdale Village,Queens,2023-04,16.36997643239978,16.427906,-0.05792960397717195,0
QN1204,Springfield Gardens (North)-Rochdale Village,Queens,2023-05,13.867559652924657,13.685791,0.18176863729965653,0
QN1204,Springfield Gardens (North)-Rochdale Village,Queens,2023-06,12.86957200872922,12.828398,0.041174257874727616,0
QN1204,Springfield Gardens (North)-Rochdale Village,Queens,2023-07,11.245980169665,11.530743,-0.2847624755986722,0
QN1204,Springfield Gardens (North)-Rochdale Village,Queens,2023-08,10.918282734257543,11.028994,-0.11071087230983956,0
QN1204,Springfield Gardens (North)-Rochdale Village,Queens,2023-09,13.5398622175172,13.264711,0.2751508375123173,0
QN1204,Springfield Gardens (North)-Rochdale Village,Queens,2023-10,14.225047764278246,14.323232,-0.09818393280427351,0
QN1204,Springfield Gardens (North)-Rochdale Village,Queens,2024-03,12.31844450372577,12.37597,-0.05752538305401522,0
QN1204,Springfield Gardens (North)-Rochdale Village,Queens,2024-04,12.273758489806571,12.189609,0.08414991589299703,0
QN1204,Springfield Gardens (North)-Rochdale Village,Queens,2024-05,15.088977366716088,15.288409,-0.19943186637717325,0
QN1204,Springfield Gardens (North)-Rochdale Village,Queens,2024-06,11.84179368858765,11.93276,-0.09096655005981091,0
QN1204,Springfield Gardens (North)-Rochdale Village,Queens,2024-07,10.1884111735773,10.205878,-0.017467084174164427,0
QN1204,Springfield Gardens (North)-Rochdale Village,Queens,2024-08,10.292678539388762,10.375724,-0.0830452994173907,0
QN1204,Springfield Gardens (North)-Rochdale Village,Queens,2024-09,12.467397883456432,12.380556,0.08684177688904882,0
QN1204,Springfield Gardens (North)-Rochdale Village,Queens,2024-10,15.43157014009661,15.633752,-0.2021817291050496,0
QN1204,Springfield Gardens (North)-Rochdale Village,Queens,2025-03,12.973839374540685,13.090177,-0.1163372077957412,0
QN1204,Springfield Gardens (North)-Rochdale Village,Queens,2025-04,12.780199980890822,12.621569,0.15863130108125212,0
QN1204,Springfield Gardens (North)-Rochdale Village,Queens,2025-05,14.627221889551034,14.707919,-0.08069723123754002,0
QN1204,Springfield Gardens (North)-Rochdale Village,Queens,2025-06,10.426736581146358,10.484392,-0.057655584991337605,0
QN1204,Springfield Gardens (North)-Rochdale Village,Queens,2025-07,8.72866805221681,8.676368,0.05230029251221957,0
QN1204,Springfield Gardens (North)-Rochdale Village,Queens,2025-08,8.609505348432279,8.506622,0.10288303397915399,0
QN1204,Springfield Gardens (North)-Rochdale Village,Queens,2025-09,12.765304642917757,12.695977,0.06932743191922164,0
QN1204,Springfield Gardens (North)-Rochdale Village,Queens,2025-10,12.229072475887373,12.038159,0.19091310546500928,0
QN1306,Springfield Gardens (South)-Brookville,Queens,2022-03,18.735769202730232,18.504967,0.2308024668903883,0
QN1306,Springfield Gardens (South)-Brookville,Queens,2022-04,16.7398625179033,16.630121,0.10974128682419959,0
QN1306,Springfield Gardens (South)-Brookville,Queens,2022-05,21.31113266702305,21.061663,0.24946999307285367,0
QN1306,Springfield Gardens (South)-Brookville,Queens,2022-06,15.13026035272029,15.108013,0.022247199644118254,0
QN1306,Springfield Gardens (South)-Brookville,Queens,2022-07,13.41335137652508,13.238722,0.17462952899090034,0
QN1306,Springfield Gardens (South)-Brookville,Queens,2022-08,13.34896728991776,13.381263,-0.03229548931808068,0
QN1306,Springfield Gardens (South)-Brookville,Queens,2022-09,20.17368047029372,19.897758,0.2759219864070026,0
QN1306,Springfield Gardens (South)-Brookville,Queens,2022-10,22.985118918813377,22.634344,0.3507748178612289,0
QN1306,Springfield Gardens (South)-Brookville,Queens,2023-03,20.04491229707908,19.829502,0.215410191366189,0
QN1306,Springfield Gardens (South)-Brookville,Queens,2023-04,23.5860370604817,22.696415,0.889622112971935,0
QN1306,Springfield Gardens (South)-Brookville,Queens,2023-05,19.98052821047176,19.645752,0.33477625734676053,0
QN1306,Springfield Gardens (South)-Brookville,Queens,2023-06,18.54261694290827,18.55175,-0.009133240197197523,0
QN1306,Springfield Gardens (South)-Brookville,Queens,2023-07,16.203328462842297,15.804314,0.39901480317432814,0
QN1306,Springfield Gardens (South)-Brookville,Queens,2023-08,15.731178494388612,15.415315,0.3158638200111703,0
QN1306,Springfield Gardens (South)-Brookville,Queens,2023-09,19.508378242018075,19.25395,0.25442812299952067,0
QN1306,Springfield Gardens (South)-Brookville,Queens,2023-10,20.495600903330324,20.218897,0.27670403748559735,0
QN1306,Springfield Gardens (South)-Brookville,Queens,2024-03,17.748546541417987,17.68731,0.061237276281268294,0
QN1306,Springfield Gardens (South)-Brookville,Queens,2024-04,17.684162454810664,17.43376,0.2504027654796097,0
QN1306,Springfield Gardens (South)-Brookville,Queens,2024-05,21.74035991107185,21.423931,0.31642878924567697,0
QN1306,Springfield Gardens (South)-Brookville,Queens,2024-06,17.061782950939904,16.877115,0.18466770130611465,0
QN1306,Springfield Gardens (South)-Brookville,Queens,2024-07,14.679571746469048,14.496521,0.1830507503752976,0
QN1306,Springfield Gardens (South)-Brookville,Queens,2024-08,14.829801281886128,14.774362,0.055439671473530794,0
QN1306,Springfield Gardens (South)-Brookville,Queens,2024-09,17.96316016344239,17.800621,0.162539130727545,0
QN1306,Springfield Gardens (South)-Brookville,Queens,2024-10,22.23397124172797,21.63528,0.598690632597112,0
QN1306,Springfield Gardens (South)-Brookville,Queens,2025-03,18.69284647832535,18.528843,0.16400355229995967,0
QN1306,Springfield Gardens (South)-Brookville,Queens,2025-04,18.41384876969363,18.503597,-0.08974848982785488,0
QN1306,Springfield Gardens (South)-Brookville,Queens,2025-05,21.075057682796206,20.747118,0.3279396865803861,0
QN1306,Springfield Gardens (South)-Brookville,Queens,2025-06,15.02295354170809,15.092659,-0.06970545487394197,0
QN1306,Springfield Gardens (South)-Brookville,Queens,2025-07,12.576358250629916,12.613856,-0.03749806498287711,0
QN1306,Springfield Gardens (South)-Brookville,Queens,2025-08,12.404667353010394,12.484785,-0.08011772694566055,0
QN1306,Springfield Gardens (South)-Brookville,Queens,2025-09,18.39238740749119,18.472103,-0.07971571140529576,0
QN1306,Springfield Gardens (South)-Brookville,Queens,2025-10,17.619778368203345,17.660406,-0.04062774446755313,0
QN1401,Far Rockaway-Bayswater,Queens,2022-03,15.272585828684957,15.476711,-0.20412544450840286,0
QN1401,Far Rockaway-Bayswater,Queens,2022-04,13.645609331471094,13.9061365,-0.2605271812852532,0
QN1401,Far Rockaway-Bayswater,Queens,2022-05,17.37191034121897,17.489464,-0.11755346493337271,0
QN1401,Far Rockaway-Bayswater,Queens,2022-06,12.333531511137334,12.570506,-0.23697458474889643,0
QN1401,Far Rockaway-Bayswater,Queens,2022-07,10.93398183611466,11.508385,-0.5744028684751843,0
QN1401,Far Rockaway-Bayswater,Queens,2022-08,10.881498723301307,11.379563,-0.4980646083026965,0
QN1401,Far Rockaway-Bayswater,Queens,2022-09,16.444708681516445,16.154636,0.29007229845980476,0
QN1401,Far Rockaway-Bayswater,Queens,2022-10,18.73647127436608,19.013687,-0.27721585942298077,0
QN1401,Far Rockaway-Bayswater,Queens,2023-03,16.339742455889745,16.35368,-0.013937201092677043,0
QN1401,Far Rockaway-Bayswater,Queens,2023-04,19.226313660624015,19.16099,0.0653238992714762,0
QN1401,Far Rockaway-Bayswater,Queens,2023-05,16.287259343076396,16.237007,0.050252201963115084,0
QN1401,Far Rockaway-Bayswater,Queens,2023-06,15.115136490244904,15.4682,-0.3530632396745297,0
QN1401,Far Rockaway-Bayswater,Queens,2023-07,13.208250058026508,13.113143,0.09510709080238655,0
QN1401,Far Rockaway-Bayswater,Queens,2023-08,12.823373897395271,13.213866,-0.3904923364304125,0
QN1401,Far Rockaway-Bayswater,Queens,2023-09,15.90238318244516,15.806778,0.0956052283435973,0
QN1401,Far Rockaway-Bayswater,Queens,2023-10,16.7071242455832,16.745556,-0.038431632102348345,0
QN1401,Far Rockaway-Bayswater,Queens,2024-03,14.467844765546916,14.706388,-0.23854370796382618,0
QN1401,Far Rockaway-Bayswater,Queens,2024-04,14.415361652733566,14.475539,-0.06017755472493036,0
QN1401,Far Rockaway-Bayswater,Queens,2024-05,17.72179775997464,17.817375,-0.0955774231308304,0
QN1401,Far Rockaway-Bayswater,Queens,2024-06,13.908024895537846,14.176388,-0.26836289132738855,0
QN1401,Far Rockaway-Bayswater,Queens,2024-07,11.966149721443882,12.30828,-0.34213026970602023,0
QN1401,Far Rockaway-Bayswater,Queens,2024-08,12.088610318008367,12.608766,-0.5201552841034491,0
QN1401,Far Rockaway-Bayswater,Queens,2024-09,14.642788474924751,14.664936,-0.022147590749076684,0
QN1401,Far Rockaway-Bayswater,Queens,2024-10,18.124168291543658,18.077593,0.046575441812212404,0
QN1401,Far Rockaway-Bayswater,Queens,2025-03,15.237597086809387,15.275585,-0.03798808775115958,0
QN1401,Far Rockaway-Bayswater,Queens,2025-04,15.010170264618203,15.171231,-0.16106100521822242,0
QN1401,Far Rockaway-Bayswater,Queens,2025-05,17.179472260903353,17.141685,0.037786775063509026,0
QN1401,Far Rockaway-Bayswater,Queens,2025-06,12.246059656448418,12.497866,-0.2518060204314647,0
QN1401,Far Rockaway-Bayswater,Queens,2025-07,10.251701369541104,10.566476,-0.31477449868399354,0
QN1401,Far Rockaway-Bayswater,Queens,2025-08,10.111746402038836,10.373911,-0.26216450189182794,0
QN1401,Far Rockaway-Bayswater,Queens,2025-09,14.99267589368042,15.113484,-0.120808488948974,0
QN1401,Far Rockaway-Bayswater,Queens,2025-10,14.362878539920215,14.393111,-0.030232689022655634,0
QN1402,Rockaway Beach-Arverne-Edgemere,Queens,2022-03,19.065340677696454,18.92789,0.13744990010856384,0
QN1402,Rockaway Beach-Arverne-Edgemere,Queens,2022-04,17.034325004127417,17.31448,-0.2801548237534419,0
QN1402,Rockaway Beach-Arverne-Edgemere,Queens,2022-05,21.68600606294683,21.614231,0.07177495332769013,0
QN1402,Rockaway Beach-Arverne-Edgemere,Queens,2022-06,15.396409138345936,15.455933,-0.05952347884156417,0
QN1402,Rockaway Beach-Arverne-Edgemere,Queens,2022-07,13.649298881512356,13.718402,-0.06910302736215534,0
QN1402,Rockaway Beach-Arverne-Edgemere,Queens,2022-08,13.583782246881096,13.584702,-0.0009192912048412438,0
QN1402,Rockaway Beach-Arverne-Edgemere,Queens,2022-09,20.52854551779458,20.373716,0.15482916342446273,0
QN1402,Rockaway Beach-Arverne-Edgemere,Queens,2022-10,23.389438563359572,23.26962,0.11981766797383031,0
QN1402,Rockaway Beach-Arverne-Edgemere,Queens,2023-03,20.397512248532063,20.008005,0.3895071063201492,0
QN1402,Rockaway Beach-Arverne-Edgemere,Queens,2023-04,24.000927153251325,23.872078,0.12884921135679406,0
QN1402,Rockaway Beach-Arverne-Edgemere,Queens,2023-05,20.331995613900805,20.227768,0.1042276695648674,0
QN1402,Rockaway Beach-Arverne-Edgemere,Queens,2023-06,18.86879077380268,19.518965,-0.6501739936533752,0
QN1402,Rockaway Beach-Arverne-Edgemere,Queens,2023-07,16.488353048866923,16.006477,0.48187569290989174,0
QN1402,Rockaway Beach-Arverne-Edgemere,Queens,2023-08,16.00789772823769,16.11411,-0.10621321841758302,0
QN1402,Rockaway Beach-Arverne-Edgemere,Queens,2023-09,19.85154029327157,20.089952,-0.23841217560050154,0
QN1402,Rockaway Beach-Arverne-Edgemere,Queens,2023-10,20.85612869095088,20.914696,-0.058567048795215015,0
QN1402,Rockaway Beach-Arverne-Edgemere,Queens,2024-03,18.060752280017148,18.118525,-0.05777227137445351,0
QN1402,Rockaway Beach-Arverne-Edgemere,Queens,2024-04,17.99523564538589,18.229889,-0.2346532706297353,0
QN1402,Rockaway Beach-Arverne-Edgemere,Queens,2024-05,22.122783627155226,21.695257,0.4275264402655772,0
QN1402,Rockaway Beach-Arverne-Edgemere,Queens,2024-06,17.361908177283716,17.545399,-0.18349053487448685,0
QN1402,Rockaway Beach-Arverne-Edgemere,Queens,2024-07,14.93779269592712,15.041689,-0.10389622314026248,0
QN1402,Rockaway Beach-Arverne-Edgemere,Queens,2024-08,15.09066484340006,15.204333,-0.1136684619588273,0
QN1402,Rockaway Beach-Arverne-Edgemere,Queens,2024-09,18.279141062121344,18.72034,-0.4411996666384219,0
QN1402,Rockaway Beach-Arverne-Edgemere,Queens,2024-10,22.62507782599488,22.581802,0.04327545783081632,0
QN1402,Rockaway Beach-Arverne-Edgemere,Queens,2025-03,19.021662921275617,19.120808,-0.09914472642946137,0
QN1402,Rockaway Beach-Arverne-Edgemere,Queens,2025-04,18.73775750454016,19.20749,-0.4697334164803486,0
QN1402,Rockaway Beach-Arverne-Edgemere,Queens,2025-05,21.44577840263221,21.45694,-0.011161294633414087,0
QN1402,Rockaway Beach-Arverne-Edgemere,Queens,2025-06,15.287214747293838,15.534191,-0.24697638429795887,0
QN1402,Rockaway Beach-Arverne-Edgemere,Queens,2025-07,12.797582631305984,12.894132,-0.09654902915544206,0
QN1402,Rockaway Beach-Arverne-Edgemere,Queens,2025-08,12.622871605622626,12.420667,0.2022049109815125,0
QN1402,Rockaway Beach-Arverne-Edgemere,Queens,2025-09,18.715918626329746,19.19642,-0.4805020432259184,0
QN1402,Rockaway Beach-Arverne-Edgemere,Queens,2025-10,17.929719010754628,17.580296,0.3494234480104872,0
QN1403,Breezy Point-Belle Harbor-Rockaway Park-Broad Channel,Queens,2022-03,19.993236275503502,20.108414,-0.11517742078556026,0
QN1403,Breezy Point-Belle Harbor-Rockaway Park-Broad Channel,Queens,2022-04,17.863372617288352,17.943233,-0.07986087270188236,0
QN1403,Breezy Point-Belle Harbor-Rockaway Park-Broad Channel,Queens,2022-05,22.741447447394016,23.136505,-0.395057679559109,0
QN1403,Breezy Point-Belle Harbor-Rockaway Park-Broad Channel,Queens,2022-06,16.14574063485678,16.894547,-0.7488058739322838,0
QN1403,Breezy Point-Belle Harbor-Rockaway Park-Broad Channel,Queens,2022-07,14.313599853596436,14.592543,-0.2789427947189935,0
QN1403,Breezy Point-Belle Harbor-Rockaway Park-Broad Channel,Queens,2022-08,14.244894574299172,13.878633,0.36626202882798076,0
QN1403,Breezy Point-Belle Harbor-Rockaway Park-Broad Channel,Queens,2022-09,21.52765417980904,21.477673,0.04998160290474374,0
QN1403,Breezy Point-Belle Harbor-Rockaway Park-Broad Channel,Queens,2022-10,24.52778470912285,24.415262,0.11252248683281252,0
QN1403,Breezy Point-Belle Harbor-Rockaway Park-Broad Channel,Queens,2023-03,21.390243621214513,20.832186,0.5580578759752548,0
QN1403,Breezy Point-Belle Harbor-Rockaway Park-Broad Channel,Queens,2023-04,25.169033982563978,24.896881,0.2721528790483525,0
QN1403,Breezy Point-Belle Harbor-Rockaway Park-Broad Channel,Queens,2023-05,21.32153834191725,20.918898,0.4026407131330707,0
QN1403,Breezy Point-Belle Harbor-Rockaway Park-Broad Channel,Queens,2023-06,19.787120437611712,19.85021,-0.06308975220762392,0
QN1403,Breezy Point-Belle Harbor-Rockaway Park-Broad Channel,Queens,2023-07,17.290828623144495,16.87892,0.41190902170406574,0
QN1403,Breezy Point-Belle Harbor-Rockaway Park-Broad Channel,Queens,2023-08,16.7869899082979,16.458588,0.32840226181352605,0
QN1403,Breezy Point-Belle Harbor-Rockaway Park-Broad Channel,Queens,2023-09,20.817699627070656,20.659672,0.1580278436233904,0
QN1403,Breezy Point-Belle Harbor-Rockaway Park-Broad Channel,Queens,2023-10,21.871180576295355,22.38893,-0.5177487907700744,0
QN1403,Breezy Point-Belle Harbor-Rockaway Park-Broad Channel,Queens,2024-03,18.939755326278803,18.961527,-0.02177154444873608,0
QN1403,Breezy Point-Belle Harbor-Rockaway Park-Broad Channel,Queens,2024-04,18.87105004698154,18.758541,0.11250893980380638,0
QN1403,Breezy Point-Belle Harbor-Rockaway Park-Broad Channel,Queens,2024-05,23.199482642709103,22.839828,0.35965415149816593,0
QN1403,Breezy Point-Belle Harbor-Rockaway Park-Broad Channel,Queens,2024-06,18.206899013774667,17.514997,0.691901531474862,0
QN1403,Breezy Point-Belle Harbor-Rockaway Park-Broad Channel,Queens,2024-07,15.66480367977594,15.368618,0.2961856683013302,0
QN1403,Breezy Point-Belle Harbor-Rockaway Park-Broad Channel,Queens,2024-08,15.82511599813622,15.785634,0.039481957303699744,0
QN1403,Breezy Point-Belle Harbor-Rockaway Park-Broad Channel,Queens,2024-09,19.16877292393635,19.045753,0.12301944493244221,0
QN1403,Breezy Point-Belle Harbor-Rockaway Park-Broad Channel,Queens,2024-10,23.726223117321453,23.097418,0.6288052859005546,0
QN1403,Breezy Point-Belle Harbor-Rockaway Park-Broad Channel,Queens,2025-03,19.94743275597199,19.338072,0.6093609328518745,0
QN1403,Breezy Point-Belle Harbor-Rockaway Park-Broad Channel,Queens,2025-04,19.649709879017188,19.622135,0.02757471666367195,0
QN1403,Breezy Point-Belle Harbor-Rockaway Park-Broad Channel,Queens,2025-05,22.48952808997072,21.799267,0.690261274785172,0
QN1403,Breezy Point-Belle Harbor-Rockaway Park-Broad Channel,Queens,2025-06,16.03123183602801,17.100315,-1.0690832579661311,0
QN1403,Breezy Point-Belle Harbor-Rockaway Park-Broad Channel,Queens,2025-07,13.420431222732018,13.490147,-0.06971541423087224,0
QN1403,Breezy Point-Belle Harbor-Rockaway Park-Broad Channel,Queens,2025-08,13.237217144605983,13.529233,-0.29201583421481736,0
QN1403,Breezy Point-Belle Harbor-Rockaway Park-Broad Channel,Queens,2025-09,19.626808119251432,19.454449,0.17235941930026044,0
QN1403,Breezy Point-Belle Harbor-Rockaway Park-Broad Channel,Queens,2025-10,18.80234476768428,18.782194,0.02015063011103635,0
SI0101,St. George-New Brighton,Staten Island,2022-03,36.97542705195337,36.477856,0.4975713695803208,0
SI0101,St. George-New Brighton,Staten Island,2022-04,29.302821880024855,30.514421,-1.2115995829878408,0
SI0101,St. George-New Brighton,Staten Island,2022-05,38.52627277819424,38.247047,0.279225353877834,0
SI0101,St. George-New Brighton,Staten Island,2022-06,31.180161443369062,31.30802,-0.12785819469246107,0
SI0101,St. George-New Brighton,Staten Island,2022-07,27.915223072335657,27.327,0.5882234080290161,0
SI0101,St. George-New Brighton,Staten Island,2022-08,31.588278739748244,31.118416,0.4698629072287126,0
SI0101,St. George-New Brighton,Staten Island,2022-09,30.77204414698989,31.138832,-0.3667879452952647,0
SI0101,St. George-New Brighton,Staten Island,2022-10,36.48568629629836,36.301796,0.183890336825705,0
SI0101,St. George-New Brighton,Staten Island,2023-03,32.89425408816161,33.312767,-0.4185129406469841,0
SI0101,St. George-New Brighton,Staten Island,2023-04,35.01646402933332,35.21133,-0.19486638448503868,0
SI0101,St. George-New Brighton,Staten Island,2023-05,13.05975348413364,15.032293,-1.972539835568508,0
SI0101,St. George-New Brighton,Staten Island,2023-06,9.713191653824396,10.815989,-1.1027968868250184,0
SI0101,St. George-New Brighton,Staten Island,2023-07,6.285006364239314,8.251301,-1.9662944475282638,0
SI0101,St. George-New Brighton,Staten Island,2023-08,12.488389269202791,14.324805,-1.8364159905017985,0
SI0101,St. George-New Brighton,Staten Island,2023-09,29.46606879857653,29.93078,-0.4647116121900723,0
SI0101,St. George-New Brighton,Staten Island,2023-10,36.15919245919502,35.52198,0.6372121735504876,0
SI0101,St. George-New Brighton,Staten Island,2024-03,37.13867397050504,35.83808,1.3005926106417576,0
SI0101,St. George-New Brighton,Staten Island,2024-04,34.77159365150582,34.794605,-0.023011603621135635,0
SI0101,St. George-New Brighton,Staten Island,2024-05,40.974976556469294,40.11195,0.8630266358149967,0
SI0101,St. George-New Brighton,Staten Island,2024-06,35.09808748860916,33.04572,2.052368341880644,0
SI0101,St. George-New Brighton,Staten Island,2024-07,36.24081591847085,34.716152,1.5246637273087416,0
SI0101,St. George-New Brighton,Staten Island,2024-08,33.383994843816616,31.686548,1.6974466107843895,0
SI0101,St. George-New Brighton,Staten Island,2024-09,35.26133440716083,33.94753,1.3138055680495029,0
SI0101,St. George-New Brighton,Staten Island,2024-10,36.56730975557419,35.876633,0.6906770651445058,0
SI0101,St. George-New Brighton,Staten Island,2025-03,34.20022943657497,33.78893,0.4113004509792688,0
SI0101,St. George-New Brighton,Staten Island,2025-04,37.873285103987556,37.46854,0.4047449123371649,0
SI0101,St. George-New Brighton,Staten Island,2025-05,39.8322481266076,38.876667,0.9555811039025244,0
SI0101,St. George-New Brighton,Staten Island,2025-06,30.60879722843822,31.00596,-0.3971632360393187,0
SI0101,St. George-New Brighton,Staten Island,2025-07,32.97587754743744,32.4525,0.5233781577890042,0
SI0101,St. George-New Brighton,Staten Island,2025-08,30.853667606265727,31.042818,-0.18915046319228068,0
SI0101,St. George-New Brighton,Staten Island,2025-09,37.13867397050504,36.594475,0.5441991780245701,0
SI0101,St. George-New Brighton,Staten Island,2025-10,34.77159365150582,34.213554,0.5580392691815987,0
SI0102,Tompkinsville-Stapleton-Clifton-Fox Hills,Staten Island,2022-03,23.580678925345765,23.853348,-0.27266885297454735,0
SI0102,Tompkinsville-Stapleton-Clifton-Fox Hills,Staten Island,2022-04,18.68755791213936,18.821653,-0.13409545394950584,0
SI0102,Tompkinsville-Stapleton-Clifton-Fox Hills,Staten Island,2022-05,24.569714023759825,24.82121,-0.2514968374462292,0
SI0102,Tompkinsville-Stapleton-Clifton-Fox Hills,Staten Island,2022-06,19.88481092600901,19.49765,0.3871607795246348,0
SI0102,Tompkinsville-Stapleton-Clifton-Fox Hills,Staten Island,2022-07,17.802631771453093,18.348148,-0.5455165744941723,0
SI0102,Tompkinsville-Stapleton-Clifton-Fox Hills,Staten Island,2022-08,20.1450833203285,20.62849,-0.4834071276695475,0
SI0102,Tompkinsville-Stapleton-Clifton-Fox Hills,Staten Island,2022-09,19.62453853168952,20.540068,-0.915529141039972,0
SI0102,Tompkinsville-Stapleton-Clifton-Fox Hills,Staten Island,2022-10,23.268352052162378,24.054844,-0.786491850425513,0
SI0102,Tompkinsville-Stapleton-Clifton-Fox Hills,Staten Island,2023-03,20.977954982150862,21.133087,-0.1551321760522626,0
SI0102,Tompkinsville-Stapleton-Clifton-Fox Hills,Staten Island,2023-04,22.331371432612215,22.300068,0.03130353100088712,0
SI0102,Tompkinsville-Stapleton-Clifton-Fox Hills,Staten Island,2023-05,8.32871661822367,8.346384,-0.017667430238244464,0
SI0102,Tompkinsville-Stapleton-Clifton-Fox Hills,Staten Island,2023-06,6.194482984803854,6.493086,-0.2986028764022004,0
SI0102,Tompkinsville-Stapleton-Clifton-Fox Hills,Staten Island,2023-07,4.008194872520141,3.7534554,0.2547394720532221,0
SI0102,Tompkinsville-Stapleton-Clifton-Fox Hills,Staten Island,2023-08,7.964335266176384,7.8977585,0.06657678228966546,0
SI0102,Tompkinsville-Stapleton-Clifton-Fox Hills,Staten Island,2023-09,18.791666869867154,19.244326,-0.4526587679502292,0
SI0102,Tompkinsville-Stapleton-Clifton-Fox Hills,Staten Island,2023-10,23.060134136706782,23.068245,-0.00811079737524878,0
SI0102,Tompkinsville-Stapleton-Clifton-Fox Hills,Staten Island,2024-03,23.68478788307356,23.351793,0.33299459388899066,0
SI0102,Tompkinsville-Stapleton-Clifton-Fox Hills,Staten Island,2024-04,22.17520799602052,22.126589,0.04861917460938869,0
SI0102,Tompkinsville-Stapleton-Clifton-Fox Hills,Staten Island,2024-05,26.131348389676763,26.180708,-0.04935954184179181,0
SI0102,Tompkinsville-Stapleton-Clifton-Fox Hills,Staten Island,2024-06,22.383425911476113,22.943193,-0.5597675241928322,0
SI0102,Tompkinsville-Stapleton-Clifton-Fox Hills,Staten Island,2024-07,23.112188615570684,23.571312,-0.4591233351129098,0
SI0102,Tompkinsville-Stapleton-Clifton-Fox Hills,Staten Island,2024-08,21.290281855334253,21.769154,-0.4788717396364497,0
SI0102,Tompkinsville-Stapleton-Clifton-Fox Hills,Staten Island,2024-09,22.48753486920391,23.235895,-0.7483602876564426,0
SI0102,Tompkinsville-Stapleton-Clifton-Fox Hills,Staten Island,2024-10,23.320406531026276,23.485474,-0.1650671017862244,0
SI0102,Tompkinsville-Stapleton-Clifton-Fox Hills,Staten Island,2025-03,21.810826643973233,21.788513,0.022313460379482564,0
SI0102,Tompkinsville-Stapleton-Clifton-Fox Hills,Staten Island,2025-04,24.15327819284864,24.017872,0.13540633615918551,0
SI0102,Tompkinsville-Stapleton-Clifton-Fox Hills,Staten Island,2025-05,25.402585685582192,25.563925,-0.16133910384651884,0
SI0102,Tompkinsville-Stapleton-Clifton-Fox Hills,Staten Island,2025-06,19.520429573961724,19.390266,0.13016315550469315,0
SI0102,Tompkinsville-Stapleton-Clifton-Fox Hills,Staten Island,2025-07,21.030009461014764,20.881763,0.14824600276281075,0
SI0102,Tompkinsville-Stapleton-Clifton-Fox Hills,Staten Island,2025-08,19.676593010553415,19.21185,0.4647437979069302,0
SI0102,Tompkinsville-Stapleton-Clifton-Fox Hills,Staten Island,2025-09,23.68478788307356,23.59762,0.08716787269758441,0
SI0102,Tompkinsville-Stapleton-Clifton-Fox Hills,Staten Island,2025-10,22.17520799602052,21.830097,0.3451107975341934,0
SI0103,Rosebank-Shore Acres-Park Hill,Staten Island,2022-03,29.019245379569224,29.128935,-0.1096894806602684,0
SI0103,Rosebank-Shore Acres-Park Hill,Staten Island,2022-04,22.997591812947796,23.28187,-0.284278075357868,0
SI0103,Rosebank-Shore Acres-Park Hill,Staten Island,2022-05,30.23638812175866,30.04384,0.19254771343346633,0
SI0103,Rosebank-Shore Acres-Park Hill,Staten Island,2022-06,24.470975132440273,24.627247,-0.15627172424918,0
SI0103,Rosebank-Shore Acres-Park Hill,Staten Island,2022-07,21.90856935940988,21.74128,0.16728975735910012,0
SI0103,Rosebank-Shore Acres-Park Hill,Staten Island,2022-08,24.79127585406907,24.704775,0.0865009975016875,0
SI0103,Rosebank-Shore Acres-Park Hill,Staten Island,2022-09,24.150674410811472,24.107008,0.04366643046479268,0
SI0103,Rosebank-Shore Acres-Park Hill,Staten Island,2022-10,28.634884513614665,28.783821,-0.14893659234236623,0
SI0103,Rosebank-Shore Acres-Park Hill,Staten Island,2023-03,25.81623816328123,26.037025,-0.2207872883789257,0
SI0103,Rosebank-Shore Acres-Park Hill,Staten Island,2023-04,27.48180191575099,27.529222,-0.04742057265233157,0
SI0103,Rosebank-Shore Acres-Park Hill,Staten Island,2023-05,10.24962309212158,10.780211,-0.5305883565478542,0
SI0103,Rosebank-Shore Acres-Park Hill,Staten Island,2023-06,7.623157174765425,8.28655,-0.6633923934108443,0
SI0103,Rosebank-Shore Acres-Park Hill,Staten Island,2023-07,4.93263111308351,5.3302755,-0.3976444224999858,0
SI0103,Rosebank-Shore Acres-Park Hill,Staten Island,2023-08,9.80120208184126,10.547504,-0.7463023432075673,0
SI0103,Rosebank-Shore Acres-Park Hill,Staten Island,2023-09,23.125712101599316,23.186281,-0.06056910262431714,0
SI0103,Rosebank-Shore Acres-Park Hill,Staten Island,2023-10,28.378643936311622,27.928888,0.44975561538877074,0
SI0103,Rosebank-Shore Acres-Park Hill,Staten Island,2024-03,29.147365668220743,28.307072,0.8402939824297277,0
SI0103,Rosebank-Shore Acres-Park Hill,Staten Island,2024-04,27.289621482773708,27.430368,-0.14074694068820648,0
SI0103,Rosebank-Shore Acres-Park Hill,Staten Island,2024-05,32.158192451531455,31.72619,0.4320018845148539,0
SI0103,Rosebank-Shore Acres-Park Hill,Staten Island,2024-06,27.545862060076747,26.54367,1.0021914057798718,0
SI0103,Rosebank-Shore Acres-Park Hill,Staten Island,2024-07,28.442704080637384,27.929586,0.5131176701149229,0
SI0103,Rosebank-Shore Acres-Park Hill,Staten Island,2024-08,26.20059902923579,25.874456,0.3261426235961409,0
SI0103,Rosebank-Shore Acres-Park Hill,Staten Island,2024-09,27.673982348728263,27.32589,0.34809276132591904,0
SI0103,Rosebank-Shore Acres-Park Hill,Staten Island,2024-10,28.698944657940423,28.63598,0.06296405186132148,0
SI0103,Rosebank-Shore Acres-Park Hill,Staten Island,2025-03,26.841200472493387,27.105705,-0.2645047887370815,0
SI0103,Rosebank-Shore Acres-Park Hill,Staten Island,2025-04,29.723906967152583,29.084215,0.639691802968013,0
SI0103,Rosebank-Shore Acres-Park Hill,Staten Island,2025-05,31.26135043097082,30.7917,0.46965006781163865,0
SI0103,Rosebank-Shore Acres-Park Hill,Staten Island,2025-06,24.022554122159953,24.292671,-0.27011708145332847,0
SI0103,Rosebank-Shore Acres-Park Hill,Staten Island,2025-07,25.88029830760699,25.925737,-0.04543907337445674,0
SI0103,Rosebank-Shore Acres-Park Hill,Staten Island,2025-08,24.21473455513723,23.852385,0.3623499878764882,0
SI0103,Rosebank-Shore Acres-Park Hill,Staten Island,2025-09,29.147365668220743,28.562767,0.5845986394121496,0
SI0103,Rosebank-Shore Acres-Park Hill,Staten Island,2025-10,27.289621482773708,27.02976,0.25986112205593415,0
SI0104,West New Brighton-Silver Lake-Grymes Hill,Staten Island,2022-03,32.07598325233181,31.732508,0.343475546643333,0
SI0104,West New Brighton-Silver Lake-Grymes Hill,Staten Island,2022-04,25.420039707697835,26.204582,-0.7845425066576333,0
SI0104,West New Brighton-Silver Lake-Grymes Hill,Staten Island,2022-05,33.42133354326847,33.35088,0.07045387407901416,0
SI0104,West New Brighton-Silver Lake-Grymes Hill,Staten Island,2022-06,27.04862163883168,27.208128,-0.15950633663218738,0
SI0104,West New Brighton-Silver Lake-Grymes Hill,Staten Island,2022-07,24.216305236859775,24.113049,0.10325668339297778,0
SI0104,West New Brighton-Silver Lake-Grymes Hill,Staten Island,2022-08,27.40266118907817,26.61993,0.7827309217441858,0
SI0104,West New Brighton-Silver Lake-Grymes Hill,Staten Island,2022-09,26.694582088585193,26.823137,-0.12855519474000232,0
SI0104,West New Brighton-Silver Lake-Grymes Hill,Staten Island,2022-10,31.651135792036023,31.97325,-0.3221136433887821,0
SI0104,West New Brighton-Silver Lake-Grymes Hill,Staten Island,2023-03,28.53558774986693,28.97419,-0.43860200843385044,0
SI0104,West New Brighton-Silver Lake-Grymes Hill,Staten Island,2023-04,30.37659341114867,30.648943,-0.2723495362390267,0
SI0104,West New Brighton-Silver Lake-Grymes Hill,Staten Island,2023-05,11.329265607887615,12.471368,-1.1421022281109199,0
SI0104,West New Brighton-Silver Lake-Grymes Hill,Staten Island,2023-06,8.426141295866413,8.836046,-0.40990492300565684,0
SI0104,West New Brighton-Silver Lake-Grymes Hill,Staten Island,2023-07,5.452209073795915,6.113451,-0.6612419302324053,0
SI0104,West New Brighton-Silver Lake-Grymes Hill,Staten Island,2023-08,10.833610237542532,11.850514,-1.016904174383738,0
SI0104,West New Brighton-Silver Lake-Grymes Hill,Staten Island,2023-09,25.561655527796432,25.528526,0.0331292216440886,0
SI0104,West New Brighton-Silver Lake-Grymes Hill,Staten Island,2023-10,31.367904151838836,31.47547,-0.10756543739456248,0
SI0104,West New Brighton-Silver Lake-Grymes Hill,Staten Island,2024-03,32.2175990724304,31.800375,0.41722408768919195,0
SI0104,West New Brighton-Silver Lake-Grymes Hill,Staten Island,2024-04,30.164169681000775,29.929533,0.23463667624003293,0
SI0104,West New Brighton-Silver Lake-Grymes Hill,Staten Island,2024-05,35.545570844747395,35.18296,0.362610334493489,0
SI0104,West New Brighton-Silver Lake-Grymes Hill,Staten Island,2024-06,30.447401321197965,29.187126,1.2602751615299965,0
SI0104,West New Brighton-Silver Lake-Grymes Hill,Staten Island,2024-07,31.438712061888133,30.045052,1.3936604871811014,0
SI0104,West New Brighton-Silver Lake-Grymes Hill,Staten Island,2024-08,28.96043521016272,27.77134,1.1890957936588151,0
SI0104,West New Brighton-Silver Lake-Grymes Hill,Staten Island,2024-09,30.58901714129656,29.759172,0.8298447017213633,0
SI0104,West New Brighton-Silver Lake-Grymes Hill,Staten Island,2024-10,31.721943702085323,31.459719,0.26222499786168996,0
SI0104,West New Brighton-Silver Lake-Grymes Hill,Staten Island,2025-03,29.66851431065569,29.719698,-0.051183641614816366,0
SI0104,West New Brighton-Silver Lake-Grymes Hill,Staten Island,2025-04,32.85487026287409,32.644726,0.2101444633135401,0
SI0104,West New Brighton-Silver Lake-Grymes Hill,Staten Island,2025-05,34.55426010405723,34.397713,0.15654739653769667,0
SI0104,West New Brighton-Silver Lake-Grymes Hill,Staten Island,2025-06,26.5529662684866,27.088638,-0.5356720371774628,0
SI0104,West New Brighton-Silver Lake-Grymes Hill,Staten Island,2025-07,28.606395659916227,28.111435,0.49496072339278996,0
SI0104,West New Brighton-Silver Lake-Grymes Hill,Staten Island,2025-08,26.76538999863449,27.404516,-0.6391262214582838,0
SI0104,West New Brighton-Silver Lake-Grymes Hill,Staten Island,2025-09,32.2175990724304,31.912424,0.3051749849059888,0
SI0104,West New Brighton-Silver Lake-Grymes Hill,Staten Island,2025-10,30.164169681000775,30.264912,-0.10074197061055301,0
SI0105,Westerleigh-Castleton Corners,Staten Island,2022-03,22.521803528582293,22.592634,-0.07083067246751185,0
SI0105,Westerleigh-Castleton Corners,Staten Island,2022-04,17.848405003887514,17.74882,0.09958565269122488,0
SI0105,Westerleigh-Castleton Corners,Staten Island,2022-05,23.46642663463762,23.33585,0.13057687267473028,0
SI0105,Westerleigh-Castleton Corners,Staten Island,2022-06,18.991896132270277,18.802387,0.18950889472144894,0
SI0105,Westerleigh-Castleton Corners,Staten Island,2022-07,17.003215908995905,17.14845,-0.1452349424445245,0
SI0105,Westerleigh-Castleton Corners,Staten Island,2022-08,19.240481160179577,19.594358,-0.3538772840342901,0
SI0105,Westerleigh-Castleton Corners,Staten Island,2022-09,18.74331110436098,18.988276,-0.24496442359312098,0
SI0105,Westerleigh-Castleton Corners,Staten Island,2022-10,22.22350149509114,22.270899,-0.04739732387858808,0
SI0105,Westerleigh-Castleton Corners,Staten Island,2023-03,20.035953249489324,20.186771,-0.1508181433329412,0
SI0105,Westerleigh-Castleton Corners,Staten Island,2023-04,21.32859539461767,21.380703,-0.052107577794441085,0
SI0105,Westerleigh-Castleton Corners,Staten Island,2023-05,7.954720893097499,7.6534576,0.3012632514959366,0
SI0105,Westerleigh-Castleton Corners,Staten Island,2023-06,5.916323664241265,5.3401237,0.5762000108293996,0
SI0105,Westerleigh-Castleton Corners,Staten Island,2023-07,3.828209429803171,3.0915751,0.7366342840817355,0
SI0105,Westerleigh-Castleton Corners,Staten Island,2023-08,7.606701854024483,7.3054414,0.30126047447736415,0
SI0105,Westerleigh-Castleton Corners,Staten Island,2023-09,17.947839015051233,18.289951,-0.3421123094116574,0
SI0105,Westerleigh-Castleton Corners,Staten Island,2023-10,22.0246334727637,22.052582,-0.02794831434567513,0
SI0105,Westerleigh-Castleton Corners,Staten Island,2024-03,22.621237539746012,22.674654,-0.053416467211995666,0
SI0105,Westerleigh-Castleton Corners,Staten Island,2024-04,21.17944437787209,20.98768,0.19176394269142705,0
SI0105,Westerleigh-Castleton Corners,Staten Island,2024-05,24.957936802093403,24.965265,-0.00732847195444819,0
SI0105,Westerleigh-Castleton Corners,Staten Island,2024-06,21.37831240019953,22.09504,-0.7167269674762515,0
SI0105,Westerleigh-Castleton Corners,Staten Island,2024-07,22.07435047834556,22.72481,-0.650459168260884,0
SI0105,Westerleigh-Castleton Corners,Staten Island,2024-08,20.33425528298048,20.7199,-0.38564484824510714,0
SI0105,Westerleigh-Castleton Corners,Staten Island,2024-09,21.477746411363245,21.849606,-0.3718591489394889,0
SI0105,Westerleigh-Castleton Corners,Staten Island,2024-10,22.273218500672996,22.46398,-0.19076122039633958,0
SI0105,Westerleigh-Castleton Corners,Staten Island,2025-03,20.831425338799075,20.783268,0.048157363945559695,0
SI0105,Westerleigh-Castleton Corners,Staten Island,2025-04,23.068690589982747,23.369858,-0.30116719810319026,0
SI0105,Westerleigh-Castleton Corners,Staten Island,2025-05,24.261898723947372,24.479128,-0.21722915996376102,0
SI0105,Westerleigh-Castleton Corners,Staten Island,2025-06,18.64387709319726,18.918253,-0.2743758517490278,0
SI0105,Westerleigh-Castleton Corners,Staten Island,2025-07,20.085670255071182,20.023329,0.06234147394325262,0
SI0105,Westerleigh-Castleton Corners,Staten Island,2025-08,18.79302810994284,18.945807,-0.15277839335305998,0
SI0105,Westerleigh-Castleton Corners,Staten Island,2025-09,22.621237539746012,22.75285,-0.13161203911140973,0
SI0105,Westerleigh-Castleton Corners,Staten Island,2025-10,21.17944437787209,21.303728,-0.1242837257656042,0
SI0106,Port Richmond,Staten Island,2022-03,30.60517175434245,30.371155,0.23401696918620019,0
SI0106,Port Richmond,Staten Island,2022-04,24.254429712602516,24.909569,-0.6551390740185781,0
SI0106,Port Richmond,Staten Island,2022-05,31.88883237980052,31.989508,-0.10067529537037956,0
SI0106,Port Richmond,Staten Island,2022-06,25.808334680262288,25.820873,-0.012538580235759156,0
SI0106,Port Richmond,Staten Island,2022-07,23.105891258245293,22.863247,0.24264434052068395,0
SI0106,Port Richmond,Staten Island,2022-08,26.14614010801441,25.604889,0.5412511919987857,0
SI0106,Port Richmond,Staten Island,2022-09,25.470529252510165,25.531908,-0.06137878276815556,0
SI0106,Port Richmond,Staten Island,2022-10,30.199805241039904,30.50946,-0.30965520817884595,0
SI0106,Port Richmond,Staten Island,2023-03,27.22711747682121,27.631195,-0.40407759153816514,0
SI0106,Port Richmond,Staten Island,2023-04,28.983705701132255,29.12745,-0.1437452418609091,0
SI0106,Port Richmond,Staten Island,2023-05,10.809773688067974,11.454222,-0.6444480373958932,0
SI0106,Port Richmond,Staten Island,2023-06,8.039769180500556,8.866018,-0.8262491147875295,0
SI0106,Port Richmond,Staten Island,2023-07,5.202203587382712,5.9661083,-0.7639047347608425,0
SI0106,Port Richmond,Staten Island,2023-08,10.336846089215,10.971448,-0.6346018554261139,0
SI0106,Port Richmond,Staten Island,2023-09,24.38955188370337,24.79567,-0.40611767196069337,0
SI0106,Port Richmond,Staten Island,2023-10,29.929560898838204,29.851261,0.07829975992218863,0
SI0106,Port Richmond,Staten Island,2024-03,30.7402939254433,30.111301,0.6289925033241595,0
SI0106,Port Richmond,Staten Island,2024-04,28.781022444480985,28.693079,0.0879434497300089,0
SI0106,Port Richmond,Staten Island,2024-05,33.91566494631327,33.6741,0.2415659778074115,0
SI0106,Port Richmond,Staten Island,2024-06,29.05126678668268,28.03298,1.0182868214727208,0
SI0106,Port Richmond,Staten Island,2024-07,29.997121984388627,29.332159,0.664962942030229,0
SI0106,Port Richmond,Staten Island,2024-08,27.63248399012376,26.844156,0.7883277248649705,0
SI0106,Port Richmond,Staten Island,2024-09,29.186388957783528,28.998901,0.18748759059602804,0
SI0106,Port Richmond,Staten Island,2024-10,30.267366326590327,30.142416,0.12495032622411628,0
SI0106,Port Richmond,Staten Island,2025-03,28.308094845628005,28.14445,0.16364561161921642,0
SI0106,Port Richmond,Staten Island,2025-04,31.348343695397126,30.831722,0.516621435875642,0
SI0106,Port Richmond,Staten Island,2025-05,32.96980974860732,32.78565,0.18416140266005243,0
SI0106,Port Richmond,Staten Island,2025-06,25.335407081409315,25.665152,-0.3297445146600211,0
SI0106,Port Richmond,Staten Island,2025-07,27.294678562371633,26.931164,0.36351477452983616,0
SI0106,Port Richmond,Staten Island,2025-08,25.538090338060588,25.396063,0.1420274871084395,0
SI0106,Port Richmond,Staten Island,2025-09,30.7402939254433,30.252073,0.4882206374794329,0
SI0106,Port Richmond,Staten Island,2025-10,28.781022444480985,28.59812,0.18290270876321202,0
SI0107,Mariner's Harbor-Arlington-Graniteville,Staten Island,2022-03,19.372595035126977,19.638594,-0.26599863857907735,0
SI0107,Mariner's Harbor-Arlington-Graniteville,Staten Island,2022-04,15.352674652561996,15.996708,-0.6440332636977697,0
SI0107,Mariner's Harbor-Arlington-Graniteville,Staten Island,2022-05,20.185132133730537,20.77209,-0.5869587781346972,0
SI0107,Mariner's Harbor-Arlington-Graniteville,Staten Island,2022-06,16.336272192976832,16.280443,0.05582900144851166,0
SI0107,Mariner's Harbor-Arlington-Graniteville,Staten Island,2022-07,14.625667774864072,14.601271,0.02439709920489186,0
SI0107,Mariner's Harbor-Arlington-Graniteville,Staten Island,2022-08,16.550097745240926,16.740143,-0.19004507702469908,0
SI0107,Mariner's Harbor-Arlington-Graniteville,Staten Island,2022-09,16.122446640712738,16.533924,-0.4114774620704651,0
SI0107,Mariner's Harbor-Arlington-Graniteville,Staten Island,2022-10,19.11600437241006,19.440754,-0.3247495643575178,0
SI0107,Mariner's Harbor-Arlington-Graniteville,Staten Island,2023-03,17.234339512486027,17.834505,-0.6001655686907306,0
SI0107,Mariner's Harbor-Arlington-Graniteville,Staten Island,2023-04,18.34623238425932,18.190044,0.15618798118314814,0
SI0107,Mariner's Harbor-Arlington-Graniteville,Staten Island,2023-05,6.842417672451029,7.7425756,-0.9001579729957481,0
SI0107,Mariner's Harbor-Arlington-Graniteville,Staten Island,2023-06,5.089048143885453,6.1369143,-1.0478661093494104,0
SI0107,Mariner's Harbor-Arlington-Graniteville,Staten Island,2023-07,3.2929135048670575,3.7901967,-0.49728315231372866,0
SI0107,Mariner's Harbor-Arlington-Graniteville,Staten Island,2023-08,6.543061899281296,7.1276507,-0.5845888384811548,0
SI0107,Mariner's Harbor-Arlington-Graniteville,Staten Island,2023-09,15.438204873467631,15.449472,-0.01126755390053269,0
SI0107,Mariner's Harbor-Arlington-Graniteville,Staten Island,2023-10,18.944943930598782,19.077246,-0.1323017816814911,0
SI0107,Mariner's Harbor-Arlington-Graniteville,Staten Island,2024-03,19.458125256032613,19.315382,0.1427432522484331,0
SI0107,Mariner's Harbor-Arlington-Graniteville,Staten Island,2024-04,18.217937052900865,18.563501,-0.3455643051313615,0
SI0107,Mariner's Harbor-Arlington-Graniteville,Staten Island,2024-05,21.468085447315104,20.930122,0.5379630718268231,0
SI0107,Mariner's Harbor-Arlington-Graniteville,Staten Island,2024-06,18.38899749471214,18.369793,0.019204556479717638,0
SI0107,Mariner's Harbor-Arlington-Graniteville,Staten Island,2024-07,18.987709041051605,18.841171,0.1465377764031679,0
SI0107,Mariner's Harbor-Arlington-Graniteville,Staten Island,2024-08,17.49093017520294,17.02601,0.4649196618972766,0
SI0107,Mariner's Harbor-Arlington-Graniteville,Staten Island,2024-09,18.47452771561778,19.274979,-0.800450922077534,0
SI0107,Mariner's Harbor-Arlington-Graniteville,Staten Island,2024-10,19.15876948286288,19.101765,0.057004803907801715,0
SI0107,Mariner's Harbor-Arlington-Graniteville,Staten Island,2025-03,17.918581279731132,18.016598,-0.09801646807160225,0
SI0107,Mariner's Harbor-Arlington-Graniteville,Staten Island,2025-04,19.843011250107985,20.074795,-0.23178351917912465,0
SI0107,Mariner's Harbor-Arlington-Graniteville,Staten Island,2025-05,20.86937390097564,21.423485,-0.5541109012704553,0
SI0107,Mariner's Harbor-Arlington-Graniteville,Staten Island,2025-06,16.0369164198071,16.095858,-0.05894120043215878,0
SI0107,Mariner's Harbor-Arlington-Graniteville,Staten Island,2025-07,17.277104622938847,17.045343,0.23176122389099518,0
SI0107,Mariner's Harbor-Arlington-Graniteville,Staten Island,2025-08,16.165211751165554,16.1372,0.028012349310085227,0
SI0107,Mariner's Harbor-Arlington-Graniteville,Staten Island,2025-09,19.458125256032613,19.431759,0.026366375417378407,0
SI0107,Mariner's Harbor-Arlington-Graniteville,Staten Island,2025-10,18.217937052900865,18.184961,0.03297573393113851,0
SI0201,Grasmere-Arrochar-South Beach-Dongan Hills,Staten Island,2022-03,25.949489032050405,26.039898,-0.09040888665076707,0
SI0201,Grasmere-Arrochar-South Beach-Dongan Hills,Staten Island,2022-04,20.564826848799328,20.820597,-0.2557698461469613,0
SI0201,Grasmere-Arrochar-South Beach-Dongan Hills,Staten Island,2022-05,27.03787819675009,27.070137,-0.03225882717569206,0
SI0201,Grasmere-Arrochar-South Beach-Dongan Hills,Staten Island,2022-06,21.88235057448842,21.81334,0.06901134108998264,0
SI0201,Grasmere-Arrochar-South Beach-Dongan Hills,Staten Island,2022-07,19.591004964594344,19.488838,0.10216676879356257,0
SI0201,Grasmere-Arrochar-South Beach-Dongan Hills,Staten Island,2022-08,22.16876877572518,22.259478,-0.09070883963126519,0
SI0201,Grasmere-Arrochar-South Beach-Dongan Hills,Staten Island,2022-09,21.59593237325166,21.998762,-0.40282975748564454,0
SI0201,Grasmere-Arrochar-South Beach-Dongan Hills,Staten Island,2022-10,25.605787190566293,25.828274,-0.22248658262706655,0
SI0201,Grasmere-Arrochar-South Beach-Dongan Hills,Staten Island,2023-03,23.08530701968281,23.325335,-0.2400275292673868,0
SI0201,Grasmere-Arrochar-South Beach-Dongan Hills,Staten Island,2023-04,24.57468166611396,24.56284,0.011842158057319807,0
SI0201,Grasmere-Arrochar-South Beach-Dongan Hills,Staten Island,2023-05,9.165382439576302,9.007522,0.15786081024280563,0
SI0201,Grasmere-Arrochar-South Beach-Dongan Hills,Staten Island,2023-06,6.816753189434874,6.8090787,0.007674496044981716,0
SI0201,Grasmere-Arrochar-South Beach-Dongan Hills,Staten Island,2023-07,4.410840299046095,4.3927016,0.01813867322212026,0
SI0201,Grasmere-Arrochar-South Beach-Dongan Hills,Staten Island,2023-08,8.764396957844838,8.792738,-0.028341002970591944,0
SI0201,Grasmere-Arrochar-South Beach-Dongan Hills,Staten Island,2023-09,20.67939412929403,21.312996,-0.6336017813504995,0
SI0201,Grasmere-Arrochar-South Beach-Dongan Hills,Staten Island,2023-10,25.376652629576885,25.459143,-0.0824900553596386,0
SI0201,Grasmere-Arrochar-South Beach-Dongan Hills,Staten Island,2024-03,26.06405631254511,26.019777,0.04427901457147598,0
SI0201,Grasmere-Arrochar-South Beach-Dongan Hills,Staten Island,2024-04,24.402830745371904,24.375185,0.02764573255452163,0
SI0201,Grasmere-Arrochar-South Beach-Dongan Hills,Staten Island,2024-05,28.75638740417065,28.803513,-0.04712516907153841,0
SI0201,Grasmere-Arrochar-South Beach-Dongan Hills,Staten Island,2024-06,24.631965306361312,24.544964,0.08700146969139055,0
SI0201,Grasmere-Arrochar-South Beach-Dongan Hills,Staten Island,2024-07,25.433936269824237,26.00321,-0.5692737979247866,0
SI0201,Grasmere-Arrochar-South Beach-Dongan Hills,Staten Island,2024-08,23.42900886116692,23.422262,0.006746669394459559,0
SI0201,Grasmere-Arrochar-South Beach-Dongan Hills,Staten Island,2024-09,24.746532586856013,24.99812,-0.251586767392034,0
SI0201,Grasmere-Arrochar-South Beach-Dongan Hills,Staten Island,2024-10,25.663070830813645,25.67928,-0.016208496578933307,0
SI0201,Grasmere-Arrochar-South Beach-Dongan Hills,Staten Island,2025-03,24.00184526364044,23.758259,0.24358644406036234,0
SI0201,Grasmere-Arrochar-South Beach-Dongan Hills,Staten Island,2025-04,26.579609074771277,26.627245,-0.047635874569543546,0
SI0201,Grasmere-Arrochar-South Beach-Dongan Hills,Staten Island,2025-05,27.95441644070772,27.883041,0.07137505887178364,0
SI0201,Grasmere-Arrochar-South Beach-Dongan Hills,Staten Island,2025-06,21.481365092756956,21.594814,-0.11344920778015322,0
SI0201,Grasmere-Arrochar-South Beach-Dongan Hills,Staten Island,2025-07,23.14259065993016,22.974035,0.16855539686863708,0
SI0201,Grasmere-Arrochar-South Beach-Dongan Hills,Staten Island,2025-08,21.653216013499012,21.639635,0.013580927439441837,0
SI0201,Grasmere-Arrochar-South Beach-Dongan Hills,Staten Island,2025-09,26.06405631254511,26.260307,-0.19625099946660995,0
SI0201,Grasmere-Arrochar-South Beach-Dongan Hills,Staten Island,2025-10,24.402830745371904,24.406631,-0.0038007243546580582,0
SI0202,New Dorp-Midland Beach,Staten Island,2022-03,30.046363587912193,29.79112,0.2552430587373884,0
SI0202,New Dorp-Midland Beach,Staten Island,2022-04,23.811577324636815,24.151262,-0.33968495868838033,0
SI0202,New Dorp-Midland Beach,Staten Island,2022-05,31.306586343255088,31.550282,-0.2436951814031154,0
SI0202,New Dorp-Midland Beach,Staten Island,2022-06,25.337110133736108,25.037434,0.2996765094685294,0
SI0202,New Dorp-Midland Beach,Staten Island,2022-07,22.68400959617212,22.798002,-0.1139926468698711,0
SI0202,New Dorp-Midland Beach,Staten Island,2022-08,25.668747700931608,25.242275,0.42647246289449825,0
SI0202,New Dorp-Midland Beach,Staten Island,2022-09,25.00547256654061,25.405563,-0.4000907879515765,0
SI0202,New Dorp-Midland Beach,Staten Island,2022-10,29.64839850727759,29.830753,-0.18235481913842477,0
SI0202,New Dorp-Midland Beach,Staten Island,2023-03,26.729987915957203,27.032112,-0.30212420562482833,0
SI0202,New Dorp-Midland Beach,Staten Island,2023-04,28.4545032653738,28.857523,-0.4030196991037407,0
SI0202,New Dorp-Midland Beach,Staten Island,2023-05,10.612402150255962,11.365947,-0.7535446194583937,0
SI0202,New Dorp-Midland Beach,Staten Island,2023-06,7.892974099252871,8.72012,-0.8271463307398044,0
SI0202,New Dorp-Midland Beach,Staten Island,2023-07,5.1072185348106816,5.6206927,-0.5134741951392696,0
SI0202,New Dorp-Midland Beach,Staten Island,2023-08,10.148109556182265,10.865236,-0.7171267261663683,0
SI0202,New Dorp-Midland Beach,Staten Island,2023-09,23.944232351515012,24.140625,-0.19639264848498783,0
SI0202,New Dorp-Midland Beach,Staten Island,2023-10,29.383088453521193,29.06575,0.3173383314508804,0
SI0202,New Dorp-Midland Beach,Staten Island,2024-03,30.17901861479039,29.566236,0.6127821188187106,0
SI0202,New Dorp-Midland Beach,Staten Island,2024-04,28.2555207250565,28.259098,-0.0035773279220165932,0
SI0202,New Dorp-Midland Beach,Staten Island,2024-05,33.29641174642808,33.107307,0.1891043123460463,0
SI0202,New Dorp-Midland Beach,Staten Island,2024-06,28.520830778812897,28.064949,0.4558817431683657,0
SI0202,New Dorp-Midland Beach,Staten Island,2024-07,29.449415966960295,28.836641,0.6127746553147873,0
SI0202,New Dorp-Midland Beach,Staten Island,2024-08,27.1279529965918,26.429163,0.698790017465825,0
SI0202,New Dorp-Midland Beach,Staten Island,2024-09,28.653485805691098,28.037357,0.6161284753688321,0
SI0202,New Dorp-Midland Beach,Staten Island,2024-10,29.714726020716693,29.086397,0.6283288496961852,0
SI0202,New Dorp-Midland Beach,Staten Island,2025-03,27.7912281309828,27.462885,0.3283432280287002,0
SI0202,New Dorp-Midland Beach,Staten Island,2025-04,30.77596623574229,30.927912,-0.15194552268056327,0
SI0202,New Dorp-Midland Beach,Staten Island,2025-05,32.36782655828068,32.39828,-0.030454539131426372,0
SI0202,New Dorp-Midland Beach,Staten Island,2025-06,24.87281753966241,24.903746,-0.03092811158270692,0
SI0202,New Dorp-Midland Beach,Staten Island,2025-07,26.796315429396305,26.250172,0.5461437680193519,0
SI0202,New Dorp-Midland Beach,Staten Island,2025-08,25.07180007997971,25.24736,-0.1755601495124779,0
SI0202,New Dorp-Midland Beach,Staten Island,2025-09,30.17901861479039,29.67294,0.5060793142532809,0
SI0202,New Dorp-Midland Beach,Staten Island,2025-10,28.2555207250565,27.963192,0.29232873897251466,0
SI0203,Todt Hill-Emerson Hill-Lighthouse Hill-Manor Heights,Staten Island,2022-03,25.77456807123489,25.759825,0.01474331842727139,0
SI0203,Todt Hill-Emerson Hill-Lighthouse Hill-Manor Heights,Staten Island,2022-04,20.4262029527005,20.56619,-0.1399877669039924,0
SI0203,Todt Hill-Emerson Hill-Lighthouse Hill-Manor Heights,Staten Island,2022-05,26.85562059519397,26.74174,0.11388132212267976,0
SI0203,Todt Hill-Emerson Hill-Lighthouse Hill-Manor Heights,Staten Island,2022-06,21.73484548170359,21.56534,0.16950543958933295,0
SI0203,Todt Hill-Emerson Hill-Lighthouse Hill-Manor Heights,Staten Island,2022-07,19.458945431263427,19.217794,0.24115101292846575,0
SI0203,Todt Hill-Emerson Hill-Lighthouse Hill-Manor Heights,Staten Island,2022-08,22.019332988008617,22.04075,-0.02141751553142157,0
SI0203,Todt Hill-Emerson Hill-Lighthouse Hill-Manor Heights,Staten Island,2022-09,21.450357975398575,21.693434,-0.243075786198105,0
SI0203,Todt Hill-Emerson Hill-Lighthouse Hill-Manor Heights,Staten Island,2022-10,25.433183063668864,25.515984,-0.08280051787410514,0
SI0203,Todt Hill-Emerson Hill-Lighthouse Hill-Manor Heights,Staten Island,2023-03,22.92969300818468,23.039728,-0.11003515648816986,0
SI0203,Todt Hill-Emerson Hill-Lighthouse Hill-Manor Heights,Staten Island,2023-04,24.40902804097079,24.323187,0.08584116658114027,0
SI0203,Todt Hill-Emerson Hill-Lighthouse Hill-Manor Heights,Staten Island,2023-05,9.103600201760669,8.626452,0.47714775577678203,0
SI0203,Todt Hill-Emerson Hill-Lighthouse Hill-Manor Heights,Staten Island,2023-06,6.770802650059497,6.2961435,0.47465911826018026,0
SI0203,Todt Hill-Emerson Hill-Lighthouse Hill-Manor Heights,Staten Island,2023-07,4.381107597097321,4.04378,0.3373277470912175,0
SI0203,Todt Hill-Emerson Hill-Lighthouse Hill-Manor Heights,Staten Island,2023-08,8.705317692933638,8.689625,0.015692906556685315,0
SI0203,Todt Hill-Emerson Hill-Lighthouse Hill-Manor Heights,Staten Island,2023-09,20.539997955222507,21.100365,-0.5603667298360868,0
SI0203,Todt Hill-Emerson Hill-Lighthouse Hill-Manor Heights,Staten Island,2023-10,25.20559305862485,25.212318,-0.006725361785306916,0
SI0203,Todt Hill-Emerson Hill-Lighthouse Hill-Manor Heights,Staten Island,2024-03,25.8883630737569,25.822987,0.06537647097369614,0
SI0203,Todt Hill-Emerson Hill-Lighthouse Hill-Manor Heights,Staten Island,2024-04,24.238335537187776,24.158577,0.07975857185574498,0
SI0203,Todt Hill-Emerson Hill-Lighthouse Hill-Manor Heights,Staten Island,2024-05,28.562545633024097,28.92274,-0.36019530325519966,0
SI0203,Todt Hill-Emerson Hill-Lighthouse Hill-Manor Heights,Staten Island,2024-06,24.46592554223179,24.511,-0.045074137333639186,0
SI0203,Todt Hill-Emerson Hill-Lighthouse Hill-Manor Heights,Staten Island,2024-07,25.26249055988585,25.894262,-0.6317717539569223,0
SI0203,Todt Hill-Emerson Hill-Lighthouse Hill-Manor Heights,Staten Island,2024-08,23.271078015750707,23.26143,0.009647275394261356,0
SI0203,Todt Hill-Emerson Hill-Lighthouse Hill-Manor Heights,Staten Island,2024-09,24.5797205447538,24.785015,-0.20529456144737068,0
SI0203,Todt Hill-Emerson Hill-Lighthouse Hill-Manor Heights,Staten Island,2024-10,25.49008056492987,25.414091,0.07598945470037677,0
SI0203,Todt Hill-Emerson Hill-Lighthouse Hill-Manor Heights,Staten Island,2025-03,23.84005302836075,23.65733,0.1827234690345776,0
SI0203,Todt Hill-Emerson Hill-Lighthouse Hill-Manor Heights,Staten Island,2025-04,26.400440585105937,26.33981,0.060631167381327344,0
SI0203,Todt Hill-Emerson Hill-Lighthouse Hill-Manor Heights,Staten Island,2025-05,27.765980615370037,27.803696,-0.03771506334090091,0
SI0203,Todt Hill-Emerson Hill-Lighthouse Hill-Manor Heights,Staten Island,2025-06,21.336562972876564,21.416431,-0.07986845412538912,0
SI0203,Todt Hill-Emerson Hill-Lighthouse Hill-Manor Heights,Staten Island,2025-07,22.986590509445687,22.817316,0.16927445414783548,0
SI0203,Todt Hill-Emerson Hill-Lighthouse Hill-Manor Heights,Staten Island,2025-08,21.507255476659576,21.502502,0.0047530352533264875,0
SI0203,Todt Hill-Emerson Hill-Lighthouse Hill-Manor Heights,Staten Island,2025-09,25.8883630737569,26.108038,-0.21967487485149917,0
SI0203,Todt Hill-Emerson Hill-Lighthouse Hill-Manor Heights,Staten Island,2025-10,24.238335537187776,24.310358,-0.07202251029757534,0
SI0204,New Springville-Willowbrook-Bulls Head-Travis,Staten Island,2022-03,33.84953346328875,33.6445,0.20503273086687557,0
SI0204,New Springville-Willowbrook-Bulls Head-Travis,Staten Island,2022-04,26.82556846207651,27.777948,-0.9523799174400907,0
SI0204,New Springville-Willowbrook-Bulls Head-Travis,Staten Island,2022-05,35.269271069916755,34.69648,0.5727912725534736,0
SI0204,New Springville-Willowbrook-Bulls Head-Travis,Staten Island,2022-06,28.54419819641568,29.063795,-0.519596893305998,0
SI0204,New Springville-Willowbrook-Bulls Head-Travis,Staten Island,2022-07,25.555276919304088,24.979126,0.5761509427415881,0
SI0204,New Springville-Willowbrook-Bulls Head-Travis,Staten Island,2022-08,28.917813356054623,28.53026,0.3875532699950526,0
SI0204,New Springville-Willowbrook-Bulls Head-Travis,Staten Island,2022-09,28.170583036776726,28.246944,-0.07636139071350811,0
SI0204,New Springville-Willowbrook-Bulls Head-Travis,Staten Island,2022-10,33.40119527172201,33.45451,-0.053314463385412125,0
SI0204,New Springville-Willowbrook-Bulls Head-Travis,Staten Island,2023-03,30.11338186689926,30.374825,-0.2614426570265209,0
SI0204,New Springville-Willowbrook-Bulls Head-Travis,Staten Island,2023-04,32.056180697021794,31.986599,0.06958172851593503,0
SI0204,New Springville-Willowbrook-Bulls Head-Travis,Staten Island,2023-05,11.955685108446357,13.344352,-1.3886666600472957,0
SI0204,New Springville-Willowbrook-Bulls Head-Travis,Staten Island,2023-06,8.892040799406978,9.891573,-0.9995321528635301,0
SI0204,New Springville-Willowbrook-Bulls Head-Travis,Staten Island,2023-07,5.753673458439809,8.115177,-2.361503696101207,0
SI0204,New Springville-Willowbrook-Bulls Head-Travis,Staten Island,2023-08,11.432623884951829,12.9328785,-1.5002546093108666,0
SI0204,New Springville-Willowbrook-Bulls Head-Travis,Staten Island,2023-09,26.975014525932092,27.207436,-0.23242108197806388,0
SI0204,New Springville-Willowbrook-Bulls Head-Travis,Staten Island,2023-10,33.10230314401085,32.80712,0.2951818671553781,0
SI0204,New Springville-Willowbrook-Bulls Head-Travis,Staten Island,2024-03,33.99897952714433,33.254097,0.7448825422810472,0
SI0204,New Springville-Willowbrook-Bulls Head-Travis,Staten Island,2024-04,31.832011601238424,31.965353,-0.13334141084653695,0
SI0204,New Springville-Willowbrook-Bulls Head-Travis,Staten Island,2024-05,37.510962027750445,36.927986,0.5829758827309135,0
SI0204,New Springville-Willowbrook-Bulls Head-Travis,Staten Island,2024-06,32.13090372894958,31.049034,1.0818696102972396,0
SI0204,New Springville-Willowbrook-Bulls Head-Travis,Staten Island,2024-07,33.17702617593864,31.987486,1.1895402903185257,0
SI0204,New Springville-Willowbrook-Bulls Head-Travis,Staten Island,2024-08,30.561720058466,29.36056,1.2011605949650246,0
SI0204,New Springville-Willowbrook-Bulls Head-Travis,Staten Island,2024-09,32.28034979280516,31.647753,0.632597030964341,0
SI0204,New Springville-Willowbrook-Bulls Head-Travis,Staten Island,2024-10,33.4759183036498,32.60188,0.8740391837767518,0
SI0204,New Springville-Willowbrook-Bulls Head-Travis,Staten Island,2025-03,31.308950377743898,31.204086,0.10486407403296027,0
SI0204,New Springville-Willowbrook-Bulls Head-Travis,Staten Island,2025-04,34.671486814494436,33.91938,0.7521066265061549,0
SI0204,New Springville-Willowbrook-Bulls Head-Travis,Staten Island,2025-05,36.464839580761385,35.457153,1.0076862604488852,0
SI0204,New Springville-Willowbrook-Bulls Head-Travis,Staten Island,2025-06,28.02113697292115,28.354076,-0.3329394125768985,0
SI0204,New Springville-Willowbrook-Bulls Head-Travis,Staten Island,2025-07,30.18810489882705,29.83277,0.35533550490615085,0
SI0204,New Springville-Willowbrook-Bulls Head-Travis,Staten Island,2025-08,28.24530606870452,28.342726,-0.09741968507966092,0
SI0204,New Springville-Willowbrook-Bulls Head-Travis,Staten Island,2025-09,33.99897952714433,32.92668,1.072298008589641,0
SI0204,New Springville-Willowbrook-Bulls Head-Travis,Staten Island,2025-10,31.832011601238424,31.430428,0.40158404996889274,0
SI0301,Oakwood-Richmondtown,Staten Island,2022-03,33.236442202117374,33.076965,0.15947687008612377,0
SI0301,Oakwood-Richmondtown,Staten Island,2022-04,26.339697021104055,27.324665,-0.9849680484760235,0
SI0301,Oakwood-Richmondtown,Staten Island,2022-05,34.63046516423709,34.419395,0.21106971745974334,0
SI0301,Oakwood-Richmondtown,Staten Island,2022-06,28.02719850156476,28.428242,-0.40104322817156657,0
SI0301,Oakwood-Richmondtown,Staten Island,2022-07,25.092413318154836,24.783176,0.3092368960356957,0
SI0301,Oakwood-Richmondtown,Staten Island,2022-08,28.394046649491,28.615667,-0.22162069364864934,0
SI0301,Oakwood-Richmondtown,Staten Island,2022-09,27.66035035363852,27.640646,0.019704372803559522,0
SI0301,Oakwood-Richmondtown,Staten Island,2022-10,32.79622442460588,32.81113,-0.014906099075759016,0
SI0301,Oakwood-Richmondtown,Staten Island,2023-03,29.56796072285497,29.798761,-0.23080064494288166,0
SI0301,Oakwood-Richmondtown,Staten Island,2023-04,31.47557109207142,31.696508,-0.2209373155213541,0
SI0301,Oakwood-Richmondtown,Staten Island,2023-05,11.73914073363969,12.260302,-0.5211608563261301,0
SI0301,Oakwood-Richmondtown,Staten Island,2023-06,8.73098592064452,9.879043,-1.1480567047827268,0
SI0301,Oakwood-Richmondtown,Staten Island,2023-07,5.649461478064101,6.967356,-1.3178947269224714,0
SI0301,Oakwood-Richmondtown,Staten Island,2023-08,11.225553326542954,11.959328,-0.7337743712109521,0
SI0301,Oakwood-Richmondtown,Staten Island,2023-09,26.48643628027455,26.74955,-0.2631135854481066,0
SI0301,Oakwood-Richmondtown,Staten Island,2023-10,32.50274590626489,32.106144,0.39660195484887595,0
SI0301,Oakwood-Richmondtown,Staten Island,2024-03,33.38318146128787,32.568375,0.8148068274988063,0
SI0301,Oakwood-Richmondtown,Staten Island,2024-04,31.255462203315677,31.177439,0.07802346735376275,0
SI0301,Oakwood-Richmondtown,Staten Island,2024-05,36.83155405179453,36.331165,0.5003887380738234,0
SI0301,Oakwood-Richmondtown,Staten Island,2024-06,31.548940721656667,29.657589,1.8913517629164325,0
SI0301,Oakwood-Richmondtown,Staten Island,2024-07,32.57611553585014,31.668762,0.9073533288188926,0
SI0301,Oakwood-Richmondtown,Staten Island,2024-08,30.00817850036646,29.1682,0.8399789611818882,0
SI0301,Oakwood-Richmondtown,Staten Island,2024-09,31.695679980827165,30.097898,1.5977814975507982,0
SI0301,Oakwood-Richmondtown,Staten Island,2024-10,32.86959405419113,32.02791,0.8416857289958202,0
SI0301,Oakwood-Richmondtown,Staten Island,2025-03,30.741874796218937,30.589027,0.1528473914337809,0
SI0301,Oakwood-Richmondtown,Staten Island,2025-04,34.0435081275551,33.489822,0.5536857398597874,0
SI0301,Oakwood-Richmondtown,Staten Island,2025-05,35.804379237601054,35.22936,0.5750205645053512,0
SI0301,Oakwood-Richmondtown,Staten Island,2025-06,27.513611094468025,27.715368,-0.201757176405998,0
SI0301,Oakwood-Richmondtown,Staten Island,2025-07,29.641330352440217,29.47843,0.16290055812869397,0
SI0301,Oakwood-Richmondtown,Staten Island,2025-08,27.733719983223768,28.020576,-0.2868564938270133,0
SI0301,Oakwood-Richmondtown,Staten Island,2025-09,33.38318146128787,33.141212,0.24196899790896254,0
SI0301,Oakwood-Richmondtown,Staten Island,2025-10,31.255462203315677,30.97032,0.28514245539087213,0
SI0302,Great Kills-Eltingville,Staten Island,2022-03,27.011244273229646,27.153023,-0.14177849288363475,0
SI0302,Great Kills-Eltingville,Staten Island,2022-04,21.40626201785749,21.824764,-0.41850223385149476,0
SI0302,Great Kills-Eltingville,Staten Island,2022-05,28.144166218464445,27.909414,0.23475192708260906,0
SI0302,Great Kills-Eltingville,Staten Island,2022-06,22.777693846299613,23.193146,-0.4154519056535122,0
SI0302,Great Kills-Eltingville,Staten Island,2022-07,20.392595014226355,20.43802,-0.04542569195040258,0
SI0302,Great Kills-Eltingville,Staten Island,2022-08,23.07583120030877,23.401072,-0.3252403481531445,0
SI0302,Great Kills-Eltingville,Staten Island,2022-09,22.479556492290456,22.700886,-0.22132928041462208,0
SI0302,Great Kills-Eltingville,Staten Island,2022-10,26.653479448418658,26.96786,-0.3143798197698189,0
SI0302,Great Kills-Eltingville,Staten Island,2023-03,24.029870733138075,24.29865,-0.268780008439073,0
SI0302,Great Kills-Eltingville,Staten Island,2023-04,25.58018497398569,25.628542,-0.04835697242544157,0
SI0302,Great Kills-Eltingville,Staten Island,2023-05,9.540395328293032,9.873648,-0.3332523615263039,0
SI0302,Great Kills-Eltingville,Staten Island,2023-06,7.095669025417942,7.245883,-0.1502139625581318,0
SI0302,Great Kills-Eltingville,Staten Island,2023-07,4.591315251741022,4.8306775,-0.2393622575668397,0
SI0302,Great Kills-Eltingville,Staten Island,2023-08,9.123003032680211,9.572572,-0.44956872177535523,0
SI0302,Great Kills-Eltingville,Staten Island,2023-09,21.525516959461154,21.805695,-0.28017762061697127,0
SI0302,Great Kills-Eltingville,Staten Island,2023-10,26.414969565211333,26.446808,-0.03183829611679201,0
SI0302,Great Kills-Eltingville,Staten Island,2024-03,27.13049921483331,26.819893,0.31060633153252937,0
SI0302,Great Kills-Eltingville,Staten Island,2024-04,25.4013025615802,25.108715,0.29258750420715174,0
SI0302,Great Kills-Eltingville,Staten Island,2024-05,29.93299034251939,29.553932,0.3790581525779828,0
SI0302,Great Kills-Eltingville,Staten Island,2024-06,25.639812444787523,25.72524,-0.08542826260993763,0
SI0302,Great Kills-Eltingville,Staten Island,2024-07,26.474597036013165,25.933247,0.5413504234643369,0
SI0302,Great Kills-Eltingville,Staten Island,2024-08,24.387635557949064,24.078194,0.309441893398283,0
SI0302,Great Kills-Eltingville,Staten Island,2024-09,25.759067386391187,25.40968,0.34938797354939055,0
SI0302,Great Kills-Eltingville,Staten Island,2024-10,26.71310691922049,26.817192,-0.104085158416229,0
SI0302,Great Kills-Eltingville,Staten Island,2025-03,24.983910265967378,25.027222,-0.04331141372012226,0
SI0302,Great Kills-Eltingville,Staten Island,2025-04,27.667146452049792,27.597132,0.0700147229238155,0
SI0302,Great Kills-Eltingville,Staten Island,2025-05,29.098205751293747,29.133877,-0.03567104924336206,0
SI0302,Great Kills-Eltingville,Staten Island,2025-06,22.360301550686795,22.613403,-0.2531017696257045,0
SI0302,Great Kills-Eltingville,Staten Island,2025-07,24.089498203939907,23.862831,0.22666708821725123,0
SI0302,Great Kills-Eltingville,Staten Island,2025-08,22.539183963092288,22.7184,-0.1792150847592744,0
SI0302,Great Kills-Eltingville,Staten Island,2025-09,27.13049921483331,27.033918,0.09658083409600593,0
SI0302,Great Kills-Eltingville,Staten Island,2025-10,25.4013025615802,25.216215,0.18508742791320643,0
SI0303,Arden Heights-Rossville,Staten Island,2022-03,22.822372495757172,22.647207,0.17516523562533592,0
SI0303,Arden Heights-Rossville,Staten Island,2022-04,18.08660425160447,18.208796,-0.12219129588088151,0
SI0303,Arden Heights-Rossville,Staten Island,2022-05,23.779602247234845,23.85271,-0.0731084766421084,0
SI0303,Arden Heights-Rossville,Staten Island,2022-06,19.24535605602481,19.186888,0.05846831493594351,0
SI0303,Arden Heights-Rossville,Staten Island,2022-07,17.23013552659813,17.431189,-0.20105305677589413,0
SI0303,Arden Heights-Rossville,Staten Island,2022-08,19.497258622203145,19.958885,-0.4616265706679492,0
SI0303,Arden Heights-Rossville,Staten Island,2022-09,18.993453489846477,19.530785,-0.5373311170871169,0
SI0303,Arden Heights-Rossville,Staten Island,2022-10,22.52008941634317,22.573154,-0.053065033119722216,0
SI0303,Arden Heights-Rossville,Staten Island,2023-03,20.30334683397382,20.566183,-0.2628362562361417,0
SI0303,Arden Heights-Rossville,Staten Island,2023-04,21.61324017810116,21.76238,-0.14914042187442433,0
SI0303,Arden Heights-Rossville,Staten Island,2023-05,8.060882117706727,7.658774,0.4021082186283582,0
SI0303,Arden Heights-Rossville,Staten Island,2023-06,5.995281075044378,5.2218833,0.7733977780778254,0
SI0303,Arden Heights-Rossville,Staten Island,2023-07,3.8792995191463624,3.3940916,0.4852079130062257,0
SI0303,Arden Heights-Rossville,Staten Island,2023-08,7.708218525057058,7.4822955,0.22592301190398167,0
SI0303,Arden Heights-Rossville,Staten Island,2023-09,18.1873652780758,18.847914,-0.6605484639896311,0
SI0303,Arden Heights-Rossville,Staten Island,2023-10,22.3185673634005,22.299955,0.018611995358508437,0
SI0303,Arden Heights-Rossville,Staten Island,2024-03,22.923133522228504,23.088755,-0.16562113170216008,0
SI0303,Arden Heights-Rossville,Staten Island,2024-04,21.46209863839416,21.23965,0.2224479120758005,0
SI0303,Arden Heights-Rossville,Staten Island,2024-05,25.291017644304855,25.27692,0.014097325701339258,0
SI0303,Arden Heights-Rossville,Staten Island,2024-06,21.663620691336828,22.138454,-0.4748337459190317,0
SI0303,Arden Heights-Rossville,Staten Island,2024-07,22.368947876636167,23.122736,-0.7537881005366849,0
SI0303,Arden Heights-Rossville,Staten Island,2024-08,20.60562991338782,20.648272,-0.04264164728112618,0
SI0303,Arden Heights-Rossville,Staten Island,2024-09,21.764381717808163,22.42794,-0.6635586508441804,0
SI0303,Arden Heights-Rossville,Staten Island,2024-10,22.57046992957883,22.738283,-0.1678132277698019,0
SI0303,Arden Heights-Rossville,Staten Island,2025-03,21.10943504574449,20.95652,0.15291496517808412,0
SI0303,Arden Heights-Rossville,Staten Island,2025-04,23.37655814134951,23.8134,-0.43684212720517834,0
SI0303,Arden Heights-Rossville,Staten Island,2025-05,24.585690459005516,25.048487,-0.4627962505892107,0
SI0303,Arden Heights-Rossville,Staten Island,2025-06,18.89269246337514,18.991735,-0.09904299499888225,0
SI0303,Arden Heights-Rossville,Staten Island,2025-07,20.353727347209485,20.140446,0.21328163798096966,0
SI0303,Arden Heights-Rossville,Staten Island,2025-08,19.043834003082143,18.899061,0.14477280007921323,0
SI0303,Arden Heights-Rossville,Staten Island,2025-09,22.923133522228504,23.525482,-0.602348655505871,0
SI0303,Arden Heights-Rossville,Staten Island,2025-10,21.46209863839416,21.71252,-0.2504219609710745,0
SI0304,Annadale-Huguenot-Prince's Bay-Woodrow,Staten Island,2022-03,30.348392202256708,30.005878,0.34251375377037974,0
SI0304,Annadale-Huguenot-Prince's Bay-Woodrow,Staten Island,2022-04,24.05093333468026,24.804462,-0.753529098181069,0
SI0304,Annadale-Huguenot-Prince's Bay-Woodrow,Staten Island,2022-05,31.621282824426412,31.203579,0.417703875451803,0
SI0304,Annadale-Huguenot-Prince's Bay-Woodrow,Staten Island,2022-06,25.591800929938326,25.923439,-0.3316380959405798,0
SI0304,Annadale-Huguenot-Prince's Bay-Woodrow,Staten Island,2022-07,22.91203119905473,23.037178,-0.12514684049605052,0
SI0304,Annadale-Huguenot-Prince's Bay-Woodrow,Staten Island,2022-08,25.926772146298777,25.779827,0.14694502837885537,0
SI0304,Annadale-Huguenot-Prince's Bay-Woodrow,Staten Island,2022-09,25.256829713577876,24.870922,0.3859076249548288,0
SI0304,Annadale-Huguenot-Prince's Bay-Woodrow,Staten Island,2022-10,29.946426742624165,29.919704,0.02672230536830611,0
SI0304,Annadale-Huguenot-Prince's Bay-Woodrow,Staten Island,2023-03,26.998680038652218,27.46255,-0.4638691709425089,0
SI0304,Annadale-Huguenot-Prince's Bay-Woodrow,Staten Island,2023-04,28.74053036372655,29.117096,-0.376565583539076,0
SI0304,Annadale-Huguenot-Prince's Bay-Woodrow,Staten Island,2023-05,10.719078923534378,11.649125,-0.9300461756477514,0
SI0304,Annadale-Huguenot-Prince's Bay-Woodrow,Staten Island,2023-06,7.972314949378693,8.296461,-0.3241461559679868,0
SI0304,Annadale-Huguenot-Prince's Bay-Woodrow,Staten Island,2023-07,5.158556731950919,5.9756565,-0.8170997774484947,0
SI0304,Annadale-Huguenot-Prince's Bay-Woodrow,Staten Island,2023-08,10.250119220629747,10.620739,-0.37061976252454976,0
SI0304,Annadale-Huguenot-Prince's Bay-Woodrow,Staten Island,2023-09,24.18492182122444,24.1108,0.07412203179572785,0
SI0304,Annadale-Huguenot-Prince's Bay-Woodrow,Staten Island,2023-10,29.678449769535806,29.68791,-0.009460310420248419,0
SI0304,Annadale-Huguenot-Prince's Bay-Woodrow,Staten Island,2024-03,30.482380688800887,29.68918,0.7932003146553797,0
SI0304,Annadale-Huguenot-Prince's Bay-Woodrow,Staten Island,2024-04,28.53954763391028,28.56911,-0.029563236451046748,0
SI0304,Annadale-Huguenot-Prince's Bay-Woodrow,Staten Island,2024-05,33.63111012258911,33.16272,0.4683903960266065,0
SI0304,Annadale-Huguenot-Prince's Bay-Woodrow,Staten Island,2024-06,28.80752460699864,28.4346,0.3729237769205156,0
SI0304,Annadale-Huguenot-Prince's Bay-Woodrow,Staten Island,2024-07,29.745444012807894,29.382189,0.363255215810824,0
SI0304,Annadale-Huguenot-Prince's Bay-Woodrow,Staten Island,2024-08,27.400645498284753,26.93936,0.46128583336776074,0
SI0304,Annadale-Huguenot-Prince's Bay-Woodrow,Staten Island,2024-09,28.94151309354282,28.219141,0.7223720870730936,0
SI0304,Annadale-Huguenot-Prince's Bay-Woodrow,Staten Island,2024-10,30.013420985896257,29.915705,0.0977162587234055,0
SI0304,Annadale-Huguenot-Prince's Bay-Woodrow,Staten Island,2025-03,28.07058793100565,28.026215,0.04437333139627597,0
SI0304,Annadale-Huguenot-Prince's Bay-Woodrow,Staten Island,2025-04,31.085328878249697,30.779434,0.305894674148135,0
SI0304,Annadale-Huguenot-Prince's Bay-Woodrow,Staten Island,2025-05,32.69319071677985,32.546295,0.14689555076422778,0
SI0304,Annadale-Huguenot-Prince's Bay-Woodrow,Staten Island,2025-06,25.122841227033696,25.512323,-0.3894821524829055,0
SI0304,Annadale-Huguenot-Prince's Bay-Woodrow,Staten Island,2025-07,27.065674281924306,26.842981,0.22269294342332913,0
SI0304,Annadale-Huguenot-Prince's Bay-Woodrow,Staten Island,2025-08,25.323823956849967,25.217253,0.10657122552672504,0
SI0304,Annadale-Huguenot-Prince's Bay-Woodrow,Staten Island,2025-09,30.482380688800887,30.231207,0.25117379487998903,0
SI0304,Annadale-Huguenot-Prince's Bay-Woodrow,Staten Island,2025-10,28.53954763391028,28.860012,-0.320464420533078,0
SI0305,Tottenville-Charleston,Staten Island,2022-03,29.81068974490094,29.520445,0.29024487490582374,0
SI0305,Tottenville-Charleston,Staten Island,2022-04,23.62480710467867,25.175604,-1.5507967618984786,0
SI0305,Tottenville-Charleston,Staten Island,2022-05,31.0610277253714,31.024813,0.03621502700714174,0
SI0305,Tottenville-Charleston,Staten Island,2022-06,25.138374133669224,25.589941,-0.45156689111104953,0
SI0305,Tottenville-Charleston,Staten Island,2022-07,22.50608364846826,22.219692,0.28639141824364955,0
SI0305,Tottenville-Charleston,Staten Island,2022-08,25.467410444319345,25.068434,0.3989766827226653,0
SI0305,Tottenville-Charleston,Staten Island,2022-09,24.809337823019103,24.68495,0.12438794814117315,0
SI0305,Tottenville-Charleston,Staten Island,2022-10,29.41584617212079,29.450676,-0.03482979223467808,0
SI0305,Tottenville-Charleston,Staten Island,2023-03,26.520326638399737,27.277502,-0.7571754215367861,0
SI0305,Tottenville-Charleston,Staten Island,2023-04,28.23131545378036,28.557009,-0.3256932895057716,0
SI0305,Tottenville-Charleston,Staten Island,2023-05,10.529161940803863,12.202477,-1.6733155143352967,0
SI0305,Tottenville-Charleston,Staten Island,2023-06,7.831064193472874,8.480814,-0.6497497866296653,0
SI0305,Tottenville-Charleston,Staten Island,2023-07,5.067159184011859,6.5215173,-1.4543580927520567,0
SI0305,Tottenville-Charleston,Staten Island,2023-08,10.068511105893696,11.381184,-1.3126725183738817,0
SI0305,Tottenville-Charleston,Staten Island,2023-09,23.75642162893872,23.666763,0.08965832327465861,0
SI0305,Tottenville-Charleston,Staten Island,2023-10,29.1526171236007,28.808855,0.3437620668380035,0
SI0305,Tottenville-Charleston,Staten Island,2024-03,29.94230426916099,29.176401,0.7659031308553246,0
SI0305,Tottenville-Charleston,Staten Island,2024-04,28.033893667390288,28.496489,-0.4625949037767043,0
SI0305,Tottenville-Charleston,Staten Island,2024-05,33.03524558927212,32.47437,0.5608765401998568,0
SI0305,Tottenville-Charleston,Staten Island,2024-06,28.297122715910383,27.436462,0.8606603135666333,0
SI0305,Tottenville-Charleston,Staten Island,2024-07,29.21842438573072,28.59325,0.6251741110725177,0
SI0305,Tottenville-Charleston,Staten Island,2024-08,26.915170211179877,26.014566,0.9006037896710879,0
SI0305,Tottenville-Charleston,Staten Island,2024-09,28.42873724017043,27.591633,0.8371043971528529,0
SI0305,Tottenville-Charleston,Staten Island,2024-10,29.48165343425082,29.345064,0.13658927104281204,0
SI0305,Tottenville-Charleston,Staten Island,2025-03,27.57324283248012,27.308979,0.26426379805629097,0
SI0305,Tottenville-Charleston,Staten Island,2025-04,30.534569628331205,30.295305,0.23926437625600983,0
SI0305,Tottenville-Charleston,Staten Island,2025-05,32.113943919451785,31.54899,0.5649536698179958,0
SI0305,Tottenville-Charleston,Staten Island,2025-06,24.677723298759055,24.78087,-0.10314713886301519,0
SI0305,Tottenville-Charleston,Staten Island,2025-07,26.586133900529756,25.793865,0.792268696672334,0
SI0305,Tottenville-Charleston,Staten Island,2025-08,24.87514508514913,24.809837,0.06530774384053473,0
SI0305,Tottenville-Charleston,Staten Island,2025-09,29.94230426916099,29.447687,0.4946171201131371,0
SI0305,Tottenville-Charleston,Staten Island,2025-10,28.033893667390288,27.891787,0.14210709207290506,0
