nta_code,borough,year_month,ed_visits,ed_high,pred_class,pred_prob,fold
BK0101,Brooklyn,2023-07,27.20754716981132,1,0,0.0006684442858425623,1
BK0101,Brooklyn,2023-08,27.339622641509433,1,0,0.12561559228325997,1
BK0101,Brooklyn,2023-09,33.075471698113205,1,1,0.9966997654420489,1
BK0101,Brooklyn,2023-10,38.301886792452834,1,1,0.9999659622615157,1
BK0101,Brooklyn,2024-03,29.0188679245283,1,1,0.9995697787296427,1
BK0101,Brooklyn,2024-04,30.867924528301888,1,1,0.9262685573841041,1
BK0102,Brooklyn,2023-07,27.20754716981132,1,0,0.0004718421320571368,1
BK0102,Brooklyn,2023-08,27.339622641509433,1,0,0.09205487980109392,1
BK0102,Brooklyn,2023-09,33.075471698113205,1,1,0.9953301648780545,1
BK0102,Brooklyn,2023-10,38.301886792452834,1,1,0.9999517709771193,1
BK0102,Brooklyn,2024-03,29.0188679245283,1,1,0.9993905081383071,1
BK0102,Brooklyn,2024-04,30.867924528301888,1,1,0.8986423316329724,1
BK0103,Brooklyn,2023-07,27.20754716981132,1,0,0.0008428579575860727,1
BK0103,Brooklyn,2023-08,27.339622641509433,1,0,0.135263947636089,1
BK0103,Brooklyn,2023-09,33.075471698113205,1,1,0.9971678040124224,1
BK0103,Brooklyn,2023-10,38.301886792452834,1,1,0.9999695115310758,1
BK0103,Brooklyn,2024-03,29.0188679245283,1,1,0.9996419653609061,1
BK0103,Brooklyn,2024-04,30.867924528301888,1,1,0.9413532575622606,1
BK0104,Brooklyn,2023-07,27.20754716981132,1,0,0.0007198882429080623,1
BK0104,Brooklyn,2023-08,27.339622641509433,1,0,0.1339937108936925,1
BK0104,Brooklyn,2023-09,33.075471698113205,1,1,0.9969350380423995,1
BK0104,Brooklyn,2023-10,38.301886792452834,1,1,0.999968396183518,1
BK0104,Brooklyn,2024-03,29.0188679245283,1,1,0.9996005310607162,1
BK0104,Brooklyn,2024-04,30.867924528301888,1,1,0.9311781469998159,1
BK0201,Brooklyn,2023-07,27.20754716981132,1,0,0.0017372492317781732,1
BK0201,Brooklyn,2023-08,27.339622641509433,1,0,0.2439690498781529,1
BK0201,Brooklyn,2023-09,33.075471698113205,1,1,0.9986251323945048,1
BK0201,Brooklyn,2023-10,38.301886792452834,1,1,0.9999852209754598,1
BK0201,Brooklyn,2024-03,29.0188679245283,1,1,0.9998264164742515,1
BK0201,Brooklyn,2024-04,30.867924528301888,1,1,0.9706861127734343,1
BK0202,Brooklyn,2023-07,27.20754716981132,1,0,0.0019472057149813016,1
BK0202,Brooklyn,2023-08,27.339622641509433,1,0,0.26566325011463277,1
BK0202,Brooklyn,2023-09,33.075471698113205,1,1,0.9987734526475027,1
BK0202,Brooklyn,2023-10,38.301886792452834,1,1,0.9999868172685474,1
BK0202,Brooklyn,2024-03,29.0188679245283,1,1,0.9998451627000213,1
BK0202,Brooklyn,2024-04,30.867924528301888,1,1,0.9737693155337448,1
BK0203,Brooklyn,2023-07,27.20754716981132,1,0,0.0013921437691650535,1
BK0203,Brooklyn,2023-08,27.339622641509433,1,0,0.20540568557927333,1
BK0203,Brooklyn,2023-09,33.075471698113205,1,1,0.9982843022482548,1
BK0203,Brooklyn,2023-10,38.301886792452834,1,1,0.9999815510213179,1
BK0203,Brooklyn,2024-03,29.0188679245283,1,1,0.9997833204435416,1
BK0203,Brooklyn,2024-04,30.867924528301888,1,1,0.9636711535416728,1
BK0204,Brooklyn,2023-07,27.20754716981132,1,0,0.0009451441101367143,1
BK0204,Brooklyn,2023-08,27.339622641509433,1,0,0.14924246084119042,1
BK0204,Brooklyn,2023-09,33.075471698113205,1,1,0.9974737958292705,1
BK0204,Brooklyn,2023-10,38.301886792452834,1,1,0.9999728137725089,1
BK0204,Brooklyn,2024-03,29.0188679245283,1,1,0.9996807331810114,1
BK0204,Brooklyn,2024-04,30.867924528301888,1,1,0.947371214733245,1
BK0301,Brooklyn,2023-07,27.20754716981132,1,0,0.0007419672098779048,1
BK0301,Brooklyn,2023-08,27.339622641509433,1,0,0.12102166733987502,1
BK0301,Brooklyn,2023-09,33.075471698113205,1,1,0.9967836043138046,1
BK0301,Brooklyn,2023-10,38.301886792452834,1,1,0.9999653624358437,1
BK0301,Brooklyn,2024-03,29.0188679245283,1,1,0.9995932595032166,1
BK0301,Brooklyn,2024-04,30.867924528301888,1,1,0.933899472675611,1
BK0302,Brooklyn,2023-07,27.20754716981132,1,0,0.00047661368398770266,1
BK0302,Brooklyn,2023-08,27.339622641509433,1,0,0.0812371830678386,1
BK0302,Brooklyn,2023-09,33.075471698113205,1,1,0.9950005134153206,1
BK0302,Brooklyn,2023-10,38.301886792452834,1,1,0.9999460647769195,1
BK0302,Brooklyn,2024-03,29.0188679245283,1,1,0.999366783061803,1
BK0302,Brooklyn,2024-04,30.867924528301888,1,1,0.9007269287049428,1
BK0401,Brooklyn,2023-07,27.20754716981132,1,0,0.0012801883212772496,1
BK0401,Brooklyn,2023-08,27.339622641509433,1,0,0.192042235421093,1
BK0401,Brooklyn,2023-09,33.075471698113205,1,1,0.998134331634688,1
BK0401,Brooklyn,2023-10,38.301886792452834,1,1,0.9999799353983915,1
BK0401,Brooklyn,2024-03,29.0188679245283,1,1,0.999764349366992,1
BK0401,Brooklyn,2024-04,30.867924528301888,1,1,0.9606149846042221,1
BK0402,Brooklyn,2023-07,27.20754716981132,1,0,0.0008142162699030736,1
BK0402,Brooklyn,2023-08,27.339622641509433,1,0,0.13126757425999427,1
BK0402,Brooklyn,2023-09,33.075471698113205,1,1,0.9970683841220261,1
BK0402,Brooklyn,2023-10,38.301886792452834,1,1,0.9999684381672878,1
BK0402,Brooklyn,2024-03,29.0188679245283,1,1,0.9996293648230792,1
BK0402,Brooklyn,2024-04,30.867924528301888,1,1,0.9394135968595306,1
BK0501,Brooklyn,2023-07,27.20754716981132,1,0,0.0007180864799814203,1
BK0501,Brooklyn,2023-08,27.339622641509433,1,0,0.11758203256290892,1
BK0501,Brooklyn,2023-09,33.075471698113205,1,1,0.9966769159464791,1
BK0501,Brooklyn,2023-10,38.301886792452834,1,1,0.9999642097127396,1
BK0501,Brooklyn,2024-03,29.0188679245283,1,1,0.9995797285605693,1
BK0501,Brooklyn,2024-04,30.867924528301888,1,1,0.9318495196553112,1
BK0502,Brooklyn,2023-07,27.20754716981132,1,0,0.0007375555448996116,1
BK0502,Brooklyn,2023-08,27.339622641509433,1,0,0.12038824642040678,1
BK0502,Brooklyn,2023-09,33.075471698113205,1,1,0.9967644135553317,1
BK0502,Brooklyn,2023-10,38.301886792452834,1,1,0.9999651551057449,1
BK0502,Brooklyn,2024-03,29.0188679245283,1,1,0.999590825787647,1
BK0502,Brooklyn,2024-04,30.867924528301888,1,1,0.9335301011659272,1
BK0503,Brooklyn,2023-07,27.20754716981132,1,0,0.0007262188508183015,1
BK0503,Brooklyn,2023-08,27.339622641509433,1,0,0.11875636994500775,1
BK0503,Brooklyn,2023-09,33.075471698113205,1,1,0.9967140330030342,1
BK0503,Brooklyn,2023-10,38.301886792452834,1,1,0.9999646107746737,1
BK0503,Brooklyn,2024-03,29.0188679245283,1,1,0.9995844362845564,1
BK0503,Brooklyn,2024-04,30.867924528301888,1,1,0.9325617297740475,1
BK0504,Brooklyn,2023-07,27.20754716981132,1,0,0.0011749155624019084,1
BK0504,Brooklyn,2023-08,27.339622641509433,1,0,0.17906269100193464,1
BK0504,Brooklyn,2023-09,33.075471698113205,1,1,0.9979672931894513,1
BK0504,Brooklyn,2023-10,38.301886792452834,1,1,0.9999781353394397,1
BK0504,Brooklyn,2024-03,29.0188679245283,1,1,0.9997432133690215,1
BK0504,Brooklyn,2024-04,30.867924528301888,1,1,0.9572326683355836,1
BK0505,Brooklyn,2023-07,27.20754716981132,1,0,0.0008643766121066195,1
BK0505,Brooklyn,2023-08,27.339622641509433,1,0,0.12796199812736642,1
BK0505,Brooklyn,2023-09,33.075471698113205,1,1,0.9968365367923402,1
BK0505,Brooklyn,2023-10,38.301886792452834,1,1,0.9999672530770284,1
BK0505,Brooklyn,2024-03,29.0188679245283,1,1,0.9996361464066494,1
BK0505,Brooklyn,2024-04,30.867924528301888,1,1,0.9410687468184842,1
BK0601,Brooklyn,2023-07,27.20754716981132,1,0,0.0005973895575323846,1
BK0601,Brooklyn,2023-08,27.339622641509433,1,0,0.09978004196059279,1
BK0601,Brooklyn,2023-09,33.075471698113205,1,1,0.9960077180411294,1
BK0601,Brooklyn,2023-10,38.301886792452834,1,1,0.9999569737380278,1
BK0601,Brooklyn,2024-03,29.0188679245283,1,1,0.9994947985929327,1
BK0601,Brooklyn,2024-04,30.867924528301888,1,1,0.9191840314469553,1
BK0602,Brooklyn,2023-07,27.20754716981132,1,0,0.0006771826331546052,1
BK0602,Brooklyn,2023-08,27.339622641509433,1,0,0.11162791415841315,1
BK0602,Brooklyn,2023-09,33.075471698113205,1,1,0.9964767552454311,1
BK0602,Brooklyn,2023-10,38.301886792452834,1,1,0.9999620464014563,1
BK0602,Brooklyn,2024-03,29.0188679245283,1,1,0.9995543359940066,1
BK0602,Brooklyn,2024-04,30.867924528301888,1,1,0.9280265606408347,1
BK0701,Brooklyn,2023-07,27.20754716981132,1,0,0.0011055655276364094,1
BK0701,Brooklyn,2023-08,27.339622641509433,1,0,0.17028348428255877,1
BK0701,Brooklyn,2023-09,33.075471698113205,1,1,0.9978399111004675,1
BK0701,Brooklyn,2023-10,38.301886792452834,1,1,0.9999767622292147,1
BK0701,Brooklyn,2024-03,29.0188679245283,1,1,0.9997270910829014,1
BK0701,Brooklyn,2024-04,30.867924528301888,1,1,0.9546685531802347,1
BK0702,Brooklyn,2023-07,27.20754716981132,1,0,0.0007380526792336625,1
BK0702,Brooklyn,2023-08,27.339622641509433,1,0,0.12018861925425015,1
BK0702,Brooklyn,2023-09,33.075471698113205,1,1,0.9967722741745503,1
BK0702,Brooklyn,2023-10,38.301886792452834,1,1,0.9999651181108655,1
BK0702,Brooklyn,2024-03,29.0188679245283,1,1,0.9995913520561633,1
BK0702,Brooklyn,2024-04,30.867924528301888,1,1,0.9334168368215571,1
BK0703,Brooklyn,2023-07,27.20754716981132,1,0,0.0011181874890015943,1
BK0703,Brooklyn,2023-08,27.339622641509433,1,0,0.15280003722994628,1
BK0703,Brooklyn,2023-09,33.075471698113205,1,1,0.9977122297723112,1
BK0703,Brooklyn,2023-10,38.301886792452834,1,1,0.9999708864093614,1
BK0703,Brooklyn,2024-03,29.0188679245283,1,1,0.9997098463174707,1
BK0703,Brooklyn,2024-04,30.867924528301888,1,1,0.9558703665615864,1
BK0801,Brooklyn,2023-07,27.20754716981132,1,0,0.0016584733944316062,1
BK0801,Brooklyn,2023-08,27.339622641509433,1,0,0.23549744997162364,1
BK0801,Brooklyn,2023-09,33.075471698113205,1,1,0.998559808117122,1
BK0801,Brooklyn,2023-10,38.301886792452834,1,1,0.9999845177757231,1
BK0801,Brooklyn,2024-03,29.0188679245283,1,1,0.9998181585826337,1
BK0801,Brooklyn,2024-04,30.867924528301888,1,1,0.9693340820864598,1
BK0802,Brooklyn,2023-07,27.20754716981132,1,0,0.0008306735947145925,1
BK0802,Brooklyn,2023-08,27.339622641509433,1,0,0.13356833864008355,1
BK0802,Brooklyn,2023-09,33.075471698113205,1,1,0.9971263456526128,1
BK0802,Brooklyn,2023-10,38.301886792452834,1,1,0.9999690639612476,1
BK0802,Brooklyn,2024-03,29.0188679245283,1,1,0.9996367111698019,1
BK0802,Brooklyn,2024-04,30.867924528301888,1,1,0.9405434880958886,1
BK0901,Brooklyn,2023-07,27.20754716981132,1,0,0.0012170486536368511,1
BK0901,Brooklyn,2023-08,27.339622641509433,1,0,0.18430686941709418,1
BK0901,Brooklyn,2023-09,33.075471698113205,1,1,0.9980376081264251,1
BK0901,Brooklyn,2023-10,38.301886792452834,1,1,0.9999788931480155,1
BK0901,Brooklyn,2024-03,29.0188679245283,1,1,0.9997521113337983,1
BK0901,Brooklyn,2024-04,30.867924528301888,1,1,0.9586536872037356,1
BK0902,Brooklyn,2023-07,27.20754716981132,1,0,0.0008757220604221085,1
BK0902,Brooklyn,2023-08,27.339622641509433,1,0,0.1398046915021893,1
BK0902,Brooklyn,2023-09,33.075471698113205,1,1,0.997273890347354,1
BK0902,Brooklyn,2023-10,38.301886792452834,1,1,0.9999706566341093,1
BK0902,Brooklyn,2024-03,29.0188679245283,1,1,0.9996554083875471,1
BK0902,Brooklyn,2024-04,30.867924528301888,1,1,0.9434314028922564,1
BK1001,Brooklyn,2023-07,27.20754716981132,1,0,0.00021334951720793302,1
BK1001,Brooklyn,2023-08,27.339622641509433,1,0,0.03870974042725672,1
BK1001,Brooklyn,2023-09,33.075471698113205,1,1,0.9893350422593038,1
BK1001,Brooklyn,2023-10,38.301886792452834,1,1,0.9998821799241723,1
BK1001,Brooklyn,2024-03,29.0188679245283,1,1,0.99857327548994,1
BK1001,Brooklyn,2024-04,30.867924528301888,1,1,0.8099745753352358,1
BK1002,Brooklyn,2023-07,27.20754716981132,1,0,0.001094376750205324,1
BK1002,Brooklyn,2023-08,27.339622641509433,1,0,0.14994784793679944,1
BK1002,Brooklyn,2023-09,33.075471698113205,1,1,0.997663111819261,1
BK1002,Brooklyn,2023-10,38.301886792452834,1,1,0.9999701810711746,1
BK1002,Brooklyn,2024-03,29.0188679245283,1,1,0.999703321181735,1
BK1002,Brooklyn,2024-04,30.867924528301888,1,1,0.9549286568227476,1
BK1101,Brooklyn,2023-07,27.20754716981132,1,0,0.0006057517422816913,1
BK1101,Brooklyn,2023-08,27.339622641509433,1,0,0.08891387259500468,1
BK1101,Brooklyn,2023-09,33.075471698113205,1,1,0.9957839697159302,1
BK1101,Brooklyn,2023-10,38.301886792452834,1,1,0.999946102806108,1
BK1101,Brooklyn,2024-03,29.0188679245283,1,1,0.9994638737397026,1
BK1101,Brooklyn,2024-04,30.867924528301888,1,1,0.9213933611285717,1
BK1102,Brooklyn,2023-07,27.20754716981132,1,0,0.001296252870811561,1
BK1102,Brooklyn,2023-08,27.339622641509433,1,0,0.17285665271277498,1
BK1102,Brooklyn,2023-09,33.075471698113205,1,1,0.9980267344196773,1
BK1102,Brooklyn,2023-10,38.301886792452834,1,1,0.9999748299889857,1
BK1102,Brooklyn,2024-03,29.0188679245283,1,1,0.9997495644505148,1
BK1102,Brooklyn,2024-04,30.867924528301888,1,1,0.9616864478516196,1
BK1103,Brooklyn,2023-07,27.20754716981132,1,0,0.0011401764638983027,1
BK1103,Brooklyn,2023-08,27.339622641509433,1,0,0.1552549477275944,1
BK1103,Brooklyn,2023-09,33.075471698113205,1,1,0.9977568742578466,1
BK1103,Brooklyn,2023-10,38.301886792452834,1,1,0.999971380144777,1
BK1103,Brooklyn,2024-03,29.0188679245283,1,1,0.9997152481232595,1
BK1103,Brooklyn,2024-04,30.867924528301888,1,1,0.9566625626772627,1
BK1201,Brooklyn,2023-07,27.20754716981132,1,0,0.001447085593427813,1
BK1201,Brooklyn,2023-08,27.339622641509433,1,0,0.18918870067893478,1
BK1201,Brooklyn,2023-09,33.075471698113205,1,1,0.9982323148810918,1
BK1201,Brooklyn,2023-10,38.301886792452834,1,1,0.9999774568572047,1
BK1201,Brooklyn,2024-03,29.0188679245283,1,1,0.9997756958833445,1
BK1201,Brooklyn,2024-04,30.867924528301888,1,1,0.9655473666991369,1
BK1202,Brooklyn,2023-07,27.20754716981132,1,0,0.000590566368427295,1
BK1202,Brooklyn,2023-08,27.339622641509433,1,0,0.08687736512946105,1
BK1202,Brooklyn,2023-09,33.075471698113205,1,1,0.9956759652590768,1
BK1202,Brooklyn,2023-10,38.301886792452834,1,1,0.9999447161713693,1
BK1202,Brooklyn,2024-03,29.0188679245283,1,1,0.9994500874270901,1
BK1202,Brooklyn,2024-04,30.867924528301888,1,1,0.9195336444649104,1
BK1203,Brooklyn,2023-07,27.20754716981132,1,0,0.0015843575188795244,1
BK1203,Brooklyn,2023-08,27.339622641509433,1,0,0.20350576448417562,1
BK1203,Brooklyn,2023-09,33.075471698113205,1,1,0.9983854449928482,1
BK1203,Brooklyn,2023-10,38.301886792452834,1,1,0.9999794128307364,1
BK1203,Brooklyn,2024-03,29.0188679245283,1,1,0.9997951542205091,1
BK1203,Brooklyn,2024-04,30.867924528301888,1,1,0.9684424007084843,1
BK1204,Brooklyn,2023-07,27.20754716981132,1,0,0.0010224432285378647,1
BK1204,Brooklyn,2023-08,27.339622641509433,1,0,0.1414775117842796,1
BK1204,Brooklyn,2023-09,33.075471698113205,1,1,0.9974989326577147,1
BK1204,Brooklyn,2023-10,38.301886792452834,1,1,0.9999680809428244,1
BK1204,Brooklyn,2024-03,29.0188679245283,1,1,0.9996824322484744,1
BK1204,Brooklyn,2024-04,30.867924528301888,1,1,0.9519068783189238,1
BK1301,Brooklyn,2023-07,27.20754716981132,1,0,0.0030710087956297705,1
BK1301,Brooklyn,2023-08,27.339622641509433,1,0,0.3315443845182669,1
BK1301,Brooklyn,2023-09,33.075471698113205,1,1,0.9991676270902298,1
BK1301,Brooklyn,2023-10,38.301886792452834,1,1,0.9999893946269831,1
BK1301,Brooklyn,2024-03,29.0188679245283,1,1,0.9998944653351161,1
BK1301,Brooklyn,2024-04,30.867924528301888,1,1,0.9834908219611276,1
BK1302,Brooklyn,2023-07,27.20754716981132,1,0,0.002535779211780012,1
BK1302,Brooklyn,2023-08,27.339622641509433,1,0,0.29043956040920305,1
BK1302,Brooklyn,2023-09,33.075471698113205,1,1,0.9989915737741164,1
BK1302,Brooklyn,2023-10,38.301886792452834,1,1,0.9999871492730167,1
BK1302,Brooklyn,2024-03,29.0188679245283,1,1,0.9998721242612985,1
BK1302,Brooklyn,2024-04,30.867924528301888,1,1,0.9800651572951706,1
BK1303,Brooklyn,2023-07,27.20754716981132,1,0,0.00375341382778484,1
BK1303,Brooklyn,2023-08,27.339622641509433,1,0,0.37757265484044833,1
BK1303,Brooklyn,2023-09,33.075471698113205,1,1,0.999319322963979,1
BK1303,Brooklyn,2023-10,38.301886792452834,1,1,0.9999913287038384,1
BK1303,Brooklyn,2024-03,29.0188679245283,1,1,0.9999137099490841,1
BK1303,Brooklyn,2024-04,30.867924528301888,1,1,0.9864608246278689,1
BK1401,Brooklyn,2023-07,27.20754716981132,1,0,0.0013072354226691973,1
BK1401,Brooklyn,2023-08,27.339622641509433,1,0,0.19531142085148612,1
BK1401,Brooklyn,2023-09,33.075471698113205,1,1,0.9981729117466682,1
BK1401,Brooklyn,2023-10,38.301886792452834,1,1,0.9999803510651206,1
BK1401,Brooklyn,2024-03,29.0188679245283,1,1,0.9997692301739765,1
BK1401,Brooklyn,2024-04,30.867924528301888,1,1,0.9613994217169716,1
BK1402,Brooklyn,2023-07,27.20754716981132,1,0,0.0010363344718237275,1
BK1402,Brooklyn,2023-08,27.339622641509433,1,0,0.1431262680716259,1
BK1402,Brooklyn,2023-09,33.075471698113205,1,1,0.9975324089878048,1
BK1402,Brooklyn,2023-10,38.301886792452834,1,1,0.9999685092169329,1
BK1402,Brooklyn,2024-03,29.0188679245283,1,1,0.9996866920145103,1
BK1402,Brooklyn,2024-04,30.867924528301888,1,1,0.952521550020333,1
BK1403,Brooklyn,2023-07,27.20754716981132,1,0,0.001025283484040831,1
BK1403,Brooklyn,2023-08,27.339622641509433,1,0,0.14181513474544047,1
BK1403,Brooklyn,2023-09,33.075471698113205,1,1,0.997505850944393,1
BK1403,Brooklyn,2023-10,38.301886792452834,1,1,0.9999681694531519,1
BK1403,Brooklyn,2024-03,29.0188679245283,1,1,0.9996833126008771,1
BK1403,Brooklyn,2024-04,30.867924528301888,1,1,0.9520338459664666,1
BK1501,Brooklyn,2023-07,27.20754716981132,1,0,0.0009979074929487393,1
BK1501,Brooklyn,2023-08,27.339622641509433,1,0,0.13854991667926594,1
BK1501,Brooklyn,2023-09,33.075471698113205,1,1,0.9974375332531058,1
BK1501,Brooklyn,2023-10,38.301886792452834,1,1,0.9999672953655366,1
BK1501,Brooklyn,2024-03,29.0188679245283,1,1,0.9996746187032959,1
BK1501,Brooklyn,2024-04,30.867924528301888,1,1,0.9507814528565549,1
BK1502,Brooklyn,2023-07,27.20754716981132,1,0,0.0011528440293269795,1
BK1502,Brooklyn,2023-08,27.339622641509433,1,0,0.15671122414321467,1
BK1502,Brooklyn,2023-09,33.075471698113205,1,1,0.9977814953390792,1
BK1502,Brooklyn,2023-10,38.301886792452834,1,1,0.9999716949726648,1
BK1502,Brooklyn,2024-03,29.0188679245283,1,1,0.9997183796947312,1
BK1502,Brooklyn,2024-04,30.867924528301888,1,1,0.957118859197262,1
BK1503,Brooklyn,2023-07,27.20754716981132,1,0,0.0013116048672569788,1
BK1503,Brooklyn,2023-08,27.339622641509433,1,0,0.17454873960192727,1
BK1503,Brooklyn,2023-09,33.075471698113205,1,1,0.9980498158608251,1
BK1503,Brooklyn,2023-10,38.301886792452834,1,1,0.9999751249725131,1
BK1503,Brooklyn,2024-03,29.0188679245283,1,1,0.9997524988121625,1
BK1503,Brooklyn,2024-04,30.867924528301888,1,1,0.962118470119742,1
BK1601,Brooklyn,2023-07,27.20754716981132,1,0,0.000732349521307426,1
BK1601,Brooklyn,2023-08,27.339622641509433,1,0,0.11963960447430075,1
BK1601,Brooklyn,2023-09,33.075471698113205,1,1,0.9967414708989973,1
BK1601,Brooklyn,2023-10,38.301886792452834,1,1,0.9999649072311175,1
BK1601,Brooklyn,2024-03,29.0188679245283,1,1,0.999587916159986,1
BK1601,Brooklyn,2024-04,30.867924528301888,1,1,0.933088880144191,1
BK1602,Brooklyn,2023-07,27.20754716981132,1,0,0.000777369993903025,1
BK1602,Brooklyn,2023-08,27.339622641509433,1,0,0.12607210685959686,1
BK1602,Brooklyn,2023-09,33.075471698113205,1,1,0.99692974327596,1
BK1602,Brooklyn,2023-10,38.301886792452834,1,1,0.9999669410099695,1
BK1602,Brooklyn,2024-03,29.0188679245283,1,1,0.9996117897318947,1
BK1602,Brooklyn,2024-04,30.867924528301888,1,1,0.9367214100100211,1
BK1701,Brooklyn,2023-07,27.20754716981132,1,0,0.0010102335318518739,1
BK1701,Brooklyn,2023-08,27.339622641509433,1,0,0.1579061771795727,1
BK1701,Brooklyn,2023-09,33.075471698113205,1,1,0.9976363282492,1
BK1701,Brooklyn,2023-10,38.301886792452834,1,1,0.9999745669956712,1
BK1701,Brooklyn,2024-03,29.0188679245283,1,1,0.9997013168764745,1
BK1701,Brooklyn,2024-04,30.867924528301888,1,1,0.9505976233489299,1
BK1702,Brooklyn,2023-07,27.20754716981132,1,0,0.0012241522097257694,1
BK1702,Brooklyn,2023-08,27.339622641509433,1,0,0.18518447758812526,1
BK1702,Brooklyn,2023-09,33.075471698113205,1,1,0.9980489871990051,1
BK1702,Brooklyn,2023-10,38.301886792452834,1,1,0.9999790157743152,1
BK1702,Brooklyn,2024-03,29.0188679245283,1,1,0.9997535511892617,1
BK1702,Brooklyn,2024-04,30.867924528301888,1,1,0.9588840286786604,1
BK1703,Brooklyn,2023-07,27.20754716981132,1,0,0.0007691943983231024,1
BK1703,Brooklyn,2023-08,27.339622641509433,1,0,0.12491093345314354,1
BK1703,Brooklyn,2023-09,33.075471698113205,1,1,0.996897186147922,1
BK1703,Brooklyn,2023-10,38.301886792452834,1,1,0.9999665893717299,1
BK1703,Brooklyn,2024-03,29.0188679245283,1,1,0.9996076619416463,1
BK1703,Brooklyn,2024-04,30.867924528301888,1,1,0.9360913295055256,1
BK1704,Brooklyn,2023-07,27.20754716981132,1,0,0.0013630824353292209,1
BK1704,Brooklyn,2023-08,27.339622641509433,1,0,0.20197918730787767,1
BK1704,Brooklyn,2023-09,33.075471698113205,1,1,0.9982477362394421,1
BK1704,Brooklyn,2023-10,38.301886792452834,1,1,0.9999811571425334,1
BK1704,Brooklyn,2024-03,29.0188679245283,1,1,0.9997786953527835,1
BK1704,Brooklyn,2024-04,30.867924528301888,1,1,0.9629242883955158,1
BK1801,Brooklyn,2023-07,27.20754716981132,1,0,0.0005605466746688721,1
BK1801,Brooklyn,2023-08,27.339622641509433,1,0,0.08282470629185411,1
BK1801,Brooklyn,2023-09,33.075471698113205,1,1,0.9954453130527993,1
BK1801,Brooklyn,2023-10,38.301886792452834,1,1,0.9999417539067749,1
BK1801,Brooklyn,2024-03,29.0188679245283,1,1,0.9994206369052443,1
BK1801,Brooklyn,2024-04,30.867924528301888,1,1,0.9155857603687196,1
BK1802,Brooklyn,2023-07,27.20754716981132,1,0,0.0002907333878969079,1
BK1802,Brooklyn,2023-08,27.339622641509433,1,0,0.04473006869090843,1
BK1802,Brooklyn,2023-09,33.075471698113205,1,1,0.9912529877374294,1
BK1802,Brooklyn,2023-10,38.301886792452834,1,1,0.9998876747451956,1
BK1802,Brooklyn,2024-03,29.0188679245283,1,1,0.9988832618571831,1
BK1802,Brooklyn,2024-04,30.867924528301888,1,1,0.8490349689420826,1
BK1803,Brooklyn,2023-07,27.20754716981132,1,0,0.0006728712509846174,1
BK1803,Brooklyn,2023-08,27.339622641509433,1,0,0.11099567744030558,1
BK1803,Brooklyn,2023-09,33.075471698113205,1,1,0.9964542450678958,1
BK1803,Brooklyn,2023-10,38.301886792452834,1,1,0.9999618030605534,1
BK1803,Brooklyn,2024-03,29.0188679245283,1,1,0.9995514797752241,1
BK1803,Brooklyn,2024-04,30.867924528301888,1,1,0.9275984943434714,1
BX0101,Bronx,2023-07,32.75675675675676,1,1,0.9925949468901514,1
BX0101,Bronx,2023-08,30.64864864864865,1,1,0.9999641471373765,1
BX0101,Bronx,2023-09,39.810810810810814,1,1,0.99999998238666,1
BX0101,Bronx,2023-10,46.83783783783784,1,1,0.9999999998208073,1
BX0101,Bronx,2024-03,36.729729729729726,1,1,0.9999999978304732,1
BX0101,Bronx,2024-04,37.054054054054056,1,1,0.9999996572063494,1
BX0102,Bronx,2023-07,32.75675675675676,1,1,0.9919420447143847,1
BX0102,Bronx,2023-08,30.64864864864865,1,1,0.9999609604422113,1
BX0102,Bronx,2023-09,39.810810810810814,1,1,0.9999999808210797,1
BX0102,Bronx,2023-10,46.83783783783784,1,1,0.9999999998048796,1
BX0102,Bronx,2024-03,36.729729729729726,1,1,0.9999999976376324,1
BX0102,Bronx,2024-04,37.054054054054056,1,1,0.9999996267367851,1
BX0201,Bronx,2023-07,32.75675675675676,1,1,0.9885273628156748,1
BX0201,Bronx,2023-08,30.64864864864865,1,1,0.9999442257638173,1
BX0201,Bronx,2023-09,39.810810810810814,1,1,0.9999999725993943,1
BX0201,Bronx,2023-10,46.83783783783784,1,1,0.9999999997212348,1
BX0201,Bronx,2024-03,36.729729729729726,1,1,0.9999999966249247,1
BX0201,Bronx,2024-04,37.054054054054056,1,1,0.9999994667251125,1
BX0202,Bronx,2023-07,32.75675675675676,1,1,0.9886098141366263,1
BX0202,Bronx,2023-08,30.64864864864865,1,1,0.9999446311967523,1
BX0202,Bronx,2023-09,39.810810810810814,1,1,0.9999999727985852,1
BX0202,Bronx,2023-10,46.83783783783784,1,1,0.9999999997232614,1
BX0202,Bronx,2024-03,36.729729729729726,1,1,0.9999999966494599,1
BX0202,Bronx,2024-04,37.054054054054056,1,1,0.9999994706017958,1
BX0301,Bronx,2023-07,32.75675675675676,1,1,0.9913425389111766,1
BX0301,Bronx,2023-08,30.64864864864865,1,1,0.9999580306861718,1
BX0301,Bronx,2023-09,39.810810810810814,1,1,0.9999999793817211,1
BX0301,Bronx,2023-10,46.83783783783784,1,1,0.999999999790236,1
BX0301,Bronx,2024-03,36.729729729729726,1,1,0.9999999974603391,1
BX0301,Bronx,2024-04,37.054054054054056,1,1,0.9999995987237726,1
BX0302,Bronx,2023-07,32.75675675675676,1,1,0.9923659105901639,1
BX0302,Bronx,2023-08,30.64864864864865,1,1,0.999963029728582,1
BX0302,Bronx,2023-09,39.810810810810814,1,1,0.9999999818376931,1
BX0302,Bronx,2023-10,46.83783783783784,1,1,0.9999999998152225,1
BX0302,Bronx,2024-03,36.729729729729726,1,1,0.999999997762854,1
BX0302,Bronx,2024-04,37.054054054054056,1,1,0.9999996465222746,1
BX0303,Bronx,2023-07,32.75675675675676,1,1,0.9882076637990487,1
BX0303,Bronx,2023-08,30.64864864864865,1,1,0.9999426530903909,1
BX0303,Bronx,2023-09,39.810810810810814,1,1,0.9999999718267315,1
BX0303,Bronx,2023-10,46.83783783783784,1,1,0.9999999997133739,1
BX0303,Bronx,2024-03,36.729729729729726,1,1,0.9999999965297517,1
BX0303,Bronx,2024-04,37.054054054054056,1,1,0.9999994516874366,1
BX0401,Bronx,2023-07,32.75675675675676,1,1,0.990735507565714,1
BX0401,Bronx,2023-08,30.64864864864865,1,1,0.999955060557991,1
BX0401,Bronx,2023-09,39.810810810810814,1,1,0.9999999779225197,1
BX0401,Bronx,2023-10,46.83783783783784,1,1,0.9999999997753906,1
BX0401,Bronx,2024-03,36.729729729729726,1,1,0.9999999972806017,1
BX0401,Bronx,2024-04,37.054054054054056,1,1,0.999999570324574,1
BX0402,Bronx,2023-07,32.75675675675676,1,1,0.9938616808014736,1
BX0402,Bronx,2023-08,30.64864864864865,1,1,0.9999703179480093,1
BX0402,Bronx,2023-09,39.810810810810814,1,1,0.9999999854182675,1
BX0402,Bronx,2023-10,46.83783783783784,1,1,0.99999999985165,1
BX0402,Bronx,2024-03,36.729729729729726,1,1,0.9999999982038921,1
BX0402,Bronx,2024-04,37.054054054054056,1,1,0.9999997162079671,1
BX0403,Bronx,2023-07,32.75675675675676,1,1,0.9939407134906943,1
BX0403,Bronx,2023-08,30.64864864864865,1,1,0.9999707024317761,1
BX0403,Bronx,2023-09,39.810810810810814,1,1,0.9999999856071562,1
BX0403,Bronx,2023-10,46.83783783783784,1,1,0.9999999998535718,1
BX0403,Bronx,2024-03,36.729729729729726,1,1,0.9999999982271583,1
BX0403,Bronx,2024-04,37.054054054054056,1,1,0.9999997198841483,1
BX0501,Bronx,2023-07,32.75675675675676,1,1,0.9934423014988224,1
BX0501,Bronx,2023-08,30.64864864864865,1,1,0.9999682767035442,1
BX0501,Bronx,2023-09,39.810810810810814,1,1,0.9999999844154452,1
BX0501,Bronx,2023-10,46.83783783783784,1,1,0.9999999998414477,1
BX0501,Bronx,2024-03,36.729729729729726,1,1,0.9999999980803691,1
BX0501,Bronx,2024-04,37.054054054054056,1,1,0.9999996966908827,1
BX0502,Bronx,2023-07,32.75675675675676,1,1,0.991737505745597,1
BX0502,Bronx,2023-08,30.64864864864865,1,1,0.9999599612662619,1
BX0502,Bronx,2023-09,39.810810810810814,1,1,0.9999999803301959,1
BX0502,Bronx,2023-10,46.83783783783784,1,1,0.9999999997998856,1
BX0502,Bronx,2024-03,36.729729729729726,1,1,0.9999999975771678,1
BX0502,Bronx,2024-04,37.054054054054056,1,1,0.9999996171831314,1
BX0503,Bronx,2023-07,32.75675675675676,1,1,0.9905531123467314,1
BX0503,Bronx,2023-08,30.64864864864865,1,1,0.9999578244447637,1
BX0503,Bronx,2023-09,39.810810810810814,1,1,0.9999999783336257,1
BX0503,Bronx,2023-10,46.83783783783784,1,1,0.9999999997846103,1
BX0503,Bronx,2024-03,36.729729729729726,1,1,0.9999999973036249,1
BX0503,Bronx,2024-04,37.054054054054056,1,1,0.9999995881824484,1
BX0601,Bronx,2023-07,32.75675675675676,1,1,0.9916015408610722,1
BX0601,Bronx,2023-08,30.64864864864865,1,1,0.9999592968487793,1
BX0601,Bronx,2023-09,39.810810810810814,1,1,0.9999999800037747,1
BX0601,Bronx,2023-10,46.83783783783784,1,1,0.9999999997965647,1
BX0601,Bronx,2024-03,36.729729729729726,1,1,0.9999999975369607,1
BX0601,Bronx,2024-04,37.054054054054056,1,1,0.9999996108302711,1
BX0602,Bronx,2023-07,32.75675675675676,1,1,0.9963326695504771,1
BX0602,Bronx,2023-08,30.64864864864865,1,1,0.9999823102668716,1
BX0602,Bronx,2023-09,39.810810810810814,1,1,0.9999999913097698,1
BX0602,Bronx,2023-10,46.83783783783784,1,1,0.9999999999115883,1
BX0602,Bronx,2024-03,36.729729729729726,1,1,0.9999999989295791,1
BX0602,Bronx,2024-04,37.054054054054056,1,1,0.9999998308693181,1
BX0603,Bronx,2023-07,32.75675675675676,1,1,0.9904029248707158,1
BX0603,Bronx,2023-08,30.64864864864865,1,1,0.9999571474656783,1
BX0603,Bronx,2023-09,39.810810810810814,1,1,0.999999977985834,1
BX0603,Bronx,2023-10,46.83783783783784,1,1,0.9999999997811528,1
BX0603,Bronx,2024-03,36.729729729729726,1,1,0.9999999972603424,1
BX0603,Bronx,2024-04,37.054054054054056,1,1,0.9999995815718964,1
BX0701,Bronx,2023-07,32.75675675675676,1,1,0.9908476734895935,1
BX0701,Bronx,2023-08,30.64864864864865,1,1,0.9999591516035289,1
BX0701,Bronx,2023-09,39.810810810810814,1,1,0.9999999790154399,1
BX0701,Bronx,2023-10,46.83783783783784,1,1,0.9999999997913884,1
BX0701,Bronx,2024-03,36.729729729729726,1,1,0.9999999973884766,1
BX0701,Bronx,2024-04,37.054054054054056,1,1,0.9999996011418363,1
BX0702,Bronx,2023-07,32.75675675675676,1,1,0.9891456516563533,1
BX0702,Bronx,2023-08,30.64864864864865,1,1,0.999951472203125,1
BX0702,Bronx,2023-09,39.810810810810814,1,1,0.9999999750702018,1
BX0702,Bronx,2023-10,46.83783783783784,1,1,0.999999999752168,1
BX0702,Bronx,2024-03,36.729729729729726,1,1,0.9999999968974926,1
BX0702,Bronx,2024-04,37.054054054054056,1,1,0.9999995261538561,1
BX0703,Bronx,2023-07,32.75675675675676,1,1,0.9892957300918511,1
BX0703,Bronx,2023-08,30.64864864864865,1,1,0.9999521504037691,1
BX0703,Bronx,2023-09,39.810810810810814,1,1,0.999999975418625,1
BX0703,Bronx,2023-10,46.83783783783784,1,1,0.9999999997556317,1
BX0703,Bronx,2024-03,36.729729729729726,1,1,0.9999999969408537,1
BX0703,Bronx,2024-04,37.054054054054056,1,1,0.9999995327764108,1
BX0801,Bronx,2023-07,32.75675675675676,1,1,0.9912363327731895,1
BX0801,Bronx,2023-08,30.64864864864865,1,1,0.9999609015241963,1
BX0801,Bronx,2023-09,39.810810810810814,1,1,0.999999979914441,1
BX0801,Bronx,2023-10,46.83783783783784,1,1,0.9999999998003255,1
BX0801,Bronx,2024-03,36.729729729729726,1,1,0.9999999975003571,1
BX0801,Bronx,2024-04,37.054054054054056,1,1,0.999999618229341,1
BX0802,Bronx,2023-07,32.75675675675676,1,1,0.9931441157892352,1
BX0802,Bronx,2023-08,30.64864864864865,1,1,0.9999694714565719,1
BX0802,Bronx,2023-09,39.810810810810814,1,1,0.9999999843170968,1
BX0802,Bronx,2023-10,46.83783783783784,1,1,0.9999999998440932,1
BX0802,Bronx,2024-03,36.729729729729726,1,1,0.9999999980482666,1
BX0802,Bronx,2024-04,37.054054054054056,1,1,0.999999701911571,1
BX0803,Bronx,2023-07,32.75675675675676,1,1,0.9880264450636175,1
BX0803,Bronx,2023-08,30.64864864864865,1,1,0.9999464080685799,1
BX0803,Bronx,2023-09,39.810810810810814,1,1,0.9999999724685048,1
BX0803,Bronx,2023-10,46.83783783783784,1,1,0.999999999726304,1
BX0803,Bronx,2024-03,36.729729729729726,1,1,0.9999999965737121,1
BX0803,Bronx,2024-04,37.054054054054056,1,1,0.9999994767028585,1
BX0901,Bronx,2023-07,32.75675675675676,1,1,0.9865590269572432,1
BX0901,Bronx,2023-08,30.64864864864865,1,1,0.9999345269624259,1
BX0901,Bronx,2023-09,39.810810810810814,1,1,0.9999999678342834,1
BX0901,Bronx,2023-10,46.83783783783784,1,1,0.999999999672756,1
BX0901,Bronx,2024-03,36.729729729729726,1,1,0.9999999960379811,1
BX0901,Bronx,2024-04,37.054054054054056,1,1,0.9999993739858302,1
BX0902,Bronx,2023-07,32.75675675675676,1,1,0.9897852853965572,1
BX0902,Bronx,2023-08,30.64864864864865,1,1,0.9999504039608166,1
BX0902,Bronx,2023-09,39.810810810810814,1,1,0.9999999756347514,1
BX0902,Bronx,2023-10,46.83783783783784,1,1,0.9999999997521156,1
BX0902,Bronx,2024-03,36.729729729729726,1,1,0.9999999969988054,1
BX0902,Bronx,2024-04,37.054054054054056,1,1,0.9999995257996849,1
BX0903,Bronx,2023-07,32.75675675675676,1,1,0.9850058946786474,1
BX0903,Bronx,2023-08,30.64864864864865,1,1,0.9999268468137905,1
BX0903,Bronx,2023-09,39.810810810810814,1,1,0.9999999640608896,1
BX0903,Bronx,2023-10,46.83783783783784,1,1,0.9999999996343667,1
BX0903,Bronx,2024-03,36.729729729729726,1,1,0.9999999955731924,1
BX0903,Bronx,2024-04,37.054054054054056,1,1,0.9999993005475046,1
BX0904,Bronx,2023-07,32.75675675675676,1,1,0.9900453053936289,1
BX0904,Bronx,2023-08,30.64864864864865,1,1,0.9999555346512486,1
BX0904,Bronx,2023-09,39.810810810810814,1,1,0.9999999771572635,1
BX0904,Bronx,2023-10,46.83783783783784,1,1,0.9999999997729159,1
BX0904,Bronx,2024-03,36.729729729729726,1,1,0.9999999971572269,1
BX0904,Bronx,2024-04,37.054054054054056,1,1,0.9999995658230822,1
BX1001,Bronx,2023-07,32.75675675675676,1,1,0.9848416614736283,1
BX1001,Bronx,2023-08,30.64864864864865,1,1,0.9999319350122868,1
BX1001,Bronx,2023-09,39.810810810810814,1,1,0.9999999650328334,1
BX1001,Bronx,2023-10,46.83783783783784,1,1,0.9999999996523845,1
BX1001,Bronx,2024-03,36.729729729729726,1,1,0.9999999956483445,1
BX1001,Bronx,2024-04,37.054054054054056,1,1,0.9999993353715181,1
BX1002,Bronx,2023-07,32.75675675675676,1,1,0.9717962326064671,1
BX1002,Bronx,2023-08,30.64864864864865,1,1,0.9998577725824327,1
BX1002,Bronx,2023-09,39.810810810810814,1,1,0.9999999318803967,1
BX1002,Bronx,2023-10,46.83783783783784,1,1,0.9999999993158801,1
BX1002,Bronx,2024-03,36.729729729729726,1,1,0.9999999918372494,1
BX1002,Bronx,2024-04,37.054054054054056,1,1,0.9999985713680295,1
BX1003,Bronx,2023-07,32.75675675675676,1,1,0.9839974614874523,1
BX1003,Bronx,2023-08,30.64864864864865,1,1,0.9999202972196487,1
BX1003,Bronx,2023-09,39.810810810810814,1,1,0.9999999618288616,1
BX1003,Bronx,2023-10,46.83783783783784,1,1,0.9999999996166502,1
BX1003,Bronx,2024-03,36.729729729729726,1,1,0.9999999954259646,1
BX1003,Bronx,2024-04,37.054054054054056,1,1,0.9999991994589115,1
BX1004,Bronx,2023-07,32.75675675675676,1,1,0.9885328172887498,1
BX1004,Bronx,2023-08,30.64864864864865,1,1,0.9999487006924141,1
BX1004,Bronx,2023-09,39.810810810810814,1,1,0.9999999736463425,1
BX1004,Bronx,2023-10,46.83783783783784,1,1,0.9999999997380131,1
BX1004,Bronx,2024-03,36.729729729729726,1,1,0.9999999967202937,1
BX1004,Bronx,2024-04,37.054054054054056,1,1,0.9999994990902665,1
BX1101,Bronx,2023-07,32.75675675675676,1,1,0.9890182319476117,1
BX1101,Bronx,2023-08,30.64864864864865,1,1,0.9999508962358556,1
BX1101,Bronx,2023-09,39.810810810810814,1,1,0.9999999747743,1
BX1101,Bronx,2023-10,46.83783783783784,1,1,0.9999999997492264,1
BX1101,Bronx,2024-03,36.729729729729726,1,1,0.9999999968606677,1
BX1101,Bronx,2024-04,37.054054054054056,1,1,0.9999995205295923,1
BX1102,Bronx,2023-07,32.75675675675676,1,1,0.9810545693592475,1
BX1102,Bronx,2023-08,30.64864864864865,1,1,0.9999146030480806,1
BX1102,Bronx,2023-09,39.810810810810814,1,1,0.9999999561280878,1
BX1102,Bronx,2023-10,46.83783783783784,1,1,0.9999999995638607,1
BX1102,Bronx,2024-03,36.729729729729726,1,1,0.999999994540151,1
BX1102,Bronx,2024-04,37.054054054054056,1,1,0.9999991661172271,1
BX1103,Bronx,2023-07,32.75675675675676,1,1,0.9867124512735977,1
BX1103,Bronx,2023-08,30.64864864864865,1,1,0.9999404479741838,1
BX1103,Bronx,2023-09,39.810810810810814,1,1,0.9999999694064752,1
BX1103,Bronx,2023-10,46.83783783783784,1,1,0.9999999996958637,1
BX1103,Bronx,2024-03,36.729729729729726,1,1,0.9999999961926431,1
BX1103,Bronx,2024-04,37.054054054054056,1,1,0.9999994185022261,1
BX1104,Bronx,2023-07,32.75675675675676,1,1,0.9922827100131548,1
BX1104,Bronx,2023-08,30.64864864864865,1,1,0.9999656060068589,1
BX1104,Bronx,2023-09,39.810810810810814,1,1,0.9999999823312976,1
BX1104,Bronx,2023-10,46.83783783783784,1,1,0.9999999998243518,1
BX1104,Bronx,2024-03,36.729729729729726,1,1,0.9999999978011342,1
BX1104,Bronx,2024-04,37.054054054054056,1,1,0.9999996641670554,1
BX1201,Bronx,2023-07,32.75675675675676,1,1,0.9834516678205928,1
BX1201,Bronx,2023-08,30.64864864864865,1,1,0.9999255890184323,1
BX1201,Bronx,2023-09,39.810810810810814,1,1,0.9999999617724505,1
BX1201,Bronx,2023-10,46.83783783783784,1,1,0.9999999996199724,1
BX1201,Bronx,2024-03,36.729729729729726,1,1,0.9999999952425906,1
BX1201,Bronx,2024-04,37.054054054054056,1,1,0.9999992734007573,1
BX1202,Bronx,2023-07,32.75675675675676,1,1,0.9819580796372369,1
BX1202,Bronx,2023-08,30.64864864864865,1,1,0.9999187501312934,1
BX1202,Bronx,2023-09,39.810810810810814,1,1,0.9999999582587873,1
BX1202,Bronx,2023-10,46.83783783783784,1,1,0.9999999995850424,1
BX1202,Bronx,2024-03,36.729729729729726,1,1,0.999999994805316,1
BX1202,Bronx,2024-04,37.054054054054056,1,1,0.9999992066158563,1
BX1203,Bronx,2023-07,32.75675675675676,1,1,0.9825173722082501,1
BX1203,Bronx,2023-08,30.64864864864865,1,1,0.9999213134614365,1
BX1203,Bronx,2023-09,39.810810810810814,1,1,0.999999959575773,1
BX1203,Bronx,2023-10,46.83783783783784,1,1,0.9999999995981348,1
BX1203,Bronx,2024-03,36.729729729729726,1,1,0.9999999949692147,1
BX1203,Bronx,2024-04,37.054054054054056,1,1,0.9999992316480688,1
MN0101,Manhattan,2023-07,23.4375,0,0,9.105374132586151e-05,1
MN0101,Manhattan,2023-08,23.59375,0,0,0.02186157809579761,1
MN0101,Manhattan,2023-09,25.625,0,1,0.9782705711779275,1
MN0101,Manhattan,2023-10,29.84375,1,1,0.9997702095018345,1
MN0101,Manhattan,2024-03,26.96875,0,1,0.9969763795422961,1
MN0101,Manhattan,2024-04,29.6875,1,1,0.6682208797750793,1
MN0102,Manhattan,2023-07,23.4375,0,0,0.00013333526245421548,1
MN0102,Manhattan,2023-08,23.59375,0,0,0.0317141821062497,1
MN0102,Manhattan,2023-09,25.625,0,1,0.9850896976656788,1
MN0102,Manhattan,2023-10,29.84375,1,1,0.9998434541999405,1
MN0102,Manhattan,2024-03,26.96875,0,1,0.9979417019997647,1
MN0102,Manhattan,2024-04,29.6875,1,1,0.7477033689904692,1
MN0201,Manhattan,2023-07,23.4375,0,0,0.00011509560137231582,1
MN0201,Manhattan,2023-08,23.59375,0,0,0.02749462119904704,1
MN0201,Manhattan,2023-09,25.625,0,1,0.9827672119219448,1
MN0201,Manhattan,2023-10,29.84375,1,1,0.9998186469512071,1
MN0201,Manhattan,2024-03,26.96875,0,1,0.9976162494225653,1
MN0201,Manhattan,2024-04,29.6875,1,1,0.718953988089807,1
MN0202,Manhattan,2023-07,23.4375,0,0,0.0001986623043564835,1
MN0202,Manhattan,2023-08,23.59375,0,0,0.046532324016050446,1
MN0202,Manhattan,2023-09,25.625,0,1,0.9899440639257446,1
MN0202,Manhattan,2023-10,29.84375,1,1,0.9998949333328616,1
MN0202,Manhattan,2024-03,26.96875,0,1,0.9986176961612474,1
MN0202,Manhattan,2024-04,29.6875,1,1,0.8153576081611703,1
MN0203,Manhattan,2023-07,23.4375,0,0,8.320586540429052e-05,1
MN0203,Manhattan,2023-08,23.59375,0,0,0.02002859553846472,1
MN0203,Manhattan,2023-09,25.625,0,1,0.9763181893408716,1
MN0203,Manhattan,2023-10,29.84375,1,1,0.9997491504605611,1
MN0203,Manhattan,2024-03,26.96875,0,1,0.9967055508454948,1
MN0203,Manhattan,2024-04,29.6875,1,1,0.649035380817245,1
MN0301,Manhattan,2023-07,23.4375,0,0,0.00010981692841809691,1
MN0301,Manhattan,2023-08,23.59375,0,0,0.02626661226361042,1
MN0301,Manhattan,2023-09,25.625,0,1,0.9819537222947423,1
MN0301,Manhattan,2023-10,29.84375,1,1,0.9998099303383274,1
MN0301,Manhattan,2024-03,26.96875,0,1,0.9975019405313674,1
MN0301,Manhattan,2024-04,29.6875,1,1,0.7093697946497997,1
MN0302,Manhattan,2023-07,23.4375,0,0,0.00010261438713141884,1
MN0302,Manhattan,2023-08,23.59375,0,0,0.02458605213370654,1
MN0302,Manhattan,2023-09,25.625,0,1,0.980711343497037,1
MN0302,Manhattan,2023-10,29.84375,1,1,0.9997965905281608,1
MN0302,Manhattan,2024-03,26.96875,0,1,0.997327050293787,1
MN0302,Manhattan,2024-04,29.6875,1,1,0.6951868152580076,1
MN0303,Manhattan,2023-07,23.4375,0,0,7.931411677494894e-05,1
MN0303,Manhattan,2023-08,23.59375,0,0,0.019109636294692527,1
MN0303,Manhattan,2023-09,25.625,0,1,0.9751849221690312,1
MN0303,Manhattan,2023-10,29.84375,1,1,0.9997368441057616,1
MN0303,Manhattan,2024-03,26.96875,0,1,0.9965444455157627,1
MN0303,Manhattan,2024-04,29.6875,1,1,0.6380466832984915,1
MN0401,Manhattan,2023-07,23.4375,0,0,3.6231258869846836e-05,1
MN0401,Manhattan,2023-08,23.59375,0,0,0.008820606294912624,1
MN0401,Manhattan,2023-09,25.625,0,1,0.9472319802946422,1
MN0401,Manhattan,2023-10,29.84375,1,1,0.9994240788963938,1
MN0401,Manhattan,2024-03,26.96875,0,1,0.9924660538218378,1
MN0401,Manhattan,2024-04,29.6875,1,0,0.4460506473501074,1
MN0402,Manhattan,2023-07,23.4375,0,0,9.973913564368055e-05,1
MN0402,Manhattan,2023-08,23.59375,0,0,0.023320059913086687,1
MN0402,Manhattan,2023-09,25.625,0,1,0.9799591627184812,1
MN0402,Manhattan,2023-10,29.84375,1,1,0.9997834616201748,1
MN0402,Manhattan,2024-03,26.96875,0,1,0.9972368682131145,1
MN0402,Manhattan,2024-04,29.6875,1,1,0.6899589776765959,1
MN0501,Manhattan,2023-07,23.4375,0,0,7.994758043860121e-05,1
MN0501,Manhattan,2023-08,23.59375,0,0,0.01925933310385409,1
MN0501,Manhattan,2023-09,25.625,0,1,0.9753767178650153,1
MN0501,Manhattan,2023-10,29.84375,1,1,0.9997389288392171,1
MN0501,Manhattan,2024-03,26.96875,0,1,0.9965717338572059,1
MN0501,Manhattan,2024-04,29.6875,1,1,0.6398819672310991,1
MN0502,Manhattan,2023-07,23.4375,0,0,0.00019145357414545623,1
MN0502,Manhattan,2023-08,23.59375,0,0,0.04382794962297063,1
MN0502,Manhattan,2023-09,25.625,0,1,0.9894593324034173,1
MN0502,Manhattan,2023-10,29.84375,1,1,0.9998871913960583,1
MN0502,Manhattan,2024-03,26.96875,0,1,0.9985587504669607,1
MN0502,Manhattan,2024-04,29.6875,1,1,0.8103224092802891,1
MN0601,Manhattan,2023-07,23.4375,0,0,7.636281422025368e-05,1
MN0601,Manhattan,2023-08,23.59375,0,0,0.01613745521179249,1
MN0601,Manhattan,2023-09,25.625,0,1,0.9718158492788165,1
MN0601,Manhattan,2023-10,29.84375,1,1,0.9997019517725689,1
MN0601,Manhattan,2024-03,26.96875,0,1,0.9962443496229834,1
MN0601,Manhattan,2024-04,29.6875,1,1,0.589206333426939,1
MN0602,Manhattan,2023-07,23.4375,0,0,9.17356331270368e-05,1
MN0602,Manhattan,2023-08,23.59375,0,0,0.022036745487687692,1
MN0602,Manhattan,2023-09,25.625,0,1,0.9784729498528251,1
MN0602,Manhattan,2023-10,29.84375,1,1,0.9997724715998054,1
MN0602,Manhattan,2024-03,26.96875,0,1,0.9970109853043803,1
MN0602,Manhattan,2024-04,29.6875,1,1,0.6709320030003134,1
MN0603,Manhattan,2023-07,23.4375,0,0,0.00016080647274794882,1
MN0603,Manhattan,2023-08,23.59375,0,0,0.03338953668939461,1
MN0603,Manhattan,2023-09,25.625,0,1,0.9864161502033257,1
MN0603,Manhattan,2023-10,29.84375,1,1,0.9998584544409558,1
MN0603,Manhattan,2024-03,26.96875,0,1,0.9982131656210549,1
MN0603,Manhattan,2024-04,29.6875,1,1,0.7512846584515713,1
MN0604,Manhattan,2023-07,23.4375,0,0,0.00010946618319192495,1
MN0604,Manhattan,2023-08,23.59375,0,0,0.022973098390656463,1
MN0604,Manhattan,2023-09,25.625,0,1,0.9801705711349995,1
MN0604,Manhattan,2023-10,29.84375,1,1,0.9997920718624548,1
MN0604,Manhattan,2024-03,26.96875,0,1,0.9973771932696729,1
MN0604,Manhattan,2024-04,29.6875,1,1,0.672791589500932,1
MN0701,Manhattan,2023-07,23.4375,0,0,7.511360396920756e-05,1
MN0701,Manhattan,2023-08,23.59375,0,0,0.017663628513298935,1
MN0701,Manhattan,2023-09,25.625,0,1,0.973561964694142,1
MN0701,Manhattan,2023-10,29.84375,1,1,0.9997124841799477,1
MN0701,Manhattan,2024-03,26.96875,0,1,0.9963342232120679,1
MN0701,Manhattan,2024-04,29.6875,1,1,0.6262930479823255,1
MN0702,Manhattan,2023-07,23.4375,0,0,3.574780403824547e-05,1
MN0702,Manhattan,2023-08,23.59375,0,0,0.008484628293903243,1
MN0702,Manhattan,2023-09,25.625,0,1,0.9460177251336735,1
MN0702,Manhattan,2023-10,29.84375,1,1,0.9993960366545962,1
MN0702,Manhattan,2024-03,26.96875,0,1,0.9923281060712748,1
MN0702,Manhattan,2024-04,29.6875,1,0,0.4436884718639634,1
MN0703,Manhattan,2023-07,23.4375,0,0,6.538867915085797e-05,1
MN0703,Manhattan,2023-08,23.59375,0,0,0.015411824496023175,1
MN0703,Manhattan,2023-09,25.625,0,1,0.9697486322852361,1
MN0703,Manhattan,2023-10,29.84375,1,1,0.9996697343294562,1
MN0703,Manhattan,2024-03,26.96875,0,1,0.9957912847000887,1
MN0703,Manhattan,2024-04,29.6875,1,1,0.5933144338460159,1
MN0801,Manhattan,2023-07,23.4375,0,0,0.00018308636497494998,1
MN0801,Manhattan,2023-08,23.59375,0,0,0.037841444059854734,1
MN0801,Manhattan,2023-09,25.625,0,1,0.9880496857204876,1
MN0801,Manhattan,2023-10,29.84375,1,1,0.9998756798355591,1
MN0801,Manhattan,2024-03,26.96875,0,1,0.998430300193904,1
MN0801,Manhattan,2024-04,29.6875,1,1,0.7747368657058734,1
MN0802,Manhattan,2023-07,23.4375,0,0,6.846644095678932e-05,1
MN0802,Manhattan,2023-08,23.59375,0,0,0.014492817200164501,1
MN0802,Manhattan,2023-09,25.625,0,1,0.9686669229182011,1
MN0802,Manhattan,2023-10,29.84375,1,1,0.9996675860693269,1
MN0802,Manhattan,2024-03,26.96875,0,1,0.9958129835130266,1
MN0802,Manhattan,2024-04,29.6875,1,1,0.5625519022669747,1
MN0803,Manhattan,2023-07,23.4375,0,0,0.00013773332511655249,1
MN0803,Manhattan,2023-08,23.59375,0,0,0.02873570194173379,1
MN0803,Manhattan,2023-09,25.625,0,1,0.9841762256205331,1
MN0803,Manhattan,2023-10,29.84375,1,1,0.9998347427717604,1
MN0803,Manhattan,2024-03,26.96875,0,1,0.997914410574851,1
MN0803,Manhattan,2024-04,29.6875,1,1,0.7212298527363431,1
MN0901,Manhattan,2023-07,23.4375,0,0,0.00010700624742668248,1
MN0901,Manhattan,2023-08,23.59375,0,0,0.024976925472715784,1
MN0901,Manhattan,2023-09,25.625,0,1,0.9812948703743035,1
MN0901,Manhattan,2023-10,29.84375,1,1,0.9997981658825499,1
MN0901,Manhattan,2024-03,26.96875,0,1,0.9974240559794844,1
MN0901,Manhattan,2024-04,29.6875,1,1,0.7048006025921486,1
MN0902,Manhattan,2023-07,23.4375,0,0,0.00011008361622435347,1
MN0902,Manhattan,2023-08,23.59375,0,0,0.02239497761644475,1
MN0902,Manhattan,2023-09,25.625,0,1,0.9790057504660187,1
MN0902,Manhattan,2023-10,29.84375,1,1,0.999781878379948,1
MN0902,Manhattan,2024-03,26.96875,0,1,0.9973655329583995,1
MN0902,Manhattan,2024-04,29.6875,1,1,0.7055392182554606,1
MN0903,Manhattan,2023-07,23.4375,0,0,8.843403834689454e-05,1
MN0903,Manhattan,2023-08,23.59375,0,0,0.018069875456720327,1
MN0903,Manhattan,2023-09,25.625,0,1,0.9739992212922451,1
MN0903,Manhattan,2023-10,29.84375,1,1,0.9997284885460869,1
MN0903,Manhattan,2024-03,26.96875,0,1,0.9967226308122376,1
MN0903,Manhattan,2024-04,29.6875,1,1,0.6580939256247522,1
MN1001,Manhattan,2023-07,23.4375,0,0,0.0001041156210744883,1
MN1001,Manhattan,2023-08,23.59375,0,0,0.021206495353950142,1
MN1001,Manhattan,2023-09,25.625,0,1,0.9778288937242624,1
MN1001,Manhattan,2023-10,29.84375,1,1,0.9997693769721111,1
MN1001,Manhattan,2024-03,26.96875,0,1,0.9972149270814781,1
MN1001,Manhattan,2024-04,29.6875,1,1,0.6938270032121809,1
MN1002,Manhattan,2023-07,23.4375,0,0,5.9391983587215033e-05,1
MN1002,Manhattan,2023-08,23.59375,0,0,0.012207758936372246,1
MN1002,Manhattan,2023-09,25.625,0,1,0.9617700918863062,1
MN1002,Manhattan,2023-10,29.84375,1,1,0.9995957642348189,1
MN1002,Manhattan,2024-03,26.96875,0,1,0.9951276990785018,1
MN1002,Manhattan,2024-04,29.6875,1,1,0.5638211865268072,1
MN1101,Manhattan,2023-07,23.4375,0,0,0.00014563093838261155,1
MN1101,Manhattan,2023-08,23.59375,0,0,0.02941489030942084,1
MN1101,Manhattan,2023-09,25.625,0,1,0.9840490895938399,1
MN1101,Manhattan,2023-10,29.84375,1,1,0.9998351171672799,1
MN1101,Manhattan,2024-03,26.96875,0,1,0.9980073741323068,1
MN1101,Manhattan,2024-04,29.6875,1,1,0.7601838024920126,1
MN1102,Manhattan,2023-07,23.4375,0,0,8.56294723577866e-05,1
MN1102,Manhattan,2023-08,23.59375,0,0,0.017506798040804687,1
MN1102,Manhattan,2023-09,25.625,0,1,0.9731704092485184,1
MN1102,Manhattan,2023-10,29.84375,1,1,0.9997195976166333,1
MN1102,Manhattan,2024-03,26.96875,0,1,0.9966156431077973,1
MN1102,Manhattan,2024-04,29.6875,1,1,0.6508054152247066,1
MN1201,Manhattan,2023-07,23.4375,0,0,0.00011302225951609583,1
MN1201,Manhattan,2023-08,23.59375,0,0,0.022979132141004964,1
MN1201,Manhattan,2023-09,25.625,0,1,0.9795405037394818,1
MN1201,Manhattan,2023-10,29.84375,1,1,0.9997875490860153,1
MN1201,Manhattan,2024-03,26.96875,0,1,0.9974338623535173,1
MN1201,Manhattan,2024-04,29.6875,1,1,0.7109832105803003,1
MN1202,Manhattan,2023-07,23.4375,0,0,0.0001265008686026283,1
MN1202,Manhattan,2023-08,23.59375,0,0,0.025649584483450498,1
MN1202,Manhattan,2023-09,25.625,0,1,0.9816807604834009,1
MN1202,Manhattan,2023-10,29.84375,1,1,0.9998101838941708,1
MN1202,Manhattan,2024-03,26.96875,0,1,0.9977066869295962,1
MN1202,Manhattan,2024-04,29.6875,1,1,0.7335759458015978,1
MN1203,Manhattan,2023-07,23.4375,0,0,0.0001291924225366385,1
MN1203,Manhattan,2023-08,23.59375,0,0,0.028386925711068857,1
MN1203,Manhattan,2023-09,25.625,0,1,0.98272124452413,1
MN1203,Manhattan,2023-10,29.84375,1,1,0.9998252388395364,1
MN1203,Manhattan,2024-03,26.96875,0,1,0.9978166321732301,1
MN1203,Manhattan,2024-04,29.6875,1,1,0.7495152164093157,1
QN0101,Queens,2023-07,12.796610169491526,0,0,1.8326571810138352e-10,1
QN0101,Queens,2023-08,12.423728813559322,0,0,3.8132732434391055e-08,1
QN0101,Queens,2023-09,15.40677966101695,0,0,7.761790414270229e-05,1
QN0101,Queens,2023-10,16.1864406779661,0,0,0.0075720983441400725,1
QN0101,Queens,2024-03,14.016949152542374,0,0,0.0006297942884606264,1
QN0101,Queens,2024-04,13.966101694915254,0,0,3.988436671606398e-06,1
QN0102,Queens,2023-07,12.796610169491526,0,0,5.754130414222554e-10,1
QN0102,Queens,2023-08,12.423728813559322,0,0,1.235848342152493e-07,1
QN0102,Queens,2023-09,15.40677966101695,0,0,0.0002597352053702842,1
QN0102,Queens,2023-10,16.1864406779661,0,0,0.02464956664532453,1
QN0102,Queens,2024-03,14.016949152542374,0,0,0.001994702685497122,1
QN0102,Queens,2024-04,13.966101694915254,0,0,1.0806961004175955e-05,1
QN0103,Queens,2023-07,12.796610169491526,0,0,3.207144786636194e-10,1
QN0103,Queens,2023-08,12.423728813559322,0,0,6.8881733608597e-08,1
QN0103,Queens,2023-09,15.40677966101695,0,0,0.00014478368234420943,1
QN0103,Queens,2023-10,16.1864406779661,0,0,0.013890334005822279,1
QN0103,Queens,2024-03,14.016949152542374,0,0,0.001112757827678421,1
QN0103,Queens,2024-04,13.966101694915254,0,0,6.023439153488772e-06,1
QN0104,Queens,2023-07,12.796610169491526,0,0,2.9989650700097954e-10,1
QN0104,Queens,2023-08,12.423728813559322,0,0,6.441053576190424e-08,1
QN0104,Queens,2023-09,15.40677966101695,0,0,0.00013538686764533303,1
QN0104,Queens,2023-10,16.1864406779661,0,0,0.013000417002785102,1
QN0104,Queens,2024-03,14.016949152542374,0,0,0.0010406025102926055,1
QN0104,Queens,2024-04,13.966101694915254,0,0,5.6324525042945484e-06,1
QN0105,Queens,2023-07,12.796610169491526,0,0,4.3043754306815063e-10,1
QN0105,Queens,2023-08,12.423728813559322,0,0,9.244759888872699e-08,1
QN0105,Queens,2023-09,15.40677966101695,0,0,0.0001943075534976582,1
QN0105,Queens,2023-10,16.1864406779661,0,0,0.01855433155337551,1
QN0105,Queens,2024-03,14.016949152542374,0,0,0.0014928869849907811,1
QN0105,Queens,2024-04,13.966101694915254,0,0,8.084165760861765e-06,1
QN0201,Queens,2023-07,12.796610169491526,0,0,4.314398372168102e-10,1
QN0201,Queens,2023-08,12.423728813559322,0,0,9.266286746919821e-08,1
QN0201,Queens,2023-09,15.40677966101695,0,0,0.00019475991969337942,1
QN0201,Queens,2023-10,16.1864406779661,0,0,0.01859673272564632,1
QN0201,Queens,2024-03,14.016949152542374,0,0,0.0014963580411197007,1
QN0201,Queens,2024-04,13.966101694915254,0,0,8.102989970126733e-06,1
QN0202,Queens,2023-07,12.796610169491526,0,0,4.212485822775648e-10,1
QN0202,Queens,2023-08,12.423728813559322,0,0,9.047403199486937e-08,1
QN0202,Queens,2023-09,15.40677966101695,0,0,0.0001901602736153945,1
QN0202,Queens,2023-10,16.1864406779661,0,0,0.01816542981259276,1
QN0202,Queens,2024-03,14.016949152542374,0,0,0.0014610634667806609,1
QN0202,Queens,2024-04,13.966101694915254,0,0,7.911586728860783e-06,1
QN0203,Queens,2023-07,12.796610169491526,0,0,2.8531284948585245e-10,1
QN0203,Queens,2023-08,12.423728813559322,0,0,6.127831809782474e-08,1
QN0203,Queens,2023-09,15.40677966101695,0,0,0.00012880399205638627,1
QN0203,Queens,2023-10,16.1864406779661,0,0,0.012376044241973834,1
QN0203,Queens,2024-03,14.016949152542374,0,0,0.0009900491844259632,1
QN0203,Queens,2024-04,13.966101694915254,0,0,5.358553621721026e-06,1
QN0301,Queens,2023-07,12.796610169491526,0,0,1.765973956495253e-10,1
QN0301,Queens,2023-08,12.423728813559322,0,0,3.79288617980645e-08,1
QN0301,Queens,2023-09,15.40677966101695,0,0,7.97285016146594e-05,1
QN0301,Queens,2023-10,16.1864406779661,0,0,0.007696578262821663,1
QN0301,Queens,2024-03,14.016949152542374,0,0,0.0006130326438840088,1
QN0301,Queens,2024-04,13.966101694915254,0,0,3.3167400200823518e-06,1
QN0302,Queens,2023-07,12.796610169491526,0,0,3.004112324412852e-10,1
QN0302,Queens,2023-08,12.423728813559322,0,0,6.250760364656728e-08,1
QN0302,Queens,2023-09,15.40677966101695,0,0,0.00012722583184168493,1
QN0302,Queens,2023-10,16.1864406779661,0,0,0.012352480908328094,1
QN0302,Queens,2024-03,14.016949152542374,0,0,0.0010319504681967659,1
QN0302,Queens,2024-04,13.966101694915254,0,0,6.537873716428839e-06,1
QN0303,Queens,2023-07,12.796610169491526,0,0,3.9092319284234874e-10,1
QN0303,Queens,2023-08,12.423728813559322,0,0,8.396087055015442e-08,1
QN0303,Queens,2023-09,15.40677966101695,0,0,0.00017647318496474455,1
QN0303,Queens,2023-10,16.1864406779661,0,0,0.016879787261151382,1
QN0303,Queens,2024-03,14.016949152542374,0,0,0.0013560251624169318,1
QN0303,Queens,2024-04,13.966101694915254,0,0,7.342041340997544e-06,1
QN0401,Queens,2023-07,12.796610169491526,0,0,2.8522771146421173e-10,1
QN0401,Queens,2023-08,12.423728813559322,0,0,6.126003250548773e-08,1
QN0401,Queens,2023-09,15.40677966101695,0,0,0.00012876556159302727,1
QN0401,Queens,2023-10,16.1864406779661,0,0,0.012372396893186524,1
QN0401,Queens,2024-03,14.016949152542374,0,0,0.0009897540438394946,1
QN0401,Queens,2024-04,13.966101694915254,0,0,5.356954625351849e-06,1
QN0402,Queens,2023-07,12.796610169491526,0,0,4.618968001280727e-10,1
QN0402,Queens,2023-08,12.423728813559322,0,0,9.920428760622769e-08,1
QN0402,Queens,2023-09,15.40677966101695,0,0,0.0002085058891832904,1
QN0402,Queens,2023-10,16.1864406779661,0,0,0.019883442874414944,1
QN0402,Queens,2024-03,14.016949152542374,0,0,0.0016018223843904144,1
QN0402,Queens,2024-04,13.966101694915254,0,0,8.675005585955078e-06,1
QN0501,Queens,2023-07,12.796610169491526,0,0,2.778663520655953e-10,1
QN0501,Queens,2023-08,12.423728813559322,0,0,5.967899016236659e-08,1
QN0501,Queens,2023-09,15.40677966101695,0,0,0.00012544270538590775,1
QN0501,Queens,2023-10,16.1864406779661,0,0,0.01205693125126423,1
QN0501,Queens,2024-03,14.016949152542374,0,0,0.0009642343990328508,1
QN0501,Queens,2024-04,13.966101694915254,0,0,5.218699256365479e-06,1
QN0502,Queens,2023-07,12.796610169491526,0,0,2.781965015725217e-10,1
QN0502,Queens,2023-08,12.423728813559322,0,0,5.974989830888282e-08,1
QN0502,Queens,2023-09,15.40677966101695,0,0,0.00012559173259151212,1
QN0502,Queens,2023-10,16.1864406779661,0,0,0.01207108388199781,1
QN0502,Queens,2024-03,14.016949152542374,0,0,0.0009653789571591958,1
QN0502,Queens,2024-04,13.966101694915254,0,0,5.224899870335877e-06,1
QN0503,Queens,2023-07,12.796610169491526,0,0,3.1621479832603037e-10,1
QN0503,Queens,2023-08,12.423728813559322,0,0,6.791531088057727e-08,1
QN0503,Queens,2023-09,15.40677966101695,0,0,0.0001427526318876097,1
QN0503,Queens,2023-10,16.1864406779661,0,0,0.01369811972742323,1
QN0503,Queens,2024-03,14.016949152542374,0,0,0.0010971627694623955,1
QN0503,Queens,2024-04,13.966101694915254,0,0,5.938929748490799e-06,1
QN0504,Queens,2023-07,12.796610169491526,0,0,2.165615315763343e-10,1
QN0504,Queens,2023-08,12.423728813559322,0,0,4.651219403066756e-08,1
QN0504,Queens,2023-09,15.40677966101695,0,0,9.776936311269354e-05,1
QN0504,Queens,2023-10,16.1864406779661,0,0,0.009421909720434322,1
QN0504,Queens,2024-03,14.016949152542374,0,0,0.0007516581582033632,1
QN0504,Queens,2024-04,13.966101694915254,0,0,4.0673179627071985e-06,1
QN0601,Queens,2023-07,12.796610169491526,0,0,4.1950651035294995e-10,1
QN0601,Queens,2023-08,12.423728813559322,0,0,9.009987701004319e-08,1
QN0601,Queens,2023-09,15.40677966101695,0,0,0.00018937401544518018,1
QN0601,Queens,2023-10,16.1864406779661,0,0,0.018091665847442012,1
QN0601,Queens,2024-03,14.016949152542374,0,0,0.0014550300359321613,1
QN0601,Queens,2024-04,13.966101694915254,0,0,7.878868649526635e-06,1
QN0602,Queens,2023-07,12.796610169491526,0,0,8.90476362521648e-11,1
QN0602,Queens,2023-08,12.423728813559322,0,0,1.6871695514231885e-08,1
QN0602,Queens,2023-09,15.40677966101695,0,0,3.596051533676448e-05,1
QN0602,Queens,2023-10,16.1864406779661,0,0,0.003759118992615089,1
QN0602,Queens,2024-03,14.016949152542374,0,0,0.0003134759828368839,1
QN0602,Queens,2024-04,13.966101694915254,0,0,1.649945232243453e-06,1
QN0701,Queens,2023-07,12.796610169491526,0,0,2.551620680508668e-10,1
QN0701,Queens,2023-08,12.423728813559322,0,0,5.309245408433658e-08,1
QN0701,Queens,2023-09,15.40677966101695,0,0,0.00010806462930880284,1
QN0701,Queens,2023-10,16.1864406779661,0,0,0.010511457299295479,1
QN0701,Queens,2024-03,14.016949152542374,0,0,0.0008766501456247151,1
QN0701,Queens,2024-04,13.966101694915254,0,0,5.553117995304323e-06,1
QN0702,Queens,2023-07,12.796610169491526,0,0,7.164715768686935e-11,1
QN0702,Queens,2023-08,12.423728813559322,0,0,1.4617926552513265e-08,1
QN0702,Queens,2023-09,15.40677966101695,0,0,3.0524283829158914e-05,1
QN0702,Queens,2023-10,16.1864406779661,0,0,0.0030302651360321338,1
QN0702,Queens,2024-03,14.016949152542374,0,0,0.00025467348150552975,1
QN0702,Queens,2024-04,13.966101694915254,0,0,1.4554901210088347e-06,1
QN0703,Queens,2023-07,12.796610169491526,0,0,3.175662522047731e-10,1
QN0703,Queens,2023-08,12.423728813559322,0,0,6.479196200357699e-08,1
QN0703,Queens,2023-09,15.40677966101695,0,0,0.00013528055052202637,1
QN0703,Queens,2023-10,16.1864406779661,0,0,0.013292976947319653,1
QN0703,Queens,2024-03,14.016949152542374,0,0,0.0011278196008238763,1
QN0703,Queens,2024-04,13.966101694915254,0,0,6.451229173346791e-06,1
QN0704,Queens,2023-07,12.796610169491526,0,0,5.941218286563927e-11,1
QN0704,Queens,2023-08,12.423728813559322,0,0,1.1256719514766637e-08,1
QN0704,Queens,2023-09,15.40677966101695,0,0,2.39929814249697e-05,1
QN0704,Queens,2023-10,16.1864406779661,0,0,0.002511208956359756,1
QN0704,Queens,2024-03,14.016949152542374,0,0,0.0002091715895485663,1
QN0704,Queens,2024-04,13.966101694915254,0,0,1.100836651107869e-06,1
QN0705,Queens,2023-07,12.796610169491526,0,0,2.406037240611286e-10,1
QN0705,Queens,2023-08,12.423728813559322,0,0,4.558675363940896e-08,1
QN0705,Queens,2023-09,15.40677966101695,0,0,9.715815892771723e-05,1
QN0705,Queens,2023-10,16.1864406779661,0,0,0.010092442952287575,1
QN0705,Queens,2024-03,14.016949152542374,0,0,0.0008465499271408325,1
QN0705,Queens,2024-04,13.966101694915254,0,0,4.458084114950846e-06,1
QN0706,Queens,2023-07,12.796610169491526,0,0,3.479249154532407e-10,1
QN0706,Queens,2023-08,12.423728813559322,0,0,6.592070487213052e-08,1
QN0706,Queens,2023-09,15.40677966101695,0,0,0.00014048942702203317,1
QN0706,Queens,2023-10,16.1864406779661,0,0,0.01452876835727116,1
QN0706,Queens,2024-03,14.016949152542374,0,0,0.0012236911016656829,1
QN0706,Queens,2024-04,13.966101694915254,0,0,6.4465978681001055e-06,1
QN0707,Queens,2023-07,12.796610169491526,0,0,5.270170729587226e-10,1
QN0707,Queens,2023-08,12.423728813559322,0,0,9.985296888323795e-08,1
QN0707,Queens,2023-09,15.40677966101695,0,0,0.00021279008607657366,1
QN0707,Queens,2023-10,16.1864406779661,0,0,0.021843997961253636,1
QN0707,Queens,2024-03,14.016949152542374,0,0,0.0018524115740295014,1
QN0707,Queens,2024-04,13.966101694915254,0,0,9.764911090767519e-06,1
QN0801,Queens,2023-07,12.796610169491526,0,0,1.8328414185977517e-10,1
QN0801,Queens,2023-08,12.423728813559322,0,0,3.472651615779318e-08,1
QN0801,Queens,2023-09,15.40677966101695,0,0,7.401365892857303e-05,1
QN0801,Queens,2023-10,16.1864406779661,0,0,0.007706626298951274,1
QN0801,Queens,2024-03,14.016949152542374,0,0,0.0006450044597539109,1
QN0801,Queens,2024-04,13.966101694915254,0,0,3.3960280219886125e-06,1
QN0802,Queens,2023-07,12.796610169491526,0,0,1.87065041654072e-10,1
QN0802,Queens,2023-08,12.423728813559322,0,0,3.544287640498302e-08,1
QN0802,Queens,2023-09,15.40677966101695,0,0,7.554034359400763e-05,1
QN0802,Queens,2023-10,16.1864406779661,0,0,0.007864353149303172,1
QN0802,Queens,2024-03,14.016949152542374,0,0,0.0006583012556877157,1
QN0802,Queens,2024-04,13.966101694915254,0,0,3.4660831670613165e-06,1
QN0803,Queens,2023-07,12.796610169491526,0,0,2.883720452986557e-10,1
QN0803,Queens,2023-08,12.423728813559322,0,0,5.4637330816342476e-08,1
QN0803,Queens,2023-09,15.40677966101695,0,0,0.00011644523245105056,1
QN0803,Queens,2023-10,16.1864406779661,0,0,0.012071960012855182,1
QN0803,Queens,2024-03,14.016949152542374,0,0,0.0010144494326603255,1
QN0803,Queens,2024-04,13.966101694915254,0,0,5.343166243850856e-06,1
QN0804,Queens,2023-07,12.796610169491526,0,0,2.468575889871838e-10,1
QN0804,Queens,2023-08,12.423728813559322,0,0,4.677166209220529e-08,1
QN0804,Queens,2023-09,15.40677966101695,0,0,9.968327958394321e-05,1
QN0804,Queens,2023-10,16.1864406779661,0,0,0.010352054007740334,1
QN0804,Queens,2024-03,14.016949152542374,0,0,0.0008685346687132093,1
QN0804,Queens,2024-04,13.966101694915254,0,0,4.573959829162667e-06,1
QN0805,Queens,2023-07,12.796610169491526,0,0,2.606464271250972e-10,1
QN0805,Queens,2023-08,12.423728813559322,0,0,4.938420825291101e-08,1
QN0805,Queens,2023-09,15.40677966101695,0,0,0.000105250748440521,1
QN0805,Queens,2023-10,16.1864406779661,0,0,0.0109239767860586,1
QN0805,Queens,2024-03,14.016949152542374,0,0,0.0009170043223928983,1
QN0805,Queens,2024-04,13.966101694915254,0,0,4.829448377914636e-06,1
QN0901,Queens,2023-07,12.796610169491526,0,0,1.1000909352375483e-09,1
QN0901,Queens,2023-08,12.423728813559322,0,0,1.8659308437593556e-07,1
QN0901,Queens,2023-09,15.40677966101695,0,0,0.0004005319813797003,1
QN0901,Queens,2023-10,16.1864406779661,0,0,0.03737841638242,1
QN0901,Queens,2024-03,14.016949152542374,0,0,0.0034813743607453296,1
QN0901,Queens,2024-04,13.966101694915254,0,0,2.0305649159032067e-05,1
QN0902,Queens,2023-07,12.796610169491526,0,0,3.328591341123359e-10,1
QN0902,Queens,2023-08,12.423728813559322,0,0,5.645826044210906e-08,1
QN0902,Queens,2023-09,15.40677966101695,0,0,0.00012122450656502123,1
QN0902,Queens,2023-10,16.1864406779661,0,0,0.011612465973285734,1
QN0902,Queens,2024-03,14.016949152542374,0,0,0.0010559378770554821,1
QN0902,Queens,2024-04,13.966101694915254,0,0,6.1440525451403325e-06,1
QN0903,Queens,2023-07,12.796610169491526,0,0,1.162997153188572e-09,1
QN0903,Queens,2023-08,12.423728813559322,0,0,1.9726298679593477e-07,1
QN0903,Queens,2023-09,15.40677966101695,0,0,0.000423425801084403,1
QN0903,Queens,2023-10,16.1864406779661,0,0,0.03943153580667515,1
QN0903,Queens,2024-03,14.016949152542374,0,0,0.003679716360793486,1
QN0903,Queens,2024-04,13.966101694915254,0,0,2.1466756965314036e-05,1
QN0904,Queens,2023-07,12.796610169491526,0,0,7.173673034138127e-10,1
QN0904,Queens,2023-08,12.423728813559322,0,0,1.216770197126376e-07,1
QN0904,Queens,2023-09,15.40677966101695,0,0,0.00026122257870288555,1
QN0904,Queens,2023-10,16.1864406779661,0,0,0.024695538765042345,1
QN0904,Queens,2024-03,14.016949152542374,0,0,0.0022729508494634836,1
QN0904,Queens,2024-04,13.966101694915254,0,0,1.3241370521096136e-05,1
QN0905,Queens,2023-07,12.796610169491526,0,0,4.391807028560963e-10,1
QN0905,Queens,2023-08,12.423728813559322,0,0,7.449210647201285e-08,1
QN0905,Queens,2023-09,15.40677966101695,0,0,0.0001599397376196297,1
QN0905,Queens,2023-10,16.1864406779661,0,0,0.0152650876060179,1
QN0905,Queens,2024-03,14.016949152542374,0,0,0.001392754857539394,1
QN0905,Queens,2024-04,13.966101694915254,0,0,8.10656443923988e-06,1
QN1001,Queens,2023-07,12.796610169491526,0,0,1.2260317541788203e-10,1
QN1001,Queens,2023-08,12.423728813559322,0,0,2.079547035004122e-08,1
QN1001,Queens,2023-09,15.40677966101695,0,0,4.465446814533893e-05,1
QN1001,Queens,2023-10,16.1864406779661,0,0,0.004308866852088812,1
QN1001,Queens,2024-03,14.016949152542374,0,0,0.000389196906098311,1
QN1001,Queens,2024-04,13.966101694915254,0,0,2.2630692629343083e-06,1
QN1002,Queens,2023-07,12.796610169491526,0,0,3.1335364856734177e-10,1
QN1002,Queens,2023-08,12.423728813559322,0,0,5.314981668346044e-08,1
QN1002,Queens,2023-09,15.40677966101695,0,0,0.00011412158291482642,1
QN1002,Queens,2023-10,16.1864406779661,0,0,0.010939421700102833,1
QN1002,Queens,2024-03,14.016949152542374,0,0,0.0009941216209021055,1
QN1002,Queens,2024-04,13.966101694915254,0,0,5.784014250586629e-06,1
QN1003,Queens,2023-07,12.796610169491526,0,0,2.9885081198230447e-10,1
QN1003,Queens,2023-08,12.423728813559322,0,0,5.068990255587172e-08,1
QN1003,Queens,2023-09,15.40677966101695,0,0,0.00010884030875141302,1
QN1003,Queens,2023-10,16.1864406779661,0,0,0.01043840131615295,1
QN1003,Queens,2024-03,14.016949152542374,0,0,0.0009481546650846717,1
QN1003,Queens,2024-04,13.966101694915254,0,0,5.516316232209259e-06,1
QN1101,Queens,2023-07,12.796610169491526,0,0,6.207378024255647e-11,1
QN1101,Queens,2023-08,12.423728813559322,0,0,1.1761007580573646e-08,1
QN1101,Queens,2023-09,15.40677966101695,0,0,2.5067812419676802e-05,1
QN1101,Queens,2023-10,16.1864406779661,0,0,0.00262341309379921,1
QN1101,Queens,2024-03,14.016949152542374,0,0,0.00021854018802880385,1
QN1101,Queens,2024-04,13.966101694915254,0,0,1.1501528087027122e-06,1
QN1102,Queens,2023-07,12.796610169491526,0,0,7.79444777309784e-11,1
QN1102,Queens,2023-08,12.423728813559322,0,0,1.4768000065951226e-08,1
QN1102,Queens,2023-09,15.40677966101695,0,0,3.147681704664375e-05,1
QN1102,Queens,2023-10,16.1864406779661,0,0,0.003291945507749605,1
QN1102,Queens,2024-03,14.016949152542374,0,0,0.00027440006114873484,1
QN1102,Queens,2024-04,13.966101694915254,0,0,1.4442174018388902e-06,1
QN1103,Queens,2023-07,12.796610169491526,0,0,8.257158959603225e-11,1
QN1103,Queens,2023-08,12.423728813559322,0,0,1.684680130141646e-08,1
QN1103,Queens,2023-09,15.40677966101695,0,0,3.5178323716860285e-05,1
QN1103,Queens,2023-10,16.1864406779661,0,0,0.003490693303223017,1
QN1103,Queens,2024-03,14.016949152542374,0,0,0.00029349353593495937,1
QN1103,Queens,2024-04,13.966101694915254,0,0,1.6774162457077521e-06,1
QN1104,Queens,2023-07,12.796610169491526,0,0,1.5115057991773127e-10,1
QN1104,Queens,2023-08,12.423728813559322,0,0,2.863822824113744e-08,1
QN1104,Queens,2023-09,15.40677966101695,0,0,6.103830109781699e-05,1
QN1104,Queens,2023-10,16.1864406779661,0,0,0.006364091484686453,1
QN1104,Queens,2024-03,14.016949152542374,0,0,0.0005319817806270269,1
QN1104,Queens,2024-04,13.966101694915254,0,0,2.800634606675657e-06,1
QN1201,Queens,2023-07,12.796610169491526,0,0,2.0699847129565347e-10,1
QN1201,Queens,2023-08,12.423728813559322,0,0,3.921962725754548e-08,1
QN1201,Queens,2023-09,15.40677966101695,0,0,8.35891604354719e-05,1
QN1201,Queens,2023-10,16.1864406779661,0,0,0.008695082701852019,1
QN1201,Queens,2024-03,14.016949152542374,0,0,0.0007283979635757478,1
QN1201,Queens,2024-04,13.966101694915254,0,0,3.835423474330483e-06,1
QN1202,Queens,2023-07,12.796610169491526,0,0,2.7281289968442326e-10,1
QN1202,Queens,2023-08,12.423728813559322,0,0,4.627345420269891e-08,1
QN1202,Queens,2023-09,15.40677966101695,0,0,9.935834409916526e-05,1
QN1202,Queens,2023-10,16.1864406779661,0,0,0.009537611021690776,1
QN1202,Queens,2024-03,14.016949152542374,0,0,0.0008656164998210242,1
QN1202,Queens,2024-04,13.966101694915254,0,0,5.035699719730549e-06,1
QN1203,Queens,2023-07,12.796610169491526,0,0,1.8657474803571446e-10,1
QN1203,Queens,2023-08,12.423728813559322,0,0,3.1646077565019104e-08,1
QN1203,Queens,2023-09,15.40677966101695,0,0,6.7952579536042e-05,1
QN1203,Queens,2023-10,16.1864406779661,0,0,0.006542427284366677,1
QN1203,Queens,2024-03,14.016949152542374,0,0,0.0005921508260368359,1
QN1203,Queens,2024-04,13.966101694915254,0,0,3.443883712872329e-06,1
QN1204,Queens,2023-07,12.796610169491526,0,0,2.4566682682900967e-10,1
QN1204,Queens,2023-08,12.423728813559322,0,0,4.166904396961416e-08,1
QN1204,Queens,2023-09,15.40677966101695,0,0,8.947264028206576e-05,1
QN1204,Queens,2023-10,16.1864406779661,0,0,0.008596735738712943,1
QN1204,Queens,2024-03,14.016949152542374,0,0,0.0007795510291530611,1
QN1204,Queens,2024-04,13.966101694915254,0,0,4.5346279163801024e-06,1
QN1205,Queens,2023-07,12.796610169491526,0,0,7.140465059726273e-11,1
QN1205,Queens,2023-08,12.423728813559322,0,0,1.3528910792999312e-08,1
QN1205,Queens,2023-09,15.40677966101695,0,0,2.8835872976423393e-05,1
QN1205,Queens,2023-10,16.1864406779661,0,0,0.0030165724199641745,1
QN1205,Queens,2024-03,14.016949152542374,0,0,0.00025138267872152026,1
QN1205,Queens,2024-04,13.966101694915254,0,0,1.3230424330520414e-06,1
QN1206,Queens,2023-07,12.796610169491526,0,0,2.539542397456966e-10,1
QN1206,Queens,2023-08,12.423728813559322,0,0,4.8116251645796973e-08,1
QN1206,Queens,2023-09,15.40677966101695,0,0,0.00010254867610682159,1
QN1206,Queens,2023-10,16.1864406779661,0,0,0.010646485988087477,1
QN1206,Queens,2024-03,14.016949152542374,0,0,0.0008934809549716496,1
QN1206,Queens,2024-04,13.966101694915254,0,0,4.705451199934254e-06,1
QN1301,Queens,2023-07,12.796610169491526,0,0,8.15643220360203e-11,1
QN1301,Queens,2023-08,12.423728813559322,0,0,1.749359516587193e-08,1
QN1301,Queens,2023-09,15.40677966101695,0,0,3.467662061867649e-05,1
QN1301,Queens,2023-10,16.1864406779661,0,0,0.003679565556550441,1
QN1301,Queens,2024-03,14.016949152542374,0,0,0.00028823329110325336,1
QN1301,Queens,2024-04,13.966101694915254,0,0,1.6163327828913076e-06,1
QN1302,Queens,2023-07,12.796610169491526,0,0,1.775053994469374e-10,1
QN1302,Queens,2023-08,12.423728813559322,0,0,3.36316282803072e-08,1
QN1302,Queens,2023-09,15.40677966101695,0,0,7.168025895382e-05,1
QN1302,Queens,2023-10,16.1864406779661,0,0,0.0074654590243584855,1
QN1302,Queens,2024-03,14.016949152542374,0,0,0.000624680899795819,1
QN1302,Queens,2024-04,13.966101694915254,0,0,3.288955438265854e-06,1
QN1303,Queens,2023-07,12.796610169491526,0,0,1.3581832654660703e-10,1
QN1303,Queens,2023-08,12.423728813559322,0,0,2.573325387390287e-08,1
QN1303,Queens,2023-09,15.40677966101695,0,0,5.484710176868938e-05,1
QN1303,Queens,2023-10,16.1864406779661,0,0,0.005722231483155112,1
QN1303,Queens,2024-03,14.016949152542374,0,0,0.00047804496946182707,1
QN1303,Queens,2024-04,13.966101694915254,0,0,2.516547497264343e-06,1
QN1304,Queens,2023-07,12.796610169491526,0,0,3.02021935856284e-10,1
QN1304,Queens,2023-08,12.423728813559322,0,0,5.9547088593494194e-08,1
QN1304,Queens,2023-09,15.40677966101695,0,0,0.00011672146544526505,1
QN1304,Queens,2023-10,16.1864406779661,0,0,0.011414340181453257,1
QN1304,Queens,2024-03,14.016949152542374,0,0,0.0010600524269138941,1
QN1304,Queens,2024-04,13.966101694915254,0,0,6.20398978360488e-06,1
QN1305,Queens,2023-07,12.796610169491526,0,0,2.41134016866542e-10,1
QN1305,Queens,2023-08,12.423728813559322,0,0,4.754233759891397e-08,1
QN1305,Queens,2023-09,15.40677966101695,0,0,9.319249626068864e-05,1
QN1305,Queens,2023-10,16.1864406779661,0,0,0.0091342171187431,1
QN1305,Queens,2024-03,14.016949152542374,0,0,0.0008465257251393637,1
QN1305,Queens,2024-04,13.966101694915254,0,0,4.953265543025648e-06,1
QN1306,Queens,2023-07,12.796610169491526,0,0,2.559104858262417e-10,1
QN1306,Queens,2023-08,12.423728813559322,0,0,4.340653317097029e-08,1
QN1306,Queens,2023-09,15.40677966101695,0,0,9.320306577560391e-05,1
QN1306,Queens,2023-10,16.1864406779661,0,0,0.008951988013974864,1
QN1306,Queens,2024-03,14.016949152542374,0,0,0.0008120298566398998,1
QN1306,Queens,2024-04,13.966101694915254,0,0,4.723709052178204e-06,1
QN1307,Queens,2023-07,12.796610169491526,0,0,1.336547007605515e-10,1
QN1307,Queens,2023-08,12.423728813559322,0,0,2.6351558033081154e-08,1
QN1307,Queens,2023-09,15.40677966101695,0,0,5.165647205785579e-05,1
QN1307,Queens,2023-10,16.1864406779661,0,0,0.005083570593134365,1
QN1307,Queens,2024-03,14.016949152542374,0,0,0.00046938565751003086,1
QN1307,Queens,2024-04,13.966101694915254,0,0,2.7454802689953525e-06,1
QN1401,Queens,2023-07,12.796610169491526,0,0,3.6799112589138987e-10,1
QN1401,Queens,2023-08,12.423728813559322,0,0,6.215489754038153e-08,1
QN1401,Queens,2023-09,15.40677966101695,0,0,0.00013351775607474384,1
QN1401,Queens,2023-10,16.1864406779661,0,0,0.012792169432227664,1
QN1401,Queens,2024-03,14.016949152542374,0,0,0.0011664443514351611,1
QN1401,Queens,2024-04,13.966101694915254,0,0,6.781123161513142e-06,1
QN1402,Queens,2023-07,12.796610169491526,0,0,8.758396280386916e-10,1
QN1402,Queens,2023-08,12.423728813559322,0,0,1.479321480071377e-07,1
QN1402,Queens,2023-09,15.40677966101695,0,0,0.00031772124377942956,1
QN1402,Queens,2023-10,16.1864406779661,0,0,0.029917916172300326,1
QN1402,Queens,2024-03,14.016949152542374,0,0,0.0027717414896371606,1
QN1402,Queens,2024-04,13.966101694915254,0,0,1.613930443520297e-05,1
QN1403,Queens,2023-07,12.796610169491526,0,0,9.792871250344326e-10,1
QN1403,Queens,2023-08,12.423728813559322,0,0,1.5777819578750005e-07,1
QN1403,Queens,2023-09,15.40677966101695,0,0,0.0003813614227073927,1
QN1403,Queens,2023-10,16.1864406779661,0,0,0.029170512914257103,1
QN1403,Queens,2024-03,14.016949152542374,0,0,0.0030050269642445076,1
QN1403,Queens,2024-04,13.966101694915254,0,0,1.894828772796996e-05,1
SI0101,Staten Island,2023-07,4.8125,0,0,8.715504631085817e-06,1
SI0101,Staten Island,2023-08,9.5625,0,0,0.0016482553485442494,1
SI0101,Staten Island,2023-09,22.5625,0,1,0.7921982213774492,1
SI0101,Staten Island,2023-10,27.6875,1,1,0.9971157386541036,1
SI0101,Staten Island,2024-03,28.4375,1,1,0.9662442917952242,1
SI0101,Staten Island,2024-04,26.625,0,0,0.14862719480696038,1
SI0102,Staten Island,2023-07,4.8125,0,0,9.121055956476728e-06,1
SI0102,Staten Island,2023-08,9.5625,0,0,0.0017265347279884638,1
SI0102,Staten Island,2023-09,22.5625,0,1,0.7991660999780168,1
SI0102,Staten Island,2023-10,27.6875,1,1,0.9972462469400675,1
SI0102,Staten Island,2024-03,28.4375,1,1,0.967730445871343,1
SI0102,Staten Island,2024-04,26.625,0,0,0.15413883083562155,1
SI0103,Staten Island,2023-07,4.8125,0,0,5.406267735119816e-06,1
SI0103,Staten Island,2023-08,9.5625,0,0,0.0010240746814908566,1
SI0103,Staten Island,2023-09,22.5625,0,1,0.702255233230636,1
SI0103,Staten Island,2023-10,27.6875,1,1,0.9953628282217756,1
SI0103,Staten Island,2024-03,28.4375,1,1,0.9467379903814112,1
SI0103,Staten Island,2024-04,26.625,0,0,0.0974810336445324,1
SI0104,Staten Island,2023-07,4.8125,0,0,2.6888490206567774e-06,1
SI0104,Staten Island,2023-08,9.5625,0,0,0.0005095923795215149,1
SI0104,Staten Island,2023-09,22.5625,0,1,0.5398184577446391,1
SI0104,Staten Island,2023-10,27.6875,1,1,0.9907198511193747,1
SI0104,Staten Island,2024-03,28.4375,1,1,0.89837980221875,1
SI0104,Staten Island,2024-04,26.625,0,0,0.05098078089287569,1
SI0105,Staten Island,2023-07,4.8125,0,0,1.8338640913078298e-06,1
SI0105,Staten Island,2023-08,9.5625,0,0,0.000347611119892747,1
SI0105,Staten Island,2023-09,22.5625,0,0,0.4444608787348116,1
SI0105,Staten Island,2023-10,27.6875,1,1,0.9864518618282085,1
SI0105,Staten Island,2024-03,28.4375,1,1,0.8577420911003109,1
SI0105,Staten Island,2024-04,26.625,0,0,0.03534310546123079,1
SI0106,Staten Island,2023-07,4.8125,0,0,6.56050716511363e-06,1
SI0106,Staten Island,2023-08,9.5625,0,0,0.0012424446505714052,1
SI0106,Staten Island,2023-09,22.5625,0,1,0.741076341144727,1
SI0106,Staten Island,2023-10,27.6875,1,1,0.9961755649921329,1
SI0106,Staten Island,2024-03,28.4375,1,1,0.9556936398045685,1
SI0106,Staten Island,2024-04,26.625,0,0,0.11588162366043668,1
SI0107,Staten Island,2023-07,4.8125,0,0,5.002975899449816e-06,1
SI0107,Staten Island,2023-08,9.5625,0,0,0.0011370780893995584,1
SI0107,Staten Island,2023-09,22.5625,0,1,0.6931587480068014,1
SI0107,Staten Island,2023-10,27.6875,1,1,0.9957669967665431,1
SI0107,Staten Island,2024-03,28.4375,1,1,0.9449144595572805,1
SI0107,Staten Island,2024-04,26.625,0,0,0.08006136742470955,1
SI0201,Staten Island,2023-07,4.8125,0,0,2.8205956389658367e-06,1
SI0201,Staten Island,2023-08,9.5625,0,0,0.0005345478059859421,1
SI0201,Staten Island,2023-09,22.5625,0,1,0.5516765139616864,1
SI0201,Staten Island,2023-10,27.6875,1,1,0.991149480442692,1
SI0201,Staten Island,2024-03,28.4375,1,1,0.9026643614018183,1
SI0201,Staten Island,2024-04,26.625,0,0,0.05334546041023488,1
SI0202,Staten Island,2023-07,4.8125,0,0,2.5471334725382056e-06,1
SI0202,Staten Island,2023-08,9.5625,0,0,0.0004827472558097024,1
SI0202,Staten Island,2023-09,22.5625,0,1,0.5263423499585506,1
SI0202,Staten Island,2023-10,27.6875,1,1,0.9902085831378,1
SI0202,Staten Island,2024-03,28.4375,1,1,0.893329022302541,1
SI0202,Staten Island,2024-04,26.625,0,0,0.04842394898975042,1
SI0203,Staten Island,2023-07,4.8125,0,0,3.016487397182933e-06,1
SI0203,Staten Island,2023-08,9.5625,0,0,0.0005716513043367698,1
SI0203,Staten Island,2023-09,22.5625,0,1,0.5682198764545014,1
SI0203,Staten Island,2023-10,27.6875,1,1,0.9917194786418086,1
SI0203,Staten Island,2024-03,28.4375,1,1,0.9084064244072427,1
SI0203,Staten Island,2024-04,26.625,0,0,0.0568397556634042,1
SI0204,Staten Island,2023-07,4.8125,0,0,3.0934207356484438e-06,1
SI0204,Staten Island,2023-08,9.5625,0,0,0.0006589634923797574,1
SI0204,Staten Island,2023-09,22.5625,0,1,0.596386255541572,1
SI0204,Staten Island,2023-10,27.6875,1,1,0.992778770916244,1
SI0204,Staten Island,2024-03,28.4375,1,1,0.9140190948791934,1
SI0204,Staten Island,2024-04,26.625,0,0,0.051902447543574204,1
SI0301,Staten Island,2023-07,4.8125,0,0,4.0073414062082255e-06,1
SI0301,Staten Island,2023-08,9.5625,0,0,0.0007556334576484403,1
SI0301,Staten Island,2023-09,22.5625,0,1,0.6353079567596238,1
SI0301,Staten Island,2023-10,27.6875,1,1,0.9937643728528207,1
SI0301,Staten Island,2024-03,28.4375,1,1,0.9292965274882902,1
SI0301,Staten Island,2024-04,26.625,0,0,0.0741125293856797,1
SI0302,Staten Island,2023-07,4.8125,0,0,3.5551538823475766e-07,1
SI0302,Staten Island,2023-08,9.5625,0,0,7.5611295098258e-05,1
SI0302,Staten Island,2023-09,22.5625,0,0,0.14527370046114904,1
SI0302,Staten Island,2023-10,27.6875,1,1,0.9404860097432632,1
SI0302,Staten Island,2024-03,28.4375,1,1,0.5494895767156763,1
SI0302,Staten Island,2024-04,26.625,0,0,0.006231669242783069,1
SI0303,Staten Island,2023-07,4.8125,0,0,1.239873421705025e-06,1
SI0303,Staten Island,2023-08,9.5625,0,0,0.0002667577531085973,1
SI0303,Staten Island,2023-09,22.5625,0,0,0.39405918122221156,1
SI0303,Staten Island,2023-10,27.6875,1,1,0.9836116853188082,1
SI0303,Staten Island,2024-03,28.4375,1,1,0.8155953474057185,1
SI0303,Staten Island,2024-04,26.625,0,0,0.023647716514943885,1
SI0304,Staten Island,2023-07,4.8125,0,0,2.0752782337837324e-07,1
SI0304,Staten Island,2023-08,9.5625,0,0,4.465931466346297e-05,1
SI0304,Staten Island,2023-09,22.5625,0,0,0.09816503847320576,1
SI0304,Staten Island,2023-10,27.6875,1,1,0.909468494671524,1
SI0304,Staten Island,2024-03,28.4375,1,0,0.42538285272971593,1
SI0304,Staten Island,2024-04,26.625,0,0,0.004037607850091768,1
SI0305,Staten Island,2023-07,4.8125,0,0,1.9798150457376864e-06,1
SI0305,Staten Island,2023-08,9.5625,0,0,0.00042588810321648947,1
SI0305,Staten Island,2023-09,22.5625,0,1,0.509427296529151,1
SI0305,Staten Island,2023-10,27.6875,1,1,0.9896734572695908,1
SI0305,Staten Island,2024-03,28.4375,1,1,0.875966989844576,1
SI0305,Staten Island,2024-04,26.625,0,0,0.03723493322142809,1
BK0101,Brooklyn,2024-05,36.37735849056604,1,1,0.9954648661046747,2
BK0101,Brooklyn,2024-06,26.528301886792452,0,0,0.453460585127933,2
BK0101,Brooklyn,2024-07,25.16981132075472,0,0,0.11539683731600721,2
BK0101,Brooklyn,2024-08,26.849056603773583,0,1,0.5448544843691016,2
BK0101,Brooklyn,2024-09,33.490566037735846,1,1,0.9971437496640184,2
BK0101,Brooklyn,2024-10,34.60377358490566,1,1,0.9991822169637192,2
BK0102,Brooklyn,2024-05,36.37735849056604,1,1,0.9947646218267483,2
BK0102,Brooklyn,2024-06,26.528301886792452,0,0,0.4180006777456039,2
BK0102,Brooklyn,2024-07,25.16981132075472,0,0,0.10146512759221121,2
BK0102,Brooklyn,2024-08,26.849056603773583,0,1,0.5089024141933783,2
BK0102,Brooklyn,2024-09,33.490566037735846,1,1,0.9967018734070371,2
BK0102,Brooklyn,2024-10,34.60377358490566,1,1,0.9990554030827093,2
BK0103,Brooklyn,2024-05,36.37735849056604,1,1,0.9973377500141345,2
BK0103,Brooklyn,2024-06,26.528301886792452,0,1,0.5747468896244968,2
BK0103,Brooklyn,2024-07,25.16981132075472,0,0,0.18371551676844272,2
BK0103,Brooklyn,2024-08,26.849056603773583,0,1,0.6872386000788171,2
BK0103,Brooklyn,2024-09,33.490566037735846,1,1,0.9978939361411586,2
BK0103,Brooklyn,2024-10,34.60377358490566,1,1,0.9994238345663089,2
BK0104,Brooklyn,2024-05,36.37735849056604,1,1,0.9954400837100178,2
BK0104,Brooklyn,2024-06,26.528301886792452,0,0,0.4521041531661368,2
BK0104,Brooklyn,2024-07,25.16981132075472,0,0,0.11483916824772003,2
BK0104,Brooklyn,2024-08,26.849056603773583,0,1,0.5434965303196457,2
BK0104,Brooklyn,2024-09,33.490566037735846,1,1,0.997128115118516,2
BK0104,Brooklyn,2024-10,34.60377358490566,1,1,0.9991777313809551,2
BK0201,Brooklyn,2024-05,36.37735849056604,1,1,0.9979911895838115,2
BK0201,Brooklyn,2024-06,26.528301886792452,0,1,0.6418790441205087,2
BK0201,Brooklyn,2024-07,25.16981132075472,0,0,0.22986200026691883,2
BK0201,Brooklyn,2024-08,26.849056603773583,0,1,0.7445065391660911,2
BK0201,Brooklyn,2024-09,33.490566037735846,1,1,0.9984110793389199,2
BK0201,Brooklyn,2024-10,34.60377358490566,1,1,0.9995654753550459,2
BK0202,Brooklyn,2024-05,36.37735849056604,1,1,0.9972873892898912,2
BK0202,Brooklyn,2024-06,26.528301886792452,0,1,0.5701479482762055,2
BK0202,Brooklyn,2024-07,25.16981132075472,0,0,0.18091436017484144,2
BK0202,Brooklyn,2024-08,26.849056603773583,0,1,0.6831856181249637,2
BK0202,Brooklyn,2024-09,33.490566037735846,1,1,0.9978540739308113,2
BK0202,Brooklyn,2024-10,34.60377358490566,1,1,0.9994129122446496,2
BK0203,Brooklyn,2024-05,36.37735849056604,1,1,0.9978811368717889,2
BK0203,Brooklyn,2024-06,26.528301886792452,0,1,0.6295021985886972,2
BK0203,Brooklyn,2024-07,25.16981132075472,0,0,0.2205373265800856,2
BK0203,Brooklyn,2024-08,26.849056603773583,0,1,0.7342078535837141,2
BK0203,Brooklyn,2024-09,33.490566037735846,1,1,0.9983239916621638,2
BK0203,Brooklyn,2024-10,34.60377358490566,1,1,0.9995416303024429,2
BK0204,Brooklyn,2024-05,36.37735849056604,1,1,0.9977085230372706,2
BK0204,Brooklyn,2024-06,26.528301886792452,0,1,0.6110176683416898,2
BK0204,Brooklyn,2024-07,25.16981132075472,0,0,0.20734110081113952,2
BK0204,Brooklyn,2024-08,26.849056603773583,0,1,0.7186121239096436,2
BK0204,Brooklyn,2024-09,33.490566037735846,1,1,0.9981873895960041,2
BK0204,Brooklyn,2024-10,34.60377358490566,1,1,0.999504221866862,2
BK0301,Brooklyn,2024-05,36.37735849056604,1,1,0.9966541902708522,2
BK0301,Brooklyn,2024-06,26.528301886792452,0,1,0.5179978397215278,2
BK0301,Brooklyn,2024-07,25.16981132075472,0,0,0.15179425657607282,2
BK0301,Brooklyn,2024-08,26.849056603773583,0,1,0.6359938682778096,2
BK0301,Brooklyn,2024-09,33.490566037735846,1,1,0.9973528037933445,2
BK0301,Brooklyn,2024-10,34.60377358490566,1,1,0.999275509144879,2
BK0302,Brooklyn,2024-05,36.37735849056604,1,1,0.9965290190694635,2
BK0302,Brooklyn,2024-06,26.528301886792452,0,1,0.508791186290972,2
BK0302,Brooklyn,2024-07,25.16981132075472,0,0,0.1471098331648682,2
BK0302,Brooklyn,2024-08,26.849056603773583,0,1,0.6274199321895777,2
BK0302,Brooklyn,2024-09,33.490566037735846,1,1,0.9972536966364528,2
BK0302,Brooklyn,2024-10,34.60377358490566,1,1,0.9992483310149523,2
BK0401,Brooklyn,2024-05,36.37735849056604,1,1,0.9960009483725549,2
BK0401,Brooklyn,2024-06,26.528301886792452,0,0,0.4732800599704489,2
BK0401,Brooklyn,2024-07,25.16981132075472,0,0,0.1301535999433443,2
BK0401,Brooklyn,2024-08,26.849056603773583,0,1,0.5936352831163021,2
BK0401,Brooklyn,2024-09,33.490566037735846,1,1,0.9968355273749069,2
BK0401,Brooklyn,2024-10,34.60377358490566,1,1,0.999133613352203,2
BK0402,Brooklyn,2024-05,36.37735849056604,1,1,0.9969526624416171,2
BK0402,Brooklyn,2024-06,26.528301886792452,0,1,0.5413459616736087,2
BK0402,Brooklyn,2024-07,25.16981132075472,0,0,0.16426133290511763,2
BK0402,Brooklyn,2024-08,26.849056603773583,0,1,0.6574065363176854,2
BK0402,Brooklyn,2024-09,33.490566037735846,1,1,0.9975891049765346,2
BK0402,Brooklyn,2024-10,34.60377358490566,1,1,0.9993402941315527,2
BK0501,Brooklyn,2024-05,36.37735849056604,1,1,0.9969938879588428,2
BK0501,Brooklyn,2024-06,26.528301886792452,0,1,0.5447361550862121,2
BK0501,Brooklyn,2024-07,25.16981132075472,0,0,0.16614546804095828,2
BK0501,Brooklyn,2024-08,26.849056603773583,0,1,0.6604768995609795,2
BK0501,Brooklyn,2024-09,33.490566037735846,1,1,0.997621741001632,2
BK0501,Brooklyn,2024-10,34.60377358490566,1,1,0.9993492399624972,2
BK0502,Brooklyn,2024-05,36.37735849056604,1,1,0.9959305709461036,2
BK0502,Brooklyn,2024-06,26.528301886792452,0,0,0.4689156872868787,2
BK0502,Brooklyn,2024-07,25.16981132075472,0,0,0.12818334923471855,2
BK0502,Brooklyn,2024-08,26.849056603773583,0,1,0.5894029910016539,2
BK0502,Brooklyn,2024-09,33.490566037735846,1,1,0.996779789825022,2
BK0502,Brooklyn,2024-10,34.60377358490566,1,1,0.9991183174189815,2
BK0503,Brooklyn,2024-05,36.37735849056604,1,1,0.9962982899773539,2
BK0503,Brooklyn,2024-06,26.528301886792452,0,0,0.49264532341492645,2
BK0503,Brooklyn,2024-07,25.16981132075472,0,0,0.1391892087873466,2
BK0503,Brooklyn,2024-08,26.849056603773583,0,1,0.6122013345839719,2
BK0503,Brooklyn,2024-09,33.490566037735846,1,1,0.9970709979868049,2
BK0503,Brooklyn,2024-10,34.60377358490566,1,1,0.9991982193275393,2
BK0504,Brooklyn,2024-05,36.37735849056604,1,1,0.9971453951591636,2
BK0504,Brooklyn,2024-06,26.528301886792452,0,1,0.5575662316193972,2
BK0504,Brooklyn,2024-07,25.16981132075472,0,0,0.17345600460986357,2
BK0504,Brooklyn,2024-08,26.849056603773583,0,1,0.6720091519228645,2
BK0504,Brooklyn,2024-09,33.490566037735846,1,1,0.997741676262406,2
BK0504,Brooklyn,2024-10,34.60377358490566,1,1,0.9993821116552417,2
BK0505,Brooklyn,2024-05,36.37735849056604,1,1,0.9966040473139527,2
BK0505,Brooklyn,2024-06,26.528301886792452,0,0,0.44916476168095937,2
BK0505,Brooklyn,2024-07,25.16981132075472,0,0,0.15959570357583353,2
BK0505,Brooklyn,2024-08,26.849056603773583,0,1,0.6484663583179054,2
BK0505,Brooklyn,2024-09,33.490566037735846,1,1,0.996647103042042,2
BK0505,Brooklyn,2024-10,34.60377358490566,1,1,0.9990805232258679,2
BK0601,Brooklyn,2024-05,36.37735849056604,1,1,0.9963379138030537,2
BK0601,Brooklyn,2024-06,26.528301886792452,0,0,0.4953453441915958,2
BK0601,Brooklyn,2024-07,25.16981132075472,0,0,0.14048846778023388,2
BK0601,Brooklyn,2024-08,26.849056603773583,0,1,0.6147626385909258,2
BK0601,Brooklyn,2024-09,33.490566037735846,1,1,0.997102374651275,2
BK0601,Brooklyn,2024-10,34.60377358490566,1,1,0.9992068264568615,2
BK0602,Brooklyn,2024-05,36.37735849056604,1,1,0.9971620975519784,2
BK0602,Brooklyn,2024-06,26.528301886792452,0,1,0.5590174761126431,2
BK0602,Brooklyn,2024-07,25.16981132075472,0,0,0.17430134896400104,2
BK0602,Brooklyn,2024-08,26.849056603773583,0,1,0.6733049593717599,2
BK0602,Brooklyn,2024-09,33.490566037735846,1,1,0.997754897648895,2
BK0602,Brooklyn,2024-10,34.60377358490566,1,1,0.9993857350035339,2
BK0701,Brooklyn,2024-05,36.37735849056604,1,1,0.9979277776632808,2
BK0701,Brooklyn,2024-06,26.528301886792452,0,1,0.6346891310482878,2
BK0701,Brooklyn,2024-07,25.16981132075472,0,0,0.22439542423455763,2
BK0701,Brooklyn,2024-08,26.849056603773583,0,1,0.738537762366165,2
BK0701,Brooklyn,2024-09,33.490566037735846,1,1,0.9983609002675552,2
BK0701,Brooklyn,2024-10,34.60377358490566,1,1,0.9995517364369387,2
BK0702,Brooklyn,2024-05,36.37735849056604,1,1,0.9961735994360773,2
BK0702,Brooklyn,2024-06,26.528301886792452,0,0,0.4852723629059403,2
BK0702,Brooklyn,2024-07,25.16981132075472,0,0,0.13530673229707513,2
BK0702,Brooklyn,2024-08,26.849056603773583,0,1,0.6053312557178816,2
BK0702,Brooklyn,2024-09,33.490566037735846,1,1,0.996977051490136,2
BK0702,Brooklyn,2024-10,34.60377358490566,1,1,0.9991717068418028,2
BK0703,Brooklyn,2024-05,36.37735849056604,1,1,0.9982381884935552,2
BK0703,Brooklyn,2024-06,26.528301886792452,0,1,0.6245914387216948,2
BK0703,Brooklyn,2024-07,25.16981132075472,0,0,0.2662541439368519,2
BK0703,Brooklyn,2024-08,26.849056603773583,0,1,0.7894139891777118,2
BK0703,Brooklyn,2024-09,33.490566037735846,1,1,0.9982428405131983,2
BK0703,Brooklyn,2024-10,34.60377358490566,1,1,0.9994543948153951,2
BK0801,Brooklyn,2024-05,36.37735849056604,1,1,0.9976554596064139,2
BK0801,Brooklyn,2024-06,26.528301886792452,0,1,0.6055502873688579,2
BK0801,Brooklyn,2024-07,25.16981132075472,0,0,0.2035952266919318,2
BK0801,Brooklyn,2024-08,26.849056603773583,0,1,0.7139490548042815,2
BK0801,Brooklyn,2024-09,33.490566037735846,1,1,0.9981453946020641,2
BK0801,Brooklyn,2024-10,34.60377358490566,1,1,0.9994927200552444,2
BK0802,Brooklyn,2024-05,36.37735849056604,1,1,0.9970974346102476,2
BK0802,Brooklyn,2024-06,26.528301886792452,0,1,0.5534403229238894,2
BK0802,Brooklyn,2024-07,25.16981132075472,0,0,0.1710734160561941,2
BK0802,Brooklyn,2024-08,26.849056603773583,0,1,0.6683156028414113,2
BK0802,Brooklyn,2024-09,33.490566037735846,1,1,0.9977037108313462,2
BK0802,Brooklyn,2024-10,34.60377358490566,1,1,0.9993717067626513,2
BK0901,Brooklyn,2024-05,36.37735849056604,1,1,0.997834679022365,2
BK0901,Brooklyn,2024-06,26.528301886792452,0,1,0.6244187414079766,2
BK0901,Brooklyn,2024-07,25.16981132075472,0,0,0.21682368783222467,2
BK0901,Brooklyn,2024-08,26.849056603773583,0,1,0.7299447123926756,2
BK0901,Brooklyn,2024-09,33.490566037735846,1,1,0.9982872271088012,2
BK0901,Brooklyn,2024-10,34.60377358490566,1,1,0.9995315630718394,2
BK0902,Brooklyn,2024-05,36.37735849056604,1,1,0.9980161337242194,2
BK0902,Brooklyn,2024-06,26.528301886792452,0,1,0.6447519036864063,2
BK0902,Brooklyn,2024-07,25.16981132075472,0,0,0.23208586967706565,2
BK0902,Brooklyn,2024-08,26.849056603773583,0,1,0.746880770849296,2
BK0902,Brooklyn,2024-09,33.490566037735846,1,1,0.9984308177513219,2
BK0902,Brooklyn,2024-10,34.60377358490566,1,1,0.9995708794134929,2
BK1001,Brooklyn,2024-05,36.37735849056604,1,1,0.9962060333215855,2
BK1001,Brooklyn,2024-06,26.528301886792452,0,0,0.4287800727308353,2
BK1001,Brooklyn,2024-07,25.16981132075472,0,0,0.1333124157132224,2
BK1001,Brooklyn,2024-08,26.849056603773583,0,1,0.6827753594027042,2
BK1001,Brooklyn,2024-09,33.490566037735846,1,1,0.9969013740471278,2
BK1001,Brooklyn,2024-10,34.60377358490566,1,1,0.9990043499111071,2
BK1002,Brooklyn,2024-05,36.37735849056604,1,1,0.9985596516340332,2
BK1002,Brooklyn,2024-06,26.528301886792452,0,1,0.6701251000068189,2
BK1002,Brooklyn,2024-07,25.16981132075472,0,0,0.30703397353362377,2
BK1002,Brooklyn,2024-08,26.849056603773583,0,1,0.8207666687858745,2
BK1002,Brooklyn,2024-09,33.490566037735846,1,1,0.9985614579572033,2
BK1002,Brooklyn,2024-10,34.60377358490566,1,1,0.9995537363799962,2
BK1101,Brooklyn,2024-05,36.37735849056604,1,1,0.9980677207748139,2
BK1101,Brooklyn,2024-06,26.528301886792452,0,1,0.6021527256092469,2
BK1101,Brooklyn,2024-07,25.16981132075472,0,0,0.24818225136903413,2
BK1101,Brooklyn,2024-08,26.849056603773583,0,1,0.7733355607306861,2
BK1101,Brooklyn,2024-09,33.490566037735846,1,1,0.9980701428301311,2
BK1101,Brooklyn,2024-10,34.60377358490566,1,1,0.9994011176526935,2
BK1102,Brooklyn,2024-05,36.37735849056604,1,1,0.998635698426201,2
BK1102,Brooklyn,2024-06,26.528301886792452,0,1,0.6820197729602157,2
BK1102,Brooklyn,2024-07,25.16981132075472,0,0,0.3187105255379563,2
BK1102,Brooklyn,2024-08,26.849056603773583,0,1,0.8286186590675606,2
BK1102,Brooklyn,2024-09,33.490566037735846,1,1,0.9986374095101613,2
BK1102,Brooklyn,2024-10,34.60377358490566,1,1,0.9995773201996901,2
BK1103,Brooklyn,2024-05,36.37735849056604,1,1,0.9985274071449771,2
BK1103,Brooklyn,2024-06,26.528301886792452,0,1,0.6652054631730453,2
BK1103,Brooklyn,2024-07,25.16981132075472,0,0,0.3023368605374434,2
BK1103,Brooklyn,2024-08,26.849056603773583,0,1,0.8174817487092572,2
BK1103,Brooklyn,2024-09,33.490566037735846,1,1,0.9985292538460057,2
BK1103,Brooklyn,2024-10,34.60377358490566,1,1,0.9995437358906528,2
BK1201,Brooklyn,2024-05,36.37735849056604,1,1,0.99841433239931,2
BK1201,Brooklyn,2024-06,26.528301886792452,0,1,0.6485074253847881,2
BK1201,Brooklyn,2024-07,25.16981132075472,0,0,0.2869407799291323,2
BK1201,Brooklyn,2024-08,26.849056603773583,0,1,0.8061654962053992,2
BK1201,Brooklyn,2024-09,33.490566037735846,1,1,0.9984163206765142,2
BK1201,Brooklyn,2024-10,34.60377358490566,1,1,0.999508662722774,2
BK1202,Brooklyn,2024-05,36.37735849056604,1,1,0.9978561287910239,2
BK1202,Brooklyn,2024-06,26.528301886792452,0,1,0.57696287161025,2
BK1202,Brooklyn,2024-07,25.16981132075472,0,0,0.22926686312628017,2
BK1202,Brooklyn,2024-08,26.849056603773583,0,1,0.7545665098020207,2
BK1202,Brooklyn,2024-09,33.490566037735846,1,1,0.9978588155016909,2
BK1202,Brooklyn,2024-10,34.60377358490566,1,1,0.9993354405178985,2
BK1203,Brooklyn,2024-05,36.37735849056604,1,1,0.9984911724075983,2
BK1203,Brooklyn,2024-06,26.528301886792452,0,1,0.6597621420784958,2
BK1203,Brooklyn,2024-07,25.16981132075472,0,0,0.2972267317744695,2
BK1203,Brooklyn,2024-08,26.849056603773583,0,1,0.8138213065022754,2
BK1203,Brooklyn,2024-09,33.490566037735846,1,1,0.9984930644801234,2
BK1203,Brooklyn,2024-10,34.60377358490566,1,1,0.9995324973110585,2
BK1204,Brooklyn,2024-05,36.37735849056604,1,1,0.9982245635927647,2
BK1204,Brooklyn,2024-06,26.528301886792452,0,1,0.6222840121144516,2
BK1204,Brooklyn,2024-07,25.16981132075472,0,0,0.2643424218578353,2
BK1204,Brooklyn,2024-08,26.849056603773583,0,1,0.7878565784501411,2
BK1204,Brooklyn,2024-09,33.490566037735846,1,1,0.9982267893994956,2
BK1204,Brooklyn,2024-10,34.60377358490566,1,1,0.9994497885095233,2
BK1301,Brooklyn,2024-05,36.37735849056604,1,1,0.9991404779258091,2
BK1301,Brooklyn,2024-06,26.528301886792452,0,1,0.7730468755260916,2
BK1301,Brooklyn,2024-07,25.16981132075472,0,0,0.4262476608033058,2
BK1301,Brooklyn,2024-08,26.849056603773583,0,1,0.8847698023033234,2
BK1301,Brooklyn,2024-09,33.490566037735846,1,1,0.9991415564680689,2
BK1301,Brooklyn,2024-10,34.60377358490566,1,1,0.9997338008506941,2
BK1302,Brooklyn,2024-05,36.37735849056604,1,1,0.9974429559573603,2
BK1302,Brooklyn,2024-06,26.528301886792452,0,1,0.5333666045375502,2
BK1302,Brooklyn,2024-07,25.16981132075472,0,0,0.19955013110297148,2
BK1302,Brooklyn,2024-08,26.849056603773583,0,1,0.7204036118296968,2
BK1302,Brooklyn,2024-09,33.490566037735846,1,1,0.9974461591331988,2
BK1302,Brooklyn,2024-10,34.60377358490566,1,1,0.9992071382343772,2
BK1303,Brooklyn,2024-05,36.37735849056604,1,1,0.9983502604765547,2
BK1303,Brooklyn,2024-06,26.528301886792452,0,1,0.6394110378818509,2
BK1303,Brooklyn,2024-07,25.16981132075472,0,0,0.27889192303838894,2
BK1303,Brooklyn,2024-08,26.849056603773583,0,1,0.799890201410036,2
BK1303,Brooklyn,2024-09,33.490566037735846,1,1,0.9983523289613063,2
BK1303,Brooklyn,2024-10,34.60377358490566,1,1,0.9994887866622786,2
BK1401,Brooklyn,2024-05,36.37735849056604,1,1,0.9978789021597183,2
BK1401,Brooklyn,2024-06,26.528301886792452,0,1,0.6292557912223397,2
BK1401,Brooklyn,2024-07,25.16981132075472,0,0,0.22035579147430723,2
BK1401,Brooklyn,2024-08,26.849056603773583,0,1,0.7340016576883878,2
BK1401,Brooklyn,2024-09,33.490566037735846,1,1,0.9983222232326908,2
BK1401,Brooklyn,2024-10,34.60377358490566,1,1,0.999541146066072,2
BK1402,Brooklyn,2024-05,36.37735849056604,1,1,0.9985456203444615,2
BK1402,Brooklyn,2024-06,26.528301886792452,0,1,0.6679754295322412,2
BK1402,Brooklyn,2024-07,25.16981132075472,0,0,0.3049722312749947,2
BK1402,Brooklyn,2024-08,26.849056603773583,0,1,0.8193340128856573,2
BK1402,Brooklyn,2024-09,33.490566037735846,1,1,0.9985474442385028,2
BK1402,Brooklyn,2024-10,34.60377358490566,1,1,0.9995493846907765,2
BK1403,Brooklyn,2024-05,36.37735849056604,1,1,0.9983125205356533,2
BK1403,Brooklyn,2024-06,26.528301886792452,0,1,0.6341709557358979,2
BK1403,Brooklyn,2024-07,25.16981132075472,0,0,0.27435837829961707,2
BK1403,Brooklyn,2024-08,26.849056603773583,0,1,0.7962390390926867,2
BK1403,Brooklyn,2024-09,33.490566037735846,1,1,0.9983146362598063,2
BK1403,Brooklyn,2024-10,34.60377358490566,1,1,0.9994770783490212,2
BK1501,Brooklyn,2024-05,36.37735849056604,1,1,0.9982227637412149,2
BK1501,Brooklyn,2024-06,26.528301886792452,0,1,0.6220454005178114,2
BK1501,Brooklyn,2024-07,25.16981132075472,0,0,0.26414507858237846,2
BK1501,Brooklyn,2024-08,26.849056603773583,0,1,0.7876868763275331,2
BK1501,Brooklyn,2024-09,33.490566037735846,1,1,0.9982249918003487,2
BK1501,Brooklyn,2024-10,34.60377358490566,1,1,0.999449230046415,2
BK1502,Brooklyn,2024-05,36.37735849056604,1,1,0.9986065072257876,2
BK1502,Brooklyn,2024-06,26.528301886792452,0,1,0.6774045212824787,2
BK1502,Brooklyn,2024-07,25.16981132075472,0,0,0.31412508067925343,2
BK1502,Brooklyn,2024-08,26.849056603773583,0,1,0.8255870472596493,2
BK1502,Brooklyn,2024-09,33.490566037735846,1,1,0.998608254869835,2
BK1502,Brooklyn,2024-10,34.60377358490566,1,1,0.9995682676454245,2
BK1503,Brooklyn,2024-05,36.37735849056604,1,1,0.9982629966951012,2
BK1503,Brooklyn,2024-06,26.528301886792452,0,1,0.6274230424364384,2
BK1503,Brooklyn,2024-07,25.16981132075472,0,0,0.2686277284665412,2
BK1503,Brooklyn,2024-08,26.849056603773583,0,1,0.7914976949221874,2
BK1503,Brooklyn,2024-09,33.490566037735846,1,1,0.9982651744032411,2
BK1503,Brooklyn,2024-10,34.60377358490566,1,1,0.9994617133112246,2
BK1601,Brooklyn,2024-05,36.37735849056604,1,1,0.9965026723851997,2
BK1601,Brooklyn,2024-06,26.528301886792452,0,1,0.5068945718073647,2
BK1601,Brooklyn,2024-07,25.16981132075472,0,0,0.14616028334622602,2
BK1601,Brooklyn,2024-08,26.849056603773583,0,1,0.6256443433310089,2
BK1601,Brooklyn,2024-09,33.490566037735846,1,1,0.99723283538537,2
BK1601,Brooklyn,2024-10,34.60377358490566,1,1,0.9992426097396315,2
BK1602,Brooklyn,2024-05,36.37735849056604,1,1,0.997462969905648,2
BK1602,Brooklyn,2024-06,26.528301886792452,0,1,0.5865080226979003,2
BK1602,Brooklyn,2024-07,25.16981132075472,0,0,0.19107016891345985,2
BK1602,Brooklyn,2024-08,26.849056603773583,0,1,0.6975258950195161,2
BK1602,Brooklyn,2024-09,33.490566037735846,1,1,0.9979930482597525,2
BK1602,Brooklyn,2024-10,34.60377358490566,1,1,0.9994509887286277,2
BK1701,Brooklyn,2024-05,36.37735849056604,1,1,0.9971634862421414,2
BK1701,Brooklyn,2024-06,26.528301886792452,0,1,0.5591384752532501,2
BK1701,Brooklyn,2024-07,25.16981132075472,0,0,0.1743720034695931,2
BK1701,Brooklyn,2024-08,26.849056603773583,0,1,0.6734129200279142,2
BK1701,Brooklyn,2024-09,33.490566037735846,1,1,0.9977559969129336,2
BK1701,Brooklyn,2024-10,34.60377358490566,1,1,0.9993860362559746,2
BK1702,Brooklyn,2024-05,36.37735849056604,1,1,0.9986585235540887,2
BK1702,Brooklyn,2024-06,26.528301886792452,0,1,0.7286866585316992,2
BK1702,Brooklyn,2024-07,25.16981132075472,0,0,0.3090316642340014,2
BK1702,Brooklyn,2024-08,26.849056603773583,0,1,0.8136593220478348,2
BK1702,Brooklyn,2024-09,33.490566037735846,1,1,0.9989390727234491,2
BK1702,Brooklyn,2024-10,34.60377358490566,1,1,0.9997099779707078,2
BK1703,Brooklyn,2024-05,36.37735849056604,1,1,0.998023031137148,2
BK1703,Brooklyn,2024-06,26.528301886792452,0,1,0.6455508092721415,2
BK1703,Brooklyn,2024-07,25.16981132075472,0,0,0.23270839637411608,2
BK1703,Brooklyn,2024-08,26.849056603773583,0,1,0.7475399338246363,2
BK1703,Brooklyn,2024-09,33.490566037735846,1,1,0.9984362756693228,2
BK1703,Brooklyn,2024-10,34.60377358490566,1,1,0.9995723736758729,2
BK1704,Brooklyn,2024-05,36.37735849056604,1,1,0.9985782669255308,2
BK1704,Brooklyn,2024-06,26.528301886792452,0,1,0.7170313164498608,2
BK1704,Brooklyn,2024-07,25.16981132075472,0,0,0.29674708304453024,2
BK1704,Brooklyn,2024-08,26.849056603773583,0,1,0.8046758465584113,2
BK1704,Brooklyn,2024-09,33.490566037735846,1,1,0.9988755816364796,2
BK1704,Brooklyn,2024-10,34.60377358490566,1,1,0.9996926074347733,2
BK1801,Brooklyn,2024-05,36.37735849056604,1,1,0.998118913097689,2
BK1801,Brooklyn,2024-06,26.528301886792452,0,1,0.6085794000700926,2
BK1801,Brooklyn,2024-07,25.16981132075472,0,0,0.2532357274973385,2
BK1801,Brooklyn,2024-08,26.849056603773583,0,1,0.7780164117115587,2
BK1801,Brooklyn,2024-09,33.490566037735846,1,1,0.998121271105719,2
BK1801,Brooklyn,2024-10,34.60377358490566,1,1,0.9994170046167574,2
BK1802,Brooklyn,2024-05,36.37735849056604,1,1,0.997225085038458,2
BK1802,Brooklyn,2024-06,26.528301886792452,0,1,0.5129167347221866,2
BK1802,Brooklyn,2024-07,25.16981132075472,0,0,0.1867762284697237,2
BK1802,Brooklyn,2024-08,26.849056603773583,0,1,0.7035953660664162,2
BK1802,Brooklyn,2024-09,33.490566037735846,1,1,0.9972285603800335,2
BK1802,Brooklyn,2024-10,34.60377358490566,1,1,0.9991394533882632,2
BK1803,Brooklyn,2024-05,36.37735849056604,1,1,0.9974217434400511,2
BK1803,Brooklyn,2024-06,26.528301886792452,0,1,0.5825834095545063,2
BK1803,Brooklyn,2024-07,25.16981132075472,0,0,0.188584809442567,2
BK1803,Brooklyn,2024-08,26.849056603773583,0,1,0.6941054288847368,2
BK1803,Brooklyn,2024-09,33.490566037735846,1,1,0.9979604178972128,2
BK1803,Brooklyn,2024-10,34.60377358490566,1,1,0.9994420492841447,2
BX0101,Bronx,2024-05,46.810810810810814,1,1,0.9999999951579979,2
BX0101,Bronx,2024-06,31.945945945945947,1,1,0.9999986541470393,2
BX0101,Bronx,2024-07,31.675675675675677,1,1,0.9999902172516885,2
BX0101,Bronx,2024-08,32.16216216216216,1,1,0.999999275392038,2
BX0101,Bronx,2024-09,46.86486486486486,1,1,0.9999999971189166,2
BX0101,Bronx,2024-10,50.24324324324324,1,1,0.9999999991565252,2
BX0102,Bronx,2024-05,46.810810810810814,1,1,0.9999999952383904,2
BX0102,Bronx,2024-06,31.945945945945947,1,1,0.9999986764924644,2
BX0102,Bronx,2024-07,31.675675675675677,1,1,0.999990379674971,2
BX0102,Bronx,2024-08,32.16216216216216,1,1,0.9999992874228345,2
BX0102,Bronx,2024-09,46.86486486486486,1,1,0.9999999971667517,2
BX0102,Bronx,2024-10,50.24324324324324,1,1,0.9999999991705295,2
BX0201,Bronx,2024-05,46.810810810810814,1,1,0.9999999938037316,2
BX0201,Bronx,2024-06,31.945945945945947,1,1,0.999998277724232,2
BX0201,Bronx,2024-07,31.675675675675677,1,1,0.9999874811356846,2
BX0201,Bronx,2024-08,32.16216216216216,1,1,0.9999990727256339,2
BX0201,Bronx,2024-09,46.86486486486486,1,1,0.9999999963131025,2
BX0201,Bronx,2024-10,50.24324324324324,1,1,0.9999999989206125,2
BX0202,Bronx,2024-05,46.810810810810814,1,1,0.9999999953956522,2
BX0202,Bronx,2024-06,31.945945945945947,1,1,0.9999987202038806,2
BX0202,Bronx,2024-07,31.675675675675677,1,1,0.9999906974024079,2
BX0202,Bronx,2024-08,32.16216216216216,1,1,0.9999993109570982,2
BX0202,Bronx,2024-09,46.86486486486486,1,1,0.9999999972603255,2
BX0202,Bronx,2024-10,50.24324324324324,1,1,0.9999999991979245,2
BX0301,Bronx,2024-05,46.810810810810814,1,1,0.9999999954906769,2
BX0301,Bronx,2024-06,31.945945945945947,1,1,0.9999987466163514,2
BX0301,Bronx,2024-07,31.675675675675677,1,1,0.9999908893881884,2
BX0301,Bronx,2024-08,32.16216216216216,1,1,0.9999993251775945,2
BX0301,Bronx,2024-09,46.86486486486486,1,1,0.999999997316867,2
BX0301,Bronx,2024-10,50.24324324324324,1,1,0.9999999992144777,2
BX0302,Bronx,2024-05,46.810810810810814,1,1,0.9999999956511707,2
BX0302,Bronx,2024-06,31.945945945945947,1,1,0.9999987912261642,2
BX0302,Bronx,2024-07,31.675675675675677,1,1,0.9999912136461353,2
BX0302,Bronx,2024-08,32.16216216216216,1,1,0.9999993491955542,2
BX0302,Bronx,2024-09,46.86486486486486,1,1,0.9999999974123639,2
BX0302,Bronx,2024-10,50.24324324324324,1,1,0.9999999992424358,2
BX0303,Bronx,2024-05,46.810810810810814,1,1,0.9999999947643066,2
BX0303,Bronx,2024-06,31.945945945945947,1,1,0.9999985447191986,2
BX0303,Bronx,2024-07,31.675675675675677,1,1,0.9999894218488556,2
BX0303,Bronx,2024-08,32.16216216216216,1,1,0.9999992164759899,2
BX0303,Bronx,2024-09,46.86486486486486,1,1,0.9999999968846627,2
BX0303,Bronx,2024-10,50.24324324324324,1,1,0.9999999990879445,2
BX0401,Bronx,2024-05,46.810810810810814,1,1,0.999999995007234,2
BX0401,Bronx,2024-06,31.945945945945947,1,1,0.9999986122416925,2
BX0401,Bronx,2024-07,31.675675675675677,1,1,0.9999899126523707,2
BX0401,Bronx,2024-08,32.16216216216216,1,1,0.9999992528301622,2
BX0401,Bronx,2024-09,46.86486486486486,1,1,0.9999999970292093,2
BX0401,Bronx,2024-10,50.24324324324324,1,1,0.9999999991302622,2
BX0402,Bronx,2024-05,46.810810810810814,1,1,0.9999999957025021,2
BX0402,Bronx,2024-06,31.945945945945947,1,1,0.9999988054938642,2
BX0402,Bronx,2024-07,31.675675675675677,1,1,0.9999913173546362,2
BX0402,Bronx,2024-08,32.16216216216216,1,1,0.9999993568772955,2
BX0402,Bronx,2024-09,46.86486486486486,1,1,0.999999997442907,2
BX0402,Bronx,2024-10,50.24324324324324,1,1,0.9999999992513777,2
BX0403,Bronx,2024-05,46.810810810810814,1,1,0.9999999954757992,2
BX0403,Bronx,2024-06,31.945945945945947,1,1,0.9999987424810399,2
BX0403,Bronx,2024-07,31.675675675675677,1,1,0.999990859329618,2
BX0403,Bronx,2024-08,32.16216216216216,1,1,0.9999993229511394,2
BX0403,Bronx,2024-09,46.86486486486486,1,1,0.9999999973080145,2
BX0403,Bronx,2024-10,50.24324324324324,1,1,0.9999999992118862,2
BX0501,Bronx,2024-05,46.810810810810814,1,1,0.9999999952532321,2
BX0501,Bronx,2024-06,31.945945945945947,1,1,0.9999986806177131,2
BX0501,Bronx,2024-07,31.675675675675677,1,1,0.9999904096603747,2
BX0501,Bronx,2024-08,32.16216216216216,1,1,0.999999289643872,2
BX0501,Bronx,2024-09,46.86486486486486,1,1,0.9999999971755829,2
BX0501,Bronx,2024-10,50.24324324324324,1,1,0.999999999173115,2
BX0502,Bronx,2024-05,46.810810810810814,1,1,0.9999999947115179,2
BX0502,Bronx,2024-06,31.945945945945947,1,1,0.9999985300464203,2
BX0502,Bronx,2024-07,31.675675675675677,1,1,0.9999893151962869,2
BX0502,Bronx,2024-08,32.16216216216216,1,1,0.9999992085761524,2
BX0502,Bronx,2024-09,46.86486486486486,1,1,0.9999999968532525,2
BX0502,Bronx,2024-10,50.24324324324324,1,1,0.9999999990787487,2
BX0503,Bronx,2024-05,46.810810810810814,1,1,0.9999999936938486,2
BX0503,Bronx,2024-06,31.945945945945947,1,1,0.9999980566860797,2
BX0503,Bronx,2024-07,31.675675675675677,1,1,0.9999870145483784,2
BX0503,Bronx,2024-08,32.16216216216216,1,1,0.9999991993413477,2
BX0503,Bronx,2024-09,46.86486486486486,1,1,0.9999999957846228,2
BX0503,Bronx,2024-10,50.24324324324324,1,1,0.9999999986490522,2
BX0601,Bronx,2024-05,46.810810810810814,1,1,0.9999999953242942,2
BX0601,Bronx,2024-06,31.945945945945947,1,1,0.9999987003696555,2
BX0601,Bronx,2024-07,31.675675675675677,1,1,0.9999905532323276,2
BX0601,Bronx,2024-08,32.16216216216216,1,1,0.9999993002783347,2
BX0601,Bronx,2024-09,46.86486486486486,1,1,0.9999999972178661,2
BX0601,Bronx,2024-10,50.24324324324324,1,1,0.999999999185494,2
BX0602,Bronx,2024-05,46.810810810810814,1,1,0.999999995481047,2
BX0602,Bronx,2024-06,31.945945945945947,1,1,0.9999987439396917,2
BX0602,Bronx,2024-07,31.675675675675677,1,1,0.9999908699322015,2
BX0602,Bronx,2024-08,32.16216216216216,1,1,0.9999993237364787,2
BX0602,Bronx,2024-09,46.86486486486486,1,1,0.9999999973111371,2
BX0602,Bronx,2024-10,50.24324324324324,1,1,0.9999999992128004,2
BX0603,Bronx,2024-05,46.810810810810814,1,1,0.9999999952747485,2
BX0603,Bronx,2024-06,31.945945945945947,1,1,0.9999985438580539,2
BX0603,Bronx,2024-07,31.675675675675677,1,1,0.999990269861734,2
BX0603,Bronx,2024-08,32.16216216216216,1,1,0.9999994000597114,2
BX0603,Bronx,2024-09,46.86486486486486,1,1,0.9999999968413829,2
BX0603,Bronx,2024-10,50.24324324324324,1,1,0.9999999989877235,2
BX0701,Bronx,2024-05,46.810810810810814,1,1,0.9999999955551564,2
BX0701,Bronx,2024-06,31.945945945945947,1,1,0.999998630268936,2
BX0701,Bronx,2024-07,31.675675675675677,1,1,0.9999908472664912,2
BX0701,Bronx,2024-08,32.16216216216216,1,1,0.9999994356616054,2
BX0701,Bronx,2024-09,46.86486486486486,1,1,0.9999999970288229,2
BX0701,Bronx,2024-10,50.24324324324324,1,1,0.9999999990477946,2
BX0702,Bronx,2024-05,46.810810810810814,1,1,0.9999999967864932,2
BX0702,Bronx,2024-06,31.945945945945947,1,1,0.9999990097195165,2
BX0702,Bronx,2024-07,31.675675675675677,1,1,0.9999933827937871,2
BX0702,Bronx,2024-08,32.16216216216216,1,1,0.9999995919978831,2
BX0702,Bronx,2024-09,46.86486486486486,1,1,0.9999999978519158,2
BX0702,Bronx,2024-10,50.24324324324324,1,1,0.99999999931158,2
BX0703,Bronx,2024-05,46.810810810810814,1,1,0.9999999959576371,2
BX0703,Bronx,2024-06,31.945945945945947,1,1,0.9999987542979517,2
BX0703,Bronx,2024-07,31.675675675675677,1,1,0.9999916760397612,2
BX0703,Bronx,2024-08,32.16216216216216,1,1,0.9999994867624301,2
BX0703,Bronx,2024-09,46.86486486486486,1,1,0.999999997297863,2
BX0703,Bronx,2024-10,50.24324324324324,1,1,0.9999999991340167,2
BX0801,Bronx,2024-05,46.810810810810814,1,1,0.9999999973158227,2
BX0801,Bronx,2024-06,31.945945945945947,1,1,0.9999991728385563,2
BX0801,Bronx,2024-07,31.675675675675677,1,1,0.9999944727751297,2
BX0801,Bronx,2024-08,32.16216216216216,1,1,0.9999996592040405,2
BX0801,Bronx,2024-09,46.86486486486486,1,1,0.9999999982057486,2
BX0801,Bronx,2024-10,50.24324324324324,1,1,0.9999999994249766,2
BX0802,Bronx,2024-05,46.810810810810814,1,1,0.9999999966138877,2
BX0802,Bronx,2024-06,31.945945945945947,1,1,0.9999989565291777,2
BX0802,Bronx,2024-07,31.675675675675677,1,1,0.9999930273698855,2
BX0802,Bronx,2024-08,32.16216216216216,1,1,0.999999570083098,2
BX0802,Bronx,2024-09,46.86486486486486,1,1,0.999999997736537,2
BX0802,Bronx,2024-10,50.24324324324324,1,1,0.9999999992746034,2
BX0803,Bronx,2024-05,46.810810810810814,1,1,0.9999999968814408,2
BX0803,Bronx,2024-06,31.945945945945947,1,1,0.9999990389787617,2
BX0803,Bronx,2024-07,31.675675675675677,1,1,0.9999935783074878,2
BX0803,Bronx,2024-08,32.16216216216216,1,1,0.9999996040528929,2
BX0803,Bronx,2024-09,46.86486486486486,1,1,0.9999999979153842,2
BX0803,Bronx,2024-10,50.24324324324324,1,1,0.9999999993319204,2
BX0901,Bronx,2024-05,46.810810810810814,1,1,0.9999999958529515,2
BX0901,Bronx,2024-06,31.945945945945947,1,1,0.999998847311848,2
BX0901,Bronx,2024-07,31.675675675675677,1,1,0.9999916213196701,2
BX0901,Bronx,2024-08,32.16216216216216,1,1,0.9999993793921308,2
BX0901,Bronx,2024-09,46.86486486486486,1,1,0.9999999975324272,2
BX0901,Bronx,2024-10,50.24324324324324,1,1,0.9999999992775859,2
BX0902,Bronx,2024-05,46.810810810810814,1,1,0.9999999964609732,2
BX0902,Bronx,2024-06,31.945945945945947,1,1,0.9999990163136683,2
BX0902,Bronx,2024-07,31.675675675675677,1,1,0.9999928497555602,2
BX0902,Bronx,2024-08,32.16216216216216,1,1,0.9999994703828354,2
BX0902,Bronx,2024-09,46.86486486486486,1,1,0.9999999978942118,2
BX0902,Bronx,2024-10,50.24324324324324,1,1,0.9999999993835029,2
BX0903,Bronx,2024-05,46.810810810810814,1,1,0.9999999951175664,2
BX0903,Bronx,2024-06,31.945945945945947,1,1,0.9999986429089637,2
BX0903,Bronx,2024-07,31.675675675675677,1,1,0.9999901355649558,2
BX0903,Bronx,2024-08,32.16216216216216,1,1,0.9999992693414482,2
BX0903,Bronx,2024-09,46.86486486486486,1,1,0.999999997094859,2
BX0903,Bronx,2024-10,50.24324324324324,1,1,0.9999999991494821,2
BX0904,Bronx,2024-05,46.810810810810814,1,1,0.9999999968303452,2
BX0904,Bronx,2024-06,31.945945945945947,1,1,0.9999990232330744,2
BX0904,Bronx,2024-07,31.675675675675677,1,1,0.9999934730929545,2
BX0904,Bronx,2024-08,32.16216216216216,1,1,0.9999995975655619,2
BX0904,Bronx,2024-09,46.86486486486486,1,1,0.9999999978812291,2
BX0904,Bronx,2024-10,50.24324324324324,1,1,0.9999999993209743,2
BX1001,Bronx,2024-05,46.810810810810814,1,1,0.9999999944158249,2
BX1001,Bronx,2024-06,31.945945945945947,1,1,0.9999982791710563,2
BX1001,Bronx,2024-07,31.675675675675677,1,1,0.9999885012045595,2
BX1001,Bronx,2024-08,32.16216216216216,1,1,0.9999992910067754,2
BX1001,Bronx,2024-09,46.86486486486486,1,1,0.9999999962672312,2
BX1001,Bronx,2024-10,50.24324324324324,1,1,0.9999999988037189,2
BX1002,Bronx,2024-05,46.810810810810814,1,1,0.9999999959863659,2
BX1002,Bronx,2024-06,31.945945945945947,1,1,0.9999988279293184,2
BX1002,Bronx,2024-07,31.675675675675677,1,1,0.9999928284973048,2
BX1002,Bronx,2024-08,32.16216216216216,1,1,0.9999993583926736,2
BX1002,Bronx,2024-09,46.86486486486486,1,1,0.9999999966993567,2
BX1002,Bronx,2024-10,50.24324324324324,1,1,0.9999999989987292,2
BX1003,Bronx,2024-05,46.810810810810814,1,1,0.9999999968048385,2
BX1003,Bronx,2024-06,31.945945945945947,1,1,0.9999990669413896,2
BX1003,Bronx,2024-07,31.675675675675677,1,1,0.9999942909240622,2
BX1003,Bronx,2024-08,32.16216216216216,1,1,0.9999994892311659,2
BX1003,Bronx,2024-09,46.86486486486486,1,1,0.9999999973724343,2
BX1003,Bronx,2024-10,50.24324324324324,1,1,0.9999999992029114,2
BX1004,Bronx,2024-05,46.810810810810814,1,1,0.9999999965967143,2
BX1004,Bronx,2024-06,31.945945945945947,1,1,0.9999989512369835,2
BX1004,Bronx,2024-07,31.675675675675677,1,1,0.999992992006852,2
BX1004,Bronx,2024-08,32.16216216216216,1,1,0.9999995679026774,2
BX1004,Bronx,2024-09,46.86486486486486,1,1,0.9999999977250573,2
BX1004,Bronx,2024-10,50.24324324324324,1,1,0.9999999992709243,2
BX1101,Bronx,2024-05,46.810810810810814,1,1,0.9999999960663242,2
BX1101,Bronx,2024-06,31.945945945945947,1,1,0.9999987877911478,2
BX1101,Bronx,2024-07,31.675675675675677,1,1,0.999991899844572,2
BX1101,Bronx,2024-08,32.16216216216216,1,1,0.9999995005618606,2
BX1101,Bronx,2024-09,46.86486486486486,1,1,0.9999999973705156,2
BX1101,Bronx,2024-10,50.24324324324324,1,1,0.9999999991573005,2
BX1102,Bronx,2024-05,46.810810810810814,1,1,0.9999999966066828,2
BX1102,Bronx,2024-06,31.945945945945947,1,1,0.9999989543088809,2
BX1102,Bronx,2024-07,31.675675675675677,1,1,0.999993012533614,2
BX1102,Bronx,2024-08,32.16216216216216,1,1,0.9999995691683203,2
BX1102,Bronx,2024-09,46.86486486486486,1,1,0.9999999977317209,2
BX1102,Bronx,2024-10,50.24324324324324,1,1,0.9999999992730599,2
BX1103,Bronx,2024-05,46.810810810810814,1,1,0.9999999972241647,2
BX1103,Bronx,2024-06,31.945945945945947,1,1,0.9999991445930846,2
BX1103,Bronx,2024-07,31.675675675675677,1,1,0.9999942840352932,2
BX1103,Bronx,2024-08,32.16216216216216,1,1,0.9999996475667144,2
BX1103,Bronx,2024-09,46.86486486486486,1,1,0.9999999981444794,2
BX1103,Bronx,2024-10,50.24324324324324,1,1,0.999999999405341,2
BX1104,Bronx,2024-05,46.810810810810814,1,1,0.999999997651642,2
BX1104,Bronx,2024-06,31.945945945945947,1,1,0.9999992763252942,2
BX1104,Bronx,2024-07,31.675675675675677,1,1,0.9999951642871951,2
BX1104,Bronx,2024-08,32.16216216216216,1,1,0.9999997018412757,2
BX1104,Bronx,2024-09,46.86486486486486,1,1,0.9999999984302288,2
BX1104,Bronx,2024-10,50.24324324324324,1,1,0.9999999994969184,2
BX1201,Bronx,2024-05,46.810810810810814,1,1,0.9999999958716341,2
BX1201,Bronx,2024-06,31.945945945945947,1,1,0.9999987277951605,2
BX1201,Bronx,2024-07,31.675675675675677,1,1,0.999991498945579,2
BX1201,Bronx,2024-08,32.16216216216216,1,1,0.9999994758430949,2
BX1201,Bronx,2024-09,46.86486486486486,1,1,0.9999999972403739,2
BX1201,Bronx,2024-10,50.24324324324324,1,1,0.9999999991155926,2
BX1202,Bronx,2024-05,46.810810810810814,1,1,0.9999999962324224,2
BX1202,Bronx,2024-06,31.945945945945947,1,1,0.9999988389762053,2
BX1202,Bronx,2024-07,31.675675675675677,1,1,0.999992241868297,2
BX1202,Bronx,2024-08,32.16216216216216,1,1,0.9999995216504604,2
BX1202,Bronx,2024-09,46.86486486486486,1,1,0.9999999974815446,2
BX1202,Bronx,2024-10,50.24324324324324,1,1,0.9999999991928832,2
BX1203,Bronx,2024-05,46.810810810810814,1,1,0.9999999968133348,2
BX1203,Bronx,2024-06,31.945945945945947,1,1,0.9999990179911247,2
BX1203,Bronx,2024-07,31.675675675675677,1,1,0.9999934380656338,2
BX1203,Bronx,2024-08,32.16216216216216,1,1,0.9999995954058425,2
BX1203,Bronx,2024-09,46.86486486486486,1,1,0.9999999978698584,2
BX1203,Bronx,2024-10,50.24324324324324,1,1,0.9999999993173303,2
MN0101,Manhattan,2024-05,31.40625,1,1,0.9365603528863042,2
MN0101,Manhattan,2024-06,23.46875,0,0,0.03791832956149329,2
MN0101,Manhattan,2024-07,24.25,0,0,0.0074003374703154835,2
MN0101,Manhattan,2024-08,22.09375,0,0,0.07593712761718155,2
MN0101,Manhattan,2024-09,28.6875,1,1,0.9579063063422457,2
MN0101,Manhattan,2024-10,30.71875,1,1,0.9871848054351715,2
MN0102,Manhattan,2024-05,31.40625,1,1,0.9270399079130706,2
MN0102,Manhattan,2024-06,23.46875,0,0,0.03280479972865346,2
MN0102,Manhattan,2024-07,24.25,0,0,0.006348701609965815,2
MN0102,Manhattan,2024-08,22.09375,0,0,0.06600581863196484,2
MN0102,Manhattan,2024-09,28.6875,1,1,0.9512732983428832,2
MN0102,Manhattan,2024-10,30.71875,1,1,0.9850712740430788,2
MN0201,Manhattan,2024-05,31.40625,1,1,0.9303143876812472,2
MN0201,Manhattan,2024-06,23.46875,0,0,0.03441037526357255,2
MN0201,Manhattan,2024-07,24.25,0,0,0.0066683554655812445,2
MN0201,Manhattan,2024-08,22.09375,0,0,0.06912023427836207,2
MN0201,Manhattan,2024-09,28.6875,1,1,0.9535147099285055,2
MN0201,Manhattan,2024-10,30.71875,1,1,0.9857812285004993,2
MN0202,Manhattan,2024-05,31.40625,1,1,0.9524768836744331,2
MN0202,Manhattan,2024-06,23.46875,0,0,0.050783764547523084,2
MN0202,Manhattan,2024-07,24.25,0,0,0.009977743719567177,2
MN0202,Manhattan,2024-08,22.09375,0,0,0.10029403966715164,2
MN0202,Manhattan,2024-09,28.6875,1,1,0.9685481322752023,2
MN0202,Manhattan,2024-10,30.71875,1,1,0.9904837472300599,2
MN0203,Manhattan,2024-05,31.40625,1,1,0.9408945706550919,2
MN0203,Manhattan,2024-06,23.46875,0,0,0.04076152080753541,2
MN0203,Manhattan,2024-07,24.25,0,0,0.007941249347721608,2
MN0203,Manhattan,2024-08,22.09375,0,0,0.0813381450682729,2
MN0203,Manhattan,2024-09,28.6875,1,1,0.9607211702815227,2
MN0203,Manhattan,2024-10,30.71875,1,1,0.9880482169599423,2
MN0301,Manhattan,2024-05,31.40625,1,1,0.9328122075283011,2
MN0301,Manhattan,2024-06,23.46875,0,0,0.03573632242864417,2
MN0301,Manhattan,2024-07,24.25,0,0,0.006932984993331297,2
MN0301,Manhattan,2024-08,22.09375,0,0,0.07168437504964134,2
MN0301,Manhattan,2024-09,28.6875,1,1,0.9552209618765635,2
MN0301,Manhattan,2024-10,30.71875,1,1,0.9863201229858336,2
MN0302,Manhattan,2024-05,31.40625,1,1,0.9422045382915349,2
MN0302,Manhattan,2024-06,23.46875,0,0,0.04170249259814518,2
MN0302,Manhattan,2024-07,24.25,0,0,0.008130993770178284,2
MN0302,Manhattan,2024-08,22.09375,0,0,0.08313463875725476,2
MN0302,Manhattan,2024-09,28.6875,1,1,0.9616096455613581,2
MN0302,Manhattan,2024-10,30.71875,1,1,0.9883260737101026,2
MN0303,Manhattan,2024-05,31.40625,1,1,0.9346782128876726,2
MN0303,Manhattan,2024-06,23.46875,0,0,0.0367904453275852,2
MN0303,Manhattan,2024-07,24.25,0,0,0.0071437833531784525,2
MN0303,Manhattan,2024-08,22.09375,0,0,0.07371780131563718,2
MN0303,Manhattan,2024-09,28.6875,1,1,0.9564936360777154,2
MN0303,Manhattan,2024-10,30.71875,1,1,0.9867212085684286,2
MN0401,Manhattan,2024-05,31.40625,1,1,0.9203602548357366,2
MN0401,Manhattan,2024-06,23.46875,0,0,0.029925624889585632,2
MN0401,Manhattan,2024-07,24.25,0,0,0.0057776254071814,2
MN0401,Manhattan,2024-08,22.09375,0,0,0.060394650040330004,2
MN0401,Manhattan,2024-09,28.6875,1,1,0.9466846683836321,2
MN0401,Manhattan,2024-10,30.71875,1,1,0.9836105888759376,2
MN0402,Manhattan,2024-05,31.40625,1,1,0.9288155119384188,2
MN0402,Manhattan,2024-06,23.46875,0,0,0.02974744821157657,2
MN0402,Manhattan,2024-07,24.25,0,0,0.006006719611579072,2
MN0402,Manhattan,2024-08,22.09375,0,0,0.08486514352435333,2
MN0402,Manhattan,2024-09,28.6875,1,1,0.9567377181979748,2
MN0402,Manhattan,2024-10,30.71875,1,1,0.9857824591718851,2
MN0501,Manhattan,2024-05,31.40625,1,1,0.9160199254473324,2
MN0501,Manhattan,2024-06,23.46875,0,0,0.02829269599852787,2
MN0501,Manhattan,2024-07,24.25,0,0,0.005454952562448895,2
MN0501,Manhattan,2024-08,22.09375,0,0,0.057197169391873436,2
MN0501,Manhattan,2024-09,28.6875,1,1,0.9436912326255625,2
MN0501,Manhattan,2024-10,30.71875,1,1,0.9826523998870359,2
MN0502,Manhattan,2024-05,31.40625,1,1,0.9177719034260945,2
MN0502,Manhattan,2024-06,23.46875,0,0,0.025555963126567566,2
MN0502,Manhattan,2024-07,24.25,0,0,0.005142628599432613,2
MN0502,Manhattan,2024-08,22.09375,0,0,0.07349572951845956,2
MN0502,Manhattan,2024-09,28.6875,1,1,0.9497918150515966,2
MN0502,Manhattan,2024-10,30.71875,1,1,0.9834189682232265,2
MN0601,Manhattan,2024-05,31.40625,1,1,0.9480371093675042,2
MN0601,Manhattan,2024-06,23.46875,0,0,0.06451366527131094,2
MN0601,Manhattan,2024-07,24.25,0,0,0.01072649924662033,2
MN0601,Manhattan,2024-08,22.09375,0,0,0.09049632286350476,2
MN0601,Manhattan,2024-09,28.6875,1,1,0.9666859308425633,2
MN0601,Manhattan,2024-10,30.71875,1,1,0.9902491679637943,2
MN0602,Manhattan,2024-05,31.40625,1,1,0.9414005640542538,2
MN0602,Manhattan,2024-06,23.46875,0,0,0.04112021553674039,2
MN0602,Manhattan,2024-07,24.25,0,0,0.008013543809454543,2
MN0602,Manhattan,2024-08,22.09375,0,0,0.08202337502300538,2
MN0602,Manhattan,2024-09,28.6875,1,1,0.9610644546874988,2
MN0602,Manhattan,2024-10,30.71875,1,1,0.9881556161645177,2
MN0603,Manhattan,2024-05,31.40625,1,1,0.9375162295350437,2
MN0603,Manhattan,2024-06,23.46875,0,0,0.05367056283216519,2
MN0603,Manhattan,2024-07,24.25,0,0,0.008838238174144008,2
MN0603,Manhattan,2024-08,22.09375,0,0,0.07563929623054907,2
MN0603,Manhattan,2024-09,28.6875,1,1,0.9597806769979342,2
MN0603,Manhattan,2024-10,30.71875,1,1,0.9881682615936794,2
MN0604,Manhattan,2024-05,31.40625,1,1,0.930096397490491,2
MN0604,Manhattan,2024-06,23.46875,0,0,0.04788505810685517,2
MN0604,Manhattan,2024-07,24.25,0,0,0.007845440489671288,2
MN0604,Manhattan,2024-08,22.09375,0,0,0.0676549405479607,2
MN0604,Manhattan,2024-09,28.6875,1,1,0.9548774581120293,2
MN0604,Manhattan,2024-10,30.71875,1,1,0.9866777931108888,2
MN0701,Manhattan,2024-05,31.40625,1,1,0.9256186066605032,2
MN0701,Manhattan,2024-06,23.46875,0,0,0.028410025354109195,2
MN0701,Manhattan,2024-07,24.25,0,0,0.005730358113305573,2
MN0701,Manhattan,2024-08,22.09375,0,0,0.08125720361030843,2
MN0701,Manhattan,2024-09,28.6875,1,1,0.9547336892255924,2
MN0701,Manhattan,2024-10,30.71875,1,1,0.9851029138701809,2
MN0702,Manhattan,2024-05,31.40625,1,1,0.9277211747722538,2
MN0702,Manhattan,2024-06,23.46875,0,0,0.029276735681412504,2
MN0702,Manhattan,2024-07,24.25,0,0,0.005909383512221898,2
MN0702,Manhattan,2024-08,22.09375,0,0,0.08359741500748737,2
MN0702,Manhattan,2024-09,28.6875,1,1,0.9560523256188598,2
MN0702,Manhattan,2024-10,30.71875,1,1,0.9855502648598349,2
MN0703,Manhattan,2024-05,31.40625,1,1,0.9363542765383226,2
MN0703,Manhattan,2024-06,23.46875,0,0,0.03341428504180623,2
MN0703,Manhattan,2024-07,24.25,0,0,0.0067675533342001735,2
MN0703,Manhattan,2024-08,22.09375,0,0,0.09466322412162326,2
MN0703,Manhattan,2024-09,28.6875,1,1,0.9614421502257794,2
MN0703,Manhattan,2024-10,30.71875,1,1,0.9873701981879446,2
MN0801,Manhattan,2024-05,31.40625,1,1,0.9413123336129269,2
MN0801,Manhattan,2024-06,23.46875,0,0,0.05716185160176438,2
MN0801,Manhattan,2024-07,24.25,0,0,0.009442267422859273,2
MN0801,Manhattan,2024-08,22.09375,0,0,0.08043818719693796,2
MN0801,Manhattan,2024-09,28.6875,1,1,0.9622785634973895,2
MN0801,Manhattan,2024-10,30.71875,1,1,0.9889234379123237,2
MN0802,Manhattan,2024-05,31.40625,1,1,0.931099382632965,2
MN0802,Manhattan,2024-06,23.46875,0,0,0.048598087549105246,2
MN0802,Manhattan,2024-07,24.25,0,0,0.00796725156181515,2
MN0802,Manhattan,2024-08,22.09375,0,0,0.06864112918971005,2
MN0802,Manhattan,2024-09,28.6875,1,1,0.9555418773289986,2
MN0802,Manhattan,2024-10,30.71875,1,1,0.9868803931839887,2
MN0803,Manhattan,2024-05,31.40625,1,1,0.9442929686459542,2
MN0803,Manhattan,2024-06,23.46875,0,0,0.060215363847901715,2
MN0803,Manhattan,2024-07,24.25,0,0,0.009973626492055425,2
MN0803,Manhattan,2024-08,22.09375,0,0,0.08462349183168676,2
MN0803,Manhattan,2024-09,28.6875,1,1,0.9642348219859147,2
MN0803,Manhattan,2024-10,30.71875,1,1,0.9895129350039781,2
MN0901,Manhattan,2024-05,31.40625,1,1,0.9502236451593633,2
MN0901,Manhattan,2024-06,23.46875,0,0,0.042930604331144345,2
MN0901,Manhattan,2024-07,24.25,0,0,0.008763745138411922,2
MN0901,Manhattan,2024-08,22.09375,0,0,0.119467140714418,2
MN0901,Manhattan,2024-09,28.6875,1,1,0.9700195355038738,2
MN0901,Manhattan,2024-10,30.71875,1,1,0.9902383220020818,2
MN0902,Manhattan,2024-05,31.40625,1,1,0.9265528835155794,2
MN0902,Manhattan,2024-06,23.46875,0,0,0.04341557416370366,2
MN0902,Manhattan,2024-07,24.25,0,0,0.006205146739803289,2
MN0902,Manhattan,2024-08,22.09375,0,0,0.07774426959929576,2
MN0902,Manhattan,2024-09,28.6875,1,1,0.95495780260107,2
MN0902,Manhattan,2024-10,30.71875,1,1,0.9863794183237491,2
MN0903,Manhattan,2024-05,31.40625,1,1,0.9395838140210768,2
MN0903,Manhattan,2024-06,23.46875,0,0,0.05298649300806094,2
MN0903,Manhattan,2024-07,24.25,0,0,0.007638568010949278,2
MN0903,Manhattan,2024-08,22.09375,0,0,0.09413816879035877,2
MN0903,Manhattan,2024-09,28.6875,1,1,0.9631495860608074,2
MN0903,Manhattan,2024-10,30.71875,1,1,0.9889228684525697,2
MN1001,Manhattan,2024-05,31.40625,1,1,0.9333017160521101,2
MN1001,Manhattan,2024-06,23.46875,0,0,0.04792954156303849,2
MN1001,Manhattan,2024-07,24.25,0,0,0.0068781208943653705,2
MN1001,Manhattan,2024-08,22.09375,0,0,0.08550838346272933,2
MN1001,Manhattan,2024-09,28.6875,1,1,0.9592114920515586,2
MN1001,Manhattan,2024-10,30.71875,1,1,0.9877039253664202,2
MN1002,Manhattan,2024-05,31.40625,1,1,0.9272810294812082,2
MN1002,Manhattan,2024-06,23.46875,0,0,0.04386418075552157,2
MN1002,Manhattan,2024-07,24.25,0,0,0.0062717844692740275,2
MN1002,Manhattan,2024-08,22.09375,0,0,0.07851847381954755,2
MN1002,Manhattan,2024-09,28.6875,1,1,0.9554178952172074,2
MN1002,Manhattan,2024-10,30.71875,1,1,0.9865230781135305,2
MN1101,Manhattan,2024-05,31.40625,1,1,0.9350275912627756,2
MN1101,Manhattan,2024-06,23.46875,0,0,0.049226537707693675,2
MN1101,Manhattan,2024-07,24.25,0,0,0.007072498265202901,2
MN1101,Manhattan,2024-08,22.09375,0,0,0.08772857848673897,2
MN1101,Manhattan,2024-09,28.6875,1,1,0.9602954513992779,2
MN1101,Manhattan,2024-10,30.71875,1,1,0.9880401359507491,2
MN1102,Manhattan,2024-05,31.40625,1,1,0.9303062701050152,2
MN1102,Manhattan,2024-06,23.46875,0,0,0.04582344766383536,2
MN1102,Manhattan,2024-07,24.25,0,0,0.006563450667023164,2
MN1102,Manhattan,2024-08,22.09375,0,0,0.08189305564024771,2
MN1102,Manhattan,2024-09,28.6875,1,1,0.9573264599063934,2
MN1102,Manhattan,2024-10,30.71875,1,1,0.9871179809336249,2
MN1201,Manhattan,2024-05,31.40625,1,1,0.9286773605957763,2
MN1201,Manhattan,2024-06,23.46875,0,0,0.04474884246279856,2
MN1201,Manhattan,2024-07,24.25,0,0,0.006403352652215073,2
MN1201,Manhattan,2024-08,22.09375,0,0,0.08004354023350772,2
MN1201,Manhattan,2024-09,28.6875,1,1,0.9562994114050579,2
MN1201,Manhattan,2024-10,30.71875,1,1,0.9867980541392887,2
MN1202,Manhattan,2024-05,31.40625,1,1,0.9328342366430105,2
MN1202,Manhattan,2024-06,23.46875,0,0,0.04758911762511191,2
MN1202,Manhattan,2024-07,24.25,0,0,0.0068271775914714615,2
MN1202,Manhattan,2024-08,22.09375,0,0,0.08492486054177141,2
MN1202,Manhattan,2024-09,28.6875,1,1,0.9589176171709979,2
MN1202,Manhattan,2024-10,30.71875,1,1,0.9876126830088802,2
MN1203,Manhattan,2024-05,31.40625,1,1,0.9239660302971124,2
MN1203,Manhattan,2024-06,23.46875,0,0,0.03793779382596611,2
MN1203,Manhattan,2024-07,24.25,0,0,0.0058667102884969995,2
MN1203,Manhattan,2024-08,22.09375,0,0,0.08735116074183713,2
MN1203,Manhattan,2024-09,28.6875,1,1,0.947860354416495,2
MN1203,Manhattan,2024-10,30.71875,1,1,0.9826764684970054,2
QN0101,Queens,2024-05,17.16949152542373,0,0,7.894745887291248e-06,2
QN0101,Queens,2024-06,13.47457627118644,0,0,2.840327072217905e-08,2
QN0101,Queens,2024-07,11.59322033898305,0,0,3.907522017396287e-09,2
QN0101,Queens,2024-08,11.71186440677966,0,0,5.2754938977237044e-08,2
QN0101,Queens,2024-09,14.186440677966102,0,0,1.3267985012351571e-05,2
QN0101,Queens,2024-10,17.559322033898304,0,0,4.5318422865317905e-05,2
QN0102,Queens,2024-05,17.16949152542373,0,0,9.362026077336013e-06,2
QN0102,Queens,2024-06,13.47457627118644,0,0,3.538800912951632e-08,2
QN0102,Queens,2024-07,11.59322033898305,0,0,5.563953676074167e-09,2
QN0102,Queens,2024-08,11.71186440677966,0,0,5.1058532546485505e-08,2
QN0102,Queens,2024-09,14.186440677966102,0,0,1.4889946097787364e-05,2
QN0102,Queens,2024-10,17.559322033898304,0,0,5.211011795600039e-05,2
QN0103,Queens,2024-05,17.16949152542373,0,0,8.399132621947817e-06,2
QN0103,Queens,2024-06,13.47457627118644,0,0,3.1748287638828314e-08,2
QN0103,Queens,2024-07,11.59322033898305,0,0,4.991690844454094e-09,2
QN0103,Queens,2024-08,11.71186440677966,0,0,4.580706912282658e-08,2
QN0103,Queens,2024-09,14.186440677966102,0,0,1.3358508305914104e-05,2
QN0103,Queens,2024-10,17.559322033898304,0,0,4.675074737112577e-05,2
QN0104,Queens,2024-05,17.16949152542373,0,0,8.081222276614579e-06,2
QN0104,Queens,2024-06,13.47457627118644,0,0,3.0546593273671026e-08,2
QN0104,Queens,2024-07,11.59322033898305,0,0,4.8027519327543145e-09,2
QN0104,Queens,2024-08,11.71186440677966,0,0,4.407324030248526e-08,2
QN0104,Queens,2024-09,14.186440677966102,0,0,1.2852886128563428e-05,2
QN0104,Queens,2024-10,17.559322033898304,0,0,4.498127920374955e-05,2
QN0105,Queens,2024-05,17.16949152542373,0,0,1.0180452060836207e-05,2
QN0105,Queens,2024-06,13.47457627118644,0,0,3.848165143259826e-08,2
QN0105,Queens,2024-07,11.59322033898305,0,0,6.050358066892822e-09,2
QN0105,Queens,2024-08,11.71186440677966,0,0,5.5522101913989044e-08,2
QN0105,Queens,2024-09,14.186440677966102,0,0,1.61916136453891e-05,2
QN0105,Queens,2024-10,17.559322033898304,0,0,5.666535970227204e-05,2
QN0201,Queens,2024-05,17.16949152542373,0,0,5.9922822885611715e-06,2
QN0201,Queens,2024-06,13.47457627118644,0,0,2.2650463340787014e-08,2
QN0201,Queens,2024-07,11.59322033898305,0,0,3.56126638703071e-09,2
QN0201,Queens,2024-08,11.71186440677966,0,0,3.2680545039113636e-08,2
QN0201,Queens,2024-09,14.186440677966102,0,0,9.530515838703624e-06,2
QN0201,Queens,2024-10,17.559322033898304,0,0,3.3354248218434054e-05,2
QN0202,Queens,2024-05,17.16949152542373,0,0,9.625228323132116e-06,2
QN0202,Queens,2024-06,13.47457627118644,0,0,3.6382910523030537e-08,2
QN0202,Queens,2024-07,11.59322033898305,0,0,5.7203791312403545e-09,2
QN0202,Queens,2024-08,11.71186440677966,0,0,5.249399629854228e-08,2
QN0202,Queens,2024-09,14.186440677966102,0,0,1.5308556871436726e-05,2
QN0202,Queens,2024-10,17.559322033898304,0,0,5.3575067654024955e-05,2
QN0203,Queens,2024-05,17.16949152542373,0,0,9.117440255313882e-06,2
QN0203,Queens,2024-06,13.47457627118644,0,0,3.446347806661049e-08,2
QN0203,Queens,2024-07,11.59322033898305,0,0,5.418592343745977e-09,2
QN0203,Queens,2024-08,11.71186440677966,0,0,4.972460052243622e-08,2
QN0203,Queens,2024-09,14.186440677966102,0,0,1.4500943752577916e-05,2
QN0203,Queens,2024-10,17.559322033898304,0,0,5.074878171127228e-05,2
QN0301,Queens,2024-05,17.16949152542373,0,0,7.574662590887972e-06,2
QN0301,Queens,2024-06,13.47457627118644,0,0,2.8631809974218647e-08,2
QN0301,Queens,2024-07,11.59322033898305,0,0,4.50169612166054e-09,2
QN0301,Queens,2024-08,11.71186440677966,0,0,4.131055240934069e-08,2
QN0301,Queens,2024-09,14.186440677966102,0,0,1.204722522540646e-05,2
QN0301,Queens,2024-10,17.559322033898304,0,0,4.216179054483911e-05,2
QN0302,Queens,2024-05,17.16949152542373,0,0,1.0476328810047887e-05,2
QN0302,Queens,2024-06,13.47457627118644,0,0,3.769124086319778e-08,2
QN0302,Queens,2024-07,11.59322033898305,0,0,5.185295600505019e-09,2
QN0302,Queens,2024-08,11.71186440677966,0,0,7.000599034279119e-08,2
QN0302,Queens,2024-09,14.186440677966102,0,0,1.7606586885703864e-05,2
QN0302,Queens,2024-10,17.559322033898304,0,0,6.0136817050757924e-05,2
QN0303,Queens,2024-05,17.16949152542373,0,0,8.958500714777596e-06,2
QN0303,Queens,2024-06,13.47457627118644,0,0,3.3862689018158395e-08,2
QN0303,Queens,2024-07,11.59322033898305,0,0,5.324132027675686e-09,2
QN0303,Queens,2024-08,11.71186440677966,0,0,4.885776999166879e-08,2
QN0303,Queens,2024-09,14.186440677966102,0,0,1.424815776426675e-05,2
QN0303,Queens,2024-10,17.559322033898304,0,0,4.98641410802681e-05,2
QN0401,Queens,2024-05,17.16949152542373,0,0,9.018277173510757e-06,2
QN0401,Queens,2024-06,13.47457627118644,0,0,3.408864310166173e-08,2
QN0401,Queens,2024-07,11.59322033898305,0,0,5.359658131544175e-09,2
QN0401,Queens,2024-08,11.71186440677966,0,0,4.918378109102124e-08,2
QN0401,Queens,2024-09,14.186440677966102,0,0,1.4343229462803122e-05,2
QN0401,Queens,2024-10,17.559322033898304,0,0,5.0196850662405945e-05,2
QN0402,Queens,2024-05,17.16949152542373,0,0,1.0740491454806515e-05,2
QN0402,Queens,2024-06,13.47457627118644,0,0,4.059859783310637e-08,2
QN0402,Queens,2024-07,11.59322033898305,0,0,6.38319940017522e-09,2
QN0402,Queens,2024-08,11.71186440677966,0,0,5.857647477239545e-08,2
QN0402,Queens,2024-09,14.186440677966102,0,0,1.7082328903527775e-05,2
QN0402,Queens,2024-10,17.559322033898304,0,0,5.978243909740778e-05,2
QN0501,Queens,2024-05,17.16949152542373,0,0,9.590154913454854e-06,2
QN0501,Queens,2024-06,13.47457627118644,0,0,3.625033341682795e-08,2
QN0501,Queens,2024-07,11.59322033898305,0,0,5.699534418053077e-09,2
QN0501,Queens,2024-08,11.71186440677966,0,0,5.2302711381791564e-08,2
QN0501,Queens,2024-09,14.186440677966102,0,0,1.5252774273011754e-05,2
QN0501,Queens,2024-10,17.559322033898304,0,0,5.337985379010795e-05,2
QN0502,Queens,2024-05,17.16949152542373,0,0,6.969004798132475e-06,2
QN0502,Queens,2024-06,13.47457627118644,0,0,2.6342440775578015e-08,2
QN0502,Queens,2024-07,11.59322033898305,0,0,4.141745259991263e-09,2
QN0502,Queens,2024-08,11.71186440677966,0,0,3.8007404433480315e-08,2
QN0502,Queens,2024-09,14.186440677966102,0,0,1.108395250845174e-05,2
QN0502,Queens,2024-10,17.559322033898304,0,0,3.879070911367311e-05,2
QN0503,Queens,2024-05,17.16949152542373,0,0,1.0836702936609132e-05,2
QN0503,Queens,2024-06,13.47457627118644,0,0,4.096227704110538e-08,2
QN0503,Queens,2024-07,11.59322033898305,0,0,6.440379625759338e-09,2
QN0503,Queens,2024-08,11.71186440677966,0,0,5.910119845013836e-08,2
QN0503,Queens,2024-09,14.186440677966102,0,0,1.7235348499229898e-05,2
QN0503,Queens,2024-10,17.559322033898304,0,0,6.0317933443121516e-05,2
QN0504,Queens,2024-05,17.16949152542373,0,0,9.940255240923535e-06,2
QN0504,Queens,2024-06,13.47457627118644,0,0,3.75737092531209e-08,2
QN0504,Queens,2024-07,11.59322033898305,0,0,5.907604955752342e-09,2
QN0504,Queens,2024-08,11.71186440677966,0,0,5.421210466840587e-08,2
QN0504,Queens,2024-09,14.186440677966102,0,0,1.5809592173598207e-05,2
QN0504,Queens,2024-10,17.559322033898304,0,0,5.532846215188468e-05,2
QN0601,Queens,2024-05,17.16949152542373,0,0,1.2128491446111302e-05,2
QN0601,Queens,2024-06,13.47457627118644,0,0,4.584524176482362e-08,2
QN0601,Queens,2024-07,11.59322033898305,0,0,7.208113990317359e-09,2
QN0601,Queens,2024-08,11.71186440677966,0,0,6.614643817187518e-08,2
QN0601,Queens,2024-09,14.186440677966102,0,0,1.9289872447412628e-05,2
QN0601,Queens,2024-10,17.559322033898304,0,0,6.75077308106291e-05,2
QN0602,Queens,2024-05,17.16949152542373,0,0,7.205961868365714e-06,2
QN0602,Queens,2024-06,13.47457627118644,0,0,2.1734470263070446e-08,2
QN0602,Queens,2024-07,11.59322033898305,0,0,4.3868271026961854e-09,2
QN0602,Queens,2024-08,11.71186440677966,0,0,3.4979890142920356e-08,2
QN0602,Queens,2024-09,14.186440677966102,0,0,8.769545844735844e-06,2
QN0602,Queens,2024-10,17.559322033898304,0,0,3.202874747582029e-05,2
QN0701,Queens,2024-05,17.16949152542373,0,0,7.793470946722576e-06,2
QN0701,Queens,2024-06,13.47457627118644,0,0,2.8038906633308036e-08,2
QN0701,Queens,2024-07,11.59322033898305,0,0,3.857395370082781e-09,2
QN0701,Queens,2024-08,11.71186440677966,0,0,5.2078185761038114e-08,2
QN0701,Queens,2024-09,14.186440677966102,0,0,1.3097782286989617e-05,2
QN0701,Queens,2024-10,17.559322033898304,0,0,4.473709306834382e-05,2
QN0702,Queens,2024-05,17.16949152542373,0,0,6.948371497671101e-06,2
QN0702,Queens,2024-06,13.47457627118644,0,0,2.379411244034615e-08,2
QN0702,Queens,2024-07,11.59322033898305,0,0,3.888754702269947e-09,2
QN0702,Queens,2024-08,11.71186440677966,0,0,4.346645477196896e-08,2
QN0702,Queens,2024-09,14.186440677966102,0,0,8.449316472621944e-06,2
QN0702,Queens,2024-10,17.559322033898304,0,0,2.7852242673287644e-05,2
QN0703,Queens,2024-05,17.16949152542373,0,0,1.341494897198841e-05,2
QN0703,Queens,2024-06,13.47457627118644,0,0,4.593865791401978e-08,2
QN0703,Queens,2024-07,11.59322033898305,0,0,7.507915066655411e-09,2
QN0703,Queens,2024-08,11.71186440677966,0,0,8.391952273708612e-08,2
QN0703,Queens,2024-09,14.186440677966102,0,0,1.6312741918620465e-05,2
QN0703,Queens,2024-10,17.559322033898304,0,0,5.377218900225413e-05,2
QN0704,Queens,2024-05,17.16949152542373,0,0,7.156651268164104e-06,2
QN0704,Queens,2024-06,13.47457627118644,0,0,2.158573960916155e-08,2
QN0704,Queens,2024-07,11.59322033898305,0,0,4.3568077064600304e-09,2
QN0704,Queens,2024-08,11.71186440677966,0,0,3.474052006381537e-08,2
QN0704,Queens,2024-09,14.186440677966102,0,0,8.70953568849608e-06,2
QN0704,Queens,2024-10,17.559322033898304,0,0,3.1809579257261684e-05,2
QN0705,Queens,2024-05,17.16949152542373,0,0,1.400103895868575e-05,2
QN0705,Queens,2024-06,13.47457627118644,0,0,4.222992461348574e-08,2
QN0705,Queens,2024-07,11.59322033898305,0,0,8.523574700809081e-09,2
QN0705,Queens,2024-08,11.71186440677966,0,0,6.796568250309633e-08,2
QN0705,Queens,2024-09,14.186440677966102,0,0,1.7039026049492293e-05,2
QN0705,Queens,2024-10,17.559322033898304,0,0,6.222975542465133e-05,2
QN0706,Queens,2024-05,17.16949152542373,0,0,1.4667439564146148e-05,2
QN0706,Queens,2024-06,13.47457627118644,0,0,4.423995107986644e-08,2
QN0706,Queens,2024-07,11.59322033898305,0,0,8.929273065146018e-09,2
QN0706,Queens,2024-08,11.71186440677966,0,0,7.120065907963625e-08,2
QN0706,Queens,2024-09,14.186440677966102,0,0,1.7850021659973386e-05,2
QN0706,Queens,2024-10,17.559322033898304,0,0,6.519152501568949e-05,2
QN0707,Queens,2024-05,17.16949152542373,0,0,1.4110069901807582e-05,2
QN0707,Queens,2024-06,13.47457627118644,0,0,4.255878829960768e-08,2
QN0707,Queens,2024-07,11.59322033898305,0,0,8.589951667282941e-09,2
QN0707,Queens,2024-08,11.71186440677966,0,0,6.849496226152914e-08,2
QN0707,Queens,2024-09,14.186440677966102,0,0,1.717171444480281e-05,2
QN0707,Queens,2024-10,17.559322033898304,0,0,6.271433654474668e-05,2
QN0801,Queens,2024-05,17.16949152542373,0,0,1.201027356909231e-05,2
QN0801,Queens,2024-06,13.47457627118644,0,0,3.622530743882164e-08,2
QN0801,Queens,2024-07,11.59322033898305,0,0,7.311618842817984e-09,2
QN0801,Queens,2024-08,11.71186440677966,0,0,5.830173213682052e-08,2
QN0801,Queens,2024-09,14.186440677966102,0,0,1.4616304776283206e-05,2
QN0801,Queens,2024-10,17.559322033898304,0,0,5.3381860758144695e-05,2
QN0802,Queens,2024-05,17.16949152542373,0,0,1.1646516785018006e-05,2
QN0802,Queens,2024-06,13.47457627118644,0,0,3.5128133900880944e-08,2
QN0802,Queens,2024-07,11.59322033898305,0,0,7.090168273976842e-09,2
QN0802,Queens,2024-08,11.71186440677966,0,0,5.653591920465254e-08,2
QN0802,Queens,2024-09,14.186440677966102,0,0,1.4173619890408064e-05,2
QN0802,Queens,2024-10,17.559322033898304,0,0,5.1765141967145996e-05,2
QN0803,Queens,2024-05,17.16949152542373,0,0,1.6247304219954782e-05,2
QN0803,Queens,2024-06,13.47457627118644,0,0,4.900521818380816e-08,2
QN0803,Queens,2024-07,11.59322033898305,0,0,9.891081833581545e-09,2
QN0803,Queens,2024-08,11.71186440677966,0,0,7.88699747112431e-08,2
QN0803,Queens,2024-09,14.186440677966102,0,0,1.9772682993139455e-05,2
QN0803,Queens,2024-10,17.559322033898304,0,0,7.221306558934119e-05,2
QN0804,Queens,2024-05,17.16949152542373,0,0,1.5117246939596537e-05,2
QN0804,Queens,2024-06,13.47457627118644,0,0,4.5596681143108826e-08,2
QN0804,Queens,2024-07,11.59322033898305,0,0,9.203111832042653e-09,2
QN0804,Queens,2024-08,11.71186440677966,0,0,7.338420742573086e-08,2
QN0804,Queens,2024-09,14.186440677966102,0,0,1.8397427703290458e-05,2
QN0804,Queens,2024-10,17.559322033898304,0,0,6.719065387770682e-05,2
QN0805,Queens,2024-05,17.16949152542373,0,0,1.4491155671166047e-05,2
QN0805,Queens,2024-06,13.47457627118644,0,0,4.370823568115951e-08,2
QN0805,Queens,2024-07,11.59322033898305,0,0,8.821953051499075e-09,2
QN0805,Queens,2024-08,11.71186440677966,0,0,7.034490574134808e-08,2
QN0805,Queens,2024-09,14.186440677966102,0,0,1.7635487868992732e-05,2
QN0805,Queens,2024-10,17.559322033898304,0,0,6.440804524712898e-05,2
QN0901,Queens,2024-05,17.16949152542373,0,0,3.4732240333715716e-05,2
QN0901,Queens,2024-06,13.47457627118644,0,0,9.650966008215442e-08,2
QN0901,Queens,2024-07,11.59322033898305,0,0,2.2476039568064365e-08,2
QN0901,Queens,2024-08,11.71186440677966,0,0,2.1832694022989296e-07,2
QN0901,Queens,2024-09,14.186440677966102,0,0,3.517975327951513e-05,2
QN0901,Queens,2024-10,17.559322033898304,0,0,0.00012858512985598617,2
QN0902,Queens,2024-05,17.16949152542373,0,0,1.645703021082514e-05,2
QN0902,Queens,2024-06,13.47457627118644,0,0,4.572792974754793e-08,2
QN0902,Queens,2024-07,11.59322033898305,0,0,1.0649532051601256e-08,2
QN0902,Queens,2024-08,11.71186440677966,0,0,1.0344704992499282e-07,2
QN0902,Queens,2024-09,14.186440677966102,0,0,1.6669077298170932e-05,2
QN0902,Queens,2024-10,17.559322033898304,0,0,6.092995602699895e-05,2
QN0903,Queens,2024-05,17.16949152542373,0,0,3.0550267971299546e-05,2
QN0903,Queens,2024-06,13.47457627118644,0,0,8.488895771695594e-08,2
QN0903,Queens,2024-07,11.59322033898305,0,0,1.976970547720869e-08,2
QN0903,Queens,2024-08,11.71186440677966,0,0,1.9203825455110736e-07,2
QN0903,Queens,2024-09,14.186440677966102,0,0,3.094389931199466e-05,2
QN0903,Queens,2024-10,17.559322033898304,0,0,0.00011310397861537624,2
QN0904,Queens,2024-05,17.16949152542373,0,0,3.1860052099781246e-05,2
QN0904,Queens,2024-06,13.47457627118644,0,0,8.852852455392469e-08,2
QN0904,Queens,2024-07,11.59322033898305,0,0,2.0617320658889057e-08,2
QN0904,Queens,2024-08,11.71186440677966,0,0,2.00271786960854e-07,2
QN0904,Queens,2024-09,14.186440677966102,0,0,3.227055908440499e-05,2
QN0904,Queens,2024-10,17.559322033898304,0,0,0.00011795267722172715,2
QN0905,Queens,2024-05,17.16949152542373,0,0,2.560505650043407e-05,2
QN0905,Queens,2024-06,13.47457627118644,0,0,7.114752123926455e-08,2
QN0905,Queens,2024-07,11.59322033898305,0,0,1.656947574025708e-08,2
QN0905,Queens,2024-08,11.71186440677966,0,0,1.6095198243528977e-07,2
QN0905,Queens,2024-09,14.186440677966102,0,0,2.593497187841419e-05,2
QN0905,Queens,2024-10,17.559322033898304,0,0,9.479695782735823e-05,2
QN1001,Queens,2024-05,17.16949152542373,0,0,1.0797024665277025e-05,2
QN1001,Queens,2024-06,13.47457627118644,0,0,3.000072262714353e-08,2
QN1001,Queens,2024-07,11.59322033898305,0,0,6.986838352365202e-09,2
QN1001,Queens,2024-08,11.71186440677966,0,0,6.786850684336423e-08,2
QN1001,Queens,2024-09,14.186440677966102,0,0,1.0936143979550877e-05,2
QN1001,Queens,2024-10,17.559322033898304,0,0,3.9975153004001554e-05,2
QN1002,Queens,2024-05,17.16949152542373,0,0,1.8545332489829556e-05,2
QN1002,Queens,2024-06,13.47457627118644,0,0,5.153064778097519e-08,2
QN1002,Queens,2024-07,11.59322033898305,0,0,1.200092133310469e-08,2
QN1002,Queens,2024-08,11.71186440677966,0,0,1.1657412622988239e-07,2
QN1002,Queens,2024-09,14.186440677966102,0,0,1.8784286624918646e-05,2
QN1002,Queens,2024-10,17.559322033898304,0,0,6.866122877351815e-05,2
QN1003,Queens,2024-05,17.16949152542373,0,0,1.362156893304545e-05,2
QN1003,Queens,2024-06,13.47457627118644,0,0,3.784913668846087e-08,2
QN1003,Queens,2024-07,11.59322033898305,0,0,8.814647723575612e-09,2
QN1003,Queens,2024-08,11.71186440677966,0,0,8.5623416436798e-08,2
QN1003,Queens,2024-09,14.186440677966102,0,0,1.3797081906891844e-05,2
QN1003,Queens,2024-10,17.559322033898304,0,0,5.0432425849246695e-05,2
QN1101,Queens,2024-05,17.16949152542373,0,0,6.8043695629147405e-06,2
QN1101,Queens,2024-06,13.47457627118644,0,0,2.0523187801041223e-08,2
QN1101,Queens,2024-07,11.59322033898305,0,0,4.142345099860275e-09,2
QN1101,Queens,2024-08,11.71186440677966,0,0,3.3030428002318636e-08,2
QN1101,Queens,2024-09,14.186440677966102,0,0,8.280814846969657e-06,2
QN1101,Queens,2024-10,17.559322033898304,0,0,3.024380921460395e-05,2
QN1102,Queens,2024-05,17.16949152542373,0,0,6.900991906976947e-06,2
QN1102,Queens,2024-06,13.47457627118644,0,0,2.0814619966520423e-08,2
QN1102,Queens,2024-07,11.59322033898305,0,0,4.201166986322252e-09,2
QN1102,Queens,2024-08,11.71186440677966,0,0,3.349946473923475e-08,2
QN1102,Queens,2024-09,14.186440677966102,0,0,8.398402602272656e-06,2
QN1102,Queens,2024-10,17.559322033898304,0,0,3.0673262412905264e-05,2
QN1103,Queens,2024-05,17.16949152542373,0,0,6.670159676244567e-06,2
QN1103,Queens,2024-06,13.47457627118644,0,0,2.2841393178327936e-08,2
QN1103,Queens,2024-07,11.59322033898305,0,0,3.7330484707305565e-09,2
QN1103,Queens,2024-08,11.71186440677966,0,0,4.172605247561597e-08,2
QN1103,Queens,2024-09,14.186440677966102,0,0,8.111007512109117e-06,2
QN1103,Queens,2024-10,17.559322033898304,0,0,2.6737065157000968e-05,2
QN1104,Queens,2024-05,17.16949152542373,0,0,1.2439694465839562e-05,2
QN1104,Queens,2024-06,13.47457627118644,0,0,3.752053996164965e-08,2
QN1104,Queens,2024-07,11.59322033898305,0,0,7.573045107297441e-09,2
QN1104,Queens,2024-08,11.71186440677966,0,0,6.038630513876572e-08,2
QN1104,Queens,2024-09,14.186440677966102,0,0,1.513890151199832e-05,2
QN1104,Queens,2024-10,17.559322033898304,0,0,5.5290418801663184e-05,2
QN1201,Queens,2024-05,17.16949152542373,0,0,8.51615442845651e-06,2
QN1201,Queens,2024-06,13.47457627118644,0,0,2.5686278992551677e-08,2
QN1201,Queens,2024-07,11.59322033898305,0,0,5.1844495791010325e-09,2
QN1201,Queens,2024-08,11.71186440677966,0,0,4.1340009869145825e-08,2
QN1201,Queens,2024-09,14.186440677966102,0,0,1.0364027289292126e-05,2
QN1201,Queens,2024-10,17.559322033898304,0,0,3.7852063829819105e-05,2
QN1202,Queens,2024-05,17.16949152542373,0,0,1.5423347237837277e-05,2
QN1202,Queens,2024-06,13.47457627118644,0,0,4.2855667329385285e-08,2
QN1202,Queens,2024-07,11.59322033898305,0,0,9.98061369344918e-09,2
QN1202,Queens,2024-08,11.71186440677966,0,0,9.694933486688679e-08,2
QN1202,Queens,2024-09,14.186440677966102,0,0,1.562207563787422e-05,2
QN1202,Queens,2024-10,17.559322033898304,0,0,5.710304241248943e-05,2
QN1203,Queens,2024-05,17.16949152542373,0,0,1.3233929251698452e-05,2
QN1203,Queens,2024-06,13.47457627118644,0,0,3.6772019875686526e-08,2
QN1203,Queens,2024-07,11.59322033898305,0,0,8.56379905540873e-09,2
QN1203,Queens,2024-08,11.71186440677966,0,0,8.318673160856231e-08,2
QN1203,Queens,2024-09,14.186440677966102,0,0,1.340444758200607e-05,2
QN1203,Queens,2024-10,17.559322033898304,0,0,4.899728204070204e-05,2
QN1204,Queens,2024-05,17.16949152542373,0,0,1.70832636867933e-05,2
QN1204,Queens,2024-06,13.47457627118644,0,0,4.7468027923178434e-08,2
QN1204,Queens,2024-07,11.59322033898305,0,0,1.1054781798777618e-08,2
QN1204,Queens,2024-08,11.71186440677966,0,0,1.0738355028827895e-07,2
QN1204,Queens,2024-09,14.186440677966102,0,0,1.7303379586379527e-05,2
QN1204,Queens,2024-10,17.559322033898304,0,0,6.324839478176183e-05,2
QN1205,Queens,2024-05,17.16949152542373,0,0,7.653501914338942e-06,2
QN1205,Queens,2024-06,13.47457627118644,0,0,2.308434141426678e-08,2
QN1205,Queens,2024-07,11.59322033898305,0,0,4.659281475342396e-09,2
QN1205,Queens,2024-08,11.71186440677966,0,0,3.715239967916173e-08,2
QN1205,Queens,2024-09,14.186440677966102,0,0,9.314194360007532e-06,2
QN1205,Queens,2024-10,17.559322033898304,0,0,3.401790166030779e-05,2
QN1206,Queens,2024-05,17.16949152542373,0,0,1.4931783008051634e-05,2
QN1206,Queens,2024-06,13.47457627118644,0,0,4.503727600299124e-08,2
QN1206,Queens,2024-07,11.59322033898305,0,0,9.090202994822055e-09,2
QN1206,Queens,2024-08,11.71186440677966,0,0,7.24838896683517e-08,2
QN1206,Queens,2024-09,14.186440677966102,0,0,1.8171722042016972e-05,2
QN1206,Queens,2024-10,17.559322033898304,0,0,6.636637668476263e-05,2
QN1301,Queens,2024-05,17.16949152542373,0,0,9.271786726015949e-06,2
QN1301,Queens,2024-06,13.47457627118644,0,0,2.0599357586859895e-08,2
QN1301,Queens,2024-07,11.59322033898305,0,0,4.9333841406663565e-09,2
QN1301,Queens,2024-08,11.71186440677966,0,0,4.1891280917063664e-08,2
QN1301,Queens,2024-09,14.186440677966102,0,0,9.835217415146455e-06,2
QN1301,Queens,2024-10,17.559322033898304,0,0,3.49428241197184e-05,2
QN1302,Queens,2024-05,17.16949152542373,0,0,1.0113421417738804e-05,2
QN1302,Queens,2024-06,13.47457627118644,0,0,3.050397687973025e-08,2
QN1302,Queens,2024-07,11.59322033898305,0,0,6.156840807849374e-09,2
QN1302,Queens,2024-08,11.71186440677966,0,0,4.90937088209433e-08,2
QN1302,Queens,2024-09,14.186440677966102,0,0,1.2307872070021821e-05,2
QN1302,Queens,2024-10,17.559322033898304,0,0,4.4951247649036624e-05,2
QN1303,Queens,2024-05,17.16949152542373,0,0,8.766169969681096e-06,2
QN1303,Queens,2024-06,13.47457627118644,0,0,2.644037817253765e-08,2
QN1303,Queens,2024-07,11.59322033898305,0,0,5.336654935895579e-09,2
QN1303,Queens,2024-08,11.71186440677966,0,0,4.2553672114644725e-08,2
QN1303,Queens,2024-09,14.186440677966102,0,0,1.0668291729892264e-05,2
QN1303,Queens,2024-10,17.559322033898304,0,0,3.8963283515693106e-05,2
QN1304,Queens,2024-05,17.16949152542373,0,0,1.7305323168777137e-05,2
QN1304,Queens,2024-06,13.47457627118644,0,0,4.973853706637448e-08,2
QN1304,Queens,2024-07,11.59322033898305,0,0,1.1380735434424912e-08,2
QN1304,Queens,2024-08,11.71186440677966,0,0,1.2345535528078494e-07,2
QN1304,Queens,2024-09,14.186440677966102,0,0,1.959713935495408e-05,2
QN1304,Queens,2024-10,17.559322033898304,0,0,6.183218255229315e-05,2
QN1305,Queens,2024-05,17.16949152542373,0,0,1.2954326225438144e-05,2
QN1305,Queens,2024-06,13.47457627118644,0,0,3.723284641359807e-08,2
QN1305,Queens,2024-07,11.59322033898305,0,0,8.51929299512058e-09,2
QN1305,Queens,2024-08,11.71186440677966,0,0,9.24151500710063e-08,2
QN1305,Queens,2024-09,14.186440677966102,0,0,1.4669930176972498e-05,2
QN1305,Queens,2024-10,17.559322033898304,0,0,4.6286522576473736e-05,2
QN1306,Queens,2024-05,17.16949152542373,0,0,1.2332331352725899e-05,2
QN1306,Queens,2024-06,13.47457627118644,0,0,3.426679387967438e-08,2
QN1306,Queens,2024-07,11.59322033898305,0,0,7.980359455008224e-09,2
QN1306,Queens,2024-08,11.71186440677966,0,0,7.751933682743006e-08,2
QN1306,Queens,2024-09,14.186440677966102,0,0,1.24912327969974e-05,2
QN1306,Queens,2024-10,17.559322033898304,0,0,4.565931842936039e-05,2
QN1307,Queens,2024-05,17.16949152542373,0,0,1.0711740650625315e-05,2
QN1307,Queens,2024-06,13.47457627118644,0,0,3.0787220861994216e-08,2
QN1307,Queens,2024-07,11.59322033898305,0,0,7.044461516894927e-09,2
QN1307,Queens,2024-08,11.71186440677966,0,0,7.641654983357582e-08,2
QN1307,Queens,2024-09,14.186440677966102,0,0,1.2130351772423354e-05,2
QN1307,Queens,2024-10,17.559322033898304,0,0,3.8273861399651354e-05,2
QN1401,Queens,2024-05,17.16949152542373,0,0,1.053676654478994e-05,2
QN1401,Queens,2024-06,13.47457627118644,0,0,2.9252883970599096e-08,2
QN1401,Queens,2024-07,11.59322033898305,0,0,6.804194328688652e-09,2
QN1401,Queens,2024-08,11.71186440677966,0,0,6.599473497923264e-08,2
QN1401,Queens,2024-09,14.186440677966102,0,0,1.0636709391532244e-05,2
QN1401,Queens,2024-10,17.559322033898304,0,0,3.880396439101975e-05,2
QN1402,Queens,2024-05,17.16949152542373,0,0,8.251624017117006e-06,2
QN1402,Queens,2024-06,13.47457627118644,0,0,2.2908664517345512e-08,2
QN1402,Queens,2024-07,11.59322033898305,0,0,5.328534601392813e-09,2
QN1402,Queens,2024-08,11.71186440677966,0,0,5.1682126696187907e-08,2
QN1402,Queens,2024-09,14.186440677966102,0,0,8.329892117054821e-06,2
QN1402,Queens,2024-10,17.559322033898304,0,0,3.0388609838439202e-05,2
QN1403,Queens,2024-05,17.16949152542373,0,0,1.2633392342409133e-05,2
QN1403,Queens,2024-06,13.47457627118644,0,0,3.709732293968999e-08,2
QN1403,Queens,2024-07,11.59322033898305,0,0,8.09098587642206e-09,2
QN1403,Queens,2024-08,11.71186440677966,0,0,8.35845476655331e-08,2
QN1403,Queens,2024-09,14.186440677966102,0,0,1.2666897422522107e-05,2
QN1403,Queens,2024-10,17.559322033898304,0,0,4.0842986190158114e-05,2
SI0101,Staten Island,2024-05,31.375,1,1,0.5996184794066237,2
SI0101,Staten Island,2024-06,26.875,0,0,0.00426992035187496,2
SI0101,Staten Island,2024-07,27.75,1,0,0.0008773543919604084,2
SI0101,Staten Island,2024-08,25.5625,0,0,0.012104879676328322,2
SI0101,Staten Island,2024-09,27.0,0,1,0.6474945416643242,2
SI0101,Staten Island,2024-10,28.0,1,1,0.8519993926291026,2
SI0102,Staten Island,2024-05,31.375,1,1,0.550139246169048,2
SI0102,Staten Island,2024-06,26.875,0,0,0.003482064473125287,2
SI0102,Staten Island,2024-07,27.75,1,0,0.0007147120479706306,2
SI0102,Staten Island,2024-08,25.5625,0,0,0.00990990493047724,2
SI0102,Staten Island,2024-09,27.0,0,1,0.6002531782205313,2
SI0102,Staten Island,2024-10,28.0,1,1,0.8241822784883345,2
SI0103,Staten Island,2024-05,31.375,1,1,0.5200643693207111,2
SI0103,Staten Island,2024-06,26.875,0,0,0.003086659204148321,2
SI0103,Staten Island,2024-07,27.75,1,0,0.0006333533124105695,2
SI0103,Staten Island,2024-08,25.5625,0,0,0.00879102637669932,2
SI0103,Staten Island,2024-09,27.0,0,1,0.5709155152104005,2
SI0103,Staten Island,2024-10,28.0,1,1,0.8059664773397442,2
SI0104,Staten Island,2024-05,31.375,1,1,0.5623026867236866,2
SI0104,Staten Island,2024-06,26.875,0,0,0.0036573134429223743,2
SI0104,Staten Island,2024-07,27.75,1,0,0.0007507877545417783,2
SI0104,Staten Island,2024-08,25.5625,0,0,0.010405283009212113,2
SI0104,Staten Island,2024-09,27.0,0,1,0.6120172275915681,2
SI0104,Staten Island,2024-10,28.0,1,1,0.8312094620413539,2
SI0105,Staten Island,2024-05,31.375,1,1,0.5154356959990365,2
SI0105,Staten Island,2024-06,26.875,0,0,0.0030301370474895093,2
SI0105,Staten Island,2024-07,27.75,1,0,0.0006217274825881451,2
SI0105,Staten Island,2024-08,25.5625,0,0,0.008630951582981614,2
SI0105,Staten Island,2024-09,27.0,0,1,0.566368348972033,2
SI0105,Staten Island,2024-10,28.0,1,1,0.8030509379894014,2
SI0106,Staten Island,2024-05,31.375,1,1,0.5836130516858032,2
SI0106,Staten Island,2024-06,26.875,0,0,0.003988864179591388,2
SI0106,Staten Island,2024-07,27.75,1,0,0.0008190664067418989,2
SI0106,Staten Island,2024-08,25.5625,0,0,0.011341601882672898,2
SI0106,Staten Island,2024-09,27.0,0,1,0.6324890967087363,2
SI0106,Staten Island,2024-10,28.0,1,1,0.8430810672310025,2
SI0107,Staten Island,2024-05,31.375,1,0,0.4554945951334764,2
SI0107,Staten Island,2024-06,26.875,0,0,0.0018980317845214408,2
SI0107,Staten Island,2024-07,27.75,1,0,0.00040863865188860734,2
SI0107,Staten Island,2024-08,25.5625,0,0,0.0069181451842820684,2
SI0107,Staten Island,2024-09,27.0,0,1,0.5367355752612912,2
SI0107,Staten Island,2024-10,28.0,1,1,0.8097262248199615,2
SI0201,Staten Island,2024-05,31.375,1,1,0.5333328205526116,2
SI0201,Staten Island,2024-06,26.875,0,0,0.003254860246427549,2
SI0201,Staten Island,2024-07,27.75,1,0,0.000667956151533453,2
SI0201,Staten Island,2024-08,25.5625,0,0,0.00926718538479827,2
SI0201,Staten Island,2024-09,27.0,0,1,0.5839029203152187,2
SI0201,Staten Island,2024-10,28.0,1,1,0.8141553282943755,2
SI0202,Staten Island,2024-05,31.375,1,1,0.5386935517448701,2
SI0202,Staten Island,2024-06,26.875,0,0,0.0033255443685464613,2
SI0202,Staten Island,2024-07,27.75,1,0,0.000682500277971782,2
SI0202,Staten Island,2024-08,25.5625,0,0,0.009467195936915713,2
SI0202,Staten Island,2024-09,27.0,0,1,0.58913026329152,2
SI0202,Staten Island,2024-10,28.0,1,1,0.8173946711120228,2
SI0203,Staten Island,2024-05,31.375,1,1,0.5254989336751754,2
SI0203,Staten Island,2024-06,26.875,0,0,0.00315442132834605,2
SI0203,Staten Island,2024-07,27.75,1,0,0.0006472924300218194,2
SI0203,Staten Island,2024-08,25.5625,0,0,0.008982889353720106,2
SI0203,Staten Island,2024-09,27.0,0,1,0.5762434477195314,2
SI0203,Staten Island,2024-10,28.0,1,1,0.8093504221337483,2
SI0204,Staten Island,2024-05,31.375,1,0,0.4506239497372198,2
SI0204,Staten Island,2024-06,26.875,0,0,0.002151118319254325,2
SI0204,Staten Island,2024-07,27.75,1,0,0.0003787529187514477,2
SI0204,Staten Island,2024-08,25.5625,0,0,0.005659922944178223,2
SI0204,Staten Island,2024-09,27.0,0,1,0.5110200093201356,2
SI0204,Staten Island,2024-10,28.0,1,1,0.7816845030529092,2
SI0301,Staten Island,2024-05,31.375,1,1,0.5521685795195256,2
SI0301,Staten Island,2024-06,26.875,0,0,0.0035124052222514418,2
SI0301,Staten Island,2024-07,27.75,1,0,0.0007217651771033375,2
SI0301,Staten Island,2024-08,25.5625,0,0,0.010005645622596907,2
SI0301,Staten Island,2024-09,27.0,0,1,0.6017081720882675,2
SI0301,Staten Island,2024-10,28.0,1,1,0.8249156171613734,2
SI0302,Staten Island,2024-05,31.375,1,0,0.2823637547158921,2
SI0302,Staten Island,2024-06,26.875,0,0,0.001036595148932952,2
SI0302,Staten Island,2024-07,27.75,1,0,0.00018178262569714637,2
SI0302,Staten Island,2024-08,25.5625,0,0,0.0027296466906781705,2
SI0302,Staten Island,2024-09,27.0,0,0,0.3339902391303914,2
SI0302,Staten Island,2024-10,28.0,1,1,0.6320471110004259,2
SI0303,Staten Island,2024-05,31.375,1,0,0.3592045221674541,2
SI0303,Staten Island,2024-06,26.875,0,0,0.0016225565927683702,2
SI0303,Staten Island,2024-07,27.75,1,0,0.0003604293904894699,2
SI0303,Staten Island,2024-08,25.5625,0,0,0.0037750448240267778,2
SI0303,Staten Island,2024-09,27.0,0,0,0.456705535687198,2
SI0303,Staten Island,2024-10,28.0,1,1,0.7449630135902877,2
SI0304,Staten Island,2024-05,31.375,1,0,0.24350323053632614,2
SI0304,Staten Island,2024-06,26.875,0,0,0.0009323420788836653,2
SI0304,Staten Island,2024-07,27.75,1,0,0.000206996090855132,2
SI0304,Staten Island,2024-08,25.5625,0,0,0.0021711810080233622,2
SI0304,Staten Island,2024-09,27.0,0,0,0.32555422017212826,2
SI0304,Staten Island,2024-10,28.0,1,1,0.6264872660474925,2
SI0305,Staten Island,2024-05,31.375,1,0,0.3880716135761584,2
SI0305,Staten Island,2024-06,26.875,0,0,0.0018352542528963102,2
SI0305,Staten Island,2024-07,27.75,1,0,0.0004077449207893591,2
SI0305,Staten Island,2024-08,25.5625,0,0,0.004268701373305524,2
SI0305,Staten Island,2024-09,27.0,0,0,0.4874477437324136,2
SI0305,Staten Island,2024-10,28.0,1,1,0.7676910198991218,2
BK0101,Brooklyn,2025-03,29.39622641509434,1,1,0.9945911315864633,3
BK0101,Brooklyn,2025-04,33.660377358490564,1,1,0.9981236160859076,3
BK0101,Brooklyn,2025-05,37.22641509433962,1,1,0.9918491454578015,3
BK0101,Brooklyn,2025-06,27.0377358490566,0,1,0.927284109006881,3
BK0101,Brooklyn,2025-07,25.9622641509434,0,1,0.9058029088530473,3
BK0101,Brooklyn,2025-08,27.11320754716981,0,1,0.9735990099785995,3
BK0102,Brooklyn,2025-03,29.39622641509434,1,1,0.9940679682024849,3
BK0102,Brooklyn,2025-04,33.660377358490564,1,1,0.9979414189298713,3
BK0102,Brooklyn,2025-05,37.22641509433962,1,1,0.9910631513031575,3
BK0102,Brooklyn,2025-06,27.0377358490566,0,1,0.9207693995466951,3
BK0102,Brooklyn,2025-07,25.9622641509434,0,1,0.8975762462350324,3
BK0102,Brooklyn,2025-08,27.11320754716981,0,1,0.971104409602249,3
BK0103,Brooklyn,2025-03,29.39622641509434,1,1,0.9939635071032603,3
BK0103,Brooklyn,2025-04,33.660377358490564,1,1,0.9976273244564857,3
BK0103,Brooklyn,2025-05,37.22641509433962,1,1,0.9917679288041706,3
BK0103,Brooklyn,2025-06,27.0377358490566,0,1,0.9494059907766521,3
BK0103,Brooklyn,2025-07,25.9622641509434,0,1,0.9114553709084249,3
BK0103,Brooklyn,2025-08,27.11320754716981,0,1,0.9769450358193535,3
BK0104,Brooklyn,2025-03,29.39622641509434,1,1,0.9945910585800894,3
BK0104,Brooklyn,2025-04,33.660377358490564,1,1,0.9981235906694026,3
BK0104,Brooklyn,2025-05,37.22641509433962,1,1,0.9918490357446903,3
BK0104,Brooklyn,2025-06,27.0377358490566,0,1,0.9272831939427535,3
BK0104,Brooklyn,2025-07,25.9622641509434,0,1,0.9058017509279706,3
BK0104,Brooklyn,2025-08,27.11320754716981,0,1,0.9735986611516799,3
BK0201,Brooklyn,2025-03,29.39622641509434,1,1,0.9948909573626804,3
BK0201,Brooklyn,2025-04,33.660377358490564,1,1,0.9979930003225036,3
BK0201,Brooklyn,2025-05,37.22641509433962,1,1,0.9930303436310625,3
BK0201,Brooklyn,2025-06,27.0377358490566,0,1,0.9568823140664326,3
BK0201,Brooklyn,2025-07,25.9622641509434,0,1,0.9240913110326185,3
BK0201,Brooklyn,2025-08,27.11320754716981,0,1,0.9804357479818465,3
BK0202,Brooklyn,2025-03,29.39622641509434,1,1,0.9932077125125202,3
BK0202,Brooklyn,2025-04,33.660377358490564,1,1,0.997329022698198,3
BK0202,Brooklyn,2025-05,37.22641509433962,1,1,0.9907397995195447,3
BK0202,Brooklyn,2025-06,27.0377358490566,0,1,0.9433891437247689,3
BK0202,Brooklyn,2025-07,25.9622641509434,0,1,0.9013940291277407,3
BK0202,Brooklyn,2025-08,27.11320754716981,0,1,0.9741139488152539,3
BK0203,Brooklyn,2025-03,29.39622641509434,1,1,0.9947562420640103,3
BK0203,Brooklyn,2025-04,33.660377358490564,1,1,0.997939910360746,3
BK0203,Brooklyn,2025-05,37.22641509433962,1,1,0.9928469203839277,3
BK0203,Brooklyn,2025-06,27.0377358490566,0,1,0.9557899218176614,3
BK0203,Brooklyn,2025-07,25.9622641509434,0,1,0.9222356693287216,3
BK0203,Brooklyn,2025-08,27.11320754716981,0,1,0.9799275675449326,3
BK0204,Brooklyn,2025-03,29.39622641509434,1,1,0.9946237859223653,3
BK0204,Brooklyn,2025-04,33.660377358490564,1,1,0.9978877021977625,3
BK0204,Brooklyn,2025-05,37.22641509433962,1,1,0.9926665907553417,3
BK0204,Brooklyn,2025-06,27.0377358490566,0,1,0.9547179903677965,3
BK0204,Brooklyn,2025-07,25.9622641509434,0,1,0.9204179110826456,3
BK0204,Brooklyn,2025-08,27.11320754716981,0,1,0.9794282885762964,3
BK0301,Brooklyn,2025-03,29.39622641509434,1,1,0.9922825751365976,3
BK0301,Brooklyn,2025-04,33.660377358490564,1,1,0.9969635084910496,3
BK0301,Brooklyn,2025-05,37.22641509433962,1,1,0.9894820819555769,3
BK0301,Brooklyn,2025-06,27.0377358490566,0,1,0.9361149692022728,3
BK0301,Brooklyn,2025-07,25.9622641509434,0,1,0.8893565943871727,3
BK0301,Brooklyn,2025-08,27.11320754716981,0,1,0.9706649744463719,3
BK0302,Brooklyn,2025-03,29.39622641509434,1,1,0.9923943991181723,3
BK0302,Brooklyn,2025-04,33.660377358490564,1,1,0.9970077111938621,3
BK0302,Brooklyn,2025-05,37.22641509433962,1,1,0.9896340606305439,3
BK0302,Brooklyn,2025-06,27.0377358490566,0,1,0.9369889699901649,3
BK0302,Brooklyn,2025-07,25.9622641509434,0,1,0.8907956642113898,3
BK0302,Brooklyn,2025-08,27.11320754716981,0,1,0.9710809043276286,3
BK0401,Brooklyn,2025-03,29.39622641509434,1,1,0.9903923145071745,3
BK0401,Brooklyn,2025-04,33.660377358490564,1,1,0.996215395257063,3
BK0401,Brooklyn,2025-05,37.22641509433962,1,1,0.9869149303383232,3
BK0401,Brooklyn,2025-06,27.0377358490566,0,1,0.9215549363224581,3
BK0401,Brooklyn,2025-07,25.9622641509434,0,1,0.8656690817555143,3
BK0401,Brooklyn,2025-08,27.11320754716981,0,1,0.9636736657340146,3
BK0402,Brooklyn,2025-03,29.39622641509434,1,1,0.9929677236403905,3
BK0402,Brooklyn,2025-04,33.660377358490564,1,1,0.9972342447518182,3
BK0402,Brooklyn,2025-05,37.22641509433962,1,1,0.9904134546166348,3
BK0402,Brooklyn,2025-06,27.0377358490566,0,1,0.9414926275073764,3
BK0402,Brooklyn,2025-07,25.9622641509434,0,1,0.8982423886283197,3
BK0402,Brooklyn,2025-08,27.11320754716981,0,1,0.9732175203522996,3
BK0501,Brooklyn,2025-03,29.39622641509434,1,1,0.9932643819000402,3
BK0501,Brooklyn,2025-04,33.660377358490564,1,1,0.9973513988807169,3
BK0501,Brooklyn,2025-05,37.22641509433962,1,1,0.9908168688131466,3
BK0501,Brooklyn,2025-06,27.0377358490566,0,1,0.9438379560341018,3
BK0501,Brooklyn,2025-07,25.9622641509434,0,1,0.9021412437276142,3
BK0501,Brooklyn,2025-08,27.11320754716981,0,1,0.9743258032732238,3
BK0502,Brooklyn,2025-03,29.39622641509434,1,1,0.9906202274644684,3
BK0502,Brooklyn,2025-04,33.660377358490564,1,1,0.9963056886943644,3
BK0502,Brooklyn,2025-05,37.22641509433962,1,1,0.9872242695034988,3
BK0502,Brooklyn,2025-06,27.0377358490566,0,1,0.9232893252050439,3
BK0502,Brooklyn,2025-07,25.9622641509434,0,1,0.8684627202788,3
BK0502,Brooklyn,2025-08,27.11320754716981,0,1,0.9645126862219522,3
BK0503,Brooklyn,2025-03,29.39622641509434,1,1,0.9911562496990409,3
BK0503,Brooklyn,2025-04,33.660377358490564,1,1,0.9965179481219177,3
BK0503,Brooklyn,2025-05,37.22641509433962,1,1,0.9879519989705432,3
BK0503,Brooklyn,2025-06,27.0377358490566,0,1,0.9273910553114528,3
BK0503,Brooklyn,2025-07,25.9622641509434,0,1,0.8750994578537705,3
BK0503,Brooklyn,2025-08,27.11320754716981,0,1,0.9664901974345922,3
BK0504,Brooklyn,2025-03,29.39622641509434,1,1,0.9935276621689361,3
BK0504,Brooklyn,2025-04,33.660377358490564,1,1,0.99745533605615,3
BK0504,Brooklyn,2025-05,37.22641509433962,1,1,0.9911749669056497,3
BK0504,Brooklyn,2025-06,27.0377358490566,0,1,0.9459280311498472,3
BK0504,Brooklyn,2025-07,25.9622641509434,0,1,0.9056279100288074,3
BK0504,Brooklyn,2025-08,27.11320754716981,0,1,0.9753109498642409,3
BK0505,Brooklyn,2025-03,29.39622641509434,1,1,0.9901560600885165,3
BK0505,Brooklyn,2025-04,33.660377358490564,1,1,0.9960533094225734,3
BK0505,Brooklyn,2025-05,37.22641509433962,1,1,0.9893346979694974,3
BK0505,Brooklyn,2025-06,27.0377358490566,0,1,0.9433720375229505,3
BK0505,Brooklyn,2025-07,25.9622641509434,0,1,0.8859122977596403,3
BK0505,Brooklyn,2025-08,27.11320754716981,0,1,0.9637382577868581,3
BK0601,Brooklyn,2025-03,29.39622641509434,1,1,0.9915176780783128,3
BK0601,Brooklyn,2025-04,33.660377358490564,1,1,0.9966609915845408,3
BK0601,Brooklyn,2025-05,37.22641509433962,1,1,0.9884428524544215,3
BK0601,Brooklyn,2025-06,27.0377358490566,0,1,0.9301748682089133,3
BK0601,Brooklyn,2025-07,25.9622641509434,0,1,0.8796278980306574,3
BK0601,Brooklyn,2025-08,27.11320754716981,0,1,0.9678269619300593,3
BK0602,Brooklyn,2025-03,29.39622641509434,1,1,0.9936101649705883,3
BK0602,Brooklyn,2025-04,33.660377358490564,1,1,0.9974878994427507,3
BK0602,Brooklyn,2025-05,37.22641509433962,1,1,0.9912871964843702,3
BK0602,Brooklyn,2025-06,27.0377358490566,0,1,0.9465846648087212,3
BK0602,Brooklyn,2025-07,25.9622641509434,0,1,0.9067256790771152,3
BK0602,Brooklyn,2025-08,27.11320754716981,0,1,0.9756199627237243,3
BK0701,Brooklyn,2025-03,29.39622641509434,1,1,0.9949762745577369,3
BK0701,Brooklyn,2025-04,33.660377358490564,1,1,0.9980266184673477,3
BK0701,Brooklyn,2025-05,37.22641509433962,1,1,0.9931465176482545,3
BK0701,Brooklyn,2025-06,27.0377358490566,0,1,0.9575752812816476,3
BK0701,Brooklyn,2025-07,25.9622641509434,0,1,0.9252701224844359,3
BK0701,Brooklyn,2025-08,27.11320754716981,0,1,0.9807577876204738,3
BK0702,Brooklyn,2025-03,29.39622641509434,1,1,0.9914627297745323,3
BK0702,Brooklyn,2025-04,33.660377358490564,1,1,0.9966329814422761,3
BK0702,Brooklyn,2025-05,37.22641509433962,1,1,0.9883771109512325,3
BK0702,Brooklyn,2025-06,27.0377358490566,0,1,0.9295973016993525,3
BK0702,Brooklyn,2025-07,25.9622641509434,0,1,0.8790838572152816,3
BK0702,Brooklyn,2025-08,27.11320754716981,0,1,0.9676380102029911,3
BK0703,Brooklyn,2025-03,29.39622641509434,1,1,0.9866418223306455,3
BK0703,Brooklyn,2025-04,33.660377358490564,1,1,0.9940291108367335,3
BK0703,Brooklyn,2025-05,37.22641509433962,1,1,0.985964358921297,3
BK0703,Brooklyn,2025-06,27.0377358490566,0,1,0.9302700012314462,3
BK0703,Brooklyn,2025-07,25.9622641509434,0,1,0.893434571381191,3
BK0703,Brooklyn,2025-08,27.11320754716981,0,1,0.9623581434386426,3
BK0801,Brooklyn,2025-03,29.39622641509434,1,1,0.9942471232990897,3
BK0801,Brooklyn,2025-04,33.660377358490564,1,1,0.9977391928436009,3
BK0801,Brooklyn,2025-05,37.22641509433962,1,1,0.9921538868922805,3
BK0801,Brooklyn,2025-06,27.0377358490566,0,1,0.951681311524806,3
BK0801,Brooklyn,2025-07,25.9622641509434,0,1,0.9152851226007171,3
BK0801,Brooklyn,2025-08,27.11320754716981,0,1,0.9780105518369849,3
BK0802,Brooklyn,2025-03,29.39622641509434,1,1,0.9932443782730228,3
BK0802,Brooklyn,2025-04,33.660377358490564,1,1,0.9973435005284875,3
BK0802,Brooklyn,2025-05,37.22641509433962,1,1,0.9907896638944026,3
BK0802,Brooklyn,2025-06,27.0377358490566,0,1,0.9436794876616607,3
BK0802,Brooklyn,2025-07,25.9622641509434,0,1,0.9018773540812567,3
BK0802,Brooklyn,2025-08,27.11320754716981,0,1,0.974251013380878,3
BK0901,Brooklyn,2025-03,29.39622641509434,1,1,0.9947035007132633,3
BK0901,Brooklyn,2025-04,33.660377358490564,1,1,0.9979191231399308,3
BK0901,Brooklyn,2025-05,37.22641509433962,1,1,0.9927751146860051,3
BK0901,Brooklyn,2025-06,27.0377358490566,0,1,0.9553628463775743,3
BK0901,Brooklyn,2025-07,25.9622641509434,0,1,0.9215110732774852,3
BK0901,Brooklyn,2025-08,27.11320754716981,0,1,0.9797287197356551,3
BK0902,Brooklyn,2025-03,29.39622641509434,1,1,0.9952915557741141,3
BK0902,Brooklyn,2025-04,33.660377358490564,1,1,0.9981508206161411,3
BK0902,Brooklyn,2025-05,37.22641509433962,1,1,0.9935758901474879,3
BK0902,Brooklyn,2025-06,27.0377358490566,0,1,0.9601437667923501,3
BK0902,Brooklyn,2025-07,25.9622641509434,0,1,0.9296507464472272,3
BK0902,Brooklyn,2025-08,27.11320754716981,0,1,0.9819492104310702,3
BK1001,Brooklyn,2025-03,29.39622641509434,1,1,0.9871645109724484,3
BK1001,Brooklyn,2025-04,33.660377358490564,1,1,0.9939147962853196,3
BK1001,Brooklyn,2025-05,37.22641509433962,1,1,0.9830568506349762,3
BK1001,Brooklyn,2025-06,27.0377358490566,0,1,0.9107441675523763,3
BK1001,Brooklyn,2025-07,25.9622641509434,0,1,0.8610962883896093,3
BK1001,Brooklyn,2025-08,27.11320754716981,0,1,0.9582053405884167,3
BK1002,Brooklyn,2025-03,29.39622641509434,1,1,0.9885221714082721,3
BK1002,Brooklyn,2025-04,33.660377358490564,1,1,0.9948876365547137,3
BK1002,Brooklyn,2025-05,37.22641509433962,1,1,0.9879167800779934,3
BK1002,Brooklyn,2025-06,27.0377358490566,0,1,0.9395319496048855,3
BK1002,Brooklyn,2025-07,25.9622641509434,0,1,0.9072140586922469,3
BK1002,Brooklyn,2025-08,27.11320754716981,0,1,0.9675636287201316,3
BK1101,Brooklyn,2025-03,29.39622641509434,1,1,0.9862657200444424,3
BK1101,Brooklyn,2025-04,33.660377358490564,1,1,0.9938748318323032,3
BK1101,Brooklyn,2025-05,37.22641509433962,1,1,0.9855430540861301,3
BK1101,Brooklyn,2025-06,27.0377358490566,0,1,0.9283425565504722,3
BK1101,Brooklyn,2025-07,25.9622641509434,0,1,0.8907398201737612,3
BK1101,Brooklyn,2025-08,27.11320754716981,0,1,0.9613479981642589,3
BK1102,Brooklyn,2025-03,29.39622641509434,1,1,0.9887964628044468,3
BK1102,Brooklyn,2025-04,33.660377358490564,1,1,0.9950105770516954,3
BK1102,Brooklyn,2025-05,37.22641509433962,1,1,0.9882053661945746,3
BK1102,Brooklyn,2025-06,27.0377358490566,0,1,0.9409069987217415,3
BK1102,Brooklyn,2025-07,25.9622641509434,0,1,0.9092530364308933,3
BK1102,Brooklyn,2025-08,27.11320754716981,0,1,0.9683227268720055,3
BK1103,Brooklyn,2025-03,29.39622641509434,1,1,0.9881946870820988,3
BK1103,Brooklyn,2025-04,33.660377358490564,1,1,0.9947408048220262,3
BK1103,Brooklyn,2025-05,37.22641509433962,1,1,0.9875722399401031,3
BK1103,Brooklyn,2025-06,27.0377358490566,0,1,0.9378944989378645,3
BK1103,Brooklyn,2025-07,25.9622641509434,0,1,0.9047901385586952,3
BK1103,Brooklyn,2025-08,27.11320754716981,0,1,0.9666583266183428,3
BK1201,Brooklyn,2025-03,29.39622641509434,1,1,0.987245718103957,3
BK1201,Brooklyn,2025-04,33.660377358490564,1,1,0.9943150176814458,3
BK1201,Brooklyn,2025-05,37.22641509433962,1,1,0.9865739154107076,3
BK1201,Brooklyn,2025-06,27.0377358490566,0,1,0.9331755781422783,3
BK1201,Brooklyn,2025-07,25.9622641509434,0,1,0.8978298820929485,3
BK1201,Brooklyn,2025-08,27.11320754716981,0,1,0.9640411548874414,3
BK1202,Brooklyn,2025-03,29.39622641509434,1,1,0.9846122333845516,3
BK1202,Brooklyn,2025-04,33.660377358490564,1,1,0.9931310353107664,3
BK1202,Brooklyn,2025-05,37.22641509433962,1,1,0.9838039935106312,3
BK1202,Brooklyn,2025-06,27.0377358490566,0,1,0.9202792989438324,3
BK1202,Brooklyn,2025-07,25.9622641509434,0,1,0.8789968274733041,3
BK1202,Brooklyn,2025-08,27.11320754716981,0,1,0.9568259569908774,3
BK1203,Brooklyn,2025-03,29.39622641509434,1,1,0.9874613886952898,3
BK1203,Brooklyn,2025-04,33.660377358490564,1,1,0.9944118254463007,3
BK1203,Brooklyn,2025-05,37.22641509433962,1,1,0.9868007940787566,3
BK1203,Brooklyn,2025-06,27.0377358490566,0,1,0.9342446591845023,3
BK1203,Brooklyn,2025-07,25.9622641509434,0,1,0.8994034781249376,3
BK1203,Brooklyn,2025-08,27.11320754716981,0,1,0.96463515101408,3
BK1204,Brooklyn,2025-03,29.39622641509434,1,1,0.9862254236894631,3
BK1204,Brooklyn,2025-04,33.660377358490564,1,1,0.9938567215395754,3
BK1204,Brooklyn,2025-05,37.22641509433962,1,1,0.9855006686014635,3
BK1204,Brooklyn,2025-06,27.0377358490566,0,1,0.9281446953359563,3
BK1204,Brooklyn,2025-07,25.9622641509434,0,1,0.8904503823329327,3
BK1204,Brooklyn,2025-08,27.11320754716981,0,1,0.9612374665899617,3
BK1301,Brooklyn,2025-03,29.39622641509434,1,1,0.9916011958930834,3
BK1301,Brooklyn,2025-04,33.660377358490564,1,1,0.9962655222379363,3
BK1301,Brooklyn,2025-05,37.22641509433962,1,1,0.9911567530710389,3
BK1301,Brooklyn,2025-06,27.0377358490566,0,1,0.9551568415625113,3
BK1301,Brooklyn,2025-07,25.9622641509434,0,1,0.9305727702693904,3
BK1301,Brooklyn,2025-08,27.11320754716981,0,1,0.976129192035609,3
BK1302,Brooklyn,2025-03,29.39622641509434,1,1,0.9796174736728351,3
BK1302,Brooklyn,2025-04,33.660377358490564,1,1,0.9908757941507105,3
BK1302,Brooklyn,2025-05,37.22641509433962,1,1,0.9785525995163445,3
BK1302,Brooklyn,2025-06,27.0377358490566,0,1,0.8965955645824764,3
BK1302,Brooklyn,2025-07,25.9622641509434,0,1,0.8451128827063383,3
BK1302,Brooklyn,2025-08,27.11320754716981,0,1,0.9433310671612573,3
BK1303,Brooklyn,2025-03,29.39622641509434,1,1,0.9857239451051518,3
BK1303,Brooklyn,2025-04,33.660377358490564,1,1,0.9936312746285785,3
BK1303,Brooklyn,2025-05,37.22641509433962,1,1,0.9849732065391996,3
BK1303,Brooklyn,2025-06,27.0377358490566,0,1,0.9256880507588159,3
BK1303,Brooklyn,2025-07,25.9622641509434,0,1,0.8868621066622612,3
BK1303,Brooklyn,2025-08,27.11320754716981,0,1,0.9598632968706434,3
BK1401,Brooklyn,2025-03,29.39622641509434,1,1,0.9947746866298595,3
BK1401,Brooklyn,2025-04,33.660377358490564,1,1,0.9979471796968499,3
BK1401,Brooklyn,2025-05,37.22641509433962,1,1,0.9928720327372306,3
BK1401,Brooklyn,2025-06,27.0377358490566,0,1,0.9559393569461894,3
BK1401,Brooklyn,2025-07,25.9622641509434,0,1,0.9224893239992076,3
BK1401,Brooklyn,2025-08,27.11320754716981,0,1,0.9799971221488322,3
BK1402,Brooklyn,2025-03,29.39622641509434,1,1,0.9886290125325755,3
BK1402,Brooklyn,2025-04,33.660377358490564,1,1,0.9949355284499586,3
BK1402,Brooklyn,2025-05,37.22641509433962,1,1,0.9880291882326147,3
BK1402,Brooklyn,2025-06,27.0377358490566,0,1,0.9400671669932854,3
BK1402,Brooklyn,2025-07,25.9622641509434,0,1,0.9080073211327042,3
BK1402,Brooklyn,2025-08,27.11320754716981,0,1,0.9678592187745378,3
BK1403,Brooklyn,2025-03,29.39622641509434,1,1,0.9869661420210428,3
BK1403,Brooklyn,2025-04,33.660377358490564,1,1,0.9941894898472556,3
BK1403,Brooklyn,2025-05,37.22641509433962,1,1,0.9862798179496839,3
BK1403,Brooklyn,2025-06,27.0377358490566,0,1,0.9317926607286219,3
BK1403,Brooklyn,2025-07,25.9622641509434,0,1,0.89579717252363,3
BK1403,Brooklyn,2025-08,27.11320754716981,0,1,0.963271853783691,3
BK1501,Brooklyn,2025-03,29.39622641509434,1,1,0.9863865461896462,3
BK1501,Brooklyn,2025-04,33.660377358490564,1,1,0.9939291295180991,3
BK1501,Brooklyn,2025-05,37.22641509433962,1,1,0.9856701454508459,3
BK1501,Brooklyn,2025-06,27.0377358490566,0,1,0.9289362402161832,3
BK1501,Brooklyn,2025-07,25.9622641509434,0,1,0.8916086687176519,3
BK1501,Brooklyn,2025-08,27.11320754716981,0,1,0.9616795185526967,3
BK1502,Brooklyn,2025-03,29.39622641509434,1,1,0.9888703186946252,3
BK1502,Brooklyn,2025-04,33.660377358490564,1,1,0.9950436736301268,3
BK1502,Brooklyn,2025-05,37.22641509433962,1,1,0.9882830725344872,3
BK1502,Brooklyn,2025-06,27.0377358490566,0,1,0.9412778027985278,3
BK1502,Brooklyn,2025-07,25.9622641509434,0,1,0.9098034261403054,3
BK1502,Brooklyn,2025-08,27.11320754716981,0,1,0.9685272536940327,3
BK1503,Brooklyn,2025-03,29.39622641509434,1,1,0.9864014030793263,3
BK1503,Brooklyn,2025-04,33.660377358490564,1,1,0.993935805500736,3
BK1503,Brooklyn,2025-05,37.22641509433962,1,1,0.985685772830581,3
BK1503,Brooklyn,2025-06,27.0377358490566,0,1,0.9290092824639459,3
BK1503,Brooklyn,2025-07,25.9622641509434,0,1,0.8917156054261642,3
BK1503,Brooklyn,2025-08,27.11320754716981,0,1,0.9617202927698733,3
BK1601,Brooklyn,2025-03,29.39622641509434,1,1,0.9924269105154376,3
BK1601,Brooklyn,2025-04,33.660377358490564,1,1,0.9970205614325425,3
BK1601,Brooklyn,2025-05,37.22641509433962,1,1,0.9896782488254913,3
BK1601,Brooklyn,2025-06,27.0377358490566,0,1,0.9372433438706889,3
BK1601,Brooklyn,2025-07,25.9622641509434,0,1,0.8912148686542275,3
BK1601,Brooklyn,2025-08,27.11320754716981,0,1,0.9712018799302083,3
BK1602,Brooklyn,2025-03,29.39622641509434,1,1,0.994194293675503,3
BK1602,Brooklyn,2025-04,33.660377358490564,1,1,0.997718357883811,3
BK1602,Brooklyn,2025-05,37.22641509433962,1,1,0.9920819878155839,3
BK1602,Brooklyn,2025-06,27.0377358490566,0,1,0.9512567564111716,3
BK1602,Brooklyn,2025-07,25.9622641509434,0,1,0.9145694777113227,3
BK1602,Brooklyn,2025-08,27.11320754716981,0,1,0.9778119465279026,3
BK1701,Brooklyn,2025-03,29.39622641509434,1,1,0.9935639876116429,3
BK1701,Brooklyn,2025-04,33.660377358490564,1,1,0.9974696739061717,3
BK1701,Brooklyn,2025-05,37.22641509433962,1,1,0.9912243800185698,3
BK1701,Brooklyn,2025-06,27.0377358490566,0,1,0.9462170437958586,3
BK1701,Brooklyn,2025-07,25.9622641509434,0,1,0.9061109453020237,3
BK1701,Brooklyn,2025-08,27.11320754716981,0,1,0.9754469884004288,3
BK1702,Brooklyn,2025-03,29.39622641509434,1,1,0.9964993006856017,3
BK1702,Brooklyn,2025-04,33.660377358490564,1,1,0.9986261588726184,3
BK1702,Brooklyn,2025-05,37.22641509433962,1,1,0.9952216010272907,3
BK1702,Brooklyn,2025-06,27.0377358490566,0,1,0.9700962595262537,3
BK1702,Brooklyn,2025-07,25.9622641509434,0,1,0.946795709866762,3
BK1702,Brooklyn,2025-08,27.11320754716981,0,1,0.9865330417407201,3
BK1703,Brooklyn,2025-03,29.39622641509434,1,1,0.9953826432437763,3
BK1703,Brooklyn,2025-04,33.660377358490564,1,1,0.9981866947945484,3
BK1703,Brooklyn,2025-05,37.22641509433962,1,1,0.9936999580311837,3
BK1703,Brooklyn,2025-06,27.0377358490566,0,1,0.9608880876767267,3
BK1703,Brooklyn,2025-07,25.9622641509434,0,1,0.9309235596136078,3
BK1703,Brooklyn,2025-08,27.11320754716981,0,1,0.9822938211323605,3
BK1704,Brooklyn,2025-03,29.39622641509434,1,1,0.9962761832847599,3
BK1704,Brooklyn,2025-04,33.660377358490564,1,1,0.9985383981546389,3
BK1704,Brooklyn,2025-05,37.22641509433962,1,1,0.9949174646650203,3
BK1704,Brooklyn,2025-06,27.0377358490566,0,1,0.9682439685988908,3
BK1704,Brooklyn,2025-07,25.9622641509434,0,1,0.9435840751781973,3
BK1704,Brooklyn,2025-08,27.11320754716981,0,1,0.9856838494576243,3
BK1801,Brooklyn,2025-03,29.39622641509434,1,1,0.9874125423821836,3
BK1801,Brooklyn,2025-04,33.660377358490564,1,1,0.9943899019215634,3
BK1801,Brooklyn,2025-05,37.22641509433962,1,1,0.9867494088387605,3
BK1801,Brooklyn,2025-06,27.0377358490566,0,1,0.9340023539959549,3
BK1801,Brooklyn,2025-07,25.9622641509434,0,1,0.899046658357015,3
BK1801,Brooklyn,2025-08,27.11320754716981,0,1,0.9645005779905208,3
BK1802,Brooklyn,2025-03,29.39622641509434,1,1,0.9836908858963165,3
BK1802,Brooklyn,2025-04,33.660377358490564,1,1,0.992715980440013,3
BK1802,Brooklyn,2025-05,37.22641509433962,1,1,0.98283509605315,3
BK1802,Brooklyn,2025-06,27.0377358490566,0,1,0.9158352617212793,3
BK1802,Brooklyn,2025-07,25.9622641509434,0,1,0.8725701526183589,3
BK1802,Brooklyn,2025-08,27.11320754716981,0,1,0.954318086574061,3
BK1803,Brooklyn,2025-03,29.39622641509434,1,1,0.9945143351162847,3
BK1803,Brooklyn,2025-04,33.660377358490564,1,1,0.997844555317223,3
BK1803,Brooklyn,2025-05,37.22641509433962,1,1,0.9925175944500767,3
BK1803,Brooklyn,2025-06,27.0377358490566,0,1,0.9538338325756586,3
BK1803,Brooklyn,2025-07,25.9622641509434,0,1,0.9189209006487905,3
BK1803,Brooklyn,2025-08,27.11320754716981,0,1,0.979016009228597,3
BX0101,Bronx,2025-03,38.351351351351354,1,1,0.9999999723847101,3
BX0101,Bronx,2025-04,42.62162162162162,1,1,0.9999999887667691,3
BX0101,Bronx,2025-05,46.24324324324324,1,1,0.9999999594172774,3
BX0101,Bronx,2025-06,33.62162162162162,1,1,0.9999995866758776,3
BX0101,Bronx,2025-07,28.675675675675677,1,1,0.9999993980058763,3
BX0101,Bronx,2025-08,30.43243243243243,1,1,0.9999998362444666,3
BX0102,Bronx,2025-03,38.351351351351354,1,1,0.9999999735671048,3
BX0102,Bronx,2025-04,42.62162162162162,1,1,0.9999999892477386,3
BX0102,Bronx,2025-05,46.24324324324324,1,1,0.9999999611548946,3
BX0102,Bronx,2025-06,33.62162162162162,1,1,0.9999996043730346,3
BX0102,Bronx,2025-07,28.675675675675677,1,1,0.9999994237812474,3
BX0102,Bronx,2025-08,30.43243243243243,1,1,0.9999998432559328,3
BX0201,Bronx,2025-03,38.351351351351354,1,1,0.999999966801195,3
BX0201,Bronx,2025-04,42.62162162162162,1,1,0.9999999864955305,3
BX0201,Bronx,2025-05,46.24324324324324,1,1,0.9999999512118868,3
BX0201,Bronx,2025-06,33.62162162162162,1,1,0.9999995031062185,3
BX0201,Bronx,2025-07,28.675675675675677,1,1,0.9999992762892149,3
BX0201,Bronx,2025-08,30.43243243243243,1,1,0.9999998031348621,3
BX0202,Bronx,2025-03,38.351351351351354,1,1,0.9999999751625048,3
BX0202,Bronx,2025-04,42.62162162162162,1,1,0.9999999898967088,3
BX0202,Bronx,2025-05,46.24324324324324,1,1,0.9999999634994534,3
BX0202,Bronx,2025-06,33.62162162162162,1,1,0.9999996282517291,3
BX0202,Bronx,2025-07,28.675675675675677,1,1,0.9999994585598405,3
BX0202,Bronx,2025-08,30.43243243243243,1,1,0.9999998527164723,3
BX0301,Bronx,2025-03,38.351351351351354,1,1,0.9999999753706196,3
BX0301,Bronx,2025-04,42.62162162162162,1,1,0.9999999899813649,3
BX0301,Bronx,2025-05,46.24324324324324,1,1,0.9999999638052934,3
BX0301,Bronx,2025-06,33.62162162162162,1,1,0.9999996313666275,3
BX0301,Bronx,2025-07,28.675675675675677,1,1,0.9999994630965952,3
BX0301,Bronx,2025-08,30.43243243243243,1,1,0.999999853950569,3
BX0302,Bronx,2025-03,38.351351351351354,1,1,0.9999999766441677,3
BX0302,Bronx,2025-04,42.62162162162162,1,1,0.9999999904994133,3
BX0302,Bronx,2025-05,46.24324324324324,1,1,0.9999999656768671,3
BX0302,Bronx,2025-06,33.62162162162162,1,1,0.9999996504280965,3
BX0302,Bronx,2025-07,28.675675675675677,1,1,0.9999994908590465,3
BX0302,Bronx,2025-08,30.43243243243243,1,1,0.9999998615025637,3
BX0303,Bronx,2025-03,38.351351351351354,1,1,0.999999972937253,3
BX0303,Bronx,2025-04,42.62162162162162,1,1,0.9999999889915302,3
BX0303,Bronx,2025-05,46.24324324324324,1,1,0.9999999602292802,3
BX0303,Bronx,2025-06,33.62162162162162,1,1,0.9999995949459053,3
BX0303,Bronx,2025-07,28.675675675675677,1,1,0.9999994100509201,3
BX0303,Bronx,2025-08,30.43243243243243,1,1,0.9999998395209828,3
BX0401,Bronx,2025-03,38.351351351351354,1,1,0.999999971519495,3
BX0401,Bronx,2025-04,42.62162162162162,1,1,0.9999999884148206,3
BX0401,Bronx,2025-05,46.24324324324324,1,1,0.9999999581457797,3
BX0401,Bronx,2025-06,33.62162162162162,1,1,0.9999995737260198,3
BX0401,Bronx,2025-07,28.675675675675677,1,1,0.9999993791448025,3
BX0401,Bronx,2025-08,30.43243243243243,1,1,0.9999998311138408,3
BX0402,Bronx,2025-03,38.351351351351354,1,1,0.9999999758250252,3
BX0402,Bronx,2025-04,42.62162162162162,1,1,0.9999999901662059,3
BX0402,Bronx,2025-05,46.24324324324324,1,1,0.9999999644730763,3
BX0402,Bronx,2025-06,33.62162162162162,1,1,0.9999996381678141,3
BX0402,Bronx,2025-07,28.675675675675677,1,1,0.9999994730023174,3
BX0402,Bronx,2025-08,30.43243243243243,1,1,0.9999998566451423,3
BX0403,Bronx,2025-03,38.351351351351354,1,1,0.9999999742911472,3
BX0403,Bronx,2025-04,42.62162162162162,1,1,0.9999999895422614,3
BX0403,Bronx,2025-05,46.24324324324324,1,1,0.9999999622189283,3
BX0403,Bronx,2025-06,33.62162162162162,1,1,0.99999961520993,3
BX0403,Bronx,2025-07,28.675675675675677,1,1,0.999999439564856,3
BX0403,Bronx,2025-08,30.43243243243243,1,1,0.9999998475494202,3
BX0501,Bronx,2025-03,38.351351351351354,1,1,0.9999999730913748,3
BX0501,Bronx,2025-04,42.62162162162162,1,1,0.9999999890542232,3
BX0501,Bronx,2025-05,46.24324324324324,1,1,0.9999999604557737,3
BX0501,Bronx,2025-06,33.62162162162162,1,1,0.9999995972526788,3
BX0501,Bronx,2025-07,28.675675675675677,1,1,0.9999994134106657,3
BX0501,Bronx,2025-08,30.43243243243243,1,1,0.9999998404349072,3
BX0502,Bronx,2025-03,38.351351351351354,1,1,0.9999999717451374,3
BX0502,Bronx,2025-04,42.62162162162162,1,1,0.9999999885066063,3
BX0502,Bronx,2025-05,46.24324324324324,1,1,0.999999958477378,3
BX0502,Bronx,2025-06,33.62162162162162,1,1,0.9999995771032589,3
BX0502,Bronx,2025-07,28.675675675675677,1,1,0.9999993840636484,3
BX0502,Bronx,2025-08,30.43243243243243,1,1,0.999999832451875,3
BX0503,Bronx,2025-03,38.351351351351354,1,1,0.9999999644331389,3
BX0503,Bronx,2025-04,42.62162162162162,1,1,0.9999999847095447,3
BX0503,Bronx,2025-05,46.24324324324324,1,1,0.999999952031657,3
BX0503,Bronx,2025-06,33.62162162162162,1,1,0.9999995043567914,3
BX0503,Bronx,2025-07,28.675675675675677,1,1,0.9999990343793,3
BX0503,Bronx,2025-08,30.43243243243243,1,1,0.999999808740989,3
BX0601,Bronx,2025-03,38.351351351351354,1,1,0.9999999753862844,3
BX0601,Bronx,2025-04,42.62162162162162,1,1,0.9999999899877369,3
BX0601,Bronx,2025-05,46.24324324324324,1,1,0.9999999638283144,3
BX0601,Bronx,2025-06,33.62162162162162,1,1,0.999999631601088,3
BX0601,Bronx,2025-07,28.675675675675677,1,1,0.9999994634380799,3
BX0601,Bronx,2025-08,30.43243243243243,1,1,0.9999998540434603,3
BX0602,Bronx,2025-03,38.351351351351354,1,1,0.9999999726886314,3
BX0602,Bronx,2025-04,42.62162162162162,1,1,0.9999999888903969,3
BX0602,Bronx,2025-05,46.24324324324324,1,1,0.9999999598639123,3
BX0602,Bronx,2025-06,33.62162162162162,1,1,0.9999995912247327,3
BX0602,Bronx,2025-07,28.675675675675677,1,1,0.9999994046311457,3
BX0602,Bronx,2025-08,30.43243243243243,1,1,0.9999998380466852,3
BX0603,Bronx,2025-03,38.351351351351354,1,1,0.9999999708999714,3
BX0603,Bronx,2025-04,42.62162162162162,1,1,0.9999999874896836,3
BX0603,Bronx,2025-05,46.24324324324324,1,1,0.9999999607533498,3
BX0603,Bronx,2025-06,33.62162162162162,1,1,0.9999995944755223,3
BX0603,Bronx,2025-07,28.675675675675677,1,1,0.999999209950108,3
BX0603,Bronx,2025-08,30.43243243243243,1,1,0.9999998435160519,3
BX0701,Bronx,2025-03,38.351351351351354,1,1,0.9999999726074892,3
BX0701,Bronx,2025-04,42.62162162162162,1,1,0.9999999882237581,3
BX0701,Bronx,2025-05,46.24324324324324,1,1,0.9999999630562464,3
BX0701,Bronx,2025-06,33.62162162162162,1,1,0.99999961827069,3
BX0701,Bronx,2025-07,28.675675675675677,1,1,0.9999992563082536,3
BX0701,Bronx,2025-08,30.43243243243243,1,1,0.9999998526981427,3
BX0702,Bronx,2025-03,38.351351351351354,1,1,0.9999999791353802,3
BX0702,Bronx,2025-04,42.62162162162162,1,1,0.9999999910301466,3
BX0702,Bronx,2025-05,46.24324324324324,1,1,0.9999999718602873,3
BX0702,Bronx,2025-06,33.62162162162162,1,1,0.9999997092403209,3
BX0702,Bronx,2025-07,28.675675675675677,1,1,0.9999994335368376,3
BX0702,Bronx,2025-08,30.43243243243243,1,1,0.9999998878015463,3
BX0703,Bronx,2025-03,38.351351351351354,1,1,0.9999999748731054,3
BX0703,Bronx,2025-04,42.62162162162162,1,1,0.9999999891977632,3
BX0703,Bronx,2025-05,46.24324324324324,1,1,0.9999999661118395,3
BX0703,Bronx,2025-06,33.62162162162162,1,1,0.9999996498432555,3
BX0703,Bronx,2025-07,28.675675675675677,1,1,0.9999993178184603,3
BX0703,Bronx,2025-08,30.43243243243243,1,1,0.9999998648813795,3
BX0801,Bronx,2025-03,38.351351351351354,1,1,0.9999999819023314,3
BX0801,Bronx,2025-04,42.62162162162162,1,1,0.9999999922196793,3
BX0801,Bronx,2025-05,46.24324324324324,1,1,0.9999999755920216,3
BX0801,Bronx,2025-06,33.62162162162162,1,1,0.9999997477992636,3
BX0801,Bronx,2025-07,28.675675675675677,1,1,0.9999995086580353,3
BX0801,Bronx,2025-08,30.43243243243243,1,1,0.9999999026806877,3
BX0802,Bronx,2025-03,38.351351351351354,1,1,0.9999999776010741,3
BX0802,Bronx,2025-04,42.62162162162162,1,1,0.9999999903705371,3
BX0802,Bronx,2025-05,46.24324324324324,1,1,0.9999999697909985,3
BX0802,Bronx,2025-06,33.62162162162162,1,1,0.9999996878589499,3
BX0802,Bronx,2025-07,28.675675675675677,1,1,0.9999993918812838,3
BX0802,Bronx,2025-08,30.43243243243243,1,1,0.9999998795508932,3
BX0803,Bronx,2025-03,38.351351351351354,1,1,0.9999999797304591,3
BX0803,Bronx,2025-04,42.62162162162162,1,1,0.9999999912859753,3
BX0803,Bronx,2025-05,46.24324324324324,1,1,0.9999999726628589,3
BX0803,Bronx,2025-06,33.62162162162162,1,1,0.9999997175330627,3
BX0803,Bronx,2025-07,28.675675675675677,1,1,0.9999994496928999,3
BX0803,Bronx,2025-08,30.43243243243243,1,1,0.999999891001553,3
BX0901,Bronx,2025-03,38.351351351351354,1,1,0.9999999770076226,3
BX0901,Bronx,2025-04,42.62162162162162,1,1,0.999999990647258,3
BX0901,Bronx,2025-05,46.24324324324324,1,1,0.9999999662109909,3
BX0901,Bronx,2025-06,33.62162162162162,1,1,0.9999996558680032,3
BX0901,Bronx,2025-07,28.675675675675677,1,1,0.9999994987821056,3
BX0901,Bronx,2025-08,30.43243243243243,1,1,0.9999998636578092,3
BX0902,Bronx,2025-03,38.351351351351354,1,1,0.999999979912757,3
BX0902,Bronx,2025-04,42.62162162162162,1,1,0.9999999918289962,3
BX0902,Bronx,2025-05,46.24324324324324,1,1,0.9999999704803022,3
BX0902,Bronx,2025-06,33.62162162162162,1,1,0.999999699349782,3
BX0902,Bronx,2025-07,28.675675675675677,1,1,0.9999995621119987,3
BX0902,Bronx,2025-08,30.43243243243243,1,1,0.999999880884926,3
BX0903,Bronx,2025-03,38.351351351351354,1,1,0.9999999736394543,3
BX0903,Bronx,2025-04,42.62162162162162,1,1,0.9999999892771686,3
BX0903,Bronx,2025-05,46.24324324324324,1,1,0.9999999612612174,3
BX0903,Bronx,2025-06,33.62162162162162,1,1,0.9999996054559028,3
BX0903,Bronx,2025-07,28.675675675675677,1,1,0.9999994253584119,3
BX0903,Bronx,2025-08,30.43243243243243,1,1,0.9999998436849562,3
BX0904,Bronx,2025-03,38.351351351351354,1,1,0.9999999798679042,3
BX0904,Bronx,2025-04,42.62162162162162,1,1,0.999999991345064,3
BX0904,Bronx,2025-05,46.24324324324324,1,1,0.9999999728482288,3
BX0904,Bronx,2025-06,33.62162162162162,1,1,0.9999997194484361,3
BX0904,Bronx,2025-07,28.675675675675677,1,1,0.9999994534244635,3
BX0904,Bronx,2025-08,30.43243243243243,1,1,0.9999998917406583,3
BX1001,Bronx,2025-03,38.351351351351354,1,1,0.9999999682966939,3
BX1001,Bronx,2025-04,42.62162162162162,1,1,0.9999999863705156,3
BX1001,Bronx,2025-05,46.24324324324324,1,1,0.9999999572423597,3
BX1001,Bronx,2025-06,33.62162162162162,1,1,0.9999995581974743,3
BX1001,Bronx,2025-07,28.675675675675677,1,1,0.999999139272609,3
BX1001,Bronx,2025-08,30.43243243243243,1,1,0.9999998295170602,3
BX1002,Bronx,2025-03,38.351351351351354,1,1,0.9999999742235355,3
BX1002,Bronx,2025-04,42.62162162162162,1,1,0.9999999900226407,3
BX1002,Bronx,2025-05,46.24324324324324,1,1,0.9999999631435323,3
BX1002,Bronx,2025-06,33.62162162162162,1,1,0.9999996714944239,3
BX1002,Bronx,2025-07,28.675675675675677,1,1,0.9999994735867428,3
BX1002,Bronx,2025-08,30.43243243243243,1,1,0.9999998572180762,3
BX1003,Bronx,2025-03,38.351351351351354,1,1,0.9999999777984498,3
BX1003,Bronx,2025-04,42.62162162162162,1,1,0.9999999914063918,3
BX1003,Bronx,2025-05,46.24324324324324,1,1,0.9999999682551225,3
BX1003,Bronx,2025-06,33.62162162162162,1,1,0.9999997170545539,3
BX1003,Bronx,2025-07,28.675675675675677,1,1,0.9999995465944909,3
BX1003,Bronx,2025-08,30.43243243243243,1,1,0.9999998770203702,3
BX1004,Bronx,2025-03,38.351351351351354,1,1,0.9999999785848424,3
BX1004,Bronx,2025-04,42.62162162162162,1,1,0.9999999907934664,3
BX1004,Bronx,2025-05,46.24324324324324,1,1,0.9999999711177878,3
BX1004,Bronx,2025-06,33.62162162162162,1,1,0.9999997015682849,3
BX1004,Bronx,2025-07,28.675675675675677,1,1,0.9999994185900455,3
BX1004,Bronx,2025-08,30.43243243243243,1,1,0.9999998848410575,3
BX1101,Bronx,2025-03,38.351351351351354,1,1,0.9999999756361139,3
BX1101,Bronx,2025-04,42.62162162162162,1,1,0.9999999895257862,3
BX1101,Bronx,2025-05,46.24324324324324,1,1,0.9999999671408943,3
BX1101,Bronx,2025-06,33.62162162162162,1,1,0.9999996604761836,3
BX1101,Bronx,2025-07,28.675675675675677,1,1,0.9999993385337115,3
BX1101,Bronx,2025-08,30.43243243243243,1,1,0.9999998689844188,3
BX1102,Bronx,2025-03,38.351351351351354,1,1,0.9999999792604162,3
BX1102,Bronx,2025-04,42.62162162162162,1,1,0.9999999910839005,3
BX1102,Bronx,2025-05,46.24324324324324,1,1,0.9999999720289213,3
BX1102,Bronx,2025-06,33.62162162162162,1,1,0.9999997109827661,3
BX1102,Bronx,2025-07,28.675675675675677,1,1,0.9999994369314995,3
BX1102,Bronx,2025-08,30.43243243243243,1,1,0.9999998884739218,3
BX1103,Bronx,2025-03,38.351351351351354,1,1,0.9999999821043716,3
BX1103,Bronx,2025-04,42.62162162162162,1,1,0.9999999923065378,3
BX1103,Bronx,2025-05,46.24324324324324,1,1,0.9999999758645094,3
BX1103,Bronx,2025-06,33.62162162162162,1,1,0.9999997506148022,3
BX1103,Bronx,2025-07,28.675675675675677,1,1,0.9999995141433169,3
BX1103,Bronx,2025-08,30.43243243243243,1,1,0.9999999037671489,3
BX1104,Bronx,2025-03,38.351351351351354,1,1,0.9999999835352331,3
BX1104,Bronx,2025-04,42.62162162162162,1,1,0.9999999929216756,3
BX1104,Bronx,2025-05,46.24324324324324,1,1,0.9999999777942847,3
BX1104,Bronx,2025-06,33.62162162162162,1,1,0.999999770554622,3
BX1104,Bronx,2025-07,28.675675675675677,1,1,0.9999995529904204,3
BX1104,Bronx,2025-08,30.43243243243243,1,1,0.9999999114615351,3
BX1201,Bronx,2025-03,38.351351351351354,1,1,0.9999999747973836,3
BX1201,Bronx,2025-04,42.62162162162162,1,1,0.9999999891652099,3
BX1201,Bronx,2025-05,46.24324324324324,1,1,0.9999999660097147,3
BX1201,Bronx,2025-06,33.62162162162162,1,1,0.9999996487880313,3
BX1201,Bronx,2025-07,28.675675675675677,1,1,0.999999315762654,3
BX1201,Bronx,2025-08,30.43243243243243,1,1,0.9999998644741889,3
BX1202,Bronx,2025-03,38.351351351351354,1,1,0.9999999767980702,3
BX1202,Bronx,2025-04,42.62162162162162,1,1,0.9999999900253197,3
BX1202,Bronx,2025-05,46.24324324324324,1,1,0.9999999687080025,3
BX1202,Bronx,2025-06,33.62162162162162,1,1,0.9999996766686636,3
BX1202,Bronx,2025-07,28.675675675675677,1,1,0.9999993700801766,3
BX1202,Bronx,2025-08,30.43243243243243,1,1,0.9999998752327803,3
BX1203,Bronx,2025-03,38.351351351351354,1,1,0.9999999802909997,3
BX1203,Bronx,2025-04,42.62162162162162,1,1,0.9999999915269558,3
BX1203,Bronx,2025-05,46.24324324324324,1,1,0.9999999734188496,3
BX1203,Bronx,2025-06,33.62162162162162,1,1,0.999999725344498,3
BX1203,Bronx,2025-07,28.675675675675677,1,1,0.9999994649112728,3
BX1203,Bronx,2025-08,30.43243243243243,1,1,0.9999998940158331,3
MN0101,Manhattan,2025-03,25.28125,0,1,0.9261375754372573,3
MN0101,Manhattan,2025-04,27.0625,0,1,0.9756497672936932,3
MN0101,Manhattan,2025-05,29.4375,1,1,0.9017003919697174,3
MN0101,Manhattan,2025-06,23.28125,0,0,0.4985781707488302,3
MN0101,Manhattan,2025-07,21.28125,0,0,0.4242779770087636,3
MN0101,Manhattan,2025-08,21.1875,0,1,0.7670686994708343,3
MN0102,Manhattan,2025-03,25.28125,0,1,0.9088996861682668,3
MN0102,Manhattan,2025-04,27.0625,0,1,0.9695028731448647,3
MN0102,Manhattan,2025-05,29.4375,1,1,0.8792883544325812,3
MN0102,Manhattan,2025-06,23.28125,0,0,0.4412757650828442,3
MN0102,Manhattan,2025-07,21.28125,0,0,0.36938349482312305,3
MN0102,Manhattan,2025-08,21.1875,0,1,0.7232844975530881,3
MN0201,Manhattan,2025-03,25.28125,0,1,0.9121714443778025,3
MN0201,Manhattan,2025-04,27.0625,0,1,0.970668379547945,3
MN0201,Manhattan,2025-05,29.4375,1,1,0.8834872426050356,3
MN0201,Manhattan,2025-06,23.28125,0,0,0.4512012716191548,3
MN0201,Manhattan,2025-07,21.28125,0,0,0.37878823207569295,3
MN0201,Manhattan,2025-08,21.1875,0,1,0.731251317594369,3
MN0202,Manhattan,2025-03,25.28125,0,1,0.9317111811247301,3
MN0202,Manhattan,2025-04,27.0625,0,1,0.9775147601837647,3
MN0202,Manhattan,2025-05,29.4375,1,1,0.9087702805600496,3
MN0202,Manhattan,2025-06,23.28125,0,1,0.5192448156725555,3
MN0202,Manhattan,2025-07,21.28125,0,0,0.4447615934258697,3
MN0202,Manhattan,2025-08,21.1875,0,1,0.7813952970751227,3
MN0203,Manhattan,2025-03,25.28125,0,1,0.9215267956032703,3
MN0203,Manhattan,2025-04,27.0625,0,1,0.9739705407160032,3
MN0203,Manhattan,2025-05,29.4375,1,1,0.8955481169729828,3
MN0203,Manhattan,2025-06,23.28125,0,0,0.4817618741312128,3
MN0203,Manhattan,2025-07,21.28125,0,0,0.40809132230636236,3
MN0203,Manhattan,2025-08,21.1875,0,1,0.7546954666078137,3
MN0301,Manhattan,2025-03,25.28125,0,1,0.9161384013793142,3
MN0301,Manhattan,2025-04,27.0625,0,1,0.9720740906965125,3
MN0301,Manhattan,2025-05,29.4375,1,1,0.8885915441293352,3
MN0301,Manhattan,2025-06,23.28125,0,0,0.46374875169687885,3
MN0301,Manhattan,2025-07,21.28125,0,0,0.3907557963298068,3
MN0301,Manhattan,2025-08,21.1875,0,1,0.7410702985108322,3
MN0302,Manhattan,2025-03,25.28125,0,1,0.9245548154134843,3
MN0302,Manhattan,2025-04,27.0625,0,1,0.975029764393119,3
MN0302,Manhattan,2025-05,29.4375,1,1,0.8994692108104962,3
MN0302,Manhattan,2025-06,23.28125,0,0,0.4924121982104774,3
MN0302,Manhattan,2025-07,21.28125,0,0,0.4184279787907579,3
MN0302,Manhattan,2025-08,21.1875,0,1,0.7625018728712646,3
MN0303,Manhattan,2025-03,25.28125,0,1,0.9150656423176365,3
MN0303,Manhattan,2025-04,27.0625,0,1,0.9716947547605291,3
MN0303,Manhattan,2025-05,29.4375,1,1,0.8872097883650194,3
MN0303,Manhattan,2025-06,23.28125,0,0,0.4602981537894199,3
MN0303,Manhattan,2025-07,21.28125,0,0,0.3874558985399902,3
MN0303,Manhattan,2025-08,21.1875,0,1,0.7383975449293827,3
MN0401,Manhattan,2025-03,25.28125,0,1,0.9070881539701892,3
MN0401,Manhattan,2025-04,27.0625,0,1,0.9688551424707373,3
MN0401,Manhattan,2025-05,29.4375,1,1,0.8769677054213497,3
MN0401,Manhattan,2025-06,23.28125,0,0,0.43593630629609215,3
MN0401,Manhattan,2025-07,21.28125,0,0,0.3643466702241378,3
MN0401,Manhattan,2025-08,21.1875,0,1,0.7189234299683703,3
MN0402,Manhattan,2025-03,25.28125,0,1,0.9267887568054985,3
MN0402,Manhattan,2025-04,27.0625,0,1,0.9721961687468432,3
MN0402,Manhattan,2025-05,29.4375,1,1,0.9108295710528407,3
MN0402,Manhattan,2025-06,23.28125,0,0,0.4792047283266275,3
MN0402,Manhattan,2025-07,21.28125,0,0,0.4169609279573835,3
MN0402,Manhattan,2025-08,21.1875,0,1,0.7511272713735007,3
MN0501,Manhattan,2025-03,25.28125,0,1,0.9041445766618804,3
MN0501,Manhattan,2025-04,27.0625,0,1,0.9677989623805555,3
MN0501,Manhattan,2025-05,29.4375,1,1,0.8732032604918583,3
MN0501,Manhattan,2025-06,23.28125,0,0,0.4274870671364345,3
MN0501,Manhattan,2025-07,21.28125,0,0,0.35640824167386914,3
MN0501,Manhattan,2025-08,21.1875,0,1,0.7119118267973715,3
MN0502,Manhattan,2025-03,25.28125,0,1,0.9159524364852532,3
MN0502,Manhattan,2025-04,27.0625,0,1,0.967847635769638,3
MN0502,Manhattan,2025-05,29.4375,1,1,0.8978913145533642,3
MN0502,Manhattan,2025-06,23.28125,0,0,0.4420061394979137,3
MN0502,Manhattan,2025-07,21.28125,0,0,0.38105875503698666,3
MN0502,Manhattan,2025-08,21.1875,0,1,0.7220871738415021,3
MN0601,Manhattan,2025-03,25.28125,0,1,0.9555097218625521,3
MN0601,Manhattan,2025-04,27.0625,0,1,0.9841594228201423,3
MN0601,Manhattan,2025-05,29.4375,1,1,0.9342651260629347,3
MN0601,Manhattan,2025-06,23.28125,0,1,0.5982989702478486,3
MN0601,Manhattan,2025-07,21.28125,0,1,0.5289961431300169,3
MN0601,Manhattan,2025-08,21.1875,0,1,0.8115755623705054,3
MN0602,Manhattan,2025-03,25.28125,0,1,0.925382534275619,3
MN0602,Manhattan,2025-04,27.0625,0,1,0.9753184991927243,3
MN0602,Manhattan,2025-05,29.4375,1,1,0.9005425410214148,3
MN0602,Manhattan,2025-06,23.28125,0,0,0.4953934003316541,3
MN0602,Manhattan,2025-07,21.28125,0,0,0.42133306534428777,3
MN0602,Manhattan,2025-08,21.1875,0,1,0.7646549307803076,3
MN0603,Manhattan,2025-03,25.28125,0,1,0.9414422655758506,3
MN0603,Manhattan,2025-04,27.0625,0,1,0.9789512089411688,3
MN0603,Manhattan,2025-05,29.4375,1,1,0.9140843042510896,3
MN0603,Manhattan,2025-06,23.28125,0,1,0.5271752133080816,3
MN0603,Manhattan,2025-07,21.28125,0,0,0.4567435198770414,3
MN0603,Manhattan,2025-08,21.1875,0,1,0.7632726109479081,3
MN0604,Manhattan,2025-03,25.28125,0,1,0.9382729485268246,3
MN0604,Manhattan,2025-04,27.0625,0,1,0.9777640374941811,3
MN0604,Manhattan,2025-05,29.4375,1,1,0.9095765111568107,3
MN0604,Manhattan,2025-06,23.28125,0,1,0.5131786616619378,3
MN0604,Manhattan,2025-07,21.28125,0,0,0.44286545397488725,3
MN0604,Manhattan,2025-08,21.1875,0,1,0.7529903144240034,3
MN0701,Manhattan,2025-03,25.28125,0,1,0.9257297507620368,3
MN0701,Manhattan,2025-04,27.0625,0,1,0.9717739802985361,3
MN0701,Manhattan,2025-05,29.4375,1,1,0.9095622410556562,3
MN0701,Manhattan,2025-06,23.28125,0,0,0.47533656598402246,3
MN0701,Manhattan,2025-07,21.28125,0,0,0.41319657095442464,3
MN0701,Manhattan,2025-08,21.1875,0,1,0.7482176151927384,3
MN0702,Manhattan,2025-03,25.28125,0,1,0.9284586664262501,3
MN0702,Manhattan,2025-04,27.0625,0,1,0.9728606885221206,3
MN0702,Manhattan,2025-05,29.4375,1,1,0.9128292626442078,3
MN0702,Manhattan,2025-06,23.28125,0,0,0.4854153221074198,3
MN0702,Manhattan,2025-07,21.28125,0,0,0.4230200715519963,3
MN0702,Manhattan,2025-08,21.1875,0,1,0.7557479621405372,3
MN0703,Manhattan,2025-03,25.28125,0,1,0.9357915331415599,3
MN0703,Manhattan,2025-04,27.0625,0,1,0.9757612363754473,3
MN0703,Manhattan,2025-05,29.4375,1,1,0.9216288934109311,3
MN0703,Manhattan,2025-06,23.28125,0,1,0.5144089821373365,3
MN0703,Manhattan,2025-07,21.28125,0,0,0.45155725998527796,3
MN0703,Manhattan,2025-08,21.1875,0,1,0.776522427099796,3
MN0801,Manhattan,2025-03,25.28125,0,1,0.9428914634417381,3
MN0801,Manhattan,2025-04,27.0625,0,1,0.9794923492952978,3
MN0801,Manhattan,2025-05,29.4375,1,1,0.9161502596272233,3
MN0801,Manhattan,2025-06,23.28125,0,1,0.5337998242572499,3
MN0801,Manhattan,2025-07,21.28125,0,0,0.4633503960964128,3
MN0801,Manhattan,2025-08,21.1875,0,1,0.7680447904632294,3
MN0802,Manhattan,2025-03,25.28125,0,1,0.9368415902245633,3
MN0802,Manhattan,2025-04,27.0625,0,1,0.9772261917978439,3
MN0802,Manhattan,2025-05,29.4375,1,1,0.907545294565353,3
MN0802,Manhattan,2025-06,23.28125,0,1,0.5070686361843323,3
MN0802,Manhattan,2025-07,21.28125,0,0,0.4368413768689683,3
MN0802,Manhattan,2025-08,21.1875,0,1,0.7484145582324617,3
MN0803,Manhattan,2025-03,25.28125,0,1,0.9472377229694066,3
MN0803,Manhattan,2025-04,27.0625,0,1,0.9811088978942946,3
MN0803,Manhattan,2025-05,29.4375,1,1,0.9223640951053764,3
MN0803,Manhattan,2025-06,23.28125,0,1,0.5545721998825929,3
MN0803,Manhattan,2025-07,21.28125,0,0,0.48422878861993646,3
MN0803,Manhattan,2025-08,21.1875,0,1,0.7826301228168828,3
MN0901,Manhattan,2025-03,25.28125,0,1,0.9458037481087008,3
MN0901,Manhattan,2025-04,27.0625,0,1,0.9796762192280163,3
MN0901,Manhattan,2025-05,29.4375,1,1,0.9336930492739588,3
MN0901,Manhattan,2025-06,23.28125,0,1,0.5591757577043471,3
MN0901,Manhattan,2025-07,21.28125,0,0,0.4964463098901081,3
MN0901,Manhattan,2025-08,21.1875,0,1,0.8062273413371467,3
MN0902,Manhattan,2025-03,25.28125,0,1,0.937669748572064,3
MN0902,Manhattan,2025-04,27.0625,0,1,0.9736720673564785,3
MN0902,Manhattan,2025-05,29.4375,1,1,0.9110058018318817,3
MN0902,Manhattan,2025-06,23.28125,0,1,0.501272010730369,3
MN0902,Manhattan,2025-07,21.28125,0,0,0.40831686750386537,3
MN0902,Manhattan,2025-08,21.1875,0,1,0.7172671128580321,3
MN0903,Manhattan,2025-03,25.28125,0,1,0.9449227455051036,3
MN0903,Manhattan,2025-04,27.0625,0,1,0.976839169980196,3
MN0903,Manhattan,2025-05,29.4375,1,1,0.9211004456264422,3
MN0903,Manhattan,2025-06,23.28125,0,1,0.5340729786511668,3
MN0903,Manhattan,2025-07,21.28125,0,0,0.44040653804630486,3
MN0903,Manhattan,2025-08,21.1875,0,1,0.7431415051076432,3
MN1001,Manhattan,2025-03,25.28125,0,1,0.9383096841279147,3
MN1001,Manhattan,2025-04,27.0625,0,1,0.9739526402823054,3
MN1001,Manhattan,2025-05,29.4375,1,1,0.9118937694048129,3
MN1001,Manhattan,2025-06,23.28125,0,1,0.5040224673630286,3
MN1001,Manhattan,2025-07,21.28125,0,0,0.41097758328986267,3
MN1001,Manhattan,2025-08,21.1875,0,1,0.7194929533382274,3
MN1002,Manhattan,2025-03,25.28125,0,1,0.9358421243946407,3
MN1002,Manhattan,2025-04,27.0625,0,1,0.9728695456410172,3
MN1002,Manhattan,2025-05,29.4375,1,1,0.9084726630501847,3
MN1002,Manhattan,2025-06,23.28125,0,0,0.4935596241036863,3
MN1002,Manhattan,2025-07,21.28125,0,0,0.40088505942831354,3
MN1002,Manhattan,2025-08,21.1875,0,1,0.7109689715348569,3
MN1101,Manhattan,2025-03,25.28125,0,1,0.9395311351751459,3
MN1101,Manhattan,2025-04,27.0625,0,1,0.9744875591322683,3
MN1101,Manhattan,2025-05,29.4375,1,1,0.9135900820247819,3
MN1101,Manhattan,2025-06,23.28125,0,1,0.5093462834077555,3
MN1101,Manhattan,2025-07,21.28125,0,0,0.4161432041291386,3
MN1101,Manhattan,2025-08,21.1875,0,1,0.7237714690429637,3
MN1102,Manhattan,2025-03,25.28125,0,1,0.9365605235645303,3
MN1102,Manhattan,2025-04,27.0625,0,1,0.9731852151014734,3
MN1102,Manhattan,2025-05,29.4375,1,1,0.9094678809784997,3
MN1102,Manhattan,2025-06,23.28125,0,0,0.4965662926681953,3
MN1102,Manhattan,2025-07,21.28125,0,0,0.40377728413120434,3
MN1102,Manhattan,2025-08,21.1875,0,1,0.7134343208589702,3
MN1201,Manhattan,2025-03,25.28125,0,1,0.9338423274971056,3
MN1201,Manhattan,2025-04,27.0625,0,1,0.9719893465168583,3
MN1201,Manhattan,2025-05,29.4375,1,1,0.9057057195129299,3
MN1201,Manhattan,2025-06,23.28125,0,0,0.4853551578718129,3
MN1201,Manhattan,2025-07,21.28125,0,0,0.3930255880559046,3
MN1201,Manhattan,2025-08,21.1875,0,1,0.7041755622937831,3
MN1202,Manhattan,2025-03,25.28125,0,1,0.9362087477501678,3
MN1202,Manhattan,2025-04,27.0625,0,1,0.97303067736653,3
MN1202,Manhattan,2025-05,29.4375,1,1,0.9089804749095282,3
MN1202,Manhattan,2025-06,23.28125,0,0,0.49509004177436455,3
MN1202,Manhattan,2025-07,21.28125,0,0,0.4023564180598354,3
MN1202,Manhattan,2025-08,21.1875,0,1,0.7122254626509651,3
MN1203,Manhattan,2025-03,25.28125,0,1,0.9244783455577875,3
MN1203,Manhattan,2025-04,27.0625,0,1,0.9660719353183209,3
MN1203,Manhattan,2025-05,29.4375,1,1,0.9007587091653894,3
MN1203,Manhattan,2025-06,23.28125,0,0,0.46763724386834843,3
MN1203,Manhattan,2025-07,21.28125,0,0,0.3107645259713884,3
MN1203,Manhattan,2025-08,21.1875,0,1,0.694787076986732,3
QN0101,Queens,2025-03,14.76271186440678,0,0,4.611537664628111e-05,3
QN0101,Queens,2025-04,14.542372881355933,0,0,0.00011336042891137465,3
QN0101,Queens,2025-05,16.64406779661017,0,0,3.1380552221251055e-05,3
QN0101,Queens,2025-06,11.864406779661016,0,0,3.0812230469865463e-06,3
QN0101,Queens,2025-07,9.932203389830509,0,0,2.115543576660871e-06,3
QN0101,Queens,2025-08,9.796610169491526,0,0,7.777069411485901e-06,3
QN0102,Queens,2025-03,14.76271186440678,0,0,5.18834611991209e-05,3
QN0102,Queens,2025-04,14.542372881355933,0,0,0.00015007583061424907,3
QN0102,Queens,2025-05,16.64406779661017,0,0,3.433530236198369e-05,3
QN0102,Queens,2025-06,11.864406779661016,0,0,3.598282296952288e-06,3
QN0102,Queens,2025-07,9.932203389830509,0,0,2.713365810258091e-06,3
QN0102,Queens,2025-08,9.796610169491526,0,0,1.0405637659963858e-05,3
QN0103,Queens,2025-03,14.76271186440678,0,0,4.810404009451234e-05,3
QN0103,Queens,2025-04,14.542372881355933,0,0,0.00013914463775012767,3
QN0103,Queens,2025-05,16.64406779661017,0,0,3.183412617231772e-05,3
QN0103,Queens,2025-06,11.864406779661016,0,0,3.3361557428278965e-06,3
QN0103,Queens,2025-07,9.932203389830509,0,0,2.515703216061632e-06,3
QN0103,Queens,2025-08,9.796610169491526,0,0,9.647615775347961e-06,3
QN0104,Queens,2025-03,14.76271186440678,0,0,4.6499904586091e-05,3
QN0104,Queens,2025-04,14.542372881355933,0,0,0.00013450496071805914,3
QN0104,Queens,2025-05,16.64406779661017,0,0,3.077253019726733e-05,3
QN0104,Queens,2025-06,11.864406779661016,0,0,3.2248994433268137e-06,3
QN0104,Queens,2025-07,9.932203389830509,0,0,2.4318078364645906e-06,3
QN0104,Queens,2025-08,9.796610169491526,0,0,9.32588274956808e-06,3
QN0105,Queens,2025-03,14.76271186440678,0,0,5.575442240182996e-05,3
QN0105,Queens,2025-04,14.542372881355933,0,0,0.00016127162214411053,3
QN0105,Queens,2025-05,16.64406779661017,0,0,3.689706533495208e-05,3
QN0105,Queens,2025-06,11.864406779661016,0,0,3.866759642520882e-06,3
QN0105,Queens,2025-07,9.932203389830509,0,0,2.9158173921292963e-06,3
QN0105,Queens,2025-08,9.796610169491526,0,0,1.1182024088479955e-05,3
QN0201,Queens,2025-03,14.76271186440678,0,0,3.609340973258545e-05,3
QN0201,Queens,2025-04,14.542372881355933,0,0,0.00010440533852391214,3
QN0201,Queens,2025-05,16.64406779661017,0,0,2.3885675493960462e-05,3
QN0201,Queens,2025-06,11.864406779661016,0,0,2.503155450838332e-06,3
QN0201,Queens,2025-07,9.932203389830509,0,0,1.8875602380017166e-06,3
QN0201,Queens,2025-08,9.796610169491526,0,0,7.2387268265068945e-06,3
QN0202,Queens,2025-03,14.76271186440678,0,0,5.153733939853734e-05,3
QN0202,Queens,2025-04,14.542372881355933,0,0,0.0001490747514895916,3
QN0202,Queens,2025-05,16.64406779661017,0,0,3.4106242781768764e-05,3
QN0202,Queens,2025-06,11.864406779661016,0,0,3.5742765028663033e-06,3
QN0202,Queens,2025-07,9.932203389830509,0,0,2.6952636846321502e-06,3
QN0202,Queens,2025-08,9.796610169491526,0,0,1.0336217340690681e-05,3
QN0203,Queens,2025-03,14.76271186440678,0,0,5.149508203153267e-05,3
QN0203,Queens,2025-04,14.542372881355933,0,0,0.00014895253151097252,3
QN0203,Queens,2025-05,16.64406779661017,0,0,3.407827732724024e-05,3
QN0203,Queens,2025-06,11.864406779661016,0,0,3.5713456811655433e-06,3
QN0203,Queens,2025-07,9.932203389830509,0,0,2.693053630589659e-06,3
QN0203,Queens,2025-08,9.796610169491526,0,0,1.0327741945632366e-05,3
QN0301,Queens,2025-03,14.76271186440678,0,0,4.606456317974164e-05,3
QN0301,Queens,2025-04,14.542372881355933,0,0,0.00013324580816500092,3
QN0301,Queens,2025-05,16.64406779661017,0,0,3.048442712647517e-05,3
QN0301,Queens,2025-06,11.864406779661016,0,0,3.19470599539099e-06,3
QN0301,Queens,2025-07,9.932203389830509,0,0,2.4090397712030106e-06,3
QN0301,Queens,2025-08,9.796610169491526,0,0,9.238568754709211e-06,3
QN0302,Queens,2025-03,14.76271186440678,0,0,5.750449355889977e-05,3
QN0302,Queens,2025-04,14.542372881355933,0,0,0.00014135471213878577,3
QN0302,Queens,2025-05,16.64406779661017,0,0,3.913075120294237e-05,3
QN0302,Queens,2025-06,11.864406779661016,0,0,3.842233697110093e-06,3
QN0302,Queens,2025-07,9.932203389830509,0,0,2.6380481492854773e-06,3
QN0302,Queens,2025-08,9.796610169491526,0,0,9.697864466679838e-06,3
QN0303,Queens,2025-03,14.76271186440678,0,0,5.0522936017352455e-05,3
QN0303,Queens,2025-04,14.542372881355933,0,0,0.00014614081129255018,3
QN0303,Queens,2025-05,16.64406779661017,0,0,3.343492215029377e-05,3
QN0303,Queens,2025-06,11.864406779661016,0,0,3.5039211313957424e-06,3
QN0303,Queens,2025-07,9.932203389830509,0,0,2.6422105867548935e-06,3
QN0303,Queens,2025-08,9.796610169491526,0,0,1.0132762574542797e-05,3
QN0401,Queens,2025-03,14.76271186440678,0,0,5.074351328167302e-05,3
QN0401,Queens,2025-04,14.542372881355933,0,0,0.00014677878380591942,3
QN0401,Queens,2025-05,16.64406779661017,0,0,3.3580897638309474e-05,3
QN0401,Queens,2025-06,11.864406779661016,0,0,3.519219566112789e-06,3
QN0401,Queens,2025-07,9.932203389830509,0,0,2.6537467257370094e-06,3
QN0401,Queens,2025-08,9.796610169491526,0,0,1.0177002832492193e-05,3
QN0402,Queens,2025-03,14.76271186440678,0,0,5.718568348114094e-05,3
QN0402,Queens,2025-04,14.542372881355933,0,0,0.00016541114693524473,3
QN0402,Queens,2025-05,16.64406779661017,0,0,3.784426114015907e-05,3
QN0402,Queens,2025-06,11.864406779661016,0,0,3.966027770386201e-06,3
QN0402,Queens,2025-07,9.932203389830509,0,0,2.9906728377190057e-06,3
QN0402,Queens,2025-08,9.796610169491526,0,0,1.1469088807018872e-05,3
QN0501,Queens,2025-03,14.76271186440678,0,0,5.4328307841414454e-05,3
QN0501,Queens,2025-04,14.542372881355933,0,0,0.00015714695992213274,3
QN0501,Queens,2025-05,16.64406779661017,0,0,3.595327636216043e-05,3
QN0501,Queens,2025-06,11.864406779661016,0,0,3.7678487253570424e-06,3
QN0501,Queens,2025-07,9.932203389830509,0,0,2.8412313132301825e-06,3
QN0501,Queens,2025-08,9.796610169491526,0,0,1.089599224873279e-05,3
QN0502,Queens,2025-03,14.76271186440678,0,0,3.749911414032789e-05,3
QN0502,Queens,2025-04,14.542372881355933,0,0,0.00010847125053291223,3
QN0502,Queens,2025-05,16.64406779661017,0,0,2.481594574110789e-05,3
QN0502,Queens,2025-06,11.864406779661016,0,0,2.6006474716338535e-06,3
QN0502,Queens,2025-07,9.932203389830509,0,0,1.9610763193181773e-06,3
QN0502,Queens,2025-08,9.796610169491526,0,0,7.52065683365762e-06,3
QN0503,Queens,2025-03,14.76271186440678,0,0,6.073208664696188e-05,3
QN0503,Queens,2025-04,14.542372881355933,0,0,0.0001756680355871782,3
QN0503,Queens,2025-05,16.64406779661017,0,0,4.019124304752096e-05,3
QN0503,Queens,2025-06,11.864406779661016,0,0,4.211997173832308e-06,3
QN0503,Queens,2025-07,9.932203389830509,0,0,3.176151815267909e-06,3
QN0503,Queens,2025-08,9.796610169491526,0,0,1.2180385503860215e-05,3
QN0504,Queens,2025-03,14.76271186440678,0,0,5.877462883149182e-05,3
QN0504,Queens,2025-04,14.542372881355933,0,0,0.0001700067033762547,3
QN0504,Queens,2025-05,16.64406779661017,0,0,3.889581206248777e-05,3
QN0504,Queens,2025-06,11.864406779661016,0,0,4.076232732890233e-06,3
QN0504,Queens,2025-07,9.932203389830509,0,0,3.073775462668295e-06,3
QN0504,Queens,2025-08,9.796610169491526,0,0,1.1787780663973582e-05,3
QN0601,Queens,2025-03,14.76271186440678,0,0,6.431581264477914e-05,3
QN0601,Queens,2025-04,14.542372881355933,0,0,0.00018603272926943012,3
QN0601,Queens,2025-05,16.64406779661017,0,0,4.2562930633297235e-05,3
QN0601,Queens,2025-06,11.864406779661016,0,0,4.460556842368386e-06,3
QN0601,Queens,2025-07,9.932203389830509,0,0,3.3635840655437333e-06,3
QN0601,Queens,2025-08,9.796610169491526,0,0,1.2899172081834369e-05,3
QN0602,Queens,2025-03,14.76271186440678,0,0,4.1139998471229925e-05,3
QN0602,Queens,2025-04,14.542372881355933,0,0,0.00010530264698906043,3
QN0602,Queens,2025-05,16.64406779661017,0,0,2.9628011225369624e-05,3
QN0602,Queens,2025-06,11.864406779661016,0,0,4.221832149180197e-06,3
QN0602,Queens,2025-07,9.932203389830509,0,0,2.39439155812943e-06,3
QN0602,Queens,2025-08,9.796610169491526,0,0,8.255947916107564e-06,3
QN0701,Queens,2025-03,14.76271186440678,0,0,4.297445156993686e-05,3
QN0701,Queens,2025-04,14.542372881355933,0,0,0.00010563991730954314,3
QN0701,Queens,2025-05,16.64406779661017,0,0,2.924318885104319e-05,3
QN0701,Queens,2025-06,11.864406779661016,0,0,2.871352076216425e-06,3
QN0701,Queens,2025-07,9.932203389830509,0,0,1.971447684568512e-06,3
QN0701,Queens,2025-08,9.796610169491526,0,0,7.2473531462889834e-06,3
QN0702,Queens,2025-03,14.76271186440678,0,0,3.704407587329017e-05,3
QN0702,Queens,2025-04,14.542372881355933,0,0,9.569759867923341e-05,3
QN0702,Queens,2025-05,16.64406779661017,0,0,2.590796123093282e-05,3
QN0702,Queens,2025-06,11.864406779661016,0,0,2.9067927291235847e-06,3
QN0702,Queens,2025-07,9.932203389830509,0,0,1.8139711748924866e-06,3
QN0702,Queens,2025-08,9.796610169491526,0,0,6.687780641258886e-06,3
QN0703,Queens,2025-03,14.76271186440678,0,0,5.66948859575274e-05,3
QN0703,Queens,2025-04,14.542372881355933,0,0,0.00014645784794559998,3
QN0703,Queens,2025-05,16.64406779661017,0,0,3.965161905603873e-05,3
QN0703,Queens,2025-06,11.864406779661016,0,0,4.448842707001315e-06,3
QN0703,Queens,2025-07,9.932203389830509,0,0,2.7762822680268302e-06,3
QN0703,Queens,2025-08,9.796610169491526,0,0,1.0235619538717468e-05,3
QN0704,Queens,2025-03,14.76271186440678,0,0,4.608299014633017e-05,3
QN0704,Queens,2025-04,14.542372881355933,0,0,0.00011795390405062242,3
QN0704,Queens,2025-05,16.64406779661017,0,0,3.3187877702479644e-05,3
QN0704,Queens,2025-06,11.864406779661016,0,0,4.7291084003967885e-06,3
QN0704,Queens,2025-07,9.932203389830509,0,0,2.6820914043073043e-06,3
QN0704,Queens,2025-08,9.796610169491526,0,0,9.247940784598778e-06,3
QN0705,Queens,2025-03,14.76271186440678,0,0,6.71069536459636e-05,3
QN0705,Queens,2025-04,14.542372881355933,0,0,0.00017176115528344123,3
QN0705,Queens,2025-05,16.64406779661017,0,0,4.832912244741797e-05,3
QN0705,Queens,2025-06,11.864406779661016,0,0,6.886750294979135e-06,3
QN0705,Queens,2025-07,9.932203389830509,0,0,3.905791421302763e-06,3
QN0705,Queens,2025-08,9.796610169491526,0,0,1.3467258989928897e-05,3
QN0706,Queens,2025-03,14.76271186440678,0,0,6.674168427051056e-05,3
QN0706,Queens,2025-04,14.542372881355933,0,0,0.00017082634069424152,3
QN0706,Queens,2025-05,16.64406779661017,0,0,4.8066057636410215e-05,3
QN0706,Queens,2025-06,11.864406779661016,0,0,6.849262828881363e-06,3
QN0706,Queens,2025-07,9.932203389830509,0,0,3.884530499777617e-06,3
QN0706,Queens,2025-08,9.796610169491526,0,0,1.3393951538800355e-05,3
QN0707,Queens,2025-03,14.76271186440678,0,0,6.151461472188164e-05,3
QN0707,Queens,2025-04,14.542372881355933,0,0,0.0001574488614424616,3
QN0707,Queens,2025-05,16.64406779661017,0,0,4.4301559423729855e-05,3
QN0707,Queens,2025-06,11.864406779661016,0,0,6.312813232386304e-06,3
QN0707,Queens,2025-07,9.932203389830509,0,0,3.5802845443412985e-06,3
QN0707,Queens,2025-08,9.796610169491526,0,0,1.2344913600561769e-05,3
QN0801,Queens,2025-03,14.76271186440678,0,0,6.076378225466817e-05,3
QN0801,Queens,2025-04,14.542372881355933,0,0,0.00015552726095405164,3
QN0801,Queens,2025-05,16.64406779661017,0,0,4.376081613989754e-05,3
QN0801,Queens,2025-06,11.864406779661016,0,0,6.235756363429946e-06,3
QN0801,Queens,2025-07,9.932203389830509,0,0,3.5365819585888502e-06,3
QN0801,Queens,2025-08,9.796610169491526,0,0,1.2194227260496582e-05,3
QN0802,Queens,2025-03,14.76271186440678,0,0,5.9415121465818726e-05,3
QN0802,Queens,2025-04,14.542372881355933,0,0,0.00015207563115681347,3
QN0802,Queens,2025-05,16.64406779661017,0,0,4.278952245306387e-05,3
QN0802,Queens,2025-06,11.864406779661016,0,0,6.097345484301215e-06,3
QN0802,Queens,2025-07,9.932203389830509,0,0,3.45808262644678e-06,3
QN0802,Queens,2025-08,9.796610169491526,0,0,1.1923561797732298e-05,3
QN0803,Queens,2025-03,14.76271186440678,0,0,7.608360489336678e-05,3
QN0803,Queens,2025-04,14.542372881355933,0,0,0.0001947342892253303,3
QN0803,Queens,2025-05,16.64406779661017,0,0,5.479406967796067e-05,3
QN0803,Queens,2025-06,11.864406779661016,0,0,7.808028543823533e-06,3
QN0803,Queens,2025-07,9.932203389830509,0,0,4.428292265432772e-06,3
QN0803,Queens,2025-08,9.796610169491526,0,0,1.5268834432614497e-05,3
QN0804,Queens,2025-03,14.76271186440678,0,0,7.267915913727898e-05,3
QN0804,Queens,2025-04,14.542372881355933,0,0,0.00018602167396257764,3
QN0804,Queens,2025-05,16.64406779661017,0,0,5.234219805282223e-05,3
QN0804,Queens,2025-06,11.864406779661016,0,0,7.458626810092306e-06,3
QN0804,Queens,2025-07,9.932203389830509,0,0,4.230129825110552e-06,3
QN0804,Queens,2025-08,9.796610169491526,0,0,1.4585573713134898e-05,3
QN0805,Queens,2025-03,14.76271186440678,0,0,6.846326885680533e-05,3
QN0805,Queens,2025-04,14.542372881355933,0,0,0.00017523229173101268,3
QN0805,Queens,2025-05,16.64406779661017,0,0,4.930593298911101e-05,3
QN0805,Queens,2025-06,11.864406779661016,0,0,7.025948657768934e-06,3
QN0805,Queens,2025-07,9.932203389830509,0,0,3.984737426517566e-06,3
QN0805,Queens,2025-08,9.796610169491526,0,0,1.373946398313882e-05,3
QN0901,Queens,2025-03,14.76271186440678,0,0,6.274549107370976e-05,3
QN0901,Queens,2025-04,14.542372881355933,0,0,0.00015741865964237335,3
QN0901,Queens,2025-05,16.64406779661017,0,0,5.786554242391064e-05,3
QN0901,Queens,2025-06,11.864406779661016,0,0,1.0392562089139674e-05,3
QN0901,Queens,2025-07,9.932203389830509,0,0,4.84423129340778e-06,3
QN0901,Queens,2025-08,9.796610169491526,0,0,1.657976271063737e-05,3
QN0902,Queens,2025-03,14.76271186440678,0,0,3.750260474339935e-05,3
QN0902,Queens,2025-04,14.542372881355933,0,0,9.409177532396882e-05,3
QN0902,Queens,2025-05,16.64406779661017,0,0,3.458582071738534e-05,3
QN0902,Queens,2025-06,11.864406779661016,0,0,6.211441371381899e-06,3
QN0902,Queens,2025-07,9.932203389830509,0,0,2.8953006240184587e-06,3
QN0902,Queens,2025-08,9.796610169491526,0,0,9.909440953972986e-06,3
QN0903,Queens,2025-03,14.76271186440678,0,0,5.569132334974089e-05,3
QN0903,Queens,2025-04,14.542372881355933,0,0,0.00013972233930254792,3
QN0903,Queens,2025-05,16.64406779661017,0,0,5.135997520565927e-05,3
QN0903,Queens,2025-06,11.864406779661016,0,0,9.224123026110956e-06,3
QN0903,Queens,2025-07,9.932203389830509,0,0,4.299590145338714e-06,3
QN0903,Queens,2025-08,9.796610169491526,0,0,1.47157049494849e-05,3
QN0904,Queens,2025-03,14.76271186440678,0,0,6.0811875647600976e-05,3
QN0904,Queens,2025-04,14.542372881355933,0,0,0.00015256796499705797,3
QN0904,Queens,2025-05,16.64406779661017,0,0,5.608230297866893e-05,3
QN0904,Queens,2025-06,11.864406779661016,0,0,1.0072280301337511e-05,3
QN0904,Queens,2025-07,9.932203389830509,0,0,4.694939194981692e-06,3
QN0904,Queens,2025-08,9.796610169491526,0,0,1.606880457021812e-05,3
QN0905,Queens,2025-03,14.76271186440678,0,0,5.4255967863878684e-05,3
QN0905,Queens,2025-04,14.542372881355933,0,0,0.0001361215125484439,3
QN0905,Queens,2025-05,16.64406779661017,0,0,5.0036247758995394e-05,3
QN0905,Queens,2025-06,11.864406779661016,0,0,8.986375129515879e-06,3
QN0905,Queens,2025-07,9.932203389830509,0,0,4.188769483620843e-06,3
QN0905,Queens,2025-08,9.796610169491526,0,0,1.4336415864681907e-05,3
QN1001,Queens,2025-03,14.76271186440678,0,0,3.191274622122535e-05,3
QN1001,Queens,2025-04,14.542372881355933,0,0,8.006783252543283e-05,3
QN1001,Queens,2025-05,16.64406779661017,0,0,2.943070346954299e-05,3
QN1001,Queens,2025-06,11.864406779661016,0,0,5.285585600146348e-06,3
QN1001,Queens,2025-07,9.932203389830509,0,0,2.4637360005581366e-06,3
QN1001,Queens,2025-08,9.796610169491526,0,0,8.432378920006773e-06,3
QN1002,Queens,2025-03,14.76271186440678,0,0,4.230982860208921e-05,3
QN1002,Queens,2025-04,14.542372881355933,0,0,0.0001061520402573786,3
QN1002,Queens,2025-05,16.64406779661017,0,0,3.901917490159961e-05,3
QN1002,Queens,2025-06,11.864406779661016,0,0,7.007675220234054e-06,3
QN1002,Queens,2025-07,9.932203389830509,0,0,3.2664455558407204e-06,3
QN1002,Queens,2025-08,9.796610169491526,0,0,1.1179709627610721e-05,3
QN1003,Queens,2025-03,14.76271186440678,0,0,3.1570750435286616e-05,3
QN1003,Queens,2025-04,14.542372881355933,0,0,7.920981934825498e-05,3
QN1003,Queens,2025-05,16.64406779661017,0,0,2.9115305941254926e-05,3
QN1003,Queens,2025-06,11.864406779661016,0,0,5.228940659370636e-06,3
QN1003,Queens,2025-07,9.932203389830509,0,0,2.4373323851425573e-06,3
QN1003,Queens,2025-08,9.796610169491526,0,0,8.34201048144845e-06,3
QN1101,Queens,2025-03,14.76271186440678,0,0,4.447255758679124e-05,3
QN1101,Queens,2025-04,14.542372881355933,0,0,0.00011383213089537305,3
QN1101,Queens,2025-05,16.64406779661017,0,0,3.202806789385887e-05,3
QN1101,Queens,2025-06,11.864406779661016,0,0,4.563836700879154e-06,3
QN1101,Queens,2025-07,9.932203389830509,0,0,2.588358158459905e-06,3
QN1101,Queens,2025-08,9.796610169491526,0,0,8.924747468701322e-06,3
QN1102,Queens,2025-03,14.76271186440678,0,0,4.342798610204901e-05,3
QN1102,Queens,2025-04,14.542372881355933,0,0,0.00011115862276997332,3
QN1102,Queens,2025-05,16.64406779661017,0,0,3.1275783455416415e-05,3
QN1102,Queens,2025-06,11.864406779661016,0,0,4.456637121367005e-06,3
QN1102,Queens,2025-07,9.932203389830509,0,0,2.527560312335093e-06,3
QN1102,Queens,2025-08,9.796610169491526,0,0,8.715115712708868e-06,3
QN1103,Queens,2025-03,14.76271186440678,0,0,3.647530254030106e-05,3
QN1103,Queens,2025-04,14.542372881355933,0,0,9.422834624817826e-05,3
QN1103,Queens,2025-05,16.64406779661017,0,0,2.551016701692283e-05,3
QN1103,Queens,2025-06,11.864406779661016,0,0,2.862160443806211e-06,3
QN1103,Queens,2025-07,9.932203389830509,0,0,1.7861185642324518e-06,3
QN1103,Queens,2025-08,9.796610169491526,0,0,6.585093642125761e-06,3
QN1104,Queens,2025-03,14.76271186440678,0,0,6.577955358142574e-05,3
QN1104,Queens,2025-04,14.542372881355933,0,0,0.00016836400542246703,3
QN1104,Queens,2025-05,16.64406779661017,0,0,4.737313714846076e-05,3
QN1104,Queens,2025-06,11.864406779661016,0,0,6.750519816062664e-06,3
QN1104,Queens,2025-07,9.932203389830509,0,0,3.828528653255793e-06,3
QN1104,Queens,2025-08,9.796610169491526,0,0,1.3200857678844918e-05,3
QN1201,Queens,2025-03,14.76271186440678,0,0,4.1519837966203635e-05,3
QN1201,Queens,2025-04,14.542372881355933,0,0,0.00010627482772687222,3
QN1201,Queens,2025-05,16.64406779661017,0,0,2.99015654304084e-05,3
QN1201,Queens,2025-06,11.864406779661016,0,0,4.260813150705399e-06,3
QN1201,Queens,2025-07,9.932203389830509,0,0,2.416499484219933e-06,3
QN1201,Queens,2025-08,9.796610169491526,0,0,8.332176386749107e-06,3
QN1202,Queens,2025-03,14.76271186440678,0,0,3.620357903089188e-05,3
QN1202,Queens,2025-04,14.542372881355933,0,0,9.083277614569233e-05,3
QN1202,Queens,2025-05,16.64406779661017,0,0,3.33878240124119e-05,3
QN1202,Queens,2025-06,11.864406779661016,0,0,5.996281228386415e-06,3
QN1202,Queens,2025-07,9.932203389830509,0,0,2.7950090405860093e-06,3
QN1202,Queens,2025-08,9.796610169491526,0,0,9.566185823048565e-06,3
QN1203,Queens,2025-03,14.76271186440678,0,0,3.3302533746885564e-05,3
QN1203,Queens,2025-04,14.542372881355933,0,0,8.35545798577421e-05,3
QN1203,Queens,2025-05,16.64406779661017,0,0,3.07124023310579e-05,3
QN1203,Queens,2025-06,11.864406779661016,0,0,5.515777167047553e-06,3
QN1203,Queens,2025-07,9.932203389830509,0,0,2.571034030212368e-06,3
QN1203,Queens,2025-08,9.796610169491526,0,0,8.799614698399654e-06,3
QN1204,Queens,2025-03,14.76271186440678,0,0,4.0494863342465466e-05,3
QN1204,Queens,2025-04,14.542372881355933,0,0,0.00010159871308051172,3
QN1204,Queens,2025-05,16.64406779661017,0,0,3.734536358406091e-05,3
QN1204,Queens,2025-06,11.864406779661016,0,0,6.707056729220728e-06,3
QN1204,Queens,2025-07,9.932203389830509,0,0,3.126319562660946e-06,3
QN1204,Queens,2025-08,9.796610169491526,0,0,1.0700119191051742e-05,3
QN1205,Queens,2025-03,14.76271186440678,0,0,4.5825578576203436e-05,3
QN1205,Queens,2025-04,14.542372881355933,0,0,0.0001172950811434856,3
QN1205,Queens,2025-05,16.64406779661017,0,0,3.3002493611009916e-05,3
QN1205,Queens,2025-06,11.864406779661016,0,0,4.7026913368103215e-06,3
QN1205,Queens,2025-07,9.932203389830509,0,0,2.6671090614635485e-06,3
QN1205,Queens,2025-08,9.796610169491526,0,0,9.196281503131396e-06,3
QN1206,Queens,2025-03,14.76271186440678,0,0,7.04090956848107e-05,3
QN1206,Queens,2025-04,14.542372881355933,0,0,0.0001802121043768556,3
QN1206,Queens,2025-05,16.64406779661017,0,0,5.0707307757371786e-05,3
QN1206,Queens,2025-06,11.864406779661016,0,0,7.225649073453818e-06,3
QN1206,Queens,2025-07,9.932203389830509,0,0,4.097997037153847e-06,3
QN1206,Queens,2025-08,9.796610169491526,0,0,1.4129981742132496e-05,3
QN1301,Queens,2025-03,14.76271186440678,0,0,4.913120673009348e-05,3
QN1301,Queens,2025-04,14.542372881355933,0,0,0.00011832089548204491,3
QN1301,Queens,2025-05,16.64406779661017,0,0,3.416622247707776e-05,3
QN1301,Queens,2025-06,11.864406779661016,0,0,6.249608364941771e-06,3
QN1301,Queens,2025-07,9.932203389830509,0,0,3.0272093065480986e-06,3
QN1301,Queens,2025-08,9.796610169491526,0,0,1.051415078191845e-05,3
QN1302,Queens,2025-03,14.76271186440678,0,0,5.448037880365941e-05,3
QN1302,Queens,2025-04,14.542372881355933,0,0,0.0001394460122963424,3
QN1302,Queens,2025-05,16.64406779661017,0,0,3.923557026159583e-05,3
QN1302,Queens,2025-06,11.864406779661016,0,0,5.59090366861104e-06,3
QN1302,Queens,2025-07,9.932203389830509,0,0,3.170855686961415e-06,3
QN1302,Queens,2025-08,9.796610169491526,0,0,1.0933203281596698e-05,3
QN1303,Queens,2025-03,14.76271186440678,0,0,4.8225789612471396e-05,3
QN1303,Queens,2025-04,14.542372881355933,0,0,0.0001234381955615786,3
QN1303,Queens,2025-05,16.64406779661017,0,0,3.4731091936596665e-05,3
QN1303,Queens,2025-06,11.864406779661016,0,0,4.949015344177927e-06,3
QN1303,Queens,2025-07,9.932203389830509,0,0,2.80681085187049e-06,3
QN1303,Queens,2025-08,9.796610169491526,0,0,9.677974652456765e-06,3
QN1304,Queens,2025-03,14.76271186440678,0,0,3.6610743231616995e-05,3
QN1304,Queens,2025-04,14.542372881355933,0,0,9.206105911009616e-05,3
QN1304,Queens,2025-05,16.64406779661017,0,0,3.74848454936786e-05,3
QN1304,Queens,2025-06,11.864406779661016,0,0,7.812320814120013e-06,3
QN1304,Queens,2025-07,9.932203389830509,0,0,3.1845362111516417e-06,3
QN1304,Queens,2025-08,9.796610169491526,0,0,9.957285149775003e-06,3
QN1305,Queens,2025-03,14.76271186440678,0,0,2.8718551600400554e-05,3
QN1305,Queens,2025-04,14.542372881355933,0,0,7.221628538072898e-05,3
QN1305,Queens,2025-05,16.64406779661017,0,0,2.9404228851287142e-05,3
QN1305,Queens,2025-06,11.864406779661016,0,0,6.128177844415557e-06,3
QN1305,Queens,2025-07,9.932203389830509,0,0,2.4980265466374376e-06,3
QN1305,Queens,2025-08,9.796610169491526,0,0,7.810744580669708e-06,3
QN1306,Queens,2025-03,14.76271186440678,0,0,2.9222334973114977e-05,3
QN1306,Queens,2025-04,14.542372881355933,0,0,7.331799355564913e-05,3
QN1306,Queens,2025-05,16.64406779661017,0,0,2.6949535754535183e-05,3
QN1306,Queens,2025-06,11.864406779661016,0,0,4.839972252114163e-06,3
QN1306,Queens,2025-07,9.932203389830509,0,0,2.256024581655466e-06,3
QN1306,Queens,2025-08,9.796610169491526,0,0,7.721470033240541e-06,3
QN1307,Queens,2025-03,14.76271186440678,0,0,2.5771225216272085e-05,3
QN1307,Queens,2025-04,14.542372881355933,0,0,6.480516458897224e-05,3
QN1307,Queens,2025-05,16.64406779661017,0,0,2.638653466608752e-05,3
QN1307,Queens,2025-06,11.864406779661016,0,0,5.4992426997913174e-06,3
QN1307,Queens,2025-07,9.932203389830509,0,0,2.2416531440879973e-06,3
QN1307,Queens,2025-08,9.796610169491526,0,0,7.009128752946989e-06,3
QN1401,Queens,2025-03,14.76271186440678,0,0,2.2578875301224655e-05,3
QN1401,Queens,2025-04,14.542372881355933,0,0,5.651776587794357e-05,3
QN1401,Queens,2025-05,16.64406779661017,0,0,2.0774491307427807e-05,3
QN1401,Queens,2025-06,11.864406779661016,0,0,3.7296872420849012e-06,3
QN1401,Queens,2025-07,9.932203389830509,0,0,1.7382813683407115e-06,3
QN1401,Queens,2025-08,9.796610169491526,0,0,5.925566323285566e-06,3
QN1402,Queens,2025-03,14.76271186440678,0,0,1.7713422557623554e-05,3
QN1402,Queens,2025-04,14.542372881355933,0,0,4.433924973997829e-05,3
QN1402,Queens,2025-05,16.64406779661017,0,0,1.629785341184538e-05,3
QN1402,Queens,2025-06,11.864406779661016,0,0,2.925976466877862e-06,3
QN1402,Queens,2025-07,9.932203389830509,0,0,1.363698311364874e-06,3
QN1402,Queens,2025-08,9.796610169491526,0,0,4.648667487036988e-06,3
QN1403,Queens,2025-03,14.76271186440678,0,0,9.890761791292843e-06,3
QN1403,Queens,2025-04,14.542372881355933,0,0,2.2293186260295173e-05,3
QN1403,Queens,2025-05,16.64406779661017,0,0,9.406901785861143e-06,3
QN1403,Queens,2025-06,11.864406779661016,0,0,1.7865300094811008e-06,3
QN1403,Queens,2025-07,9.932203389830509,0,0,1.1227101852951483e-06,3
QN1403,Queens,2025-08,9.796610169491526,0,0,3.423623006641567e-06,3
SI0101,Staten Island,2025-03,26.1875,0,0,0.3876578420002808,3
SI0101,Staten Island,2025-04,29.0,1,1,0.5729675252497053,3
SI0101,Staten Island,2025-05,30.5,1,0,0.32234527972856397,3
SI0101,Staten Island,2025-06,23.4375,0,0,0.07732740843753516,3
SI0101,Staten Island,2025-07,25.25,0,0,0.04834434142536168,3
SI0101,Staten Island,2025-08,23.625,0,0,0.1584477534405764,3
SI0102,Staten Island,2025-03,26.1875,0,0,0.34104765540383847,3
SI0102,Staten Island,2025-04,29.0,1,1,0.523897710419806,3
SI0102,Staten Island,2025-05,30.5,1,0,0.27981117825742635,3
SI0102,Staten Island,2025-06,23.4375,0,0,0.0639953528923487,3
SI0102,Staten Island,2025-07,25.25,0,0,0.039875137548949384,3
SI0102,Staten Island,2025-08,23.625,0,0,0.13323326459171847,3
SI0103,Staten Island,2025-03,26.1875,0,0,0.3258924585632459,3
SI0103,Staten Island,2025-04,29.0,1,1,0.5068671978241748,3
SI0103,Staten Island,2025-05,30.5,1,0,0.2662775515159537,3
SI0103,Staten Island,2025-06,23.4375,0,0,0.0600300191110336,3
SI0103,Staten Island,2025-07,25.25,0,0,0.03734473093568606,3
SI0103,Staten Island,2025-08,23.625,0,0,0.12555322645426747,3
SI0104,Staten Island,2025-03,26.1875,0,0,0.3853773894426398,3
SI0104,Staten Island,2025-04,29.0,1,1,0.5713857883495682,3
SI0104,Staten Island,2025-05,30.5,1,0,0.320047227743128,3
SI0104,Staten Island,2025-06,23.4375,0,0,0.0764939056734226,3
SI0104,Staten Island,2025-07,25.25,0,0,0.047904008095102736,3
SI0104,Staten Island,2025-08,23.625,0,0,0.1569862845936537,3
SI0105,Staten Island,2025-03,26.1875,0,0,0.3542200509882909,3
SI0105,Staten Island,2025-04,29.0,1,1,0.5383625193971611,3
SI0105,Staten Island,2025-05,30.5,1,0,0.2916652821412051,3
SI0105,Staten Island,2025-06,23.4375,0,0,0.06756423745226063,3
SI0105,Staten Island,2025-07,25.25,0,0,0.04215947647877389,3
SI0105,Staten Island,2025-08,23.625,0,0,0.14008551263142557,3
SI0106,Staten Island,2025-03,26.1875,0,0,0.377929098739272,3
SI0106,Staten Island,2025-04,29.0,1,1,0.5636392874080316,3
SI0106,Staten Island,2025-05,30.5,1,0,0.3132181289788602,3
SI0106,Staten Island,2025-06,23.4375,0,0,0.07429386617102184,3
SI0106,Staten Island,2025-07,25.25,0,0,0.04648485270847004,3
SI0106,Staten Island,2025-08,23.625,0,0,0.1528543800266353,3
SI0107,Staten Island,2025-03,26.1875,0,0,0.48250015109537775,3
SI0107,Staten Island,2025-04,29.0,1,1,0.688789693324445,3
SI0107,Staten Island,2025-05,30.5,1,0,0.39031866111070823,3
SI0107,Staten Island,2025-06,23.4375,0,0,0.08254674894501503,3
SI0107,Staten Island,2025-07,25.25,0,0,0.05973156275460598,3
SI0107,Staten Island,2025-08,23.625,0,0,0.21758035230768805,3
SI0201,Staten Island,2025-03,26.1875,0,0,0.3496712892872512,3
SI0201,Staten Island,2025-04,29.0,1,1,0.5334022579673033,3
SI0201,Staten Island,2025-05,30.5,1,0,0.28756211831542144,3
SI0201,Staten Island,2025-06,23.4375,0,0,0.06631856827499988,3
SI0201,Staten Island,2025-07,25.25,0,0,0.04136141337626484,3
SI0201,Staten Island,2025-08,23.625,0,0,0.13770023680182789,3
SI0202,Staten Island,2025-03,26.1875,0,0,0.37283826461168745,3
SI0202,Staten Island,2025-04,29.0,1,1,0.5582919743657337,3
SI0202,Staten Island,2025-05,30.5,1,0,0.3085665937846883,3
SI0202,Staten Island,2025-06,23.4375,0,0,0.07281435339120455,3
SI0202,Staten Island,2025-07,25.25,0,0,0.045531898703175866,3
SI0202,Staten Island,2025-08,23.625,0,0,0.15006400116141436,3
SI0203,Staten Island,2025-03,26.1875,0,0,0.335836999052563,3
SI0203,Staten Island,2025-04,29.0,1,1,0.5180898623334134,3
SI0203,Staten Island,2025-05,30.5,1,0,0.2751454589310197,3
SI0203,Staten Island,2025-06,23.4375,0,0,0.06261538511755425,3
SI0203,Staten Island,2025-07,25.25,0,0,0.03899361961832481,3
SI0203,Staten Island,2025-08,23.625,0,0,0.13056854999638765,3
SI0204,Staten Island,2025-03,26.1875,0,0,0.40009443189003907,3
SI0204,Staten Island,2025-04,29.0,1,1,0.5947638898704017,3
SI0204,Staten Island,2025-05,30.5,1,0,0.29615083748938975,3
SI0204,Staten Island,2025-06,23.4375,0,0,0.06575278117693285,3
SI0204,Staten Island,2025-07,25.25,0,0,0.04718437866024744,3
SI0204,Staten Island,2025-08,23.625,0,0,0.1797671480299545,3
SI0301,Staten Island,2025-03,26.1875,0,0,0.3549832820287549,3
SI0301,Staten Island,2025-04,29.0,1,1,0.5389118941061821,3
SI0301,Staten Island,2025-05,30.5,1,0,0.29337987157086964,3
SI0301,Staten Island,2025-06,23.4375,0,0,0.06804767705017654,3
SI0301,Staten Island,2025-07,25.25,0,0,0.04247635006556886,3
SI0301,Staten Island,2025-08,23.625,0,0,0.14093633183531676,3
SI0302,Staten Island,2025-03,26.1875,0,0,0.2782469095656794,3
SI0302,Staten Island,2025-04,29.0,1,0,0.4582621501253749,3
SI0302,Staten Island,2025-05,30.5,1,0,0.19570910257990937,3
SI0302,Staten Island,2025-06,23.4375,0,0,0.03917477223877764,3
SI0302,Staten Island,2025-07,25.25,0,0,0.027791103771704215,3
SI0302,Staten Island,2025-08,23.625,0,0,0.11216492059191423,3
SI0303,Staten Island,2025-03,26.1875,0,0,0.32165822235937425,3
SI0303,Staten Island,2025-04,29.0,1,0,0.4697105733589412,3
SI0303,Staten Island,2025-05,30.5,1,0,0.1930699931307112,3
SI0303,Staten Island,2025-06,23.4375,0,0,0.053402331472834894,3
SI0303,Staten Island,2025-07,25.25,0,0,0.03655626353566609,3
SI0303,Staten Island,2025-08,23.625,0,0,0.1554793032746021,3
SI0304,Staten Island,2025-03,26.1875,0,0,0.20431987786251368,3
SI0304,Staten Island,2025-04,29.0,1,0,0.3241740523906687,3
SI0304,Staten Island,2025-05,30.5,1,0,0.1147074778584445,3
SI0304,Staten Island,2025-06,23.4375,0,0,0.02964500002977828,3
SI0304,Staten Island,2025-07,25.25,0,0,0.020133913032159383,3
SI0304,Staten Island,2025-08,23.625,0,0,0.09065978899771036,3
SI0305,Staten Island,2025-03,26.1875,0,0,0.3428349500082825,3
SI0305,Staten Island,2025-04,29.0,1,0,0.4935427057258597,3
SI0305,Staten Island,2025-05,30.5,1,0,0.20838158709410995,3
SI0305,Staten Island,2025-06,23.4375,0,0,0.05843963502020014,3
SI0305,Staten Island,2025-07,25.25,0,0,0.040071789339705316,3
SI0305,Staten Island,2025-08,23.625,0,0,0.16843199685444954,3
BK0101,Brooklyn,2025-09,32.37735849056604,1,0,0.11270833680422242,4
BK0101,Brooklyn,2025-10,32.056603773584904,1,0,0.3178098822113629,4
BK0102,Brooklyn,2025-09,32.37735849056604,1,0,0.1154000908120362,4
BK0102,Brooklyn,2025-10,32.056603773584904,1,0,0.323613446496756,4
BK0103,Brooklyn,2025-09,32.37735849056604,1,0,0.13339107296217756,4
BK0103,Brooklyn,2025-10,32.056603773584904,1,0,0.370841966252013,4
BK0104,Brooklyn,2025-09,32.37735849056604,1,0,0.11126549532975509,4
BK0104,Brooklyn,2025-10,32.056603773584904,1,0,0.3146725822874005,4
BK0201,Brooklyn,2025-09,32.37735849056604,1,0,0.12925401414885818,4
BK0201,Brooklyn,2025-10,32.056603773584904,1,0,0.3624203240200133,4
BK0202,Brooklyn,2025-09,32.37735849056604,1,0,0.1174450693006175,4
BK0202,Brooklyn,2025-10,32.056603773584904,1,0,0.3375672776152903,4
BK0203,Brooklyn,2025-09,32.37735849056604,1,0,0.13112498577933618,4
BK0203,Brooklyn,2025-10,32.056603773584904,1,0,0.36624679625370915,4
BK0204,Brooklyn,2025-09,32.37735849056604,1,0,0.13597249303055792,4
BK0204,Brooklyn,2025-10,32.056603773584904,1,0,0.37602472038608,4
BK0301,Brooklyn,2025-09,32.37735849056604,1,0,0.12846513052045863,4
BK0301,Brooklyn,2025-10,32.056603773584904,1,0,0.3607980104588816,4
BK0302,Brooklyn,2025-09,32.37735849056604,1,0,0.1322824342899268,4
BK0302,Brooklyn,2025-10,32.056603773584904,1,0,0.36859922664235084,4
BK0401,Brooklyn,2025-09,32.37735849056604,1,0,0.11656176722712278,4
BK0401,Brooklyn,2025-10,32.056603773584904,1,0,0.3356580827053833,4
BK0402,Brooklyn,2025-09,32.37735849056604,1,0,0.1288434737331177,4
BK0402,Brooklyn,2025-10,32.056603773584904,1,0,0.36157672330160334,4
BK0501,Brooklyn,2025-09,32.37735849056604,1,0,0.13203513599168087,4
BK0501,Brooklyn,2025-10,32.056603773584904,1,0,0.3680975530261051,4
BK0502,Brooklyn,2025-09,32.37735849056604,1,0,0.1262543731415149,4
BK0502,Brooklyn,2025-10,32.056603773584904,1,0,0.3562232301701189,4
BK0503,Brooklyn,2025-09,32.37735849056604,1,0,0.1278603486266698,4
BK0503,Brooklyn,2025-10,32.056603773584904,1,0,0.3595506947868469,4
BK0504,Brooklyn,2025-09,32.37735849056604,1,0,0.12475943783132622,4
BK0504,Brooklyn,2025-10,32.056603773584904,1,0,0.35310574738685596,4
BK0505,Brooklyn,2025-09,32.37735849056604,1,0,0.13202767482391073,4
BK0505,Brooklyn,2025-10,32.056603773584904,1,0,0.3662867848587976,4
BK0601,Brooklyn,2025-09,32.37735849056604,1,0,0.12953213544406186,4
BK0601,Brooklyn,2025-10,32.056603773584904,1,0,0.3629910078513274,4
BK0602,Brooklyn,2025-09,32.37735849056604,1,0,0.1290691327981304,4
BK0602,Brooklyn,2025-10,32.056603773584904,1,0,0.36204059746444894,4
BK0701,Brooklyn,2025-09,32.37735849056604,1,0,0.13573078220947057,4
BK0701,Brooklyn,2025-10,32.056603773584904,1,0,0.37554175524143585,4
BK0702,Brooklyn,2025-09,32.37735849056604,1,0,0.12639387449453787,4
BK0702,Brooklyn,2025-10,32.056603773584904,1,0,0.3568467097425682,4
BK0703,Brooklyn,2025-09,32.37735849056604,1,0,0.18121719147792784,4
BK0703,Brooklyn,2025-10,32.056603773584904,1,0,0.49652326394668067,4
BK0801,Brooklyn,2025-09,32.37735849056604,1,0,0.12507279204643632,4
BK0801,Brooklyn,2025-10,32.056603773584904,1,0,0.35376081824883654,4
BK0802,Brooklyn,2025-09,32.37735849056604,1,0,0.12839481604589564,4
BK0802,Brooklyn,2025-10,32.056603773584904,1,0,0.3606531531774648,4
BK0901,Brooklyn,2025-09,32.37735849056604,1,0,0.13157835130979792,4
BK0901,Brooklyn,2025-10,32.056603773584904,1,0,0.3671695665220144,4
BK0902,Brooklyn,2025-09,32.37735849056604,1,0,0.14184563394932798,4
BK0902,Brooklyn,2025-10,32.056603773584904,1,0,0.38761502547368726,4
BK1001,Brooklyn,2025-09,32.37735849056604,1,0,0.1399171527618408,4
BK1001,Brooklyn,2025-10,32.056603773584904,1,0,0.4173601530447821,4
BK1002,Brooklyn,2025-09,32.37735849056604,1,0,0.18214798962839718,4
BK1002,Brooklyn,2025-10,32.056603773584904,1,0,0.4978606823090333,4
BK1101,Brooklyn,2025-09,32.37735849056604,1,0,0.17642806042635853,4
BK1101,Brooklyn,2025-10,32.056603773584904,1,0,0.4881439462922757,4
BK1102,Brooklyn,2025-09,32.37735849056604,1,0,0.18751021955641728,4
BK1102,Brooklyn,2025-10,32.056603773584904,1,1,0.506758239979049,4
BK1103,Brooklyn,2025-09,32.37735849056604,1,0,0.18224839085998468,4
BK1103,Brooklyn,2025-10,32.056603773584904,1,0,0.49802913563525325,4
BK1201,Brooklyn,2025-09,32.37735849056604,1,0,0.1785967449924004,4
BK1201,Brooklyn,2025-10,32.056603773584904,1,0,0.49185593863502175,4
BK1202,Brooklyn,2025-09,32.37735849056604,1,0,0.17748814927646558,4
BK1202,Brooklyn,2025-10,32.056603773584904,1,0,0.4899627350412459,4
BK1203,Brooklyn,2025-09,32.37735849056604,1,0,0.17553504072085752,4
BK1203,Brooklyn,2025-10,32.056603773584904,1,0,0.4866053651194815,4
BK1204,Brooklyn,2025-09,32.37735849056604,1,0,0.17278387677055287,4
BK1204,Brooklyn,2025-10,32.056603773584904,1,0,0.4818280437727863,4
BK1301,Brooklyn,2025-09,32.37735849056604,1,0,0.18817956908312028,4
BK1301,Brooklyn,2025-10,32.056603773584904,1,1,0.5078548748414989,4
BK1302,Brooklyn,2025-09,32.37735849056604,1,0,0.14541836047641146,4
BK1302,Brooklyn,2025-10,32.056603773584904,1,0,0.4310195536104651,4
BK1303,Brooklyn,2025-09,32.37735849056604,1,0,0.15352179336016544,4
BK1303,Brooklyn,2025-10,32.056603773584904,1,0,0.4467187330413755,4
BK1401,Brooklyn,2025-09,32.37735849056604,1,0,0.13183531795049924,4
BK1401,Brooklyn,2025-10,32.056603773584904,1,0,0.36769182520098087,4
BK1402,Brooklyn,2025-09,32.37735849056604,1,0,0.17863883046741783,4
BK1402,Brooklyn,2025-10,32.056603773584904,1,0,0.49192763349497565,4
BK1403,Brooklyn,2025-09,32.37735849056604,1,0,0.17217259903679114,4
BK1403,Brooklyn,2025-10,32.056603773584904,1,0,0.4807588492077701,4
BK1501,Brooklyn,2025-09,32.37735849056604,1,0,0.16973411657808635,4
BK1501,Brooklyn,2025-10,32.056603773584904,1,0,0.47646535260919815,4
BK1502,Brooklyn,2025-09,32.37735849056604,1,0,0.1793829550294724,4
BK1502,Brooklyn,2025-10,32.056603773584904,1,0,0.49319316488686293,4
BK1503,Brooklyn,2025-09,32.37735849056604,1,0,0.16018800323505789,4
BK1503,Brooklyn,2025-10,32.056603773584904,1,0,0.459209527726851,4
BK1601,Brooklyn,2025-09,32.37735849056604,1,0,0.12759377293965446,4
BK1601,Brooklyn,2025-10,32.056603773584904,1,0,0.35899990722944425,4
BK1602,Brooklyn,2025-09,32.37735849056604,1,0,0.1350618542178706,4
BK1602,Brooklyn,2025-10,32.056603773584904,1,0,0.37420267098614113,4
BK1701,Brooklyn,2025-09,32.37735849056604,1,0,0.12797651139944885,4
BK1701,Brooklyn,2025-10,32.056603773584904,1,0,0.35979051464362555,4
BK1702,Brooklyn,2025-09,32.37735849056604,1,0,0.15031582443217728,4
BK1702,Brooklyn,2025-10,32.056603773584904,1,0,0.40385452095974766,4
BK1703,Brooklyn,2025-09,32.37735849056604,1,0,0.14247027847683627,4
BK1703,Brooklyn,2025-10,32.056603773584904,1,0,0.3888315736139519,4
BK1704,Brooklyn,2025-09,32.37735849056604,1,0,0.14626969485845304,4
BK1704,Brooklyn,2025-10,32.056603773584904,1,0,0.3961657472492953,4
BK1801,Brooklyn,2025-09,32.37735849056604,1,0,0.16771586084346543,4
BK1801,Brooklyn,2025-10,32.056603773584904,1,0,0.47287713633444006,4
BK1802,Brooklyn,2025-09,32.37735849056604,1,0,0.16072265228300306,4
BK1802,Brooklyn,2025-10,32.056603773584904,1,0,0.4601953096555752,4
BK1803,Brooklyn,2025-09,32.37735849056604,1,0,0.12122458040515613,4
BK1803,Brooklyn,2025-10,32.056603773584904,1,0,0.3456561742661115,4
BX0101,Bronx,2025-09,41.75675675675676,1,1,0.9998657545976232,4
BX0101,Bronx,2025-10,42.45945945945946,1,1,0.9999629542036973,4
BX0102,Bronx,2025-09,41.75675675675676,1,1,0.9998673131369785,4
BX0102,Bronx,2025-10,42.45945945945946,1,1,0.9999633843329838,4
BX0201,Bronx,2025-09,41.75675675675676,1,1,0.9998681411599573,4
BX0201,Bronx,2025-10,42.45945945945946,1,1,0.9999636128522805,4
BX0202,Bronx,2025-09,41.75675675675676,1,1,0.9998762695023776,4
BX0202,Bronx,2025-10,42.45945945945946,1,1,0.9999658561125452,4
BX0301,Bronx,2025-09,41.75675675675676,1,1,0.9998703406772312,4
BX0301,Bronx,2025-10,42.45945945945946,1,1,0.9999642198777514,4
BX0302,Bronx,2025-09,41.75675675675676,1,1,0.999867536785309,4
BX0302,Bronx,2025-10,42.45945945945946,1,1,0.9999634460558863,4
BX0303,Bronx,2025-09,41.75675675675676,1,1,0.9998715446942585,4
BX0303,Bronx,2025-10,42.45945945945946,1,1,0.9999645521630263,4
BX0401,Bronx,2025-09,41.75675675675676,1,1,0.9998710361547658,4
BX0401,Bronx,2025-10,42.45945945945946,1,1,0.9999644118160907,4
BX0402,Bronx,2025-09,41.75675675675676,1,1,0.9998637033019121,4
BX0402,Bronx,2025-10,42.45945945945946,1,1,0.9999623880808957,4
BX0403,Bronx,2025-09,41.75675675675676,1,1,0.9998619679055951,4
BX0403,Bronx,2025-10,42.45945945945946,1,1,0.9999619091396517,4
BX0501,Bronx,2025-09,41.75675675675676,1,1,0.9998625676246836,4
BX0501,Bronx,2025-10,42.45945945945946,1,1,0.9999620746525317,4
BX0502,Bronx,2025-09,41.75675675675676,1,1,0.9998626911323467,4
BX0502,Bronx,2025-10,42.45945945945946,1,1,0.9999621087386543,4
BX0503,Bronx,2025-09,41.75675675675676,1,1,0.9998680304373067,4
BX0503,Bronx,2025-10,42.45945945945946,1,1,0.9999628406032797,4
BX0601,Bronx,2025-09,41.75675675675676,1,1,0.99986668143291,4
BX0601,Bronx,2025-10,42.45945945945946,1,1,0.9999632099939548,4
BX0602,Bronx,2025-09,41.75675675675676,1,1,0.9998499072316553,4
BX0602,Bronx,2025-10,42.45945945945946,1,1,0.9999585805559559,4
BX0603,Bronx,2025-09,41.75675675675676,1,1,0.9998819333122755,4
BX0603,Bronx,2025-10,42.45945945945946,1,1,0.9999667556444625,4
BX0701,Bronx,2025-09,41.75675675675676,1,1,0.9998826421712818,4
BX0701,Bronx,2025-10,42.45945945945946,1,1,0.9999669552566341,4
BX0702,Bronx,2025-09,41.75675675675676,1,1,0.9998965848932656,4
BX0702,Bronx,2025-10,42.45945945945946,1,1,0.9999708814361593,4
BX0703,Bronx,2025-09,41.75675675675676,1,1,0.9998893556469506,4
BX0703,Bronx,2025-10,42.45945945945946,1,1,0.9999688457373924,4
BX0801,Bronx,2025-09,41.75675675675676,1,1,0.9998993896669026,4
BX0801,Bronx,2025-10,42.45945945945946,1,1,0.9999716712326088,4
BX0802,Bronx,2025-09,41.75675675675676,1,1,0.9998866899425747,4
BX0802,Bronx,2025-10,42.45945945945946,1,1,0.9999680950907197,4
BX0803,Bronx,2025-09,41.75675675675676,1,1,0.9998979542816129,4
BX0803,Bronx,2025-10,42.45945945945946,1,1,0.9999712670427395,4
BX0901,Bronx,2025-09,41.75675675675676,1,1,0.9998828376114841,4
BX0901,Bronx,2025-10,42.45945945945946,1,1,0.9999676687602671,4
BX0902,Bronx,2025-09,41.75675675675676,1,1,0.9998826396371726,4
BX0902,Bronx,2025-10,42.45945945945946,1,1,0.9999676141241424,4
BX0903,Bronx,2025-09,41.75675675675676,1,1,0.9998811134881289,4
BX0903,Bronx,2025-10,42.45945945945946,1,1,0.9999671929433677,4
BX0904,Bronx,2025-09,41.75675675675676,1,1,0.9998964692924383,4
BX0904,Bronx,2025-10,42.45945945945946,1,1,0.9999708488840441,4
BX1001,Bronx,2025-09,41.75675675675676,1,1,0.9998851483770259,4
BX1001,Bronx,2025-10,42.45945945945946,1,1,0.9999676609936163,4
BX1002,Bronx,2025-09,41.75675675675676,1,1,0.9999008997797464,4
BX1002,Bronx,2025-10,42.45945945945946,1,1,0.9999712725158254,4
BX1003,Bronx,2025-09,41.75675675675676,1,1,0.9999011635460242,4
BX1003,Bronx,2025-10,42.45945945945946,1,1,0.9999713489825922,4
BX1004,Bronx,2025-09,41.75675675675676,1,1,0.9998963684790637,4
BX1004,Bronx,2025-10,42.45945945945946,1,1,0.9999708204959333,4
BX1101,Bronx,2025-09,41.75675675675676,1,1,0.9998906964252781,4
BX1101,Bronx,2025-10,42.45945945945946,1,1,0.999969223291596,4
BX1102,Bronx,2025-09,41.75675675675676,1,1,0.9999027083760335,4
BX1102,Bronx,2025-10,42.45945945945946,1,1,0.9999726057440862,4
BX1103,Bronx,2025-09,41.75675675675676,1,1,0.9998993415581807,4
BX1103,Bronx,2025-10,42.45945945945946,1,1,0.9999716576856964,4
BX1104,Bronx,2025-09,41.75675675675676,1,1,0.999901203852195,4
BX1104,Bronx,2025-10,42.45945945945946,1,1,0.9999721820875055,4
BX1201,Bronx,2025-09,41.75675675675676,1,1,0.9998966362850429,4
BX1201,Bronx,2025-10,42.45945945945946,1,1,0.999970895907603,4
BX1202,Bronx,2025-09,41.75675675675676,1,1,0.9998983729255042,4
BX1202,Bronx,2025-10,42.45945945945946,1,1,0.9999713849286788,4
BX1203,Bronx,2025-09,41.75675675675676,1,1,0.999900454732187,4
BX1203,Bronx,2025-10,42.45945945945946,1,1,0.9999719711435996,4
MN0101,Manhattan,2025-09,28.59375,1,0,0.01281261890717374,4
MN0101,Manhattan,2025-10,27.15625,1,0,0.046453699439538476,4
MN0102,Manhattan,2025-09,28.59375,1,0,0.010828249079665378,4
MN0102,Manhattan,2025-10,27.15625,1,0,0.03946099440459282,4
MN0201,Manhattan,2025-09,28.59375,1,0,0.011368796360797752,4
MN0201,Manhattan,2025-10,27.15625,1,0,0.04137111010578853,4
MN0202,Manhattan,2025-09,28.59375,1,0,0.011809826959341978,4
MN0202,Manhattan,2025-10,27.15625,1,0,0.042925488061791355,4
MN0203,Manhattan,2025-09,28.59375,1,0,0.012875814840907503,4
MN0203,Manhattan,2025-10,27.15625,1,0,0.04666742629848936,4
MN0301,Manhattan,2025-09,28.59375,1,0,0.011551458545566077,4
MN0301,Manhattan,2025-10,27.15625,1,0,0.04201533251579302,4
MN0302,Manhattan,2025-09,28.59375,1,0,0.01241149582114977,4
MN0302,Manhattan,2025-10,27.15625,1,0,0.045040137279224145,4
MN0303,Manhattan,2025-09,28.59375,1,0,0.012629857980709069,4
MN0303,Manhattan,2025-10,27.15625,1,0,0.0458059272694596,4
MN0401,Manhattan,2025-09,28.59375,1,0,0.013588955689863912,4
MN0401,Manhattan,2025-10,27.15625,1,0,0.0491589466532453,4
MN0402,Manhattan,2025-09,28.59375,1,0,0.011656200796638047,4
MN0402,Manhattan,2025-10,27.15625,1,0,0.04435228904186688,4
MN0501,Manhattan,2025-09,28.59375,1,0,0.011182582352304148,4
MN0501,Manhattan,2025-10,27.15625,1,0,0.04071371394411197,4
MN0502,Manhattan,2025-09,28.59375,1,0,0.009717422372896871,4
MN0502,Manhattan,2025-10,27.15625,1,0,0.03717974412651446,4
MN0601,Manhattan,2025-09,28.59375,1,0,0.014123530129762592,4
MN0601,Manhattan,2025-10,27.15625,1,0,0.04991767306688608,4
MN0602,Manhattan,2025-09,28.59375,1,0,0.012560910166186776,4
MN0602,Manhattan,2025-10,27.15625,1,0,0.04556422534378164,4
MN0603,Manhattan,2025-09,28.59375,1,0,0.011714941641465425,4
MN0603,Manhattan,2025-10,27.15625,1,0,0.04166281159064102,4
MN0604,Manhattan,2025-09,28.59375,1,0,0.01205677527391421,4
MN0604,Manhattan,2025-10,27.15625,1,0,0.042840622321227984,4
MN0701,Manhattan,2025-09,28.59375,1,0,0.012085035917807666,4
MN0701,Manhattan,2025-10,27.15625,1,0,0.045928124596436866,4
MN0702,Manhattan,2025-09,28.59375,1,0,0.013719716472712916,4
MN0702,Manhattan,2025-10,27.15625,1,0,0.05190009183081194,4
MN0703,Manhattan,2025-09,28.59375,1,0,0.012959578465287882,4
MN0703,Manhattan,2025-10,27.15625,1,0,0.04912995215884342,4
MN0801,Manhattan,2025-09,28.59375,1,0,0.011726476913687306,4
MN0801,Manhattan,2025-10,27.15625,1,0,0.04170259110224502,4
MN0802,Manhattan,2025-09,28.59375,1,0,0.01328406772128442,4
MN0802,Manhattan,2025-10,27.15625,1,0,0.04705224655766613,4
MN0803,Manhattan,2025-09,28.59375,1,0,0.012466812731591748,4
MN0803,Manhattan,2025-10,27.15625,1,0,0.044250691532198946,4
MN0901,Manhattan,2025-09,28.59375,1,0,0.012867700385783252,4
MN0901,Manhattan,2025-10,27.15625,1,0,0.04879431777313954,4
MN0902,Manhattan,2025-09,28.59375,1,0,0.012272968520114284,4
MN0902,Manhattan,2025-10,27.15625,1,0,0.04309094785237144,4
MN0903,Manhattan,2025-09,28.59375,1,0,0.013844963316971022,4
MN0903,Manhattan,2025-10,27.15625,1,0,0.04841679993072266,4
MN1001,Manhattan,2025-09,28.59375,1,0,0.01315108076030005,4
MN1001,Manhattan,2025-10,27.15625,1,0,0.04607119137449318,4
MN1002,Manhattan,2025-09,28.59375,1,0,0.014161307148996724,4
MN1002,Manhattan,2025-10,27.15625,1,0,0.049483438962523725,4
MN1101,Manhattan,2025-09,28.59375,1,0,0.012402215288662144,4
MN1101,Manhattan,2025-10,27.15625,1,0,0.04353043600097396,4
MN1102,Manhattan,2025-09,28.59375,1,0,0.013457181557056901,4
MN1102,Manhattan,2025-10,27.15625,1,0,0.04710695504945163,4
MN1201,Manhattan,2025-09,28.59375,1,0,0.012755329061790962,4
MN1201,Manhattan,2025-10,27.15625,1,0,0.04472968645638668,4
MN1202,Manhattan,2025-09,28.59375,1,0,0.012748577873933218,4
MN1202,Manhattan,2025-10,27.15625,1,0,0.04470677813285678,4
MN1203,Manhattan,2025-09,28.59375,1,0,0.012995315747006604,4
MN1203,Manhattan,2025-10,27.15625,1,0,0.044675049723046464,4
QN0101,Queens,2025-09,14.52542372881356,0,0,1.4535663474878702e-07,4
QN0101,Queens,2025-10,13.915254237288137,0,0,5.267898487610841e-07,4
QN0102,Queens,2025-09,14.52542372881356,0,0,1.252726326423519e-07,4
QN0102,Queens,2025-10,13.915254237288137,0,0,4.594395654882824e-07,4
QN0103,Queens,2025-09,14.52542372881356,0,0,1.3413982680880882e-07,4
QN0103,Queens,2025-10,13.915254237288137,0,0,4.919601431377477e-07,4
QN0104,Queens,2025-09,14.52542372881356,0,0,1.3417511826824183e-07,4
QN0104,Queens,2025-10,13.915254237288137,0,0,4.9208957513146e-07,4
QN0105,Queens,2025-09,14.52542372881356,0,0,1.3535067368088639e-07,4
QN0105,Queens,2025-10,13.915254237288137,0,0,4.964009434548731e-07,4
QN0201,Queens,2025-09,14.52542372881356,0,0,1.146065240152691e-07,4
QN0201,Queens,2025-10,13.915254237288137,0,0,4.203214379964401e-07,4
QN0202,Queens,2025-09,14.52542372881356,0,0,1.307713907688049e-07,4
QN0202,Queens,2025-10,13.915254237288137,0,0,4.796063498032336e-07,4
QN0203,Queens,2025-09,14.52542372881356,0,0,1.3752322595412393e-07,4
QN0203,Queens,2025-10,13.915254237288137,0,0,5.043688136780798e-07,4
QN0301,Queens,2025-09,14.52542372881356,0,0,1.3138846482403026e-07,4
QN0301,Queens,2025-10,13.915254237288137,0,0,4.818694788387147e-07,4
QN0302,Queens,2025-09,14.52542372881356,0,0,1.4969708735630895e-07,4
QN0302,Queens,2025-10,13.915254237288137,0,0,5.425201625402259e-07,4
QN0303,Queens,2025-09,14.52542372881356,0,0,1.3231844424402654e-07,4
QN0303,Queens,2025-10,13.915254237288137,0,0,4.852801933247398e-07,4
QN0401,Queens,2025-09,14.52542372881356,0,0,1.3445014584789775e-07,4
QN0401,Queens,2025-10,13.915254237288137,0,0,4.930982431917555e-07,4
QN0402,Queens,2025-09,14.52542372881356,0,0,1.3477753835443435e-07,4
QN0402,Queens,2025-10,13.915254237288137,0,0,4.94298960459478e-07,4
QN0501,Queens,2025-09,14.52542372881356,0,0,1.3561654896134525e-07,4
QN0501,Queens,2025-10,13.915254237288137,0,0,4.973760453049531e-07,4
QN0502,Queens,2025-09,14.52542372881356,0,0,1.2825163012789878e-07,4
QN0502,Queens,2025-10,13.915254237288137,0,0,4.7036508699478393e-07,4
QN0503,Queens,2025-09,14.52542372881356,0,0,1.341175392828796e-07,4
QN0503,Queens,2025-10,13.915254237288137,0,0,4.918784032787925e-07,4
QN0504,Queens,2025-09,14.52542372881356,0,0,1.390670445218094e-07,4
QN0504,Queens,2025-10,13.915254237288137,0,0,5.100307929202263e-07,4
QN0601,Queens,2025-09,14.52542372881356,0,0,1.4133054350306295e-07,4
QN0601,Queens,2025-10,13.915254237288137,0,0,5.183322114836354e-07,4
QN0602,Queens,2025-09,14.52542372881356,0,0,1.3716146127261877e-07,4
QN0602,Queens,2025-10,13.915254237288137,0,0,4.6804864527905894e-07,4
QN0701,Queens,2025-09,14.52542372881356,0,0,1.4105894013672355e-07,4
QN0701,Queens,2025-10,13.915254237288137,0,0,5.112144946632301e-07,4
QN0702,Queens,2025-09,14.52542372881356,0,0,1.703987003452167e-07,4
QN0702,Queens,2025-10,13.915254237288137,0,0,5.87859697456129e-07,4
QN0703,Queens,2025-09,14.52542372881356,0,0,1.7196563202608264e-07,4
QN0703,Queens,2025-10,13.915254237288137,0,0,5.93265464013665e-07,4
QN0704,Queens,2025-09,14.52542372881356,0,0,1.364146771223412e-07,4
QN0704,Queens,2025-10,13.915254237288137,0,0,4.655003260093121e-07,4
QN0705,Queens,2025-09,14.52542372881356,0,0,1.558988631385892e-07,4
QN0705,Queens,2025-10,13.915254237288137,0,0,5.319879776522961e-07,4
QN0706,Queens,2025-09,14.52542372881356,0,0,1.5141888681465326e-07,4
QN0706,Queens,2025-10,13.915254237288137,0,0,5.167005494700354e-07,4
QN0707,Queens,2025-09,14.52542372881356,0,0,1.4162623289125513e-07,4
QN0707,Queens,2025-10,13.915254237288137,0,0,4.832841901195768e-07,4
QN0801,Queens,2025-09,14.52542372881356,0,0,1.5092521026280105e-07,4
QN0801,Queens,2025-10,13.915254237288137,0,0,5.150159323255348e-07,4
QN0802,Queens,2025-09,14.52542372881356,0,0,1.4584182042572715e-07,4
QN0802,Queens,2025-10,13.915254237288137,0,0,4.976694212246929e-07,4
QN0803,Queens,2025-09,14.52542372881356,0,0,1.5352375126417585e-07,4
QN0803,Queens,2025-10,13.915254237288137,0,0,5.238831687436939e-07,4
QN0804,Queens,2025-09,14.52542372881356,0,0,1.538301396353257e-07,4
QN0804,Queens,2025-10,13.915254237288137,0,0,5.249286854787721e-07,4
QN0805,Queens,2025-09,14.52542372881356,0,0,1.565989283850908e-07,4
QN0805,Queens,2025-10,13.915254237288137,0,0,5.343768735462035e-07,4
QN0901,Queens,2025-09,14.52542372881356,0,0,1.8608782637209744e-07,4
QN0901,Queens,2025-10,13.915254237288137,0,0,7.071102399356707e-07,4
QN0902,Queens,2025-09,14.52542372881356,0,0,1.791098346016311e-07,4
QN0902,Queens,2025-10,13.915254237288137,0,0,6.805947657273517e-07,4
QN0903,Queens,2025-09,14.52542372881356,0,0,1.8144901462591526e-07,4
QN0903,Queens,2025-10,13.915254237288137,0,0,6.894833500720071e-07,4
QN0904,Queens,2025-09,14.52542372881356,0,0,1.9824072090208268e-07,4
QN0904,Queens,2025-10,13.915254237288137,0,0,7.532896787778924e-07,4
QN0905,Queens,2025-09,14.52542372881356,0,0,1.9182300762228158e-07,4
QN0905,Queens,2025-10,13.915254237288137,0,0,7.289031927089763e-07,4
QN1001,Queens,2025-09,14.52542372881356,0,0,1.511214132474126e-07,4
QN1001,Queens,2025-10,13.915254237288137,0,0,5.742423420478565e-07,4
QN1002,Queens,2025-09,14.52542372881356,0,0,1.8445710455507194e-07,4
QN1002,Queens,2025-10,13.915254237288137,0,0,7.009137061684763e-07,4
QN1003,Queens,2025-09,14.52542372881356,0,0,1.6885697180145595e-07,4
QN1003,Queens,2025-10,13.915254237288137,0,0,6.416351995372999e-07,4
QN1101,Queens,2025-09,14.52542372881356,0,0,1.2969269569724804e-07,4
QN1101,Queens,2025-10,13.915254237288137,0,0,4.425622988716048e-07,4
QN1102,Queens,2025-09,14.52542372881356,0,0,1.2598575945145083e-07,4
QN1102,Queens,2025-10,13.915254237288137,0,0,4.299127836519316e-07,4
QN1103,Queens,2025-09,14.52542372881356,0,0,1.5304291005916472e-07,4
QN1103,Queens,2025-10,13.915254237288137,0,0,5.279838546206874e-07,4
QN1104,Queens,2025-09,14.52542372881356,0,0,1.5151775716937047e-07,4
QN1104,Queens,2025-10,13.915254237288137,0,0,5.170379337224898e-07,4
QN1201,Queens,2025-09,14.52542372881356,0,0,1.4507092841587477e-07,4
QN1201,Queens,2025-10,13.915254237288137,0,0,4.950388366297859e-07,4
QN1202,Queens,2025-09,14.52542372881356,0,0,1.7879444066494957e-07,4
QN1202,Queens,2025-10,13.915254237288137,0,0,6.793963091743206e-07,4
QN1203,Queens,2025-09,14.52542372881356,0,0,1.736343902580603e-07,4
QN1203,Queens,2025-10,13.915254237288137,0,0,6.597887784019169e-07,4
QN1204,Queens,2025-09,14.52542372881356,0,0,1.8631995973518894e-07,4
QN1204,Queens,2025-10,13.915254237288137,0,0,7.079923169400801e-07,4
QN1205,Queens,2025-09,14.52542372881356,0,0,1.4352141246949355e-07,4
QN1205,Queens,2025-10,13.915254237288137,0,0,4.897512830569985e-07,4
QN1206,Queens,2025-09,14.52542372881356,0,0,1.6093006630212048e-07,4
QN1206,Queens,2025-10,13.915254237288137,0,0,5.491564066141041e-07,4
QN1301,Queens,2025-09,14.52542372881356,0,0,1.4097835445290134e-07,4
QN1301,Queens,2025-10,13.915254237288137,0,0,4.91929412136057e-07,4
QN1302,Queens,2025-09,14.52542372881356,0,0,1.3098615344082075e-07,4
QN1302,Queens,2025-10,13.915254237288137,0,0,4.469760821500493e-07,4
QN1303,Queens,2025-09,14.52542372881356,0,0,1.335931521327483e-07,4
QN1303,Queens,2025-10,13.915254237288137,0,0,4.558721803660633e-07,4
QN1304,Queens,2025-09,14.52542372881356,0,0,1.9231124858923898e-07,4
QN1304,Queens,2025-10,13.915254237288137,0,0,7.437194189006418e-07,4
QN1305,Queens,2025-09,14.52542372881356,0,0,1.7966942125643937e-07,4
QN1305,Queens,2025-10,13.915254237288137,0,0,6.948300912963748e-07,4
QN1306,Queens,2025-09,14.52542372881356,0,0,1.744836031626617e-07,4
QN1306,Queens,2025-10,13.915254237288137,0,0,6.630156787318112e-07,4
QN1307,Queens,2025-09,14.52542372881356,0,0,1.8564371788669407e-07,4
QN1307,Queens,2025-10,13.915254237288137,0,0,7.17934294751808e-07,4
QN1401,Queens,2025-09,14.52542372881356,0,0,1.6252875102232465e-07,4
QN1401,Queens,2025-10,13.915254237288137,0,0,6.169680486273285e-07,4
QN1402,Queens,2025-09,14.52542372881356,0,0,1.322365807332817e-07,4
QN1402,Queens,2025-10,13.915254237288137,0,0,5.019773521249414e-07,4
QN1403,Queens,2025-09,14.52542372881356,0,0,1.8397291798910035e-07,4
QN1403,Queens,2025-10,13.915254237288137,0,0,8.197532256254897e-07,4
SI0101,Staten Island,2025-09,28.4375,1,0,0.0021664774435352194,4
SI0101,Staten Island,2025-10,26.625,0,0,0.00947133025354643,4
SI0102,Staten Island,2025-09,28.4375,1,0,0.0020086546730160026,4
SI0102,Staten Island,2025-10,26.625,0,0,0.008787917028574779,4
SI0103,Staten Island,2025-09,28.4375,1,0,0.002132364751014114,4
SI0103,Staten Island,2025-10,26.625,0,0,0.009325250514258317,4
SI0104,Staten Island,2025-09,28.4375,1,0,0.0022188959069683214,4
SI0104,Staten Island,2025-10,26.625,0,0,0.009700830687440775,4
SI0105,Staten Island,2025-09,28.4375,1,0,0.0022101005383193565,4
SI0105,Staten Island,2025-10,26.625,0,0,0.009662665263454242,4
SI0106,Staten Island,2025-09,28.4375,1,0,0.0022017439065611403,4
SI0106,Staten Island,2025-10,26.625,0,0,0.009626401532553654,4
SI0107,Staten Island,2025-09,28.4375,1,0,0.0017551457263707327,4
SI0107,Staten Island,2025-10,26.625,0,0,0.006632101210591032,4
SI0201,Staten Island,2025-09,28.4375,1,0,0.002212026688564216,4
SI0201,Staten Island,2025-10,26.625,0,0,0.009671023531338425,4
SI0202,Staten Island,2025-09,28.4375,1,0,0.002061445154242664,4
SI0202,Staten Island,2025-10,26.625,0,0,0.009017266939100705,4
SI0203,Staten Island,2025-09,28.4375,1,0,0.002244368689020654,4
SI0203,Staten Island,2025-10,26.625,0,0,0.009811351006834583,4
SI0204,Staten Island,2025-09,28.4375,1,0,0.001981522783280158,4
SI0204,Staten Island,2025-10,26.625,0,0,0.0076166737305147425,4
SI0301,Staten Island,2025-09,28.4375,1,0,0.0021778904373808074,4
SI0301,Staten Island,2025-10,26.625,0,0,0.009519387639956096,4
SI0302,Staten Island,2025-09,28.4375,1,0,0.002140516433330263,4
SI0302,Staten Island,2025-10,26.625,0,0,0.008221333878508274,4
SI0303,Staten Island,2025-09,28.4375,1,0,0.002173710429147219,4
SI0303,Staten Island,2025-10,26.625,0,0,0.009074852970423182,4
SI0304,Staten Island,2025-09,28.4375,1,0,0.0026952342780847847,4
SI0304,Staten Island,2025-10,26.625,0,0,0.01123348163145613,4
SI0305,Staten Island,2025-09,28.4375,1,0,0.002120518223001749,4
SI0305,Staten Island,2025-10,26.625,0,0,0.00885428353735774,4
