nta_code,borough,year_month,ed_visits,pred,fold
BK0101,Brooklyn,2023-07,27.20754716981132,27.648272,1
BK0101,Brooklyn,2023-08,27.339622641509433,27.869806,1
BK0101,Brooklyn,2023-09,33.075471698113205,35.63327,1
BK0101,Brooklyn,2023-10,38.301886792452834,39.68189,1
BK0101,Brooklyn,2024-03,29.0188679245283,31.251749,1
BK0101,Brooklyn,2024-04,30.867924528301888,34.300232,1
BK0102,Brooklyn,2023-07,27.20754716981132,27.799963,1
BK0102,Brooklyn,2023-08,27.339622641509433,28.209768,1
BK0102,Brooklyn,2023-09,33.075471698113205,35.749115,1
BK0102,Brooklyn,2023-10,38.301886792452834,40.736385,1
BK0102,Brooklyn,2024-03,29.0188679245283,31.23855,1
BK0102,Brooklyn,2024-04,30.867924528301888,34.698505,1
BK0103,Brooklyn,2023-07,27.20754716981132,29.133997,1
BK0103,Brooklyn,2023-08,27.339622641509433,27.884548,1
BK0103,Brooklyn,2023-09,33.075471698113205,35.591423,1
BK0103,Brooklyn,2023-10,38.301886792452834,39.93587,1
BK0103,Brooklyn,2024-03,29.0188679245283,30.595856,1
BK0103,Brooklyn,2024-04,30.867924528301888,32.031017,1
BK0104,Brooklyn,2023-07,27.20754716981132,27.719227,1
BK0104,Brooklyn,2023-08,27.339622641509433,27.934326,1
BK0104,Brooklyn,2023-09,33.075471698113205,35.88216,1
BK0104,Brooklyn,2023-10,38.301886792452834,40.291138,1
BK0104,Brooklyn,2024-03,29.0188679245283,31.31967,1
BK0104,Brooklyn,2024-04,30.867924528301888,34.252007,1
BK0201,Brooklyn,2023-07,27.20754716981132,28.722483,1
BK0201,Brooklyn,2023-08,27.339622641509433,27.43633,1
BK0201,Brooklyn,2023-09,33.075471698113205,35.716465,1
BK0201,Brooklyn,2023-10,38.301886792452834,39.428276,1
BK0201,Brooklyn,2024-03,29.0188679245283,30.455744,1
BK0201,Brooklyn,2024-04,30.867924528301888,32.12389,1
BK0202,Brooklyn,2023-07,27.20754716981132,28.465868,1
BK0202,Brooklyn,2023-08,27.339622641509433,27.120832,1
BK0202,Brooklyn,2023-09,33.075471698113205,35.579338,1
BK0202,Brooklyn,2023-10,38.301886792452834,38.507668,1
BK0202,Brooklyn,2024-03,29.0188679245283,30.651794,1
BK0202,Brooklyn,2024-04,30.867924528301888,32.274406,1
BK0203,Brooklyn,2023-07,27.20754716981132,28.824375,1
BK0203,Brooklyn,2023-08,27.339622641509433,27.507812,1
BK0203,Brooklyn,2023-09,33.075471698113205,35.779755,1
BK0203,Brooklyn,2023-10,38.301886792452834,39.627575,1
BK0203,Brooklyn,2024-03,29.0188679245283,30.477865,1
BK0203,Brooklyn,2024-04,30.867924528301888,32.152267,1
BK0204,Brooklyn,2023-07,27.20754716981132,29.288898,1
BK0204,Brooklyn,2023-08,27.339622641509433,28.010927,1
BK0204,Brooklyn,2023-09,33.075471698113205,35.741955,1
BK0204,Brooklyn,2023-10,38.301886792452834,39.992344,1
BK0204,Brooklyn,2024-03,29.0188679245283,30.558275,1
BK0204,Brooklyn,2024-04,30.867924528301888,32.04117,1
BK0301,Brooklyn,2023-07,27.20754716981132,27.87766,1
BK0301,Brooklyn,2023-08,27.339622641509433,26.624552,1
BK0301,Brooklyn,2023-09,33.075471698113205,34.776,1
BK0301,Brooklyn,2023-10,38.301886792452834,36.631256,1
BK0301,Brooklyn,2024-03,29.0188679245283,29.737196,1
BK0301,Brooklyn,2024-04,30.867924528301888,31.436476,1
BK0302,Brooklyn,2023-07,27.20754716981132,27.951387,1
BK0302,Brooklyn,2023-08,27.339622641509433,26.661104,1
BK0302,Brooklyn,2023-09,33.075471698113205,34.5378,1
BK0302,Brooklyn,2023-10,38.301886792452834,37.626324,1
BK0302,Brooklyn,2024-03,29.0188679245283,30.04712,1
BK0302,Brooklyn,2024-04,30.867924528301888,31.413002,1
BK0401,Brooklyn,2023-07,27.20754716981132,28.165071,1
BK0401,Brooklyn,2023-08,27.339622641509433,26.756935,1
BK0401,Brooklyn,2023-09,33.075471698113205,35.51465,1
BK0401,Brooklyn,2023-10,38.301886792452834,38.42546,1
BK0401,Brooklyn,2024-03,29.0188679245283,30.866726,1
BK0401,Brooklyn,2024-04,30.867924528301888,32.18228,1
BK0402,Brooklyn,2023-07,27.20754716981132,28.66077,1
BK0402,Brooklyn,2023-08,27.339622641509433,27.271883,1
BK0402,Brooklyn,2023-09,33.075471698113205,35.686287,1
BK0402,Brooklyn,2023-10,38.301886792452834,37.07941,1
BK0402,Brooklyn,2024-03,29.0188679245283,30.540916,1
BK0402,Brooklyn,2024-04,30.867924528301888,32.132984,1
BK0501,Brooklyn,2023-07,27.20754716981132,29.076756,1
BK0501,Brooklyn,2023-08,27.339622641509433,27.79388,1
BK0501,Brooklyn,2023-09,33.075471698113205,35.79934,1
BK0501,Brooklyn,2023-10,38.301886792452834,40.057552,1
BK0501,Brooklyn,2024-03,29.0188679245283,30.603456,1
BK0501,Brooklyn,2024-04,30.867924528301888,31.920053,1
BK0502,Brooklyn,2023-07,27.20754716981132,28.493954,1
BK0502,Brooklyn,2023-08,27.339622641509433,27.138145,1
BK0502,Brooklyn,2023-09,33.075471698113205,35.377586,1
BK0502,Brooklyn,2023-10,38.301886792452834,39.252857,1
BK0502,Brooklyn,2024-03,29.0188679245283,30.550913,1
BK0502,Brooklyn,2024-04,30.867924528301888,32.099,1
BK0503,Brooklyn,2023-07,27.20754716981132,27.729641,1
BK0503,Brooklyn,2023-08,27.339622641509433,26.50964,1
BK0503,Brooklyn,2023-09,33.075471698113205,34.117195,1
BK0503,Brooklyn,2023-10,38.301886792452834,36.66047,1
BK0503,Brooklyn,2024-03,29.0188679245283,30.024454,1
BK0503,Brooklyn,2024-04,30.867924528301888,31.465448,1
BK0504,Brooklyn,2023-07,27.20754716981132,28.779346,1
BK0504,Brooklyn,2023-08,27.339622641509433,27.723259,1
BK0504,Brooklyn,2023-09,33.075471698113205,35.404858,1
BK0504,Brooklyn,2023-10,38.301886792452834,39.997833,1
BK0504,Brooklyn,2024-03,29.0188679245283,30.565323,1
BK0504,Brooklyn,2024-04,30.867924528301888,32.047485,1
BK0505,Brooklyn,2023-07,27.20754716981132,26.99958,1
BK0505,Brooklyn,2023-08,27.339622641509433,28.325123,1
BK0505,Brooklyn,2023-09,33.075471698113205,36.64168,1
BK0505,Brooklyn,2023-10,38.301886792452834,39.303795,1
BK0505,Brooklyn,2024-03,29.0188679245283,30.936653,1
BK0505,Brooklyn,2024-04,30.867924528301888,31.184397,1
BK0601,Brooklyn,2023-07,27.20754716981132,27.841036,1
BK0601,Brooklyn,2023-08,27.339622641509433,26.570856,1
BK0601,Brooklyn,2023-09,33.075471698113205,34.038708,1
BK0601,Brooklyn,2023-10,38.301886792452834,36.74537,1
BK0601,Brooklyn,2024-03,29.0188679245283,29.94382,1
BK0601,Brooklyn,2024-04,30.867924528301888,31.56121,1
BK0602,Brooklyn,2023-07,27.20754716981132,28.024313,1
BK0602,Brooklyn,2023-08,27.339622641509433,26.654957,1
BK0602,Brooklyn,2023-09,33.075471698113205,35.055336,1
BK0602,Brooklyn,2023-10,38.301886792452834,36.525448,1
BK0602,Brooklyn,2024-03,29.0188679245283,29.675135,1
BK0602,Brooklyn,2024-04,30.867924528301888,31.391832,1
BK0701,Brooklyn,2023-07,27.20754716981132,28.864428,1
BK0701,Brooklyn,2023-08,27.339622641509433,27.600428,1
BK0701,Brooklyn,2023-09,33.075471698113205,35.760918,1
BK0701,Brooklyn,2023-10,38.301886792452834,40.097046,1
BK0701,Brooklyn,2024-03,29.0188679245283,30.516085,1
BK0701,Brooklyn,2024-04,30.867924528301888,31.976505,1
BK0702,Brooklyn,2023-07,27.20754716981132,28.483675,1
BK0702,Brooklyn,2023-08,27.339622641509433,27.136395,1
BK0702,Brooklyn,2023-09,33.075471698113205,35.308228,1
BK0702,Brooklyn,2023-10,38.301886792452834,39.47519,1
BK0702,Brooklyn,2024-03,29.0188679245283,30.860783,1
BK0702,Brooklyn,2024-04,30.867924528301888,32.11899,1
BK0703,Brooklyn,2023-07,27.20754716981132,27.753412,1
BK0703,Brooklyn,2023-08,27.339622641509433,27.808332,1
BK0703,Brooklyn,2023-09,33.075471698113205,36.16951,1
BK0703,Brooklyn,2023-10,38.301886792452834,38.297424,1
BK0703,Brooklyn,2024-03,29.0188679245283,30.68299,1
BK0703,Brooklyn,2024-04,30.867924528301888,30.8088,1
BK0801,Brooklyn,2023-07,27.20754716981132,28.86202,1
BK0801,Brooklyn,2023-08,27.339622641509433,27.71976,1
BK0801,Brooklyn,2023-09,33.075471698113205,35.61663,1
BK0801,Brooklyn,2023-10,38.301886792452834,39.689125,1
BK0801,Brooklyn,2024-03,29.0188679245283,30.441921,1
BK0801,Brooklyn,2024-04,30.867924528301888,32.167377,1
BK0802,Brooklyn,2023-07,27.20754716981132,27.683556,1
BK0802,Brooklyn,2023-08,27.339622641509433,26.358055,1
BK0802,Brooklyn,2023-09,33.075471698113205,34.803616,1
BK0802,Brooklyn,2023-10,38.301886792452834,36.531643,1
BK0802,Brooklyn,2024-03,29.0188679245283,29.74648,1
BK0802,Brooklyn,2024-04,30.867924528301888,31.417528,1
BK0901,Brooklyn,2023-07,27.20754716981132,28.23634,1
BK0901,Brooklyn,2023-08,27.339622641509433,26.885551,1
BK0901,Brooklyn,2023-09,33.075471698113205,35.738888,1
BK0901,Brooklyn,2023-10,38.301886792452834,39.501686,1
BK0901,Brooklyn,2024-03,29.0188679245283,30.47061,1
BK0901,Brooklyn,2024-04,30.867924528301888,32.10163,1
BK0902,Brooklyn,2023-07,27.20754716981132,28.898443,1
BK0902,Brooklyn,2023-08,27.339622641509433,27.438505,1
BK0902,Brooklyn,2023-09,33.075471698113205,34.752144,1
BK0902,Brooklyn,2023-10,38.301886792452834,37.412113,1
BK0902,Brooklyn,2024-03,29.0188679245283,30.562641,1
BK0902,Brooklyn,2024-04,30.867924528301888,32.155163,1
BK1001,Brooklyn,2023-07,27.20754716981132,26.762356,1
BK1001,Brooklyn,2023-08,27.339622641509433,26.48885,1
BK1001,Brooklyn,2023-09,33.075471698113205,34.635284,1
BK1001,Brooklyn,2023-10,38.301886792452834,36.09664,1
BK1001,Brooklyn,2024-03,29.0188679245283,29.810575,1
BK1001,Brooklyn,2024-04,30.867924528301888,30.74146,1
BK1002,Brooklyn,2023-07,27.20754716981132,24.406767,1
BK1002,Brooklyn,2023-08,27.339622641509433,26.87254,1
BK1002,Brooklyn,2023-09,33.075471698113205,36.113018,1
BK1002,Brooklyn,2023-10,38.301886792452834,36.28199,1
BK1002,Brooklyn,2024-03,29.0188679245283,30.852367,1
BK1002,Brooklyn,2024-04,30.867924528301888,30.812435,1
BK1101,Brooklyn,2023-07,27.20754716981132,24.49736,1
BK1101,Brooklyn,2023-08,27.339622641509433,27.417456,1
BK1101,Brooklyn,2023-09,33.075471698113205,36.31758,1
BK1101,Brooklyn,2023-10,38.301886792452834,36.608982,1
BK1101,Brooklyn,2024-03,29.0188679245283,30.669262,1
BK1101,Brooklyn,2024-04,30.867924528301888,30.709377,1
BK1102,Brooklyn,2023-07,27.20754716981132,26.46065,1
BK1102,Brooklyn,2023-08,27.339622641509433,27.33253,1
BK1102,Brooklyn,2023-09,33.075471698113205,35.002754,1
BK1102,Brooklyn,2023-10,38.301886792452834,38.000195,1
BK1102,Brooklyn,2024-03,29.0188679245283,30.601686,1
BK1102,Brooklyn,2024-04,30.867924528301888,30.844057,1
BK1103,Brooklyn,2023-07,27.20754716981132,26.50022,1
BK1103,Brooklyn,2023-08,27.339622641509433,27.3986,1
BK1103,Brooklyn,2023-09,33.075471698113205,35.545727,1
BK1103,Brooklyn,2023-10,38.301886792452834,38.32125,1
BK1103,Brooklyn,2024-03,29.0188679245283,30.618687,1
BK1103,Brooklyn,2024-04,30.867924528301888,30.882599,1
BK1201,Brooklyn,2023-07,27.20754716981132,27.557135,1
BK1201,Brooklyn,2023-08,27.339622641509433,27.677265,1
BK1201,Brooklyn,2023-09,33.075471698113205,35.129684,1
BK1201,Brooklyn,2023-10,38.301886792452834,38.5273,1
BK1201,Brooklyn,2024-03,29.0188679245283,30.608606,1
BK1201,Brooklyn,2024-04,30.867924528301888,30.762665,1
BK1202,Brooklyn,2023-07,27.20754716981132,24.484594,1
BK1202,Brooklyn,2023-08,27.339622641509433,27.4377,1
BK1202,Brooklyn,2023-09,33.075471698113205,36.28891,1
BK1202,Brooklyn,2023-10,38.301886792452834,36.59032,1
BK1202,Brooklyn,2024-03,29.0188679245283,30.71087,1
BK1202,Brooklyn,2024-04,30.867924528301888,30.72347,1
BK1203,Brooklyn,2023-07,27.20754716981132,26.619896,1
BK1203,Brooklyn,2023-08,27.339622641509433,27.064837,1
BK1203,Brooklyn,2023-09,33.075471698113205,35.755943,1
BK1203,Brooklyn,2023-10,38.301886792452834,38.08362,1
BK1203,Brooklyn,2024-03,29.0188679245283,30.5423,1
BK1203,Brooklyn,2024-04,30.867924528301888,30.945465,1
BK1204,Brooklyn,2023-07,27.20754716981132,24.51423,1
BK1204,Brooklyn,2023-08,27.339622641509433,27.355995,1
BK1204,Brooklyn,2023-09,33.075471698113205,36.391315,1
BK1204,Brooklyn,2023-10,38.301886792452834,36.804726,1
BK1204,Brooklyn,2024-03,29.0188679245283,30.586742,1
BK1204,Brooklyn,2024-04,30.867924528301888,30.813862,1
BK1301,Brooklyn,2023-07,27.20754716981132,26.661015,1
BK1301,Brooklyn,2023-08,27.339622641509433,27.638256,1
BK1301,Brooklyn,2023-09,33.075471698113205,35.93141,1
BK1301,Brooklyn,2023-10,38.301886792452834,37.752598,1
BK1301,Brooklyn,2024-03,29.0188679245283,30.493805,1
BK1301,Brooklyn,2024-04,30.867924528301888,31.066067,1
BK1302,Brooklyn,2023-07,27.20754716981132,27.069672,1
BK1302,Brooklyn,2023-08,27.339622641509433,27.14967,1
BK1302,Brooklyn,2023-09,33.075471698113205,35.710308,1
BK1302,Brooklyn,2023-10,38.301886792452834,38.848923,1
BK1302,Brooklyn,2024-03,29.0188679245283,30.719603,1
BK1302,Brooklyn,2024-04,30.867924528301888,30.962711,1
BK1303,Brooklyn,2023-07,27.20754716981132,27.011553,1
BK1303,Brooklyn,2023-08,27.339622641509433,27.350737,1
BK1303,Brooklyn,2023-09,33.075471698113205,35.879757,1
BK1303,Brooklyn,2023-10,38.301886792452834,37.91878,1
BK1303,Brooklyn,2024-03,29.0188679245283,30.623228,1
BK1303,Brooklyn,2024-04,30.867924528301888,30.87441,1
BK1401,Brooklyn,2023-07,27.20754716981132,28.841137,1
BK1401,Brooklyn,2023-08,27.339622641509433,27.524075,1
BK1401,Brooklyn,2023-09,33.075471698113205,35.679962,1
BK1401,Brooklyn,2023-10,38.301886792452834,39.537273,1
BK1401,Brooklyn,2024-03,29.0188679245283,30.468143,1
BK1401,Brooklyn,2024-04,30.867924528301888,32.14578,1
BK1402,Brooklyn,2023-07,27.20754716981132,24.476334,1
BK1402,Brooklyn,2023-08,27.339622641509433,27.101053,1
BK1402,Brooklyn,2023-09,33.075471698113205,36.15438,1
BK1402,Brooklyn,2023-10,38.301886792452834,36.69383,1
BK1402,Brooklyn,2024-03,29.0188679245283,30.695747,1
BK1402,Brooklyn,2024-04,30.867924528301888,30.784803,1
BK1403,Brooklyn,2023-07,27.20754716981132,24.557632,1
BK1403,Brooklyn,2023-08,27.339622641509433,27.40225,1
BK1403,Brooklyn,2023-09,33.075471698113205,36.42016,1
BK1403,Brooklyn,2023-10,38.301886792452834,36.873917,1
BK1403,Brooklyn,2024-03,29.0188679245283,30.584518,1
BK1403,Brooklyn,2024-04,30.867924528301888,30.834253,1
BK1501,Brooklyn,2023-07,27.20754716981132,24.540226,1
BK1501,Brooklyn,2023-08,27.339622641509433,27.46541,1
BK1501,Brooklyn,2023-09,33.075471698113205,36.533623,1
BK1501,Brooklyn,2023-10,38.301886792452834,36.88474,1
BK1501,Brooklyn,2024-03,29.0188679245283,30.588478,1
BK1501,Brooklyn,2024-04,30.867924528301888,30.797672,1
BK1502,Brooklyn,2023-07,27.20754716981132,24.463398,1
BK1502,Brooklyn,2023-08,27.339622641509433,27.129797,1
BK1502,Brooklyn,2023-09,33.075471698113205,36.34298,1
BK1502,Brooklyn,2023-10,38.301886792452834,36.934166,1
BK1502,Brooklyn,2024-03,29.0188679245283,30.715399,1
BK1502,Brooklyn,2024-04,30.867924528301888,30.801073,1
BK1503,Brooklyn,2023-07,27.20754716981132,24.688265,1
BK1503,Brooklyn,2023-08,27.339622641509433,27.028904,1
BK1503,Brooklyn,2023-09,33.075471698113205,36.46179,1
BK1503,Brooklyn,2023-10,38.301886792452834,36.853012,1
BK1503,Brooklyn,2024-03,29.0188679245283,30.514713,1
BK1503,Brooklyn,2024-04,30.867924528301888,30.752254,1
BK1601,Brooklyn,2023-07,27.20754716981132,28.977236,1
BK1601,Brooklyn,2023-08,27.339622641509433,27.811344,1
BK1601,Brooklyn,2023-09,33.075471698113205,35.464436,1
BK1601,Brooklyn,2023-10,38.301886792452834,39.961964,1
BK1601,Brooklyn,2024-03,29.0188679245283,30.837685,1
BK1601,Brooklyn,2024-04,30.867924528301888,32.200027,1
BK1602,Brooklyn,2023-07,27.20754716981132,29.031511,1
BK1602,Brooklyn,2023-08,27.339622641509433,27.651482,1
BK1602,Brooklyn,2023-09,33.075471698113205,35.832207,1
BK1602,Brooklyn,2023-10,38.301886792452834,37.806545,1
BK1602,Brooklyn,2024-03,29.0188679245283,30.58229,1
BK1602,Brooklyn,2024-04,30.867924528301888,32.055477,1
BK1701,Brooklyn,2023-07,27.20754716981132,28.898993,1
BK1701,Brooklyn,2023-08,27.339622641509433,27.776218,1
BK1701,Brooklyn,2023-09,33.075471698113205,35.60111,1
BK1701,Brooklyn,2023-10,38.301886792452834,39.987255,1
BK1701,Brooklyn,2024-03,29.0188679245283,30.599411,1
BK1701,Brooklyn,2024-04,30.867924528301888,32.05074,1
BK1702,Brooklyn,2023-07,27.20754716981132,28.802036,1
BK1702,Brooklyn,2023-08,27.339622641509433,27.338623,1
BK1702,Brooklyn,2023-09,33.075471698113205,34.953262,1
BK1702,Brooklyn,2023-10,38.301886792452834,37.703632,1
BK1702,Brooklyn,2024-03,29.0188679245283,30.416761,1
BK1702,Brooklyn,2024-04,30.867924528301888,32.031,1
BK1703,Brooklyn,2023-07,27.20754716981132,28.868479,1
BK1703,Brooklyn,2023-08,27.339622641509433,27.37934,1
BK1703,Brooklyn,2023-09,33.075471698113205,34.747265,1
BK1703,Brooklyn,2023-10,38.301886792452834,35.29843,1
BK1703,Brooklyn,2024-03,29.0188679245283,30.523062,1
BK1703,Brooklyn,2024-04,30.867924528301888,32.22533,1
BK1704,Brooklyn,2023-07,27.20754716981132,28.787197,1
BK1704,Brooklyn,2023-08,27.339622641509433,27.305492,1
BK1704,Brooklyn,2023-09,33.075471698113205,34.869408,1
BK1704,Brooklyn,2023-10,38.301886792452834,37.523888,1
BK1704,Brooklyn,2024-03,29.0188679245283,30.370687,1
BK1704,Brooklyn,2024-04,30.867924528301888,32.01604,1
BK1801,Brooklyn,2023-07,27.20754716981132,24.297518,1
BK1801,Brooklyn,2023-08,27.339622641509433,26.629925,1
BK1801,Brooklyn,2023-09,33.075471698113205,36.447937,1
BK1801,Brooklyn,2023-10,38.301886792452834,36.861595,1
BK1801,Brooklyn,2024-03,29.0188679245283,30.593782,1
BK1801,Brooklyn,2024-04,30.867924528301888,30.728752,1
BK1802,Brooklyn,2023-07,27.20754716981132,24.258411,1
BK1802,Brooklyn,2023-08,27.339622641509433,26.694752,1
BK1802,Brooklyn,2023-09,33.075471698113205,36.674034,1
BK1802,Brooklyn,2023-10,38.301886792452834,36.664074,1
BK1802,Brooklyn,2024-03,29.0188679245283,30.619635,1
BK1802,Brooklyn,2024-04,30.867924528301888,30.874584,1
BK1803,Brooklyn,2023-07,27.20754716981132,28.230398,1
BK1803,Brooklyn,2023-08,27.339622641509433,26.567919,1
BK1803,Brooklyn,2023-09,33.075471698113205,34.14033,1
BK1803,Brooklyn,2023-10,38.301886792452834,36.316124,1
BK1803,Brooklyn,2024-03,29.0188679245283,29.715136,1
BK1803,Brooklyn,2024-04,30.867924528301888,31.326214,1
BX0101,Bronx,2023-07,32.75675675675676,32.918514,1
BX0101,Bronx,2023-08,30.64864864864865,33.271088,1
BX0101,Bronx,2023-09,39.810810810810814,47.8339,1
BX0101,Bronx,2023-10,46.83783783783784,47.462547,1
BX0101,Bronx,2024-03,36.729729729729726,37.594395,1
BX0101,Bronx,2024-04,37.054054054054056,39.204792,1
BX0102,Bronx,2023-07,32.75675675675676,33.161293,1
BX0102,Bronx,2023-08,30.64864864864865,33.53365,1
BX0102,Bronx,2023-09,39.810810810810814,47.51509,1
BX0102,Bronx,2023-10,46.83783783783784,48.1374,1
BX0102,Bronx,2024-03,36.729729729729726,37.459133,1
BX0102,Bronx,2024-04,37.054054054054056,39.028545,1
BX0201,Bronx,2023-07,32.75675675675676,33.22309,1
BX0201,Bronx,2023-08,30.64864864864865,33.554123,1
BX0201,Bronx,2023-09,39.810810810810814,47.596123,1
BX0201,Bronx,2023-10,46.83783783783784,48.06292,1
BX0201,Bronx,2024-03,36.729729729729726,37.589657,1
BX0201,Bronx,2024-04,37.054054054054056,39.096973,1
BX0202,Bronx,2023-07,32.75675675675676,33.249832,1
BX0202,Bronx,2023-08,30.64864864864865,33.700275,1
BX0202,Bronx,2023-09,39.810810810810814,47.828228,1
BX0202,Bronx,2023-10,46.83783783783784,48.1334,1
BX0202,Bronx,2024-03,36.729729729729726,37.68258,1
BX0202,Bronx,2024-04,37.054054054054056,39.179348,1
BX0301,Bronx,2023-07,32.75675675675676,33.268288,1
BX0301,Bronx,2023-08,30.64864864864865,33.64982,1
BX0301,Bronx,2023-09,39.810810810810814,47.51746,1
BX0301,Bronx,2023-10,46.83783783783784,47.921894,1
BX0301,Bronx,2024-03,36.729729729729726,37.622066,1
BX0301,Bronx,2024-04,37.054054054054056,39.069973,1
BX0302,Bronx,2023-07,32.75675675675676,33.20068,1
BX0302,Bronx,2023-08,30.64864864864865,33.504776,1
BX0302,Bronx,2023-09,39.810810810810814,47.502644,1
BX0302,Bronx,2023-10,46.83783783783784,47.86316,1
BX0302,Bronx,2024-03,36.729729729729726,37.693317,1
BX0302,Bronx,2024-04,37.054054054054056,39.099663,1
BX0303,Bronx,2023-07,32.75675675675676,32.924694,1
BX0303,Bronx,2023-08,30.64864864864865,33.486195,1
BX0303,Bronx,2023-09,39.810810810810814,47.64347,1
BX0303,Bronx,2023-10,46.83783783783784,47.921906,1
BX0303,Bronx,2024-03,36.729729729729726,37.587418,1
BX0303,Bronx,2024-04,37.054054054054056,39.17296,1
BX0401,Bronx,2023-07,32.75675675675676,32.982887,1
BX0401,Bronx,2023-08,30.64864864864865,33.178486,1
BX0401,Bronx,2023-09,39.810810810810814,47.634506,1
BX0401,Bronx,2023-10,46.83783783783784,47.871143,1
BX0401,Bronx,2024-03,36.729729729729726,37.558456,1
BX0401,Bronx,2024-04,37.054054054054056,39.029312,1
BX0402,Bronx,2023-07,32.75675675675676,33.097103,1
BX0402,Bronx,2023-08,30.64864864864865,33.415665,1
BX0402,Bronx,2023-09,39.810810810810814,47.580704,1
BX0402,Bronx,2023-10,46.83783783783784,47.781693,1
BX0402,Bronx,2024-03,36.729729729729726,37.70895,1
BX0402,Bronx,2024-04,37.054054054054056,39.193394,1
BX0403,Bronx,2023-07,32.75675675675676,33.10786,1
BX0403,Bronx,2023-08,30.64864864864865,33.49882,1
BX0403,Bronx,2023-09,39.810810810810814,47.74377,1
BX0403,Bronx,2023-10,46.83783783783784,47.29659,1
BX0403,Bronx,2024-03,36.729729729729726,37.67994,1
BX0403,Bronx,2024-04,37.054054054054056,39.204353,1
BX0501,Bronx,2023-07,32.75675675675676,33.182728,1
BX0501,Bronx,2023-08,30.64864864864865,33.566,1
BX0501,Bronx,2023-09,39.810810810810814,47.775433,1
BX0501,Bronx,2023-10,46.83783783783784,47.421005,1
BX0501,Bronx,2024-03,36.729729729729726,37.61197,1
BX0501,Bronx,2024-04,37.054054054054056,39.17039,1
BX0502,Bronx,2023-07,32.75675675675676,33.143723,1
BX0502,Bronx,2023-08,30.64864864864865,33.475594,1
BX0502,Bronx,2023-09,39.810810810810814,47.458588,1
BX0502,Bronx,2023-10,46.83783783783784,47.931553,1
BX0502,Bronx,2024-03,36.729729729729726,37.57842,1
BX0502,Bronx,2024-04,37.054054054054056,39.057312,1
BX0503,Bronx,2023-07,32.75675675675676,32.670288,1
BX0503,Bronx,2023-08,30.64864864864865,32.944607,1
BX0503,Bronx,2023-09,39.810810810810814,47.588173,1
BX0503,Bronx,2023-10,46.83783783783784,47.522068,1
BX0503,Bronx,2024-03,36.729729729729726,37.777164,1
BX0503,Bronx,2024-04,37.054054054054056,39.156517,1
BX0601,Bronx,2023-07,32.75675675675676,33.00777,1
BX0601,Bronx,2023-08,30.64864864864865,33.43968,1
BX0601,Bronx,2023-09,39.810810810810814,47.718773,1
BX0601,Bronx,2023-10,46.83783783783784,47.95194,1
BX0601,Bronx,2024-03,36.729729729729726,37.715233,1
BX0601,Bronx,2024-04,37.054054054054056,39.152958,1
BX0602,Bronx,2023-07,32.75675675675676,33.12749,1
BX0602,Bronx,2023-08,30.64864864864865,33.471912,1
BX0602,Bronx,2023-09,39.810810810810814,47.711506,1
BX0602,Bronx,2023-10,46.83783783783784,46.945164,1
BX0602,Bronx,2024-03,36.729729729729726,37.812397,1
BX0602,Bronx,2024-04,37.054054054054056,39.330547,1
BX0603,Bronx,2023-07,32.75675675675676,32.67642,1
BX0603,Bronx,2023-08,30.64864864864865,33.09901,1
BX0603,Bronx,2023-09,39.810810810810814,47.556637,1
BX0603,Bronx,2023-10,46.83783783783784,47.590073,1
BX0603,Bronx,2024-03,36.729729729729726,37.778324,1
BX0603,Bronx,2024-04,37.054054054054056,39.26332,1
BX0701,Bronx,2023-07,32.75675675675676,32.67892,1
BX0701,Bronx,2023-08,30.64864864864865,33.049534,1
BX0701,Bronx,2023-09,39.810810810810814,47.491867,1
BX0701,Bronx,2023-10,46.83783783783784,47.498104,1
BX0701,Bronx,2024-03,36.729729729729726,37.70253,1
BX0701,Bronx,2024-04,37.054054054054056,39.20878,1
BX0802,Bronx,2023-07,32.75675675675676,32.878357,1
BX0802,Bronx,2023-08,30.64864864864865,33.23212,1
BX0802,Bronx,2023-09,39.810810810810814,47.59578,1
BX0802,Bronx,2023-10,46.83783783783784,47.452957,1
BX0802,Bronx,2024-03,36.729729729729726,37.48914,1
BX0802,Bronx,2024-04,37.054054054054056,39.042747,1
BX0803,Bronx,2023-07,32.75675675675676,33.12061,1
BX0803,Bronx,2023-08,30.64864864864865,33.27041,1
BX0803,Bronx,2023-09,39.810810810810814,47.83212,1
BX0803,Bronx,2023-10,46.83783783783784,47.483334,1
BX0803,Bronx,2024-03,36.729729729729726,37.46528,1
BX0803,Bronx,2024-04,37.054054054054056,38.969162,1
BX0901,Bronx,2023-07,32.75675675675676,33.24372,1
BX0901,Bronx,2023-08,30.64864864864865,33.556313,1
BX0901,Bronx,2023-09,39.810810810810814,47.948383,1
BX0901,Bronx,2023-10,46.83783783783784,48.425724,1
BX0901,Bronx,2024-03,36.729729729729726,37.62985,1
BX0901,Bronx,2024-04,37.054054054054056,39.184807,1
BX0902,Bronx,2023-07,32.75675675675676,33.601856,1
BX0902,Bronx,2023-08,30.64864864864865,33.92891,1
BX0902,Bronx,2023-09,39.810810810810814,48.086002,1
BX0902,Bronx,2023-10,46.83783783783784,48.12548,1
BX0902,Bronx,2024-03,36.729729729729726,37.634407,1
BX0902,Bronx,2024-04,37.054054054054056,39.073772,1
BX0903,Bronx,2023-07,32.75675675675676,33.065567,1
BX0903,Bronx,2023-08,30.64864864864865,33.462826,1
BX0903,Bronx,2023-09,39.810810810810814,47.810513,1
BX0903,Bronx,2023-10,46.83783783783784,48.355164,1
BX0903,Bronx,2024-03,36.729729729729726,37.703884,1
BX0903,Bronx,2024-04,37.054054054054056,39.282707,1
BX0904,Bronx,2023-07,32.75675675675676,32.9227,1
BX0904,Bronx,2023-08,30.64864864864865,33.283554,1
BX0904,Bronx,2023-09,39.810810810810814,47.730423,1
BX0904,Bronx,2023-10,46.83783783783784,47.62671,1
BX0904,Bronx,2024-03,36.729729729729726,37.44104,1
BX0904,Bronx,2024-04,37.054054054054056,38.891052,1
BX1001,Bronx,2023-07,32.75675675675676,32.516453,1
BX1001,Bronx,2023-08,30.64864864864865,33.039696,1
BX1001,Bronx,2023-09,39.810810810810814,47.560863,1
BX1001,Bronx,2023-10,46.83783783783784,47.683136,1
BX1001,Bronx,2024-03,36.729729729729726,37.49123,1
BX1001,Bronx,2024-04,37.054054054054056,38.96529,1
BX1002,Bronx,2023-07,32.75675675675676,34.876934,1
BX1002,Bronx,2023-08,30.64864864864865,35.14504,1
BX1002,Bronx,2023-09,39.810810810810814,44.888435,1
BX1002,Bronx,2023-10,46.83783783783784,47.451233,1
BX1002,Bronx,2024-03,36.729729729729726,36.823948,1
BX1002,Bronx,2024-04,37.054054054054056,38.785954,1
BX1003,Bronx,2023-07,32.75675675675676,33.618443,1
BX1003,Bronx,2023-08,30.64864864864865,33.80865,1
BX1003,Bronx,2023-09,39.810810810810814,44.51261,1
BX1003,Bronx,2023-10,46.83783783783784,46.797974,1
BX1003,Bronx,2024-03,36.729729729729726,37.419777,1
BX1003,Bronx,2024-04,37.054054054054056,39.340393,1
BX1004,Bronx,2023-07,32.75675675675676,32.80555,1
BX1004,Bronx,2023-08,30.64864864864865,33.264107,1
BX1004,Bronx,2023-09,39.810810810810814,47.70143,1
BX1004,Bronx,2023-10,46.83783783783784,47.683254,1
BX1004,Bronx,2024-03,36.729729729729726,37.235764,1
BX1004,Bronx,2024-04,37.054054054054056,38.843204,1
BX1101,Bronx,2023-07,32.75675675675676,32.562714,1
BX1101,Bronx,2023-08,30.64864864864865,32.99984,1
BX1101,Bronx,2023-09,39.810810810810814,47.40313,1
BX1101,Bronx,2023-10,46.83783783783784,47.59927,1
BX1101,Bronx,2024-03,36.729729729729726,37.591026,1
BX1101,Bronx,2024-04,37.054054054054056,38.967403,1
BX1102,Bronx,2023-07,32.75675675675676,32.99932,1
BX1102,Bronx,2023-08,30.64864864864865,33.105938,1
BX1102,Bronx,2023-09,39.810810810810814,47.821514,1
BX1102,Bronx,2023-10,46.83783783783784,47.54089,1
BX1102,Bronx,2024-03,36.729729729729726,37.761364,1
BX1102,Bronx,2024-04,37.054054054054056,39.380802,1
BX1103,Bronx,2023-07,32.75675675675676,32.30503,1
BX1103,Bronx,2023-08,30.64864864864865,32.24512,1
BX1103,Bronx,2023-09,39.810810810810814,46.001263,1
BX1103,Bronx,2023-10,46.83783783783784,45.459675,1
BX1103,Bronx,2024-03,36.729729729729726,37.677708,1
BX1103,Bronx,2024-04,37.054054054054056,38.895756,1
BX1104,Bronx,2023-07,32.75675675675676,32.437862,1
BX1104,Bronx,2023-08,30.64864864864865,32.69561,1
BX1104,Bronx,2023-09,39.810810810810814,46.76228,1
BX1104,Bronx,2023-10,46.83783783783784,47.858986,1
BX1104,Bronx,2024-03,36.729729729729726,37.427303,1
BX1104,Bronx,2024-04,37.054054054054056,38.843586,1
BX1201,Bronx,2023-07,32.75675675675676,32.87358,1
BX1201,Bronx,2023-08,30.64864864864865,33.166637,1
BX1201,Bronx,2023-09,39.810810810810814,47.871754,1
BX1201,Bronx,2023-10,46.83783783783784,47.677906,1
BX1201,Bronx,2024-03,36.729729729729726,37.178383,1
BX1201,Bronx,2024-04,37.054054054054056,38.734673,1
BX1202,Bronx,2023-07,32.75675675675676,33.742374,1
BX1202,Bronx,2023-08,30.64864864864865,33.986755,1
BX1202,Bronx,2023-09,39.810810810810814,48.138905,1
BX1202,Bronx,2023-10,46.83783783783784,47.69322,1
BX1202,Bronx,2024-03,36.729729729729726,37.32755,1
BX1202,Bronx,2024-04,37.054054054054056,38.82722,1
BX1203,Bronx,2023-07,32.75675675675676,32.331898,1
BX1203,Bronx,2023-08,30.64864864864865,32.36572,1
BX1203,Bronx,2023-09,39.810810810810814,45.87325,1
BX1203,Bronx,2023-10,46.83783783783784,45.54498,1
BX1203,Bronx,2024-03,36.729729729729726,37.517025,1
BX1203,Bronx,2024-04,37.054054054054056,38.80281,1
MN0101,Manhattan,2023-07,23.4375,23.997189,1
MN0101,Manhattan,2023-08,23.59375,24.053923,1
MN0101,Manhattan,2023-09,25.625,32.701572,1
MN0101,Manhattan,2023-10,29.84375,33.878933,1
MN0101,Manhattan,2024-03,26.96875,29.048895,1
MN0101,Manhattan,2024-04,29.6875,30.129911,1
MN0102,Manhattan,2023-07,23.4375,24.526539,1
MN0102,Manhattan,2023-08,23.59375,24.421795,1
MN0102,Manhattan,2023-09,25.625,32.169388,1
MN0102,Manhattan,2023-10,29.84375,34.30713,1
MN0102,Manhattan,2024-03,26.96875,29.264116,1
MN0102,Manhattan,2024-04,29.6875,30.01426,1
MN0201,Manhattan,2023-07,23.4375,24.533007,1
MN0201,Manhattan,2023-08,23.59375,24.387625,1
MN0201,Manhattan,2023-09,25.625,32.164215,1
MN0201,Manhattan,2023-10,29.84375,34.250538,1
MN0201,Manhattan,2024-03,26.96875,29.256613,1
MN0201,Manhattan,2024-04,29.6875,30.036573,1
MN0202,Manhattan,2023-07,23.4375,24.197674,1
MN0202,Manhattan,2023-08,23.59375,24.343761,1
MN0202,Manhattan,2023-09,25.625,32.3498,1
MN0202,Manhattan,2023-10,29.84375,34.00808,1
MN0202,Manhattan,2024-03,26.96875,29.165485,1
MN0202,Manhattan,2024-04,29.6875,29.920713,1
MN0203,Manhattan,2023-07,23.4375,24.688387,1
MN0203,Manhattan,2023-08,23.59375,24.451283,1
MN0203,Manhattan,2023-09,25.625,32.5277,1
MN0203,Manhattan,2023-10,29.84375,35.333485,1
MN0203,Manhattan,2024-03,26.96875,29.094664,1
MN0203,Manhattan,2024-04,29.6875,29.95694,1
MN0301,Manhattan,2023-07,23.4375,24.799557,1
MN0301,Manhattan,2023-08,23.59375,24.674046,1
MN0301,Manhattan,2023-09,25.625,32.4345,1
MN0301,Manhattan,2023-10,29.84375,34.428715,1
MN0301,Manhattan,2024-03,26.96875,29.173855,1
MN0301,Manhattan,2024-04,29.6875,29.990885,1
MN0302,Manhattan,2023-07,23.4375,24.803738,1
MN0302,Manhattan,2023-08,23.59375,24.78393,1
MN0302,Manhattan,2023-09,25.625,32.567093,1
MN0302,Manhattan,2023-10,29.84375,35.716892,1
MN0302,Manhattan,2024-03,26.96875,29.212555,1
MN0302,Manhattan,2024-04,29.6875,29.981714,1
MN0303,Manhattan,2023-07,23.4375,24.519535,1
MN0303,Manhattan,2023-08,23.59375,24.371244,1
MN0303,Manhattan,2023-09,25.625,32.379192,1
MN0303,Manhattan,2023-10,29.84375,35.166996,1
MN0303,Manhattan,2024-03,26.96875,29.02744,1
MN0303,Manhattan,2024-04,29.6875,29.953135,1
MN0401,Manhattan,2023-07,23.4375,24.901548,1
MN0401,Manhattan,2023-08,23.59375,24.910748,1
MN0401,Manhattan,2023-09,25.625,32.132576,1
MN0401,Manhattan,2023-10,29.84375,35.40687,1
MN0401,Manhattan,2024-03,26.96875,29.484653,1
MN0401,Manhattan,2024-04,29.6875,30.362818,1
MN0402,Manhattan,2023-07,23.4375,24.03237,1
MN0402,Manhattan,2023-08,23.59375,24.359005,1
MN0402,Manhattan,2023-09,25.625,32.991375,1
MN0402,Manhattan,2023-10,29.84375,34.242954,1
MN0402,Manhattan,2024-03,26.96875,28.622505,1
MN0402,Manhattan,2024-04,29.6875,29.323362,1
MN0501,Manhattan,2023-07,23.4375,24.785618,1
MN0501,Manhattan,2023-08,23.59375,24.687948,1
MN0501,Manhattan,2023-09,25.625,32.373543,1
MN0501,Manhattan,2023-10,29.84375,35.58723,1
MN0501,Manhattan,2024-03,26.96875,29.31469,1
MN0501,Manhattan,2024-04,29.6875,30.164343,1
MN0502,Manhattan,2023-07,23.4375,24.19294,1
MN0502,Manhattan,2023-08,23.59375,24.032524,1
MN0502,Manhattan,2023-09,25.625,32.70393,1
MN0502,Manhattan,2023-10,29.84375,33.945057,1
MN0502,Manhattan,2024-03,26.96875,28.7385,1
MN0502,Manhattan,2024-04,29.6875,29.349699,1
MN0601,Manhattan,2023-07,23.4375,24.789015,1
MN0601,Manhattan,2023-08,23.59375,25.642286,1
MN0601,Manhattan,2023-09,25.625,32.033833,1
MN0601,Manhattan,2023-10,29.84375,35.704742,1
MN0601,Manhattan,2024-03,26.96875,28.380941,1
MN0601,Manhattan,2024-04,29.6875,30.30408,1
MN0602,Manhattan,2023-07,23.4375,24.694405,1
MN0602,Manhattan,2023-08,23.59375,24.688358,1
MN0602,Manhattan,2023-09,25.625,32.403107,1
MN0602,Manhattan,2023-10,29.84375,35.554535,1
MN0602,Manhattan,2024-03,26.96875,29.184559,1
MN0602,Manhattan,2024-04,29.6875,29.967407,1
MN0603,Manhattan,2023-07,23.4375,23.505913,1
MN0603,Manhattan,2023-08,23.59375,24.678099,1
MN0603,Manhattan,2023-09,25.625,31.82104,1
MN0603,Manhattan,2023-10,29.84375,34.009315,1
MN0603,Manhattan,2024-03,26.96875,28.494272,1
MN0603,Manhattan,2024-04,29.6875,29.835228,1
MN0604,Manhattan,2023-07,23.4375,23.855095,1
MN0604,Manhattan,2023-08,23.59375,24.811905,1
MN0604,Manhattan,2023-09,25.625,31.760143,1
MN0604,Manhattan,2023-10,29.84375,34.1387,1
MN0604,Manhattan,2024-03,26.96875,28.450201,1
MN0604,Manhattan,2024-04,29.6875,29.84077,1
MN0701,Manhattan,2023-07,23.4375,24.062962,1
MN0701,Manhattan,2023-08,23.59375,24.279642,1
MN0701,Manhattan,2023-09,25.625,32.833084,1
MN0701,Manhattan,2023-10,29.84375,35.064064,1
MN0701,Manhattan,2024-03,26.96875,28.412542,1
MN0701,Manhattan,2024-04,29.6875,29.200678,1
MN0702,Manhattan,2023-07,23.4375,26.607264,1
MN0702,Manhattan,2023-08,23.59375,26.981045,1
MN0702,Manhattan,2023-09,25.625,35.16486,1
MN0702,Manhattan,2023-10,29.84375,36.741745,1
MN0702,Manhattan,2024-03,26.96875,28.257376,1
MN0702,Manhattan,2024-04,29.6875,28.829983,1
MN0703,Manhattan,2023-07,23.4375,24.207407,1
MN0703,Manhattan,2023-08,23.59375,24.349089,1
MN0703,Manhattan,2023-09,25.625,32.88528,1
MN0703,Manhattan,2023-10,29.84375,35.11706,1
MN0703,Manhattan,2024-03,26.96875,28.461737,1
MN0703,Manhattan,2024-04,29.6875,29.2511,1
MN0801,Manhattan,2023-07,23.4375,23.57539,1
MN0801,Manhattan,2023-08,23.59375,24.574905,1
MN0801,Manhattan,2023-09,25.625,31.758184,1
MN0801,Manhattan,2023-10,29.84375,33.85014,1
MN0801,Manhattan,2024-03,26.96875,28.648195,1
MN0801,Manhattan,2024-04,29.6875,29.961609,1
MN0802,Manhattan,2023-07,23.4375,23.227135,1
MN0802,Manhattan,2023-08,23.59375,24.647522,1
MN0802,Manhattan,2023-09,25.625,31.700876,1
MN0802,Manhattan,2023-10,29.84375,34.106163,1
MN0802,Manhattan,2024-03,26.96875,28.477757,1
MN0802,Manhattan,2024-04,29.6875,29.819756,1
MN0803,Manhattan,2023-07,23.4375,23.484114,1
MN0803,Manhattan,2023-08,23.59375,24.606205,1
MN0803,Manhattan,2023-09,25.625,31.656548,1
MN0803,Manhattan,2023-10,29.84375,33.844448,1
MN0803,Manhattan,2024-03,26.96875,28.471292,1
MN0803,Manhattan,2024-04,29.6875,29.877176,1
MN0901,Manhattan,2023-07,23.4375,24.772844,1
MN0901,Manhattan,2023-08,23.59375,24.91284,1
MN0901,Manhattan,2023-09,25.625,33.552223,1
MN0901,Manhattan,2023-10,29.84375,34.551147,1
MN0901,Manhattan,2024-03,26.96875,28.485659,1
MN0901,Manhattan,2024-04,29.6875,29.210066,1
MN0902,Manhattan,2023-07,23.4375,23.175772,1
MN0902,Manhattan,2023-08,23.59375,23.951746,1
MN0902,Manhattan,2023-09,25.625,32.114483,1
MN0902,Manhattan,2023-10,29.84375,34.615364,1
MN0902,Manhattan,2024-03,26.96875,28.771809,1
MN0902,Manhattan,2024-04,29.6875,29.585888,1
MN0903,Manhattan,2023-07,23.4375,23.333776,1
MN0903,Manhattan,2023-08,23.59375,24.045996,1
MN0903,Manhattan,2023-09,25.625,32.242153,1
MN0903,Manhattan,2023-10,29.84375,34.599297,1
MN0903,Manhattan,2024-03,26.96875,28.723564,1
MN0903,Manhattan,2024-04,29.6875,29.525686,1
MN1001,Manhattan,2023-07,23.4375,23.067078,1
MN1001,Manhattan,2023-08,23.59375,23.874817,1
MN1001,Manhattan,2023-09,25.625,32.393257,1
MN1001,Manhattan,2023-10,29.84375,33.683964,1
MN1001,Manhattan,2024-03,26.96875,28.952335,1
MN1001,Manhattan,2024-04,29.6875,29.761658,1
MN1002,Manhattan,2023-07,23.4375,23.175245,1
MN1002,Manhattan,2023-08,23.59375,23.900517,1
MN1002,Manhattan,2023-09,25.625,31.975794,1
MN1002,Manhattan,2023-10,29.84375,34.378426,1
MN1002,Manhattan,2024-03,26.96875,28.770483,1
MN1002,Manhattan,2024-04,29.6875,29.51938,1
MN1101,Manhattan,2023-07,23.4375,23.199091,1
MN1101,Manhattan,2023-08,23.59375,24.051985,1
MN1101,Manhattan,2023-09,25.625,32.38092,1
MN1101,Manhattan,2023-10,29.84375,34.05598,1
MN1101,Manhattan,2024-03,26.96875,28.901598,1
MN1101,Manhattan,2024-04,29.6875,29.68825,1
MN1102,Manhattan,2023-07,23.4375,23.193066,1
MN1102,Manhattan,2023-08,23.59375,23.921577,1
MN1102,Manhattan,2023-09,25.625,32.478672,1
MN1102,Manhattan,2023-10,29.84375,33.807613,1
MN1102,Manhattan,2024-03,26.96875,28.962004,1
MN1102,Manhattan,2024-04,29.6875,29.695133,1
MN1201,Manhattan,2023-07,23.4375,23.047977,1
MN1201,Manhattan,2023-08,23.59375,23.856897,1
MN1201,Manhattan,2023-09,25.625,32.361477,1
MN1201,Manhattan,2023-10,29.84375,33.804173,1
MN1201,Manhattan,2024-03,26.96875,28.954775,1
MN1201,Manhattan,2024-04,29.6875,29.73879,1
MN1202,Manhattan,2023-07,23.4375,23.019997,1
MN1202,Manhattan,2023-08,23.59375,23.811657,1
MN1202,Manhattan,2023-09,25.625,32.369793,1
MN1202,Manhattan,2023-10,29.84375,33.69246,1
MN1202,Manhattan,2024-03,26.96875,28.965776,1
MN1202,Manhattan,2024-04,29.6875,29.731493,1
MN1203,Manhattan,2023-07,23.4375,23.338139,1
MN1203,Manhattan,2023-08,23.59375,23.366674,1
MN1203,Manhattan,2023-09,25.625,31.728651,1
MN1203,Manhattan,2023-10,29.84375,33.24554,1
MN1203,Manhattan,2024-03,26.96875,28.757446,1
MN1203,Manhattan,2024-04,29.6875,29.546104,1
QN0101,Queens,2023-07,12.796610169491526,15.812177,1
QN0101,Queens,2023-08,12.423728813559322,16.203865,1
QN0101,Queens,2023-09,15.40677966101695,20.355719,1
QN0101,Queens,2023-10,16.1864406779661,19.637033,1
QN0101,Queens,2024-03,14.016949152542374,14.689701,1
QN0101,Queens,2024-04,13.966101694915254,14.1102085,1
QN0102,Queens,2023-07,12.796610169491526,13.811125,1
QN0102,Queens,2023-08,12.423728813559322,13.592123,1
QN0102,Queens,2023-09,15.40677966101695,18.743364,1
QN0102,Queens,2023-10,16.1864406779661,19.32546,1
QN0102,Queens,2024-03,14.016949152542374,15.622061,1
QN0102,Queens,2024-04,13.966101694915254,15.246341,1
QN0103,Queens,2023-07,12.796610169491526,12.816805,1
QN0103,Queens,2023-08,12.423728813559322,12.982695,1
QN0103,Queens,2023-09,15.40677966101695,18.356186,1
QN0103,Queens,2023-10,16.1864406779661,19.203533,1
QN0103,Queens,2024-03,14.016949152542374,15.390363,1
QN0103,Queens,2024-04,13.966101694915254,15.2167845,1
QN0104,Queens,2023-07,12.796610169491526,12.795608,1
QN0104,Queens,2023-08,12.423728813559322,12.898451,1
QN0104,Queens,2023-09,15.40677966101695,18.412067,1
QN0104,Queens,2023-10,16.1864406779661,19.239904,1
QN0104,Queens,2024-03,14.016949152542374,15.364961,1
QN0104,Queens,2024-04,13.966101694915254,15.197626,1
QN0105,Queens,2023-07,12.796610169491526,13.510405,1
QN0105,Queens,2023-08,12.423728813559322,13.54971,1
QN0105,Queens,2023-09,15.40677966101695,18.906513,1
QN0105,Queens,2023-10,16.1864406779661,19.526394,1
QN0105,Queens,2024-03,14.016949152542374,15.380637,1
QN0105,Queens,2024-04,13.966101694915254,15.272317,1
QN0301,Queens,2023-07,12.796610169491526,13.513031,1
QN0301,Queens,2023-08,12.423728813559322,14.032569,1
QN0301,Queens,2023-09,15.40677966101695,18.369188,1
QN0301,Queens,2023-10,16.1864406779661,18.526178,1
QN0301,Queens,2024-03,14.016949152542374,15.117053,1
QN0301,Queens,2024-04,13.966101694915254,14.54122,1
QN0302,Queens,2023-07,12.796610169491526,11.92324,1
QN0302,Queens,2023-08,12.423728813559322,12.134685,1
QN0302,Queens,2023-09,15.40677966101695,18.062178,1
QN0302,Queens,2023-10,16.1864406779661,19.179527,1
QN0302,Queens,2024-03,14.016949152542374,16.118706,1
QN0302,Queens,2024-04,13.966101694915254,14.586492,1
QN0303,Queens,2023-07,12.796610169491526,13.52086,1
QN0303,Queens,2023-08,12.423728813559322,13.545295,1
QN0303,Queens,2023-09,15.40677966101695,18.83948,1
QN0303,Queens,2023-10,16.1864406779661,19.537098,1
QN0303,Queens,2024-03,14.016949152542374,15.468093,1
QN0303,Queens,2024-04,13.966101694915254,15.286932,1
QN0401,Queens,2023-07,12.796610169491526,13.659994,1
QN0401,Queens,2023-08,12.423728813559322,13.901601,1
QN0401,Queens,2023-09,15.40677966101695,19.397827,1
QN0401,Queens,2023-10,16.1864406779661,18.975573,1
QN0401,Queens,2024-03,14.016949152542374,14.668888,1
QN0401,Queens,2024-04,13.966101694915254,14.291573,1
QN0402,Queens,2023-07,12.796610169491526,13.2370825,1
QN0402,Queens,2023-08,12.423728813559322,13.447828,1
QN0402,Queens,2023-09,15.40677966101695,18.399672,1
QN0402,Queens,2023-10,16.1864406779661,18.921806,1
QN0402,Queens,2024-03,14.016949152542374,15.468806,1
QN0402,Queens,2024-04,13.966101694915254,15.341096,1
QN0501,Queens,2023-07,12.796610169491526,13.654639,1
QN0501,Queens,2023-08,12.423728813559322,14.069687,1
QN0501,Queens,2023-09,15.40677966101695,18.839193,1
QN0501,Queens,2023-10,16.1864406779661,18.683079,1
QN0501,Queens,2024-03,14.016949152542374,14.598435,1
QN0501,Queens,2024-04,13.966101694915254,14.727187,1
QN0502,Queens,2023-07,12.796610169491526,13.522086,1
QN0502,Queens,2023-08,12.423728813559322,14.084592,1
QN0502,Queens,2023-09,15.40677966101695,18.790619,1
QN0502,Queens,2023-10,16.1864406779661,18.555502,1
QN0502,Queens,2024-03,14.016949152542374,15.361853,1
QN0502,Queens,2024-04,13.966101694915254,14.192487,1
QN0503,Queens,2023-07,12.796610169491526,13.631826,1
QN0503,Queens,2023-08,12.423728813559322,14.112276,1
QN0503,Queens,2023-09,15.40677966101695,18.779554,1
QN0503,Queens,2023-10,16.1864406779661,18.622969,1
QN0503,Queens,2024-03,14.016949152542374,14.587526,1
QN0503,Queens,2024-04,13.966101694915254,14.752653,1
QN0504,Queens,2023-07,12.796610169491526,13.573492,1
QN0504,Queens,2023-08,12.423728813559322,13.9718685,1
QN0504,Queens,2023-09,15.40677966101695,18.76222,1
QN0504,Queens,2023-10,16.1864406779661,18.696842,1
QN0504,Queens,2024-03,14.016949152542374,14.66896,1
QN0504,Queens,2024-04,13.966101694915254,14.732293,1
QN0601,Queens,2023-07,12.796610169491526,12.52739,1
QN0601,Queens,2023-08,12.423728813559322,12.523376,1
QN0601,Queens,2023-09,15.40677966101695,18.627625,1
QN0601,Queens,2023-10,16.1864406779661,18.701906,1
QN0601,Queens,2024-03,14.016949152542374,15.316451,1
QN0601,Queens,2024-04,13.966101694915254,15.7558,1
QN0602,Queens,2023-07,12.796610169491526,15.354683,1
QN0602,Queens,2023-08,12.423728813559322,15.878942,1
QN0602,Queens,2023-09,15.40677966101695,17.530382,1
QN0602,Queens,2023-10,16.1864406779661,16.426828,1
QN0602,Queens,2024-03,14.016949152542374,15.128951,1
QN0602,Queens,2024-04,13.966101694915254,14.394497,1
QN0701,Queens,2023-07,12.796610169491526,15.936432,1
QN0701,Queens,2023-08,12.423728813559322,16.320414,1
QN0701,Queens,2023-09,15.40677966101695,20.449842,1
QN0701,Queens,2023-10,16.1864406779661,19.655945,1
QN0701,Queens,2024-03,14.016949152542374,14.759862,1
QN0701,Queens,2024-04,13.966101694915254,14.171427,1
QN0702,Queens,2023-07,12.796610169491526,13.02886,1
QN0702,Queens,2023-08,12.423728813559322,13.597713,1
QN0702,Queens,2023-09,15.40677966101695,17.549435,1
QN0702,Queens,2023-10,16.1864406779661,16.216358,1
QN0702,Queens,2024-03,14.016949152542374,15.190092,1
QN0702,Queens,2024-04,13.966101694915254,14.377608,1
QN0703,Queens,2023-07,12.796610169491526,13.647075,1
QN0703,Queens,2023-08,12.423728813559322,13.9967985,1
QN0703,Queens,2023-09,15.40677966101695,17.823254,1
QN0703,Queens,2023-10,16.1864406779661,17.392675,1
QN0703,Queens,2024-03,14.016949152542374,15.0729,1
QN0703,Queens,2024-04,13.966101694915254,15.981415,1
QN0704,Queens,2023-07,12.796610169491526,15.156257,1
QN0704,Queens,2023-08,12.423728813559322,15.659585,1
QN0704,Queens,2023-09,15.40677966101695,17.660583,1
QN0704,Queens,2023-10,16.1864406779661,16.508888,1
QN0704,Queens,2024-03,14.016949152542374,15.246181,1
QN0704,Queens,2024-04,13.966101694915254,14.53207,1
QN0705,Queens,2023-07,12.796610169491526,15.813032,1
QN0705,Queens,2023-08,12.423728813559322,16.027521,1
QN0705,Queens,2023-09,15.40677966101695,19.450079,1
QN0705,Queens,2023-10,16.1864406779661,19.306734,1
QN0705,Queens,2024-03,14.016949152542374,14.742048,1
QN0705,Queens,2024-04,13.966101694915254,14.434502,1
QN0706,Queens,2023-07,12.796610169491526,13.352731,1
QN0706,Queens,2023-08,12.423728813559322,13.313659,1
QN0706,Queens,2023-09,15.40677966101695,18.50461,1
QN0706,Queens,2023-10,16.1864406779661,19.02294,1
QN0706,Queens,2024-03,14.016949152542374,15.597244,1
QN0706,Queens,2024-04,13.966101694915254,15.746238,1
QN0707,Queens,2023-07,12.796610169491526,13.537035,1
QN0707,Queens,2023-08,12.423728813559322,13.8560295,1
QN0707,Queens,2023-09,15.40677966101695,18.382652,1
QN0707,Queens,2023-10,16.1864406779661,17.281322,1
QN0707,Queens,2024-03,14.016949152542374,15.23978,1
QN0707,Queens,2024-04,13.966101694915254,14.735748,1
QN0801,Queens,2023-07,12.796610169491526,15.425344,1
QN0801,Queens,2023-08,12.423728813559322,15.963089,1
QN0801,Queens,2023-09,15.40677966101695,19.080154,1
QN0801,Queens,2023-10,16.1864406779661,18.109468,1
QN0801,Queens,2024-03,14.016949152542374,14.717996,1
QN0801,Queens,2024-04,13.966101694915254,14.641608,1
QN0802,Queens,2023-07,12.796610169491526,15.392653,1
QN0802,Queens,2023-08,12.423728813559322,15.873739,1
QN0802,Queens,2023-09,15.40677966101695,19.020157,1
QN0802,Queens,2023-10,16.1864406779661,18.02158,1
QN0802,Queens,2024-03,14.016949152542374,14.577608,1
QN0802,Queens,2024-04,13.966101694915254,14.509735,1
QN0803,Queens,2023-07,12.796610169491526,15.730408,1
QN0803,Queens,2023-08,12.423728813559322,15.978385,1
QN0803,Queens,2023-09,15.40677966101695,19.346813,1
QN0803,Queens,2023-10,16.1864406779661,18.654797,1
QN0803,Queens,2024-03,14.016949152542374,14.737786,1
QN0803,Queens,2024-04,13.966101694915254,14.575861,1
QN0804,Queens,2023-07,12.796610169491526,15.851921,1
QN0804,Queens,2023-08,12.423728813559322,16.079393,1
QN0804,Queens,2023-09,15.40677966101695,19.501076,1
QN0804,Queens,2023-10,16.1864406779661,18.85879,1
QN0804,Queens,2024-03,14.016949152542374,14.624232,1
QN0804,Queens,2024-04,13.966101694915254,14.488031,1
QN0805,Queens,2023-07,12.796610169491526,15.843827,1
QN0805,Queens,2023-08,12.423728813559322,16.04932,1
QN0805,Queens,2023-09,15.40677966101695,19.439848,1
QN0805,Queens,2023-10,16.1864406779661,19.289267,1
QN0805,Queens,2024-03,14.016949152542374,14.7502365,1
QN0805,Queens,2024-04,13.966101694915254,14.45354,1
QN0901,Queens,2023-07,12.796610169491526,12.801483,1
QN0901,Queens,2023-08,12.423728813559322,13.631179,1
QN0901,Queens,2023-09,15.40677966101695,18.589596,1
QN0901,Queens,2023-10,16.1864406779661,16.951996,1
QN0901,Queens,2024-03,14.016949152542374,15.004521,1
QN0901,Queens,2024-04,13.966101694915254,14.522,1
QN0902,Queens,2023-07,12.796610169491526,13.380592,1
QN0902,Queens,2023-08,12.423728813559322,14.448858,1
QN0902,Queens,2023-09,15.40677966101695,17.68704,1
QN0902,Queens,2023-10,16.1864406779661,16.234983,1
QN0902,Queens,2024-03,14.016949152542374,14.81898,1
QN0902,Queens,2024-04,13.966101694915254,14.389321,1
QN0903,Queens,2023-07,12.796610169491526,12.654724,1
QN0903,Queens,2023-08,12.423728813559322,13.561769,1
QN0903,Queens,2023-09,15.40677966101695,18.11816,1
QN0903,Queens,2023-10,16.1864406779661,16.405363,1
QN0903,Queens,2024-03,14.016949152542374,15.117666,1
QN0903,Queens,2024-04,13.966101694915254,14.361423,1
QN0904,Queens,2023-07,12.796610169491526,12.940597,1
QN0904,Queens,2023-08,12.423728813559322,13.719646,1
QN0904,Queens,2023-09,15.40677966101695,18.508411,1
QN0904,Queens,2023-10,16.1864406779661,17.687193,1
QN0904,Queens,2024-03,14.016949152542374,15.01291,1
QN0904,Queens,2024-04,13.966101694915254,14.53628,1
QN0905,Queens,2023-07,12.796610169491526,13.40825,1
QN0905,Queens,2023-08,12.423728813559322,14.485689,1
QN0905,Queens,2023-09,15.40677966101695,17.893236,1
QN0905,Queens,2023-10,16.1864406779661,16.381489,1
QN0905,Queens,2024-03,14.016949152542374,14.935044,1
QN0905,Queens,2024-04,13.966101694915254,14.529512,1
QN1001,Queens,2023-07,12.796610169491526,13.472427,1
QN1001,Queens,2023-08,12.423728813559322,13.795493,1
QN1001,Queens,2023-09,15.40677966101695,18.11513,1
QN1001,Queens,2023-10,16.1864406779661,16.444344,1
QN1001,Queens,2024-03,14.016949152542374,14.90191,1
QN1001,Queens,2024-04,13.966101694915254,14.188544,1
QN1002,Queens,2023-07,12.796610169491526,13.540906,1
QN1002,Queens,2023-08,12.423728813559322,14.429149,1
QN1002,Queens,2023-09,15.40677966101695,17.706272,1
QN1002,Queens,2023-10,16.1864406779661,16.429188,1
QN1002,Queens,2024-03,14.016949152542374,14.734812,1
QN1002,Queens,2024-04,13.966101694915254,14.3713665,1
QN1003,Queens,2023-07,12.796610169491526,12.989945,1
QN1003,Queens,2023-08,12.423728813559322,14.323445,1
QN1003,Queens,2023-09,15.40677966101695,17.820986,1
QN1003,Queens,2023-10,16.1864406779661,16.547113,1
QN1003,Queens,2024-03,14.016949152542374,14.386574,1
QN1003,Queens,2024-04,13.966101694915254,13.945038,1
QN1101,Queens,2023-07,12.796610169491526,15.214676,1
QN1101,Queens,2023-08,12.423728813559322,15.742804,1
QN1101,Queens,2023-09,15.40677966101695,17.40466,1
QN1101,Queens,2023-10,16.1864406779661,16.562748,1
QN1101,Queens,2024-03,14.016949152542374,15.044954,1
QN1101,Queens,2024-04,13.966101694915254,14.483304,1
QN1102,Queens,2023-07,12.796610169491526,15.271938,1
QN1102,Queens,2023-08,12.423728813559322,15.770021,1
QN1102,Queens,2023-09,15.40677966101695,17.505257,1
QN1102,Queens,2023-10,16.1864406779661,16.520557,1
QN1102,Queens,2024-03,14.016949152542374,15.003054,1
QN1102,Queens,2024-04,13.966101694915254,14.501853,1
QN1103,Queens,2023-07,12.796610169491526,13.296026,1
QN1103,Queens,2023-08,12.423728813559322,13.881105,1
QN1103,Queens,2023-09,15.40677966101695,17.76773,1
QN1103,Queens,2023-10,16.1864406779661,16.286474,1
QN1103,Queens,2024-03,14.016949152542374,14.910527,1
QN1103,Queens,2024-04,13.966101694915254,14.237115,1
QN1104,Queens,2023-07,12.796610169491526,15.36693,1
QN1104,Queens,2023-08,12.423728813559322,15.877717,1
QN1104,Queens,2023-09,15.40677966101695,19.057981,1
QN1104,Queens,2023-10,16.1864406779661,18.029125,1
QN1104,Queens,2024-03,14.016949152542374,14.694386,1
QN1104,Queens,2024-04,13.966101694915254,14.553339,1
QN1201,Queens,2023-07,12.796610169491526,15.944573,1
QN1201,Queens,2023-08,12.423728813559322,16.206327,1
QN1201,Queens,2023-09,15.40677966101695,20.903719,1
QN1201,Queens,2023-10,16.1864406779661,20.04945,1
QN1201,Queens,2024-03,14.016949152542374,14.499289,1
QN1201,Queens,2024-04,13.966101694915254,14.02062,1
QN1202,Queens,2023-07,12.796610169491526,13.564581,1
QN1202,Queens,2023-08,12.423728813559322,14.479642,1
QN1202,Queens,2023-09,15.40677966101695,17.926224,1
QN1202,Queens,2023-10,16.1864406779661,16.458363,1
QN1202,Queens,2024-03,14.016949152542374,14.753886,1
QN1202,Queens,2024-04,13.966101694915254,14.4265175,1
QN1203,Queens,2023-07,12.796610169491526,13.444155,1
QN1203,Queens,2023-08,12.423728813559322,13.857975,1
QN1203,Queens,2023-09,15.40677966101695,18.06042,1
QN1203,Queens,2023-10,16.1864406779661,16.518608,1
QN1203,Queens,2024-03,14.016949152542374,14.770957,1
QN1203,Queens,2024-04,13.966101694915254,14.482504,1
QN1204,Queens,2023-07,12.796610169491526,13.561307,1
QN1204,Queens,2023-08,12.423728813559322,14.427304,1
QN1204,Queens,2023-09,15.40677966101695,17.785976,1
QN1204,Queens,2023-10,16.1864406779661,16.42155,1
QN1204,Queens,2024-03,14.016949152542374,14.787636,1
QN1204,Queens,2024-04,13.966101694915254,14.439019,1
QN1205,Queens,2023-07,12.796610169491526,15.146233,1
QN1205,Queens,2023-08,12.423728813559322,15.659418,1
QN1205,Queens,2023-09,15.40677966101695,17.7985,1
QN1205,Queens,2023-10,16.1864406779661,16.417511,1
QN1205,Queens,2024-03,14.016949152542374,15.420895,1
QN1205,Queens,2024-04,13.966101694915254,14.445214,1
QN1206,Queens,2023-07,12.796610169491526,15.048009,1
QN1206,Queens,2023-08,12.423728813559322,15.068827,1
QN1206,Queens,2023-09,15.40677966101695,18.604458,1
QN1206,Queens,2023-10,16.1864406779661,18.787205,1
QN1206,Queens,2024-03,14.016949152542374,15.930831,1
QN1206,Queens,2024-04,13.966101694915254,16.201427,1
QN1301,Queens,2023-07,12.796610169491526,12.681844,1
QN1301,Queens,2023-08,12.423728813559322,13.44002,1
QN1301,Queens,2023-09,15.40677966101695,17.171463,1
QN1301,Queens,2023-10,16.1864406779661,15.347661,1
QN1301,Queens,2024-03,14.016949152542374,15.122236,1
QN1301,Queens,2024-04,13.966101694915254,15.153989,1
QN1302,Queens,2023-07,12.796610169491526,15.285778,1
QN1302,Queens,2023-08,12.423728813559322,15.793942,1
QN1302,Queens,2023-09,15.40677966101695,17.492258,1
QN1302,Queens,2023-10,16.1864406779661,16.3191,1
QN1302,Queens,2024-03,14.016949152542374,15.095296,1
QN1302,Queens,2024-04,13.966101694915254,14.41837,1
QN1303,Queens,2023-07,12.796610169491526,15.327454,1
QN1303,Queens,2023-08,12.423728813559322,15.83635,1
QN1303,Queens,2023-09,15.40677966101695,17.577364,1
QN1303,Queens,2023-10,16.1864406779661,16.4038,1
QN1303,Queens,2024-03,14.016949152542374,15.11429,1
QN1303,Queens,2024-04,13.966101694915254,14.401514,1
QN1304,Queens,2023-07,12.796610169491526,13.926955,1
QN1304,Queens,2023-08,12.423728813559322,14.871933,1
QN1304,Queens,2023-09,15.40677966101695,15.70837,1
QN1304,Queens,2023-10,16.1864406779661,18.326628,1
QN1304,Queens,2024-03,14.016949152542374,14.662064,1
QN1304,Queens,2024-04,13.966101694915254,14.169535,1
QN1306,Queens,2023-07,12.796610169491526,13.199317,1
QN1306,Queens,2023-08,12.423728813559322,14.310393,1
QN1306,Queens,2023-09,15.40677966101695,17.989079,1
QN1306,Queens,2023-10,16.1864406779661,17.371117,1
QN1306,Queens,2024-03,14.016949152542374,14.674092,1
QN1306,Queens,2024-04,13.966101694915254,13.973038,1
QN1307,Queens,2023-07,12.796610169491526,13.749905,1
QN1307,Queens,2023-08,12.423728813559322,14.313495,1
QN1307,Queens,2023-09,15.40677966101695,15.790742,1
QN1307,Queens,2023-10,16.1864406779661,18.331125,1
QN1307,Queens,2024-03,14.016949152542374,14.570429,1
QN1307,Queens,2024-04,13.966101694915254,13.988172,1
QN1401,Queens,2023-07,12.796610169491526,13.226714,1
QN1401,Queens,2023-08,12.423728813559322,13.816335,1
QN1401,Queens,2023-09,15.40677966101695,15.563996,1
QN1401,Queens,2023-10,16.1864406779661,16.084362,1
QN1401,Queens,2024-03,14.016949152542374,14.592243,1
QN1401,Queens,2024-04,13.966101694915254,13.727906,1
QN1402,Queens,2023-07,12.796610169491526,12.870084,1
QN1402,Queens,2023-08,12.423728813559322,13.828131,1
QN1402,Queens,2023-09,15.40677966101695,17.30274,1
QN1402,Queens,2023-10,16.1864406779661,18.355375,1
QN1402,Queens,2024-03,14.016949152542374,15.586237,1
QN1402,Queens,2024-04,13.966101694915254,13.558738,1
QN1403,Queens,2023-07,12.796610169491526,12.653029,1
QN1403,Queens,2023-08,12.423728813559322,12.863276,1
QN1403,Queens,2023-09,15.40677966101695,15.439525,1
QN1403,Queens,2023-10,16.1864406779661,16.97667,1
QN1403,Queens,2024-03,14.016949152542374,14.761317,1
QN1403,Queens,2024-04,13.966101694915254,13.443888,1
SI0101,Staten Island,2023-07,4.8125,22.374699,1
SI0101,Staten Island,2023-08,9.5625,22.361458,1
SI0101,Staten Island,2023-09,22.5625,24.24643,1
SI0101,Staten Island,2023-10,27.6875,28.675922,1
SI0101,Staten Island,2024-03,28.4375,23.904997,1
SI0101,Staten Island,2024-04,26.625,25.627657,1
SI0102,Staten Island,2023-07,4.8125,22.20578,1
SI0102,Staten Island,2023-08,9.5625,22.235714,1
SI0102,Staten Island,2023-09,22.5625,23.75943,1
SI0102,Staten Island,2023-10,27.6875,28.700228,1
SI0102,Staten Island,2024-03,28.4375,24.276823,1
SI0102,Staten Island,2024-04,26.625,25.734385,1
SI0103,Staten Island,2023-07,4.8125,22.406954,1
SI0103,Staten Island,2023-08,9.5625,22.832249,1
SI0103,Staten Island,2023-09,22.5625,23.428988,1
SI0103,Staten Island,2023-10,27.6875,29.530626,1
SI0103,Staten Island,2024-03,28.4375,24.195292,1
SI0103,Staten Island,2024-04,26.625,25.676819,1
SI0104,Staten Island,2023-07,4.8125,21.383415,1
SI0104,Staten Island,2023-08,9.5625,21.630795,1
SI0104,Staten Island,2023-09,22.5625,23.369158,1
SI0104,Staten Island,2023-10,27.6875,25.564287,1
SI0104,Staten Island,2024-03,28.4375,23.515934,1
SI0104,Staten Island,2024-04,26.625,24.863848,1
SI0105,Staten Island,2023-07,4.8125,21.297897,1
SI0105,Staten Island,2023-08,9.5625,21.738005,1
SI0105,Staten Island,2023-09,22.5625,23.47926,1
SI0105,Staten Island,2023-10,27.6875,25.126566,1
SI0105,Staten Island,2024-03,28.4375,23.912752,1
SI0105,Staten Island,2024-04,26.625,24.408367,1
SI0106,Staten Island,2023-07,4.8125,22.456036,1
SI0106,Staten Island,2023-08,9.5625,22.952883,1
SI0106,Staten Island,2023-09,22.5625,23.65947,1
SI0106,Staten Island,2023-10,27.6875,29.509768,1
SI0106,Staten Island,2024-03,28.4375,23.999352,1
SI0106,Staten Island,2024-04,26.625,25.515713,1
SI0107,Staten Island,2023-07,4.8125,21.228065,1
SI0107,Staten Island,2023-08,9.5625,21.219624,1
SI0107,Staten Island,2023-09,22.5625,23.442583,1
SI0107,Staten Island,2023-10,27.6875,28.045748,1
SI0107,Staten Island,2024-03,28.4375,24.638931,1
SI0107,Staten Island,2024-04,26.625,25.031223,1
SI0201,Staten Island,2023-07,4.8125,21.438284,1
SI0201,Staten Island,2023-08,9.5625,22.035275,1
SI0201,Staten Island,2023-09,22.5625,24.047192,1
SI0201,Staten Island,2023-10,27.6875,28.644043,1
SI0201,Staten Island,2024-03,28.4375,24.040993,1
SI0201,Staten Island,2024-04,26.625,25.00836,1
SI0202,Staten Island,2023-07,4.8125,21.422504,1
SI0202,Staten Island,2023-08,9.5625,21.756443,1
SI0202,Staten Island,2023-09,22.5625,23.495409,1
SI0202,Staten Island,2023-10,27.6875,25.182854,1
SI0202,Staten Island,2024-03,28.4375,23.579397,1
SI0202,Staten Island,2024-04,26.625,24.313911,1
SI0203,Staten Island,2023-07,4.8125,21.41439,1
SI0203,Staten Island,2023-08,9.5625,21.991753,1
SI0203,Staten Island,2023-09,22.5625,24.023746,1
SI0203,Staten Island,2023-10,27.6875,28.636074,1
SI0203,Staten Island,2024-03,28.4375,23.897068,1
SI0203,Staten Island,2024-04,26.625,24.847805,1
BK0101,Brooklyn,2024-05,36.37735849056604,34.832214,2
BK0101,Brooklyn,2024-06,26.528301886792452,27.341722,2
BK0101,Brooklyn,2024-07,25.16981132075472,25.983528,2
BK0101,Brooklyn,2024-08,26.849056603773583,27.411636,2
BK0101,Brooklyn,2024-09,33.490566037735846,32.188198,2
BK0101,Brooklyn,2024-10,34.60377358490566,38.363,2
BK0102,Brooklyn,2024-05,36.37735849056604,35.249187,2
BK0102,Brooklyn,2024-06,26.528301886792452,27.613499,2
BK0102,Brooklyn,2024-07,25.16981132075472,25.725416,2
BK0102,Brooklyn,2024-08,26.849056603773583,27.450397,2
BK0102,Brooklyn,2024-09,33.490566037735846,32.535816,2
BK0102,Brooklyn,2024-10,34.60377358490566,38.786186,2
BK0103,Brooklyn,2024-05,36.37735849056604,34.59467,2
BK0103,Brooklyn,2024-06,26.528301886792452,27.449842,2
BK0103,Brooklyn,2024-07,25.16981132075472,25.325474,2
BK0103,Brooklyn,2024-08,26.849056603773583,27.203308,2
BK0103,Brooklyn,2024-09,33.490566037735846,32.253662,2
BK0103,Brooklyn,2024-10,34.60377358490566,38.056587,2
BK0104,Brooklyn,2024-05,36.37735849056604,34.87836,2
BK0104,Brooklyn,2024-06,26.528301886792452,27.32039,2
BK0104,Brooklyn,2024-07,25.16981132075472,25.937597,2
BK0104,Brooklyn,2024-08,26.849056603773583,27.416176,2
BK0104,Brooklyn,2024-09,33.490566037735846,32.172886,2
BK0104,Brooklyn,2024-10,34.60377358490566,38.399372,2
BK0201,Brooklyn,2024-05,36.37735849056604,34.37594,2
BK0201,Brooklyn,2024-06,26.528301886792452,27.20179,2
BK0201,Brooklyn,2024-07,25.16981132075472,25.488375,2
BK0201,Brooklyn,2024-08,26.849056603773583,27.273527,2
BK0201,Brooklyn,2024-09,33.490566037735846,32.1888,2
BK0201,Brooklyn,2024-10,34.60377358490566,38.146664,2
BK0202,Brooklyn,2024-05,36.37735849056604,34.535023,2
BK0202,Brooklyn,2024-06,26.528301886792452,27.221035,2
BK0202,Brooklyn,2024-07,25.16981132075472,25.370981,2
BK0202,Brooklyn,2024-08,26.849056603773583,27.246086,2
BK0202,Brooklyn,2024-09,33.490566037735846,32.386486,2
BK0202,Brooklyn,2024-10,34.60377358490566,38.432972,2
BK0203,Brooklyn,2024-05,36.37735849056604,34.432312,2
BK0203,Brooklyn,2024-06,26.528301886792452,27.225082,2
BK0203,Brooklyn,2024-07,25.16981132075472,25.509962,2
BK0203,Brooklyn,2024-08,26.849056603773583,27.242537,2
BK0203,Brooklyn,2024-09,33.490566037735846,32.253956,2
BK0203,Brooklyn,2024-10,34.60377358490566,38.299297,2
BK0204,Brooklyn,2024-05,36.37735849056604,34.58464,2
BK0204,Brooklyn,2024-06,26.528301886792452,27.47288,2
BK0204,Brooklyn,2024-07,25.16981132075472,25.364382,2
BK0204,Brooklyn,2024-08,26.849056603773583,27.300488,2
BK0204,Brooklyn,2024-09,33.490566037735846,32.48374,2
BK0204,Brooklyn,2024-10,34.60377358490566,38.17279,2
BK0301,Brooklyn,2024-05,36.37735849056604,34.56963,2
BK0301,Brooklyn,2024-06,26.528301886792452,27.49491,2
BK0301,Brooklyn,2024-07,25.16981132075472,24.615755,2
BK0301,Brooklyn,2024-08,26.849056603773583,26.878809,2
BK0301,Brooklyn,2024-09,33.490566037735846,31.580708,2
BK0301,Brooklyn,2024-10,34.60377358490566,37.493534,2
BK0302,Brooklyn,2024-05,36.37735849056604,34.43201,2
BK0302,Brooklyn,2024-06,26.528301886792452,27.329697,2
BK0302,Brooklyn,2024-07,25.16981132075472,24.273006,2
BK0302,Brooklyn,2024-08,26.849056603773583,26.756617,2
BK0302,Brooklyn,2024-09,33.490566037735846,33.027496,2
BK0302,Brooklyn,2024-10,34.60377358490566,38.12273,2
BK0401,Brooklyn,2024-05,36.37735849056604,34.62596,2
BK0401,Brooklyn,2024-06,26.528301886792452,27.25941,2
BK0401,Brooklyn,2024-07,25.16981132075472,25.420769,2
BK0401,Brooklyn,2024-08,26.849056603773583,27.250431,2
BK0401,Brooklyn,2024-09,33.490566037735846,32.37817,2
BK0401,Brooklyn,2024-10,34.60377358490566,38.44414,2
BK0402,Brooklyn,2024-05,36.37735849056604,34.345978,2
BK0402,Brooklyn,2024-06,26.528301886792452,27.314888,2
BK0402,Brooklyn,2024-07,25.16981132075472,25.424328,2
BK0402,Brooklyn,2024-08,26.849056603773583,27.272284,2
BK0402,Brooklyn,2024-09,33.490566037735846,31.759739,2
BK0402,Brooklyn,2024-10,34.60377358490566,38.184597,2
BK0501,Brooklyn,2024-05,36.37735849056604,34.56409,2
BK0501,Brooklyn,2024-06,26.528301886792452,27.571522,2
BK0501,Brooklyn,2024-07,25.16981132075472,25.363775,2
BK0501,Brooklyn,2024-08,26.849056603773583,27.30677,2
BK0501,Brooklyn,2024-09,33.490566037735846,32.50625,2
BK0501,Brooklyn,2024-10,34.60377358490566,38.40589,2
BK0502,Brooklyn,2024-05,36.37735849056604,34.670975,2
BK0502,Brooklyn,2024-06,26.528301886792452,27.388578,2
BK0502,Brooklyn,2024-07,25.16981132075472,25.415747,2
BK0502,Brooklyn,2024-08,26.849056603773583,27.354433,2
BK0502,Brooklyn,2024-09,33.490566037735846,31.687109,2
BK0502,Brooklyn,2024-10,34.60377358490566,38.38175,2
BK0503,Brooklyn,2024-05,36.37735849056604,34.59846,2
BK0503,Brooklyn,2024-06,26.528301886792452,27.474688,2
BK0503,Brooklyn,2024-07,25.16981132075472,24.701252,2
BK0503,Brooklyn,2024-08,26.849056603773583,26.952484,2
BK0503,Brooklyn,2024-09,33.490566037735846,31.9193,2
BK0503,Brooklyn,2024-10,34.60377358490566,37.545742,2
BK0504,Brooklyn,2024-05,36.37735849056604,34.906296,2
BK0504,Brooklyn,2024-06,26.528301886792452,27.542631,2
BK0504,Brooklyn,2024-07,25.16981132075472,25.401257,2
BK0504,Brooklyn,2024-08,26.849056603773583,27.438986,2
BK0504,Brooklyn,2024-09,33.490566037735846,32.88421,2
BK0504,Brooklyn,2024-10,34.60377358490566,37.90675,2
BK0505,Brooklyn,2024-05,36.37735849056604,35.382263,2
BK0505,Brooklyn,2024-06,26.528301886792452,27.589937,2
BK0505,Brooklyn,2024-07,25.16981132075472,24.930626,2
BK0505,Brooklyn,2024-08,26.849056603773583,27.55624,2
BK0505,Brooklyn,2024-09,33.490566037735846,32.362057,2
BK0505,Brooklyn,2024-10,34.60377358490566,38.378323,2
BK0601,Brooklyn,2024-05,36.37735849056604,34.53338,2
BK0601,Brooklyn,2024-06,26.528301886792452,27.445992,2
BK0601,Brooklyn,2024-07,25.16981132075472,24.416914,2
BK0601,Brooklyn,2024-08,26.849056603773583,26.978424,2
BK0601,Brooklyn,2024-09,33.490566037735846,31.888834,2
BK0601,Brooklyn,2024-10,34.60377358490566,37.46539,2
BK0602,Brooklyn,2024-05,36.37735849056604,34.359634,2
BK0602,Brooklyn,2024-06,26.528301886792452,27.516884,2
BK0602,Brooklyn,2024-07,25.16981132075472,24.278137,2
BK0602,Brooklyn,2024-08,26.849056603773583,26.9001,2
BK0602,Brooklyn,2024-09,33.490566037735846,31.869713,2
BK0602,Brooklyn,2024-10,34.60377358490566,37.350597,2
BK0701,Brooklyn,2024-05,36.37735849056604,34.54246,2
BK0701,Brooklyn,2024-06,26.528301886792452,27.642397,2
BK0701,Brooklyn,2024-07,25.16981132075472,25.382154,2
BK0701,Brooklyn,2024-08,26.849056603773583,27.43052,2
BK0701,Brooklyn,2024-09,33.490566037735846,32.340275,2
BK0701,Brooklyn,2024-10,34.60377358490566,38.28273,2
BK0702,Brooklyn,2024-05,36.37735849056604,34.750313,2
BK0702,Brooklyn,2024-06,26.528301886792452,27.426079,2
BK0702,Brooklyn,2024-07,25.16981132075472,25.356535,2
BK0702,Brooklyn,2024-08,26.849056603773583,27.249311,2
BK0702,Brooklyn,2024-09,33.490566037735846,32.44493,2
BK0702,Brooklyn,2024-10,34.60377358490566,38.3695,2
BK0703,Brooklyn,2024-05,36.37735849056604,34.926704,2
BK0703,Brooklyn,2024-06,26.528301886792452,27.484447,2
BK0703,Brooklyn,2024-07,25.16981132075472,26.03171,2
BK0703,Brooklyn,2024-08,26.849056603773583,27.366034,2
BK0703,Brooklyn,2024-09,33.490566037735846,31.931292,2
BK0703,Brooklyn,2024-10,34.60377358490566,37.91947,2
BK0801,Brooklyn,2024-05,36.37735849056604,34.655315,2
BK0801,Brooklyn,2024-06,26.528301886792452,27.32268,2
BK0801,Brooklyn,2024-07,25.16981132075472,25.587404,2
BK0801,Brooklyn,2024-08,26.849056603773583,27.307556,2
BK0801,Brooklyn,2024-09,33.490566037735846,32.7453,2
BK0801,Brooklyn,2024-10,34.60377358490566,38.35705,2
BK0802,Brooklyn,2024-05,36.37735849056604,34.396523,2
BK0802,Brooklyn,2024-06,26.528301886792452,27.620407,2
BK0802,Brooklyn,2024-07,25.16981132075472,24.80971,2
BK0802,Brooklyn,2024-08,26.849056603773583,27.09007,2
BK0802,Brooklyn,2024-09,33.490566037735846,31.691967,2
BK0802,Brooklyn,2024-10,34.60377358490566,37.260975,2
BK0901,Brooklyn,2024-05,36.37735849056604,34.375683,2
BK0901,Brooklyn,2024-06,26.528301886792452,27.513735,2
BK0901,Brooklyn,2024-07,25.16981132075472,25.163847,2
BK0901,Brooklyn,2024-08,26.849056603773583,27.097342,2
BK0901,Brooklyn,2024-09,33.490566037735846,31.922188,2
BK0901,Brooklyn,2024-10,34.60377358490566,38.472473,2
BK0902,Brooklyn,2024-05,36.37735849056604,33.89512,2
BK0902,Brooklyn,2024-06,26.528301886792452,27.395115,2
BK0902,Brooklyn,2024-07,25.16981132075472,25.33865,2
BK0902,Brooklyn,2024-08,26.849056603773583,27.212284,2
BK0902,Brooklyn,2024-09,33.490566037735846,31.228193,2
BK0902,Brooklyn,2024-10,34.60377358490566,37.859962,2
BK1001,Brooklyn,2024-05,36.37735849056604,32.750732,2
BK1001,Brooklyn,2024-06,26.528301886792452,25.363884,2
BK1001,Brooklyn,2024-07,25.16981132075472,24.711523,2
BK1001,Brooklyn,2024-08,26.849056603773583,27.180897,2
BK1001,Brooklyn,2024-09,33.490566037735846,31.708485,2
BK1001,Brooklyn,2024-10,34.60377358490566,37.408886,2
BK1002,Brooklyn,2024-05,36.37735849056604,33.799217,2
BK1002,Brooklyn,2024-06,26.528301886792452,27.08389,2
BK1002,Brooklyn,2024-07,25.16981132075472,23.1579,2
BK1002,Brooklyn,2024-08,26.849056603773583,27.018661,2
BK1002,Brooklyn,2024-09,33.490566037735846,31.153204,2
BK1002,Brooklyn,2024-10,34.60377358490566,35.42727,2
BK1101,Brooklyn,2024-05,36.37735849056604,33.793747,2
BK1101,Brooklyn,2024-06,26.528301886792452,27.223684,2
BK1101,Brooklyn,2024-07,25.16981132075472,23.394184,2
BK1101,Brooklyn,2024-08,26.849056603773583,27.145763,2
BK1101,Brooklyn,2024-09,33.490566037735846,31.309752,2
BK1101,Brooklyn,2024-10,34.60377358490566,35.248684,2
BK1102,Brooklyn,2024-05,36.37735849056604,33.66189,2
BK1102,Brooklyn,2024-06,26.528301886792452,27.554558,2
BK1102,Brooklyn,2024-07,25.16981132075472,25.240747,2
BK1102,Brooklyn,2024-08,26.849056603773583,27.500122,2
BK1102,Brooklyn,2024-09,33.490566037735846,31.564276,2
BK1102,Brooklyn,2024-10,34.60377358490566,36.972248,2
BK1103,Brooklyn,2024-05,36.37735849056604,33.31404,2
BK1103,Brooklyn,2024-06,26.528301886792452,27.708258,2
BK1103,Brooklyn,2024-07,25.16981132075472,25.25184,2
BK1103,Brooklyn,2024-08,26.849056603773583,27.723341,2
BK1103,Brooklyn,2024-09,33.490566037735846,31.402214,2
BK1103,Brooklyn,2024-10,34.60377358490566,37.29567,2
BK1201,Brooklyn,2024-05,36.37735849056604,33.27979,2
BK1201,Brooklyn,2024-06,26.528301886792452,27.607697,2
BK1201,Brooklyn,2024-07,25.16981132075472,25.708027,2
BK1201,Brooklyn,2024-08,26.849056603773583,27.561209,2
BK1201,Brooklyn,2024-09,33.490566037735846,31.809002,2
BK1201,Brooklyn,2024-10,34.60377358490566,37.67293,2
BK1202,Brooklyn,2024-05,36.37735849056604,33.784992,2
BK1202,Brooklyn,2024-06,26.528301886792452,27.200253,2
BK1202,Brooklyn,2024-07,25.16981132075472,23.411402,2
BK1202,Brooklyn,2024-08,26.849056603773583,27.177114,2
BK1202,Brooklyn,2024-09,33.490566037735846,31.534008,2
BK1202,Brooklyn,2024-10,34.60377358490566,35.391396,2
BK1203,Brooklyn,2024-05,36.37735849056604,33.10323,2
BK1203,Brooklyn,2024-06,26.528301886792452,27.535173,2
BK1203,Brooklyn,2024-07,25.16981132075472,25.438162,2
BK1203,Brooklyn,2024-08,26.849056603773583,27.198967,2
BK1203,Brooklyn,2024-09,33.490566037735846,31.830126,2
BK1203,Brooklyn,2024-10,34.60377358490566,38.239456,2
BK1204,Brooklyn,2024-05,36.37735849056604,33.84491,2
BK1204,Brooklyn,2024-06,26.528301886792452,27.167343,2
BK1204,Brooklyn,2024-07,25.16981132075472,23.3883,2
BK1204,Brooklyn,2024-08,26.849056603773583,27.255234,2
BK1204,Brooklyn,2024-09,33.490566037735846,31.253113,2
BK1204,Brooklyn,2024-10,34.60377358490566,35.35273,2
BK1301,Brooklyn,2024-05,36.37735849056604,33.57588,2
BK1301,Brooklyn,2024-06,26.528301886792452,27.311447,2
BK1301,Brooklyn,2024-07,25.16981132075472,24.873013,2
BK1301,Brooklyn,2024-08,26.849056603773583,27.122883,2
BK1301,Brooklyn,2024-09,33.490566037735846,31.565826,2
BK1301,Brooklyn,2024-10,34.60377358490566,37.555996,2
BK1302,Brooklyn,2024-05,36.37735849056604,33.155853,2
BK1302,Brooklyn,2024-06,26.528301886792452,27.367573,2
BK1302,Brooklyn,2024-07,25.16981132075472,25.878592,2
BK1302,Brooklyn,2024-08,26.849056603773583,27.59958,2
BK1302,Brooklyn,2024-09,33.490566037735846,32.250374,2
BK1302,Brooklyn,2024-10,34.60377358490566,38.25693,2
BK1303,Brooklyn,2024-05,36.37735849056604,33.18868,2
BK1303,Brooklyn,2024-06,26.528301886792452,27.389797,2
BK1303,Brooklyn,2024-07,25.16981132075472,25.877024,2
BK1303,Brooklyn,2024-08,26.849056603773583,27.428267,2
BK1303,Brooklyn,2024-09,33.490566037735846,32.099983,2
BK1303,Brooklyn,2024-10,34.60377358490566,38.146263,2
BK1401,Brooklyn,2024-05,36.37735849056604,34.435158,2
BK1401,Brooklyn,2024-06,26.528301886792452,27.24611,2
BK1401,Brooklyn,2024-07,25.16981132075472,25.552942,2
BK1401,Brooklyn,2024-08,26.849056603773583,27.266314,2
BK1401,Brooklyn,2024-09,33.490566037735846,31.792038,2
BK1401,Brooklyn,2024-10,34.60377358490566,38.431534,2
BK1402,Brooklyn,2024-05,36.37735849056604,33.814236,2
BK1402,Brooklyn,2024-06,26.528301886792452,27.210539,2
BK1402,Brooklyn,2024-07,25.16981132075472,23.378366,2
BK1402,Brooklyn,2024-08,26.849056603773583,27.19677,2
BK1402,Brooklyn,2024-09,33.490566037735846,31.320875,2
BK1402,Brooklyn,2024-10,34.60377358490566,35.368607,2
BK1403,Brooklyn,2024-05,36.37735849056604,33.87035,2
BK1403,Brooklyn,2024-06,26.528301886792452,27.144331,2
BK1403,Brooklyn,2024-07,25.16981132075472,23.334154,2
BK1403,Brooklyn,2024-08,26.849056603773583,27.253117,2
BK1403,Brooklyn,2024-09,33.490566037735846,31.321676,2
BK1403,Brooklyn,2024-10,34.60377358490566,35.4654,2
BK1501,Brooklyn,2024-05,36.37735849056604,33.728752,2
BK1501,Brooklyn,2024-06,26.528301886792452,27.230396,2
BK1501,Brooklyn,2024-07,25.16981132075472,23.385717,2
BK1501,Brooklyn,2024-08,26.849056603773583,27.293093,2
BK1501,Brooklyn,2024-09,33.490566037735846,31.020844,2
BK1501,Brooklyn,2024-10,34.60377358490566,35.03569,2
BK1502,Brooklyn,2024-05,36.37735849056604,33.811794,2
BK1502,Brooklyn,2024-06,26.528301886792452,27.154272,2
BK1502,Brooklyn,2024-07,25.16981132075472,23.310816,2
BK1502,Brooklyn,2024-08,26.849056603773583,27.203398,2
BK1502,Brooklyn,2024-09,33.490566037735846,31.289333,2
BK1502,Brooklyn,2024-10,34.60377358490566,35.380962,2
BK1503,Brooklyn,2024-05,36.37735849056604,33.900032,2
BK1503,Brooklyn,2024-06,26.528301886792452,27.150702,2
BK1503,Brooklyn,2024-07,25.16981132075472,23.760662,2
BK1503,Brooklyn,2024-08,26.849056603773583,27.325087,2
BK1503,Brooklyn,2024-09,33.490566037735846,31.143827,2
BK1503,Brooklyn,2024-10,34.60377358490566,35.143883,2
BK1601,Brooklyn,2024-05,36.37735849056604,34.926666,2
BK1601,Brooklyn,2024-06,26.528301886792452,27.409594,2
BK1601,Brooklyn,2024-07,25.16981132075472,25.294893,2
BK1601,Brooklyn,2024-08,26.849056603773583,27.160944,2
BK1601,Brooklyn,2024-09,33.490566037735846,32.488804,2
BK1601,Brooklyn,2024-10,34.60377358490566,38.128468,2
BK1602,Brooklyn,2024-05,36.37735849056604,34.521667,2
BK1602,Brooklyn,2024-06,26.528301886792452,27.527828,2
BK1602,Brooklyn,2024-07,25.16981132075472,25.324007,2
BK1602,Brooklyn,2024-08,26.849056603773583,27.3331,2
BK1602,Brooklyn,2024-09,33.490566037735846,32.68915,2
BK1602,Brooklyn,2024-10,34.60377358490566,38.044098,2
BK1701,Brooklyn,2024-05,36.37735849056604,34.763355,2
BK1701,Brooklyn,2024-06,26.528301886792452,27.537653,2
BK1701,Brooklyn,2024-07,25.16981132075472,25.33875,2
BK1701,Brooklyn,2024-08,26.849056603773583,27.308455,2
BK1701,Brooklyn,2024-09,33.490566037735846,32.820744,2
BK1701,Brooklyn,2024-10,34.60377358490566,38.141346,2
BK1702,Brooklyn,2024-05,36.37735849056604,33.684566,2
BK1702,Brooklyn,2024-06,26.528301886792452,27.58722,2
BK1702,Brooklyn,2024-07,25.16981132075472,25.562006,2
BK1702,Brooklyn,2024-08,26.849056603773583,27.556602,2
BK1702,Brooklyn,2024-09,33.490566037735846,31.142353,2
BK1702,Brooklyn,2024-10,34.60377358490566,37.69054,2
BK1703,Brooklyn,2024-05,36.37735849056604,33.647602,2
BK1703,Brooklyn,2024-06,26.528301886792452,27.46194,2
BK1703,Brooklyn,2024-07,25.16981132075472,25.313519,2
BK1703,Brooklyn,2024-08,26.849056603773583,27.533598,2
BK1703,Brooklyn,2024-09,33.490566037735846,31.523657,2
BK1703,Brooklyn,2024-10,34.60377358490566,37.410408,2
BK1704,Brooklyn,2024-05,36.37735849056604,33.751896,2
BK1704,Brooklyn,2024-06,26.528301886792452,27.641401,2
BK1704,Brooklyn,2024-07,25.16981132075472,25.480747,2
BK1704,Brooklyn,2024-08,26.849056603773583,27.568283,2
BK1704,Brooklyn,2024-09,33.490566037735846,31.15273,2
BK1704,Brooklyn,2024-10,34.60377358490566,37.777294,2
BK1801,Brooklyn,2024-05,36.37735849056604,33.99147,2
BK1801,Brooklyn,2024-06,26.528301886792452,27.04359,2
BK1801,Brooklyn,2024-07,25.16981132075472,23.1623,2
BK1801,Brooklyn,2024-08,26.849056603773583,27.112154,2
BK1801,Brooklyn,2024-09,33.490566037735846,31.34479,2
BK1801,Brooklyn,2024-10,34.60377358490566,35.375942,2
BK1802,Brooklyn,2024-05,36.37735849056604,33.78814,2
BK1802,Brooklyn,2024-06,26.528301886792452,27.025116,2
BK1802,Brooklyn,2024-07,25.16981132075472,23.27968,2
BK1802,Brooklyn,2024-08,26.849056603773583,27.260052,2
BK1802,Brooklyn,2024-09,33.490566037735846,31.935194,2
BK1802,Brooklyn,2024-10,34.60377358490566,35.356102,2
BK1803,Brooklyn,2024-05,36.37735849056604,33.561447,2
BK1803,Brooklyn,2024-06,26.528301886792452,27.421062,2
BK1803,Brooklyn,2024-07,25.16981132075472,24.337856,2
BK1803,Brooklyn,2024-08,26.849056603773583,26.973312,2
BK1803,Brooklyn,2024-09,33.490566037735846,32.057213,2
BK1803,Brooklyn,2024-10,34.60377358490566,36.50837,2
BX0101,Bronx,2024-05,46.810810810810814,42.53637,2
BX0101,Bronx,2024-06,31.945945945945947,32.22929,2
BX0101,Bronx,2024-07,31.675675675675677,30.799116,2
BX0101,Bronx,2024-08,32.16216216216216,31.542488,2
BX0101,Bronx,2024-09,46.86486486486486,39.56534,2
BX0101,Bronx,2024-10,50.24324324324324,46.928215,2
BX0102,Bronx,2024-05,46.810810810810814,42.714344,2
BX0102,Bronx,2024-06,31.945945945945947,32.044273,2
BX0102,Bronx,2024-07,31.675675675675677,30.558804,2
BX0102,Bronx,2024-08,32.16216216216216,31.4585,2
BX0102,Bronx,2024-09,46.86486486486486,39.720478,2
BX0102,Bronx,2024-10,50.24324324324324,46.976585,2
BX0201,Bronx,2024-05,46.810810810810814,42.68636,2
BX0201,Bronx,2024-06,31.945945945945947,32.083454,2
BX0201,Bronx,2024-07,31.675675675675677,30.56051,2
BX0201,Bronx,2024-08,32.16216216216216,31.66919,2
BX0201,Bronx,2024-09,46.86486486486486,39.76405,2
BX0201,Bronx,2024-10,50.24324324324324,46.978603,2
BX0202,Bronx,2024-05,46.810810810810814,42.705727,2
BX0202,Bronx,2024-06,31.945945945945947,31.968384,2
BX0202,Bronx,2024-07,31.675675675675677,30.240267,2
BX0202,Bronx,2024-08,32.16216216216216,31.36756,2
BX0202,Bronx,2024-09,46.86486486486486,40.084114,2
BX0202,Bronx,2024-10,50.24324324324324,46.707355,2
BX0301,Bronx,2024-05,46.810810810810814,42.609055,2
BX0301,Bronx,2024-06,31.945945945945947,31.899117,2
BX0301,Bronx,2024-07,31.675675675675677,30.46584,2
BX0301,Bronx,2024-08,32.16216216216216,31.5948,2
BX0301,Bronx,2024-09,46.86486486486486,39.6831,2
BX0301,Bronx,2024-10,50.24324324324324,47.036793,2
BX0302,Bronx,2024-05,46.810810810810814,42.793915,2
BX0302,Bronx,2024-06,31.945945945945947,31.860216,2
BX0302,Bronx,2024-07,31.675675675675677,30.533182,2
BX0302,Bronx,2024-08,32.16216216216216,31.580515,2
BX0302,Bronx,2024-09,46.86486486486486,39.81646,2
BX0302,Bronx,2024-10,50.24324324324324,46.63495,2
BX0303,Bronx,2024-05,46.810810810810814,42.70896,2
BX0303,Bronx,2024-06,31.945945945945947,31.96766,2
BX0303,Bronx,2024-07,31.675675675675677,30.325087,2
BX0303,Bronx,2024-08,32.16216216216216,31.414892,2
BX0303,Bronx,2024-09,46.86486486486486,39.965588,2
BX0303,Bronx,2024-10,50.24324324324324,46.79381,2
BX0401,Bronx,2024-05,46.810810810810814,42.366047,2
BX0401,Bronx,2024-06,31.945945945945947,32.18205,2
BX0401,Bronx,2024-07,31.675675675675677,30.798193,2
BX0401,Bronx,2024-08,32.16216216216216,31.505886,2
BX0401,Bronx,2024-09,46.86486486486486,39.440086,2
BX0401,Bronx,2024-10,50.24324324324324,46.78422,2
BX0402,Bronx,2024-05,46.810810810810814,42.641956,2
BX0402,Bronx,2024-06,31.945945945945947,31.91721,2
BX0402,Bronx,2024-07,31.675675675675677,30.538212,2
BX0402,Bronx,2024-08,32.16216216216216,31.455172,2
BX0402,Bronx,2024-09,46.86486486486486,39.743603,2
BX0402,Bronx,2024-10,50.24324324324324,46.99046,2
BX0403,Bronx,2024-05,46.810810810810814,42.696087,2
BX0403,Bronx,2024-06,31.945945945945947,31.950668,2
BX0403,Bronx,2024-07,31.675675675675677,30.572851,2
BX0403,Bronx,2024-08,32.16216216216216,31.483957,2
BX0403,Bronx,2024-09,46.86486486486486,39.72917,2
BX0403,Bronx,2024-10,50.24324324324324,47.02974,2
BX0501,Bronx,2024-05,46.810810810810814,42.840202,2
BX0501,Bronx,2024-06,31.945945945945947,32.024097,2
BX0501,Bronx,2024-07,31.675675675675677,30.50445,2
BX0501,Bronx,2024-08,32.16216216216216,31.462389,2
BX0501,Bronx,2024-09,46.86486486486486,39.743423,2
BX0501,Bronx,2024-10,50.24324324324324,47.108887,2
BX0502,Bronx,2024-05,46.810810810810814,42.577747,2
BX0502,Bronx,2024-06,31.945945945945947,32.022736,2
BX0502,Bronx,2024-07,31.675675675675677,30.597198,2
BX0502,Bronx,2024-08,32.16216216216216,31.51077,2
BX0502,Bronx,2024-09,46.86486486486486,39.61777,2
BX0502,Bronx,2024-10,50.24324324324324,46.937668,2
BX0503,Bronx,2024-05,46.810810810810814,42.446777,2
BX0503,Bronx,2024-06,31.945945945945947,31.849226,2
BX0503,Bronx,2024-07,31.675675675675677,30.967741,2
BX0503,Bronx,2024-08,32.16216216216216,31.498344,2
BX0503,Bronx,2024-09,46.86486486486486,39.272655,2
BX0503,Bronx,2024-10,50.24324324324324,46.809536,2
BX0601,Bronx,2024-05,46.810810810810814,42.80481,2
BX0601,Bronx,2024-06,31.945945945945947,31.98015,2
BX0601,Bronx,2024-07,31.675675675675677,30.499855,2
BX0601,Bronx,2024-08,32.16216216216216,31.565975,2
BX0601,Bronx,2024-09,46.86486486486486,40.020847,2
BX0601,Bronx,2024-10,50.24324324324324,46.650677,2
BX0602,Bronx,2024-05,46.810810810810814,42.46509,2
BX0602,Bronx,2024-06,31.945945945945947,32.14103,2
BX0602,Bronx,2024-07,31.675675675675677,30.632334,2
BX0602,Bronx,2024-08,32.16216216216216,31.623287,2
BX0602,Bronx,2024-09,46.86486486486486,39.32562,2
BX0602,Bronx,2024-10,50.24324324324324,46.85846,2
BX0603,Bronx,2024-05,46.810810810810814,42.450825,2
BX0603,Bronx,2024-06,31.945945945945947,31.859936,2
BX0603,Bronx,2024-07,31.675675675675677,30.835785,2
BX0603,Bronx,2024-08,32.16216216216216,31.39034,2
BX0603,Bronx,2024-09,46.86486486486486,39.440407,2
BX0603,Bronx,2024-10,50.24324324324324,46.967167,2
BX0701,Bronx,2024-05,46.810810810810814,42.487553,2
BX0701,Bronx,2024-06,31.945945945945947,31.704815,2
BX0701,Bronx,2024-07,31.675675675675677,30.918413,2
BX0701,Bronx,2024-08,32.16216216216216,31.43795,2
BX0701,Bronx,2024-09,46.86486486486486,39.461876,2
BX0701,Bronx,2024-10,50.24324324324324,46.900867,2
BX0802,Bronx,2024-05,46.810810810810814,42.313747,2
BX0802,Bronx,2024-06,31.945945945945947,31.697319,2
BX0802,Bronx,2024-07,31.675675675675677,30.89344,2
BX0802,Bronx,2024-08,32.16216216216216,31.455938,2
BX0802,Bronx,2024-09,46.86486486486486,39.267635,2
BX0802,Bronx,2024-10,50.24324324324324,46.915234,2
BX0803,Bronx,2024-05,46.810810810810814,42.12754,2
BX0803,Bronx,2024-06,31.945945945945947,32.05266,2
BX0803,Bronx,2024-07,31.675675675675677,30.959139,2
BX0803,Bronx,2024-08,32.16216216216216,31.530115,2
BX0803,Bronx,2024-09,46.86486486486486,39.28178,2
BX0803,Bronx,2024-10,50.24324324324324,46.62451,2
BX0901,Bronx,2024-05,46.810810810810814,42.698235,2
BX0901,Bronx,2024-06,31.945945945945947,31.990019,2
BX0901,Bronx,2024-07,31.675675675675677,30.239721,2
BX0901,Bronx,2024-08,32.16216216216216,31.342674,2
BX0901,Bronx,2024-09,46.86486486486486,39.956135,2
BX0901,Bronx,2024-10,50.24324324324324,46.82307,2
BX0902,Bronx,2024-05,46.810810810810814,42.645054,2
BX0902,Bronx,2024-06,31.945945945945947,31.9672,2
BX0902,Bronx,2024-07,31.675675675675677,30.305895,2
BX0902,Bronx,2024-08,32.16216216216216,31.456486,2
BX0902,Bronx,2024-09,46.86486486486486,39.98632,2
BX0902,Bronx,2024-10,50.24324324324324,46.665276,2
BX0903,Bronx,2024-05,46.810810810810814,42.64201,2
BX0903,Bronx,2024-06,31.945945945945947,31.99411,2
BX0903,Bronx,2024-07,31.675675675675677,30.268051,2
BX0903,Bronx,2024-08,32.16216216216216,31.368448,2
BX0903,Bronx,2024-09,46.86486486486486,40.082253,2
BX0903,Bronx,2024-10,50.24324324324324,46.660885,2
BX0904,Bronx,2024-05,46.810810810810814,42.551174,2
BX0904,Bronx,2024-06,31.945945945945947,31.677114,2
BX0904,Bronx,2024-07,31.675675675675677,30.898586,2
BX0904,Bronx,2024-08,32.16216216216216,31.408024,2
BX0904,Bronx,2024-09,46.86486486486486,39.70821,2
BX0904,Bronx,2024-10,50.24324324324324,46.5849,2
BX1001,Bronx,2024-05,46.810810810810814,42.606068,2
BX1001,Bronx,2024-06,31.945945945945947,31.87526,2
BX1001,Bronx,2024-07,31.675675675675677,30.819149,2
BX1001,Bronx,2024-08,32.16216216216216,31.391838,2
BX1001,Bronx,2024-09,46.86486486486486,39.677505,2
BX1001,Bronx,2024-10,50.24324324324324,46.6558,2
BX1002,Bronx,2024-05,46.810810810810814,43.50783,2
BX1002,Bronx,2024-06,31.945945945945947,32.46709,2
BX1002,Bronx,2024-07,31.675675675675677,31.785877,2
BX1002,Bronx,2024-08,32.16216216216216,31.638166,2
BX1002,Bronx,2024-09,46.86486486486486,41.00043,2
BX1002,Bronx,2024-10,50.24324324324324,47.1995,2
BX1003,Bronx,2024-05,46.810810810810814,42.590446,2
BX1003,Bronx,2024-06,31.945945945945947,32.265213,2
BX1003,Bronx,2024-07,31.675675675675677,31.306202,2
BX1003,Bronx,2024-08,32.16216216216216,31.840517,2
BX1003,Bronx,2024-09,46.86486486486486,39.85969,2
BX1003,Bronx,2024-10,50.24324324324324,46.569176,2
BX1004,Bronx,2024-05,46.810810810810814,42.46932,2
BX1004,Bronx,2024-06,31.945945945945947,31.644625,2
BX1004,Bronx,2024-07,31.675675675675677,30.848211,2
BX1004,Bronx,2024-08,32.16216216216216,31.37081,2
BX1004,Bronx,2024-09,46.86486486486486,39.675533,2
BX1004,Bronx,2024-10,50.24324324324324,46.747944,2
BX1101,Bronx,2024-05,46.810810810810814,42.275467,2
BX1101,Bronx,2024-06,31.945945945945947,31.619366,2
BX1101,Bronx,2024-07,31.675675675675677,30.94323,2
BX1101,Bronx,2024-08,32.16216216216216,31.51292,2
BX1101,Bronx,2024-09,46.86486486486486,39.25461,2
BX1101,Bronx,2024-10,50.24324324324324,46.484604,2
BX1102,Bronx,2024-05,46.810810810810814,42.347927,2
BX1102,Bronx,2024-06,31.945945945945947,31.872799,2
BX1102,Bronx,2024-07,31.675675675675677,30.719355,2
BX1102,Bronx,2024-08,32.16216216216216,31.184967,2
BX1102,Bronx,2024-09,46.86486486486486,39.7991,2
BX1102,Bronx,2024-10,50.24324324324324,46.495804,2
BX1103,Bronx,2024-05,46.810810810810814,40.944164,2
BX1103,Bronx,2024-06,31.945945945945947,32.305717,2
BX1103,Bronx,2024-07,31.675675675675677,30.701431,2
BX1103,Bronx,2024-08,32.16216216216216,31.187351,2
BX1103,Bronx,2024-09,46.86486486486486,40.010284,2
BX1103,Bronx,2024-10,50.24324324324324,45.13448,2
BX1104,Bronx,2024-05,46.810810810810814,41.85993,2
BX1104,Bronx,2024-06,31.945945945945947,32.65756,2
BX1104,Bronx,2024-07,31.675675675675677,31.078304,2
BX1104,Bronx,2024-08,32.16216216216216,31.763515,2
BX1104,Bronx,2024-09,46.86486486486486,39.120327,2
BX1104,Bronx,2024-10,50.24324324324324,46.175182,2
BX1201,Bronx,2024-05,46.810810810810814,42.351856,2
BX1201,Bronx,2024-06,31.945945945945947,31.723722,2
BX1201,Bronx,2024-07,31.675675675675677,30.833855,2
BX1201,Bronx,2024-08,32.16216216216216,31.441105,2
BX1201,Bronx,2024-09,46.86486486486486,39.58102,2
BX1201,Bronx,2024-10,50.24324324324324,46.4819,2
BX1202,Bronx,2024-05,46.810810810810814,42.72243,2
BX1202,Bronx,2024-06,31.945945945945947,31.860512,2
BX1202,Bronx,2024-07,31.675675675675677,30.681915,2
BX1202,Bronx,2024-08,32.16216216216216,31.351692,2
BX1202,Bronx,2024-09,46.86486486486486,40.4497,2
BX1202,Bronx,2024-10,50.24324324324324,46.36311,2
BX1203,Bronx,2024-05,46.810810810810814,40.936367,2
BX1203,Bronx,2024-06,31.945945945945947,32.368435,2
BX1203,Bronx,2024-07,31.675675675675677,30.557987,2
BX1203,Bronx,2024-08,32.16216216216216,31.452957,2
BX1203,Bronx,2024-09,46.86486486486486,40.10042,2
BX1203,Bronx,2024-10,50.24324324324324,45.009422,2
MN0101,Manhattan,2024-05,31.40625,30.862623,2
MN0101,Manhattan,2024-06,23.46875,22.801355,2
MN0101,Manhattan,2024-07,24.25,22.547268,2
MN0101,Manhattan,2024-08,22.09375,23.089182,2
MN0101,Manhattan,2024-09,28.6875,26.890554,2
MN0101,Manhattan,2024-10,30.71875,30.701925,2
MN0102,Manhattan,2024-05,31.40625,30.43902,2
MN0102,Manhattan,2024-06,23.46875,23.35027,2
MN0102,Manhattan,2024-07,24.25,22.964836,2
MN0102,Manhattan,2024-08,22.09375,23.410664,2
MN0102,Manhattan,2024-09,28.6875,26.184946,2
MN0102,Manhattan,2024-10,30.71875,30.31978,2
MN0201,Manhattan,2024-05,31.40625,30.378693,2
MN0201,Manhattan,2024-06,23.46875,23.242445,2
MN0201,Manhattan,2024-07,24.25,22.92012,2
MN0201,Manhattan,2024-08,22.09375,23.41321,2
MN0201,Manhattan,2024-09,28.6875,26.195602,2
MN0201,Manhattan,2024-10,30.71875,30.263443,2
MN0202,Manhattan,2024-05,31.40625,30.5624,2
MN0202,Manhattan,2024-06,23.46875,23.427032,2
MN0202,Manhattan,2024-07,24.25,22.858418,2
MN0202,Manhattan,2024-08,22.09375,23.501095,2
MN0202,Manhattan,2024-09,28.6875,26.495209,2
MN0202,Manhattan,2024-10,30.71875,30.52125,2
MN0203,Manhattan,2024-05,31.40625,30.587547,2
MN0203,Manhattan,2024-06,23.46875,23.424782,2
MN0203,Manhattan,2024-07,24.25,22.86508,2
MN0203,Manhattan,2024-08,22.09375,23.542469,2
MN0203,Manhattan,2024-09,28.6875,26.371876,2
MN0203,Manhattan,2024-10,30.71875,30.549007,2
MN0301,Manhattan,2024-05,31.40625,31.111565,2
MN0301,Manhattan,2024-06,23.46875,23.237478,2
MN0301,Manhattan,2024-07,24.25,22.9606,2
MN0301,Manhattan,2024-08,22.09375,23.431421,2
MN0301,Manhattan,2024-09,28.6875,26.63095,2
MN0301,Manhattan,2024-10,30.71875,30.755634,2
MN0302,Manhattan,2024-05,31.40625,31.331188,2
MN0302,Manhattan,2024-06,23.46875,23.254648,2
MN0302,Manhattan,2024-07,24.25,22.84017,2
MN0302,Manhattan,2024-08,22.09375,23.335606,2
MN0302,Manhattan,2024-09,28.6875,26.79729,2
MN0302,Manhattan,2024-10,30.71875,31.049652,2
MN0303,Manhattan,2024-05,31.40625,30.600155,2
MN0303,Manhattan,2024-06,23.46875,23.343145,2
MN0303,Manhattan,2024-07,24.25,22.971596,2
MN0303,Manhattan,2024-08,22.09375,23.620567,2
MN0303,Manhattan,2024-09,28.6875,26.347742,2
MN0303,Manhattan,2024-10,30.71875,30.644321,2
MN0401,Manhattan,2024-05,31.40625,31.141504,2
MN0401,Manhattan,2024-06,23.46875,23.144447,2
MN0401,Manhattan,2024-07,24.25,22.907774,2
MN0401,Manhattan,2024-08,22.09375,23.396656,2
MN0401,Manhattan,2024-09,28.6875,26.662842,2
MN0401,Manhattan,2024-10,30.71875,30.735106,2
MN0402,Manhattan,2024-05,31.40625,29.872065,2
MN0402,Manhattan,2024-06,23.46875,23.164364,2
MN0402,Manhattan,2024-07,24.25,23.368752,2
MN0402,Manhattan,2024-08,22.09375,23.522652,2
MN0402,Manhattan,2024-09,28.6875,27.152302,2
MN0402,Manhattan,2024-10,30.71875,30.267654,2
MN0501,Manhattan,2024-05,31.40625,31.1838,2
MN0501,Manhattan,2024-06,23.46875,23.299961,2
MN0501,Manhattan,2024-07,24.25,22.917671,2
MN0501,Manhattan,2024-08,22.09375,23.279879,2
MN0501,Manhattan,2024-09,28.6875,26.563389,2
MN0501,Manhattan,2024-10,30.71875,30.620943,2
MN0502,Manhattan,2024-05,31.40625,30.104652,2
MN0502,Manhattan,2024-06,23.46875,22.944777,2
MN0502,Manhattan,2024-07,24.25,23.274082,2
MN0502,Manhattan,2024-08,22.09375,23.507088,2
MN0502,Manhattan,2024-09,28.6875,27.196873,2
MN0502,Manhattan,2024-10,30.71875,30.27653,2
MN0601,Manhattan,2024-05,31.40625,31.08119,2
MN0601,Manhattan,2024-06,23.46875,22.692654,2
MN0601,Manhattan,2024-07,24.25,22.465172,2
MN0601,Manhattan,2024-08,22.09375,23.399567,2
MN0601,Manhattan,2024-09,28.6875,27.201681,2
MN0601,Manhattan,2024-10,30.71875,31.359695,2
MN0602,Manhattan,2024-05,31.40625,31.18512,2
MN0602,Manhattan,2024-06,23.46875,23.231659,2
MN0602,Manhattan,2024-07,24.25,22.730585,2
MN0602,Manhattan,2024-08,22.09375,23.197292,2
MN0602,Manhattan,2024-09,28.6875,26.588459,2
MN0602,Manhattan,2024-10,30.71875,30.868868,2
MN0603,Manhattan,2024-05,31.40625,30.810274,2
MN0603,Manhattan,2024-06,23.46875,22.44073,2
MN0603,Manhattan,2024-07,24.25,22.5053,2
MN0603,Manhattan,2024-08,22.09375,23.31982,2
MN0603,Manhattan,2024-09,28.6875,26.686226,2
MN0603,Manhattan,2024-10,30.71875,30.971327,2
MN0604,Manhattan,2024-05,31.40625,30.971514,2
MN0604,Manhattan,2024-06,23.46875,22.264086,2
MN0604,Manhattan,2024-07,24.25,22.42443,2
MN0604,Manhattan,2024-08,22.09375,23.307528,2
MN0604,Manhattan,2024-09,28.6875,27.456928,2
MN0604,Manhattan,2024-10,30.71875,31.6369,2
MN0701,Manhattan,2024-05,31.40625,30.274923,2
MN0701,Manhattan,2024-06,23.46875,22.961584,2
MN0701,Manhattan,2024-07,24.25,23.115198,2
MN0701,Manhattan,2024-08,22.09375,23.31089,2
MN0701,Manhattan,2024-09,28.6875,27.383284,2
MN0701,Manhattan,2024-10,30.71875,30.338036,2
MN0702,Manhattan,2024-05,31.40625,30.707329,2
MN0702,Manhattan,2024-06,23.46875,23.850632,2
MN0702,Manhattan,2024-07,24.25,22.529299,2
MN0702,Manhattan,2024-08,22.09375,23.01493,2
MN0702,Manhattan,2024-09,28.6875,27.704569,2
MN0702,Manhattan,2024-10,30.71875,29.894842,2
MN0703,Manhattan,2024-05,31.40625,29.744484,2
MN0703,Manhattan,2024-06,23.46875,23.358139,2
MN0703,Manhattan,2024-07,24.25,23.14738,2
MN0703,Manhattan,2024-08,22.09375,23.568504,2
MN0703,Manhattan,2024-09,28.6875,26.871187,2
MN0703,Manhattan,2024-10,30.71875,29.757616,2
MN0801,Manhattan,2024-05,31.40625,30.783293,2
MN0801,Manhattan,2024-06,23.46875,22.357489,2
MN0801,Manhattan,2024-07,24.25,22.413525,2
MN0801,Manhattan,2024-08,22.09375,23.287127,2
MN0801,Manhattan,2024-09,28.6875,26.573032,2
MN0801,Manhattan,2024-10,30.71875,30.735983,2
MN0802,Manhattan,2024-05,31.40625,30.561409,2
MN0802,Manhattan,2024-06,23.46875,22.408436,2
MN0802,Manhattan,2024-07,24.25,22.517033,2
MN0802,Manhattan,2024-08,22.09375,23.352795,2
MN0802,Manhattan,2024-09,28.6875,26.549921,2
MN0802,Manhattan,2024-10,30.71875,30.146929,2
MN0803,Manhattan,2024-05,31.40625,30.76545,2
MN0803,Manhattan,2024-06,23.46875,22.411795,2
MN0803,Manhattan,2024-07,24.25,22.478237,2
MN0803,Manhattan,2024-08,22.09375,23.249414,2
MN0803,Manhattan,2024-09,28.6875,26.570738,2
MN0803,Manhattan,2024-10,30.71875,30.758026,2
MN0901,Manhattan,2024-05,31.40625,29.794683,2
MN0901,Manhattan,2024-06,23.46875,23.365099,2
MN0901,Manhattan,2024-07,24.25,23.044718,2
MN0901,Manhattan,2024-08,22.09375,23.300146,2
MN0901,Manhattan,2024-09,28.6875,27.259985,2
MN0901,Manhattan,2024-10,30.71875,30.234234,2
MN0902,Manhattan,2024-05,31.40625,30.710857,2
MN0902,Manhattan,2024-06,23.46875,21.771156,2
MN0902,Manhattan,2024-07,24.25,22.541063,2
MN0902,Manhattan,2024-08,22.09375,23.294573,2
MN0902,Manhattan,2024-09,28.6875,27.921263,2
MN0902,Manhattan,2024-10,30.71875,29.66703,2
MN0903,Manhattan,2024-05,31.40625,30.484379,2
MN0903,Manhattan,2024-06,23.46875,22.169659,2
MN0903,Manhattan,2024-07,24.25,22.609638,2
MN0903,Manhattan,2024-08,22.09375,23.316545,2
MN0903,Manhattan,2024-09,28.6875,27.743116,2
MN0903,Manhattan,2024-10,30.71875,29.670181,2
MN1001,Manhattan,2024-05,31.40625,30.310738,2
MN1001,Manhattan,2024-06,23.46875,22.045225,2
MN1001,Manhattan,2024-07,24.25,22.830196,2
MN1001,Manhattan,2024-08,22.09375,23.47552,2
MN1001,Manhattan,2024-09,28.6875,27.53776,2
MN1001,Manhattan,2024-10,30.71875,29.850475,2
MN1002,Manhattan,2024-05,31.40625,30.62026,2
MN1002,Manhattan,2024-06,23.46875,21.989737,2
MN1002,Manhattan,2024-07,24.25,22.59682,2
MN1002,Manhattan,2024-08,22.09375,23.289404,2
MN1002,Manhattan,2024-09,28.6875,27.792198,2
MN1002,Manhattan,2024-10,30.71875,29.821926,2
MN1101,Manhattan,2024-05,31.40625,30.451704,2
MN1101,Manhattan,2024-06,23.46875,22.005991,2
MN1101,Manhattan,2024-07,24.25,22.73668,2
MN1101,Manhattan,2024-08,22.09375,23.637154,2
MN1101,Manhattan,2024-09,28.6875,27.785864,2
MN1101,Manhattan,2024-10,30.71875,30.054241,2
MN1102,Manhattan,2024-05,31.40625,30.591827,2
MN1102,Manhattan,2024-06,23.46875,22.018526,2
MN1102,Manhattan,2024-07,24.25,22.820015,2
MN1102,Manhattan,2024-08,22.09375,23.449816,2
MN1102,Manhattan,2024-09,28.6875,27.686852,2
MN1102,Manhattan,2024-10,30.71875,29.827204,2
MN1201,Manhattan,2024-05,31.40625,30.544956,2
MN1201,Manhattan,2024-06,23.46875,21.954342,2
MN1201,Manhattan,2024-07,24.25,22.777014,2
MN1201,Manhattan,2024-08,22.09375,23.423038,2
MN1201,Manhattan,2024-09,28.6875,27.725264,2
MN1201,Manhattan,2024-10,30.71875,29.994373,2
MN1202,Manhattan,2024-05,31.40625,30.524252,2
MN1202,Manhattan,2024-06,23.46875,21.993946,2
MN1202,Manhattan,2024-07,24.25,22.750387,2
MN1202,Manhattan,2024-08,22.09375,23.427273,2
MN1202,Manhattan,2024-09,28.6875,27.744677,2
MN1202,Manhattan,2024-10,30.71875,29.976252,2
MN1203,Manhattan,2024-05,31.40625,29.924381,2
MN1203,Manhattan,2024-06,23.46875,21.831709,2
MN1203,Manhattan,2024-07,24.25,22.953436,2
MN1203,Manhattan,2024-08,22.09375,23.518435,2
MN1203,Manhattan,2024-09,28.6875,26.452007,2
MN1203,Manhattan,2024-10,30.71875,29.894402,2
QN0101,Queens,2024-05,17.16949152542373,14.87243,2
QN0101,Queens,2024-06,13.47457627118644,12.092904,2
QN0101,Queens,2024-07,11.59322033898305,11.599538,2
QN0101,Queens,2024-08,11.71186440677966,12.752516,2
QN0101,Queens,2024-09,14.186440677966102,13.790721,2
QN0101,Queens,2024-10,17.559322033898304,15.961747,2
QN0102,Queens,2024-05,17.16949152542373,15.335043,2
QN0102,Queens,2024-06,13.47457627118644,12.224253,2
QN0102,Queens,2024-07,11.59322033898305,10.815529,2
QN0102,Queens,2024-08,11.71186440677966,12.512885,2
QN0102,Queens,2024-09,14.186440677966102,14.774848,2
QN0102,Queens,2024-10,17.559322033898304,17.43111,2
QN0103,Queens,2024-05,17.16949152542373,14.9649515,2
QN0103,Queens,2024-06,13.47457627118644,12.1236515,2
QN0103,Queens,2024-07,11.59322033898305,11.020385,2
QN0103,Queens,2024-08,11.71186440677966,12.665633,2
QN0103,Queens,2024-09,14.186440677966102,14.734452,2
QN0103,Queens,2024-10,17.559322033898304,16.421991,2
QN0104,Queens,2024-05,17.16949152542373,14.884764,2
QN0104,Queens,2024-06,13.47457627118644,12.124789,2
QN0104,Queens,2024-07,11.59322033898305,10.883845,2
QN0104,Queens,2024-08,11.71186440677966,12.54666,2
QN0104,Queens,2024-09,14.186440677966102,14.52144,2
QN0104,Queens,2024-10,17.559322033898304,16.46627,2
QN0105,Queens,2024-05,17.16949152542373,15.62496,2
QN0105,Queens,2024-06,13.47457627118644,12.040302,2
QN0105,Queens,2024-07,11.59322033898305,10.61875,2
QN0105,Queens,2024-08,11.71186440677966,12.353731,2
QN0105,Queens,2024-09,14.186440677966102,14.831179,2
QN0105,Queens,2024-10,17.559322033898304,17.346272,2
QN0301,Queens,2024-05,17.16949152542373,14.853072,2
QN0301,Queens,2024-06,13.47457627118644,11.883388,2
QN0301,Queens,2024-07,11.59322033898305,11.076304,2
QN0301,Queens,2024-08,11.71186440677966,12.877943,2
QN0301,Queens,2024-09,14.186440677966102,13.491982,2
QN0301,Queens,2024-10,17.559322033898304,16.092161,2
QN0302,Queens,2024-05,17.16949152542373,14.843702,2
QN0302,Queens,2024-06,13.47457627118644,11.691472,2
QN0302,Queens,2024-07,11.59322033898305,11.084283,2
QN0302,Queens,2024-08,11.71186440677966,12.259929,2
QN0302,Queens,2024-09,14.186440677966102,14.135073,2
QN0302,Queens,2024-10,17.559322033898304,15.706172,2
QN0303,Queens,2024-05,17.16949152542373,15.789209,2
QN0303,Queens,2024-06,13.47457627118644,12.0407095,2
QN0303,Queens,2024-07,11.59322033898305,10.614849,2
QN0303,Queens,2024-08,11.71186440677966,12.361912,2
QN0303,Queens,2024-09,14.186440677966102,14.89515,2
QN0303,Queens,2024-10,17.559322033898304,17.107811,2
QN0401,Queens,2024-05,17.16949152542373,14.782593,2
QN0401,Queens,2024-06,13.47457627118644,11.890534,2
QN0401,Queens,2024-07,11.59322033898305,10.780576,2
QN0401,Queens,2024-08,11.71186440677966,12.591386,2
QN0401,Queens,2024-09,14.186440677966102,13.284453,2
QN0401,Queens,2024-10,17.559322033898304,16.385122,2
QN0402,Queens,2024-05,17.16949152542373,15.005527,2
QN0402,Queens,2024-06,13.47457627118644,12.331984,2
QN0402,Queens,2024-07,11.59322033898305,10.908177,2
QN0402,Queens,2024-08,11.71186440677966,12.657476,2
QN0402,Queens,2024-09,14.186440677966102,14.072588,2
QN0402,Queens,2024-10,17.559322033898304,16.596703,2
QN0501,Queens,2024-05,17.16949152542373,15.073367,2
QN0501,Queens,2024-06,13.47457627118644,11.900168,2
QN0501,Queens,2024-07,11.59322033898305,10.902044,2
QN0501,Queens,2024-08,11.71186440677966,12.742792,2
QN0501,Queens,2024-09,14.186440677966102,13.400415,2
QN0501,Queens,2024-10,17.559322033898304,16.508078,2
QN0502,Queens,2024-05,17.16949152542373,14.865056,2
QN0502,Queens,2024-06,13.47457627118644,11.662665,2
QN0502,Queens,2024-07,11.59322033898305,11.094297,2
QN0502,Queens,2024-08,11.71186440677966,12.588591,2
QN0502,Queens,2024-09,14.186440677966102,13.817957,2
QN0502,Queens,2024-10,17.559322033898304,16.126326,2
QN0503,Queens,2024-05,17.16949152542373,15.217514,2
QN0503,Queens,2024-06,13.47457627118644,11.878952,2
QN0503,Queens,2024-07,11.59322033898305,11.01318,2
QN0503,Queens,2024-08,11.71186440677966,12.87216,2
QN0503,Queens,2024-09,14.186440677966102,13.329318,2
QN0503,Queens,2024-10,17.559322033898304,16.350084,2
QN0504,Queens,2024-05,17.16949152542373,15.014454,2
QN0504,Queens,2024-06,13.47457627118644,11.935789,2
QN0504,Queens,2024-07,11.59322033898305,11.031985,2
QN0504,Queens,2024-08,11.71186440677966,12.824323,2
QN0504,Queens,2024-09,14.186440677966102,13.895391,2
QN0504,Queens,2024-10,17.559322033898304,16.23049,2
QN0601,Queens,2024-05,17.16949152542373,15.308206,2
QN0601,Queens,2024-06,13.47457627118644,12.130074,2
QN0601,Queens,2024-07,11.59322033898305,10.915306,2
QN0601,Queens,2024-08,11.71186440677966,12.650441,2
QN0601,Queens,2024-09,14.186440677966102,13.480064,2
QN0601,Queens,2024-10,17.559322033898304,16.999155,2
QN0602,Queens,2024-05,17.16949152542373,14.781275,2
QN0602,Queens,2024-06,13.47457627118644,12.192685,2
QN0602,Queens,2024-07,11.59322033898305,12.047715,2
QN0602,Queens,2024-08,11.71186440677966,12.8457575,2
QN0602,Queens,2024-09,14.186440677966102,14.068191,2
QN0602,Queens,2024-10,17.559322033898304,16.015587,2
QN0701,Queens,2024-05,17.16949152542373,14.959951,2
QN0701,Queens,2024-06,13.47457627118644,12.013606,2
QN0701,Queens,2024-07,11.59322033898305,11.397771,2
QN0701,Queens,2024-08,11.71186440677966,12.704178,2
QN0701,Queens,2024-09,14.186440677966102,13.808189,2
QN0701,Queens,2024-10,17.559322033898304,16.339436,2
QN0702,Queens,2024-05,17.16949152542373,14.566594,2
QN0702,Queens,2024-06,13.47457627118644,12.156144,2
QN0702,Queens,2024-07,11.59322033898305,12.223201,2
QN0702,Queens,2024-08,11.71186440677966,12.980112,2
QN0702,Queens,2024-09,14.186440677966102,14.64935,2
QN0702,Queens,2024-10,17.559322033898304,15.808318,2
QN0703,Queens,2024-05,17.16949152542373,14.461738,2
QN0703,Queens,2024-06,13.47457627118644,12.095657,2
QN0703,Queens,2024-07,11.59322033898305,12.1181555,2
QN0703,Queens,2024-08,11.71186440677966,12.713492,2
QN0703,Queens,2024-09,14.186440677966102,15.806968,2
QN0703,Queens,2024-10,17.559322033898304,16.124577,2
QN0704,Queens,2024-05,17.16949152542373,14.766089,2
QN0704,Queens,2024-06,13.47457627118644,12.206038,2
QN0704,Queens,2024-07,11.59322033898305,12.118424,2
QN0704,Queens,2024-08,11.71186440677966,12.868595,2
QN0704,Queens,2024-09,14.186440677966102,14.0546255,2
QN0704,Queens,2024-10,17.559322033898304,16.076405,2
QN0705,Queens,2024-05,17.16949152542373,14.62507,2
QN0705,Queens,2024-06,13.47457627118644,12.225973,2
QN0705,Queens,2024-07,11.59322033898305,11.94176,2
QN0705,Queens,2024-08,11.71186440677966,12.910101,2
QN0705,Queens,2024-09,14.186440677966102,14.8694935,2
QN0705,Queens,2024-10,17.559322033898304,16.318792,2
QN0706,Queens,2024-05,17.16949152542373,14.555083,2
QN0706,Queens,2024-06,13.47457627118644,12.19635,2
QN0706,Queens,2024-07,11.59322033898305,11.469702,2
QN0706,Queens,2024-08,11.71186440677966,12.755596,2
QN0706,Queens,2024-09,14.186440677966102,14.762853,2
QN0706,Queens,2024-10,17.559322033898304,16.173805,2
QN0707,Queens,2024-05,17.16949152542373,14.806126,2
QN0707,Queens,2024-06,13.47457627118644,12.277644,2
QN0707,Queens,2024-07,11.59322033898305,11.430176,2
QN0707,Queens,2024-08,11.71186440677966,12.750366,2
QN0707,Queens,2024-09,14.186440677966102,14.410687,2
QN0707,Queens,2024-10,17.559322033898304,16.756912,2
QN0801,Queens,2024-05,17.16949152542373,14.857323,2
QN0801,Queens,2024-06,13.47457627118644,12.242015,2
QN0801,Queens,2024-07,11.59322033898305,12.053619,2
QN0801,Queens,2024-08,11.71186440677966,12.874794,2
QN0801,Queens,2024-09,14.186440677966102,14.1083355,2
QN0801,Queens,2024-10,17.559322033898304,16.088663,2
QN0802,Queens,2024-05,17.16949152542373,14.867536,2
QN0802,Queens,2024-06,13.47457627118644,12.290162,2
QN0802,Queens,2024-07,11.59322033898305,12.093003,2
QN0802,Queens,2024-08,11.71186440677966,12.868857,2
QN0802,Queens,2024-09,14.186440677966102,13.986084,2
QN0802,Queens,2024-10,17.559322033898304,16.134403,2
QN0803,Queens,2024-05,17.16949152542373,14.985824,2
QN0803,Queens,2024-06,13.47457627118644,12.220864,2
QN0803,Queens,2024-07,11.59322033898305,11.905642,2
QN0803,Queens,2024-08,11.71186440677966,12.755019,2
QN0803,Queens,2024-09,14.186440677966102,15.267363,2
QN0803,Queens,2024-10,17.559322033898304,17.038395,2
QN0804,Queens,2024-05,17.16949152542373,15.001779,2
QN0804,Queens,2024-06,13.47457627118644,12.217265,2
QN0804,Queens,2024-07,11.59322033898305,11.915132,2
QN0804,Queens,2024-08,11.71186440677966,12.703734,2
QN0804,Queens,2024-09,14.186440677966102,15.338333,2
QN0804,Queens,2024-10,17.559322033898304,17.037045,2
QN0805,Queens,2024-05,17.16949152542373,14.676187,2
QN0805,Queens,2024-06,13.47457627118644,12.194662,2
QN0805,Queens,2024-07,11.59322033898305,11.955974,2
QN0805,Queens,2024-08,11.71186440677966,12.922434,2
QN0805,Queens,2024-09,14.186440677966102,14.953026,2
QN0805,Queens,2024-10,17.559322033898304,16.354969,2
QN0901,Queens,2024-05,17.16949152542373,14.563387,2
QN0901,Queens,2024-06,13.47457627118644,12.977481,2
QN0901,Queens,2024-07,11.59322033898305,10.381794,2
QN0901,Queens,2024-08,11.71186440677966,12.715845,2
QN0901,Queens,2024-09,14.186440677966102,13.952223,2
QN0901,Queens,2024-10,17.559322033898304,15.789924,2
QN0902,Queens,2024-05,17.16949152542373,15.569601,2
QN0902,Queens,2024-06,13.47457627118644,13.994205,2
QN0902,Queens,2024-07,11.59322033898305,11.118451,2
QN0902,Queens,2024-08,11.71186440677966,13.261322,2
QN0902,Queens,2024-09,14.186440677966102,14.029763,2
QN0902,Queens,2024-10,17.559322033898304,15.640037,2
QN0903,Queens,2024-05,17.16949152542373,14.254529,2
QN0903,Queens,2024-06,13.47457627118644,12.901869,2
QN0903,Queens,2024-07,11.59322033898305,10.629888,2
QN0903,Queens,2024-08,11.71186440677966,12.706013,2
QN0903,Queens,2024-09,14.186440677966102,13.773694,2
QN0903,Queens,2024-10,17.559322033898304,15.494854,2
QN0904,Queens,2024-05,17.16949152542373,14.433078,2
QN0904,Queens,2024-06,13.47457627118644,12.704666,2
QN0904,Queens,2024-07,11.59322033898305,10.486117,2
QN0904,Queens,2024-08,11.71186440677966,12.584797,2
QN0904,Queens,2024-09,14.186440677966102,13.766085,2
QN0904,Queens,2024-10,17.559322033898304,15.4326935,2
QN0905,Queens,2024-05,17.16949152542373,15.697875,2
QN0905,Queens,2024-06,13.47457627118644,13.928615,2
QN0905,Queens,2024-07,11.59322033898305,11.054662,2
QN0905,Queens,2024-08,11.71186440677966,13.268489,2
QN0905,Queens,2024-09,14.186440677966102,13.943066,2
QN0905,Queens,2024-10,17.559322033898304,15.795519,2
QN1001,Queens,2024-05,17.16949152542373,15.667255,2
QN1001,Queens,2024-06,13.47457627118644,14.077456,2
QN1001,Queens,2024-07,11.59322033898305,10.885553,2
QN1001,Queens,2024-08,11.71186440677966,13.235309,2
QN1001,Queens,2024-09,14.186440677966102,14.193612,2
QN1001,Queens,2024-10,17.559322033898304,15.90175,2
QN1002,Queens,2024-05,17.16949152542373,15.613596,2
QN1002,Queens,2024-06,13.47457627118644,14.050146,2
QN1002,Queens,2024-07,11.59322033898305,11.110988,2
QN1002,Queens,2024-08,11.71186440677966,13.321205,2
QN1002,Queens,2024-09,14.186440677966102,13.986591,2
QN1002,Queens,2024-10,17.559322033898304,15.659761,2
QN1003,Queens,2024-05,17.16949152542373,15.88256,2
QN1003,Queens,2024-06,13.47457627118644,13.700366,2
QN1003,Queens,2024-07,11.59322033898305,10.583095,2
QN1003,Queens,2024-08,11.71186440677966,13.358472,2
QN1003,Queens,2024-09,14.186440677966102,14.325814,2
QN1003,Queens,2024-10,17.559322033898304,16.576633,2
QN1101,Queens,2024-05,17.16949152542373,14.748166,2
QN1101,Queens,2024-06,13.47457627118644,12.186267,2
QN1101,Queens,2024-07,11.59322033898305,12.096444,2
QN1101,Queens,2024-08,11.71186440677966,12.844845,2
QN1101,Queens,2024-09,14.186440677966102,14.091913,2
QN1101,Queens,2024-10,17.559322033898304,16.102911,2
QN1102,Queens,2024-05,17.16949152542373,14.791707,2
QN1102,Queens,2024-06,13.47457627118644,12.176202,2
QN1102,Queens,2024-07,11.59322033898305,12.104446,2
QN1102,Queens,2024-08,11.71186440677966,12.841291,2
QN1102,Queens,2024-09,14.186440677966102,14.033352,2
QN1102,Queens,2024-10,17.559322033898304,16.087109,2
QN1103,Queens,2024-05,17.16949152542373,14.62031,2
QN1103,Queens,2024-06,13.47457627118644,12.156425,2
QN1103,Queens,2024-07,11.59322033898305,12.267883,2
QN1103,Queens,2024-08,11.71186440677966,12.733213,2
QN1103,Queens,2024-09,14.186440677966102,14.785311,2
QN1103,Queens,2024-10,17.559322033898304,16.04348,2
QN1104,Queens,2024-05,17.16949152542373,14.856534,2
QN1104,Queens,2024-06,13.47457627118644,12.248981,2
QN1104,Queens,2024-07,11.59322033898305,12.077989,2
QN1104,Queens,2024-08,11.71186440677966,12.8580675,2
QN1104,Queens,2024-09,14.186440677966102,14.046825,2
QN1104,Queens,2024-10,17.559322033898304,16.205917,2
QN1201,Queens,2024-05,17.16949152542373,14.488434,2
QN1201,Queens,2024-06,13.47457627118644,12.519665,2
QN1201,Queens,2024-07,11.59322033898305,11.970187,2
QN1201,Queens,2024-08,11.71186440677966,12.733066,2
QN1201,Queens,2024-09,14.186440677966102,14.160953,2
QN1201,Queens,2024-10,17.559322033898304,16.360458,2
QN1202,Queens,2024-05,17.16949152542373,15.903067,2
QN1202,Queens,2024-06,13.47457627118644,13.914571,2
QN1202,Queens,2024-07,11.59322033898305,11.019018,2
QN1202,Queens,2024-08,11.71186440677966,13.102518,2
QN1202,Queens,2024-09,14.186440677966102,14.242088,2
QN1202,Queens,2024-10,17.559322033898304,15.881936,2
QN1203,Queens,2024-05,17.16949152542373,15.802958,2
QN1203,Queens,2024-06,13.47457627118644,14.044774,2
QN1203,Queens,2024-07,11.59322033898305,10.846386,2
QN1203,Queens,2024-08,11.71186440677966,13.190072,2
QN1203,Queens,2024-09,14.186440677966102,14.142255,2
QN1203,Queens,2024-10,17.559322033898304,15.916973,2
QN1204,Queens,2024-05,17.16949152542373,15.576477,2
QN1204,Queens,2024-06,13.47457627118644,14.101473,2
QN1204,Queens,2024-07,11.59322033898305,11.168237,2
QN1204,Queens,2024-08,11.71186440677966,13.312882,2
QN1204,Queens,2024-09,14.186440677966102,13.940621,2
QN1204,Queens,2024-10,17.559322033898304,15.655269,2
QN1205,Queens,2024-05,17.16949152542373,14.78327,2
QN1205,Queens,2024-06,13.47457627118644,12.182105,2
QN1205,Queens,2024-07,11.59322033898305,12.096435,2
QN1205,Queens,2024-08,11.71186440677966,12.869104,2
QN1205,Queens,2024-09,14.186440677966102,14.056187,2
QN1205,Queens,2024-10,17.559322033898304,16.004791,2
QN1206,Queens,2024-05,17.16949152542373,14.195031,2
QN1206,Queens,2024-06,13.47457627118644,12.460568,2
QN1206,Queens,2024-07,11.59322033898305,11.391278,2
QN1206,Queens,2024-08,11.71186440677966,12.590562,2
QN1206,Queens,2024-09,14.186440677966102,14.497106,2
QN1206,Queens,2024-10,17.559322033898304,16.04594,2
QN1301,Queens,2024-05,17.16949152542373,14.32878,2
QN1301,Queens,2024-06,13.47457627118644,12.206489,2
QN1301,Queens,2024-07,11.59322033898305,11.243695,2
QN1301,Queens,2024-08,11.71186440677966,12.824991,2
QN1301,Queens,2024-09,14.186440677966102,14.375298,2
QN1301,Queens,2024-10,17.559322033898304,16.586382,2
QN1302,Queens,2024-05,17.16949152542373,14.762073,2
QN1302,Queens,2024-06,13.47457627118644,12.102467,2
QN1302,Queens,2024-07,11.59322033898305,12.057202,2
QN1302,Queens,2024-08,11.71186440677966,12.924658,2
QN1302,Queens,2024-09,14.186440677966102,13.981734,2
QN1302,Queens,2024-10,17.559322033898304,16.022835,2
QN1303,Queens,2024-05,17.16949152542373,14.754673,2
QN1303,Queens,2024-06,13.47457627118644,12.152235,2
QN1303,Queens,2024-07,11.59322033898305,12.116641,2
QN1303,Queens,2024-08,11.71186440677966,12.868262,2
QN1303,Queens,2024-09,14.186440677966102,14.0134115,2
QN1303,Queens,2024-10,17.559322033898304,15.99683,2
QN1304,Queens,2024-05,17.16949152542373,14.524537,2
QN1304,Queens,2024-06,13.47457627118644,12.291886,2
QN1304,Queens,2024-07,11.59322033898305,11.227667,2
QN1304,Queens,2024-08,11.71186440677966,12.7260475,2
QN1304,Queens,2024-09,14.186440677966102,14.061388,2
QN1304,Queens,2024-10,17.559322033898304,15.448281,2
QN1306,Queens,2024-05,17.16949152542373,15.498035,2
QN1306,Queens,2024-06,13.47457627118644,13.714622,2
QN1306,Queens,2024-07,11.59322033898305,10.927542,2
QN1306,Queens,2024-08,11.71186440677966,13.373635,2
QN1306,Queens,2024-09,14.186440677966102,14.950234,2
QN1306,Queens,2024-10,17.559322033898304,16.7863,2
QN1307,Queens,2024-05,17.16949152542373,14.757269,2
QN1307,Queens,2024-06,13.47457627118644,12.212453,2
QN1307,Queens,2024-07,11.59322033898305,10.913506,2
QN1307,Queens,2024-08,11.71186440677966,12.454788,2
QN1307,Queens,2024-09,14.186440677966102,14.071256,2
QN1307,Queens,2024-10,17.559322033898304,15.583306,2
QN1401,Queens,2024-05,17.16949152542373,15.726586,2
QN1401,Queens,2024-06,13.47457627118644,13.613181,2
QN1401,Queens,2024-07,11.59322033898305,11.252021,2
QN1401,Queens,2024-08,11.71186440677966,13.364558,2
QN1401,Queens,2024-09,14.186440677966102,14.336408,2
QN1401,Queens,2024-10,17.559322033898304,16.365623,2
QN1402,Queens,2024-05,17.16949152542373,14.856179,2
QN1402,Queens,2024-06,13.47457627118644,11.932511,2
QN1402,Queens,2024-07,11.59322033898305,10.64202,2
QN1402,Queens,2024-08,11.71186440677966,12.604873,2
QN1402,Queens,2024-09,14.186440677966102,14.774556,2
QN1402,Queens,2024-10,17.559322033898304,16.546007,2
QN1403,Queens,2024-05,17.16949152542373,14.702068,2
QN1403,Queens,2024-06,13.47457627118644,12.06828,2
QN1403,Queens,2024-07,11.59322033898305,10.764708,2
QN1403,Queens,2024-08,11.71186440677966,12.812395,2
QN1403,Queens,2024-09,14.186440677966102,15.124115,2
QN1403,Queens,2024-10,17.559322033898304,17.379452,2
SI0101,Staten Island,2024-05,31.375,26.587631,2
SI0101,Staten Island,2024-06,26.875,18.914568,2
SI0101,Staten Island,2024-07,27.75,13.175774,2
SI0101,Staten Island,2024-08,25.5625,10.152145,2
SI0101,Staten Island,2024-09,27.0,20.455511,2
SI0101,Staten Island,2024-10,28.0,23.84651,2
SI0102,Staten Island,2024-05,31.375,26.652227,2
SI0102,Staten Island,2024-06,26.875,18.994625,2
SI0102,Staten Island,2024-07,27.75,13.559894,2
SI0102,Staten Island,2024-08,25.5625,10.3382225,2
SI0102,Staten Island,2024-09,27.0,20.729645,2
SI0102,Staten Island,2024-10,28.0,23.42521,2
SI0103,Staten Island,2024-05,31.375,27.18212,2
SI0103,Staten Island,2024-06,26.875,19.42445,2
SI0103,Staten Island,2024-07,27.75,13.69953,2
SI0103,Staten Island,2024-08,25.5625,10.684169,2
SI0103,Staten Island,2024-09,27.0,21.493404,2
SI0103,Staten Island,2024-10,28.0,23.915672,2
SI0104,Staten Island,2024-05,31.375,26.265741,2
SI0104,Staten Island,2024-06,26.875,17.404217,2
SI0104,Staten Island,2024-07,27.75,12.416847,2
SI0104,Staten Island,2024-08,25.5625,9.987118,2
SI0104,Staten Island,2024-09,27.0,20.04654,2
SI0104,Staten Island,2024-10,28.0,22.829443,2
SI0105,Staten Island,2024-05,31.375,25.96533,2
SI0105,Staten Island,2024-06,26.875,17.339914,2
SI0105,Staten Island,2024-07,27.75,12.3414755,2
SI0105,Staten Island,2024-08,25.5625,9.998443,2
SI0105,Staten Island,2024-09,27.0,19.840326,2
SI0105,Staten Island,2024-10,28.0,22.491848,2
SI0106,Staten Island,2024-05,31.375,26.849804,2
SI0106,Staten Island,2024-06,26.875,19.514355,2
SI0106,Staten Island,2024-07,27.75,13.66448,2
SI0106,Staten Island,2024-08,25.5625,10.773031,2
SI0106,Staten Island,2024-09,27.0,21.202682,2
SI0106,Staten Island,2024-10,28.0,23.525614,2
SI0107,Staten Island,2024-05,31.375,26.095547,2
SI0107,Staten Island,2024-06,26.875,17.564865,2
SI0107,Staten Island,2024-07,27.75,12.837103,2
SI0107,Staten Island,2024-08,25.5625,10.009972,2
SI0107,Staten Island,2024-09,27.0,20.935486,2
SI0107,Staten Island,2024-10,28.0,22.758131,2
SI0201,Staten Island,2024-05,31.375,26.436422,2
SI0201,Staten Island,2024-06,26.875,17.529882,2
SI0201,Staten Island,2024-07,27.75,12.727883,2
SI0201,Staten Island,2024-08,25.5625,9.970155,2
SI0201,Staten Island,2024-09,27.0,21.787905,2
SI0201,Staten Island,2024-10,28.0,24.149427,2
SI0202,Staten Island,2024-05,31.375,26.11483,2
SI0202,Staten Island,2024-06,26.875,17.393913,2
SI0202,Staten Island,2024-07,27.75,12.290187,2
SI0202,Staten Island,2024-08,25.5625,9.972827,2
SI0202,Staten Island,2024-09,27.0,20.058079,2
SI0202,Staten Island,2024-10,28.0,22.750668,2
SI0203,Staten Island,2024-05,31.375,26.580795,2
SI0203,Staten Island,2024-06,26.875,17.500189,2
SI0203,Staten Island,2024-07,27.75,12.622146,2
SI0203,Staten Island,2024-08,25.5625,9.686257,2
SI0203,Staten Island,2024-09,27.0,21.61987,2
SI0203,Staten Island,2024-10,28.0,24.15129,2
