Data note 1;Ind1Name;Dim1Name;Dim1Value;Dim2Name;Dim2Value;Date ;Select Metric;
"-Syndrome data are inherently non-specific and not based on diagnostic testing. While the New York City syndromic surveillance system captures 100% of all emergency department(ED) visits in the city (as of 5/1/16, 99% prior to that), the data are not comprehensive as only aproportion of residents seek care in emergency departments. Therefore the data are not exact measures of morbidity.
-Data for the most recent two weeks are not final and are subject to change.";Asthma;Borough;Bronx;Age Group;All age groups;3/2022;Count;1,406
"-Syndrome data are inherently non-specific and not based on diagnostic testing. While the New York City syndromic surveillance system captures 100% of all emergency department(ED) visits in the city (as of 5/1/16, 99% prior to that), the data are not comprehensive as only aproportion of residents seek care in emergency departments. Therefore the data are not exact measures of morbidity.
-Data for the most recent two weeks are not final and are subject to change.";Asthma;Borough;Bronx;Age Group;All age groups;4/2022;Count;1,290
"-Syndrome data are inherently non-specific and not based on diagnostic testing. While the New York City syndromic surveillance system captures 100% of all emergency department(ED) visits in the city (as of 5/1/16, 99% prior to that), the data are not comprehensive as only aproportion of residents seek care in emergency departments. Therefore the data are not exact measures of morbidity.
-Data for the most recent two weeks are not final and are subject to change.";Asthma;Borough;Bronx;Age Group;All age groups;5/2022;Count;1,789
"-Syndrome data are inherently non-specific and not based on diagnostic testing. While the New York City syndromic surveillance system captures 100% of all emergency department(ED) visits in the city (as of 5/1/16, 99% prior to that), the data are not comprehensive as only aproportion of residents seek care in emergency departments. Therefore the data are not exact measures of morbidity.
-Data for the most recent two weeks are not final and are subject to change.";Asthma;Borough;Bronx;Age Group;All age groups;6/2022;Count;1,309
"-Syndrome data are inherently non-specific and not based on diagnostic testing. While the New York City syndromic surveillance system captures 100% of all emergency department(ED) visits in the city (as of 5/1/16, 99% prior to that), the data are not comprehensive as only aproportion of residents seek care in emergency departments. Therefore the data are not exact measures of morbidity.
-Data for the most recent two weeks are not final and are subject to change.";Asthma;Borough;Bronx;Age Group;All age groups;7/2022;Count;1,060
"-Syndrome data are inherently non-specific and not based on diagnostic testing. While the New York City syndromic surveillance system captures 100% of all emergency department(ED) visits in the city (as of 5/1/16, 99% prior to that), the data are not comprehensive as only aproportion of residents seek care in emergency departments. Therefore the data are not exact measures of morbidity.
-Data for the most recent two weeks are not final and are subject to change.";Asthma;Borough;Bronx;Age Group;All age groups;8/2022;Count;1,153
"-Syndrome data are inherently non-specific and not based on diagnostic testing. While the New York City syndromic surveillance system captures 100% of all emergency department(ED) visits in the city (as of 5/1/16, 99% prior to that), the data are not comprehensive as only aproportion of residents seek care in emergency departments. Therefore the data are not exact measures of morbidity.
-Data for the most recent two weeks are not final and are subject to change.";Asthma;Borough;Bronx;Age Group;All age groups;9/2022;Count;1,672
"-Syndrome data are inherently non-specific and not based on diagnostic testing. While the New York City syndromic surveillance system captures 100% of all emergency department(ED) visits in the city (as of 5/1/16, 99% prior to that), the data are not comprehensive as only aproportion of residents seek care in emergency departments. Therefore the data are not exact measures of morbidity.
-Data for the most recent two weeks are not final and are subject to change.";Asthma;Borough;Bronx;Age Group;All age groups;10/2022;Count;1,910
"-Syndrome data are inherently non-specific and not based on diagnostic testing. While the New York City syndromic surveillance system captures 100% of all emergency department(ED) visits in the city (as of 5/1/16, 99% prior to that), the data are not comprehensive as only aproportion of residents seek care in emergency departments. Therefore the data are not exact measures of morbidity.
-Data for the most recent two weeks are not final and are subject to change.";Asthma;Borough;Bronx;Age Group;All age groups;11/2022;Count;1,729
"-Syndrome data are inherently non-specific and not based on diagnostic testing. While the New York City syndromic surveillance system captures 100% of all emergency department(ED) visits in the city (as of 5/1/16, 99% prior to that), the data are not comprehensive as only aproportion of residents seek care in emergency departments. Therefore the data are not exact measures of morbidity.
-Data for the most recent two weeks are not final and are subject to change.";Asthma;Borough;Bronx;Age Group;All age groups;12/2022;Count;1,476
"-Syndrome data are inherently non-specific and not based on diagnostic testing. While the New York City syndromic surveillance system captures 100% of all emergency department(ED) visits in the city (as of 5/1/16, 99% prior to that), the data are not comprehensive as only aproportion of residents seek care in emergency departments. Therefore the data are not exact measures of morbidity.
-Data for the most recent two weeks are not final and are subject to change.";Asthma;Borough;Bronx;Age Group;All age groups;1/2023;Count;1,491
"-Syndrome data are inherently non-specific and not based on diagnostic testing. While the New York City syndromic surveillance system captures 100% of all emergency department(ED) visits in the city (as of 5/1/16, 99% prior to that), the data are not comprehensive as only aproportion of residents seek care in emergency departments. Therefore the data are not exact measures of morbidity.
-Data for the most recent two weeks are not final and are subject to change.";Asthma;Borough;Bronx;Age Group;All age groups;2/2023;Count;1,464
"-Syndrome data are inherently non-specific and not based on diagnostic testing. While the New York City syndromic surveillance system captures 100% of all emergency department(ED) visits in the city (as of 5/1/16, 99% prior to that), the data are not comprehensive as only aproportion of residents seek care in emergency departments. Therefore the data are not exact measures of morbidity.
-Data for the most recent two weeks are not final and are subject to change.";Asthma;Borough;Bronx;Age Group;All age groups;3/2023;Count;1,657
"-Syndrome data are inherently non-specific and not based on diagnostic testing. While the New York City syndromic surveillance system captures 100% of all emergency department(ED) visits in the city (as of 5/1/16, 99% prior to that), the data are not comprehensive as only aproportion of residents seek care in emergency departments. Therefore the data are not exact measures of morbidity.
-Data for the most recent two weeks are not final and are subject to change.";Asthma;Borough;Bronx;Age Group;All age groups;4/2023;Count;1,622
"-Syndrome data are inherently non-specific and not based on diagnostic testing. While the New York City syndromic surveillance system captures 100% of all emergency department(ED) visits in the city (as of 5/1/16, 99% prior to that), the data are not comprehensive as only aproportion of residents seek care in emergency departments. Therefore the data are not exact measures of morbidity.
-Data for the most recent two weeks are not final and are subject to change.";Asthma;Borough;Bronx;Age Group;All age groups;5/2023;Count;1,721
"-Syndrome data are inherently non-specific and not based on diagnostic testing. While the New York City syndromic surveillance system captures 100% of all emergency department(ED) visits in the city (as of 5/1/16, 99% prior to that), the data are not comprehensive as only aproportion of residents seek care in emergency departments. Therefore the data are not exact measures of morbidity.
-Data for the most recent two weeks are not final and are subject to change.";Asthma;Borough;Bronx;Age Group;All age groups;6/2023;Count;1,479
"-Syndrome data are inherently non-specific and not based on diagnostic testing. While the New York City syndromic surveillance system captures 100% of all emergency department(ED) visits in the city (as of 5/1/16, 99% prior to that), the data are not comprehensive as only aproportion of residents seek care in emergency departments. Therefore the data are not exact measures of morbidity.
-Data for the most recent two weeks are not final and are subject to change.";Asthma;Borough;Bronx;Age Group;All age groups;7/2023;Count;1,212
"-Syndrome data are inherently non-specific and not based on diagnostic testing. While the New York City syndromic surveillance system captures 100% of all emergency department(ED) visits in the city (as of 5/1/16, 99% prior to that), the data are not comprehensive as only aproportion of residents seek care in emergency departments. Therefore the data are not exact measures of morbidity.
-Data for the most recent two weeks are not final and are subject to change.";Asthma;Borough;Bronx;Age Group;All age groups;8/2023;Count;1,134
"-Syndrome data are inherently non-specific and not based on diagnostic testing. While the New York City syndromic surveillance system captures 100% of all emergency department(ED) visits in the city (as of 5/1/16, 99% prior to that), the data are not comprehensive as only aproportion of residents seek care in emergency departments. Therefore the data are not exact measures of morbidity.
-Data for the most recent two weeks are not final and are subject to change.";Asthma;Borough;Bronx;Age Group;All age groups;9/2023;Count;1,473
"-Syndrome data are inherently non-specific and not based on diagnostic testing. While the New York City syndromic surveillance system captures 100% of all emergency department(ED) visits in the city (as of 5/1/16, 99% prior to that), the data are not comprehensive as only aproportion of residents seek care in emergency departments. Therefore the data are not exact measures of morbidity.
-Data for the most recent two weeks are not final and are subject to change.";Asthma;Borough;Bronx;Age Group;All age groups;10/2023;Count;1,733
"-Syndrome data are inherently non-specific and not based on diagnostic testing. While the New York City syndromic surveillance system captures 100% of all emergency department(ED) visits in the city (as of 5/1/16, 99% prior to that), the data are not comprehensive as only aproportion of residents seek care in emergency departments. Therefore the data are not exact measures of morbidity.
-Data for the most recent two weeks are not final and are subject to change.";Asthma;Borough;Bronx;Age Group;All age groups;11/2023;Count;1,720
"-Syndrome data are inherently non-specific and not based on diagnostic testing. While the New York City syndromic surveillance system captures 100% of all emergency department(ED) visits in the city (as of 5/1/16, 99% prior to that), the data are not comprehensive as only aproportion of residents seek care in emergency departments. Therefore the data are not exact measures of morbidity.
-Data for the most recent two weeks are not final and are subject to change.";Asthma;Borough;Bronx;Age Group;All age groups;12/2023;Count;1,469
"-Syndrome data are inherently non-specific and not based on diagnostic testing. While the New York City syndromic surveillance system captures 100% of all emergency department(ED) visits in the city (as of 5/1/16, 99% prior to that), the data are not comprehensive as only aproportion of residents seek care in emergency departments. Therefore the data are not exact measures of morbidity.
-Data for the most recent two weeks are not final and are subject to change.";Asthma;Borough;Bronx;Age Group;All age groups;1/2024;Count;1,413
"-Syndrome data are inherently non-specific and not based on diagnostic testing. While the New York City syndromic surveillance system captures 100% of all emergency department(ED) visits in the city (as of 5/1/16, 99% prior to that), the data are not comprehensive as only aproportion of residents seek care in emergency departments. Therefore the data are not exact measures of morbidity.
-Data for the most recent two weeks are not final and are subject to change.";Asthma;Borough;Bronx;Age Group;All age groups;2/2024;Count;1,226
"-Syndrome data are inherently non-specific and not based on diagnostic testing. While the New York City syndromic surveillance system captures 100% of all emergency department(ED) visits in the city (as of 5/1/16, 99% prior to that), the data are not comprehensive as only aproportion of residents seek care in emergency departments. Therefore the data are not exact measures of morbidity.
-Data for the most recent two weeks are not final and are subject to change.";Asthma;Borough;Bronx;Age Group;All age groups;3/2024;Count;1,359
"-Syndrome data are inherently non-specific and not based on diagnostic testing. While the New York City syndromic surveillance system captures 100% of all emergency department(ED) visits in the city (as of 5/1/16, 99% prior to that), the data are not comprehensive as only aproportion of residents seek care in emergency departments. Therefore the data are not exact measures of morbidity.
-Data for the most recent two weeks are not final and are subject to change.";Asthma;Borough;Bronx;Age Group;All age groups;4/2024;Count;1,371
"-Syndrome data are inherently non-specific and not based on diagnostic testing. While the New York City syndromic surveillance system captures 100% of all emergency department(ED) visits in the city (as of 5/1/16, 99% prior to that), the data are not comprehensive as only aproportion of residents seek care in emergency departments. Therefore the data are not exact measures of morbidity.
-Data for the most recent two weeks are not final and are subject to change.";Asthma;Borough;Bronx;Age Group;All age groups;5/2024;Count;1,732
"-Syndrome data are inherently non-specific and not based on diagnostic testing. While the New York City syndromic surveillance system captures 100% of all emergency department(ED) visits in the city (as of 5/1/16, 99% prior to that), the data are not comprehensive as only aproportion of residents seek care in emergency departments. Therefore the data are not exact measures of morbidity.
-Data for the most recent two weeks are not final and are subject to change.";Asthma;Borough;Bronx;Age Group;All age groups;6/2024;Count;1,182
"-Syndrome data are inherently non-specific and not based on diagnostic testing. While the New York City syndromic surveillance system captures 100% of all emergency department(ED) visits in the city (as of 5/1/16, 99% prior to that), the data are not comprehensive as only aproportion of residents seek care in emergency departments. Therefore the data are not exact measures of morbidity.
-Data for the most recent two weeks are not final and are subject to change.";Asthma;Borough;Bronx;Age Group;All age groups;7/2024;Count;1,172
"-Syndrome data are inherently non-specific and not based on diagnostic testing. While the New York City syndromic surveillance system captures 100% of all emergency department(ED) visits in the city (as of 5/1/16, 99% prior to that), the data are not comprehensive as only aproportion of residents seek care in emergency departments. Therefore the data are not exact measures of morbidity.
-Data for the most recent two weeks are not final and are subject to change.";Asthma;Borough;Bronx;Age Group;All age groups;8/2024;Count;1,190
"-Syndrome data are inherently non-specific and not based on diagnostic testing. While the New York City syndromic surveillance system captures 100% of all emergency department(ED) visits in the city (as of 5/1/16, 99% prior to that), the data are not comprehensive as only aproportion of residents seek care in emergency departments. Therefore the data are not exact measures of morbidity.
-Data for the most recent two weeks are not final and are subject to change.";Asthma;Borough;Bronx;Age Group;All age groups;9/2024;Count;1,734
"-Syndrome data are inherently non-specific and not based on diagnostic testing. While the New York City syndromic surveillance system captures 100% of all emergency department(ED) visits in the city (as of 5/1/16, 99% prior to that), the data are not comprehensive as only aproportion of residents seek care in emergency departments. Therefore the data are not exact measures of morbidity.
-Data for the most recent two weeks are not final and are subject to change.";Asthma;Borough;Bronx;Age Group;All age groups;10/2024;Count;1,859
"-Syndrome data are inherently non-specific and not based on diagnostic testing. While the New York City syndromic surveillance system captures 100% of all emergency department(ED) visits in the city (as of 5/1/16, 99% prior to that), the data are not comprehensive as only aproportion of residents seek care in emergency departments. Therefore the data are not exact measures of morbidity.
-Data for the most recent two weeks are not final and are subject to change.";Asthma;Borough;Bronx;Age Group;All age groups;11/2024;Count;1,678
"-Syndrome data are inherently non-specific and not based on diagnostic testing. While the New York City syndromic surveillance system captures 100% of all emergency department(ED) visits in the city (as of 5/1/16, 99% prior to that), the data are not comprehensive as only aproportion of residents seek care in emergency departments. Therefore the data are not exact measures of morbidity.
-Data for the most recent two weeks are not final and are subject to change.";Asthma;Borough;Bronx;Age Group;All age groups;12/2024;Count;1,611
"-Syndrome data are inherently non-specific and not based on diagnostic testing. While the New York City syndromic surveillance system captures 100% of all emergency department(ED) visits in the city (as of 5/1/16, 99% prior to that), the data are not comprehensive as only aproportion of residents seek care in emergency departments. Therefore the data are not exact measures of morbidity.
-Data for the most recent two weeks are not final and are subject to change.";Asthma;Borough;Bronx;Age Group;All age groups;1/2025;Count;1,430
"-Syndrome data are inherently non-specific and not based on diagnostic testing. While the New York City syndromic surveillance system captures 100% of all emergency department(ED) visits in the city (as of 5/1/16, 99% prior to that), the data are not comprehensive as only aproportion of residents seek care in emergency departments. Therefore the data are not exact measures of morbidity.
-Data for the most recent two weeks are not final and are subject to change.";Asthma;Borough;Bronx;Age Group;All age groups;2/2025;Count;1,161
"-Syndrome data are inherently non-specific and not based on diagnostic testing. While the New York City syndromic surveillance system captures 100% of all emergency department(ED) visits in the city (as of 5/1/16, 99% prior to that), the data are not comprehensive as only aproportion of residents seek care in emergency departments. Therefore the data are not exact measures of morbidity.
-Data for the most recent two weeks are not final and are subject to change.";Asthma;Borough;Bronx;Age Group;All age groups;3/2025;Count;1,419
"-Syndrome data are inherently non-specific and not based on diagnostic testing. While the New York City syndromic surveillance system captures 100% of all emergency department(ED) visits in the city (as of 5/1/16, 99% prior to that), the data are not comprehensive as only aproportion of residents seek care in emergency departments. Therefore the data are not exact measures of morbidity.
-Data for the most recent two weeks are not final and are subject to change.";Asthma;Borough;Bronx;Age Group;All age groups;4/2025;Count;1,577
"-Syndrome data are inherently non-specific and not based on diagnostic testing. While the New York City syndromic surveillance system captures 100% of all emergency department(ED) visits in the city (as of 5/1/16, 99% prior to that), the data are not comprehensive as only aproportion of residents seek care in emergency departments. Therefore the data are not exact measures of morbidity.
-Data for the most recent two weeks are not final and are subject to change.";Asthma;Borough;Bronx;Age Group;All age groups;5/2025;Count;1,711
"-Syndrome data are inherently non-specific and not based on diagnostic testing. While the New York City syndromic surveillance system captures 100% of all emergency department(ED) visits in the city (as of 5/1/16, 99% prior to that), the data are not comprehensive as only aproportion of residents seek care in emergency departments. Therefore the data are not exact measures of morbidity.
-Data for the most recent two weeks are not final and are subject to change.";Asthma;Borough;Bronx;Age Group;All age groups;6/2025;Count;1,244
"-Syndrome data are inherently non-specific and not based on diagnostic testing. While the New York City syndromic surveillance system captures 100% of all emergency department(ED) visits in the city (as of 5/1/16, 99% prior to that), the data are not comprehensive as only aproportion of residents seek care in emergency departments. Therefore the data are not exact measures of morbidity.
-Data for the most recent two weeks are not final and are subject to change.";Asthma;Borough;Bronx;Age Group;All age groups;7/2025;Count;1,061
"-Syndrome data are inherently non-specific and not based on diagnostic testing. While the New York City syndromic surveillance system captures 100% of all emergency department(ED) visits in the city (as of 5/1/16, 99% prior to that), the data are not comprehensive as only aproportion of residents seek care in emergency departments. Therefore the data are not exact measures of morbidity.
-Data for the most recent two weeks are not final and are subject to change.";Asthma;Borough;Bronx;Age Group;All age groups;8/2025;Count;1,126
"-Syndrome data are inherently non-specific and not based on diagnostic testing. While the New York City syndromic surveillance system captures 100% of all emergency department(ED) visits in the city (as of 5/1/16, 99% prior to that), the data are not comprehensive as only aproportion of residents seek care in emergency departments. Therefore the data are not exact measures of morbidity.
-Data for the most recent two weeks are not final and are subject to change.";Asthma;Borough;Bronx;Age Group;All age groups;9/2025;Count;1,545
"-Syndrome data are inherently non-specific and not based on diagnostic testing. While the New York City syndromic surveillance system captures 100% of all emergency department(ED) visits in the city (as of 5/1/16, 99% prior to that), the data are not comprehensive as only aproportion of residents seek care in emergency departments. Therefore the data are not exact measures of morbidity.
-Data for the most recent two weeks are not final and are subject to change.";Asthma;Borough;Bronx;Age Group;All age groups;10/2025;Count;1,571
"-Syndrome data are inherently non-specific and not based on diagnostic testing. While the New York City syndromic surveillance system captures 100% of all emergency department(ED) visits in the city (as of 5/1/16, 99% prior to that), the data are not comprehensive as only aproportion of residents seek care in emergency departments. Therefore the data are not exact measures of morbidity.
-Data for the most recent two weeks are not final and are subject to change.";Asthma;Borough;Bronx;Age Group;All age groups;11/2025;Count;56
"-Syndrome data are inherently non-specific and not based on diagnostic testing. While the New York City syndromic surveillance system captures 100% of all emergency department(ED) visits in the city (as of 5/1/16, 99% prior to that), the data are not comprehensive as only aproportion of residents seek care in emergency departments. Therefore the data are not exact measures of morbidity.
-Data for the most recent two weeks are not final and are subject to change.";Asthma;Borough;Bronx;Age Group;Ages 0-4 years;3/2022;Count;93
"-Syndrome data are inherently non-specific and not based on diagnostic testing. While the New York City syndromic surveillance system captures 100% of all emergency department(ED) visits in the city (as of 5/1/16, 99% prior to that), the data are not comprehensive as only aproportion of residents seek care in emergency departments. Therefore the data are not exact measures of morbidity.
-Data for the most recent two weeks are not final and are subject to change.";Asthma;Borough;Bronx;Age Group;Ages 0-4 years;4/2022;Count;64
"-Syndrome data are inherently non-specific and not based on diagnostic testing. While the New York City syndromic surveillance system captures 100% of all emergency department(ED) visits in the city (as of 5/1/16, 99% prior to that), the data are not comprehensive as only aproportion of residents seek care in emergency departments. Therefore the data are not exact measures of morbidity.
-Data for the most recent two weeks are not final and are subject to change.";Asthma;Borough;Bronx;Age Group;Ages 0-4 years;5/2022;Count;75
"-Syndrome data are inherently non-specific and not based on diagnostic testing. While the New York City syndromic surveillance system captures 100% of all emergency department(ED) visits in the city (as of 5/1/16, 99% prior to that), the data are not comprehensive as only aproportion of residents seek care in emergency departments. Therefore the data are not exact measures of morbidity.
-Data for the most recent two weeks are not final and are subject to change.";Asthma;Borough;Bronx;Age Group;Ages 0-4 years;6/2022;Count;80
"-Syndrome data are inherently non-specific and not based on diagnostic testing. While the New York City syndromic surveillance system captures 100% of all emergency department(ED) visits in the city (as of 5/1/16, 99% prior to that), the data are not comprehensive as only aproportion of residents seek care in emergency departments. Therefore the data are not exact measures of morbidity.
-Data for the most recent two weeks are not final and are subject to change.";Asthma;Borough;Bronx;Age Group;Ages 0-4 years;7/2022;Count;40
"-Syndrome data are inherently non-specific and not based on diagnostic testing. While the New York City syndromic surveillance system captures 100% of all emergency department(ED) visits in the city (as of 5/1/16, 99% prior to that), the data are not comprehensive as only aproportion of residents seek care in emergency departments. Therefore the data are not exact measures of morbidity.
-Data for the most recent two weeks are not final and are subject to change.";Asthma;Borough;Bronx;Age Group;Ages 0-4 years;8/2022;Count;91
"-Syndrome data are inherently non-specific and not based on diagnostic testing. While the New York City syndromic surveillance system captures 100% of all emergency department(ED) visits in the city (as of 5/1/16, 99% prior to that), the data are not comprehensive as only aproportion of residents seek care in emergency departments. Therefore the data are not exact measures of morbidity.
-Data for the most recent two weeks are not final and are subject to change.";Asthma;Borough;Bronx;Age Group;Ages 0-4 years;9/2022;Count;229
"-Syndrome data are inherently non-specific and not based on diagnostic testing. While the New York City syndromic surveillance system captures 100% of all emergency department(ED) visits in the city (as of 5/1/16, 99% prior to that), the data are not comprehensive as only aproportion of residents seek care in emergency departments. Therefore the data are not exact measures of morbidity.
-Data for the most recent two weeks are not final and are subject to change.";Asthma;Borough;Bronx;Age Group;Ages 0-4 years;10/2022;Count;188
"-Syndrome data are inherently non-specific and not based on diagnostic testing. While the New York City syndromic surveillance system captures 100% of all emergency department(ED) visits in the city (as of 5/1/16, 99% prior to that), the data are not comprehensive as only aproportion of residents seek care in emergency departments. Therefore the data are not exact measures of morbidity.
-Data for the most recent two weeks are not final and are subject to change.";Asthma;Borough;Bronx;Age Group;Ages 0-4 years;11/2022;Count;133
"-Syndrome data are inherently non-specific and not based on diagnostic testing. While the New York City syndromic surveillance system captures 100% of all emergency department(ED) visits in the city (as of 5/1/16, 99% prior to that), the data are not comprehensive as only aproportion of residents seek care in emergency departments. Therefore the data are not exact measures of morbidity.
-Data for the most recent two weeks are not final and are subject to change.";Asthma;Borough;Bronx;Age Group;Ages 0-4 years;12/2022;Count;72
"-Syndrome data are inherently non-specific and not based on diagnostic testing. While the New York City syndromic surveillance system captures 100% of all emergency department(ED) visits in the city (as of 5/1/16, 99% prior to that), the data are not comprehensive as only aproportion of residents seek care in emergency departments. Therefore the data are not exact measures of morbidity.
-Data for the most recent two weeks are not final and are subject to change.";Asthma;Borough;Bronx;Age Group;Ages 0-4 years;1/2023;Count;96
"-Syndrome data are inherently non-specific and not based on diagnostic testing. While the New York City syndromic surveillance system captures 100% of all emergency department(ED) visits in the city (as of 5/1/16, 99% prior to that), the data are not comprehensive as only aproportion of residents seek care in emergency departments. Therefore the data are not exact measures of morbidity.
-Data for the most recent two weeks are not final and are subject to change.";Asthma;Borough;Bronx;Age Group;Ages 0-4 years;2/2023;Count;118
"-Syndrome data are inherently non-specific and not based on diagnostic testing. While the New York City syndromic surveillance system captures 100% of all emergency department(ED) visits in the city (as of 5/1/16, 99% prior to that), the data are not comprehensive as only aproportion of residents seek care in emergency departments. Therefore the data are not exact measures of morbidity.
-Data for the most recent two weeks are not final and are subject to change.";Asthma;Borough;Bronx;Age Group;Ages 0-4 years;3/2023;Count;99
"-Syndrome data are inherently non-specific and not based on diagnostic testing. While the New York City syndromic surveillance system captures 100% of all emergency department(ED) visits in the city (as of 5/1/16, 99% prior to that), the data are not comprehensive as only aproportion of residents seek care in emergency departments. Therefore the data are not exact measures of morbidity.
-Data for the most recent two weeks are not final and are subject to change.";Asthma;Borough;Bronx;Age Group;Ages 0-4 years;4/2023;Count;86
"-Syndrome data are inherently non-specific and not based on diagnostic testing. While the New York City syndromic surveillance system captures 100% of all emergency department(ED) visits in the city (as of 5/1/16, 99% prior to that), the data are not comprehensive as only aproportion of residents seek care in emergency departments. Therefore the data are not exact measures of morbidity.
-Data for the most recent two weeks are not final and are subject to change.";Asthma;Borough;Bronx;Age Group;Ages 0-4 years;5/2023;Count;94
"-Syndrome data are inherently non-specific and not based on diagnostic testing. While the New York City syndromic surveillance system captures 100% of all emergency department(ED) visits in the city (as of 5/1/16, 99% prior to that), the data are not comprehensive as only aproportion of residents seek care in emergency departments. Therefore the data are not exact measures of morbidity.
-Data for the most recent two weeks are not final and are subject to change.";Asthma;Borough;Bronx;Age Group;Ages 0-4 years;6/2023;Count;90
"-Syndrome data are inherently non-specific and not based on diagnostic testing. While the New York City syndromic surveillance system captures 100% of all emergency department(ED) visits in the city (as of 5/1/16, 99% prior to that), the data are not comprehensive as only aproportion of residents seek care in emergency departments. Therefore the data are not exact measures of morbidity.
-Data for the most recent two weeks are not final and are subject to change.";Asthma;Borough;Bronx;Age Group;Ages 0-4 years;7/2023;Count;60
"-Syndrome data are inherently non-specific and not based on diagnostic testing. While the New York City syndromic surveillance system captures 100% of all emergency department(ED) visits in the city (as of 5/1/16, 99% prior to that), the data are not comprehensive as only aproportion of residents seek care in emergency departments. Therefore the data are not exact measures of morbidity.
-Data for the most recent two weeks are not final and are subject to change.";Asthma;Borough;Bronx;Age Group;Ages 0-4 years;8/2023;Count;48
"-Syndrome data are inherently non-specific and not based on diagnostic testing. While the New York City syndromic surveillance system captures 100% of all emergency department(ED) visits in the city (as of 5/1/16, 99% prior to that), the data are not comprehensive as only aproportion of residents seek care in emergency departments. Therefore the data are not exact measures of morbidity.
-Data for the most recent two weeks are not final and are subject to change.";Asthma;Borough;Bronx;Age Group;Ages 0-4 years;9/2023;Count;117
"-Syndrome data are inherently non-specific and not based on diagnostic testing. While the New York City syndromic surveillance system captures 100% of all emergency department(ED) visits in the city (as of 5/1/16, 99% prior to that), the data are not comprehensive as only aproportion of residents seek care in emergency departments. Therefore the data are not exact measures of morbidity.
-Data for the most recent two weeks are not final and are subject to change.";Asthma;Borough;Bronx;Age Group;Ages 0-4 years;10/2023;Count;145
"-Syndrome data are inherently non-specific and not based on diagnostic testing. While the New York City syndromic surveillance system captures 100% of all emergency department(ED) visits in the city (as of 5/1/16, 99% prior to that), the data are not comprehensive as only aproportion of residents seek care in emergency departments. Therefore the data are not exact measures of morbidity.
-Data for the most recent two weeks are not final and are subject to change.";Asthma;Borough;Bronx;Age Group;Ages 0-4 years;11/2023;Count;118
"-Syndrome data are inherently non-specific and not based on diagnostic testing. While the New York City syndromic surveillance system captures 100% of all emergency department(ED) visits in the city (as of 5/1/16, 99% prior to that), the data are not comprehensive as only aproportion of residents seek care in emergency departments. Therefore the data are not exact measures of morbidity.
-Data for the most recent two weeks are not final and are subject to change.";Asthma;Borough;Bronx;Age Group;Ages 0-4 years;12/2023;Count;73
"-Syndrome data are inherently non-specific and not based on diagnostic testing. While the New York City syndromic surveillance system captures 100% of all emergency department(ED) visits in the city (as of 5/1/16, 99% prior to that), the data are not comprehensive as only aproportion of residents seek care in emergency departments. Therefore the data are not exact measures of morbidity.
-Data for the most recent two weeks are not final and are subject to change.";Asthma;Borough;Bronx;Age Group;Ages 0-4 years;1/2024;Count;66
"-Syndrome data are inherently non-specific and not based on diagnostic testing. While the New York City syndromic surveillance system captures 100% of all emergency department(ED) visits in the city (as of 5/1/16, 99% prior to that), the data are not comprehensive as only aproportion of residents seek care in emergency departments. Therefore the data are not exact measures of morbidity.
-Data for the most recent two weeks are not final and are subject to change.";Asthma;Borough;Bronx;Age Group;Ages 0-4 years;2/2024;Count;62
"-Syndrome data are inherently non-specific and not based on diagnostic testing. While the New York City syndromic surveillance system captures 100% of all emergency department(ED) visits in the city (as of 5/1/16, 99% prior to that), the data are not comprehensive as only aproportion of residents seek care in emergency departments. Therefore the data are not exact measures of morbidity.
-Data for the most recent two weeks are not final and are subject to change.";Asthma;Borough;Bronx;Age Group;Ages 0-4 years;3/2024;Count;90
"-Syndrome data are inherently non-specific and not based on diagnostic testing. While the New York City syndromic surveillance system captures 100% of all emergency department(ED) visits in the city (as of 5/1/16, 99% prior to that), the data are not comprehensive as only aproportion of residents seek care in emergency departments. Therefore the data are not exact measures of morbidity.
-Data for the most recent two weeks are not final and are subject to change.";Asthma;Borough;Bronx;Age Group;Ages 0-4 years;4/2024;Count;99
"-Syndrome data are inherently non-specific and not based on diagnostic testing. While the New York City syndromic surveillance system captures 100% of all emergency department(ED) visits in the city (as of 5/1/16, 99% prior to that), the data are not comprehensive as only aproportion of residents seek care in emergency departments. Therefore the data are not exact measures of morbidity.
-Data for the most recent two weeks are not final and are subject to change.";Asthma;Borough;Bronx;Age Group;Ages 0-4 years;5/2024;Count;107
"-Syndrome data are inherently non-specific and not based on diagnostic testing. While the New York City syndromic surveillance system captures 100% of all emergency department(ED) visits in the city (as of 5/1/16, 99% prior to that), the data are not comprehensive as only aproportion of residents seek care in emergency departments. Therefore the data are not exact measures of morbidity.
-Data for the most recent two weeks are not final and are subject to change.";Asthma;Borough;Bronx;Age Group;Ages 0-4 years;6/2024;Count;68
"-Syndrome data are inherently non-specific and not based on diagnostic testing. While the New York City syndromic surveillance system captures 100% of all emergency department(ED) visits in the city (as of 5/1/16, 99% prior to that), the data are not comprehensive as only aproportion of residents seek care in emergency departments. Therefore the data are not exact measures of morbidity.
-Data for the most recent two weeks are not final and are subject to change.";Asthma;Borough;Bronx;Age Group;Ages 0-4 years;7/2024;Count;45
"-Syndrome data are inherently non-specific and not based on diagnostic testing. While the New York City syndromic surveillance system captures 100% of all emergency department(ED) visits in the city (as of 5/1/16, 99% prior to that), the data are not comprehensive as only aproportion of residents seek care in emergency departments. Therefore the data are not exact measures of morbidity.
-Data for the most recent two weeks are not final and are subject to change.";Asthma;Borough;Bronx;Age Group;Ages 0-4 years;8/2024;Count;41
"-Syndrome data are inherently non-specific and not based on diagnostic testing. While the New York City syndromic surveillance system captures 100% of all emergency department(ED) visits in the city (as of 5/1/16, 99% prior to that), the data are not comprehensive as only aproportion of residents seek care in emergency departments. Therefore the data are not exact measures of morbidity.
-Data for the most recent two weeks are not final and are subject to change.";Asthma;Borough;Bronx;Age Group;Ages 0-4 years;9/2024;Count;126
"-Syndrome data are inherently non-specific and not based on diagnostic testing. While the New York City syndromic surveillance system captures 100% of all emergency department(ED) visits in the city (as of 5/1/16, 99% prior to that), the data are not comprehensive as only aproportion of residents seek care in emergency departments. Therefore the data are not exact measures of morbidity.
-Data for the most recent two weeks are not final and are subject to change.";Asthma;Borough;Bronx;Age Group;Ages 0-4 years;10/2024;Count;124
"-Syndrome data are inherently non-specific and not based on diagnostic testing. While the New York City syndromic surveillance system captures 100% of all emergency department(ED) visits in the city (as of 5/1/16, 99% prior to that), the data are not comprehensive as only aproportion of residents seek care in emergency departments. Therefore the data are not exact measures of morbidity.
-Data for the most recent two weeks are not final and are subject to change.";Asthma;Borough;Bronx;Age Group;Ages 0-4 years;11/2024;Count;123
"-Syndrome data are inherently non-specific and not based on diagnostic testing. While the New York City syndromic surveillance system captures 100% of all emergency department(ED) visits in the city (as of 5/1/16, 99% prior to that), the data are not comprehensive as only aproportion of residents seek care in emergency departments. Therefore the data are not exact measures of morbidity.
-Data for the most recent two weeks are not final and are subject to change.";Asthma;Borough;Bronx;Age Group;Ages 0-4 years;12/2024;Count;89
"-Syndrome data are inherently non-specific and not based on diagnostic testing. While the New York City syndromic surveillance system captures 100% of all emergency department(ED) visits in the city (as of 5/1/16, 99% prior to that), the data are not comprehensive as only aproportion of residents seek care in emergency departments. Therefore the data are not exact measures of morbidity.
-Data for the most recent two weeks are not final and are subject to change.";Asthma;Borough;Bronx;Age Group;Ages 0-4 years;1/2025;Count;53
"-Syndrome data are inherently non-specific and not based on diagnostic testing. While the New York City syndromic surveillance system captures 100% of all emergency department(ED) visits in the city (as of 5/1/16, 99% prior to that), the data are not comprehensive as only aproportion of residents seek care in emergency departments. Therefore the data are not exact measures of morbidity.
-Data for the most recent two weeks are not final and are subject to change.";Asthma;Borough;Bronx;Age Group;Ages 0-4 years;2/2025;Count;56
"-Syndrome data are inherently non-specific and not based on diagnostic testing. While the New York City syndromic surveillance system captures 100% of all emergency department(ED) visits in the city (as of 5/1/16, 99% prior to that), the data are not comprehensive as only aproportion of residents seek care in emergency departments. Therefore the data are not exact measures of morbidity.
-Data for the most recent two weeks are not final and are subject to change.";Asthma;Borough;Bronx;Age Group;Ages 0-4 years;3/2025;Count;110
"-Syndrome data are inherently non-specific and not based on diagnostic testing. While the New York City syndromic surveillance system captures 100% of all emergency department(ED) visits in the city (as of 5/1/16, 99% prior to that), the data are not comprehensive as only aproportion of residents seek care in emergency departments. Therefore the data are not exact measures of morbidity.
-Data for the most recent two weeks are not final and are subject to change.";Asthma;Borough;Bronx;Age Group;Ages 0-4 years;4/2025;Count;100
"-Syndrome data are inherently non-specific and not based on diagnostic testing. While the New York City syndromic surveillance system captures 100% of all emergency department(ED) visits in the city (as of 5/1/16, 99% prior to that), the data are not comprehensive as only aproportion of residents seek care in emergency departments. Therefore the data are not exact measures of morbidity.
-Data for the most recent two weeks are not final and are subject to change.";Asthma;Borough;Bronx;Age Group;Ages 0-4 years;5/2025;Count;87
"-Syndrome data are inherently non-specific and not based on diagnostic testing. While the New York City syndromic surveillance system captures 100% of all emergency department(ED) visits in the city (as of 5/1/16, 99% prior to that), the data are not comprehensive as only aproportion of residents seek care in emergency departments. Therefore the data are not exact measures of morbidity.
-Data for the most recent two weeks are not final and are subject to change.";Asthma;Borough;Bronx;Age Group;Ages 0-4 years;6/2025;Count;54
"-Syndrome data are inherently non-specific and not based on diagnostic testing. While the New York City syndromic surveillance system captures 100% of all emergency department(ED) visits in the city (as of 5/1/16, 99% prior to that), the data are not comprehensive as only aproportion of residents seek care in emergency departments. Therefore the data are not exact measures of morbidity.
-Data for the most recent two weeks are not final and are subject to change.";Asthma;Borough;Bronx;Age Group;Ages 0-4 years;7/2025;Count;30
"-Syndrome data are inherently non-specific and not based on diagnostic testing. While the New York City syndromic surveillance system captures 100% of all emergency department(ED) visits in the city (as of 5/1/16, 99% prior to that), the data are not comprehensive as only aproportion of residents seek care in emergency departments. Therefore the data are not exact measures of morbidity.
-Data for the most recent two weeks are not final and are subject to change.";Asthma;Borough;Bronx;Age Group;Ages 0-4 years;8/2025;Count;39
"-Syndrome data are inherently non-specific and not based on diagnostic testing. While the New York City syndromic surveillance system captures 100% of all emergency department(ED) visits in the city (as of 5/1/16, 99% prior to that), the data are not comprehensive as only aproportion of residents seek care in emergency departments. Therefore the data are not exact measures of morbidity.
-Data for the most recent two weeks are not final and are subject to change.";Asthma;Borough;Bronx;Age Group;Ages 0-4 years;9/2025;Count;100
"-Syndrome data are inherently non-specific and not based on diagnostic testing. While the New York City syndromic surveillance system captures 100% of all emergency department(ED) visits in the city (as of 5/1/16, 99% prior to that), the data are not comprehensive as only aproportion of residents seek care in emergency departments. Therefore the data are not exact measures of morbidity.
-Data for the most recent two weeks are not final and are subject to change.";Asthma;Borough;Bronx;Age Group;Ages 0-4 years;10/2025;Count;104
"-Syndrome data are inherently non-specific and not based on diagnostic testing. While the New York City syndromic surveillance system captures 100% of all emergency department(ED) visits in the city (as of 5/1/16, 99% prior to that), the data are not comprehensive as only aproportion of residents seek care in emergency departments. Therefore the data are not exact measures of morbidity.
-Data for the most recent two weeks are not final and are subject to change.";Asthma;Borough;Bronx;Age Group;Ages 0-4 years;11/2025;Count;3
"-Syndrome data are inherently non-specific and not based on diagnostic testing. While the New York City syndromic surveillance system captures 100% of all emergency department(ED) visits in the city (as of 5/1/16, 99% prior to that), the data are not comprehensive as only aproportion of residents seek care in emergency departments. Therefore the data are not exact measures of morbidity.
-Data for the most recent two weeks are not final and are subject to change.";Asthma;Borough;Bronx;Age Group;Ages 5-17 years;3/2022;Count;242
"-Syndrome data are inherently non-specific and not based on diagnostic testing. While the New York City syndromic surveillance system captures 100% of all emergency department(ED) visits in the city (as of 5/1/16, 99% prior to that), the data are not comprehensive as only aproportion of residents seek care in emergency departments. Therefore the data are not exact measures of morbidity.
-Data for the most recent two weeks are not final and are subject to change.";Asthma;Borough;Bronx;Age Group;Ages 5-17 years;4/2022;Count;168
"-Syndrome data are inherently non-specific and not based on diagnostic testing. While the New York City syndromic surveillance system captures 100% of all emergency department(ED) visits in the city (as of 5/1/16, 99% prior to that), the data are not comprehensive as only aproportion of residents seek care in emergency departments. Therefore the data are not exact measures of morbidity.
-Data for the most recent two weeks are not final and are subject to change.";Asthma;Borough;Bronx;Age Group;Ages 5-17 years;5/2022;Count;355
"-Syndrome data are inherently non-specific and not based on diagnostic testing. While the New York City syndromic surveillance system captures 100% of all emergency department(ED) visits in the city (as of 5/1/16, 99% prior to that), the data are not comprehensive as only aproportion of residents seek care in emergency departments. Therefore the data are not exact measures of morbidity.
-Data for the most recent two weeks are not final and are subject to change.";Asthma;Borough;Bronx;Age Group;Ages 5-17 years;6/2022;Count;198
"-Syndrome data are inherently non-specific and not based on diagnostic testing. While the New York City syndromic surveillance system captures 100% of all emergency department(ED) visits in the city (as of 5/1/16, 99% prior to that), the data are not comprehensive as only aproportion of residents seek care in emergency departments. Therefore the data are not exact measures of morbidity.
-Data for the most recent two weeks are not final and are subject to change.";Asthma;Borough;Bronx;Age Group;Ages 5-17 years;7/2022;Count;126
"-Syndrome data are inherently non-specific and not based on diagnostic testing. While the New York City syndromic surveillance system captures 100% of all emergency department(ED) visits in the city (as of 5/1/16, 99% prior to that), the data are not comprehensive as only aproportion of residents seek care in emergency departments. Therefore the data are not exact measures of morbidity.
-Data for the most recent two weeks are not final and are subject to change.";Asthma;Borough;Bronx;Age Group;Ages 5-17 years;8/2022;Count;123
"-Syndrome data are inherently non-specific and not based on diagnostic testing. While the New York City syndromic surveillance system captures 100% of all emergency department(ED) visits in the city (as of 5/1/16, 99% prior to that), the data are not comprehensive as only aproportion of residents seek care in emergency departments. Therefore the data are not exact measures of morbidity.
-Data for the most recent two weeks are not final and are subject to change.";Asthma;Borough;Bronx;Age Group;Ages 5-17 years;9/2022;Count;409
"-Syndrome data are inherently non-specific and not based on diagnostic testing. While the New York City syndromic surveillance system captures 100% of all emergency department(ED) visits in the city (as of 5/1/16, 99% prior to that), the data are not comprehensive as only aproportion of residents seek care in emergency departments. Therefore the data are not exact measures of morbidity.
-Data for the most recent two weeks are not final and are subject to change.";Asthma;Borough;Bronx;Age Group;Ages 5-17 years;10/2022;Count;390
"-Syndrome data are inherently non-specific and not based on diagnostic testing. While the New York City syndromic surveillance system captures 100% of all emergency department(ED) visits in the city (as of 5/1/16, 99% prior to that), the data are not comprehensive as only aproportion of residents seek care in emergency departments. Therefore the data are not exact measures of morbidity.
-Data for the most recent two weeks are not final and are subject to change.";Asthma;Borough;Bronx;Age Group;Ages 5-17 years;11/2022;Count;306
"-Syndrome data are inherently non-specific and not based on diagnostic testing. While the New York City syndromic surveillance system captures 100% of all emergency department(ED) visits in the city (as of 5/1/16, 99% prior to that), the data are not comprehensive as only aproportion of residents seek care in emergency departments. Therefore the data are not exact measures of morbidity.
-Data for the most recent two weeks are not final and are subject to change.";Asthma;Borough;Bronx;Age Group;Ages 5-17 years;12/2022;Count;215
"-Syndrome data are inherently non-specific and not based on diagnostic testing. While the New York City syndromic surveillance system captures 100% of all emergency department(ED) visits in the city (as of 5/1/16, 99% prior to that), the data are not comprehensive as only aproportion of residents seek care in emergency departments. Therefore the data are not exact measures of morbidity.
-Data for the most recent two weeks are not final and are subject to change.";Asthma;Borough;Bronx;Age Group;Ages 5-17 years;1/2023;Count;254
"-Syndrome data are inherently non-specific and not based on diagnostic testing. While the New York City syndromic surveillance system captures 100% of all emergency department(ED) visits in the city (as of 5/1/16, 99% prior to that), the data are not comprehensive as only aproportion of residents seek care in emergency departments. Therefore the data are not exact measures of morbidity.
-Data for the most recent two weeks are not final and are subject to change.";Asthma;Borough;Bronx;Age Group;Ages 5-17 years;2/2023;Count;286
"-Syndrome data are inherently non-specific and not based on diagnostic testing. While the New York City syndromic surveillance system captures 100% of all emergency department(ED) visits in the city (as of 5/1/16, 99% prior to that), the data are not comprehensive as only aproportion of residents seek care in emergency departments. Therefore the data are not exact measures of morbidity.
-Data for the most recent two weeks are not final and are subject to change.";Asthma;Borough;Bronx;Age Group;Ages 5-17 years;3/2023;Count;348
"-Syndrome data are inherently non-specific and not based on diagnostic testing. While the New York City syndromic surveillance system captures 100% of all emergency department(ED) visits in the city (as of 5/1/16, 99% prior to that), the data are not comprehensive as only aproportion of residents seek care in emergency departments. Therefore the data are not exact measures of morbidity.
-Data for the most recent two weeks are not final and are subject to change.";Asthma;Borough;Bronx;Age Group;Ages 5-17 years;4/2023;Count;347
"-Syndrome data are inherently non-specific and not based on diagnostic testing. While the New York City syndromic surveillance system captures 100% of all emergency department(ED) visits in the city (as of 5/1/16, 99% prior to that), the data are not comprehensive as only aproportion of residents seek care in emergency departments. Therefore the data are not exact measures of morbidity.
-Data for the most recent two weeks are not final and are subject to change.";Asthma;Borough;Bronx;Age Group;Ages 5-17 years;5/2023;Count;386
"-Syndrome data are inherently non-specific and not based on diagnostic testing. While the New York City syndromic surveillance system captures 100% of all emergency department(ED) visits in the city (as of 5/1/16, 99% prior to that), the data are not comprehensive as only aproportion of residents seek care in emergency departments. Therefore the data are not exact measures of morbidity.
-Data for the most recent two weeks are not final and are subject to change.";Asthma;Borough;Bronx;Age Group;Ages 5-17 years;6/2023;Count;188
"-Syndrome data are inherently non-specific and not based on diagnostic testing. While the New York City syndromic surveillance system captures 100% of all emergency department(ED) visits in the city (as of 5/1/16, 99% prior to that), the data are not comprehensive as only aproportion of residents seek care in emergency departments. Therefore the data are not exact measures of morbidity.
-Data for the most recent two weeks are not final and are subject to change.";Asthma;Borough;Bronx;Age Group;Ages 5-17 years;7/2023;Count;137
"-Syndrome data are inherently non-specific and not based on diagnostic testing. While the New York City syndromic surveillance system captures 100% of all emergency department(ED) visits in the city (as of 5/1/16, 99% prior to that), the data are not comprehensive as only aproportion of residents seek care in emergency departments. Therefore the data are not exact measures of morbidity.
-Data for the most recent two weeks are not final and are subject to change.";Asthma;Borough;Bronx;Age Group;Ages 5-17 years;8/2023;Count;124
"-Syndrome data are inherently non-specific and not based on diagnostic testing. While the New York City syndromic surveillance system captures 100% of all emergency department(ED) visits in the city (as of 5/1/16, 99% prior to that), the data are not comprehensive as only aproportion of residents seek care in emergency departments. Therefore the data are not exact measures of morbidity.
-Data for the most recent two weeks are not final and are subject to change.";Asthma;Borough;Bronx;Age Group;Ages 5-17 years;9/2023;Count;285
"-Syndrome data are inherently non-specific and not based on diagnostic testing. While the New York City syndromic surveillance system captures 100% of all emergency department(ED) visits in the city (as of 5/1/16, 99% prior to that), the data are not comprehensive as only aproportion of residents seek care in emergency departments. Therefore the data are not exact measures of morbidity.
-Data for the most recent two weeks are not final and are subject to change.";Asthma;Borough;Bronx;Age Group;Ages 5-17 years;10/2023;Count;347
"-Syndrome data are inherently non-specific and not based on diagnostic testing. While the New York City syndromic surveillance system captures 100% of all emergency department(ED) visits in the city (as of 5/1/16, 99% prior to that), the data are not comprehensive as only aproportion of residents seek care in emergency departments. Therefore the data are not exact measures of morbidity.
-Data for the most recent two weeks are not final and are subject to change.";Asthma;Borough;Bronx;Age Group;Ages 5-17 years;11/2023;Count;331
"-Syndrome data are inherently non-specific and not based on diagnostic testing. While the New York City syndromic surveillance system captures 100% of all emergency department(ED) visits in the city (as of 5/1/16, 99% prior to that), the data are not comprehensive as only aproportion of residents seek care in emergency departments. Therefore the data are not exact measures of morbidity.
-Data for the most recent two weeks are not final and are subject to change.";Asthma;Borough;Bronx;Age Group;Ages 5-17 years;12/2023;Count;216
"-Syndrome data are inherently non-specific and not based on diagnostic testing. While the New York City syndromic surveillance system captures 100% of all emergency department(ED) visits in the city (as of 5/1/16, 99% prior to that), the data are not comprehensive as only aproportion of residents seek care in emergency departments. Therefore the data are not exact measures of morbidity.
-Data for the most recent two weeks are not final and are subject to change.";Asthma;Borough;Bronx;Age Group;Ages 5-17 years;1/2024;Count;188
"-Syndrome data are inherently non-specific and not based on diagnostic testing. While the New York City syndromic surveillance system captures 100% of all emergency department(ED) visits in the city (as of 5/1/16, 99% prior to that), the data are not comprehensive as only aproportion of residents seek care in emergency departments. Therefore the data are not exact measures of morbidity.
-Data for the most recent two weeks are not final and are subject to change.";Asthma;Borough;Bronx;Age Group;Ages 5-17 years;2/2024;Count;216
"-Syndrome data are inherently non-specific and not based on diagnostic testing. While the New York City syndromic surveillance system captures 100% of all emergency department(ED) visits in the city (as of 5/1/16, 99% prior to that), the data are not comprehensive as only aproportion of residents seek care in emergency departments. Therefore the data are not exact measures of morbidity.
-Data for the most recent two weeks are not final and are subject to change.";Asthma;Borough;Bronx;Age Group;Ages 5-17 years;3/2024;Count;291
"-Syndrome data are inherently non-specific and not based on diagnostic testing. While the New York City syndromic surveillance system captures 100% of all emergency department(ED) visits in the city (as of 5/1/16, 99% prior to that), the data are not comprehensive as only aproportion of residents seek care in emergency departments. Therefore the data are not exact measures of morbidity.
-Data for the most recent two weeks are not final and are subject to change.";Asthma;Borough;Bronx;Age Group;Ages 5-17 years;4/2024;Count;250
"-Syndrome data are inherently non-specific and not based on diagnostic testing. While the New York City syndromic surveillance system captures 100% of all emergency department(ED) visits in the city (as of 5/1/16, 99% prior to that), the data are not comprehensive as only aproportion of residents seek care in emergency departments. Therefore the data are not exact measures of morbidity.
-Data for the most recent two weeks are not final and are subject to change.";Asthma;Borough;Bronx;Age Group;Ages 5-17 years;5/2024;Count;351
"-Syndrome data are inherently non-specific and not based on diagnostic testing. While the New York City syndromic surveillance system captures 100% of all emergency department(ED) visits in the city (as of 5/1/16, 99% prior to that), the data are not comprehensive as only aproportion of residents seek care in emergency departments. Therefore the data are not exact measures of morbidity.
-Data for the most recent two weeks are not final and are subject to change.";Asthma;Borough;Bronx;Age Group;Ages 5-17 years;6/2024;Count;174
"-Syndrome data are inherently non-specific and not based on diagnostic testing. While the New York City syndromic surveillance system captures 100% of all emergency department(ED) visits in the city (as of 5/1/16, 99% prior to that), the data are not comprehensive as only aproportion of residents seek care in emergency departments. Therefore the data are not exact measures of morbidity.
-Data for the most recent two weeks are not final and are subject to change.";Asthma;Borough;Bronx;Age Group;Ages 5-17 years;7/2024;Count;84
"-Syndrome data are inherently non-specific and not based on diagnostic testing. While the New York City syndromic surveillance system captures 100% of all emergency department(ED) visits in the city (as of 5/1/16, 99% prior to that), the data are not comprehensive as only aproportion of residents seek care in emergency departments. Therefore the data are not exact measures of morbidity.
-Data for the most recent two weeks are not final and are subject to change.";Asthma;Borough;Bronx;Age Group;Ages 5-17 years;8/2024;Count;135
"-Syndrome data are inherently non-specific and not based on diagnostic testing. While the New York City syndromic surveillance system captures 100% of all emergency department(ED) visits in the city (as of 5/1/16, 99% prior to that), the data are not comprehensive as only aproportion of residents seek care in emergency departments. Therefore the data are not exact measures of morbidity.
-Data for the most recent two weeks are not final and are subject to change.";Asthma;Borough;Bronx;Age Group;Ages 5-17 years;9/2024;Count;372
"-Syndrome data are inherently non-specific and not based on diagnostic testing. While the New York City syndromic surveillance system captures 100% of all emergency department(ED) visits in the city (as of 5/1/16, 99% prior to that), the data are not comprehensive as only aproportion of residents seek care in emergency departments. Therefore the data are not exact measures of morbidity.
-Data for the most recent two weeks are not final and are subject to change.";Asthma;Borough;Bronx;Age Group;Ages 5-17 years;10/2024;Count;331
"-Syndrome data are inherently non-specific and not based on diagnostic testing. While the New York City syndromic surveillance system captures 100% of all emergency department(ED) visits in the city (as of 5/1/16, 99% prior to that), the data are not comprehensive as only aproportion of residents seek care in emergency departments. Therefore the data are not exact measures of morbidity.
-Data for the most recent two weeks are not final and are subject to change.";Asthma;Borough;Bronx;Age Group;Ages 5-17 years;11/2024;Count;290
"-Syndrome data are inherently non-specific and not based on diagnostic testing. While the New York City syndromic surveillance system captures 100% of all emergency department(ED) visits in the city (as of 5/1/16, 99% prior to that), the data are not comprehensive as only aproportion of residents seek care in emergency departments. Therefore the data are not exact measures of morbidity.
-Data for the most recent two weeks are not final and are subject to change.";Asthma;Borough;Bronx;Age Group;Ages 5-17 years;12/2024;Count;267
"-Syndrome data are inherently non-specific and not based on diagnostic testing. While the New York City syndromic surveillance system captures 100% of all emergency department(ED) visits in the city (as of 5/1/16, 99% prior to that), the data are not comprehensive as only aproportion of residents seek care in emergency departments. Therefore the data are not exact measures of morbidity.
-Data for the most recent two weeks are not final and are subject to change.";Asthma;Borough;Bronx;Age Group;Ages 5-17 years;1/2025;Count;205
"-Syndrome data are inherently non-specific and not based on diagnostic testing. While the New York City syndromic surveillance system captures 100% of all emergency department(ED) visits in the city (as of 5/1/16, 99% prior to that), the data are not comprehensive as only aproportion of residents seek care in emergency departments. Therefore the data are not exact measures of morbidity.
-Data for the most recent two weeks are not final and are subject to change.";Asthma;Borough;Bronx;Age Group;Ages 5-17 years;2/2025;Count;171
"-Syndrome data are inherently non-specific and not based on diagnostic testing. While the New York City syndromic surveillance system captures 100% of all emergency department(ED) visits in the city (as of 5/1/16, 99% prior to that), the data are not comprehensive as only aproportion of residents seek care in emergency departments. Therefore the data are not exact measures of morbidity.
-Data for the most recent two weeks are not final and are subject to change.";Asthma;Borough;Bronx;Age Group;Ages 5-17 years;3/2025;Count;302
"-Syndrome data are inherently non-specific and not based on diagnostic testing. While the New York City syndromic surveillance system captures 100% of all emergency department(ED) visits in the city (as of 5/1/16, 99% prior to that), the data are not comprehensive as only aproportion of residents seek care in emergency departments. Therefore the data are not exact measures of morbidity.
-Data for the most recent two weeks are not final and are subject to change.";Asthma;Borough;Bronx;Age Group;Ages 5-17 years;4/2025;Count;312
"-Syndrome data are inherently non-specific and not based on diagnostic testing. While the New York City syndromic surveillance system captures 100% of all emergency department(ED) visits in the city (as of 5/1/16, 99% prior to that), the data are not comprehensive as only aproportion of residents seek care in emergency departments. Therefore the data are not exact measures of morbidity.
-Data for the most recent two weeks are not final and are subject to change.";Asthma;Borough;Bronx;Age Group;Ages 5-17 years;5/2025;Count;368
"-Syndrome data are inherently non-specific and not based on diagnostic testing. While the New York City syndromic surveillance system captures 100% of all emergency department(ED) visits in the city (as of 5/1/16, 99% prior to that), the data are not comprehensive as only aproportion of residents seek care in emergency departments. Therefore the data are not exact measures of morbidity.
-Data for the most recent two weeks are not final and are subject to change.";Asthma;Borough;Bronx;Age Group;Ages 5-17 years;6/2025;Count;156
"-Syndrome data are inherently non-specific and not based on diagnostic testing. While the New York City syndromic surveillance system captures 100% of all emergency department(ED) visits in the city (as of 5/1/16, 99% prior to that), the data are not comprehensive as only aproportion of residents seek care in emergency departments. Therefore the data are not exact measures of morbidity.
-Data for the most recent two weeks are not final and are subject to change.";Asthma;Borough;Bronx;Age Group;Ages 5-17 years;7/2025;Count;102
"-Syndrome data are inherently non-specific and not based on diagnostic testing. While the New York City syndromic surveillance system captures 100% of all emergency department(ED) visits in the city (as of 5/1/16, 99% prior to that), the data are not comprehensive as only aproportion of residents seek care in emergency departments. Therefore the data are not exact measures of morbidity.
-Data for the most recent two weeks are not final and are subject to change.";Asthma;Borough;Bronx;Age Group;Ages 5-17 years;8/2025;Count;142
"-Syndrome data are inherently non-specific and not based on diagnostic testing. While the New York City syndromic surveillance system captures 100% of all emergency department(ED) visits in the city (as of 5/1/16, 99% prior to that), the data are not comprehensive as only aproportion of residents seek care in emergency departments. Therefore the data are not exact measures of morbidity.
-Data for the most recent two weeks are not final and are subject to change.";Asthma;Borough;Bronx;Age Group;Ages 5-17 years;9/2025;Count;298
"-Syndrome data are inherently non-specific and not based on diagnostic testing. While the New York City syndromic surveillance system captures 100% of all emergency department(ED) visits in the city (as of 5/1/16, 99% prior to that), the data are not comprehensive as only aproportion of residents seek care in emergency departments. Therefore the data are not exact measures of morbidity.
-Data for the most recent two weeks are not final and are subject to change.";Asthma;Borough;Bronx;Age Group;Ages 5-17 years;10/2025;Count;273
"-Syndrome data are inherently non-specific and not based on diagnostic testing. While the New York City syndromic surveillance system captures 100% of all emergency department(ED) visits in the city (as of 5/1/16, 99% prior to that), the data are not comprehensive as only aproportion of residents seek care in emergency departments. Therefore the data are not exact measures of morbidity.
-Data for the most recent two weeks are not final and are subject to change.";Asthma;Borough;Bronx;Age Group;Ages 5-17 years;11/2025;Count;11
"-Syndrome data are inherently non-specific and not based on diagnostic testing. While the New York City syndromic surveillance system captures 100% of all emergency department(ED) visits in the city (as of 5/1/16, 99% prior to that), the data are not comprehensive as only aproportion of residents seek care in emergency departments. Therefore the data are not exact measures of morbidity.
-Data for the most recent two weeks are not final and are subject to change.";Asthma;Borough;Bronx;Age Group;Ages 18-64 years;3/2022;Count;917
"-Syndrome data are inherently non-specific and not based on diagnostic testing. While the New York City syndromic surveillance system captures 100% of all emergency department(ED) visits in the city (as of 5/1/16, 99% prior to that), the data are not comprehensive as only aproportion of residents seek care in emergency departments. Therefore the data are not exact measures of morbidity.
-Data for the most recent two weeks are not final and are subject to change.";Asthma;Borough;Bronx;Age Group;Ages 18-64 years;4/2022;Count;877
"-Syndrome data are inherently non-specific and not based on diagnostic testing. While the New York City syndromic surveillance system captures 100% of all emergency department(ED) visits in the city (as of 5/1/16, 99% prior to that), the data are not comprehensive as only aproportion of residents seek care in emergency departments. Therefore the data are not exact measures of morbidity.
-Data for the most recent two weeks are not final and are subject to change.";Asthma;Borough;Bronx;Age Group;Ages 18-64 years;5/2022;Count;1,159
"-Syndrome data are inherently non-specific and not based on diagnostic testing. While the New York City syndromic surveillance system captures 100% of all emergency department(ED) visits in the city (as of 5/1/16, 99% prior to that), the data are not comprehensive as only aproportion of residents seek care in emergency departments. Therefore the data are not exact measures of morbidity.
-Data for the most recent two weeks are not final and are subject to change.";Asthma;Borough;Bronx;Age Group;Ages 18-64 years;6/2022;Count;869
"-Syndrome data are inherently non-specific and not based on diagnostic testing. While the New York City syndromic surveillance system captures 100% of all emergency department(ED) visits in the city (as of 5/1/16, 99% prior to that), the data are not comprehensive as only aproportion of residents seek care in emergency departments. Therefore the data are not exact measures of morbidity.
-Data for the most recent two weeks are not final and are subject to change.";Asthma;Borough;Bronx;Age Group;Ages 18-64 years;7/2022;Count;725
"-Syndrome data are inherently non-specific and not based on diagnostic testing. While the New York City syndromic surveillance system captures 100% of all emergency department(ED) visits in the city (as of 5/1/16, 99% prior to that), the data are not comprehensive as only aproportion of residents seek care in emergency departments. Therefore the data are not exact measures of morbidity.
-Data for the most recent two weeks are not final and are subject to change.";Asthma;Borough;Bronx;Age Group;Ages 18-64 years;8/2022;Count;802
"-Syndrome data are inherently non-specific and not based on diagnostic testing. While the New York City syndromic surveillance system captures 100% of all emergency department(ED) visits in the city (as of 5/1/16, 99% prior to that), the data are not comprehensive as only aproportion of residents seek care in emergency departments. Therefore the data are not exact measures of morbidity.
-Data for the most recent two weeks are not final and are subject to change.";Asthma;Borough;Bronx;Age Group;Ages 18-64 years;9/2022;Count;899
"-Syndrome data are inherently non-specific and not based on diagnostic testing. While the New York City syndromic surveillance system captures 100% of all emergency department(ED) visits in the city (as of 5/1/16, 99% prior to that), the data are not comprehensive as only aproportion of residents seek care in emergency departments. Therefore the data are not exact measures of morbidity.
-Data for the most recent two weeks are not final and are subject to change.";Asthma;Borough;Bronx;Age Group;Ages 18-64 years;10/2022;Count;1,130
"-Syndrome data are inherently non-specific and not based on diagnostic testing. While the New York City syndromic surveillance system captures 100% of all emergency department(ED) visits in the city (as of 5/1/16, 99% prior to that), the data are not comprehensive as only aproportion of residents seek care in emergency departments. Therefore the data are not exact measures of morbidity.
-Data for the most recent two weeks are not final and are subject to change.";Asthma;Borough;Bronx;Age Group;Ages 18-64 years;11/2022;Count;1,108
"-Syndrome data are inherently non-specific and not based on diagnostic testing. While the New York City syndromic surveillance system captures 100% of all emergency department(ED) visits in the city (as of 5/1/16, 99% prior to that), the data are not comprehensive as only aproportion of residents seek care in emergency departments. Therefore the data are not exact measures of morbidity.
-Data for the most recent two weeks are not final and are subject to change.";Asthma;Borough;Bronx;Age Group;Ages 18-64 years;12/2022;Count;990
"-Syndrome data are inherently non-specific and not based on diagnostic testing. While the New York City syndromic surveillance system captures 100% of all emergency department(ED) visits in the city (as of 5/1/16, 99% prior to that), the data are not comprehensive as only aproportion of residents seek care in emergency departments. Therefore the data are not exact measures of morbidity.
-Data for the most recent two weeks are not final and are subject to change.";Asthma;Borough;Bronx;Age Group;Ages 18-64 years;1/2023;Count;967
"-Syndrome data are inherently non-specific and not based on diagnostic testing. While the New York City syndromic surveillance system captures 100% of all emergency department(ED) visits in the city (as of 5/1/16, 99% prior to that), the data are not comprehensive as only aproportion of residents seek care in emergency departments. Therefore the data are not exact measures of morbidity.
-Data for the most recent two weeks are not final and are subject to change.";Asthma;Borough;Bronx;Age Group;Ages 18-64 years;2/2023;Count;911
"-Syndrome data are inherently non-specific and not based on diagnostic testing. While the New York City syndromic surveillance system captures 100% of all emergency department(ED) visits in the city (as of 5/1/16, 99% prior to that), the data are not comprehensive as only aproportion of residents seek care in emergency departments. Therefore the data are not exact measures of morbidity.
-Data for the most recent two weeks are not final and are subject to change.";Asthma;Borough;Bronx;Age Group;Ages 18-64 years;3/2023;Count;1,015
"-Syndrome data are inherently non-specific and not based on diagnostic testing. While the New York City syndromic surveillance system captures 100% of all emergency department(ED) visits in the city (as of 5/1/16, 99% prior to that), the data are not comprehensive as only aproportion of residents seek care in emergency departments. Therefore the data are not exact measures of morbidity.
-Data for the most recent two weeks are not final and are subject to change.";Asthma;Borough;Bronx;Age Group;Ages 18-64 years;4/2023;Count;1,030
"-Syndrome data are inherently non-specific and not based on diagnostic testing. While the New York City syndromic surveillance system captures 100% of all emergency department(ED) visits in the city (as of 5/1/16, 99% prior to that), the data are not comprehensive as only aproportion of residents seek care in emergency departments. Therefore the data are not exact measures of morbidity.
-Data for the most recent two weeks are not final and are subject to change.";Asthma;Borough;Bronx;Age Group;Ages 18-64 years;5/2023;Count;1,058
"-Syndrome data are inherently non-specific and not based on diagnostic testing. While the New York City syndromic surveillance system captures 100% of all emergency department(ED) visits in the city (as of 5/1/16, 99% prior to that), the data are not comprehensive as only aproportion of residents seek care in emergency departments. Therefore the data are not exact measures of morbidity.
-Data for the most recent two weeks are not final and are subject to change.";Asthma;Borough;Bronx;Age Group;Ages 18-64 years;6/2023;Count;1,017
"-Syndrome data are inherently non-specific and not based on diagnostic testing. While the New York City syndromic surveillance system captures 100% of all emergency department(ED) visits in the city (as of 5/1/16, 99% prior to that), the data are not comprehensive as only aproportion of residents seek care in emergency departments. Therefore the data are not exact measures of morbidity.
-Data for the most recent two weeks are not final and are subject to change.";Asthma;Borough;Bronx;Age Group;Ages 18-64 years;7/2023;Count;875
"-Syndrome data are inherently non-specific and not based on diagnostic testing. While the New York City syndromic surveillance system captures 100% of all emergency department(ED) visits in the city (as of 5/1/16, 99% prior to that), the data are not comprehensive as only aproportion of residents seek care in emergency departments. Therefore the data are not exact measures of morbidity.
-Data for the most recent two weeks are not final and are subject to change.";Asthma;Borough;Bronx;Age Group;Ages 18-64 years;8/2023;Count;809
"-Syndrome data are inherently non-specific and not based on diagnostic testing. While the New York City syndromic surveillance system captures 100% of all emergency department(ED) visits in the city (as of 5/1/16, 99% prior to that), the data are not comprehensive as only aproportion of residents seek care in emergency departments. Therefore the data are not exact measures of morbidity.
-Data for the most recent two weeks are not final and are subject to change.";Asthma;Borough;Bronx;Age Group;Ages 18-64 years;9/2023;Count;920
"-Syndrome data are inherently non-specific and not based on diagnostic testing. While the New York City syndromic surveillance system captures 100% of all emergency department(ED) visits in the city (as of 5/1/16, 99% prior to that), the data are not comprehensive as only aproportion of residents seek care in emergency departments. Therefore the data are not exact measures of morbidity.
-Data for the most recent two weeks are not final and are subject to change.";Asthma;Borough;Bronx;Age Group;Ages 18-64 years;10/2023;Count;1,055
"-Syndrome data are inherently non-specific and not based on diagnostic testing. While the New York City syndromic surveillance system captures 100% of all emergency department(ED) visits in the city (as of 5/1/16, 99% prior to that), the data are not comprehensive as only aproportion of residents seek care in emergency departments. Therefore the data are not exact measures of morbidity.
-Data for the most recent two weeks are not final and are subject to change.";Asthma;Borough;Bronx;Age Group;Ages 18-64 years;11/2023;Count;1,051
"-Syndrome data are inherently non-specific and not based on diagnostic testing. While the New York City syndromic surveillance system captures 100% of all emergency department(ED) visits in the city (as of 5/1/16, 99% prior to that), the data are not comprehensive as only aproportion of residents seek care in emergency departments. Therefore the data are not exact measures of morbidity.
-Data for the most recent two weeks are not final and are subject to change.";Asthma;Borough;Bronx;Age Group;Ages 18-64 years;12/2023;Count;974
"-Syndrome data are inherently non-specific and not based on diagnostic testing. While the New York City syndromic surveillance system captures 100% of all emergency department(ED) visits in the city (as of 5/1/16, 99% prior to that), the data are not comprehensive as only aproportion of residents seek care in emergency departments. Therefore the data are not exact measures of morbidity.
-Data for the most recent two weeks are not final and are subject to change.";Asthma;Borough;Bronx;Age Group;Ages 18-64 years;1/2024;Count;960
"-Syndrome data are inherently non-specific and not based on diagnostic testing. While the New York City syndromic surveillance system captures 100% of all emergency department(ED) visits in the city (as of 5/1/16, 99% prior to that), the data are not comprehensive as only aproportion of residents seek care in emergency departments. Therefore the data are not exact measures of morbidity.
-Data for the most recent two weeks are not final and are subject to change.";Asthma;Borough;Bronx;Age Group;Ages 18-64 years;2/2024;Count;778
"-Syndrome data are inherently non-specific and not based on diagnostic testing. While the New York City syndromic surveillance system captures 100% of all emergency department(ED) visits in the city (as of 5/1/16, 99% prior to that), the data are not comprehensive as only aproportion of residents seek care in emergency departments. Therefore the data are not exact measures of morbidity.
-Data for the most recent two weeks are not final and are subject to change.";Asthma;Borough;Bronx;Age Group;Ages 18-64 years;3/2024;Count;819
"-Syndrome data are inherently non-specific and not based on diagnostic testing. While the New York City syndromic surveillance system captures 100% of all emergency department(ED) visits in the city (as of 5/1/16, 99% prior to that), the data are not comprehensive as only aproportion of residents seek care in emergency departments. Therefore the data are not exact measures of morbidity.
-Data for the most recent two weeks are not final and are subject to change.";Asthma;Borough;Bronx;Age Group;Ages 18-64 years;4/2024;Count;848
"-Syndrome data are inherently non-specific and not based on diagnostic testing. While the New York City syndromic surveillance system captures 100% of all emergency department(ED) visits in the city (as of 5/1/16, 99% prior to that), the data are not comprehensive as only aproportion of residents seek care in emergency departments. Therefore the data are not exact measures of morbidity.
-Data for the most recent two weeks are not final and are subject to change.";Asthma;Borough;Bronx;Age Group;Ages 18-64 years;5/2024;Count;1,050
"-Syndrome data are inherently non-specific and not based on diagnostic testing. While the New York City syndromic surveillance system captures 100% of all emergency department(ED) visits in the city (as of 5/1/16, 99% prior to that), the data are not comprehensive as only aproportion of residents seek care in emergency departments. Therefore the data are not exact measures of morbidity.
-Data for the most recent two weeks are not final and are subject to change.";Asthma;Borough;Bronx;Age Group;Ages 18-64 years;6/2024;Count;789
"-Syndrome data are inherently non-specific and not based on diagnostic testing. While the New York City syndromic surveillance system captures 100% of all emergency department(ED) visits in the city (as of 5/1/16, 99% prior to that), the data are not comprehensive as only aproportion of residents seek care in emergency departments. Therefore the data are not exact measures of morbidity.
-Data for the most recent two weeks are not final and are subject to change.";Asthma;Borough;Bronx;Age Group;Ages 18-64 years;7/2024;Count;828
"-Syndrome data are inherently non-specific and not based on diagnostic testing. While the New York City syndromic surveillance system captures 100% of all emergency department(ED) visits in the city (as of 5/1/16, 99% prior to that), the data are not comprehensive as only aproportion of residents seek care in emergency departments. Therefore the data are not exact measures of morbidity.
-Data for the most recent two weeks are not final and are subject to change.";Asthma;Borough;Bronx;Age Group;Ages 18-64 years;8/2024;Count;806
"-Syndrome data are inherently non-specific and not based on diagnostic testing. While the New York City syndromic surveillance system captures 100% of all emergency department(ED) visits in the city (as of 5/1/16, 99% prior to that), the data are not comprehensive as only aproportion of residents seek care in emergency departments. Therefore the data are not exact measures of morbidity.
-Data for the most recent two weeks are not final and are subject to change.";Asthma;Borough;Bronx;Age Group;Ages 18-64 years;9/2024;Count;1,007
"-Syndrome data are inherently non-specific and not based on diagnostic testing. While the New York City syndromic surveillance system captures 100% of all emergency department(ED) visits in the city (as of 5/1/16, 99% prior to that), the data are not comprehensive as only aproportion of residents seek care in emergency departments. Therefore the data are not exact measures of morbidity.
-Data for the most recent two weeks are not final and are subject to change.";Asthma;Borough;Bronx;Age Group;Ages 18-64 years;10/2024;Count;1,178
"-Syndrome data are inherently non-specific and not based on diagnostic testing. While the New York City syndromic surveillance system captures 100% of all emergency department(ED) visits in the city (as of 5/1/16, 99% prior to that), the data are not comprehensive as only aproportion of residents seek care in emergency departments. Therefore the data are not exact measures of morbidity.
-Data for the most recent two weeks are not final and are subject to change.";Asthma;Borough;Bronx;Age Group;Ages 18-64 years;11/2024;Count;1,033
"-Syndrome data are inherently non-specific and not based on diagnostic testing. While the New York City syndromic surveillance system captures 100% of all emergency department(ED) visits in the city (as of 5/1/16, 99% prior to that), the data are not comprehensive as only aproportion of residents seek care in emergency departments. Therefore the data are not exact measures of morbidity.
-Data for the most recent two weeks are not final and are subject to change.";Asthma;Borough;Bronx;Age Group;Ages 18-64 years;12/2024;Count;1,044
"-Syndrome data are inherently non-specific and not based on diagnostic testing. While the New York City syndromic surveillance system captures 100% of all emergency department(ED) visits in the city (as of 5/1/16, 99% prior to that), the data are not comprehensive as only aproportion of residents seek care in emergency departments. Therefore the data are not exact measures of morbidity.
-Data for the most recent two weeks are not final and are subject to change.";Asthma;Borough;Bronx;Age Group;Ages 18-64 years;1/2025;Count;973
"-Syndrome data are inherently non-specific and not based on diagnostic testing. While the New York City syndromic surveillance system captures 100% of all emergency department(ED) visits in the city (as of 5/1/16, 99% prior to that), the data are not comprehensive as only aproportion of residents seek care in emergency departments. Therefore the data are not exact measures of morbidity.
-Data for the most recent two weeks are not final and are subject to change.";Asthma;Borough;Bronx;Age Group;Ages 18-64 years;2/2025;Count;739
"-Syndrome data are inherently non-specific and not based on diagnostic testing. While the New York City syndromic surveillance system captures 100% of all emergency department(ED) visits in the city (as of 5/1/16, 99% prior to that), the data are not comprehensive as only aproportion of residents seek care in emergency departments. Therefore the data are not exact measures of morbidity.
-Data for the most recent two weeks are not final and are subject to change.";Asthma;Borough;Bronx;Age Group;Ages 18-64 years;3/2025;Count;801
"-Syndrome data are inherently non-specific and not based on diagnostic testing. While the New York City syndromic surveillance system captures 100% of all emergency department(ED) visits in the city (as of 5/1/16, 99% prior to that), the data are not comprehensive as only aproportion of residents seek care in emergency departments. Therefore the data are not exact measures of morbidity.
-Data for the most recent two weeks are not final and are subject to change.";Asthma;Borough;Bronx;Age Group;Ages 18-64 years;4/2025;Count;943
"-Syndrome data are inherently non-specific and not based on diagnostic testing. While the New York City syndromic surveillance system captures 100% of all emergency department(ED) visits in the city (as of 5/1/16, 99% prior to that), the data are not comprehensive as only aproportion of residents seek care in emergency departments. Therefore the data are not exact measures of morbidity.
-Data for the most recent two weeks are not final and are subject to change.";Asthma;Borough;Bronx;Age Group;Ages 18-64 years;5/2025;Count;1,052
"-Syndrome data are inherently non-specific and not based on diagnostic testing. While the New York City syndromic surveillance system captures 100% of all emergency department(ED) visits in the city (as of 5/1/16, 99% prior to that), the data are not comprehensive as only aproportion of residents seek care in emergency departments. Therefore the data are not exact measures of morbidity.
-Data for the most recent two weeks are not final and are subject to change.";Asthma;Borough;Bronx;Age Group;Ages 18-64 years;6/2025;Count;826
"-Syndrome data are inherently non-specific and not based on diagnostic testing. While the New York City syndromic surveillance system captures 100% of all emergency department(ED) visits in the city (as of 5/1/16, 99% prior to that), the data are not comprehensive as only aproportion of residents seek care in emergency departments. Therefore the data are not exact measures of morbidity.
-Data for the most recent two weeks are not final and are subject to change.";Asthma;Borough;Bronx;Age Group;Ages 18-64 years;7/2025;Count;732
"-Syndrome data are inherently non-specific and not based on diagnostic testing. While the New York City syndromic surveillance system captures 100% of all emergency department(ED) visits in the city (as of 5/1/16, 99% prior to that), the data are not comprehensive as only aproportion of residents seek care in emergency departments. Therefore the data are not exact measures of morbidity.
-Data for the most recent two weeks are not final and are subject to change.";Asthma;Borough;Bronx;Age Group;Ages 18-64 years;8/2025;Count;762
"-Syndrome data are inherently non-specific and not based on diagnostic testing. While the New York City syndromic surveillance system captures 100% of all emergency department(ED) visits in the city (as of 5/1/16, 99% prior to that), the data are not comprehensive as only aproportion of residents seek care in emergency departments. Therefore the data are not exact measures of morbidity.
-Data for the most recent two weeks are not final and are subject to change.";Asthma;Borough;Bronx;Age Group;Ages 18-64 years;9/2025;Count;941
"-Syndrome data are inherently non-specific and not based on diagnostic testing. While the New York City syndromic surveillance system captures 100% of all emergency department(ED) visits in the city (as of 5/1/16, 99% prior to that), the data are not comprehensive as only aproportion of residents seek care in emergency departments. Therefore the data are not exact measures of morbidity.
-Data for the most recent two weeks are not final and are subject to change.";Asthma;Borough;Bronx;Age Group;Ages 18-64 years;10/2025;Count;1,018
"-Syndrome data are inherently non-specific and not based on diagnostic testing. While the New York City syndromic surveillance system captures 100% of all emergency department(ED) visits in the city (as of 5/1/16, 99% prior to that), the data are not comprehensive as only aproportion of residents seek care in emergency departments. Therefore the data are not exact measures of morbidity.
-Data for the most recent two weeks are not final and are subject to change.";Asthma;Borough;Bronx;Age Group;Ages 18-64 years;11/2025;Count;37
"-Syndrome data are inherently non-specific and not based on diagnostic testing. While the New York City syndromic surveillance system captures 100% of all emergency department(ED) visits in the city (as of 5/1/16, 99% prior to that), the data are not comprehensive as only aproportion of residents seek care in emergency departments. Therefore the data are not exact measures of morbidity.
-Data for the most recent two weeks are not final and are subject to change.";Asthma;Borough;Bronx;Age Group;Ages 65+ years;3/2022;Count;154
"-Syndrome data are inherently non-specific and not based on diagnostic testing. While the New York City syndromic surveillance system captures 100% of all emergency department(ED) visits in the city (as of 5/1/16, 99% prior to that), the data are not comprehensive as only aproportion of residents seek care in emergency departments. Therefore the data are not exact measures of morbidity.
-Data for the most recent two weeks are not final and are subject to change.";Asthma;Borough;Bronx;Age Group;Ages 65+ years;4/2022;Count;181
"-Syndrome data are inherently non-specific and not based on diagnostic testing. While the New York City syndromic surveillance system captures 100% of all emergency department(ED) visits in the city (as of 5/1/16, 99% prior to that), the data are not comprehensive as only aproportion of residents seek care in emergency departments. Therefore the data are not exact measures of morbidity.
-Data for the most recent two weeks are not final and are subject to change.";Asthma;Borough;Bronx;Age Group;Ages 65+ years;5/2022;Count;200
"-Syndrome data are inherently non-specific and not based on diagnostic testing. While the New York City syndromic surveillance system captures 100% of all emergency department(ED) visits in the city (as of 5/1/16, 99% prior to that), the data are not comprehensive as only aproportion of residents seek care in emergency departments. Therefore the data are not exact measures of morbidity.
-Data for the most recent two weeks are not final and are subject to change.";Asthma;Borough;Bronx;Age Group;Ages 65+ years;6/2022;Count;162
"-Syndrome data are inherently non-specific and not based on diagnostic testing. While the New York City syndromic surveillance system captures 100% of all emergency department(ED) visits in the city (as of 5/1/16, 99% prior to that), the data are not comprehensive as only aproportion of residents seek care in emergency departments. Therefore the data are not exact measures of morbidity.
-Data for the most recent two weeks are not final and are subject to change.";Asthma;Borough;Bronx;Age Group;Ages 65+ years;7/2022;Count;169
"-Syndrome data are inherently non-specific and not based on diagnostic testing. While the New York City syndromic surveillance system captures 100% of all emergency department(ED) visits in the city (as of 5/1/16, 99% prior to that), the data are not comprehensive as only aproportion of residents seek care in emergency departments. Therefore the data are not exact measures of morbidity.
-Data for the most recent two weeks are not final and are subject to change.";Asthma;Borough;Bronx;Age Group;Ages 65+ years;8/2022;Count;137
"-Syndrome data are inherently non-specific and not based on diagnostic testing. While the New York City syndromic surveillance system captures 100% of all emergency department(ED) visits in the city (as of 5/1/16, 99% prior to that), the data are not comprehensive as only aproportion of residents seek care in emergency departments. Therefore the data are not exact measures of morbidity.
-Data for the most recent two weeks are not final and are subject to change.";Asthma;Borough;Bronx;Age Group;Ages 65+ years;9/2022;Count;135
"-Syndrome data are inherently non-specific and not based on diagnostic testing. While the New York City syndromic surveillance system captures 100% of all emergency department(ED) visits in the city (as of 5/1/16, 99% prior to that), the data are not comprehensive as only aproportion of residents seek care in emergency departments. Therefore the data are not exact measures of morbidity.
-Data for the most recent two weeks are not final and are subject to change.";Asthma;Borough;Bronx;Age Group;Ages 65+ years;10/2022;Count;202
"-Syndrome data are inherently non-specific and not based on diagnostic testing. While the New York City syndromic surveillance system captures 100% of all emergency department(ED) visits in the city (as of 5/1/16, 99% prior to that), the data are not comprehensive as only aproportion of residents seek care in emergency departments. Therefore the data are not exact measures of morbidity.
-Data for the most recent two weeks are not final and are subject to change.";Asthma;Borough;Bronx;Age Group;Ages 65+ years;11/2022;Count;182
"-Syndrome data are inherently non-specific and not based on diagnostic testing. While the New York City syndromic surveillance system captures 100% of all emergency department(ED) visits in the city (as of 5/1/16, 99% prior to that), the data are not comprehensive as only aproportion of residents seek care in emergency departments. Therefore the data are not exact measures of morbidity.
-Data for the most recent two weeks are not final and are subject to change.";Asthma;Borough;Bronx;Age Group;Ages 65+ years;12/2022;Count;199
"-Syndrome data are inherently non-specific and not based on diagnostic testing. While the New York City syndromic surveillance system captures 100% of all emergency department(ED) visits in the city (as of 5/1/16, 99% prior to that), the data are not comprehensive as only aproportion of residents seek care in emergency departments. Therefore the data are not exact measures of morbidity.
-Data for the most recent two weeks are not final and are subject to change.";Asthma;Borough;Bronx;Age Group;Ages 65+ years;1/2023;Count;174
"-Syndrome data are inherently non-specific and not based on diagnostic testing. While the New York City syndromic surveillance system captures 100% of all emergency department(ED) visits in the city (as of 5/1/16, 99% prior to that), the data are not comprehensive as only aproportion of residents seek care in emergency departments. Therefore the data are not exact measures of morbidity.
-Data for the most recent two weeks are not final and are subject to change.";Asthma;Borough;Bronx;Age Group;Ages 65+ years;2/2023;Count;149
"-Syndrome data are inherently non-specific and not based on diagnostic testing. While the New York City syndromic surveillance system captures 100% of all emergency department(ED) visits in the city (as of 5/1/16, 99% prior to that), the data are not comprehensive as only aproportion of residents seek care in emergency departments. Therefore the data are not exact measures of morbidity.
-Data for the most recent two weeks are not final and are subject to change.";Asthma;Borough;Bronx;Age Group;Ages 65+ years;3/2023;Count;195
"-Syndrome data are inherently non-specific and not based on diagnostic testing. While the New York City syndromic surveillance system captures 100% of all emergency department(ED) visits in the city (as of 5/1/16, 99% prior to that), the data are not comprehensive as only aproportion of residents seek care in emergency departments. Therefore the data are not exact measures of morbidity.
-Data for the most recent two weeks are not final and are subject to change.";Asthma;Borough;Bronx;Age Group;Ages 65+ years;4/2023;Count;159
"-Syndrome data are inherently non-specific and not based on diagnostic testing. While the New York City syndromic surveillance system captures 100% of all emergency department(ED) visits in the city (as of 5/1/16, 99% prior to that), the data are not comprehensive as only aproportion of residents seek care in emergency departments. Therefore the data are not exact measures of morbidity.
-Data for the most recent two weeks are not final and are subject to change.";Asthma;Borough;Bronx;Age Group;Ages 65+ years;5/2023;Count;183
"-Syndrome data are inherently non-specific and not based on diagnostic testing. While the New York City syndromic surveillance system captures 100% of all emergency department(ED) visits in the city (as of 5/1/16, 99% prior to that), the data are not comprehensive as only aproportion of residents seek care in emergency departments. Therefore the data are not exact measures of morbidity.
-Data for the most recent two weeks are not final and are subject to change.";Asthma;Borough;Bronx;Age Group;Ages 65+ years;6/2023;Count;184
"-Syndrome data are inherently non-specific and not based on diagnostic testing. While the New York City syndromic surveillance system captures 100% of all emergency department(ED) visits in the city (as of 5/1/16, 99% prior to that), the data are not comprehensive as only aproportion of residents seek care in emergency departments. Therefore the data are not exact measures of morbidity.
-Data for the most recent two weeks are not final and are subject to change.";Asthma;Borough;Bronx;Age Group;Ages 65+ years;7/2023;Count;140
"-Syndrome data are inherently non-specific and not based on diagnostic testing. While the New York City syndromic surveillance system captures 100% of all emergency department(ED) visits in the city (as of 5/1/16, 99% prior to that), the data are not comprehensive as only aproportion of residents seek care in emergency departments. Therefore the data are not exact measures of morbidity.
-Data for the most recent two weeks are not final and are subject to change.";Asthma;Borough;Bronx;Age Group;Ages 65+ years;8/2023;Count;153
"-Syndrome data are inherently non-specific and not based on diagnostic testing. While the New York City syndromic surveillance system captures 100% of all emergency department(ED) visits in the city (as of 5/1/16, 99% prior to that), the data are not comprehensive as only aproportion of residents seek care in emergency departments. Therefore the data are not exact measures of morbidity.
-Data for the most recent two weeks are not final and are subject to change.";Asthma;Borough;Bronx;Age Group;Ages 65+ years;9/2023;Count;151
"-Syndrome data are inherently non-specific and not based on diagnostic testing. While the New York City syndromic surveillance system captures 100% of all emergency department(ED) visits in the city (as of 5/1/16, 99% prior to that), the data are not comprehensive as only aproportion of residents seek care in emergency departments. Therefore the data are not exact measures of morbidity.
-Data for the most recent two weeks are not final and are subject to change.";Asthma;Borough;Bronx;Age Group;Ages 65+ years;10/2023;Count;186
"-Syndrome data are inherently non-specific and not based on diagnostic testing. While the New York City syndromic surveillance system captures 100% of all emergency department(ED) visits in the city (as of 5/1/16, 99% prior to that), the data are not comprehensive as only aproportion of residents seek care in emergency departments. Therefore the data are not exact measures of morbidity.
-Data for the most recent two weeks are not final and are subject to change.";Asthma;Borough;Bronx;Age Group;Ages 65+ years;11/2023;Count;220
"-Syndrome data are inherently non-specific and not based on diagnostic testing. While the New York City syndromic surveillance system captures 100% of all emergency department(ED) visits in the city (as of 5/1/16, 99% prior to that), the data are not comprehensive as only aproportion of residents seek care in emergency departments. Therefore the data are not exact measures of morbidity.
-Data for the most recent two weeks are not final and are subject to change.";Asthma;Borough;Bronx;Age Group;Ages 65+ years;12/2023;Count;206
"-Syndrome data are inherently non-specific and not based on diagnostic testing. While the New York City syndromic surveillance system captures 100% of all emergency department(ED) visits in the city (as of 5/1/16, 99% prior to that), the data are not comprehensive as only aproportion of residents seek care in emergency departments. Therefore the data are not exact measures of morbidity.
-Data for the most recent two weeks are not final and are subject to change.";Asthma;Borough;Bronx;Age Group;Ages 65+ years;1/2024;Count;199
"-Syndrome data are inherently non-specific and not based on diagnostic testing. While the New York City syndromic surveillance system captures 100% of all emergency department(ED) visits in the city (as of 5/1/16, 99% prior to that), the data are not comprehensive as only aproportion of residents seek care in emergency departments. Therefore the data are not exact measures of morbidity.
-Data for the most recent two weeks are not final and are subject to change.";Asthma;Borough;Bronx;Age Group;Ages 65+ years;2/2024;Count;170
"-Syndrome data are inherently non-specific and not based on diagnostic testing. While the New York City syndromic surveillance system captures 100% of all emergency department(ED) visits in the city (as of 5/1/16, 99% prior to that), the data are not comprehensive as only aproportion of residents seek care in emergency departments. Therefore the data are not exact measures of morbidity.
-Data for the most recent two weeks are not final and are subject to change.";Asthma;Borough;Bronx;Age Group;Ages 65+ years;3/2024;Count;159
"-Syndrome data are inherently non-specific and not based on diagnostic testing. While the New York City syndromic surveillance system captures 100% of all emergency department(ED) visits in the city (as of 5/1/16, 99% prior to that), the data are not comprehensive as only aproportion of residents seek care in emergency departments. Therefore the data are not exact measures of morbidity.
-Data for the most recent two weeks are not final and are subject to change.";Asthma;Borough;Bronx;Age Group;Ages 65+ years;4/2024;Count;174
"-Syndrome data are inherently non-specific and not based on diagnostic testing. While the New York City syndromic surveillance system captures 100% of all emergency department(ED) visits in the city (as of 5/1/16, 99% prior to that), the data are not comprehensive as only aproportion of residents seek care in emergency departments. Therefore the data are not exact measures of morbidity.
-Data for the most recent two weeks are not final and are subject to change.";Asthma;Borough;Bronx;Age Group;Ages 65+ years;5/2024;Count;224
"-Syndrome data are inherently non-specific and not based on diagnostic testing. While the New York City syndromic surveillance system captures 100% of all emergency department(ED) visits in the city (as of 5/1/16, 99% prior to that), the data are not comprehensive as only aproportion of residents seek care in emergency departments. Therefore the data are not exact measures of morbidity.
-Data for the most recent two weeks are not final and are subject to change.";Asthma;Borough;Bronx;Age Group;Ages 65+ years;6/2024;Count;151
"-Syndrome data are inherently non-specific and not based on diagnostic testing. While the New York City syndromic surveillance system captures 100% of all emergency department(ED) visits in the city (as of 5/1/16, 99% prior to that), the data are not comprehensive as only aproportion of residents seek care in emergency departments. Therefore the data are not exact measures of morbidity.
-Data for the most recent two weeks are not final and are subject to change.";Asthma;Borough;Bronx;Age Group;Ages 65+ years;7/2024;Count;215
"-Syndrome data are inherently non-specific and not based on diagnostic testing. While the New York City syndromic surveillance system captures 100% of all emergency department(ED) visits in the city (as of 5/1/16, 99% prior to that), the data are not comprehensive as only aproportion of residents seek care in emergency departments. Therefore the data are not exact measures of morbidity.
-Data for the most recent two weeks are not final and are subject to change.";Asthma;Borough;Bronx;Age Group;Ages 65+ years;8/2024;Count;208
"-Syndrome data are inherently non-specific and not based on diagnostic testing. While the New York City syndromic surveillance system captures 100% of all emergency department(ED) visits in the city (as of 5/1/16, 99% prior to that), the data are not comprehensive as only aproportion of residents seek care in emergency departments. Therefore the data are not exact measures of morbidity.
-Data for the most recent two weeks are not final and are subject to change.";Asthma;Borough;Bronx;Age Group;Ages 65+ years;9/2024;Count;229
"-Syndrome data are inherently non-specific and not based on diagnostic testing. While the New York City syndromic surveillance system captures 100% of all emergency department(ED) visits in the city (as of 5/1/16, 99% prior to that), the data are not comprehensive as only aproportion of residents seek care in emergency departments. Therefore the data are not exact measures of morbidity.
-Data for the most recent two weeks are not final and are subject to change.";Asthma;Borough;Bronx;Age Group;Ages 65+ years;10/2024;Count;226
"-Syndrome data are inherently non-specific and not based on diagnostic testing. While the New York City syndromic surveillance system captures 100% of all emergency department(ED) visits in the city (as of 5/1/16, 99% prior to that), the data are not comprehensive as only aproportion of residents seek care in emergency departments. Therefore the data are not exact measures of morbidity.
-Data for the most recent two weeks are not final and are subject to change.";Asthma;Borough;Bronx;Age Group;Ages 65+ years;11/2024;Count;232
"-Syndrome data are inherently non-specific and not based on diagnostic testing. While the New York City syndromic surveillance system captures 100% of all emergency department(ED) visits in the city (as of 5/1/16, 99% prior to that), the data are not comprehensive as only aproportion of residents seek care in emergency departments. Therefore the data are not exact measures of morbidity.
-Data for the most recent two weeks are not final and are subject to change.";Asthma;Borough;Bronx;Age Group;Ages 65+ years;12/2024;Count;211
"-Syndrome data are inherently non-specific and not based on diagnostic testing. While the New York City syndromic surveillance system captures 100% of all emergency department(ED) visits in the city (as of 5/1/16, 99% prior to that), the data are not comprehensive as only aproportion of residents seek care in emergency departments. Therefore the data are not exact measures of morbidity.
-Data for the most recent two weeks are not final and are subject to change.";Asthma;Borough;Bronx;Age Group;Ages 65+ years;1/2025;Count;199
"-Syndrome data are inherently non-specific and not based on diagnostic testing. While the New York City syndromic surveillance system captures 100% of all emergency department(ED) visits in the city (as of 5/1/16, 99% prior to that), the data are not comprehensive as only aproportion of residents seek care in emergency departments. Therefore the data are not exact measures of morbidity.
-Data for the most recent two weeks are not final and are subject to change.";Asthma;Borough;Bronx;Age Group;Ages 65+ years;2/2025;Count;195
"-Syndrome data are inherently non-specific and not based on diagnostic testing. While the New York City syndromic surveillance system captures 100% of all emergency department(ED) visits in the city (as of 5/1/16, 99% prior to that), the data are not comprehensive as only aproportion of residents seek care in emergency departments. Therefore the data are not exact measures of morbidity.
-Data for the most recent two weeks are not final and are subject to change.";Asthma;Borough;Bronx;Age Group;Ages 65+ years;3/2025;Count;206
"-Syndrome data are inherently non-specific and not based on diagnostic testing. While the New York City syndromic surveillance system captures 100% of all emergency department(ED) visits in the city (as of 5/1/16, 99% prior to that), the data are not comprehensive as only aproportion of residents seek care in emergency departments. Therefore the data are not exact measures of morbidity.
-Data for the most recent two weeks are not final and are subject to change.";Asthma;Borough;Bronx;Age Group;Ages 65+ years;4/2025;Count;222
"-Syndrome data are inherently non-specific and not based on diagnostic testing. While the New York City syndromic surveillance system captures 100% of all emergency department(ED) visits in the city (as of 5/1/16, 99% prior to that), the data are not comprehensive as only aproportion of residents seek care in emergency departments. Therefore the data are not exact measures of morbidity.
-Data for the most recent two weeks are not final and are subject to change.";Asthma;Borough;Bronx;Age Group;Ages 65+ years;5/2025;Count;204
"-Syndrome data are inherently non-specific and not based on diagnostic testing. While the New York City syndromic surveillance system captures 100% of all emergency department(ED) visits in the city (as of 5/1/16, 99% prior to that), the data are not comprehensive as only aproportion of residents seek care in emergency departments. Therefore the data are not exact measures of morbidity.
-Data for the most recent two weeks are not final and are subject to change.";Asthma;Borough;Bronx;Age Group;Ages 65+ years;6/2025;Count;208
"-Syndrome data are inherently non-specific and not based on diagnostic testing. While the New York City syndromic surveillance system captures 100% of all emergency department(ED) visits in the city (as of 5/1/16, 99% prior to that), the data are not comprehensive as only aproportion of residents seek care in emergency departments. Therefore the data are not exact measures of morbidity.
-Data for the most recent two weeks are not final and are subject to change.";Asthma;Borough;Bronx;Age Group;Ages 65+ years;7/2025;Count;197
"-Syndrome data are inherently non-specific and not based on diagnostic testing. While the New York City syndromic surveillance system captures 100% of all emergency department(ED) visits in the city (as of 5/1/16, 99% prior to that), the data are not comprehensive as only aproportion of residents seek care in emergency departments. Therefore the data are not exact measures of morbidity.
-Data for the most recent two weeks are not final and are subject to change.";Asthma;Borough;Bronx;Age Group;Ages 65+ years;8/2025;Count;183
"-Syndrome data are inherently non-specific and not based on diagnostic testing. While the New York City syndromic surveillance system captures 100% of all emergency department(ED) visits in the city (as of 5/1/16, 99% prior to that), the data are not comprehensive as only aproportion of residents seek care in emergency departments. Therefore the data are not exact measures of morbidity.
-Data for the most recent two weeks are not final and are subject to change.";Asthma;Borough;Bronx;Age Group;Ages 65+ years;9/2025;Count;206
"-Syndrome data are inherently non-specific and not based on diagnostic testing. While the New York City syndromic surveillance system captures 100% of all emergency department(ED) visits in the city (as of 5/1/16, 99% prior to that), the data are not comprehensive as only aproportion of residents seek care in emergency departments. Therefore the data are not exact measures of morbidity.
-Data for the most recent two weeks are not final and are subject to change.";Asthma;Borough;Bronx;Age Group;Ages 65+ years;10/2025;Count;176
"-Syndrome data are inherently non-specific and not based on diagnostic testing. While the New York City syndromic surveillance system captures 100% of all emergency department(ED) visits in the city (as of 5/1/16, 99% prior to that), the data are not comprehensive as only aproportion of residents seek care in emergency departments. Therefore the data are not exact measures of morbidity.
-Data for the most recent two weeks are not final and are subject to change.";Asthma;Borough;Bronx;Age Group;Ages 65+ years;11/2025;Count;5
"-Syndrome data are inherently non-specific and not based on diagnostic testing. While the New York City syndromic surveillance system captures 100% of all emergency department(ED) visits in the city (as of 5/1/16, 99% prior to that), the data are not comprehensive as only aproportion of residents seek care in emergency departments. Therefore the data are not exact measures of morbidity.
-Data for the most recent two weeks are not final and are subject to change.";Asthma;Borough;Brooklyn;Age Group;All age groups;3/2022;Count;1,642
"-Syndrome data are inherently non-specific and not based on diagnostic testing. While the New York City syndromic surveillance system captures 100% of all emergency department(ED) visits in the city (as of 5/1/16, 99% prior to that), the data are not comprehensive as only aproportion of residents seek care in emergency departments. Therefore the data are not exact measures of morbidity.
-Data for the most recent two weeks are not final and are subject to change.";Asthma;Borough;Brooklyn;Age Group;All age groups;4/2022;Count;1,540
"-Syndrome data are inherently non-specific and not based on diagnostic testing. While the New York City syndromic surveillance system captures 100% of all emergency department(ED) visits in the city (as of 5/1/16, 99% prior to that), the data are not comprehensive as only aproportion of residents seek care in emergency departments. Therefore the data are not exact measures of morbidity.
-Data for the most recent two weeks are not final and are subject to change.";Asthma;Borough;Brooklyn;Age Group;All age groups;5/2022;Count;2,155
"-Syndrome data are inherently non-specific and not based on diagnostic testing. While the New York City syndromic surveillance system captures 100% of all emergency department(ED) visits in the city (as of 5/1/16, 99% prior to that), the data are not comprehensive as only aproportion of residents seek care in emergency departments. Therefore the data are not exact measures of morbidity.
-Data for the most recent two weeks are not final and are subject to change.";Asthma;Borough;Brooklyn;Age Group;All age groups;6/2022;Count;1,508
"-Syndrome data are inherently non-specific and not based on diagnostic testing. While the New York City syndromic surveillance system captures 100% of all emergency department(ED) visits in the city (as of 5/1/16, 99% prior to that), the data are not comprehensive as only aproportion of residents seek care in emergency departments. Therefore the data are not exact measures of morbidity.
-Data for the most recent two weeks are not final and are subject to change.";Asthma;Borough;Brooklyn;Age Group;All age groups;7/2022;Count;1,377
"-Syndrome data are inherently non-specific and not based on diagnostic testing. While the New York City syndromic surveillance system captures 100% of all emergency department(ED) visits in the city (as of 5/1/16, 99% prior to that), the data are not comprehensive as only aproportion of residents seek care in emergency departments. Therefore the data are not exact measures of morbidity.
-Data for the most recent two weeks are not final and are subject to change.";Asthma;Borough;Brooklyn;Age Group;All age groups;8/2022;Count;1,308
"-Syndrome data are inherently non-specific and not based on diagnostic testing. While the New York City syndromic surveillance system captures 100% of all emergency department(ED) visits in the city (as of 5/1/16, 99% prior to that), the data are not comprehensive as only aproportion of residents seek care in emergency departments. Therefore the data are not exact measures of morbidity.
-Data for the most recent two weeks are not final and are subject to change.";Asthma;Borough;Brooklyn;Age Group;All age groups;9/2022;Count;1,827
"-Syndrome data are inherently non-specific and not based on diagnostic testing. While the New York City syndromic surveillance system captures 100% of all emergency department(ED) visits in the city (as of 5/1/16, 99% prior to that), the data are not comprehensive as only aproportion of residents seek care in emergency departments. Therefore the data are not exact measures of morbidity.
-Data for the most recent two weeks are not final and are subject to change.";Asthma;Borough;Brooklyn;Age Group;All age groups;10/2022;Count;2,066
"-Syndrome data are inherently non-specific and not based on diagnostic testing. While the New York City syndromic surveillance system captures 100% of all emergency department(ED) visits in the city (as of 5/1/16, 99% prior to that), the data are not comprehensive as only aproportion of residents seek care in emergency departments. Therefore the data are not exact measures of morbidity.
-Data for the most recent two weeks are not final and are subject to change.";Asthma;Borough;Brooklyn;Age Group;All age groups;11/2022;Count;1,706
"-Syndrome data are inherently non-specific and not based on diagnostic testing. While the New York City syndromic surveillance system captures 100% of all emergency department(ED) visits in the city (as of 5/1/16, 99% prior to that), the data are not comprehensive as only aproportion of residents seek care in emergency departments. Therefore the data are not exact measures of morbidity.
-Data for the most recent two weeks are not final and are subject to change.";Asthma;Borough;Brooklyn;Age Group;All age groups;12/2022;Count;1,329
"-Syndrome data are inherently non-specific and not based on diagnostic testing. While the New York City syndromic surveillance system captures 100% of all emergency department(ED) visits in the city (as of 5/1/16, 99% prior to that), the data are not comprehensive as only aproportion of residents seek care in emergency departments. Therefore the data are not exact measures of morbidity.
-Data for the most recent two weeks are not final and are subject to change.";Asthma;Borough;Brooklyn;Age Group;All age groups;1/2023;Count;1,378
"-Syndrome data are inherently non-specific and not based on diagnostic testing. While the New York City syndromic surveillance system captures 100% of all emergency department(ED) visits in the city (as of 5/1/16, 99% prior to that), the data are not comprehensive as only aproportion of residents seek care in emergency departments. Therefore the data are not exact measures of morbidity.
-Data for the most recent two weeks are not final and are subject to change.";Asthma;Borough;Brooklyn;Age Group;All age groups;2/2023;Count;1,594
"-Syndrome data are inherently non-specific and not based on diagnostic testing. While the New York City syndromic surveillance system captures 100% of all emergency department(ED) visits in the city (as of 5/1/16, 99% prior to that), the data are not comprehensive as only aproportion of residents seek care in emergency departments. Therefore the data are not exact measures of morbidity.
-Data for the most recent two weeks are not final and are subject to change.";Asthma;Borough;Brooklyn;Age Group;All age groups;3/2023;Count;1,633
"-Syndrome data are inherently non-specific and not based on diagnostic testing. While the New York City syndromic surveillance system captures 100% of all emergency department(ED) visits in the city (as of 5/1/16, 99% prior to that), the data are not comprehensive as only aproportion of residents seek care in emergency departments. Therefore the data are not exact measures of morbidity.
-Data for the most recent two weeks are not final and are subject to change.";Asthma;Borough;Brooklyn;Age Group;All age groups;4/2023;Count;1,914
"-Syndrome data are inherently non-specific and not based on diagnostic testing. While the New York City syndromic surveillance system captures 100% of all emergency department(ED) visits in the city (as of 5/1/16, 99% prior to that), the data are not comprehensive as only aproportion of residents seek care in emergency departments. Therefore the data are not exact measures of morbidity.
-Data for the most recent two weeks are not final and are subject to change.";Asthma;Borough;Brooklyn;Age Group;All age groups;5/2023;Count;1,931
"-Syndrome data are inherently non-specific and not based on diagnostic testing. While the New York City syndromic surveillance system captures 100% of all emergency department(ED) visits in the city (as of 5/1/16, 99% prior to that), the data are not comprehensive as only aproportion of residents seek care in emergency departments. Therefore the data are not exact measures of morbidity.
-Data for the most recent two weeks are not final and are subject to change.";Asthma;Borough;Brooklyn;Age Group;All age groups;6/2023;Count;1,760
"-Syndrome data are inherently non-specific and not based on diagnostic testing. While the New York City syndromic surveillance system captures 100% of all emergency department(ED) visits in the city (as of 5/1/16, 99% prior to that), the data are not comprehensive as only aproportion of residents seek care in emergency departments. Therefore the data are not exact measures of morbidity.
-Data for the most recent two weeks are not final and are subject to change.";Asthma;Borough;Brooklyn;Age Group;All age groups;7/2023;Count;1,442
"-Syndrome data are inherently non-specific and not based on diagnostic testing. While the New York City syndromic surveillance system captures 100% of all emergency department(ED) visits in the city (as of 5/1/16, 99% prior to that), the data are not comprehensive as only aproportion of residents seek care in emergency departments. Therefore the data are not exact measures of morbidity.
-Data for the most recent two weeks are not final and are subject to change.";Asthma;Borough;Brooklyn;Age Group;All age groups;8/2023;Count;1,449
"-Syndrome data are inherently non-specific and not based on diagnostic testing. While the New York City syndromic surveillance system captures 100% of all emergency department(ED) visits in the city (as of 5/1/16, 99% prior to that), the data are not comprehensive as only aproportion of residents seek care in emergency departments. Therefore the data are not exact measures of morbidity.
-Data for the most recent two weeks are not final and are subject to change.";Asthma;Borough;Brooklyn;Age Group;All age groups;9/2023;Count;1,753
"-Syndrome data are inherently non-specific and not based on diagnostic testing. While the New York City syndromic surveillance system captures 100% of all emergency department(ED) visits in the city (as of 5/1/16, 99% prior to that), the data are not comprehensive as only aproportion of residents seek care in emergency departments. Therefore the data are not exact measures of morbidity.
-Data for the most recent two weeks are not final and are subject to change.";Asthma;Borough;Brooklyn;Age Group;All age groups;10/2023;Count;2,030
"-Syndrome data are inherently non-specific and not based on diagnostic testing. While the New York City syndromic surveillance system captures 100% of all emergency department(ED) visits in the city (as of 5/1/16, 99% prior to that), the data are not comprehensive as only aproportion of residents seek care in emergency departments. Therefore the data are not exact measures of morbidity.
-Data for the most recent two weeks are not final and are subject to change.";Asthma;Borough;Brooklyn;Age Group;All age groups;11/2023;Count;1,857
"-Syndrome data are inherently non-specific and not based on diagnostic testing. While the New York City syndromic surveillance system captures 100% of all emergency department(ED) visits in the city (as of 5/1/16, 99% prior to that), the data are not comprehensive as only aproportion of residents seek care in emergency departments. Therefore the data are not exact measures of morbidity.
-Data for the most recent two weeks are not final and are subject to change.";Asthma;Borough;Brooklyn;Age Group;All age groups;12/2023;Count;1,815
"-Syndrome data are inherently non-specific and not based on diagnostic testing. While the New York City syndromic surveillance system captures 100% of all emergency department(ED) visits in the city (as of 5/1/16, 99% prior to that), the data are not comprehensive as only aproportion of residents seek care in emergency departments. Therefore the data are not exact measures of morbidity.
-Data for the most recent two weeks are not final and are subject to change.";Asthma;Borough;Brooklyn;Age Group;All age groups;1/2024;Count;1,689
"-Syndrome data are inherently non-specific and not based on diagnostic testing. While the New York City syndromic surveillance system captures 100% of all emergency department(ED) visits in the city (as of 5/1/16, 99% prior to that), the data are not comprehensive as only aproportion of residents seek care in emergency departments. Therefore the data are not exact measures of morbidity.
-Data for the most recent two weeks are not final and are subject to change.";Asthma;Borough;Brooklyn;Age Group;All age groups;2/2024;Count;1,461
"-Syndrome data are inherently non-specific and not based on diagnostic testing. While the New York City syndromic surveillance system captures 100% of all emergency department(ED) visits in the city (as of 5/1/16, 99% prior to that), the data are not comprehensive as only aproportion of residents seek care in emergency departments. Therefore the data are not exact measures of morbidity.
-Data for the most recent two weeks are not final and are subject to change.";Asthma;Borough;Brooklyn;Age Group;All age groups;3/2024;Count;1,538
"-Syndrome data are inherently non-specific and not based on diagnostic testing. While the New York City syndromic surveillance system captures 100% of all emergency department(ED) visits in the city (as of 5/1/16, 99% prior to that), the data are not comprehensive as only aproportion of residents seek care in emergency departments. Therefore the data are not exact measures of morbidity.
-Data for the most recent two weeks are not final and are subject to change.";Asthma;Borough;Brooklyn;Age Group;All age groups;4/2024;Count;1,636
"-Syndrome data are inherently non-specific and not based on diagnostic testing. While the New York City syndromic surveillance system captures 100% of all emergency department(ED) visits in the city (as of 5/1/16, 99% prior to that), the data are not comprehensive as only aproportion of residents seek care in emergency departments. Therefore the data are not exact measures of morbidity.
-Data for the most recent two weeks are not final and are subject to change.";Asthma;Borough;Brooklyn;Age Group;All age groups;5/2024;Count;1,928
"-Syndrome data are inherently non-specific and not based on diagnostic testing. While the New York City syndromic surveillance system captures 100% of all emergency department(ED) visits in the city (as of 5/1/16, 99% prior to that), the data are not comprehensive as only aproportion of residents seek care in emergency departments. Therefore the data are not exact measures of morbidity.
-Data for the most recent two weeks are not final and are subject to change.";Asthma;Borough;Brooklyn;Age Group;All age groups;6/2024;Count;1,406
"-Syndrome data are inherently non-specific and not based on diagnostic testing. While the New York City syndromic surveillance system captures 100% of all emergency department(ED) visits in the city (as of 5/1/16, 99% prior to that), the data are not comprehensive as only aproportion of residents seek care in emergency departments. Therefore the data are not exact measures of morbidity.
-Data for the most recent two weeks are not final and are subject to change.";Asthma;Borough;Brooklyn;Age Group;All age groups;7/2024;Count;1,334
"-Syndrome data are inherently non-specific and not based on diagnostic testing. While the New York City syndromic surveillance system captures 100% of all emergency department(ED) visits in the city (as of 5/1/16, 99% prior to that), the data are not comprehensive as only aproportion of residents seek care in emergency departments. Therefore the data are not exact measures of morbidity.
-Data for the most recent two weeks are not final and are subject to change.";Asthma;Borough;Brooklyn;Age Group;All age groups;8/2024;Count;1,423
"-Syndrome data are inherently non-specific and not based on diagnostic testing. While the New York City syndromic surveillance system captures 100% of all emergency department(ED) visits in the city (as of 5/1/16, 99% prior to that), the data are not comprehensive as only aproportion of residents seek care in emergency departments. Therefore the data are not exact measures of morbidity.
-Data for the most recent two weeks are not final and are subject to change.";Asthma;Borough;Brooklyn;Age Group;All age groups;9/2024;Count;1,775
"-Syndrome data are inherently non-specific and not based on diagnostic testing. While the New York City syndromic surveillance system captures 100% of all emergency department(ED) visits in the city (as of 5/1/16, 99% prior to that), the data are not comprehensive as only aproportion of residents seek care in emergency departments. Therefore the data are not exact measures of morbidity.
-Data for the most recent two weeks are not final and are subject to change.";Asthma;Borough;Brooklyn;Age Group;All age groups;10/2024;Count;1,834
"-Syndrome data are inherently non-specific and not based on diagnostic testing. While the New York City syndromic surveillance system captures 100% of all emergency department(ED) visits in the city (as of 5/1/16, 99% prior to that), the data are not comprehensive as only aproportion of residents seek care in emergency departments. Therefore the data are not exact measures of morbidity.
-Data for the most recent two weeks are not final and are subject to change.";Asthma;Borough;Brooklyn;Age Group;All age groups;11/2024;Count;1,657
"-Syndrome data are inherently non-specific and not based on diagnostic testing. While the New York City syndromic surveillance system captures 100% of all emergency department(ED) visits in the city (as of 5/1/16, 99% prior to that), the data are not comprehensive as only aproportion of residents seek care in emergency departments. Therefore the data are not exact measures of morbidity.
-Data for the most recent two weeks are not final and are subject to change.";Asthma;Borough;Brooklyn;Age Group;All age groups;12/2024;Count;1,715
"-Syndrome data are inherently non-specific and not based on diagnostic testing. While the New York City syndromic surveillance system captures 100% of all emergency department(ED) visits in the city (as of 5/1/16, 99% prior to that), the data are not comprehensive as only aproportion of residents seek care in emergency departments. Therefore the data are not exact measures of morbidity.
-Data for the most recent two weeks are not final and are subject to change.";Asthma;Borough;Brooklyn;Age Group;All age groups;1/2025;Count;1,489
"-Syndrome data are inherently non-specific and not based on diagnostic testing. While the New York City syndromic surveillance system captures 100% of all emergency department(ED) visits in the city (as of 5/1/16, 99% prior to that), the data are not comprehensive as only aproportion of residents seek care in emergency departments. Therefore the data are not exact measures of morbidity.
-Data for the most recent two weeks are not final and are subject to change.";Asthma;Borough;Brooklyn;Age Group;All age groups;2/2025;Count;1,240
"-Syndrome data are inherently non-specific and not based on diagnostic testing. While the New York City syndromic surveillance system captures 100% of all emergency department(ED) visits in the city (as of 5/1/16, 99% prior to that), the data are not comprehensive as only aproportion of residents seek care in emergency departments. Therefore the data are not exact measures of morbidity.
-Data for the most recent two weeks are not final and are subject to change.";Asthma;Borough;Brooklyn;Age Group;All age groups;3/2025;Count;1,558
"-Syndrome data are inherently non-specific and not based on diagnostic testing. While the New York City syndromic surveillance system captures 100% of all emergency department(ED) visits in the city (as of 5/1/16, 99% prior to that), the data are not comprehensive as only aproportion of residents seek care in emergency departments. Therefore the data are not exact measures of morbidity.
-Data for the most recent two weeks are not final and are subject to change.";Asthma;Borough;Brooklyn;Age Group;All age groups;4/2025;Count;1,784
"-Syndrome data are inherently non-specific and not based on diagnostic testing. While the New York City syndromic surveillance system captures 100% of all emergency department(ED) visits in the city (as of 5/1/16, 99% prior to that), the data are not comprehensive as only aproportion of residents seek care in emergency departments. Therefore the data are not exact measures of morbidity.
-Data for the most recent two weeks are not final and are subject to change.";Asthma;Borough;Brooklyn;Age Group;All age groups;5/2025;Count;1,973
"-Syndrome data are inherently non-specific and not based on diagnostic testing. While the New York City syndromic surveillance system captures 100% of all emergency department(ED) visits in the city (as of 5/1/16, 99% prior to that), the data are not comprehensive as only aproportion of residents seek care in emergency departments. Therefore the data are not exact measures of morbidity.
-Data for the most recent two weeks are not final and are subject to change.";Asthma;Borough;Brooklyn;Age Group;All age groups;6/2025;Count;1,433
"-Syndrome data are inherently non-specific and not based on diagnostic testing. While the New York City syndromic surveillance system captures 100% of all emergency department(ED) visits in the city (as of 5/1/16, 99% prior to that), the data are not comprehensive as only aproportion of residents seek care in emergency departments. Therefore the data are not exact measures of morbidity.
-Data for the most recent two weeks are not final and are subject to change.";Asthma;Borough;Brooklyn;Age Group;All age groups;7/2025;Count;1,376
"-Syndrome data are inherently non-specific and not based on diagnostic testing. While the New York City syndromic surveillance system captures 100% of all emergency department(ED) visits in the city (as of 5/1/16, 99% prior to that), the data are not comprehensive as only aproportion of residents seek care in emergency departments. Therefore the data are not exact measures of morbidity.
-Data for the most recent two weeks are not final and are subject to change.";Asthma;Borough;Brooklyn;Age Group;All age groups;8/2025;Count;1,437
"-Syndrome data are inherently non-specific and not based on diagnostic testing. While the New York City syndromic surveillance system captures 100% of all emergency department(ED) visits in the city (as of 5/1/16, 99% prior to that), the data are not comprehensive as only aproportion of residents seek care in emergency departments. Therefore the data are not exact measures of morbidity.
-Data for the most recent two weeks are not final and are subject to change.";Asthma;Borough;Brooklyn;Age Group;All age groups;9/2025;Count;1,716
"-Syndrome data are inherently non-specific and not based on diagnostic testing. While the New York City syndromic surveillance system captures 100% of all emergency department(ED) visits in the city (as of 5/1/16, 99% prior to that), the data are not comprehensive as only aproportion of residents seek care in emergency departments. Therefore the data are not exact measures of morbidity.
-Data for the most recent two weeks are not final and are subject to change.";Asthma;Borough;Brooklyn;Age Group;All age groups;10/2025;Count;1,699
"-Syndrome data are inherently non-specific and not based on diagnostic testing. While the New York City syndromic surveillance system captures 100% of all emergency department(ED) visits in the city (as of 5/1/16, 99% prior to that), the data are not comprehensive as only aproportion of residents seek care in emergency departments. Therefore the data are not exact measures of morbidity.
-Data for the most recent two weeks are not final and are subject to change.";Asthma;Borough;Brooklyn;Age Group;All age groups;11/2025;Count;50
"-Syndrome data are inherently non-specific and not based on diagnostic testing. While the New York City syndromic surveillance system captures 100% of all emergency department(ED) visits in the city (as of 5/1/16, 99% prior to that), the data are not comprehensive as only aproportion of residents seek care in emergency departments. Therefore the data are not exact measures of morbidity.
-Data for the most recent two weeks are not final and are subject to change.";Asthma;Borough;Brooklyn;Age Group;Ages 0-4 years;3/2022;Count;101
"-Syndrome data are inherently non-specific and not based on diagnostic testing. While the New York City syndromic surveillance system captures 100% of all emergency department(ED) visits in the city (as of 5/1/16, 99% prior to that), the data are not comprehensive as only aproportion of residents seek care in emergency departments. Therefore the data are not exact measures of morbidity.
-Data for the most recent two weeks are not final and are subject to change.";Asthma;Borough;Brooklyn;Age Group;Ages 0-4 years;4/2022;Count;62
"-Syndrome data are inherently non-specific and not based on diagnostic testing. While the New York City syndromic surveillance system captures 100% of all emergency department(ED) visits in the city (as of 5/1/16, 99% prior to that), the data are not comprehensive as only aproportion of residents seek care in emergency departments. Therefore the data are not exact measures of morbidity.
-Data for the most recent two weeks are not final and are subject to change.";Asthma;Borough;Brooklyn;Age Group;Ages 0-4 years;5/2022;Count;105
"-Syndrome data are inherently non-specific and not based on diagnostic testing. While the New York City syndromic surveillance system captures 100% of all emergency department(ED) visits in the city (as of 5/1/16, 99% prior to that), the data are not comprehensive as only aproportion of residents seek care in emergency departments. Therefore the data are not exact measures of morbidity.
-Data for the most recent two weeks are not final and are subject to change.";Asthma;Borough;Brooklyn;Age Group;Ages 0-4 years;6/2022;Count;65
"-Syndrome data are inherently non-specific and not based on diagnostic testing. While the New York City syndromic surveillance system captures 100% of all emergency department(ED) visits in the city (as of 5/1/16, 99% prior to that), the data are not comprehensive as only aproportion of residents seek care in emergency departments. Therefore the data are not exact measures of morbidity.
-Data for the most recent two weeks are not final and are subject to change.";Asthma;Borough;Brooklyn;Age Group;Ages 0-4 years;7/2022;Count;39
"-Syndrome data are inherently non-specific and not based on diagnostic testing. While the New York City syndromic surveillance system captures 100% of all emergency department(ED) visits in the city (as of 5/1/16, 99% prior to that), the data are not comprehensive as only aproportion of residents seek care in emergency departments. Therefore the data are not exact measures of morbidity.
-Data for the most recent two weeks are not final and are subject to change.";Asthma;Borough;Brooklyn;Age Group;Ages 0-4 years;8/2022;Count;62
"-Syndrome data are inherently non-specific and not based on diagnostic testing. While the New York City syndromic surveillance system captures 100% of all emergency department(ED) visits in the city (as of 5/1/16, 99% prior to that), the data are not comprehensive as only aproportion of residents seek care in emergency departments. Therefore the data are not exact measures of morbidity.
-Data for the most recent two weeks are not final and are subject to change.";Asthma;Borough;Brooklyn;Age Group;Ages 0-4 years;9/2022;Count;177
"-Syndrome data are inherently non-specific and not based on diagnostic testing. While the New York City syndromic surveillance system captures 100% of all emergency department(ED) visits in the city (as of 5/1/16, 99% prior to that), the data are not comprehensive as only aproportion of residents seek care in emergency departments. Therefore the data are not exact measures of morbidity.
-Data for the most recent two weeks are not final and are subject to change.";Asthma;Borough;Brooklyn;Age Group;Ages 0-4 years;10/2022;Count;151
"-Syndrome data are inherently non-specific and not based on diagnostic testing. While the New York City syndromic surveillance system captures 100% of all emergency department(ED) visits in the city (as of 5/1/16, 99% prior to that), the data are not comprehensive as only aproportion of residents seek care in emergency departments. Therefore the data are not exact measures of morbidity.
-Data for the most recent two weeks are not final and are subject to change.";Asthma;Borough;Brooklyn;Age Group;Ages 0-4 years;11/2022;Count;80
"-Syndrome data are inherently non-specific and not based on diagnostic testing. While the New York City syndromic surveillance system captures 100% of all emergency department(ED) visits in the city (as of 5/1/16, 99% prior to that), the data are not comprehensive as only aproportion of residents seek care in emergency departments. Therefore the data are not exact measures of morbidity.
-Data for the most recent two weeks are not final and are subject to change.";Asthma;Borough;Brooklyn;Age Group;Ages 0-4 years;12/2022;Count;65
"-Syndrome data are inherently non-specific and not based on diagnostic testing. While the New York City syndromic surveillance system captures 100% of all emergency department(ED) visits in the city (as of 5/1/16, 99% prior to that), the data are not comprehensive as only aproportion of residents seek care in emergency departments. Therefore the data are not exact measures of morbidity.
-Data for the most recent two weeks are not final and are subject to change.";Asthma;Borough;Brooklyn;Age Group;Ages 0-4 years;1/2023;Count;90
"-Syndrome data are inherently non-specific and not based on diagnostic testing. While the New York City syndromic surveillance system captures 100% of all emergency department(ED) visits in the city (as of 5/1/16, 99% prior to that), the data are not comprehensive as only aproportion of residents seek care in emergency departments. Therefore the data are not exact measures of morbidity.
-Data for the most recent two weeks are not final and are subject to change.";Asthma;Borough;Brooklyn;Age Group;Ages 0-4 years;2/2023;Count;99
"-Syndrome data are inherently non-specific and not based on diagnostic testing. While the New York City syndromic surveillance system captures 100% of all emergency department(ED) visits in the city (as of 5/1/16, 99% prior to that), the data are not comprehensive as only aproportion of residents seek care in emergency departments. Therefore the data are not exact measures of morbidity.
-Data for the most recent two weeks are not final and are subject to change.";Asthma;Borough;Brooklyn;Age Group;Ages 0-4 years;3/2023;Count;106
"-Syndrome data are inherently non-specific and not based on diagnostic testing. While the New York City syndromic surveillance system captures 100% of all emergency department(ED) visits in the city (as of 5/1/16, 99% prior to that), the data are not comprehensive as only aproportion of residents seek care in emergency departments. Therefore the data are not exact measures of morbidity.
-Data for the most recent two weeks are not final and are subject to change.";Asthma;Borough;Brooklyn;Age Group;Ages 0-4 years;4/2023;Count;83
"-Syndrome data are inherently non-specific and not based on diagnostic testing. While the New York City syndromic surveillance system captures 100% of all emergency department(ED) visits in the city (as of 5/1/16, 99% prior to that), the data are not comprehensive as only aproportion of residents seek care in emergency departments. Therefore the data are not exact measures of morbidity.
-Data for the most recent two weeks are not final and are subject to change.";Asthma;Borough;Brooklyn;Age Group;Ages 0-4 years;5/2023;Count;99
"-Syndrome data are inherently non-specific and not based on diagnostic testing. While the New York City syndromic surveillance system captures 100% of all emergency department(ED) visits in the city (as of 5/1/16, 99% prior to that), the data are not comprehensive as only aproportion of residents seek care in emergency departments. Therefore the data are not exact measures of morbidity.
-Data for the most recent two weeks are not final and are subject to change.";Asthma;Borough;Brooklyn;Age Group;Ages 0-4 years;6/2023;Count;88
"-Syndrome data are inherently non-specific and not based on diagnostic testing. While the New York City syndromic surveillance system captures 100% of all emergency department(ED) visits in the city (as of 5/1/16, 99% prior to that), the data are not comprehensive as only aproportion of residents seek care in emergency departments. Therefore the data are not exact measures of morbidity.
-Data for the most recent two weeks are not final and are subject to change.";Asthma;Borough;Brooklyn;Age Group;Ages 0-4 years;7/2023;Count;53
"-Syndrome data are inherently non-specific and not based on diagnostic testing. While the New York City syndromic surveillance system captures 100% of all emergency department(ED) visits in the city (as of 5/1/16, 99% prior to that), the data are not comprehensive as only aproportion of residents seek care in emergency departments. Therefore the data are not exact measures of morbidity.
-Data for the most recent two weeks are not final and are subject to change.";Asthma;Borough;Brooklyn;Age Group;Ages 0-4 years;8/2023;Count;61
"-Syndrome data are inherently non-specific and not based on diagnostic testing. While the New York City syndromic surveillance system captures 100% of all emergency department(ED) visits in the city (as of 5/1/16, 99% prior to that), the data are not comprehensive as only aproportion of residents seek care in emergency departments. Therefore the data are not exact measures of morbidity.
-Data for the most recent two weeks are not final and are subject to change.";Asthma;Borough;Brooklyn;Age Group;Ages 0-4 years;9/2023;Count;107
"-Syndrome data are inherently non-specific and not based on diagnostic testing. While the New York City syndromic surveillance system captures 100% of all emergency department(ED) visits in the city (as of 5/1/16, 99% prior to that), the data are not comprehensive as only aproportion of residents seek care in emergency departments. Therefore the data are not exact measures of morbidity.
-Data for the most recent two weeks are not final and are subject to change.";Asthma;Borough;Brooklyn;Age Group;Ages 0-4 years;10/2023;Count;121
"-Syndrome data are inherently non-specific and not based on diagnostic testing. While the New York City syndromic surveillance system captures 100% of all emergency department(ED) visits in the city (as of 5/1/16, 99% prior to that), the data are not comprehensive as only aproportion of residents seek care in emergency departments. Therefore the data are not exact measures of morbidity.
-Data for the most recent two weeks are not final and are subject to change.";Asthma;Borough;Brooklyn;Age Group;Ages 0-4 years;11/2023;Count;96
"-Syndrome data are inherently non-specific and not based on diagnostic testing. While the New York City syndromic surveillance system captures 100% of all emergency department(ED) visits in the city (as of 5/1/16, 99% prior to that), the data are not comprehensive as only aproportion of residents seek care in emergency departments. Therefore the data are not exact measures of morbidity.
-Data for the most recent two weeks are not final and are subject to change.";Asthma;Borough;Brooklyn;Age Group;Ages 0-4 years;12/2023;Count;85
"-Syndrome data are inherently non-specific and not based on diagnostic testing. While the New York City syndromic surveillance system captures 100% of all emergency department(ED) visits in the city (as of 5/1/16, 99% prior to that), the data are not comprehensive as only aproportion of residents seek care in emergency departments. Therefore the data are not exact measures of morbidity.
-Data for the most recent two weeks are not final and are subject to change.";Asthma;Borough;Brooklyn;Age Group;Ages 0-4 years;1/2024;Count;56
"-Syndrome data are inherently non-specific and not based on diagnostic testing. While the New York City syndromic surveillance system captures 100% of all emergency department(ED) visits in the city (as of 5/1/16, 99% prior to that), the data are not comprehensive as only aproportion of residents seek care in emergency departments. Therefore the data are not exact measures of morbidity.
-Data for the most recent two weeks are not final and are subject to change.";Asthma;Borough;Brooklyn;Age Group;Ages 0-4 years;2/2024;Count;68
"-Syndrome data are inherently non-specific and not based on diagnostic testing. While the New York City syndromic surveillance system captures 100% of all emergency department(ED) visits in the city (as of 5/1/16, 99% prior to that), the data are not comprehensive as only aproportion of residents seek care in emergency departments. Therefore the data are not exact measures of morbidity.
-Data for the most recent two weeks are not final and are subject to change.";Asthma;Borough;Brooklyn;Age Group;Ages 0-4 years;3/2024;Count;90
"-Syndrome data are inherently non-specific and not based on diagnostic testing. While the New York City syndromic surveillance system captures 100% of all emergency department(ED) visits in the city (as of 5/1/16, 99% prior to that), the data are not comprehensive as only aproportion of residents seek care in emergency departments. Therefore the data are not exact measures of morbidity.
-Data for the most recent two weeks are not final and are subject to change.";Asthma;Borough;Brooklyn;Age Group;Ages 0-4 years;4/2024;Count;80
"-Syndrome data are inherently non-specific and not based on diagnostic testing. While the New York City syndromic surveillance system captures 100% of all emergency department(ED) visits in the city (as of 5/1/16, 99% prior to that), the data are not comprehensive as only aproportion of residents seek care in emergency departments. Therefore the data are not exact measures of morbidity.
-Data for the most recent two weeks are not final and are subject to change.";Asthma;Borough;Brooklyn;Age Group;Ages 0-4 years;5/2024;Count;114
"-Syndrome data are inherently non-specific and not based on diagnostic testing. While the New York City syndromic surveillance system captures 100% of all emergency department(ED) visits in the city (as of 5/1/16, 99% prior to that), the data are not comprehensive as only aproportion of residents seek care in emergency departments. Therefore the data are not exact measures of morbidity.
-Data for the most recent two weeks are not final and are subject to change.";Asthma;Borough;Brooklyn;Age Group;Ages 0-4 years;6/2024;Count;61
"-Syndrome data are inherently non-specific and not based on diagnostic testing. While the New York City syndromic surveillance system captures 100% of all emergency department(ED) visits in the city (as of 5/1/16, 99% prior to that), the data are not comprehensive as only aproportion of residents seek care in emergency departments. Therefore the data are not exact measures of morbidity.
-Data for the most recent two weeks are not final and are subject to change.";Asthma;Borough;Brooklyn;Age Group;Ages 0-4 years;7/2024;Count;56
"-Syndrome data are inherently non-specific and not based on diagnostic testing. While the New York City syndromic surveillance system captures 100% of all emergency department(ED) visits in the city (as of 5/1/16, 99% prior to that), the data are not comprehensive as only aproportion of residents seek care in emergency departments. Therefore the data are not exact measures of morbidity.
-Data for the most recent two weeks are not final and are subject to change.";Asthma;Borough;Brooklyn;Age Group;Ages 0-4 years;8/2024;Count;48
"-Syndrome data are inherently non-specific and not based on diagnostic testing. While the New York City syndromic surveillance system captures 100% of all emergency department(ED) visits in the city (as of 5/1/16, 99% prior to that), the data are not comprehensive as only aproportion of residents seek care in emergency departments. Therefore the data are not exact measures of morbidity.
-Data for the most recent two weeks are not final and are subject to change.";Asthma;Borough;Brooklyn;Age Group;Ages 0-4 years;9/2024;Count;101
"-Syndrome data are inherently non-specific and not based on diagnostic testing. While the New York City syndromic surveillance system captures 100% of all emergency department(ED) visits in the city (as of 5/1/16, 99% prior to that), the data are not comprehensive as only aproportion of residents seek care in emergency departments. Therefore the data are not exact measures of morbidity.
-Data for the most recent two weeks are not final and are subject to change.";Asthma;Borough;Brooklyn;Age Group;Ages 0-4 years;10/2024;Count;77
"-Syndrome data are inherently non-specific and not based on diagnostic testing. While the New York City syndromic surveillance system captures 100% of all emergency department(ED) visits in the city (as of 5/1/16, 99% prior to that), the data are not comprehensive as only aproportion of residents seek care in emergency departments. Therefore the data are not exact measures of morbidity.
-Data for the most recent two weeks are not final and are subject to change.";Asthma;Borough;Brooklyn;Age Group;Ages 0-4 years;11/2024;Count;99
"-Syndrome data are inherently non-specific and not based on diagnostic testing. While the New York City syndromic surveillance system captures 100% of all emergency department(ED) visits in the city (as of 5/1/16, 99% prior to that), the data are not comprehensive as only aproportion of residents seek care in emergency departments. Therefore the data are not exact measures of morbidity.
-Data for the most recent two weeks are not final and are subject to change.";Asthma;Borough;Brooklyn;Age Group;Ages 0-4 years;12/2024;Count;86
"-Syndrome data are inherently non-specific and not based on diagnostic testing. While the New York City syndromic surveillance system captures 100% of all emergency department(ED) visits in the city (as of 5/1/16, 99% prior to that), the data are not comprehensive as only aproportion of residents seek care in emergency departments. Therefore the data are not exact measures of morbidity.
-Data for the most recent two weeks are not final and are subject to change.";Asthma;Borough;Brooklyn;Age Group;Ages 0-4 years;1/2025;Count;50
"-Syndrome data are inherently non-specific and not based on diagnostic testing. While the New York City syndromic surveillance system captures 100% of all emergency department(ED) visits in the city (as of 5/1/16, 99% prior to that), the data are not comprehensive as only aproportion of residents seek care in emergency departments. Therefore the data are not exact measures of morbidity.
-Data for the most recent two weeks are not final and are subject to change.";Asthma;Borough;Brooklyn;Age Group;Ages 0-4 years;2/2025;Count;46
"-Syndrome data are inherently non-specific and not based on diagnostic testing. While the New York City syndromic surveillance system captures 100% of all emergency department(ED) visits in the city (as of 5/1/16, 99% prior to that), the data are not comprehensive as only aproportion of residents seek care in emergency departments. Therefore the data are not exact measures of morbidity.
-Data for the most recent two weeks are not final and are subject to change.";Asthma;Borough;Brooklyn;Age Group;Ages 0-4 years;3/2025;Count;99
"-Syndrome data are inherently non-specific and not based on diagnostic testing. While the New York City syndromic surveillance system captures 100% of all emergency department(ED) visits in the city (as of 5/1/16, 99% prior to that), the data are not comprehensive as only aproportion of residents seek care in emergency departments. Therefore the data are not exact measures of morbidity.
-Data for the most recent two weeks are not final and are subject to change.";Asthma;Borough;Brooklyn;Age Group;Ages 0-4 years;4/2025;Count;60
"-Syndrome data are inherently non-specific and not based on diagnostic testing. While the New York City syndromic surveillance system captures 100% of all emergency department(ED) visits in the city (as of 5/1/16, 99% prior to that), the data are not comprehensive as only aproportion of residents seek care in emergency departments. Therefore the data are not exact measures of morbidity.
-Data for the most recent two weeks are not final and are subject to change.";Asthma;Borough;Brooklyn;Age Group;Ages 0-4 years;5/2025;Count;86
"-Syndrome data are inherently non-specific and not based on diagnostic testing. While the New York City syndromic surveillance system captures 100% of all emergency department(ED) visits in the city (as of 5/1/16, 99% prior to that), the data are not comprehensive as only aproportion of residents seek care in emergency departments. Therefore the data are not exact measures of morbidity.
-Data for the most recent two weeks are not final and are subject to change.";Asthma;Borough;Brooklyn;Age Group;Ages 0-4 years;6/2025;Count;59
"-Syndrome data are inherently non-specific and not based on diagnostic testing. While the New York City syndromic surveillance system captures 100% of all emergency department(ED) visits in the city (as of 5/1/16, 99% prior to that), the data are not comprehensive as only aproportion of residents seek care in emergency departments. Therefore the data are not exact measures of morbidity.
-Data for the most recent two weeks are not final and are subject to change.";Asthma;Borough;Brooklyn;Age Group;Ages 0-4 years;7/2025;Count;43
"-Syndrome data are inherently non-specific and not based on diagnostic testing. While the New York City syndromic surveillance system captures 100% of all emergency department(ED) visits in the city (as of 5/1/16, 99% prior to that), the data are not comprehensive as only aproportion of residents seek care in emergency departments. Therefore the data are not exact measures of morbidity.
-Data for the most recent two weeks are not final and are subject to change.";Asthma;Borough;Brooklyn;Age Group;Ages 0-4 years;8/2025;Count;50
"-Syndrome data are inherently non-specific and not based on diagnostic testing. While the New York City syndromic surveillance system captures 100% of all emergency department(ED) visits in the city (as of 5/1/16, 99% prior to that), the data are not comprehensive as only aproportion of residents seek care in emergency departments. Therefore the data are not exact measures of morbidity.
-Data for the most recent two weeks are not final and are subject to change.";Asthma;Borough;Brooklyn;Age Group;Ages 0-4 years;9/2025;Count;96
"-Syndrome data are inherently non-specific and not based on diagnostic testing. While the New York City syndromic surveillance system captures 100% of all emergency department(ED) visits in the city (as of 5/1/16, 99% prior to that), the data are not comprehensive as only aproportion of residents seek care in emergency departments. Therefore the data are not exact measures of morbidity.
-Data for the most recent two weeks are not final and are subject to change.";Asthma;Borough;Brooklyn;Age Group;Ages 0-4 years;10/2025;Count;86
"-Syndrome data are inherently non-specific and not based on diagnostic testing. While the New York City syndromic surveillance system captures 100% of all emergency department(ED) visits in the city (as of 5/1/16, 99% prior to that), the data are not comprehensive as only aproportion of residents seek care in emergency departments. Therefore the data are not exact measures of morbidity.
-Data for the most recent two weeks are not final and are subject to change.";Asthma;Borough;Brooklyn;Age Group;Ages 0-4 years;11/2025;Count;1
"-Syndrome data are inherently non-specific and not based on diagnostic testing. While the New York City syndromic surveillance system captures 100% of all emergency department(ED) visits in the city (as of 5/1/16, 99% prior to that), the data are not comprehensive as only aproportion of residents seek care in emergency departments. Therefore the data are not exact measures of morbidity.
-Data for the most recent two weeks are not final and are subject to change.";Asthma;Borough;Brooklyn;Age Group;Ages 5-17 years;3/2022;Count;327
"-Syndrome data are inherently non-specific and not based on diagnostic testing. While the New York City syndromic surveillance system captures 100% of all emergency department(ED) visits in the city (as of 5/1/16, 99% prior to that), the data are not comprehensive as only aproportion of residents seek care in emergency departments. Therefore the data are not exact measures of morbidity.
-Data for the most recent two weeks are not final and are subject to change.";Asthma;Borough;Brooklyn;Age Group;Ages 5-17 years;4/2022;Count;247
"-Syndrome data are inherently non-specific and not based on diagnostic testing. While the New York City syndromic surveillance system captures 100% of all emergency department(ED) visits in the city (as of 5/1/16, 99% prior to that), the data are not comprehensive as only aproportion of residents seek care in emergency departments. Therefore the data are not exact measures of morbidity.
-Data for the most recent two weeks are not final and are subject to change.";Asthma;Borough;Brooklyn;Age Group;Ages 5-17 years;5/2022;Count;353
"-Syndrome data are inherently non-specific and not based on diagnostic testing. While the New York City syndromic surveillance system captures 100% of all emergency department(ED) visits in the city (as of 5/1/16, 99% prior to that), the data are not comprehensive as only aproportion of residents seek care in emergency departments. Therefore the data are not exact measures of morbidity.
-Data for the most recent two weeks are not final and are subject to change.";Asthma;Borough;Brooklyn;Age Group;Ages 5-17 years;6/2022;Count;196
"-Syndrome data are inherently non-specific and not based on diagnostic testing. While the New York City syndromic surveillance system captures 100% of all emergency department(ED) visits in the city (as of 5/1/16, 99% prior to that), the data are not comprehensive as only aproportion of residents seek care in emergency departments. Therefore the data are not exact measures of morbidity.
-Data for the most recent two weeks are not final and are subject to change.";Asthma;Borough;Brooklyn;Age Group;Ages 5-17 years;7/2022;Count;125
"-Syndrome data are inherently non-specific and not based on diagnostic testing. While the New York City syndromic surveillance system captures 100% of all emergency department(ED) visits in the city (as of 5/1/16, 99% prior to that), the data are not comprehensive as only aproportion of residents seek care in emergency departments. Therefore the data are not exact measures of morbidity.
-Data for the most recent two weeks are not final and are subject to change.";Asthma;Borough;Brooklyn;Age Group;Ages 5-17 years;8/2022;Count;122
"-Syndrome data are inherently non-specific and not based on diagnostic testing. While the New York City syndromic surveillance system captures 100% of all emergency department(ED) visits in the city (as of 5/1/16, 99% prior to that), the data are not comprehensive as only aproportion of residents seek care in emergency departments. Therefore the data are not exact measures of morbidity.
-Data for the most recent two weeks are not final and are subject to change.";Asthma;Borough;Brooklyn;Age Group;Ages 5-17 years;9/2022;Count;400
"-Syndrome data are inherently non-specific and not based on diagnostic testing. While the New York City syndromic surveillance system captures 100% of all emergency department(ED) visits in the city (as of 5/1/16, 99% prior to that), the data are not comprehensive as only aproportion of residents seek care in emergency departments. Therefore the data are not exact measures of morbidity.
-Data for the most recent two weeks are not final and are subject to change.";Asthma;Borough;Brooklyn;Age Group;Ages 5-17 years;10/2022;Count;338
"-Syndrome data are inherently non-specific and not based on diagnostic testing. While the New York City syndromic surveillance system captures 100% of all emergency department(ED) visits in the city (as of 5/1/16, 99% prior to that), the data are not comprehensive as only aproportion of residents seek care in emergency departments. Therefore the data are not exact measures of morbidity.
-Data for the most recent two weeks are not final and are subject to change.";Asthma;Borough;Brooklyn;Age Group;Ages 5-17 years;11/2022;Count;263
"-Syndrome data are inherently non-specific and not based on diagnostic testing. While the New York City syndromic surveillance system captures 100% of all emergency department(ED) visits in the city (as of 5/1/16, 99% prior to that), the data are not comprehensive as only aproportion of residents seek care in emergency departments. Therefore the data are not exact measures of morbidity.
-Data for the most recent two weeks are not final and are subject to change.";Asthma;Borough;Brooklyn;Age Group;Ages 5-17 years;12/2022;Count;179
"-Syndrome data are inherently non-specific and not based on diagnostic testing. While the New York City syndromic surveillance system captures 100% of all emergency department(ED) visits in the city (as of 5/1/16, 99% prior to that), the data are not comprehensive as only aproportion of residents seek care in emergency departments. Therefore the data are not exact measures of morbidity.
-Data for the most recent two weeks are not final and are subject to change.";Asthma;Borough;Brooklyn;Age Group;Ages 5-17 years;1/2023;Count;261
"-Syndrome data are inherently non-specific and not based on diagnostic testing. While the New York City syndromic surveillance system captures 100% of all emergency department(ED) visits in the city (as of 5/1/16, 99% prior to that), the data are not comprehensive as only aproportion of residents seek care in emergency departments. Therefore the data are not exact measures of morbidity.
-Data for the most recent two weeks are not final and are subject to change.";Asthma;Borough;Brooklyn;Age Group;Ages 5-17 years;2/2023;Count;278
"-Syndrome data are inherently non-specific and not based on diagnostic testing. While the New York City syndromic surveillance system captures 100% of all emergency department(ED) visits in the city (as of 5/1/16, 99% prior to that), the data are not comprehensive as only aproportion of residents seek care in emergency departments. Therefore the data are not exact measures of morbidity.
-Data for the most recent two weeks are not final and are subject to change.";Asthma;Borough;Brooklyn;Age Group;Ages 5-17 years;3/2023;Count;302
"-Syndrome data are inherently non-specific and not based on diagnostic testing. While the New York City syndromic surveillance system captures 100% of all emergency department(ED) visits in the city (as of 5/1/16, 99% prior to that), the data are not comprehensive as only aproportion of residents seek care in emergency departments. Therefore the data are not exact measures of morbidity.
-Data for the most recent two weeks are not final and are subject to change.";Asthma;Borough;Brooklyn;Age Group;Ages 5-17 years;4/2023;Count;344
"-Syndrome data are inherently non-specific and not based on diagnostic testing. While the New York City syndromic surveillance system captures 100% of all emergency department(ED) visits in the city (as of 5/1/16, 99% prior to that), the data are not comprehensive as only aproportion of residents seek care in emergency departments. Therefore the data are not exact measures of morbidity.
-Data for the most recent two weeks are not final and are subject to change.";Asthma;Borough;Brooklyn;Age Group;Ages 5-17 years;5/2023;Count;338
"-Syndrome data are inherently non-specific and not based on diagnostic testing. While the New York City syndromic surveillance system captures 100% of all emergency department(ED) visits in the city (as of 5/1/16, 99% prior to that), the data are not comprehensive as only aproportion of residents seek care in emergency departments. Therefore the data are not exact measures of morbidity.
-Data for the most recent two weeks are not final and are subject to change.";Asthma;Borough;Brooklyn;Age Group;Ages 5-17 years;6/2023;Count;198
"-Syndrome data are inherently non-specific and not based on diagnostic testing. While the New York City syndromic surveillance system captures 100% of all emergency department(ED) visits in the city (as of 5/1/16, 99% prior to that), the data are not comprehensive as only aproportion of residents seek care in emergency departments. Therefore the data are not exact measures of morbidity.
-Data for the most recent two weeks are not final and are subject to change.";Asthma;Borough;Brooklyn;Age Group;Ages 5-17 years;7/2023;Count;126
"-Syndrome data are inherently non-specific and not based on diagnostic testing. While the New York City syndromic surveillance system captures 100% of all emergency department(ED) visits in the city (as of 5/1/16, 99% prior to that), the data are not comprehensive as only aproportion of residents seek care in emergency departments. Therefore the data are not exact measures of morbidity.
-Data for the most recent two weeks are not final and are subject to change.";Asthma;Borough;Brooklyn;Age Group;Ages 5-17 years;8/2023;Count;157
"-Syndrome data are inherently non-specific and not based on diagnostic testing. While the New York City syndromic surveillance system captures 100% of all emergency department(ED) visits in the city (as of 5/1/16, 99% prior to that), the data are not comprehensive as only aproportion of residents seek care in emergency departments. Therefore the data are not exact measures of morbidity.
-Data for the most recent two weeks are not final and are subject to change.";Asthma;Borough;Brooklyn;Age Group;Ages 5-17 years;9/2023;Count;291
"-Syndrome data are inherently non-specific and not based on diagnostic testing. While the New York City syndromic surveillance system captures 100% of all emergency department(ED) visits in the city (as of 5/1/16, 99% prior to that), the data are not comprehensive as only aproportion of residents seek care in emergency departments. Therefore the data are not exact measures of morbidity.
-Data for the most recent two weeks are not final and are subject to change.";Asthma;Borough;Brooklyn;Age Group;Ages 5-17 years;10/2023;Count;335
"-Syndrome data are inherently non-specific and not based on diagnostic testing. While the New York City syndromic surveillance system captures 100% of all emergency department(ED) visits in the city (as of 5/1/16, 99% prior to that), the data are not comprehensive as only aproportion of residents seek care in emergency departments. Therefore the data are not exact measures of morbidity.
-Data for the most recent two weeks are not final and are subject to change.";Asthma;Borough;Brooklyn;Age Group;Ages 5-17 years;11/2023;Count;272
"-Syndrome data are inherently non-specific and not based on diagnostic testing. While the New York City syndromic surveillance system captures 100% of all emergency department(ED) visits in the city (as of 5/1/16, 99% prior to that), the data are not comprehensive as only aproportion of residents seek care in emergency departments. Therefore the data are not exact measures of morbidity.
-Data for the most recent two weeks are not final and are subject to change.";Asthma;Borough;Brooklyn;Age Group;Ages 5-17 years;12/2023;Count;255
"-Syndrome data are inherently non-specific and not based on diagnostic testing. While the New York City syndromic surveillance system captures 100% of all emergency department(ED) visits in the city (as of 5/1/16, 99% prior to that), the data are not comprehensive as only aproportion of residents seek care in emergency departments. Therefore the data are not exact measures of morbidity.
-Data for the most recent two weeks are not final and are subject to change.";Asthma;Borough;Brooklyn;Age Group;Ages 5-17 years;1/2024;Count;206
"-Syndrome data are inherently non-specific and not based on diagnostic testing. While the New York City syndromic surveillance system captures 100% of all emergency department(ED) visits in the city (as of 5/1/16, 99% prior to that), the data are not comprehensive as only aproportion of residents seek care in emergency departments. Therefore the data are not exact measures of morbidity.
-Data for the most recent two weeks are not final and are subject to change.";Asthma;Borough;Brooklyn;Age Group;Ages 5-17 years;2/2024;Count;224
"-Syndrome data are inherently non-specific and not based on diagnostic testing. While the New York City syndromic surveillance system captures 100% of all emergency department(ED) visits in the city (as of 5/1/16, 99% prior to that), the data are not comprehensive as only aproportion of residents seek care in emergency departments. Therefore the data are not exact measures of morbidity.
-Data for the most recent two weeks are not final and are subject to change.";Asthma;Borough;Brooklyn;Age Group;Ages 5-17 years;3/2024;Count;280
"-Syndrome data are inherently non-specific and not based on diagnostic testing. While the New York City syndromic surveillance system captures 100% of all emergency department(ED) visits in the city (as of 5/1/16, 99% prior to that), the data are not comprehensive as only aproportion of residents seek care in emergency departments. Therefore the data are not exact measures of morbidity.
-Data for the most recent two weeks are not final and are subject to change.";Asthma;Borough;Brooklyn;Age Group;Ages 5-17 years;4/2024;Count;273
"-Syndrome data are inherently non-specific and not based on diagnostic testing. While the New York City syndromic surveillance system captures 100% of all emergency department(ED) visits in the city (as of 5/1/16, 99% prior to that), the data are not comprehensive as only aproportion of residents seek care in emergency departments. Therefore the data are not exact measures of morbidity.
-Data for the most recent two weeks are not final and are subject to change.";Asthma;Borough;Brooklyn;Age Group;Ages 5-17 years;5/2024;Count;335
"-Syndrome data are inherently non-specific and not based on diagnostic testing. While the New York City syndromic surveillance system captures 100% of all emergency department(ED) visits in the city (as of 5/1/16, 99% prior to that), the data are not comprehensive as only aproportion of residents seek care in emergency departments. Therefore the data are not exact measures of morbidity.
-Data for the most recent two weeks are not final and are subject to change.";Asthma;Borough;Brooklyn;Age Group;Ages 5-17 years;6/2024;Count;162
"-Syndrome data are inherently non-specific and not based on diagnostic testing. While the New York City syndromic surveillance system captures 100% of all emergency department(ED) visits in the city (as of 5/1/16, 99% prior to that), the data are not comprehensive as only aproportion of residents seek care in emergency departments. Therefore the data are not exact measures of morbidity.
-Data for the most recent two weeks are not final and are subject to change.";Asthma;Borough;Brooklyn;Age Group;Ages 5-17 years;7/2024;Count;116
"-Syndrome data are inherently non-specific and not based on diagnostic testing. While the New York City syndromic surveillance system captures 100% of all emergency department(ED) visits in the city (as of 5/1/16, 99% prior to that), the data are not comprehensive as only aproportion of residents seek care in emergency departments. Therefore the data are not exact measures of morbidity.
-Data for the most recent two weeks are not final and are subject to change.";Asthma;Borough;Brooklyn;Age Group;Ages 5-17 years;8/2024;Count;152
"-Syndrome data are inherently non-specific and not based on diagnostic testing. While the New York City syndromic surveillance system captures 100% of all emergency department(ED) visits in the city (as of 5/1/16, 99% prior to that), the data are not comprehensive as only aproportion of residents seek care in emergency departments. Therefore the data are not exact measures of morbidity.
-Data for the most recent two weeks are not final and are subject to change.";Asthma;Borough;Brooklyn;Age Group;Ages 5-17 years;9/2024;Count;340
"-Syndrome data are inherently non-specific and not based on diagnostic testing. While the New York City syndromic surveillance system captures 100% of all emergency department(ED) visits in the city (as of 5/1/16, 99% prior to that), the data are not comprehensive as only aproportion of residents seek care in emergency departments. Therefore the data are not exact measures of morbidity.
-Data for the most recent two weeks are not final and are subject to change.";Asthma;Borough;Brooklyn;Age Group;Ages 5-17 years;10/2024;Count;280
"-Syndrome data are inherently non-specific and not based on diagnostic testing. While the New York City syndromic surveillance system captures 100% of all emergency department(ED) visits in the city (as of 5/1/16, 99% prior to that), the data are not comprehensive as only aproportion of residents seek care in emergency departments. Therefore the data are not exact measures of morbidity.
-Data for the most recent two weeks are not final and are subject to change.";Asthma;Borough;Brooklyn;Age Group;Ages 5-17 years;11/2024;Count;259
"-Syndrome data are inherently non-specific and not based on diagnostic testing. While the New York City syndromic surveillance system captures 100% of all emergency department(ED) visits in the city (as of 5/1/16, 99% prior to that), the data are not comprehensive as only aproportion of residents seek care in emergency departments. Therefore the data are not exact measures of morbidity.
-Data for the most recent two weeks are not final and are subject to change.";Asthma;Borough;Brooklyn;Age Group;Ages 5-17 years;12/2024;Count;214
"-Syndrome data are inherently non-specific and not based on diagnostic testing. While the New York City syndromic surveillance system captures 100% of all emergency department(ED) visits in the city (as of 5/1/16, 99% prior to that), the data are not comprehensive as only aproportion of residents seek care in emergency departments. Therefore the data are not exact measures of morbidity.
-Data for the most recent two weeks are not final and are subject to change.";Asthma;Borough;Brooklyn;Age Group;Ages 5-17 years;1/2025;Count;186
"-Syndrome data are inherently non-specific and not based on diagnostic testing. While the New York City syndromic surveillance system captures 100% of all emergency department(ED) visits in the city (as of 5/1/16, 99% prior to that), the data are not comprehensive as only aproportion of residents seek care in emergency departments. Therefore the data are not exact measures of morbidity.
-Data for the most recent two weeks are not final and are subject to change.";Asthma;Borough;Brooklyn;Age Group;Ages 5-17 years;2/2025;Count;163
"-Syndrome data are inherently non-specific and not based on diagnostic testing. While the New York City syndromic surveillance system captures 100% of all emergency department(ED) visits in the city (as of 5/1/16, 99% prior to that), the data are not comprehensive as only aproportion of residents seek care in emergency departments. Therefore the data are not exact measures of morbidity.
-Data for the most recent two weeks are not final and are subject to change.";Asthma;Borough;Brooklyn;Age Group;Ages 5-17 years;3/2025;Count;289
"-Syndrome data are inherently non-specific and not based on diagnostic testing. While the New York City syndromic surveillance system captures 100% of all emergency department(ED) visits in the city (as of 5/1/16, 99% prior to that), the data are not comprehensive as only aproportion of residents seek care in emergency departments. Therefore the data are not exact measures of morbidity.
-Data for the most recent two weeks are not final and are subject to change.";Asthma;Borough;Brooklyn;Age Group;Ages 5-17 years;4/2025;Count;329
"-Syndrome data are inherently non-specific and not based on diagnostic testing. While the New York City syndromic surveillance system captures 100% of all emergency department(ED) visits in the city (as of 5/1/16, 99% prior to that), the data are not comprehensive as only aproportion of residents seek care in emergency departments. Therefore the data are not exact measures of morbidity.
-Data for the most recent two weeks are not final and are subject to change.";Asthma;Borough;Brooklyn;Age Group;Ages 5-17 years;5/2025;Count;386
"-Syndrome data are inherently non-specific and not based on diagnostic testing. While the New York City syndromic surveillance system captures 100% of all emergency department(ED) visits in the city (as of 5/1/16, 99% prior to that), the data are not comprehensive as only aproportion of residents seek care in emergency departments. Therefore the data are not exact measures of morbidity.
-Data for the most recent two weeks are not final and are subject to change.";Asthma;Borough;Brooklyn;Age Group;Ages 5-17 years;6/2025;Count;196
"-Syndrome data are inherently non-specific and not based on diagnostic testing. While the New York City syndromic surveillance system captures 100% of all emergency department(ED) visits in the city (as of 5/1/16, 99% prior to that), the data are not comprehensive as only aproportion of residents seek care in emergency departments. Therefore the data are not exact measures of morbidity.
-Data for the most recent two weeks are not final and are subject to change.";Asthma;Borough;Brooklyn;Age Group;Ages 5-17 years;7/2025;Count;132
"-Syndrome data are inherently non-specific and not based on diagnostic testing. While the New York City syndromic surveillance system captures 100% of all emergency department(ED) visits in the city (as of 5/1/16, 99% prior to that), the data are not comprehensive as only aproportion of residents seek care in emergency departments. Therefore the data are not exact measures of morbidity.
-Data for the most recent two weeks are not final and are subject to change.";Asthma;Borough;Brooklyn;Age Group;Ages 5-17 years;8/2025;Count;144
"-Syndrome data are inherently non-specific and not based on diagnostic testing. While the New York City syndromic surveillance system captures 100% of all emergency department(ED) visits in the city (as of 5/1/16, 99% prior to that), the data are not comprehensive as only aproportion of residents seek care in emergency departments. Therefore the data are not exact measures of morbidity.
-Data for the most recent two weeks are not final and are subject to change.";Asthma;Borough;Brooklyn;Age Group;Ages 5-17 years;9/2025;Count;299
"-Syndrome data are inherently non-specific and not based on diagnostic testing. While the New York City syndromic surveillance system captures 100% of all emergency department(ED) visits in the city (as of 5/1/16, 99% prior to that), the data are not comprehensive as only aproportion of residents seek care in emergency departments. Therefore the data are not exact measures of morbidity.
-Data for the most recent two weeks are not final and are subject to change.";Asthma;Borough;Brooklyn;Age Group;Ages 5-17 years;10/2025;Count;281
"-Syndrome data are inherently non-specific and not based on diagnostic testing. While the New York City syndromic surveillance system captures 100% of all emergency department(ED) visits in the city (as of 5/1/16, 99% prior to that), the data are not comprehensive as only aproportion of residents seek care in emergency departments. Therefore the data are not exact measures of morbidity.
-Data for the most recent two weeks are not final and are subject to change.";Asthma;Borough;Brooklyn;Age Group;Ages 5-17 years;11/2025;Count;7
"-Syndrome data are inherently non-specific and not based on diagnostic testing. While the New York City syndromic surveillance system captures 100% of all emergency department(ED) visits in the city (as of 5/1/16, 99% prior to that), the data are not comprehensive as only aproportion of residents seek care in emergency departments. Therefore the data are not exact measures of morbidity.
-Data for the most recent two weeks are not final and are subject to change.";Asthma;Borough;Brooklyn;Age Group;Ages 18-64 years;3/2022;Count;1,046
"-Syndrome data are inherently non-specific and not based on diagnostic testing. While the New York City syndromic surveillance system captures 100% of all emergency department(ED) visits in the city (as of 5/1/16, 99% prior to that), the data are not comprehensive as only aproportion of residents seek care in emergency departments. Therefore the data are not exact measures of morbidity.
-Data for the most recent two weeks are not final and are subject to change.";Asthma;Borough;Brooklyn;Age Group;Ages 18-64 years;4/2022;Count;1,051
"-Syndrome data are inherently non-specific and not based on diagnostic testing. While the New York City syndromic surveillance system captures 100% of all emergency department(ED) visits in the city (as of 5/1/16, 99% prior to that), the data are not comprehensive as only aproportion of residents seek care in emergency departments. Therefore the data are not exact measures of morbidity.
-Data for the most recent two weeks are not final and are subject to change.";Asthma;Borough;Brooklyn;Age Group;Ages 18-64 years;5/2022;Count;1,453
"-Syndrome data are inherently non-specific and not based on diagnostic testing. While the New York City syndromic surveillance system captures 100% of all emergency department(ED) visits in the city (as of 5/1/16, 99% prior to that), the data are not comprehensive as only aproportion of residents seek care in emergency departments. Therefore the data are not exact measures of morbidity.
-Data for the most recent two weeks are not final and are subject to change.";Asthma;Borough;Brooklyn;Age Group;Ages 18-64 years;6/2022;Count;1,026
"-Syndrome data are inherently non-specific and not based on diagnostic testing. While the New York City syndromic surveillance system captures 100% of all emergency department(ED) visits in the city (as of 5/1/16, 99% prior to that), the data are not comprehensive as only aproportion of residents seek care in emergency departments. Therefore the data are not exact measures of morbidity.
-Data for the most recent two weeks are not final and are subject to change.";Asthma;Borough;Brooklyn;Age Group;Ages 18-64 years;7/2022;Count;1,019
"-Syndrome data are inherently non-specific and not based on diagnostic testing. While the New York City syndromic surveillance system captures 100% of all emergency department(ED) visits in the city (as of 5/1/16, 99% prior to that), the data are not comprehensive as only aproportion of residents seek care in emergency departments. Therefore the data are not exact measures of morbidity.
-Data for the most recent two weeks are not final and are subject to change.";Asthma;Borough;Brooklyn;Age Group;Ages 18-64 years;8/2022;Count;905
"-Syndrome data are inherently non-specific and not based on diagnostic testing. While the New York City syndromic surveillance system captures 100% of all emergency department(ED) visits in the city (as of 5/1/16, 99% prior to that), the data are not comprehensive as only aproportion of residents seek care in emergency departments. Therefore the data are not exact measures of morbidity.
-Data for the most recent two weeks are not final and are subject to change.";Asthma;Borough;Brooklyn;Age Group;Ages 18-64 years;9/2022;Count;1,037
"-Syndrome data are inherently non-specific and not based on diagnostic testing. While the New York City syndromic surveillance system captures 100% of all emergency department(ED) visits in the city (as of 5/1/16, 99% prior to that), the data are not comprehensive as only aproportion of residents seek care in emergency departments. Therefore the data are not exact measures of morbidity.
-Data for the most recent two weeks are not final and are subject to change.";Asthma;Borough;Brooklyn;Age Group;Ages 18-64 years;10/2022;Count;1,321
"-Syndrome data are inherently non-specific and not based on diagnostic testing. While the New York City syndromic surveillance system captures 100% of all emergency department(ED) visits in the city (as of 5/1/16, 99% prior to that), the data are not comprehensive as only aproportion of residents seek care in emergency departments. Therefore the data are not exact measures of morbidity.
-Data for the most recent two weeks are not final and are subject to change.";Asthma;Borough;Brooklyn;Age Group;Ages 18-64 years;11/2022;Count;1,143
"-Syndrome data are inherently non-specific and not based on diagnostic testing. While the New York City syndromic surveillance system captures 100% of all emergency department(ED) visits in the city (as of 5/1/16, 99% prior to that), the data are not comprehensive as only aproportion of residents seek care in emergency departments. Therefore the data are not exact measures of morbidity.
-Data for the most recent two weeks are not final and are subject to change.";Asthma;Borough;Brooklyn;Age Group;Ages 18-64 years;12/2022;Count;852
"-Syndrome data are inherently non-specific and not based on diagnostic testing. While the New York City syndromic surveillance system captures 100% of all emergency department(ED) visits in the city (as of 5/1/16, 99% prior to that), the data are not comprehensive as only aproportion of residents seek care in emergency departments. Therefore the data are not exact measures of morbidity.
-Data for the most recent two weeks are not final and are subject to change.";Asthma;Borough;Brooklyn;Age Group;Ages 18-64 years;1/2023;Count;834
"-Syndrome data are inherently non-specific and not based on diagnostic testing. While the New York City syndromic surveillance system captures 100% of all emergency department(ED) visits in the city (as of 5/1/16, 99% prior to that), the data are not comprehensive as only aproportion of residents seek care in emergency departments. Therefore the data are not exact measures of morbidity.
-Data for the most recent two weeks are not final and are subject to change.";Asthma;Borough;Brooklyn;Age Group;Ages 18-64 years;2/2023;Count;1,030
"-Syndrome data are inherently non-specific and not based on diagnostic testing. While the New York City syndromic surveillance system captures 100% of all emergency department(ED) visits in the city (as of 5/1/16, 99% prior to that), the data are not comprehensive as only aproportion of residents seek care in emergency departments. Therefore the data are not exact measures of morbidity.
-Data for the most recent two weeks are not final and are subject to change.";Asthma;Borough;Brooklyn;Age Group;Ages 18-64 years;3/2023;Count;1,004
"-Syndrome data are inherently non-specific and not based on diagnostic testing. While the New York City syndromic surveillance system captures 100% of all emergency department(ED) visits in the city (as of 5/1/16, 99% prior to that), the data are not comprehensive as only aproportion of residents seek care in emergency departments. Therefore the data are not exact measures of morbidity.
-Data for the most recent two weeks are not final and are subject to change.";Asthma;Borough;Brooklyn;Age Group;Ages 18-64 years;4/2023;Count;1,270
"-Syndrome data are inherently non-specific and not based on diagnostic testing. While the New York City syndromic surveillance system captures 100% of all emergency department(ED) visits in the city (as of 5/1/16, 99% prior to that), the data are not comprehensive as only aproportion of residents seek care in emergency departments. Therefore the data are not exact measures of morbidity.
-Data for the most recent two weeks are not final and are subject to change.";Asthma;Borough;Brooklyn;Age Group;Ages 18-64 years;5/2023;Count;1,264
"-Syndrome data are inherently non-specific and not based on diagnostic testing. While the New York City syndromic surveillance system captures 100% of all emergency department(ED) visits in the city (as of 5/1/16, 99% prior to that), the data are not comprehensive as only aproportion of residents seek care in emergency departments. Therefore the data are not exact measures of morbidity.
-Data for the most recent two weeks are not final and are subject to change.";Asthma;Borough;Brooklyn;Age Group;Ages 18-64 years;6/2023;Count;1,232
"-Syndrome data are inherently non-specific and not based on diagnostic testing. While the New York City syndromic surveillance system captures 100% of all emergency department(ED) visits in the city (as of 5/1/16, 99% prior to that), the data are not comprehensive as only aproportion of residents seek care in emergency departments. Therefore the data are not exact measures of morbidity.
-Data for the most recent two weeks are not final and are subject to change.";Asthma;Borough;Brooklyn;Age Group;Ages 18-64 years;7/2023;Count;1,046
"-Syndrome data are inherently non-specific and not based on diagnostic testing. While the New York City syndromic surveillance system captures 100% of all emergency department(ED) visits in the city (as of 5/1/16, 99% prior to that), the data are not comprehensive as only aproportion of residents seek care in emergency departments. Therefore the data are not exact measures of morbidity.
-Data for the most recent two weeks are not final and are subject to change.";Asthma;Borough;Brooklyn;Age Group;Ages 18-64 years;8/2023;Count;1,043
"-Syndrome data are inherently non-specific and not based on diagnostic testing. While the New York City syndromic surveillance system captures 100% of all emergency department(ED) visits in the city (as of 5/1/16, 99% prior to that), the data are not comprehensive as only aproportion of residents seek care in emergency departments. Therefore the data are not exact measures of morbidity.
-Data for the most recent two weeks are not final and are subject to change.";Asthma;Borough;Brooklyn;Age Group;Ages 18-64 years;9/2023;Count;1,133
"-Syndrome data are inherently non-specific and not based on diagnostic testing. While the New York City syndromic surveillance system captures 100% of all emergency department(ED) visits in the city (as of 5/1/16, 99% prior to that), the data are not comprehensive as only aproportion of residents seek care in emergency departments. Therefore the data are not exact measures of morbidity.
-Data for the most recent two weeks are not final and are subject to change.";Asthma;Borough;Brooklyn;Age Group;Ages 18-64 years;10/2023;Count;1,297
"-Syndrome data are inherently non-specific and not based on diagnostic testing. While the New York City syndromic surveillance system captures 100% of all emergency department(ED) visits in the city (as of 5/1/16, 99% prior to that), the data are not comprehensive as only aproportion of residents seek care in emergency departments. Therefore the data are not exact measures of morbidity.
-Data for the most recent two weeks are not final and are subject to change.";Asthma;Borough;Brooklyn;Age Group;Ages 18-64 years;11/2023;Count;1,215
"-Syndrome data are inherently non-specific and not based on diagnostic testing. While the New York City syndromic surveillance system captures 100% of all emergency department(ED) visits in the city (as of 5/1/16, 99% prior to that), the data are not comprehensive as only aproportion of residents seek care in emergency departments. Therefore the data are not exact measures of morbidity.
-Data for the most recent two weeks are not final and are subject to change.";Asthma;Borough;Brooklyn;Age Group;Ages 18-64 years;12/2023;Count;1,193
"-Syndrome data are inherently non-specific and not based on diagnostic testing. While the New York City syndromic surveillance system captures 100% of all emergency department(ED) visits in the city (as of 5/1/16, 99% prior to that), the data are not comprehensive as only aproportion of residents seek care in emergency departments. Therefore the data are not exact measures of morbidity.
-Data for the most recent two weeks are not final and are subject to change.";Asthma;Borough;Brooklyn;Age Group;Ages 18-64 years;1/2024;Count;1,179
"-Syndrome data are inherently non-specific and not based on diagnostic testing. While the New York City syndromic surveillance system captures 100% of all emergency department(ED) visits in the city (as of 5/1/16, 99% prior to that), the data are not comprehensive as only aproportion of residents seek care in emergency departments. Therefore the data are not exact measures of morbidity.
-Data for the most recent two weeks are not final and are subject to change.";Asthma;Borough;Brooklyn;Age Group;Ages 18-64 years;2/2024;Count;955
"-Syndrome data are inherently non-specific and not based on diagnostic testing. While the New York City syndromic surveillance system captures 100% of all emergency department(ED) visits in the city (as of 5/1/16, 99% prior to that), the data are not comprehensive as only aproportion of residents seek care in emergency departments. Therefore the data are not exact measures of morbidity.
-Data for the most recent two weeks are not final and are subject to change.";Asthma;Borough;Brooklyn;Age Group;Ages 18-64 years;3/2024;Count;949
"-Syndrome data are inherently non-specific and not based on diagnostic testing. While the New York City syndromic surveillance system captures 100% of all emergency department(ED) visits in the city (as of 5/1/16, 99% prior to that), the data are not comprehensive as only aproportion of residents seek care in emergency departments. Therefore the data are not exact measures of morbidity.
-Data for the most recent two weeks are not final and are subject to change.";Asthma;Borough;Brooklyn;Age Group;Ages 18-64 years;4/2024;Count;1,050
"-Syndrome data are inherently non-specific and not based on diagnostic testing. While the New York City syndromic surveillance system captures 100% of all emergency department(ED) visits in the city (as of 5/1/16, 99% prior to that), the data are not comprehensive as only aproportion of residents seek care in emergency departments. Therefore the data are not exact measures of morbidity.
-Data for the most recent two weeks are not final and are subject to change.";Asthma;Borough;Brooklyn;Age Group;Ages 18-64 years;5/2024;Count;1,194
"-Syndrome data are inherently non-specific and not based on diagnostic testing. While the New York City syndromic surveillance system captures 100% of all emergency department(ED) visits in the city (as of 5/1/16, 99% prior to that), the data are not comprehensive as only aproportion of residents seek care in emergency departments. Therefore the data are not exact measures of morbidity.
-Data for the most recent two weeks are not final and are subject to change.";Asthma;Borough;Brooklyn;Age Group;Ages 18-64 years;6/2024;Count;981
"-Syndrome data are inherently non-specific and not based on diagnostic testing. While the New York City syndromic surveillance system captures 100% of all emergency department(ED) visits in the city (as of 5/1/16, 99% prior to that), the data are not comprehensive as only aproportion of residents seek care in emergency departments. Therefore the data are not exact measures of morbidity.
-Data for the most recent two weeks are not final and are subject to change.";Asthma;Borough;Brooklyn;Age Group;Ages 18-64 years;7/2024;Count;978
"-Syndrome data are inherently non-specific and not based on diagnostic testing. While the New York City syndromic surveillance system captures 100% of all emergency department(ED) visits in the city (as of 5/1/16, 99% prior to that), the data are not comprehensive as only aproportion of residents seek care in emergency departments. Therefore the data are not exact measures of morbidity.
-Data for the most recent two weeks are not final and are subject to change.";Asthma;Borough;Brooklyn;Age Group;Ages 18-64 years;8/2024;Count;1,043
"-Syndrome data are inherently non-specific and not based on diagnostic testing. While the New York City syndromic surveillance system captures 100% of all emergency department(ED) visits in the city (as of 5/1/16, 99% prior to that), the data are not comprehensive as only aproportion of residents seek care in emergency departments. Therefore the data are not exact measures of morbidity.
-Data for the most recent two weeks are not final and are subject to change.";Asthma;Borough;Brooklyn;Age Group;Ages 18-64 years;9/2024;Count;1,138
"-Syndrome data are inherently non-specific and not based on diagnostic testing. While the New York City syndromic surveillance system captures 100% of all emergency department(ED) visits in the city (as of 5/1/16, 99% prior to that), the data are not comprehensive as only aproportion of residents seek care in emergency departments. Therefore the data are not exact measures of morbidity.
-Data for the most recent two weeks are not final and are subject to change.";Asthma;Borough;Brooklyn;Age Group;Ages 18-64 years;10/2024;Count;1,252
"-Syndrome data are inherently non-specific and not based on diagnostic testing. While the New York City syndromic surveillance system captures 100% of all emergency department(ED) visits in the city (as of 5/1/16, 99% prior to that), the data are not comprehensive as only aproportion of residents seek care in emergency departments. Therefore the data are not exact measures of morbidity.
-Data for the most recent two weeks are not final and are subject to change.";Asthma;Borough;Brooklyn;Age Group;Ages 18-64 years;11/2024;Count;1,090
"-Syndrome data are inherently non-specific and not based on diagnostic testing. While the New York City syndromic surveillance system captures 100% of all emergency department(ED) visits in the city (as of 5/1/16, 99% prior to that), the data are not comprehensive as only aproportion of residents seek care in emergency departments. Therefore the data are not exact measures of morbidity.
-Data for the most recent two weeks are not final and are subject to change.";Asthma;Borough;Brooklyn;Age Group;Ages 18-64 years;12/2024;Count;1,170
"-Syndrome data are inherently non-specific and not based on diagnostic testing. While the New York City syndromic surveillance system captures 100% of all emergency department(ED) visits in the city (as of 5/1/16, 99% prior to that), the data are not comprehensive as only aproportion of residents seek care in emergency departments. Therefore the data are not exact measures of morbidity.
-Data for the most recent two weeks are not final and are subject to change.";Asthma;Borough;Brooklyn;Age Group;Ages 18-64 years;1/2025;Count;1,026
"-Syndrome data are inherently non-specific and not based on diagnostic testing. While the New York City syndromic surveillance system captures 100% of all emergency department(ED) visits in the city (as of 5/1/16, 99% prior to that), the data are not comprehensive as only aproportion of residents seek care in emergency departments. Therefore the data are not exact measures of morbidity.
-Data for the most recent two weeks are not final and are subject to change.";Asthma;Borough;Brooklyn;Age Group;Ages 18-64 years;2/2025;Count;795
"-Syndrome data are inherently non-specific and not based on diagnostic testing. While the New York City syndromic surveillance system captures 100% of all emergency department(ED) visits in the city (as of 5/1/16, 99% prior to that), the data are not comprehensive as only aproportion of residents seek care in emergency departments. Therefore the data are not exact measures of morbidity.
-Data for the most recent two weeks are not final and are subject to change.";Asthma;Borough;Brooklyn;Age Group;Ages 18-64 years;3/2025;Count;950
"-Syndrome data are inherently non-specific and not based on diagnostic testing. While the New York City syndromic surveillance system captures 100% of all emergency department(ED) visits in the city (as of 5/1/16, 99% prior to that), the data are not comprehensive as only aproportion of residents seek care in emergency departments. Therefore the data are not exact measures of morbidity.
-Data for the most recent two weeks are not final and are subject to change.";Asthma;Borough;Brooklyn;Age Group;Ages 18-64 years;4/2025;Count;1,194
"-Syndrome data are inherently non-specific and not based on diagnostic testing. While the New York City syndromic surveillance system captures 100% of all emergency department(ED) visits in the city (as of 5/1/16, 99% prior to that), the data are not comprehensive as only aproportion of residents seek care in emergency departments. Therefore the data are not exact measures of morbidity.
-Data for the most recent two weeks are not final and are subject to change.";Asthma;Borough;Brooklyn;Age Group;Ages 18-64 years;5/2025;Count;1,249
"-Syndrome data are inherently non-specific and not based on diagnostic testing. While the New York City syndromic surveillance system captures 100% of all emergency department(ED) visits in the city (as of 5/1/16, 99% prior to that), the data are not comprehensive as only aproportion of residents seek care in emergency departments. Therefore the data are not exact measures of morbidity.
-Data for the most recent two weeks are not final and are subject to change.";Asthma;Borough;Brooklyn;Age Group;Ages 18-64 years;6/2025;Count;980
"-Syndrome data are inherently non-specific and not based on diagnostic testing. While the New York City syndromic surveillance system captures 100% of all emergency department(ED) visits in the city (as of 5/1/16, 99% prior to that), the data are not comprehensive as only aproportion of residents seek care in emergency departments. Therefore the data are not exact measures of morbidity.
-Data for the most recent two weeks are not final and are subject to change.";Asthma;Borough;Brooklyn;Age Group;Ages 18-64 years;7/2025;Count;1,002
"-Syndrome data are inherently non-specific and not based on diagnostic testing. While the New York City syndromic surveillance system captures 100% of all emergency department(ED) visits in the city (as of 5/1/16, 99% prior to that), the data are not comprehensive as only aproportion of residents seek care in emergency departments. Therefore the data are not exact measures of morbidity.
-Data for the most recent two weeks are not final and are subject to change.";Asthma;Borough;Brooklyn;Age Group;Ages 18-64 years;8/2025;Count;1,034
"-Syndrome data are inherently non-specific and not based on diagnostic testing. While the New York City syndromic surveillance system captures 100% of all emergency department(ED) visits in the city (as of 5/1/16, 99% prior to that), the data are not comprehensive as only aproportion of residents seek care in emergency departments. Therefore the data are not exact measures of morbidity.
-Data for the most recent two weeks are not final and are subject to change.";Asthma;Borough;Brooklyn;Age Group;Ages 18-64 years;9/2025;Count;1,094
"-Syndrome data are inherently non-specific and not based on diagnostic testing. While the New York City syndromic surveillance system captures 100% of all emergency department(ED) visits in the city (as of 5/1/16, 99% prior to that), the data are not comprehensive as only aproportion of residents seek care in emergency departments. Therefore the data are not exact measures of morbidity.
-Data for the most recent two weeks are not final and are subject to change.";Asthma;Borough;Brooklyn;Age Group;Ages 18-64 years;10/2025;Count;1,124
"-Syndrome data are inherently non-specific and not based on diagnostic testing. While the New York City syndromic surveillance system captures 100% of all emergency department(ED) visits in the city (as of 5/1/16, 99% prior to that), the data are not comprehensive as only aproportion of residents seek care in emergency departments. Therefore the data are not exact measures of morbidity.
-Data for the most recent two weeks are not final and are subject to change.";Asthma;Borough;Brooklyn;Age Group;Ages 18-64 years;11/2025;Count;36
"-Syndrome data are inherently non-specific and not based on diagnostic testing. While the New York City syndromic surveillance system captures 100% of all emergency department(ED) visits in the city (as of 5/1/16, 99% prior to that), the data are not comprehensive as only aproportion of residents seek care in emergency departments. Therefore the data are not exact measures of morbidity.
-Data for the most recent two weeks are not final and are subject to change.";Asthma;Borough;Brooklyn;Age Group;Ages 65+ years;3/2022;Count;168
"-Syndrome data are inherently non-specific and not based on diagnostic testing. While the New York City syndromic surveillance system captures 100% of all emergency department(ED) visits in the city (as of 5/1/16, 99% prior to that), the data are not comprehensive as only aproportion of residents seek care in emergency departments. Therefore the data are not exact measures of morbidity.
-Data for the most recent two weeks are not final and are subject to change.";Asthma;Borough;Brooklyn;Age Group;Ages 65+ years;4/2022;Count;180
"-Syndrome data are inherently non-specific and not based on diagnostic testing. While the New York City syndromic surveillance system captures 100% of all emergency department(ED) visits in the city (as of 5/1/16, 99% prior to that), the data are not comprehensive as only aproportion of residents seek care in emergency departments. Therefore the data are not exact measures of morbidity.
-Data for the most recent two weeks are not final and are subject to change.";Asthma;Borough;Brooklyn;Age Group;Ages 65+ years;5/2022;Count;244
"-Syndrome data are inherently non-specific and not based on diagnostic testing. While the New York City syndromic surveillance system captures 100% of all emergency department(ED) visits in the city (as of 5/1/16, 99% prior to that), the data are not comprehensive as only aproportion of residents seek care in emergency departments. Therefore the data are not exact measures of morbidity.
-Data for the most recent two weeks are not final and are subject to change.";Asthma;Borough;Brooklyn;Age Group;Ages 65+ years;6/2022;Count;221
"-Syndrome data are inherently non-specific and not based on diagnostic testing. While the New York City syndromic surveillance system captures 100% of all emergency department(ED) visits in the city (as of 5/1/16, 99% prior to that), the data are not comprehensive as only aproportion of residents seek care in emergency departments. Therefore the data are not exact measures of morbidity.
-Data for the most recent two weeks are not final and are subject to change.";Asthma;Borough;Brooklyn;Age Group;Ages 65+ years;7/2022;Count;194
"-Syndrome data are inherently non-specific and not based on diagnostic testing. While the New York City syndromic surveillance system captures 100% of all emergency department(ED) visits in the city (as of 5/1/16, 99% prior to that), the data are not comprehensive as only aproportion of residents seek care in emergency departments. Therefore the data are not exact measures of morbidity.
-Data for the most recent two weeks are not final and are subject to change.";Asthma;Borough;Brooklyn;Age Group;Ages 65+ years;8/2022;Count;219
"-Syndrome data are inherently non-specific and not based on diagnostic testing. While the New York City syndromic surveillance system captures 100% of all emergency department(ED) visits in the city (as of 5/1/16, 99% prior to that), the data are not comprehensive as only aproportion of residents seek care in emergency departments. Therefore the data are not exact measures of morbidity.
-Data for the most recent two weeks are not final and are subject to change.";Asthma;Borough;Brooklyn;Age Group;Ages 65+ years;9/2022;Count;213
"-Syndrome data are inherently non-specific and not based on diagnostic testing. While the New York City syndromic surveillance system captures 100% of all emergency department(ED) visits in the city (as of 5/1/16, 99% prior to that), the data are not comprehensive as only aproportion of residents seek care in emergency departments. Therefore the data are not exact measures of morbidity.
-Data for the most recent two weeks are not final and are subject to change.";Asthma;Borough;Brooklyn;Age Group;Ages 65+ years;10/2022;Count;256
"-Syndrome data are inherently non-specific and not based on diagnostic testing. While the New York City syndromic surveillance system captures 100% of all emergency department(ED) visits in the city (as of 5/1/16, 99% prior to that), the data are not comprehensive as only aproportion of residents seek care in emergency departments. Therefore the data are not exact measures of morbidity.
-Data for the most recent two weeks are not final and are subject to change.";Asthma;Borough;Brooklyn;Age Group;Ages 65+ years;11/2022;Count;220
"-Syndrome data are inherently non-specific and not based on diagnostic testing. While the New York City syndromic surveillance system captures 100% of all emergency department(ED) visits in the city (as of 5/1/16, 99% prior to that), the data are not comprehensive as only aproportion of residents seek care in emergency departments. Therefore the data are not exact measures of morbidity.
-Data for the most recent two weeks are not final and are subject to change.";Asthma;Borough;Brooklyn;Age Group;Ages 65+ years;12/2022;Count;233
"-Syndrome data are inherently non-specific and not based on diagnostic testing. While the New York City syndromic surveillance system captures 100% of all emergency department(ED) visits in the city (as of 5/1/16, 99% prior to that), the data are not comprehensive as only aproportion of residents seek care in emergency departments. Therefore the data are not exact measures of morbidity.
-Data for the most recent two weeks are not final and are subject to change.";Asthma;Borough;Brooklyn;Age Group;Ages 65+ years;1/2023;Count;193
"-Syndrome data are inherently non-specific and not based on diagnostic testing. While the New York City syndromic surveillance system captures 100% of all emergency department(ED) visits in the city (as of 5/1/16, 99% prior to that), the data are not comprehensive as only aproportion of residents seek care in emergency departments. Therefore the data are not exact measures of morbidity.
-Data for the most recent two weeks are not final and are subject to change.";Asthma;Borough;Brooklyn;Age Group;Ages 65+ years;2/2023;Count;187
"-Syndrome data are inherently non-specific and not based on diagnostic testing. While the New York City syndromic surveillance system captures 100% of all emergency department(ED) visits in the city (as of 5/1/16, 99% prior to that), the data are not comprehensive as only aproportion of residents seek care in emergency departments. Therefore the data are not exact measures of morbidity.
-Data for the most recent two weeks are not final and are subject to change.";Asthma;Borough;Brooklyn;Age Group;Ages 65+ years;3/2023;Count;221
"-Syndrome data are inherently non-specific and not based on diagnostic testing. While the New York City syndromic surveillance system captures 100% of all emergency department(ED) visits in the city (as of 5/1/16, 99% prior to that), the data are not comprehensive as only aproportion of residents seek care in emergency departments. Therefore the data are not exact measures of morbidity.
-Data for the most recent two weeks are not final and are subject to change.";Asthma;Borough;Brooklyn;Age Group;Ages 65+ years;4/2023;Count;217
"-Syndrome data are inherently non-specific and not based on diagnostic testing. While the New York City syndromic surveillance system captures 100% of all emergency department(ED) visits in the city (as of 5/1/16, 99% prior to that), the data are not comprehensive as only aproportion of residents seek care in emergency departments. Therefore the data are not exact measures of morbidity.
-Data for the most recent two weeks are not final and are subject to change.";Asthma;Borough;Brooklyn;Age Group;Ages 65+ years;5/2023;Count;230
"-Syndrome data are inherently non-specific and not based on diagnostic testing. While the New York City syndromic surveillance system captures 100% of all emergency department(ED) visits in the city (as of 5/1/16, 99% prior to that), the data are not comprehensive as only aproportion of residents seek care in emergency departments. Therefore the data are not exact measures of morbidity.
-Data for the most recent two weeks are not final and are subject to change.";Asthma;Borough;Brooklyn;Age Group;Ages 65+ years;6/2023;Count;242
"-Syndrome data are inherently non-specific and not based on diagnostic testing. While the New York City syndromic surveillance system captures 100% of all emergency department(ED) visits in the city (as of 5/1/16, 99% prior to that), the data are not comprehensive as only aproportion of residents seek care in emergency departments. Therefore the data are not exact measures of morbidity.
-Data for the most recent two weeks are not final and are subject to change.";Asthma;Borough;Brooklyn;Age Group;Ages 65+ years;7/2023;Count;217
"-Syndrome data are inherently non-specific and not based on diagnostic testing. While the New York City syndromic surveillance system captures 100% of all emergency department(ED) visits in the city (as of 5/1/16, 99% prior to that), the data are not comprehensive as only aproportion of residents seek care in emergency departments. Therefore the data are not exact measures of morbidity.
-Data for the most recent two weeks are not final and are subject to change.";Asthma;Borough;Brooklyn;Age Group;Ages 65+ years;8/2023;Count;188
"-Syndrome data are inherently non-specific and not based on diagnostic testing. While the New York City syndromic surveillance system captures 100% of all emergency department(ED) visits in the city (as of 5/1/16, 99% prior to that), the data are not comprehensive as only aproportion of residents seek care in emergency departments. Therefore the data are not exact measures of morbidity.
-Data for the most recent two weeks are not final and are subject to change.";Asthma;Borough;Brooklyn;Age Group;Ages 65+ years;9/2023;Count;222
"-Syndrome data are inherently non-specific and not based on diagnostic testing. While the New York City syndromic surveillance system captures 100% of all emergency department(ED) visits in the city (as of 5/1/16, 99% prior to that), the data are not comprehensive as only aproportion of residents seek care in emergency departments. Therefore the data are not exact measures of morbidity.
-Data for the most recent two weeks are not final and are subject to change.";Asthma;Borough;Brooklyn;Age Group;Ages 65+ years;10/2023;Count;277
"-Syndrome data are inherently non-specific and not based on diagnostic testing. While the New York City syndromic surveillance system captures 100% of all emergency department(ED) visits in the city (as of 5/1/16, 99% prior to that), the data are not comprehensive as only aproportion of residents seek care in emergency departments. Therefore the data are not exact measures of morbidity.
-Data for the most recent two weeks are not final and are subject to change.";Asthma;Borough;Brooklyn;Age Group;Ages 65+ years;11/2023;Count;274
"-Syndrome data are inherently non-specific and not based on diagnostic testing. While the New York City syndromic surveillance system captures 100% of all emergency department(ED) visits in the city (as of 5/1/16, 99% prior to that), the data are not comprehensive as only aproportion of residents seek care in emergency departments. Therefore the data are not exact measures of morbidity.
-Data for the most recent two weeks are not final and are subject to change.";Asthma;Borough;Brooklyn;Age Group;Ages 65+ years;12/2023;Count;282
"-Syndrome data are inherently non-specific and not based on diagnostic testing. While the New York City syndromic surveillance system captures 100% of all emergency department(ED) visits in the city (as of 5/1/16, 99% prior to that), the data are not comprehensive as only aproportion of residents seek care in emergency departments. Therefore the data are not exact measures of morbidity.
-Data for the most recent two weeks are not final and are subject to change.";Asthma;Borough;Brooklyn;Age Group;Ages 65+ years;1/2024;Count;248
"-Syndrome data are inherently non-specific and not based on diagnostic testing. While the New York City syndromic surveillance system captures 100% of all emergency department(ED) visits in the city (as of 5/1/16, 99% prior to that), the data are not comprehensive as only aproportion of residents seek care in emergency departments. Therefore the data are not exact measures of morbidity.
-Data for the most recent two weeks are not final and are subject to change.";Asthma;Borough;Brooklyn;Age Group;Ages 65+ years;2/2024;Count;214
"-Syndrome data are inherently non-specific and not based on diagnostic testing. While the New York City syndromic surveillance system captures 100% of all emergency department(ED) visits in the city (as of 5/1/16, 99% prior to that), the data are not comprehensive as only aproportion of residents seek care in emergency departments. Therefore the data are not exact measures of morbidity.
-Data for the most recent two weeks are not final and are subject to change.";Asthma;Borough;Brooklyn;Age Group;Ages 65+ years;3/2024;Count;219
"-Syndrome data are inherently non-specific and not based on diagnostic testing. While the New York City syndromic surveillance system captures 100% of all emergency department(ED) visits in the city (as of 5/1/16, 99% prior to that), the data are not comprehensive as only aproportion of residents seek care in emergency departments. Therefore the data are not exact measures of morbidity.
-Data for the most recent two weeks are not final and are subject to change.";Asthma;Borough;Brooklyn;Age Group;Ages 65+ years;4/2024;Count;233
"-Syndrome data are inherently non-specific and not based on diagnostic testing. While the New York City syndromic surveillance system captures 100% of all emergency department(ED) visits in the city (as of 5/1/16, 99% prior to that), the data are not comprehensive as only aproportion of residents seek care in emergency departments. Therefore the data are not exact measures of morbidity.
-Data for the most recent two weeks are not final and are subject to change.";Asthma;Borough;Brooklyn;Age Group;Ages 65+ years;5/2024;Count;285
"-Syndrome data are inherently non-specific and not based on diagnostic testing. While the New York City syndromic surveillance system captures 100% of all emergency department(ED) visits in the city (as of 5/1/16, 99% prior to that), the data are not comprehensive as only aproportion of residents seek care in emergency departments. Therefore the data are not exact measures of morbidity.
-Data for the most recent two weeks are not final and are subject to change.";Asthma;Borough;Brooklyn;Age Group;Ages 65+ years;6/2024;Count;202
"-Syndrome data are inherently non-specific and not based on diagnostic testing. While the New York City syndromic surveillance system captures 100% of all emergency department(ED) visits in the city (as of 5/1/16, 99% prior to that), the data are not comprehensive as only aproportion of residents seek care in emergency departments. Therefore the data are not exact measures of morbidity.
-Data for the most recent two weeks are not final and are subject to change.";Asthma;Borough;Brooklyn;Age Group;Ages 65+ years;7/2024;Count;184
"-Syndrome data are inherently non-specific and not based on diagnostic testing. While the New York City syndromic surveillance system captures 100% of all emergency department(ED) visits in the city (as of 5/1/16, 99% prior to that), the data are not comprehensive as only aproportion of residents seek care in emergency departments. Therefore the data are not exact measures of morbidity.
-Data for the most recent two weeks are not final and are subject to change.";Asthma;Borough;Brooklyn;Age Group;Ages 65+ years;8/2024;Count;180
"-Syndrome data are inherently non-specific and not based on diagnostic testing. While the New York City syndromic surveillance system captures 100% of all emergency department(ED) visits in the city (as of 5/1/16, 99% prior to that), the data are not comprehensive as only aproportion of residents seek care in emergency departments. Therefore the data are not exact measures of morbidity.
-Data for the most recent two weeks are not final and are subject to change.";Asthma;Borough;Brooklyn;Age Group;Ages 65+ years;9/2024;Count;196
"-Syndrome data are inherently non-specific and not based on diagnostic testing. While the New York City syndromic surveillance system captures 100% of all emergency department(ED) visits in the city (as of 5/1/16, 99% prior to that), the data are not comprehensive as only aproportion of residents seek care in emergency departments. Therefore the data are not exact measures of morbidity.
-Data for the most recent two weeks are not final and are subject to change.";Asthma;Borough;Brooklyn;Age Group;Ages 65+ years;10/2024;Count;225
"-Syndrome data are inherently non-specific and not based on diagnostic testing. While the New York City syndromic surveillance system captures 100% of all emergency department(ED) visits in the city (as of 5/1/16, 99% prior to that), the data are not comprehensive as only aproportion of residents seek care in emergency departments. Therefore the data are not exact measures of morbidity.
-Data for the most recent two weeks are not final and are subject to change.";Asthma;Borough;Brooklyn;Age Group;Ages 65+ years;11/2024;Count;209
"-Syndrome data are inherently non-specific and not based on diagnostic testing. While the New York City syndromic surveillance system captures 100% of all emergency department(ED) visits in the city (as of 5/1/16, 99% prior to that), the data are not comprehensive as only aproportion of residents seek care in emergency departments. Therefore the data are not exact measures of morbidity.
-Data for the most recent two weeks are not final and are subject to change.";Asthma;Borough;Brooklyn;Age Group;Ages 65+ years;12/2024;Count;245
"-Syndrome data are inherently non-specific and not based on diagnostic testing. While the New York City syndromic surveillance system captures 100% of all emergency department(ED) visits in the city (as of 5/1/16, 99% prior to that), the data are not comprehensive as only aproportion of residents seek care in emergency departments. Therefore the data are not exact measures of morbidity.
-Data for the most recent two weeks are not final and are subject to change.";Asthma;Borough;Brooklyn;Age Group;Ages 65+ years;1/2025;Count;227
"-Syndrome data are inherently non-specific and not based on diagnostic testing. While the New York City syndromic surveillance system captures 100% of all emergency department(ED) visits in the city (as of 5/1/16, 99% prior to that), the data are not comprehensive as only aproportion of residents seek care in emergency departments. Therefore the data are not exact measures of morbidity.
-Data for the most recent two weeks are not final and are subject to change.";Asthma;Borough;Brooklyn;Age Group;Ages 65+ years;2/2025;Count;236
"-Syndrome data are inherently non-specific and not based on diagnostic testing. While the New York City syndromic surveillance system captures 100% of all emergency department(ED) visits in the city (as of 5/1/16, 99% prior to that), the data are not comprehensive as only aproportion of residents seek care in emergency departments. Therefore the data are not exact measures of morbidity.
-Data for the most recent two weeks are not final and are subject to change.";Asthma;Borough;Brooklyn;Age Group;Ages 65+ years;3/2025;Count;220
"-Syndrome data are inherently non-specific and not based on diagnostic testing. While the New York City syndromic surveillance system captures 100% of all emergency department(ED) visits in the city (as of 5/1/16, 99% prior to that), the data are not comprehensive as only aproportion of residents seek care in emergency departments. Therefore the data are not exact measures of morbidity.
-Data for the most recent two weeks are not final and are subject to change.";Asthma;Borough;Brooklyn;Age Group;Ages 65+ years;4/2025;Count;201
"-Syndrome data are inherently non-specific and not based on diagnostic testing. While the New York City syndromic surveillance system captures 100% of all emergency department(ED) visits in the city (as of 5/1/16, 99% prior to that), the data are not comprehensive as only aproportion of residents seek care in emergency departments. Therefore the data are not exact measures of morbidity.
-Data for the most recent two weeks are not final and are subject to change.";Asthma;Borough;Brooklyn;Age Group;Ages 65+ years;5/2025;Count;252
"-Syndrome data are inherently non-specific and not based on diagnostic testing. While the New York City syndromic surveillance system captures 100% of all emergency department(ED) visits in the city (as of 5/1/16, 99% prior to that), the data are not comprehensive as only aproportion of residents seek care in emergency departments. Therefore the data are not exact measures of morbidity.
-Data for the most recent two weeks are not final and are subject to change.";Asthma;Borough;Brooklyn;Age Group;Ages 65+ years;6/2025;Count;198
"-Syndrome data are inherently non-specific and not based on diagnostic testing. While the New York City syndromic surveillance system captures 100% of all emergency department(ED) visits in the city (as of 5/1/16, 99% prior to that), the data are not comprehensive as only aproportion of residents seek care in emergency departments. Therefore the data are not exact measures of morbidity.
-Data for the most recent two weeks are not final and are subject to change.";Asthma;Borough;Brooklyn;Age Group;Ages 65+ years;7/2025;Count;199
"-Syndrome data are inherently non-specific and not based on diagnostic testing. While the New York City syndromic surveillance system captures 100% of all emergency department(ED) visits in the city (as of 5/1/16, 99% prior to that), the data are not comprehensive as only aproportion of residents seek care in emergency departments. Therefore the data are not exact measures of morbidity.
-Data for the most recent two weeks are not final and are subject to change.";Asthma;Borough;Brooklyn;Age Group;Ages 65+ years;8/2025;Count;209
"-Syndrome data are inherently non-specific and not based on diagnostic testing. While the New York City syndromic surveillance system captures 100% of all emergency department(ED) visits in the city (as of 5/1/16, 99% prior to that), the data are not comprehensive as only aproportion of residents seek care in emergency departments. Therefore the data are not exact measures of morbidity.
-Data for the most recent two weeks are not final and are subject to change.";Asthma;Borough;Brooklyn;Age Group;Ages 65+ years;9/2025;Count;227
"-Syndrome data are inherently non-specific and not based on diagnostic testing. While the New York City syndromic surveillance system captures 100% of all emergency department(ED) visits in the city (as of 5/1/16, 99% prior to that), the data are not comprehensive as only aproportion of residents seek care in emergency departments. Therefore the data are not exact measures of morbidity.
-Data for the most recent two weeks are not final and are subject to change.";Asthma;Borough;Brooklyn;Age Group;Ages 65+ years;10/2025;Count;208
"-Syndrome data are inherently non-specific and not based on diagnostic testing. While the New York City syndromic surveillance system captures 100% of all emergency department(ED) visits in the city (as of 5/1/16, 99% prior to that), the data are not comprehensive as only aproportion of residents seek care in emergency departments. Therefore the data are not exact measures of morbidity.
-Data for the most recent two weeks are not final and are subject to change.";Asthma;Borough;Brooklyn;Age Group;Ages 65+ years;11/2025;Count;6
"-Syndrome data are inherently non-specific and not based on diagnostic testing. While the New York City syndromic surveillance system captures 100% of all emergency department(ED) visits in the city (as of 5/1/16, 99% prior to that), the data are not comprehensive as only aproportion of residents seek care in emergency departments. Therefore the data are not exact measures of morbidity.
-Data for the most recent two weeks are not final and are subject to change.";Asthma;Borough;Manhattan;Age Group;All age groups;3/2022;Count;982
"-Syndrome data are inherently non-specific and not based on diagnostic testing. While the New York City syndromic surveillance system captures 100% of all emergency department(ED) visits in the city (as of 5/1/16, 99% prior to that), the data are not comprehensive as only aproportion of residents seek care in emergency departments. Therefore the data are not exact measures of morbidity.
-Data for the most recent two weeks are not final and are subject to change.";Asthma;Borough;Manhattan;Age Group;All age groups;4/2022;Count;888
"-Syndrome data are inherently non-specific and not based on diagnostic testing. While the New York City syndromic surveillance system captures 100% of all emergency department(ED) visits in the city (as of 5/1/16, 99% prior to that), the data are not comprehensive as only aproportion of residents seek care in emergency departments. Therefore the data are not exact measures of morbidity.
-Data for the most recent two weeks are not final and are subject to change.";Asthma;Borough;Manhattan;Age Group;All age groups;5/2022;Count;1,135
"-Syndrome data are inherently non-specific and not based on diagnostic testing. While the New York City syndromic surveillance system captures 100% of all emergency department(ED) visits in the city (as of 5/1/16, 99% prior to that), the data are not comprehensive as only aproportion of residents seek care in emergency departments. Therefore the data are not exact measures of morbidity.
-Data for the most recent two weeks are not final and are subject to change.";Asthma;Borough;Manhattan;Age Group;All age groups;6/2022;Count;802
"-Syndrome data are inherently non-specific and not based on diagnostic testing. While the New York City syndromic surveillance system captures 100% of all emergency department(ED) visits in the city (as of 5/1/16, 99% prior to that), the data are not comprehensive as only aproportion of residents seek care in emergency departments. Therefore the data are not exact measures of morbidity.
-Data for the most recent two weeks are not final and are subject to change.";Asthma;Borough;Manhattan;Age Group;All age groups;7/2022;Count;681
"-Syndrome data are inherently non-specific and not based on diagnostic testing. While the New York City syndromic surveillance system captures 100% of all emergency department(ED) visits in the city (as of 5/1/16, 99% prior to that), the data are not comprehensive as only aproportion of residents seek care in emergency departments. Therefore the data are not exact measures of morbidity.
-Data for the most recent two weeks are not final and are subject to change.";Asthma;Borough;Manhattan;Age Group;All age groups;8/2022;Count;690
"-Syndrome data are inherently non-specific and not based on diagnostic testing. While the New York City syndromic surveillance system captures 100% of all emergency department(ED) visits in the city (as of 5/1/16, 99% prior to that), the data are not comprehensive as only aproportion of residents seek care in emergency departments. Therefore the data are not exact measures of morbidity.
-Data for the most recent two weeks are not final and are subject to change.";Asthma;Borough;Manhattan;Age Group;All age groups;9/2022;Count;969
"-Syndrome data are inherently non-specific and not based on diagnostic testing. While the New York City syndromic surveillance system captures 100% of all emergency department(ED) visits in the city (as of 5/1/16, 99% prior to that), the data are not comprehensive as only aproportion of residents seek care in emergency departments. Therefore the data are not exact measures of morbidity.
-Data for the most recent two weeks are not final and are subject to change.";Asthma;Borough;Manhattan;Age Group;All age groups;10/2022;Count;1,080
"-Syndrome data are inherently non-specific and not based on diagnostic testing. While the New York City syndromic surveillance system captures 100% of all emergency department(ED) visits in the city (as of 5/1/16, 99% prior to that), the data are not comprehensive as only aproportion of residents seek care in emergency departments. Therefore the data are not exact measures of morbidity.
-Data for the most recent two weeks are not final and are subject to change.";Asthma;Borough;Manhattan;Age Group;All age groups;11/2022;Count;978
"-Syndrome data are inherently non-specific and not based on diagnostic testing. While the New York City syndromic surveillance system captures 100% of all emergency department(ED) visits in the city (as of 5/1/16, 99% prior to that), the data are not comprehensive as only aproportion of residents seek care in emergency departments. Therefore the data are not exact measures of morbidity.
-Data for the most recent two weeks are not final and are subject to change.";Asthma;Borough;Manhattan;Age Group;All age groups;12/2022;Count;816
"-Syndrome data are inherently non-specific and not based on diagnostic testing. While the New York City syndromic surveillance system captures 100% of all emergency department(ED) visits in the city (as of 5/1/16, 99% prior to that), the data are not comprehensive as only aproportion of residents seek care in emergency departments. Therefore the data are not exact measures of morbidity.
-Data for the most recent two weeks are not final and are subject to change.";Asthma;Borough;Manhattan;Age Group;All age groups;1/2023;Count;924
"-Syndrome data are inherently non-specific and not based on diagnostic testing. While the New York City syndromic surveillance system captures 100% of all emergency department(ED) visits in the city (as of 5/1/16, 99% prior to that), the data are not comprehensive as only aproportion of residents seek care in emergency departments. Therefore the data are not exact measures of morbidity.
-Data for the most recent two weeks are not final and are subject to change.";Asthma;Borough;Manhattan;Age Group;All age groups;2/2023;Count;853
"-Syndrome data are inherently non-specific and not based on diagnostic testing. While the New York City syndromic surveillance system captures 100% of all emergency department(ED) visits in the city (as of 5/1/16, 99% prior to that), the data are not comprehensive as only aproportion of residents seek care in emergency departments. Therefore the data are not exact measures of morbidity.
-Data for the most recent two weeks are not final and are subject to change.";Asthma;Borough;Manhattan;Age Group;All age groups;3/2023;Count;927
"-Syndrome data are inherently non-specific and not based on diagnostic testing. While the New York City syndromic surveillance system captures 100% of all emergency department(ED) visits in the city (as of 5/1/16, 99% prior to that), the data are not comprehensive as only aproportion of residents seek care in emergency departments. Therefore the data are not exact measures of morbidity.
-Data for the most recent two weeks are not final and are subject to change.";Asthma;Borough;Manhattan;Age Group;All age groups;4/2023;Count;898
"-Syndrome data are inherently non-specific and not based on diagnostic testing. While the New York City syndromic surveillance system captures 100% of all emergency department(ED) visits in the city (as of 5/1/16, 99% prior to that), the data are not comprehensive as only aproportion of residents seek care in emergency departments. Therefore the data are not exact measures of morbidity.
-Data for the most recent two weeks are not final and are subject to change.";Asthma;Borough;Manhattan;Age Group;All age groups;5/2023;Count;1,004
"-Syndrome data are inherently non-specific and not based on diagnostic testing. While the New York City syndromic surveillance system captures 100% of all emergency department(ED) visits in the city (as of 5/1/16, 99% prior to that), the data are not comprehensive as only aproportion of residents seek care in emergency departments. Therefore the data are not exact measures of morbidity.
-Data for the most recent two weeks are not final and are subject to change.";Asthma;Borough;Manhattan;Age Group;All age groups;6/2023;Count;901
"-Syndrome data are inherently non-specific and not based on diagnostic testing. While the New York City syndromic surveillance system captures 100% of all emergency department(ED) visits in the city (as of 5/1/16, 99% prior to that), the data are not comprehensive as only aproportion of residents seek care in emergency departments. Therefore the data are not exact measures of morbidity.
-Data for the most recent two weeks are not final and are subject to change.";Asthma;Borough;Manhattan;Age Group;All age groups;7/2023;Count;750
"-Syndrome data are inherently non-specific and not based on diagnostic testing. While the New York City syndromic surveillance system captures 100% of all emergency department(ED) visits in the city (as of 5/1/16, 99% prior to that), the data are not comprehensive as only aproportion of residents seek care in emergency departments. Therefore the data are not exact measures of morbidity.
-Data for the most recent two weeks are not final and are subject to change.";Asthma;Borough;Manhattan;Age Group;All age groups;8/2023;Count;755
"-Syndrome data are inherently non-specific and not based on diagnostic testing. While the New York City syndromic surveillance system captures 100% of all emergency department(ED) visits in the city (as of 5/1/16, 99% prior to that), the data are not comprehensive as only aproportion of residents seek care in emergency departments. Therefore the data are not exact measures of morbidity.
-Data for the most recent two weeks are not final and are subject to change.";Asthma;Borough;Manhattan;Age Group;All age groups;9/2023;Count;820
"-Syndrome data are inherently non-specific and not based on diagnostic testing. While the New York City syndromic surveillance system captures 100% of all emergency department(ED) visits in the city (as of 5/1/16, 99% prior to that), the data are not comprehensive as only aproportion of residents seek care in emergency departments. Therefore the data are not exact measures of morbidity.
-Data for the most recent two weeks are not final and are subject to change.";Asthma;Borough;Manhattan;Age Group;All age groups;10/2023;Count;955
"-Syndrome data are inherently non-specific and not based on diagnostic testing. While the New York City syndromic surveillance system captures 100% of all emergency department(ED) visits in the city (as of 5/1/16, 99% prior to that), the data are not comprehensive as only aproportion of residents seek care in emergency departments. Therefore the data are not exact measures of morbidity.
-Data for the most recent two weeks are not final and are subject to change.";Asthma;Borough;Manhattan;Age Group;All age groups;11/2023;Count;873
"-Syndrome data are inherently non-specific and not based on diagnostic testing. While the New York City syndromic surveillance system captures 100% of all emergency department(ED) visits in the city (as of 5/1/16, 99% prior to that), the data are not comprehensive as only aproportion of residents seek care in emergency departments. Therefore the data are not exact measures of morbidity.
-Data for the most recent two weeks are not final and are subject to change.";Asthma;Borough;Manhattan;Age Group;All age groups;12/2023;Count;849
"-Syndrome data are inherently non-specific and not based on diagnostic testing. While the New York City syndromic surveillance system captures 100% of all emergency department(ED) visits in the city (as of 5/1/16, 99% prior to that), the data are not comprehensive as only aproportion of residents seek care in emergency departments. Therefore the data are not exact measures of morbidity.
-Data for the most recent two weeks are not final and are subject to change.";Asthma;Borough;Manhattan;Age Group;All age groups;1/2024;Count;795
"-Syndrome data are inherently non-specific and not based on diagnostic testing. While the New York City syndromic surveillance system captures 100% of all emergency department(ED) visits in the city (as of 5/1/16, 99% prior to that), the data are not comprehensive as only aproportion of residents seek care in emergency departments. Therefore the data are not exact measures of morbidity.
-Data for the most recent two weeks are not final and are subject to change.";Asthma;Borough;Manhattan;Age Group;All age groups;2/2024;Count;846
"-Syndrome data are inherently non-specific and not based on diagnostic testing. While the New York City syndromic surveillance system captures 100% of all emergency department(ED) visits in the city (as of 5/1/16, 99% prior to that), the data are not comprehensive as only aproportion of residents seek care in emergency departments. Therefore the data are not exact measures of morbidity.
-Data for the most recent two weeks are not final and are subject to change.";Asthma;Borough;Manhattan;Age Group;All age groups;3/2024;Count;863
"-Syndrome data are inherently non-specific and not based on diagnostic testing. While the New York City syndromic surveillance system captures 100% of all emergency department(ED) visits in the city (as of 5/1/16, 99% prior to that), the data are not comprehensive as only aproportion of residents seek care in emergency departments. Therefore the data are not exact measures of morbidity.
-Data for the most recent two weeks are not final and are subject to change.";Asthma;Borough;Manhattan;Age Group;All age groups;4/2024;Count;950
"-Syndrome data are inherently non-specific and not based on diagnostic testing. While the New York City syndromic surveillance system captures 100% of all emergency department(ED) visits in the city (as of 5/1/16, 99% prior to that), the data are not comprehensive as only aproportion of residents seek care in emergency departments. Therefore the data are not exact measures of morbidity.
-Data for the most recent two weeks are not final and are subject to change.";Asthma;Borough;Manhattan;Age Group;All age groups;5/2024;Count;1,005
"-Syndrome data are inherently non-specific and not based on diagnostic testing. While the New York City syndromic surveillance system captures 100% of all emergency department(ED) visits in the city (as of 5/1/16, 99% prior to that), the data are not comprehensive as only aproportion of residents seek care in emergency departments. Therefore the data are not exact measures of morbidity.
-Data for the most recent two weeks are not final and are subject to change.";Asthma;Borough;Manhattan;Age Group;All age groups;6/2024;Count;751
"-Syndrome data are inherently non-specific and not based on diagnostic testing. While the New York City syndromic surveillance system captures 100% of all emergency department(ED) visits in the city (as of 5/1/16, 99% prior to that), the data are not comprehensive as only aproportion of residents seek care in emergency departments. Therefore the data are not exact measures of morbidity.
-Data for the most recent two weeks are not final and are subject to change.";Asthma;Borough;Manhattan;Age Group;All age groups;7/2024;Count;776
"-Syndrome data are inherently non-specific and not based on diagnostic testing. While the New York City syndromic surveillance system captures 100% of all emergency department(ED) visits in the city (as of 5/1/16, 99% prior to that), the data are not comprehensive as only aproportion of residents seek care in emergency departments. Therefore the data are not exact measures of morbidity.
-Data for the most recent two weeks are not final and are subject to change.";Asthma;Borough;Manhattan;Age Group;All age groups;8/2024;Count;707
"-Syndrome data are inherently non-specific and not based on diagnostic testing. While the New York City syndromic surveillance system captures 100% of all emergency department(ED) visits in the city (as of 5/1/16, 99% prior to that), the data are not comprehensive as only aproportion of residents seek care in emergency departments. Therefore the data are not exact measures of morbidity.
-Data for the most recent two weeks are not final and are subject to change.";Asthma;Borough;Manhattan;Age Group;All age groups;9/2024;Count;918
"-Syndrome data are inherently non-specific and not based on diagnostic testing. While the New York City syndromic surveillance system captures 100% of all emergency department(ED) visits in the city (as of 5/1/16, 99% prior to that), the data are not comprehensive as only aproportion of residents seek care in emergency departments. Therefore the data are not exact measures of morbidity.
-Data for the most recent two weeks are not final and are subject to change.";Asthma;Borough;Manhattan;Age Group;All age groups;10/2024;Count;983
"-Syndrome data are inherently non-specific and not based on diagnostic testing. While the New York City syndromic surveillance system captures 100% of all emergency department(ED) visits in the city (as of 5/1/16, 99% prior to that), the data are not comprehensive as only aproportion of residents seek care in emergency departments. Therefore the data are not exact measures of morbidity.
-Data for the most recent two weeks are not final and are subject to change.";Asthma;Borough;Manhattan;Age Group;All age groups;11/2024;Count;861
"-Syndrome data are inherently non-specific and not based on diagnostic testing. While the New York City syndromic surveillance system captures 100% of all emergency department(ED) visits in the city (as of 5/1/16, 99% prior to that), the data are not comprehensive as only aproportion of residents seek care in emergency departments. Therefore the data are not exact measures of morbidity.
-Data for the most recent two weeks are not final and are subject to change.";Asthma;Borough;Manhattan;Age Group;All age groups;12/2024;Count;863
"-Syndrome data are inherently non-specific and not based on diagnostic testing. While the New York City syndromic surveillance system captures 100% of all emergency department(ED) visits in the city (as of 5/1/16, 99% prior to that), the data are not comprehensive as only aproportion of residents seek care in emergency departments. Therefore the data are not exact measures of morbidity.
-Data for the most recent two weeks are not final and are subject to change.";Asthma;Borough;Manhattan;Age Group;All age groups;1/2025;Count;831
"-Syndrome data are inherently non-specific and not based on diagnostic testing. While the New York City syndromic surveillance system captures 100% of all emergency department(ED) visits in the city (as of 5/1/16, 99% prior to that), the data are not comprehensive as only aproportion of residents seek care in emergency departments. Therefore the data are not exact measures of morbidity.
-Data for the most recent two weeks are not final and are subject to change.";Asthma;Borough;Manhattan;Age Group;All age groups;2/2025;Count;607
"-Syndrome data are inherently non-specific and not based on diagnostic testing. While the New York City syndromic surveillance system captures 100% of all emergency department(ED) visits in the city (as of 5/1/16, 99% prior to that), the data are not comprehensive as only aproportion of residents seek care in emergency departments. Therefore the data are not exact measures of morbidity.
-Data for the most recent two weeks are not final and are subject to change.";Asthma;Borough;Manhattan;Age Group;All age groups;3/2025;Count;809
"-Syndrome data are inherently non-specific and not based on diagnostic testing. While the New York City syndromic surveillance system captures 100% of all emergency department(ED) visits in the city (as of 5/1/16, 99% prior to that), the data are not comprehensive as only aproportion of residents seek care in emergency departments. Therefore the data are not exact measures of morbidity.
-Data for the most recent two weeks are not final and are subject to change.";Asthma;Borough;Manhattan;Age Group;All age groups;4/2025;Count;866
"-Syndrome data are inherently non-specific and not based on diagnostic testing. While the New York City syndromic surveillance system captures 100% of all emergency department(ED) visits in the city (as of 5/1/16, 99% prior to that), the data are not comprehensive as only aproportion of residents seek care in emergency departments. Therefore the data are not exact measures of morbidity.
-Data for the most recent two weeks are not final and are subject to change.";Asthma;Borough;Manhattan;Age Group;All age groups;5/2025;Count;942
"-Syndrome data are inherently non-specific and not based on diagnostic testing. While the New York City syndromic surveillance system captures 100% of all emergency department(ED) visits in the city (as of 5/1/16, 99% prior to that), the data are not comprehensive as only aproportion of residents seek care in emergency departments. Therefore the data are not exact measures of morbidity.
-Data for the most recent two weeks are not final and are subject to change.";Asthma;Borough;Manhattan;Age Group;All age groups;6/2025;Count;745
"-Syndrome data are inherently non-specific and not based on diagnostic testing. While the New York City syndromic surveillance system captures 100% of all emergency department(ED) visits in the city (as of 5/1/16, 99% prior to that), the data are not comprehensive as only aproportion of residents seek care in emergency departments. Therefore the data are not exact measures of morbidity.
-Data for the most recent two weeks are not final and are subject to change.";Asthma;Borough;Manhattan;Age Group;All age groups;7/2025;Count;681
"-Syndrome data are inherently non-specific and not based on diagnostic testing. While the New York City syndromic surveillance system captures 100% of all emergency department(ED) visits in the city (as of 5/1/16, 99% prior to that), the data are not comprehensive as only aproportion of residents seek care in emergency departments. Therefore the data are not exact measures of morbidity.
-Data for the most recent two weeks are not final and are subject to change.";Asthma;Borough;Manhattan;Age Group;All age groups;8/2025;Count;678
"-Syndrome data are inherently non-specific and not based on diagnostic testing. While the New York City syndromic surveillance system captures 100% of all emergency department(ED) visits in the city (as of 5/1/16, 99% prior to that), the data are not comprehensive as only aproportion of residents seek care in emergency departments. Therefore the data are not exact measures of morbidity.
-Data for the most recent two weeks are not final and are subject to change.";Asthma;Borough;Manhattan;Age Group;All age groups;9/2025;Count;915
"-Syndrome data are inherently non-specific and not based on diagnostic testing. While the New York City syndromic surveillance system captures 100% of all emergency department(ED) visits in the city (as of 5/1/16, 99% prior to that), the data are not comprehensive as only aproportion of residents seek care in emergency departments. Therefore the data are not exact measures of morbidity.
-Data for the most recent two weeks are not final and are subject to change.";Asthma;Borough;Manhattan;Age Group;All age groups;10/2025;Count;869
"-Syndrome data are inherently non-specific and not based on diagnostic testing. While the New York City syndromic surveillance system captures 100% of all emergency department(ED) visits in the city (as of 5/1/16, 99% prior to that), the data are not comprehensive as only aproportion of residents seek care in emergency departments. Therefore the data are not exact measures of morbidity.
-Data for the most recent two weeks are not final and are subject to change.";Asthma;Borough;Manhattan;Age Group;All age groups;11/2025;Count;21
"-Syndrome data are inherently non-specific and not based on diagnostic testing. While the New York City syndromic surveillance system captures 100% of all emergency department(ED) visits in the city (as of 5/1/16, 99% prior to that), the data are not comprehensive as only aproportion of residents seek care in emergency departments. Therefore the data are not exact measures of morbidity.
-Data for the most recent two weeks are not final and are subject to change.";Asthma;Borough;Manhattan;Age Group;Ages 0-4 years;3/2022;Count;35
"-Syndrome data are inherently non-specific and not based on diagnostic testing. While the New York City syndromic surveillance system captures 100% of all emergency department(ED) visits in the city (as of 5/1/16, 99% prior to that), the data are not comprehensive as only aproportion of residents seek care in emergency departments. Therefore the data are not exact measures of morbidity.
-Data for the most recent two weeks are not final and are subject to change.";Asthma;Borough;Manhattan;Age Group;Ages 0-4 years;4/2022;Count;28
"-Syndrome data are inherently non-specific and not based on diagnostic testing. While the New York City syndromic surveillance system captures 100% of all emergency department(ED) visits in the city (as of 5/1/16, 99% prior to that), the data are not comprehensive as only aproportion of residents seek care in emergency departments. Therefore the data are not exact measures of morbidity.
-Data for the most recent two weeks are not final and are subject to change.";Asthma;Borough;Manhattan;Age Group;Ages 0-4 years;5/2022;Count;35
"-Syndrome data are inherently non-specific and not based on diagnostic testing. While the New York City syndromic surveillance system captures 100% of all emergency department(ED) visits in the city (as of 5/1/16, 99% prior to that), the data are not comprehensive as only aproportion of residents seek care in emergency departments. Therefore the data are not exact measures of morbidity.
-Data for the most recent two weeks are not final and are subject to change.";Asthma;Borough;Manhattan;Age Group;Ages 0-4 years;6/2022;Count;30
"-Syndrome data are inherently non-specific and not based on diagnostic testing. While the New York City syndromic surveillance system captures 100% of all emergency department(ED) visits in the city (as of 5/1/16, 99% prior to that), the data are not comprehensive as only aproportion of residents seek care in emergency departments. Therefore the data are not exact measures of morbidity.
-Data for the most recent two weeks are not final and are subject to change.";Asthma;Borough;Manhattan;Age Group;Ages 0-4 years;7/2022;Count;18
"-Syndrome data are inherently non-specific and not based on diagnostic testing. While the New York City syndromic surveillance system captures 100% of all emergency department(ED) visits in the city (as of 5/1/16, 99% prior to that), the data are not comprehensive as only aproportion of residents seek care in emergency departments. Therefore the data are not exact measures of morbidity.
-Data for the most recent two weeks are not final and are subject to change.";Asthma;Borough;Manhattan;Age Group;Ages 0-4 years;8/2022;Count;29
"-Syndrome data are inherently non-specific and not based on diagnostic testing. While the New York City syndromic surveillance system captures 100% of all emergency department(ED) visits in the city (as of 5/1/16, 99% prior to that), the data are not comprehensive as only aproportion of residents seek care in emergency departments. Therefore the data are not exact measures of morbidity.
-Data for the most recent two weeks are not final and are subject to change.";Asthma;Borough;Manhattan;Age Group;Ages 0-4 years;9/2022;Count;73
"-Syndrome data are inherently non-specific and not based on diagnostic testing. While the New York City syndromic surveillance system captures 100% of all emergency department(ED) visits in the city (as of 5/1/16, 99% prior to that), the data are not comprehensive as only aproportion of residents seek care in emergency departments. Therefore the data are not exact measures of morbidity.
-Data for the most recent two weeks are not final and are subject to change.";Asthma;Borough;Manhattan;Age Group;Ages 0-4 years;10/2022;Count;52
"-Syndrome data are inherently non-specific and not based on diagnostic testing. While the New York City syndromic surveillance system captures 100% of all emergency department(ED) visits in the city (as of 5/1/16, 99% prior to that), the data are not comprehensive as only aproportion of residents seek care in emergency departments. Therefore the data are not exact measures of morbidity.
-Data for the most recent two weeks are not final and are subject to change.";Asthma;Borough;Manhattan;Age Group;Ages 0-4 years;11/2022;Count;29
"-Syndrome data are inherently non-specific and not based on diagnostic testing. While the New York City syndromic surveillance system captures 100% of all emergency department(ED) visits in the city (as of 5/1/16, 99% prior to that), the data are not comprehensive as only aproportion of residents seek care in emergency departments. Therefore the data are not exact measures of morbidity.
-Data for the most recent two weeks are not final and are subject to change.";Asthma;Borough;Manhattan;Age Group;Ages 0-4 years;12/2022;Count;22
"-Syndrome data are inherently non-specific and not based on diagnostic testing. While the New York City syndromic surveillance system captures 100% of all emergency department(ED) visits in the city (as of 5/1/16, 99% prior to that), the data are not comprehensive as only aproportion of residents seek care in emergency departments. Therefore the data are not exact measures of morbidity.
-Data for the most recent two weeks are not final and are subject to change.";Asthma;Borough;Manhattan;Age Group;Ages 0-4 years;1/2023;Count;39
"-Syndrome data are inherently non-specific and not based on diagnostic testing. While the New York City syndromic surveillance system captures 100% of all emergency department(ED) visits in the city (as of 5/1/16, 99% prior to that), the data are not comprehensive as only aproportion of residents seek care in emergency departments. Therefore the data are not exact measures of morbidity.
-Data for the most recent two weeks are not final and are subject to change.";Asthma;Borough;Manhattan;Age Group;Ages 0-4 years;2/2023;Count;37
"-Syndrome data are inherently non-specific and not based on diagnostic testing. While the New York City syndromic surveillance system captures 100% of all emergency department(ED) visits in the city (as of 5/1/16, 99% prior to that), the data are not comprehensive as only aproportion of residents seek care in emergency departments. Therefore the data are not exact measures of morbidity.
-Data for the most recent two weeks are not final and are subject to change.";Asthma;Borough;Manhattan;Age Group;Ages 0-4 years;3/2023;Count;35
"-Syndrome data are inherently non-specific and not based on diagnostic testing. While the New York City syndromic surveillance system captures 100% of all emergency department(ED) visits in the city (as of 5/1/16, 99% prior to that), the data are not comprehensive as only aproportion of residents seek care in emergency departments. Therefore the data are not exact measures of morbidity.
-Data for the most recent two weeks are not final and are subject to change.";Asthma;Borough;Manhattan;Age Group;Ages 0-4 years;4/2023;Count;30
"-Syndrome data are inherently non-specific and not based on diagnostic testing. While the New York City syndromic surveillance system captures 100% of all emergency department(ED) visits in the city (as of 5/1/16, 99% prior to that), the data are not comprehensive as only aproportion of residents seek care in emergency departments. Therefore the data are not exact measures of morbidity.
-Data for the most recent two weeks are not final and are subject to change.";Asthma;Borough;Manhattan;Age Group;Ages 0-4 years;5/2023;Count;46
"-Syndrome data are inherently non-specific and not based on diagnostic testing. While the New York City syndromic surveillance system captures 100% of all emergency department(ED) visits in the city (as of 5/1/16, 99% prior to that), the data are not comprehensive as only aproportion of residents seek care in emergency departments. Therefore the data are not exact measures of morbidity.
-Data for the most recent two weeks are not final and are subject to change.";Asthma;Borough;Manhattan;Age Group;Ages 0-4 years;6/2023;Count;28
"-Syndrome data are inherently non-specific and not based on diagnostic testing. While the New York City syndromic surveillance system captures 100% of all emergency department(ED) visits in the city (as of 5/1/16, 99% prior to that), the data are not comprehensive as only aproportion of residents seek care in emergency departments. Therefore the data are not exact measures of morbidity.
-Data for the most recent two weeks are not final and are subject to change.";Asthma;Borough;Manhattan;Age Group;Ages 0-4 years;7/2023;Count;22
"-Syndrome data are inherently non-specific and not based on diagnostic testing. While the New York City syndromic surveillance system captures 100% of all emergency department(ED) visits in the city (as of 5/1/16, 99% prior to that), the data are not comprehensive as only aproportion of residents seek care in emergency departments. Therefore the data are not exact measures of morbidity.
-Data for the most recent two weeks are not final and are subject to change.";Asthma;Borough;Manhattan;Age Group;Ages 0-4 years;8/2023;Count;16
"-Syndrome data are inherently non-specific and not based on diagnostic testing. While the New York City syndromic surveillance system captures 100% of all emergency department(ED) visits in the city (as of 5/1/16, 99% prior to that), the data are not comprehensive as only aproportion of residents seek care in emergency departments. Therefore the data are not exact measures of morbidity.
-Data for the most recent two weeks are not final and are subject to change.";Asthma;Borough;Manhattan;Age Group;Ages 0-4 years;9/2023;Count;56
"-Syndrome data are inherently non-specific and not based on diagnostic testing. While the New York City syndromic surveillance system captures 100% of all emergency department(ED) visits in the city (as of 5/1/16, 99% prior to that), the data are not comprehensive as only aproportion of residents seek care in emergency departments. Therefore the data are not exact measures of morbidity.
-Data for the most recent two weeks are not final and are subject to change.";Asthma;Borough;Manhattan;Age Group;Ages 0-4 years;10/2023;Count;58
"-Syndrome data are inherently non-specific and not based on diagnostic testing. While the New York City syndromic surveillance system captures 100% of all emergency department(ED) visits in the city (as of 5/1/16, 99% prior to that), the data are not comprehensive as only aproportion of residents seek care in emergency departments. Therefore the data are not exact measures of morbidity.
-Data for the most recent two weeks are not final and are subject to change.";Asthma;Borough;Manhattan;Age Group;Ages 0-4 years;11/2023;Count;49
"-Syndrome data are inherently non-specific and not based on diagnostic testing. While the New York City syndromic surveillance system captures 100% of all emergency department(ED) visits in the city (as of 5/1/16, 99% prior to that), the data are not comprehensive as only aproportion of residents seek care in emergency departments. Therefore the data are not exact measures of morbidity.
-Data for the most recent two weeks are not final and are subject to change.";Asthma;Borough;Manhattan;Age Group;Ages 0-4 years;12/2023;Count;29
"-Syndrome data are inherently non-specific and not based on diagnostic testing. While the New York City syndromic surveillance system captures 100% of all emergency department(ED) visits in the city (as of 5/1/16, 99% prior to that), the data are not comprehensive as only aproportion of residents seek care in emergency departments. Therefore the data are not exact measures of morbidity.
-Data for the most recent two weeks are not final and are subject to change.";Asthma;Borough;Manhattan;Age Group;Ages 0-4 years;1/2024;Count;21
"-Syndrome data are inherently non-specific and not based on diagnostic testing. While the New York City syndromic surveillance system captures 100% of all emergency department(ED) visits in the city (as of 5/1/16, 99% prior to that), the data are not comprehensive as only aproportion of residents seek care in emergency departments. Therefore the data are not exact measures of morbidity.
-Data for the most recent two weeks are not final and are subject to change.";Asthma;Borough;Manhattan;Age Group;Ages 0-4 years;2/2024;Count;25
"-Syndrome data are inherently non-specific and not based on diagnostic testing. While the New York City syndromic surveillance system captures 100% of all emergency department(ED) visits in the city (as of 5/1/16, 99% prior to that), the data are not comprehensive as only aproportion of residents seek care in emergency departments. Therefore the data are not exact measures of morbidity.
-Data for the most recent two weeks are not final and are subject to change.";Asthma;Borough;Manhattan;Age Group;Ages 0-4 years;3/2024;Count;39
"-Syndrome data are inherently non-specific and not based on diagnostic testing. While the New York City syndromic surveillance system captures 100% of all emergency department(ED) visits in the city (as of 5/1/16, 99% prior to that), the data are not comprehensive as only aproportion of residents seek care in emergency departments. Therefore the data are not exact measures of morbidity.
-Data for the most recent two weeks are not final and are subject to change.";Asthma;Borough;Manhattan;Age Group;Ages 0-4 years;4/2024;Count;36
"-Syndrome data are inherently non-specific and not based on diagnostic testing. While the New York City syndromic surveillance system captures 100% of all emergency department(ED) visits in the city (as of 5/1/16, 99% prior to that), the data are not comprehensive as only aproportion of residents seek care in emergency departments. Therefore the data are not exact measures of morbidity.
-Data for the most recent two weeks are not final and are subject to change.";Asthma;Borough;Manhattan;Age Group;Ages 0-4 years;5/2024;Count;38
"-Syndrome data are inherently non-specific and not based on diagnostic testing. While the New York City syndromic surveillance system captures 100% of all emergency department(ED) visits in the city (as of 5/1/16, 99% prior to that), the data are not comprehensive as only aproportion of residents seek care in emergency departments. Therefore the data are not exact measures of morbidity.
-Data for the most recent two weeks are not final and are subject to change.";Asthma;Borough;Manhattan;Age Group;Ages 0-4 years;6/2024;Count;19
"-Syndrome data are inherently non-specific and not based on diagnostic testing. While the New York City syndromic surveillance system captures 100% of all emergency department(ED) visits in the city (as of 5/1/16, 99% prior to that), the data are not comprehensive as only aproportion of residents seek care in emergency departments. Therefore the data are not exact measures of morbidity.
-Data for the most recent two weeks are not final and are subject to change.";Asthma;Borough;Manhattan;Age Group;Ages 0-4 years;7/2024;Count;15
"-Syndrome data are inherently non-specific and not based on diagnostic testing. While the New York City syndromic surveillance system captures 100% of all emergency department(ED) visits in the city (as of 5/1/16, 99% prior to that), the data are not comprehensive as only aproportion of residents seek care in emergency departments. Therefore the data are not exact measures of morbidity.
-Data for the most recent two weeks are not final and are subject to change.";Asthma;Borough;Manhattan;Age Group;Ages 0-4 years;8/2024;Count;18
"-Syndrome data are inherently non-specific and not based on diagnostic testing. While the New York City syndromic surveillance system captures 100% of all emergency department(ED) visits in the city (as of 5/1/16, 99% prior to that), the data are not comprehensive as only aproportion of residents seek care in emergency departments. Therefore the data are not exact measures of morbidity.
-Data for the most recent two weeks are not final and are subject to change.";Asthma;Borough;Manhattan;Age Group;Ages 0-4 years;9/2024;Count;51
"-Syndrome data are inherently non-specific and not based on diagnostic testing. While the New York City syndromic surveillance system captures 100% of all emergency department(ED) visits in the city (as of 5/1/16, 99% prior to that), the data are not comprehensive as only aproportion of residents seek care in emergency departments. Therefore the data are not exact measures of morbidity.
-Data for the most recent two weeks are not final and are subject to change.";Asthma;Borough;Manhattan;Age Group;Ages 0-4 years;10/2024;Count;39
"-Syndrome data are inherently non-specific and not based on diagnostic testing. While the New York City syndromic surveillance system captures 100% of all emergency department(ED) visits in the city (as of 5/1/16, 99% prior to that), the data are not comprehensive as only aproportion of residents seek care in emergency departments. Therefore the data are not exact measures of morbidity.
-Data for the most recent two weeks are not final and are subject to change.";Asthma;Borough;Manhattan;Age Group;Ages 0-4 years;11/2024;Count;27
"-Syndrome data are inherently non-specific and not based on diagnostic testing. While the New York City syndromic surveillance system captures 100% of all emergency department(ED) visits in the city (as of 5/1/16, 99% prior to that), the data are not comprehensive as only aproportion of residents seek care in emergency departments. Therefore the data are not exact measures of morbidity.
-Data for the most recent two weeks are not final and are subject to change.";Asthma;Borough;Manhattan;Age Group;Ages 0-4 years;12/2024;Count;21
"-Syndrome data are inherently non-specific and not based on diagnostic testing. While the New York City syndromic surveillance system captures 100% of all emergency department(ED) visits in the city (as of 5/1/16, 99% prior to that), the data are not comprehensive as only aproportion of residents seek care in emergency departments. Therefore the data are not exact measures of morbidity.
-Data for the most recent two weeks are not final and are subject to change.";Asthma;Borough;Manhattan;Age Group;Ages 0-4 years;1/2025;Count;23
"-Syndrome data are inherently non-specific and not based on diagnostic testing. While the New York City syndromic surveillance system captures 100% of all emergency department(ED) visits in the city (as of 5/1/16, 99% prior to that), the data are not comprehensive as only aproportion of residents seek care in emergency departments. Therefore the data are not exact measures of morbidity.
-Data for the most recent two weeks are not final and are subject to change.";Asthma;Borough;Manhattan;Age Group;Ages 0-4 years;2/2025;Count;18
"-Syndrome data are inherently non-specific and not based on diagnostic testing. While the New York City syndromic surveillance system captures 100% of all emergency department(ED) visits in the city (as of 5/1/16, 99% prior to that), the data are not comprehensive as only aproportion of residents seek care in emergency departments. Therefore the data are not exact measures of morbidity.
-Data for the most recent two weeks are not final and are subject to change.";Asthma;Borough;Manhattan;Age Group;Ages 0-4 years;3/2025;Count;44
"-Syndrome data are inherently non-specific and not based on diagnostic testing. While the New York City syndromic surveillance system captures 100% of all emergency department(ED) visits in the city (as of 5/1/16, 99% prior to that), the data are not comprehensive as only aproportion of residents seek care in emergency departments. Therefore the data are not exact measures of morbidity.
-Data for the most recent two weeks are not final and are subject to change.";Asthma;Borough;Manhattan;Age Group;Ages 0-4 years;4/2025;Count;35
"-Syndrome data are inherently non-specific and not based on diagnostic testing. While the New York City syndromic surveillance system captures 100% of all emergency department(ED) visits in the city (as of 5/1/16, 99% prior to that), the data are not comprehensive as only aproportion of residents seek care in emergency departments. Therefore the data are not exact measures of morbidity.
-Data for the most recent two weeks are not final and are subject to change.";Asthma;Borough;Manhattan;Age Group;Ages 0-4 years;5/2025;Count;31
"-Syndrome data are inherently non-specific and not based on diagnostic testing. While the New York City syndromic surveillance system captures 100% of all emergency department(ED) visits in the city (as of 5/1/16, 99% prior to that), the data are not comprehensive as only aproportion of residents seek care in emergency departments. Therefore the data are not exact measures of morbidity.
-Data for the most recent two weeks are not final and are subject to change.";Asthma;Borough;Manhattan;Age Group;Ages 0-4 years;6/2025;Count;30
"-Syndrome data are inherently non-specific and not based on diagnostic testing. While the New York City syndromic surveillance system captures 100% of all emergency department(ED) visits in the city (as of 5/1/16, 99% prior to that), the data are not comprehensive as only aproportion of residents seek care in emergency departments. Therefore the data are not exact measures of morbidity.
-Data for the most recent two weeks are not final and are subject to change.";Asthma;Borough;Manhattan;Age Group;Ages 0-4 years;7/2025;Count;13
"-Syndrome data are inherently non-specific and not based on diagnostic testing. While the New York City syndromic surveillance system captures 100% of all emergency department(ED) visits in the city (as of 5/1/16, 99% prior to that), the data are not comprehensive as only aproportion of residents seek care in emergency departments. Therefore the data are not exact measures of morbidity.
-Data for the most recent two weeks are not final and are subject to change.";Asthma;Borough;Manhattan;Age Group;Ages 0-4 years;8/2025;Count;15
"-Syndrome data are inherently non-specific and not based on diagnostic testing. While the New York City syndromic surveillance system captures 100% of all emergency department(ED) visits in the city (as of 5/1/16, 99% prior to that), the data are not comprehensive as only aproportion of residents seek care in emergency departments. Therefore the data are not exact measures of morbidity.
-Data for the most recent two weeks are not final and are subject to change.";Asthma;Borough;Manhattan;Age Group;Ages 0-4 years;9/2025;Count;32
"-Syndrome data are inherently non-specific and not based on diagnostic testing. While the New York City syndromic surveillance system captures 100% of all emergency department(ED) visits in the city (as of 5/1/16, 99% prior to that), the data are not comprehensive as only aproportion of residents seek care in emergency departments. Therefore the data are not exact measures of morbidity.
-Data for the most recent two weeks are not final and are subject to change.";Asthma;Borough;Manhattan;Age Group;Ages 0-4 years;10/2025;Count;34
"-Syndrome data are inherently non-specific and not based on diagnostic testing. While the New York City syndromic surveillance system captures 100% of all emergency department(ED) visits in the city (as of 5/1/16, 99% prior to that), the data are not comprehensive as only aproportion of residents seek care in emergency departments. Therefore the data are not exact measures of morbidity.
-Data for the most recent two weeks are not final and are subject to change.";Asthma;Borough;Manhattan;Age Group;Ages 0-4 years;11/2025;Count;4
"-Syndrome data are inherently non-specific and not based on diagnostic testing. While the New York City syndromic surveillance system captures 100% of all emergency department(ED) visits in the city (as of 5/1/16, 99% prior to that), the data are not comprehensive as only aproportion of residents seek care in emergency departments. Therefore the data are not exact measures of morbidity.
-Data for the most recent two weeks are not final and are subject to change.";Asthma;Borough;Manhattan;Age Group;Ages 5-17 years;3/2022;Count;167
"-Syndrome data are inherently non-specific and not based on diagnostic testing. While the New York City syndromic surveillance system captures 100% of all emergency department(ED) visits in the city (as of 5/1/16, 99% prior to that), the data are not comprehensive as only aproportion of residents seek care in emergency departments. Therefore the data are not exact measures of morbidity.
-Data for the most recent two weeks are not final and are subject to change.";Asthma;Borough;Manhattan;Age Group;Ages 5-17 years;4/2022;Count;106
"-Syndrome data are inherently non-specific and not based on diagnostic testing. While the New York City syndromic surveillance system captures 100% of all emergency department(ED) visits in the city (as of 5/1/16, 99% prior to that), the data are not comprehensive as only aproportion of residents seek care in emergency departments. Therefore the data are not exact measures of morbidity.
-Data for the most recent two weeks are not final and are subject to change.";Asthma;Borough;Manhattan;Age Group;Ages 5-17 years;5/2022;Count;169
"-Syndrome data are inherently non-specific and not based on diagnostic testing. While the New York City syndromic surveillance system captures 100% of all emergency department(ED) visits in the city (as of 5/1/16, 99% prior to that), the data are not comprehensive as only aproportion of residents seek care in emergency departments. Therefore the data are not exact measures of morbidity.
-Data for the most recent two weeks are not final and are subject to change.";Asthma;Borough;Manhattan;Age Group;Ages 5-17 years;6/2022;Count;91
"-Syndrome data are inherently non-specific and not based on diagnostic testing. While the New York City syndromic surveillance system captures 100% of all emergency department(ED) visits in the city (as of 5/1/16, 99% prior to that), the data are not comprehensive as only aproportion of residents seek care in emergency departments. Therefore the data are not exact measures of morbidity.
-Data for the most recent two weeks are not final and are subject to change.";Asthma;Borough;Manhattan;Age Group;Ages 5-17 years;7/2022;Count;50
"-Syndrome data are inherently non-specific and not based on diagnostic testing. While the New York City syndromic surveillance system captures 100% of all emergency department(ED) visits in the city (as of 5/1/16, 99% prior to that), the data are not comprehensive as only aproportion of residents seek care in emergency departments. Therefore the data are not exact measures of morbidity.
-Data for the most recent two weeks are not final and are subject to change.";Asthma;Borough;Manhattan;Age Group;Ages 5-17 years;8/2022;Count;56
"-Syndrome data are inherently non-specific and not based on diagnostic testing. While the New York City syndromic surveillance system captures 100% of all emergency department(ED) visits in the city (as of 5/1/16, 99% prior to that), the data are not comprehensive as only aproportion of residents seek care in emergency departments. Therefore the data are not exact measures of morbidity.
-Data for the most recent two weeks are not final and are subject to change.";Asthma;Borough;Manhattan;Age Group;Ages 5-17 years;9/2022;Count;180
"-Syndrome data are inherently non-specific and not based on diagnostic testing. While the New York City syndromic surveillance system captures 100% of all emergency department(ED) visits in the city (as of 5/1/16, 99% prior to that), the data are not comprehensive as only aproportion of residents seek care in emergency departments. Therefore the data are not exact measures of morbidity.
-Data for the most recent two weeks are not final and are subject to change.";Asthma;Borough;Manhattan;Age Group;Ages 5-17 years;10/2022;Count;147
"-Syndrome data are inherently non-specific and not based on diagnostic testing. While the New York City syndromic surveillance system captures 100% of all emergency department(ED) visits in the city (as of 5/1/16, 99% prior to that), the data are not comprehensive as only aproportion of residents seek care in emergency departments. Therefore the data are not exact measures of morbidity.
-Data for the most recent two weeks are not final and are subject to change.";Asthma;Borough;Manhattan;Age Group;Ages 5-17 years;11/2022;Count;107
"-Syndrome data are inherently non-specific and not based on diagnostic testing. While the New York City syndromic surveillance system captures 100% of all emergency department(ED) visits in the city (as of 5/1/16, 99% prior to that), the data are not comprehensive as only aproportion of residents seek care in emergency departments. Therefore the data are not exact measures of morbidity.
-Data for the most recent two weeks are not final and are subject to change.";Asthma;Borough;Manhattan;Age Group;Ages 5-17 years;12/2022;Count;76
"-Syndrome data are inherently non-specific and not based on diagnostic testing. While the New York City syndromic surveillance system captures 100% of all emergency department(ED) visits in the city (as of 5/1/16, 99% prior to that), the data are not comprehensive as only aproportion of residents seek care in emergency departments. Therefore the data are not exact measures of morbidity.
-Data for the most recent two weeks are not final and are subject to change.";Asthma;Borough;Manhattan;Age Group;Ages 5-17 years;1/2023;Count;92
"-Syndrome data are inherently non-specific and not based on diagnostic testing. While the New York City syndromic surveillance system captures 100% of all emergency department(ED) visits in the city (as of 5/1/16, 99% prior to that), the data are not comprehensive as only aproportion of residents seek care in emergency departments. Therefore the data are not exact measures of morbidity.
-Data for the most recent two weeks are not final and are subject to change.";Asthma;Borough;Manhattan;Age Group;Ages 5-17 years;2/2023;Count;139
"-Syndrome data are inherently non-specific and not based on diagnostic testing. While the New York City syndromic surveillance system captures 100% of all emergency department(ED) visits in the city (as of 5/1/16, 99% prior to that), the data are not comprehensive as only aproportion of residents seek care in emergency departments. Therefore the data are not exact measures of morbidity.
-Data for the most recent two weeks are not final and are subject to change.";Asthma;Borough;Manhattan;Age Group;Ages 5-17 years;3/2023;Count;146
"-Syndrome data are inherently non-specific and not based on diagnostic testing. While the New York City syndromic surveillance system captures 100% of all emergency department(ED) visits in the city (as of 5/1/16, 99% prior to that), the data are not comprehensive as only aproportion of residents seek care in emergency departments. Therefore the data are not exact measures of morbidity.
-Data for the most recent two weeks are not final and are subject to change.";Asthma;Borough;Manhattan;Age Group;Ages 5-17 years;4/2023;Count;131
"-Syndrome data are inherently non-specific and not based on diagnostic testing. While the New York City syndromic surveillance system captures 100% of all emergency department(ED) visits in the city (as of 5/1/16, 99% prior to that), the data are not comprehensive as only aproportion of residents seek care in emergency departments. Therefore the data are not exact measures of morbidity.
-Data for the most recent two weeks are not final and are subject to change.";Asthma;Borough;Manhattan;Age Group;Ages 5-17 years;5/2023;Count;147
"-Syndrome data are inherently non-specific and not based on diagnostic testing. While the New York City syndromic surveillance system captures 100% of all emergency department(ED) visits in the city (as of 5/1/16, 99% prior to that), the data are not comprehensive as only aproportion of residents seek care in emergency departments. Therefore the data are not exact measures of morbidity.
-Data for the most recent two weeks are not final and are subject to change.";Asthma;Borough;Manhattan;Age Group;Ages 5-17 years;6/2023;Count;106
"-Syndrome data are inherently non-specific and not based on diagnostic testing. While the New York City syndromic surveillance system captures 100% of all emergency department(ED) visits in the city (as of 5/1/16, 99% prior to that), the data are not comprehensive as only aproportion of residents seek care in emergency departments. Therefore the data are not exact measures of morbidity.
-Data for the most recent two weeks are not final and are subject to change.";Asthma;Borough;Manhattan;Age Group;Ages 5-17 years;7/2023;Count;52
"-Syndrome data are inherently non-specific and not based on diagnostic testing. While the New York City syndromic surveillance system captures 100% of all emergency department(ED) visits in the city (as of 5/1/16, 99% prior to that), the data are not comprehensive as only aproportion of residents seek care in emergency departments. Therefore the data are not exact measures of morbidity.
-Data for the most recent two weeks are not final and are subject to change.";Asthma;Borough;Manhattan;Age Group;Ages 5-17 years;8/2023;Count;55
"-Syndrome data are inherently non-specific and not based on diagnostic testing. While the New York City syndromic surveillance system captures 100% of all emergency department(ED) visits in the city (as of 5/1/16, 99% prior to that), the data are not comprehensive as only aproportion of residents seek care in emergency departments. Therefore the data are not exact measures of morbidity.
-Data for the most recent two weeks are not final and are subject to change.";Asthma;Borough;Manhattan;Age Group;Ages 5-17 years;9/2023;Count;94
"-Syndrome data are inherently non-specific and not based on diagnostic testing. While the New York City syndromic surveillance system captures 100% of all emergency department(ED) visits in the city (as of 5/1/16, 99% prior to that), the data are not comprehensive as only aproportion of residents seek care in emergency departments. Therefore the data are not exact measures of morbidity.
-Data for the most recent two weeks are not final and are subject to change.";Asthma;Borough;Manhattan;Age Group;Ages 5-17 years;10/2023;Count;128
"-Syndrome data are inherently non-specific and not based on diagnostic testing. While the New York City syndromic surveillance system captures 100% of all emergency department(ED) visits in the city (as of 5/1/16, 99% prior to that), the data are not comprehensive as only aproportion of residents seek care in emergency departments. Therefore the data are not exact measures of morbidity.
-Data for the most recent two weeks are not final and are subject to change.";Asthma;Borough;Manhattan;Age Group;Ages 5-17 years;11/2023;Count;135
"-Syndrome data are inherently non-specific and not based on diagnostic testing. While the New York City syndromic surveillance system captures 100% of all emergency department(ED) visits in the city (as of 5/1/16, 99% prior to that), the data are not comprehensive as only aproportion of residents seek care in emergency departments. Therefore the data are not exact measures of morbidity.
-Data for the most recent two weeks are not final and are subject to change.";Asthma;Borough;Manhattan;Age Group;Ages 5-17 years;12/2023;Count;91
"-Syndrome data are inherently non-specific and not based on diagnostic testing. While the New York City syndromic surveillance system captures 100% of all emergency department(ED) visits in the city (as of 5/1/16, 99% prior to that), the data are not comprehensive as only aproportion of residents seek care in emergency departments. Therefore the data are not exact measures of morbidity.
-Data for the most recent two weeks are not final and are subject to change.";Asthma;Borough;Manhattan;Age Group;Ages 5-17 years;1/2024;Count;85
"-Syndrome data are inherently non-specific and not based on diagnostic testing. While the New York City syndromic surveillance system captures 100% of all emergency department(ED) visits in the city (as of 5/1/16, 99% prior to that), the data are not comprehensive as only aproportion of residents seek care in emergency departments. Therefore the data are not exact measures of morbidity.
-Data for the most recent two weeks are not final and are subject to change.";Asthma;Borough;Manhattan;Age Group;Ages 5-17 years;2/2024;Count;102
"-Syndrome data are inherently non-specific and not based on diagnostic testing. While the New York City syndromic surveillance system captures 100% of all emergency department(ED) visits in the city (as of 5/1/16, 99% prior to that), the data are not comprehensive as only aproportion of residents seek care in emergency departments. Therefore the data are not exact measures of morbidity.
-Data for the most recent two weeks are not final and are subject to change.";Asthma;Borough;Manhattan;Age Group;Ages 5-17 years;3/2024;Count;128
"-Syndrome data are inherently non-specific and not based on diagnostic testing. While the New York City syndromic surveillance system captures 100% of all emergency department(ED) visits in the city (as of 5/1/16, 99% prior to that), the data are not comprehensive as only aproportion of residents seek care in emergency departments. Therefore the data are not exact measures of morbidity.
-Data for the most recent two weeks are not final and are subject to change.";Asthma;Borough;Manhattan;Age Group;Ages 5-17 years;4/2024;Count;135
"-Syndrome data are inherently non-specific and not based on diagnostic testing. While the New York City syndromic surveillance system captures 100% of all emergency department(ED) visits in the city (as of 5/1/16, 99% prior to that), the data are not comprehensive as only aproportion of residents seek care in emergency departments. Therefore the data are not exact measures of morbidity.
-Data for the most recent two weeks are not final and are subject to change.";Asthma;Borough;Manhattan;Age Group;Ages 5-17 years;5/2024;Count;144
"-Syndrome data are inherently non-specific and not based on diagnostic testing. While the New York City syndromic surveillance system captures 100% of all emergency department(ED) visits in the city (as of 5/1/16, 99% prior to that), the data are not comprehensive as only aproportion of residents seek care in emergency departments. Therefore the data are not exact measures of morbidity.
-Data for the most recent two weeks are not final and are subject to change.";Asthma;Borough;Manhattan;Age Group;Ages 5-17 years;6/2024;Count;67
"-Syndrome data are inherently non-specific and not based on diagnostic testing. While the New York City syndromic surveillance system captures 100% of all emergency department(ED) visits in the city (as of 5/1/16, 99% prior to that), the data are not comprehensive as only aproportion of residents seek care in emergency departments. Therefore the data are not exact measures of morbidity.
-Data for the most recent two weeks are not final and are subject to change.";Asthma;Borough;Manhattan;Age Group;Ages 5-17 years;7/2024;Count;53
"-Syndrome data are inherently non-specific and not based on diagnostic testing. While the New York City syndromic surveillance system captures 100% of all emergency department(ED) visits in the city (as of 5/1/16, 99% prior to that), the data are not comprehensive as only aproportion of residents seek care in emergency departments. Therefore the data are not exact measures of morbidity.
-Data for the most recent two weeks are not final and are subject to change.";Asthma;Borough;Manhattan;Age Group;Ages 5-17 years;8/2024;Count;66
"-Syndrome data are inherently non-specific and not based on diagnostic testing. While the New York City syndromic surveillance system captures 100% of all emergency department(ED) visits in the city (as of 5/1/16, 99% prior to that), the data are not comprehensive as only aproportion of residents seek care in emergency departments. Therefore the data are not exact measures of morbidity.
-Data for the most recent two weeks are not final and are subject to change.";Asthma;Borough;Manhattan;Age Group;Ages 5-17 years;9/2024;Count;161
"-Syndrome data are inherently non-specific and not based on diagnostic testing. While the New York City syndromic surveillance system captures 100% of all emergency department(ED) visits in the city (as of 5/1/16, 99% prior to that), the data are not comprehensive as only aproportion of residents seek care in emergency departments. Therefore the data are not exact measures of morbidity.
-Data for the most recent two weeks are not final and are subject to change.";Asthma;Borough;Manhattan;Age Group;Ages 5-17 years;10/2024;Count;125
"-Syndrome data are inherently non-specific and not based on diagnostic testing. While the New York City syndromic surveillance system captures 100% of all emergency department(ED) visits in the city (as of 5/1/16, 99% prior to that), the data are not comprehensive as only aproportion of residents seek care in emergency departments. Therefore the data are not exact measures of morbidity.
-Data for the most recent two weeks are not final and are subject to change.";Asthma;Borough;Manhattan;Age Group;Ages 5-17 years;11/2024;Count;124
"-Syndrome data are inherently non-specific and not based on diagnostic testing. While the New York City syndromic surveillance system captures 100% of all emergency department(ED) visits in the city (as of 5/1/16, 99% prior to that), the data are not comprehensive as only aproportion of residents seek care in emergency departments. Therefore the data are not exact measures of morbidity.
-Data for the most recent two weeks are not final and are subject to change.";Asthma;Borough;Manhattan;Age Group;Ages 5-17 years;12/2024;Count;93
"-Syndrome data are inherently non-specific and not based on diagnostic testing. While the New York City syndromic surveillance system captures 100% of all emergency department(ED) visits in the city (as of 5/1/16, 99% prior to that), the data are not comprehensive as only aproportion of residents seek care in emergency departments. Therefore the data are not exact measures of morbidity.
-Data for the most recent two weeks are not final and are subject to change.";Asthma;Borough;Manhattan;Age Group;Ages 5-17 years;1/2025;Count;77
"-Syndrome data are inherently non-specific and not based on diagnostic testing. While the New York City syndromic surveillance system captures 100% of all emergency department(ED) visits in the city (as of 5/1/16, 99% prior to that), the data are not comprehensive as only aproportion of residents seek care in emergency departments. Therefore the data are not exact measures of morbidity.
-Data for the most recent two weeks are not final and are subject to change.";Asthma;Borough;Manhattan;Age Group;Ages 5-17 years;2/2025;Count;54
"-Syndrome data are inherently non-specific and not based on diagnostic testing. While the New York City syndromic surveillance system captures 100% of all emergency department(ED) visits in the city (as of 5/1/16, 99% prior to that), the data are not comprehensive as only aproportion of residents seek care in emergency departments. Therefore the data are not exact measures of morbidity.
-Data for the most recent two weeks are not final and are subject to change.";Asthma;Borough;Manhattan;Age Group;Ages 5-17 years;3/2025;Count;121
"-Syndrome data are inherently non-specific and not based on diagnostic testing. While the New York City syndromic surveillance system captures 100% of all emergency department(ED) visits in the city (as of 5/1/16, 99% prior to that), the data are not comprehensive as only aproportion of residents seek care in emergency departments. Therefore the data are not exact measures of morbidity.
-Data for the most recent two weeks are not final and are subject to change.";Asthma;Borough;Manhattan;Age Group;Ages 5-17 years;4/2025;Count;129
"-Syndrome data are inherently non-specific and not based on diagnostic testing. While the New York City syndromic surveillance system captures 100% of all emergency department(ED) visits in the city (as of 5/1/16, 99% prior to that), the data are not comprehensive as only aproportion of residents seek care in emergency departments. Therefore the data are not exact measures of morbidity.
-Data for the most recent two weeks are not final and are subject to change.";Asthma;Borough;Manhattan;Age Group;Ages 5-17 years;5/2025;Count;139
"-Syndrome data are inherently non-specific and not based on diagnostic testing. While the New York City syndromic surveillance system captures 100% of all emergency department(ED) visits in the city (as of 5/1/16, 99% prior to that), the data are not comprehensive as only aproportion of residents seek care in emergency departments. Therefore the data are not exact measures of morbidity.
-Data for the most recent two weeks are not final and are subject to change.";Asthma;Borough;Manhattan;Age Group;Ages 5-17 years;6/2025;Count;61
"-Syndrome data are inherently non-specific and not based on diagnostic testing. While the New York City syndromic surveillance system captures 100% of all emergency department(ED) visits in the city (as of 5/1/16, 99% prior to that), the data are not comprehensive as only aproportion of residents seek care in emergency departments. Therefore the data are not exact measures of morbidity.
-Data for the most recent two weeks are not final and are subject to change.";Asthma;Borough;Manhattan;Age Group;Ages 5-17 years;7/2025;Count;35
"-Syndrome data are inherently non-specific and not based on diagnostic testing. While the New York City syndromic surveillance system captures 100% of all emergency department(ED) visits in the city (as of 5/1/16, 99% prior to that), the data are not comprehensive as only aproportion of residents seek care in emergency departments. Therefore the data are not exact measures of morbidity.
-Data for the most recent two weeks are not final and are subject to change.";Asthma;Borough;Manhattan;Age Group;Ages 5-17 years;8/2025;Count;55
"-Syndrome data are inherently non-specific and not based on diagnostic testing. While the New York City syndromic surveillance system captures 100% of all emergency department(ED) visits in the city (as of 5/1/16, 99% prior to that), the data are not comprehensive as only aproportion of residents seek care in emergency departments. Therefore the data are not exact measures of morbidity.
-Data for the most recent two weeks are not final and are subject to change.";Asthma;Borough;Manhattan;Age Group;Ages 5-17 years;9/2025;Count;133
"-Syndrome data are inherently non-specific and not based on diagnostic testing. While the New York City syndromic surveillance system captures 100% of all emergency department(ED) visits in the city (as of 5/1/16, 99% prior to that), the data are not comprehensive as only aproportion of residents seek care in emergency departments. Therefore the data are not exact measures of morbidity.
-Data for the most recent two weeks are not final and are subject to change.";Asthma;Borough;Manhattan;Age Group;Ages 5-17 years;10/2025;Count;103
"-Syndrome data are inherently non-specific and not based on diagnostic testing. While the New York City syndromic surveillance system captures 100% of all emergency department(ED) visits in the city (as of 5/1/16, 99% prior to that), the data are not comprehensive as only aproportion of residents seek care in emergency departments. Therefore the data are not exact measures of morbidity.
-Data for the most recent two weeks are not final and are subject to change.";Asthma;Borough;Manhattan;Age Group;Ages 5-17 years;11/2025;Count;1
"-Syndrome data are inherently non-specific and not based on diagnostic testing. While the New York City syndromic surveillance system captures 100% of all emergency department(ED) visits in the city (as of 5/1/16, 99% prior to that), the data are not comprehensive as only aproportion of residents seek care in emergency departments. Therefore the data are not exact measures of morbidity.
-Data for the most recent two weeks are not final and are subject to change.";Asthma;Borough;Manhattan;Age Group;Ages 18-64 years;3/2022;Count;634
"-Syndrome data are inherently non-specific and not based on diagnostic testing. While the New York City syndromic surveillance system captures 100% of all emergency department(ED) visits in the city (as of 5/1/16, 99% prior to that), the data are not comprehensive as only aproportion of residents seek care in emergency departments. Therefore the data are not exact measures of morbidity.
-Data for the most recent two weeks are not final and are subject to change.";Asthma;Borough;Manhattan;Age Group;Ages 18-64 years;4/2022;Count;603
"-Syndrome data are inherently non-specific and not based on diagnostic testing. While the New York City syndromic surveillance system captures 100% of all emergency department(ED) visits in the city (as of 5/1/16, 99% prior to that), the data are not comprehensive as only aproportion of residents seek care in emergency departments. Therefore the data are not exact measures of morbidity.
-Data for the most recent two weeks are not final and are subject to change.";Asthma;Borough;Manhattan;Age Group;Ages 18-64 years;5/2022;Count;766
"-Syndrome data are inherently non-specific and not based on diagnostic testing. While the New York City syndromic surveillance system captures 100% of all emergency department(ED) visits in the city (as of 5/1/16, 99% prior to that), the data are not comprehensive as only aproportion of residents seek care in emergency departments. Therefore the data are not exact measures of morbidity.
-Data for the most recent two weeks are not final and are subject to change.";Asthma;Borough;Manhattan;Age Group;Ages 18-64 years;6/2022;Count;559
"-Syndrome data are inherently non-specific and not based on diagnostic testing. While the New York City syndromic surveillance system captures 100% of all emergency department(ED) visits in the city (as of 5/1/16, 99% prior to that), the data are not comprehensive as only aproportion of residents seek care in emergency departments. Therefore the data are not exact measures of morbidity.
-Data for the most recent two weeks are not final and are subject to change.";Asthma;Borough;Manhattan;Age Group;Ages 18-64 years;7/2022;Count;493
"-Syndrome data are inherently non-specific and not based on diagnostic testing. While the New York City syndromic surveillance system captures 100% of all emergency department(ED) visits in the city (as of 5/1/16, 99% prior to that), the data are not comprehensive as only aproportion of residents seek care in emergency departments. Therefore the data are not exact measures of morbidity.
-Data for the most recent two weeks are not final and are subject to change.";Asthma;Borough;Manhattan;Age Group;Ages 18-64 years;8/2022;Count;498
"-Syndrome data are inherently non-specific and not based on diagnostic testing. While the New York City syndromic surveillance system captures 100% of all emergency department(ED) visits in the city (as of 5/1/16, 99% prior to that), the data are not comprehensive as only aproportion of residents seek care in emergency departments. Therefore the data are not exact measures of morbidity.
-Data for the most recent two weeks are not final and are subject to change.";Asthma;Borough;Manhattan;Age Group;Ages 18-64 years;9/2022;Count;583
"-Syndrome data are inherently non-specific and not based on diagnostic testing. While the New York City syndromic surveillance system captures 100% of all emergency department(ED) visits in the city (as of 5/1/16, 99% prior to that), the data are not comprehensive as only aproportion of residents seek care in emergency departments. Therefore the data are not exact measures of morbidity.
-Data for the most recent two weeks are not final and are subject to change.";Asthma;Borough;Manhattan;Age Group;Ages 18-64 years;10/2022;Count;712
"-Syndrome data are inherently non-specific and not based on diagnostic testing. While the New York City syndromic surveillance system captures 100% of all emergency department(ED) visits in the city (as of 5/1/16, 99% prior to that), the data are not comprehensive as only aproportion of residents seek care in emergency departments. Therefore the data are not exact measures of morbidity.
-Data for the most recent two weeks are not final and are subject to change.";Asthma;Borough;Manhattan;Age Group;Ages 18-64 years;11/2022;Count;688
"-Syndrome data are inherently non-specific and not based on diagnostic testing. While the New York City syndromic surveillance system captures 100% of all emergency department(ED) visits in the city (as of 5/1/16, 99% prior to that), the data are not comprehensive as only aproportion of residents seek care in emergency departments. Therefore the data are not exact measures of morbidity.
-Data for the most recent two weeks are not final and are subject to change.";Asthma;Borough;Manhattan;Age Group;Ages 18-64 years;12/2022;Count;599
"-Syndrome data are inherently non-specific and not based on diagnostic testing. While the New York City syndromic surveillance system captures 100% of all emergency department(ED) visits in the city (as of 5/1/16, 99% prior to that), the data are not comprehensive as only aproportion of residents seek care in emergency departments. Therefore the data are not exact measures of morbidity.
-Data for the most recent two weeks are not final and are subject to change.";Asthma;Borough;Manhattan;Age Group;Ages 18-64 years;1/2023;Count;654
"-Syndrome data are inherently non-specific and not based on diagnostic testing. While the New York City syndromic surveillance system captures 100% of all emergency department(ED) visits in the city (as of 5/1/16, 99% prior to that), the data are not comprehensive as only aproportion of residents seek care in emergency departments. Therefore the data are not exact measures of morbidity.
-Data for the most recent two weeks are not final and are subject to change.";Asthma;Borough;Manhattan;Age Group;Ages 18-64 years;2/2023;Count;531
"-Syndrome data are inherently non-specific and not based on diagnostic testing. While the New York City syndromic surveillance system captures 100% of all emergency department(ED) visits in the city (as of 5/1/16, 99% prior to that), the data are not comprehensive as only aproportion of residents seek care in emergency departments. Therefore the data are not exact measures of morbidity.
-Data for the most recent two weeks are not final and are subject to change.";Asthma;Borough;Manhattan;Age Group;Ages 18-64 years;3/2023;Count;593
"-Syndrome data are inherently non-specific and not based on diagnostic testing. While the New York City syndromic surveillance system captures 100% of all emergency department(ED) visits in the city (as of 5/1/16, 99% prior to that), the data are not comprehensive as only aproportion of residents seek care in emergency departments. Therefore the data are not exact measures of morbidity.
-Data for the most recent two weeks are not final and are subject to change.";Asthma;Borough;Manhattan;Age Group;Ages 18-64 years;4/2023;Count;578
"-Syndrome data are inherently non-specific and not based on diagnostic testing. While the New York City syndromic surveillance system captures 100% of all emergency department(ED) visits in the city (as of 5/1/16, 99% prior to that), the data are not comprehensive as only aproportion of residents seek care in emergency departments. Therefore the data are not exact measures of morbidity.
-Data for the most recent two weeks are not final and are subject to change.";Asthma;Borough;Manhattan;Age Group;Ages 18-64 years;5/2023;Count;646
"-Syndrome data are inherently non-specific and not based on diagnostic testing. While the New York City syndromic surveillance system captures 100% of all emergency department(ED) visits in the city (as of 5/1/16, 99% prior to that), the data are not comprehensive as only aproportion of residents seek care in emergency departments. Therefore the data are not exact measures of morbidity.
-Data for the most recent two weeks are not final and are subject to change.";Asthma;Borough;Manhattan;Age Group;Ages 18-64 years;6/2023;Count;634
"-Syndrome data are inherently non-specific and not based on diagnostic testing. While the New York City syndromic surveillance system captures 100% of all emergency department(ED) visits in the city (as of 5/1/16, 99% prior to that), the data are not comprehensive as only aproportion of residents seek care in emergency departments. Therefore the data are not exact measures of morbidity.
-Data for the most recent two weeks are not final and are subject to change.";Asthma;Borough;Manhattan;Age Group;Ages 18-64 years;7/2023;Count;562
"-Syndrome data are inherently non-specific and not based on diagnostic testing. While the New York City syndromic surveillance system captures 100% of all emergency department(ED) visits in the city (as of 5/1/16, 99% prior to that), the data are not comprehensive as only aproportion of residents seek care in emergency departments. Therefore the data are not exact measures of morbidity.
-Data for the most recent two weeks are not final and are subject to change.";Asthma;Borough;Manhattan;Age Group;Ages 18-64 years;8/2023;Count;553
"-Syndrome data are inherently non-specific and not based on diagnostic testing. While the New York City syndromic surveillance system captures 100% of all emergency department(ED) visits in the city (as of 5/1/16, 99% prior to that), the data are not comprehensive as only aproportion of residents seek care in emergency departments. Therefore the data are not exact measures of morbidity.
-Data for the most recent two weeks are not final and are subject to change.";Asthma;Borough;Manhattan;Age Group;Ages 18-64 years;9/2023;Count;543
"-Syndrome data are inherently non-specific and not based on diagnostic testing. While the New York City syndromic surveillance system captures 100% of all emergency department(ED) visits in the city (as of 5/1/16, 99% prior to that), the data are not comprehensive as only aproportion of residents seek care in emergency departments. Therefore the data are not exact measures of morbidity.
-Data for the most recent two weeks are not final and are subject to change.";Asthma;Borough;Manhattan;Age Group;Ages 18-64 years;10/2023;Count;632
"-Syndrome data are inherently non-specific and not based on diagnostic testing. While the New York City syndromic surveillance system captures 100% of all emergency department(ED) visits in the city (as of 5/1/16, 99% prior to that), the data are not comprehensive as only aproportion of residents seek care in emergency departments. Therefore the data are not exact measures of morbidity.
-Data for the most recent two weeks are not final and are subject to change.";Asthma;Borough;Manhattan;Age Group;Ages 18-64 years;11/2023;Count;553
"-Syndrome data are inherently non-specific and not based on diagnostic testing. While the New York City syndromic surveillance system captures 100% of all emergency department(ED) visits in the city (as of 5/1/16, 99% prior to that), the data are not comprehensive as only aproportion of residents seek care in emergency departments. Therefore the data are not exact measures of morbidity.
-Data for the most recent two weeks are not final and are subject to change.";Asthma;Borough;Manhattan;Age Group;Ages 18-64 years;12/2023;Count;572
"-Syndrome data are inherently non-specific and not based on diagnostic testing. While the New York City syndromic surveillance system captures 100% of all emergency department(ED) visits in the city (as of 5/1/16, 99% prior to that), the data are not comprehensive as only aproportion of residents seek care in emergency departments. Therefore the data are not exact measures of morbidity.
-Data for the most recent two weeks are not final and are subject to change.";Asthma;Borough;Manhattan;Age Group;Ages 18-64 years;1/2024;Count;553
"-Syndrome data are inherently non-specific and not based on diagnostic testing. While the New York City syndromic surveillance system captures 100% of all emergency department(ED) visits in the city (as of 5/1/16, 99% prior to that), the data are not comprehensive as only aproportion of residents seek care in emergency departments. Therefore the data are not exact measures of morbidity.
-Data for the most recent two weeks are not final and are subject to change.";Asthma;Borough;Manhattan;Age Group;Ages 18-64 years;2/2024;Count;569
"-Syndrome data are inherently non-specific and not based on diagnostic testing. While the New York City syndromic surveillance system captures 100% of all emergency department(ED) visits in the city (as of 5/1/16, 99% prior to that), the data are not comprehensive as only aproportion of residents seek care in emergency departments. Therefore the data are not exact measures of morbidity.
-Data for the most recent two weeks are not final and are subject to change.";Asthma;Borough;Manhattan;Age Group;Ages 18-64 years;3/2024;Count;539
"-Syndrome data are inherently non-specific and not based on diagnostic testing. While the New York City syndromic surveillance system captures 100% of all emergency department(ED) visits in the city (as of 5/1/16, 99% prior to that), the data are not comprehensive as only aproportion of residents seek care in emergency departments. Therefore the data are not exact measures of morbidity.
-Data for the most recent two weeks are not final and are subject to change.";Asthma;Borough;Manhattan;Age Group;Ages 18-64 years;4/2024;Count;631
"-Syndrome data are inherently non-specific and not based on diagnostic testing. While the New York City syndromic surveillance system captures 100% of all emergency department(ED) visits in the city (as of 5/1/16, 99% prior to that), the data are not comprehensive as only aproportion of residents seek care in emergency departments. Therefore the data are not exact measures of morbidity.
-Data for the most recent two weeks are not final and are subject to change.";Asthma;Borough;Manhattan;Age Group;Ages 18-64 years;5/2024;Count;665
"-Syndrome data are inherently non-specific and not based on diagnostic testing. While the New York City syndromic surveillance system captures 100% of all emergency department(ED) visits in the city (as of 5/1/16, 99% prior to that), the data are not comprehensive as only aproportion of residents seek care in emergency departments. Therefore the data are not exact measures of morbidity.
-Data for the most recent two weeks are not final and are subject to change.";Asthma;Borough;Manhattan;Age Group;Ages 18-64 years;6/2024;Count;500
"-Syndrome data are inherently non-specific and not based on diagnostic testing. While the New York City syndromic surveillance system captures 100% of all emergency department(ED) visits in the city (as of 5/1/16, 99% prior to that), the data are not comprehensive as only aproportion of residents seek care in emergency departments. Therefore the data are not exact measures of morbidity.
-Data for the most recent two weeks are not final and are subject to change.";Asthma;Borough;Manhattan;Age Group;Ages 18-64 years;7/2024;Count;561
"-Syndrome data are inherently non-specific and not based on diagnostic testing. While the New York City syndromic surveillance system captures 100% of all emergency department(ED) visits in the city (as of 5/1/16, 99% prior to that), the data are not comprehensive as only aproportion of residents seek care in emergency departments. Therefore the data are not exact measures of morbidity.
-Data for the most recent two weeks are not final and are subject to change.";Asthma;Borough;Manhattan;Age Group;Ages 18-64 years;8/2024;Count;495
"-Syndrome data are inherently non-specific and not based on diagnostic testing. While the New York City syndromic surveillance system captures 100% of all emergency department(ED) visits in the city (as of 5/1/16, 99% prior to that), the data are not comprehensive as only aproportion of residents seek care in emergency departments. Therefore the data are not exact measures of morbidity.
-Data for the most recent two weeks are not final and are subject to change.";Asthma;Borough;Manhattan;Age Group;Ages 18-64 years;9/2024;Count;582
"-Syndrome data are inherently non-specific and not based on diagnostic testing. While the New York City syndromic surveillance system captures 100% of all emergency department(ED) visits in the city (as of 5/1/16, 99% prior to that), the data are not comprehensive as only aproportion of residents seek care in emergency departments. Therefore the data are not exact measures of morbidity.
-Data for the most recent two weeks are not final and are subject to change.";Asthma;Borough;Manhattan;Age Group;Ages 18-64 years;10/2024;Count;679
"-Syndrome data are inherently non-specific and not based on diagnostic testing. While the New York City syndromic surveillance system captures 100% of all emergency department(ED) visits in the city (as of 5/1/16, 99% prior to that), the data are not comprehensive as only aproportion of residents seek care in emergency departments. Therefore the data are not exact measures of morbidity.
-Data for the most recent two weeks are not final and are subject to change.";Asthma;Borough;Manhattan;Age Group;Ages 18-64 years;11/2024;Count;607
"-Syndrome data are inherently non-specific and not based on diagnostic testing. While the New York City syndromic surveillance system captures 100% of all emergency department(ED) visits in the city (as of 5/1/16, 99% prior to that), the data are not comprehensive as only aproportion of residents seek care in emergency departments. Therefore the data are not exact measures of morbidity.
-Data for the most recent two weeks are not final and are subject to change.";Asthma;Borough;Manhattan;Age Group;Ages 18-64 years;12/2024;Count;605
"-Syndrome data are inherently non-specific and not based on diagnostic testing. While the New York City syndromic surveillance system captures 100% of all emergency department(ED) visits in the city (as of 5/1/16, 99% prior to that), the data are not comprehensive as only aproportion of residents seek care in emergency departments. Therefore the data are not exact measures of morbidity.
-Data for the most recent two weeks are not final and are subject to change.";Asthma;Borough;Manhattan;Age Group;Ages 18-64 years;1/2025;Count;576
"-Syndrome data are inherently non-specific and not based on diagnostic testing. While the New York City syndromic surveillance system captures 100% of all emergency department(ED) visits in the city (as of 5/1/16, 99% prior to that), the data are not comprehensive as only aproportion of residents seek care in emergency departments. Therefore the data are not exact measures of morbidity.
-Data for the most recent two weeks are not final and are subject to change.";Asthma;Borough;Manhattan;Age Group;Ages 18-64 years;2/2025;Count;417
"-Syndrome data are inherently non-specific and not based on diagnostic testing. While the New York City syndromic surveillance system captures 100% of all emergency department(ED) visits in the city (as of 5/1/16, 99% prior to that), the data are not comprehensive as only aproportion of residents seek care in emergency departments. Therefore the data are not exact measures of morbidity.
-Data for the most recent two weeks are not final and are subject to change.";Asthma;Borough;Manhattan;Age Group;Ages 18-64 years;3/2025;Count;517
"-Syndrome data are inherently non-specific and not based on diagnostic testing. While the New York City syndromic surveillance system captures 100% of all emergency department(ED) visits in the city (as of 5/1/16, 99% prior to that), the data are not comprehensive as only aproportion of residents seek care in emergency departments. Therefore the data are not exact measures of morbidity.
-Data for the most recent two weeks are not final and are subject to change.";Asthma;Borough;Manhattan;Age Group;Ages 18-64 years;4/2025;Count;544
"-Syndrome data are inherently non-specific and not based on diagnostic testing. While the New York City syndromic surveillance system captures 100% of all emergency department(ED) visits in the city (as of 5/1/16, 99% prior to that), the data are not comprehensive as only aproportion of residents seek care in emergency departments. Therefore the data are not exact measures of morbidity.
-Data for the most recent two weeks are not final and are subject to change.";Asthma;Borough;Manhattan;Age Group;Ages 18-64 years;5/2025;Count;629
"-Syndrome data are inherently non-specific and not based on diagnostic testing. While the New York City syndromic surveillance system captures 100% of all emergency department(ED) visits in the city (as of 5/1/16, 99% prior to that), the data are not comprehensive as only aproportion of residents seek care in emergency departments. Therefore the data are not exact measures of morbidity.
-Data for the most recent two weeks are not final and are subject to change.";Asthma;Borough;Manhattan;Age Group;Ages 18-64 years;6/2025;Count;508
"-Syndrome data are inherently non-specific and not based on diagnostic testing. While the New York City syndromic surveillance system captures 100% of all emergency department(ED) visits in the city (as of 5/1/16, 99% prior to that), the data are not comprehensive as only aproportion of residents seek care in emergency departments. Therefore the data are not exact measures of morbidity.
-Data for the most recent two weeks are not final and are subject to change.";Asthma;Borough;Manhattan;Age Group;Ages 18-64 years;7/2025;Count;483
"-Syndrome data are inherently non-specific and not based on diagnostic testing. While the New York City syndromic surveillance system captures 100% of all emergency department(ED) visits in the city (as of 5/1/16, 99% prior to that), the data are not comprehensive as only aproportion of residents seek care in emergency departments. Therefore the data are not exact measures of morbidity.
-Data for the most recent two weeks are not final and are subject to change.";Asthma;Borough;Manhattan;Age Group;Ages 18-64 years;8/2025;Count;482
"-Syndrome data are inherently non-specific and not based on diagnostic testing. While the New York City syndromic surveillance system captures 100% of all emergency department(ED) visits in the city (as of 5/1/16, 99% prior to that), the data are not comprehensive as only aproportion of residents seek care in emergency departments. Therefore the data are not exact measures of morbidity.
-Data for the most recent two weeks are not final and are subject to change.";Asthma;Borough;Manhattan;Age Group;Ages 18-64 years;9/2025;Count;594
"-Syndrome data are inherently non-specific and not based on diagnostic testing. While the New York City syndromic surveillance system captures 100% of all emergency department(ED) visits in the city (as of 5/1/16, 99% prior to that), the data are not comprehensive as only aproportion of residents seek care in emergency departments. Therefore the data are not exact measures of morbidity.
-Data for the most recent two weeks are not final and are subject to change.";Asthma;Borough;Manhattan;Age Group;Ages 18-64 years;10/2025;Count;578
"-Syndrome data are inherently non-specific and not based on diagnostic testing. While the New York City syndromic surveillance system captures 100% of all emergency department(ED) visits in the city (as of 5/1/16, 99% prior to that), the data are not comprehensive as only aproportion of residents seek care in emergency departments. Therefore the data are not exact measures of morbidity.
-Data for the most recent two weeks are not final and are subject to change.";Asthma;Borough;Manhattan;Age Group;Ages 18-64 years;11/2025;Count;12
"-Syndrome data are inherently non-specific and not based on diagnostic testing. While the New York City syndromic surveillance system captures 100% of all emergency department(ED) visits in the city (as of 5/1/16, 99% prior to that), the data are not comprehensive as only aproportion of residents seek care in emergency departments. Therefore the data are not exact measures of morbidity.
-Data for the most recent two weeks are not final and are subject to change.";Asthma;Borough;Manhattan;Age Group;Ages 65+ years;3/2022;Count;146
"-Syndrome data are inherently non-specific and not based on diagnostic testing. While the New York City syndromic surveillance system captures 100% of all emergency department(ED) visits in the city (as of 5/1/16, 99% prior to that), the data are not comprehensive as only aproportion of residents seek care in emergency departments. Therefore the data are not exact measures of morbidity.
-Data for the most recent two weeks are not final and are subject to change.";Asthma;Borough;Manhattan;Age Group;Ages 65+ years;4/2022;Count;151
"-Syndrome data are inherently non-specific and not based on diagnostic testing. While the New York City syndromic surveillance system captures 100% of all emergency department(ED) visits in the city (as of 5/1/16, 99% prior to that), the data are not comprehensive as only aproportion of residents seek care in emergency departments. Therefore the data are not exact measures of morbidity.
-Data for the most recent two weeks are not final and are subject to change.";Asthma;Borough;Manhattan;Age Group;Ages 65+ years;5/2022;Count;165
"-Syndrome data are inherently non-specific and not based on diagnostic testing. While the New York City syndromic surveillance system captures 100% of all emergency department(ED) visits in the city (as of 5/1/16, 99% prior to that), the data are not comprehensive as only aproportion of residents seek care in emergency departments. Therefore the data are not exact measures of morbidity.
-Data for the most recent two weeks are not final and are subject to change.";Asthma;Borough;Manhattan;Age Group;Ages 65+ years;6/2022;Count;122
"-Syndrome data are inherently non-specific and not based on diagnostic testing. While the New York City syndromic surveillance system captures 100% of all emergency department(ED) visits in the city (as of 5/1/16, 99% prior to that), the data are not comprehensive as only aproportion of residents seek care in emergency departments. Therefore the data are not exact measures of morbidity.
-Data for the most recent two weeks are not final and are subject to change.";Asthma;Borough;Manhattan;Age Group;Ages 65+ years;7/2022;Count;120
"-Syndrome data are inherently non-specific and not based on diagnostic testing. While the New York City syndromic surveillance system captures 100% of all emergency department(ED) visits in the city (as of 5/1/16, 99% prior to that), the data are not comprehensive as only aproportion of residents seek care in emergency departments. Therefore the data are not exact measures of morbidity.
-Data for the most recent two weeks are not final and are subject to change.";Asthma;Borough;Manhattan;Age Group;Ages 65+ years;8/2022;Count;107
"-Syndrome data are inherently non-specific and not based on diagnostic testing. While the New York City syndromic surveillance system captures 100% of all emergency department(ED) visits in the city (as of 5/1/16, 99% prior to that), the data are not comprehensive as only aproportion of residents seek care in emergency departments. Therefore the data are not exact measures of morbidity.
-Data for the most recent two weeks are not final and are subject to change.";Asthma;Borough;Manhattan;Age Group;Ages 65+ years;9/2022;Count;133
"-Syndrome data are inherently non-specific and not based on diagnostic testing. While the New York City syndromic surveillance system captures 100% of all emergency department(ED) visits in the city (as of 5/1/16, 99% prior to that), the data are not comprehensive as only aproportion of residents seek care in emergency departments. Therefore the data are not exact measures of morbidity.
-Data for the most recent two weeks are not final and are subject to change.";Asthma;Borough;Manhattan;Age Group;Ages 65+ years;10/2022;Count;169
"-Syndrome data are inherently non-specific and not based on diagnostic testing. While the New York City syndromic surveillance system captures 100% of all emergency department(ED) visits in the city (as of 5/1/16, 99% prior to that), the data are not comprehensive as only aproportion of residents seek care in emergency departments. Therefore the data are not exact measures of morbidity.
-Data for the most recent two weeks are not final and are subject to change.";Asthma;Borough;Manhattan;Age Group;Ages 65+ years;11/2022;Count;154
"-Syndrome data are inherently non-specific and not based on diagnostic testing. While the New York City syndromic surveillance system captures 100% of all emergency department(ED) visits in the city (as of 5/1/16, 99% prior to that), the data are not comprehensive as only aproportion of residents seek care in emergency departments. Therefore the data are not exact measures of morbidity.
-Data for the most recent two weeks are not final and are subject to change.";Asthma;Borough;Manhattan;Age Group;Ages 65+ years;12/2022;Count;119
"-Syndrome data are inherently non-specific and not based on diagnostic testing. While the New York City syndromic surveillance system captures 100% of all emergency department(ED) visits in the city (as of 5/1/16, 99% prior to that), the data are not comprehensive as only aproportion of residents seek care in emergency departments. Therefore the data are not exact measures of morbidity.
-Data for the most recent two weeks are not final and are subject to change.";Asthma;Borough;Manhattan;Age Group;Ages 65+ years;1/2023;Count;139
"-Syndrome data are inherently non-specific and not based on diagnostic testing. While the New York City syndromic surveillance system captures 100% of all emergency department(ED) visits in the city (as of 5/1/16, 99% prior to that), the data are not comprehensive as only aproportion of residents seek care in emergency departments. Therefore the data are not exact measures of morbidity.
-Data for the most recent two weeks are not final and are subject to change.";Asthma;Borough;Manhattan;Age Group;Ages 65+ years;2/2023;Count;146
"-Syndrome data are inherently non-specific and not based on diagnostic testing. While the New York City syndromic surveillance system captures 100% of all emergency department(ED) visits in the city (as of 5/1/16, 99% prior to that), the data are not comprehensive as only aproportion of residents seek care in emergency departments. Therefore the data are not exact measures of morbidity.
-Data for the most recent two weeks are not final and are subject to change.";Asthma;Borough;Manhattan;Age Group;Ages 65+ years;3/2023;Count;153
"-Syndrome data are inherently non-specific and not based on diagnostic testing. While the New York City syndromic surveillance system captures 100% of all emergency department(ED) visits in the city (as of 5/1/16, 99% prior to that), the data are not comprehensive as only aproportion of residents seek care in emergency departments. Therefore the data are not exact measures of morbidity.
-Data for the most recent two weeks are not final and are subject to change.";Asthma;Borough;Manhattan;Age Group;Ages 65+ years;4/2023;Count;159
"-Syndrome data are inherently non-specific and not based on diagnostic testing. While the New York City syndromic surveillance system captures 100% of all emergency department(ED) visits in the city (as of 5/1/16, 99% prior to that), the data are not comprehensive as only aproportion of residents seek care in emergency departments. Therefore the data are not exact measures of morbidity.
-Data for the most recent two weeks are not final and are subject to change.";Asthma;Borough;Manhattan;Age Group;Ages 65+ years;5/2023;Count;165
"-Syndrome data are inherently non-specific and not based on diagnostic testing. While the New York City syndromic surveillance system captures 100% of all emergency department(ED) visits in the city (as of 5/1/16, 99% prior to that), the data are not comprehensive as only aproportion of residents seek care in emergency departments. Therefore the data are not exact measures of morbidity.
-Data for the most recent two weeks are not final and are subject to change.";Asthma;Borough;Manhattan;Age Group;Ages 65+ years;6/2023;Count;133
"-Syndrome data are inherently non-specific and not based on diagnostic testing. While the New York City syndromic surveillance system captures 100% of all emergency department(ED) visits in the city (as of 5/1/16, 99% prior to that), the data are not comprehensive as only aproportion of residents seek care in emergency departments. Therefore the data are not exact measures of morbidity.
-Data for the most recent two weeks are not final and are subject to change.";Asthma;Borough;Manhattan;Age Group;Ages 65+ years;7/2023;Count;114
"-Syndrome data are inherently non-specific and not based on diagnostic testing. While the New York City syndromic surveillance system captures 100% of all emergency department(ED) visits in the city (as of 5/1/16, 99% prior to that), the data are not comprehensive as only aproportion of residents seek care in emergency departments. Therefore the data are not exact measures of morbidity.
-Data for the most recent two weeks are not final and are subject to change.";Asthma;Borough;Manhattan;Age Group;Ages 65+ years;8/2023;Count;131
"-Syndrome data are inherently non-specific and not based on diagnostic testing. While the New York City syndromic surveillance system captures 100% of all emergency department(ED) visits in the city (as of 5/1/16, 99% prior to that), the data are not comprehensive as only aproportion of residents seek care in emergency departments. Therefore the data are not exact measures of morbidity.
-Data for the most recent two weeks are not final and are subject to change.";Asthma;Borough;Manhattan;Age Group;Ages 65+ years;9/2023;Count;127
"-Syndrome data are inherently non-specific and not based on diagnostic testing. While the New York City syndromic surveillance system captures 100% of all emergency department(ED) visits in the city (as of 5/1/16, 99% prior to that), the data are not comprehensive as only aproportion of residents seek care in emergency departments. Therefore the data are not exact measures of morbidity.
-Data for the most recent two weeks are not final and are subject to change.";Asthma;Borough;Manhattan;Age Group;Ages 65+ years;10/2023;Count;137
"-Syndrome data are inherently non-specific and not based on diagnostic testing. While the New York City syndromic surveillance system captures 100% of all emergency department(ED) visits in the city (as of 5/1/16, 99% prior to that), the data are not comprehensive as only aproportion of residents seek care in emergency departments. Therefore the data are not exact measures of morbidity.
-Data for the most recent two weeks are not final and are subject to change.";Asthma;Borough;Manhattan;Age Group;Ages 65+ years;11/2023;Count;136
"-Syndrome data are inherently non-specific and not based on diagnostic testing. While the New York City syndromic surveillance system captures 100% of all emergency department(ED) visits in the city (as of 5/1/16, 99% prior to that), the data are not comprehensive as only aproportion of residents seek care in emergency departments. Therefore the data are not exact measures of morbidity.
-Data for the most recent two weeks are not final and are subject to change.";Asthma;Borough;Manhattan;Age Group;Ages 65+ years;12/2023;Count;157
"-Syndrome data are inherently non-specific and not based on diagnostic testing. While the New York City syndromic surveillance system captures 100% of all emergency department(ED) visits in the city (as of 5/1/16, 99% prior to that), the data are not comprehensive as only aproportion of residents seek care in emergency departments. Therefore the data are not exact measures of morbidity.
-Data for the most recent two weeks are not final and are subject to change.";Asthma;Borough;Manhattan;Age Group;Ages 65+ years;1/2024;Count;136
"-Syndrome data are inherently non-specific and not based on diagnostic testing. While the New York City syndromic surveillance system captures 100% of all emergency department(ED) visits in the city (as of 5/1/16, 99% prior to that), the data are not comprehensive as only aproportion of residents seek care in emergency departments. Therefore the data are not exact measures of morbidity.
-Data for the most recent two weeks are not final and are subject to change.";Asthma;Borough;Manhattan;Age Group;Ages 65+ years;2/2024;Count;150
"-Syndrome data are inherently non-specific and not based on diagnostic testing. While the New York City syndromic surveillance system captures 100% of all emergency department(ED) visits in the city (as of 5/1/16, 99% prior to that), the data are not comprehensive as only aproportion of residents seek care in emergency departments. Therefore the data are not exact measures of morbidity.
-Data for the most recent two weeks are not final and are subject to change.";Asthma;Borough;Manhattan;Age Group;Ages 65+ years;3/2024;Count;157
"-Syndrome data are inherently non-specific and not based on diagnostic testing. While the New York City syndromic surveillance system captures 100% of all emergency department(ED) visits in the city (as of 5/1/16, 99% prior to that), the data are not comprehensive as only aproportion of residents seek care in emergency departments. Therefore the data are not exact measures of morbidity.
-Data for the most recent two weeks are not final and are subject to change.";Asthma;Borough;Manhattan;Age Group;Ages 65+ years;4/2024;Count;148
"-Syndrome data are inherently non-specific and not based on diagnostic testing. While the New York City syndromic surveillance system captures 100% of all emergency department(ED) visits in the city (as of 5/1/16, 99% prior to that), the data are not comprehensive as only aproportion of residents seek care in emergency departments. Therefore the data are not exact measures of morbidity.
-Data for the most recent two weeks are not final and are subject to change.";Asthma;Borough;Manhattan;Age Group;Ages 65+ years;5/2024;Count;158
"-Syndrome data are inherently non-specific and not based on diagnostic testing. While the New York City syndromic surveillance system captures 100% of all emergency department(ED) visits in the city (as of 5/1/16, 99% prior to that), the data are not comprehensive as only aproportion of residents seek care in emergency departments. Therefore the data are not exact measures of morbidity.
-Data for the most recent two weeks are not final and are subject to change.";Asthma;Borough;Manhattan;Age Group;Ages 65+ years;6/2024;Count;165
"-Syndrome data are inherently non-specific and not based on diagnostic testing. While the New York City syndromic surveillance system captures 100% of all emergency department(ED) visits in the city (as of 5/1/16, 99% prior to that), the data are not comprehensive as only aproportion of residents seek care in emergency departments. Therefore the data are not exact measures of morbidity.
-Data for the most recent two weeks are not final and are subject to change.";Asthma;Borough;Manhattan;Age Group;Ages 65+ years;7/2024;Count;147
"-Syndrome data are inherently non-specific and not based on diagnostic testing. While the New York City syndromic surveillance system captures 100% of all emergency department(ED) visits in the city (as of 5/1/16, 99% prior to that), the data are not comprehensive as only aproportion of residents seek care in emergency departments. Therefore the data are not exact measures of morbidity.
-Data for the most recent two weeks are not final and are subject to change.";Asthma;Borough;Manhattan;Age Group;Ages 65+ years;8/2024;Count;128
"-Syndrome data are inherently non-specific and not based on diagnostic testing. While the New York City syndromic surveillance system captures 100% of all emergency department(ED) visits in the city (as of 5/1/16, 99% prior to that), the data are not comprehensive as only aproportion of residents seek care in emergency departments. Therefore the data are not exact measures of morbidity.
-Data for the most recent two weeks are not final and are subject to change.";Asthma;Borough;Manhattan;Age Group;Ages 65+ years;9/2024;Count;124
"-Syndrome data are inherently non-specific and not based on diagnostic testing. While the New York City syndromic surveillance system captures 100% of all emergency department(ED) visits in the city (as of 5/1/16, 99% prior to that), the data are not comprehensive as only aproportion of residents seek care in emergency departments. Therefore the data are not exact measures of morbidity.
-Data for the most recent two weeks are not final and are subject to change.";Asthma;Borough;Manhattan;Age Group;Ages 65+ years;10/2024;Count;140
"-Syndrome data are inherently non-specific and not based on diagnostic testing. While the New York City syndromic surveillance system captures 100% of all emergency department(ED) visits in the city (as of 5/1/16, 99% prior to that), the data are not comprehensive as only aproportion of residents seek care in emergency departments. Therefore the data are not exact measures of morbidity.
-Data for the most recent two weeks are not final and are subject to change.";Asthma;Borough;Manhattan;Age Group;Ages 65+ years;11/2024;Count;103
"-Syndrome data are inherently non-specific and not based on diagnostic testing. While the New York City syndromic surveillance system captures 100% of all emergency department(ED) visits in the city (as of 5/1/16, 99% prior to that), the data are not comprehensive as only aproportion of residents seek care in emergency departments. Therefore the data are not exact measures of morbidity.
-Data for the most recent two weeks are not final and are subject to change.";Asthma;Borough;Manhattan;Age Group;Ages 65+ years;12/2024;Count;144
"-Syndrome data are inherently non-specific and not based on diagnostic testing. While the New York City syndromic surveillance system captures 100% of all emergency department(ED) visits in the city (as of 5/1/16, 99% prior to that), the data are not comprehensive as only aproportion of residents seek care in emergency departments. Therefore the data are not exact measures of morbidity.
-Data for the most recent two weeks are not final and are subject to change.";Asthma;Borough;Manhattan;Age Group;Ages 65+ years;1/2025;Count;155
"-Syndrome data are inherently non-specific and not based on diagnostic testing. While the New York City syndromic surveillance system captures 100% of all emergency department(ED) visits in the city (as of 5/1/16, 99% prior to that), the data are not comprehensive as only aproportion of residents seek care in emergency departments. Therefore the data are not exact measures of morbidity.
-Data for the most recent two weeks are not final and are subject to change.";Asthma;Borough;Manhattan;Age Group;Ages 65+ years;2/2025;Count;118
"-Syndrome data are inherently non-specific and not based on diagnostic testing. While the New York City syndromic surveillance system captures 100% of all emergency department(ED) visits in the city (as of 5/1/16, 99% prior to that), the data are not comprehensive as only aproportion of residents seek care in emergency departments. Therefore the data are not exact measures of morbidity.
-Data for the most recent two weeks are not final and are subject to change.";Asthma;Borough;Manhattan;Age Group;Ages 65+ years;3/2025;Count;127
"-Syndrome data are inherently non-specific and not based on diagnostic testing. While the New York City syndromic surveillance system captures 100% of all emergency department(ED) visits in the city (as of 5/1/16, 99% prior to that), the data are not comprehensive as only aproportion of residents seek care in emergency departments. Therefore the data are not exact measures of morbidity.
-Data for the most recent two weeks are not final and are subject to change.";Asthma;Borough;Manhattan;Age Group;Ages 65+ years;4/2025;Count;158
"-Syndrome data are inherently non-specific and not based on diagnostic testing. While the New York City syndromic surveillance system captures 100% of all emergency department(ED) visits in the city (as of 5/1/16, 99% prior to that), the data are not comprehensive as only aproportion of residents seek care in emergency departments. Therefore the data are not exact measures of morbidity.
-Data for the most recent two weeks are not final and are subject to change.";Asthma;Borough;Manhattan;Age Group;Ages 65+ years;5/2025;Count;143
"-Syndrome data are inherently non-specific and not based on diagnostic testing. While the New York City syndromic surveillance system captures 100% of all emergency department(ED) visits in the city (as of 5/1/16, 99% prior to that), the data are not comprehensive as only aproportion of residents seek care in emergency departments. Therefore the data are not exact measures of morbidity.
-Data for the most recent two weeks are not final and are subject to change.";Asthma;Borough;Manhattan;Age Group;Ages 65+ years;6/2025;Count;146
"-Syndrome data are inherently non-specific and not based on diagnostic testing. While the New York City syndromic surveillance system captures 100% of all emergency department(ED) visits in the city (as of 5/1/16, 99% prior to that), the data are not comprehensive as only aproportion of residents seek care in emergency departments. Therefore the data are not exact measures of morbidity.
-Data for the most recent two weeks are not final and are subject to change.";Asthma;Borough;Manhattan;Age Group;Ages 65+ years;7/2025;Count;150
"-Syndrome data are inherently non-specific and not based on diagnostic testing. While the New York City syndromic surveillance system captures 100% of all emergency department(ED) visits in the city (as of 5/1/16, 99% prior to that), the data are not comprehensive as only aproportion of residents seek care in emergency departments. Therefore the data are not exact measures of morbidity.
-Data for the most recent two weeks are not final and are subject to change.";Asthma;Borough;Manhattan;Age Group;Ages 65+ years;8/2025;Count;126
"-Syndrome data are inherently non-specific and not based on diagnostic testing. While the New York City syndromic surveillance system captures 100% of all emergency department(ED) visits in the city (as of 5/1/16, 99% prior to that), the data are not comprehensive as only aproportion of residents seek care in emergency departments. Therefore the data are not exact measures of morbidity.
-Data for the most recent two weeks are not final and are subject to change.";Asthma;Borough;Manhattan;Age Group;Ages 65+ years;9/2025;Count;156
"-Syndrome data are inherently non-specific and not based on diagnostic testing. While the New York City syndromic surveillance system captures 100% of all emergency department(ED) visits in the city (as of 5/1/16, 99% prior to that), the data are not comprehensive as only aproportion of residents seek care in emergency departments. Therefore the data are not exact measures of morbidity.
-Data for the most recent two weeks are not final and are subject to change.";Asthma;Borough;Manhattan;Age Group;Ages 65+ years;10/2025;Count;154
"-Syndrome data are inherently non-specific and not based on diagnostic testing. While the New York City syndromic surveillance system captures 100% of all emergency department(ED) visits in the city (as of 5/1/16, 99% prior to that), the data are not comprehensive as only aproportion of residents seek care in emergency departments. Therefore the data are not exact measures of morbidity.
-Data for the most recent two weeks are not final and are subject to change.";Asthma;Borough;Manhattan;Age Group;Ages 65+ years;11/2025;Count;4
"-Syndrome data are inherently non-specific and not based on diagnostic testing. While the New York City syndromic surveillance system captures 100% of all emergency department(ED) visits in the city (as of 5/1/16, 99% prior to that), the data are not comprehensive as only aproportion of residents seek care in emergency departments. Therefore the data are not exact measures of morbidity.
-Data for the most recent two weeks are not final and are subject to change.";Asthma;Borough;Queens;Age Group;All age groups;3/2022;Count;873
"-Syndrome data are inherently non-specific and not based on diagnostic testing. While the New York City syndromic surveillance system captures 100% of all emergency department(ED) visits in the city (as of 5/1/16, 99% prior to that), the data are not comprehensive as only aproportion of residents seek care in emergency departments. Therefore the data are not exact measures of morbidity.
-Data for the most recent two weeks are not final and are subject to change.";Asthma;Borough;Queens;Age Group;All age groups;4/2022;Count;780
"-Syndrome data are inherently non-specific and not based on diagnostic testing. While the New York City syndromic surveillance system captures 100% of all emergency department(ED) visits in the city (as of 5/1/16, 99% prior to that), the data are not comprehensive as only aproportion of residents seek care in emergency departments. Therefore the data are not exact measures of morbidity.
-Data for the most recent two weeks are not final and are subject to change.";Asthma;Borough;Queens;Age Group;All age groups;5/2022;Count;993
"-Syndrome data are inherently non-specific and not based on diagnostic testing. While the New York City syndromic surveillance system captures 100% of all emergency department(ED) visits in the city (as of 5/1/16, 99% prior to that), the data are not comprehensive as only aproportion of residents seek care in emergency departments. Therefore the data are not exact measures of morbidity.
-Data for the most recent two weeks are not final and are subject to change.";Asthma;Borough;Queens;Age Group;All age groups;6/2022;Count;705
"-Syndrome data are inherently non-specific and not based on diagnostic testing. While the New York City syndromic surveillance system captures 100% of all emergency department(ED) visits in the city (as of 5/1/16, 99% prior to that), the data are not comprehensive as only aproportion of residents seek care in emergency departments. Therefore the data are not exact measures of morbidity.
-Data for the most recent two weeks are not final and are subject to change.";Asthma;Borough;Queens;Age Group;All age groups;7/2022;Count;625
"-Syndrome data are inherently non-specific and not based on diagnostic testing. While the New York City syndromic surveillance system captures 100% of all emergency department(ED) visits in the city (as of 5/1/16, 99% prior to that), the data are not comprehensive as only aproportion of residents seek care in emergency departments. Therefore the data are not exact measures of morbidity.
-Data for the most recent two weeks are not final and are subject to change.";Asthma;Borough;Queens;Age Group;All age groups;8/2022;Count;622
"-Syndrome data are inherently non-specific and not based on diagnostic testing. While the New York City syndromic surveillance system captures 100% of all emergency department(ED) visits in the city (as of 5/1/16, 99% prior to that), the data are not comprehensive as only aproportion of residents seek care in emergency departments. Therefore the data are not exact measures of morbidity.
-Data for the most recent two weeks are not final and are subject to change.";Asthma;Borough;Queens;Age Group;All age groups;9/2022;Count;940
"-Syndrome data are inherently non-specific and not based on diagnostic testing. While the New York City syndromic surveillance system captures 100% of all emergency department(ED) visits in the city (as of 5/1/16, 99% prior to that), the data are not comprehensive as only aproportion of residents seek care in emergency departments. Therefore the data are not exact measures of morbidity.
-Data for the most recent two weeks are not final and are subject to change.";Asthma;Borough;Queens;Age Group;All age groups;10/2022;Count;1,071
"-Syndrome data are inherently non-specific and not based on diagnostic testing. While the New York City syndromic surveillance system captures 100% of all emergency department(ED) visits in the city (as of 5/1/16, 99% prior to that), the data are not comprehensive as only aproportion of residents seek care in emergency departments. Therefore the data are not exact measures of morbidity.
-Data for the most recent two weeks are not final and are subject to change.";Asthma;Borough;Queens;Age Group;All age groups;11/2022;Count;1,010
"-Syndrome data are inherently non-specific and not based on diagnostic testing. While the New York City syndromic surveillance system captures 100% of all emergency department(ED) visits in the city (as of 5/1/16, 99% prior to that), the data are not comprehensive as only aproportion of residents seek care in emergency departments. Therefore the data are not exact measures of morbidity.
-Data for the most recent two weeks are not final and are subject to change.";Asthma;Borough;Queens;Age Group;All age groups;12/2022;Count;787
"-Syndrome data are inherently non-specific and not based on diagnostic testing. While the New York City syndromic surveillance system captures 100% of all emergency department(ED) visits in the city (as of 5/1/16, 99% prior to that), the data are not comprehensive as only aproportion of residents seek care in emergency departments. Therefore the data are not exact measures of morbidity.
-Data for the most recent two weeks are not final and are subject to change.";Asthma;Borough;Queens;Age Group;All age groups;1/2023;Count;921
"-Syndrome data are inherently non-specific and not based on diagnostic testing. While the New York City syndromic surveillance system captures 100% of all emergency department(ED) visits in the city (as of 5/1/16, 99% prior to that), the data are not comprehensive as only aproportion of residents seek care in emergency departments. Therefore the data are not exact measures of morbidity.
-Data for the most recent two weeks are not final and are subject to change.";Asthma;Borough;Queens;Age Group;All age groups;2/2023;Count;821
"-Syndrome data are inherently non-specific and not based on diagnostic testing. While the New York City syndromic surveillance system captures 100% of all emergency department(ED) visits in the city (as of 5/1/16, 99% prior to that), the data are not comprehensive as only aproportion of residents seek care in emergency departments. Therefore the data are not exact measures of morbidity.
-Data for the most recent two weeks are not final and are subject to change.";Asthma;Borough;Queens;Age Group;All age groups;3/2023;Count;934
"-Syndrome data are inherently non-specific and not based on diagnostic testing. While the New York City syndromic surveillance system captures 100% of all emergency department(ED) visits in the city (as of 5/1/16, 99% prior to that), the data are not comprehensive as only aproportion of residents seek care in emergency departments. Therefore the data are not exact measures of morbidity.
-Data for the most recent two weeks are not final and are subject to change.";Asthma;Borough;Queens;Age Group;All age groups;4/2023;Count;1,099
"-Syndrome data are inherently non-specific and not based on diagnostic testing. While the New York City syndromic surveillance system captures 100% of all emergency department(ED) visits in the city (as of 5/1/16, 99% prior to that), the data are not comprehensive as only aproportion of residents seek care in emergency departments. Therefore the data are not exact measures of morbidity.
-Data for the most recent two weeks are not final and are subject to change.";Asthma;Borough;Queens;Age Group;All age groups;5/2023;Count;931
"-Syndrome data are inherently non-specific and not based on diagnostic testing. While the New York City syndromic surveillance system captures 100% of all emergency department(ED) visits in the city (as of 5/1/16, 99% prior to that), the data are not comprehensive as only aproportion of residents seek care in emergency departments. Therefore the data are not exact measures of morbidity.
-Data for the most recent two weeks are not final and are subject to change.";Asthma;Borough;Queens;Age Group;All age groups;6/2023;Count;864
"-Syndrome data are inherently non-specific and not based on diagnostic testing. While the New York City syndromic surveillance system captures 100% of all emergency department(ED) visits in the city (as of 5/1/16, 99% prior to that), the data are not comprehensive as only aproportion of residents seek care in emergency departments. Therefore the data are not exact measures of morbidity.
-Data for the most recent two weeks are not final and are subject to change.";Asthma;Borough;Queens;Age Group;All age groups;7/2023;Count;755
"-Syndrome data are inherently non-specific and not based on diagnostic testing. While the New York City syndromic surveillance system captures 100% of all emergency department(ED) visits in the city (as of 5/1/16, 99% prior to that), the data are not comprehensive as only aproportion of residents seek care in emergency departments. Therefore the data are not exact measures of morbidity.
-Data for the most recent two weeks are not final and are subject to change.";Asthma;Borough;Queens;Age Group;All age groups;8/2023;Count;733
"-Syndrome data are inherently non-specific and not based on diagnostic testing. While the New York City syndromic surveillance system captures 100% of all emergency department(ED) visits in the city (as of 5/1/16, 99% prior to that), the data are not comprehensive as only aproportion of residents seek care in emergency departments. Therefore the data are not exact measures of morbidity.
-Data for the most recent two weeks are not final and are subject to change.";Asthma;Borough;Queens;Age Group;All age groups;9/2023;Count;909
"-Syndrome data are inherently non-specific and not based on diagnostic testing. While the New York City syndromic surveillance system captures 100% of all emergency department(ED) visits in the city (as of 5/1/16, 99% prior to that), the data are not comprehensive as only aproportion of residents seek care in emergency departments. Therefore the data are not exact measures of morbidity.
-Data for the most recent two weeks are not final and are subject to change.";Asthma;Borough;Queens;Age Group;All age groups;10/2023;Count;955
"-Syndrome data are inherently non-specific and not based on diagnostic testing. While the New York City syndromic surveillance system captures 100% of all emergency department(ED) visits in the city (as of 5/1/16, 99% prior to that), the data are not comprehensive as only aproportion of residents seek care in emergency departments. Therefore the data are not exact measures of morbidity.
-Data for the most recent two weeks are not final and are subject to change.";Asthma;Borough;Queens;Age Group;All age groups;11/2023;Count;977
"-Syndrome data are inherently non-specific and not based on diagnostic testing. While the New York City syndromic surveillance system captures 100% of all emergency department(ED) visits in the city (as of 5/1/16, 99% prior to that), the data are not comprehensive as only aproportion of residents seek care in emergency departments. Therefore the data are not exact measures of morbidity.
-Data for the most recent two weeks are not final and are subject to change.";Asthma;Borough;Queens;Age Group;All age groups;12/2023;Count;922
"-Syndrome data are inherently non-specific and not based on diagnostic testing. While the New York City syndromic surveillance system captures 100% of all emergency department(ED) visits in the city (as of 5/1/16, 99% prior to that), the data are not comprehensive as only aproportion of residents seek care in emergency departments. Therefore the data are not exact measures of morbidity.
-Data for the most recent two weeks are not final and are subject to change.";Asthma;Borough;Queens;Age Group;All age groups;1/2024;Count;779
"-Syndrome data are inherently non-specific and not based on diagnostic testing. While the New York City syndromic surveillance system captures 100% of all emergency department(ED) visits in the city (as of 5/1/16, 99% prior to that), the data are not comprehensive as only aproportion of residents seek care in emergency departments. Therefore the data are not exact measures of morbidity.
-Data for the most recent two weeks are not final and are subject to change.";Asthma;Borough;Queens;Age Group;All age groups;2/2024;Count;816
"-Syndrome data are inherently non-specific and not based on diagnostic testing. While the New York City syndromic surveillance system captures 100% of all emergency department(ED) visits in the city (as of 5/1/16, 99% prior to that), the data are not comprehensive as only aproportion of residents seek care in emergency departments. Therefore the data are not exact measures of morbidity.
-Data for the most recent two weeks are not final and are subject to change.";Asthma;Borough;Queens;Age Group;All age groups;3/2024;Count;827
"-Syndrome data are inherently non-specific and not based on diagnostic testing. While the New York City syndromic surveillance system captures 100% of all emergency department(ED) visits in the city (as of 5/1/16, 99% prior to that), the data are not comprehensive as only aproportion of residents seek care in emergency departments. Therefore the data are not exact measures of morbidity.
-Data for the most recent two weeks are not final and are subject to change.";Asthma;Borough;Queens;Age Group;All age groups;4/2024;Count;824
"-Syndrome data are inherently non-specific and not based on diagnostic testing. While the New York City syndromic surveillance system captures 100% of all emergency department(ED) visits in the city (as of 5/1/16, 99% prior to that), the data are not comprehensive as only aproportion of residents seek care in emergency departments. Therefore the data are not exact measures of morbidity.
-Data for the most recent two weeks are not final and are subject to change.";Asthma;Borough;Queens;Age Group;All age groups;5/2024;Count;1,013
"-Syndrome data are inherently non-specific and not based on diagnostic testing. While the New York City syndromic surveillance system captures 100% of all emergency department(ED) visits in the city (as of 5/1/16, 99% prior to that), the data are not comprehensive as only aproportion of residents seek care in emergency departments. Therefore the data are not exact measures of morbidity.
-Data for the most recent two weeks are not final and are subject to change.";Asthma;Borough;Queens;Age Group;All age groups;6/2024;Count;795
"-Syndrome data are inherently non-specific and not based on diagnostic testing. While the New York City syndromic surveillance system captures 100% of all emergency department(ED) visits in the city (as of 5/1/16, 99% prior to that), the data are not comprehensive as only aproportion of residents seek care in emergency departments. Therefore the data are not exact measures of morbidity.
-Data for the most recent two weeks are not final and are subject to change.";Asthma;Borough;Queens;Age Group;All age groups;7/2024;Count;684
"-Syndrome data are inherently non-specific and not based on diagnostic testing. While the New York City syndromic surveillance system captures 100% of all emergency department(ED) visits in the city (as of 5/1/16, 99% prior to that), the data are not comprehensive as only aproportion of residents seek care in emergency departments. Therefore the data are not exact measures of morbidity.
-Data for the most recent two weeks are not final and are subject to change.";Asthma;Borough;Queens;Age Group;All age groups;8/2024;Count;691
"-Syndrome data are inherently non-specific and not based on diagnostic testing. While the New York City syndromic surveillance system captures 100% of all emergency department(ED) visits in the city (as of 5/1/16, 99% prior to that), the data are not comprehensive as only aproportion of residents seek care in emergency departments. Therefore the data are not exact measures of morbidity.
-Data for the most recent two weeks are not final and are subject to change.";Asthma;Borough;Queens;Age Group;All age groups;9/2024;Count;837
"-Syndrome data are inherently non-specific and not based on diagnostic testing. While the New York City syndromic surveillance system captures 100% of all emergency department(ED) visits in the city (as of 5/1/16, 99% prior to that), the data are not comprehensive as only aproportion of residents seek care in emergency departments. Therefore the data are not exact measures of morbidity.
-Data for the most recent two weeks are not final and are subject to change.";Asthma;Borough;Queens;Age Group;All age groups;10/2024;Count;1,036
"-Syndrome data are inherently non-specific and not based on diagnostic testing. While the New York City syndromic surveillance system captures 100% of all emergency department(ED) visits in the city (as of 5/1/16, 99% prior to that), the data are not comprehensive as only aproportion of residents seek care in emergency departments. Therefore the data are not exact measures of morbidity.
-Data for the most recent two weeks are not final and are subject to change.";Asthma;Borough;Queens;Age Group;All age groups;11/2024;Count;1,035
"-Syndrome data are inherently non-specific and not based on diagnostic testing. While the New York City syndromic surveillance system captures 100% of all emergency department(ED) visits in the city (as of 5/1/16, 99% prior to that), the data are not comprehensive as only aproportion of residents seek care in emergency departments. Therefore the data are not exact measures of morbidity.
-Data for the most recent two weeks are not final and are subject to change.";Asthma;Borough;Queens;Age Group;All age groups;12/2024;Count;796
"-Syndrome data are inherently non-specific and not based on diagnostic testing. While the New York City syndromic surveillance system captures 100% of all emergency department(ED) visits in the city (as of 5/1/16, 99% prior to that), the data are not comprehensive as only aproportion of residents seek care in emergency departments. Therefore the data are not exact measures of morbidity.
-Data for the most recent two weeks are not final and are subject to change.";Asthma;Borough;Queens;Age Group;All age groups;1/2025;Count;746
"-Syndrome data are inherently non-specific and not based on diagnostic testing. While the New York City syndromic surveillance system captures 100% of all emergency department(ED) visits in the city (as of 5/1/16, 99% prior to that), the data are not comprehensive as only aproportion of residents seek care in emergency departments. Therefore the data are not exact measures of morbidity.
-Data for the most recent two weeks are not final and are subject to change.";Asthma;Borough;Queens;Age Group;All age groups;2/2025;Count;665
"-Syndrome data are inherently non-specific and not based on diagnostic testing. While the New York City syndromic surveillance system captures 100% of all emergency department(ED) visits in the city (as of 5/1/16, 99% prior to that), the data are not comprehensive as only aproportion of residents seek care in emergency departments. Therefore the data are not exact measures of morbidity.
-Data for the most recent two weeks are not final and are subject to change.";Asthma;Borough;Queens;Age Group;All age groups;3/2025;Count;871
"-Syndrome data are inherently non-specific and not based on diagnostic testing. While the New York City syndromic surveillance system captures 100% of all emergency department(ED) visits in the city (as of 5/1/16, 99% prior to that), the data are not comprehensive as only aproportion of residents seek care in emergency departments. Therefore the data are not exact measures of morbidity.
-Data for the most recent two weeks are not final and are subject to change.";Asthma;Borough;Queens;Age Group;All age groups;4/2025;Count;858
"-Syndrome data are inherently non-specific and not based on diagnostic testing. While the New York City syndromic surveillance system captures 100% of all emergency department(ED) visits in the city (as of 5/1/16, 99% prior to that), the data are not comprehensive as only aproportion of residents seek care in emergency departments. Therefore the data are not exact measures of morbidity.
-Data for the most recent two weeks are not final and are subject to change.";Asthma;Borough;Queens;Age Group;All age groups;5/2025;Count;982
"-Syndrome data are inherently non-specific and not based on diagnostic testing. While the New York City syndromic surveillance system captures 100% of all emergency department(ED) visits in the city (as of 5/1/16, 99% prior to that), the data are not comprehensive as only aproportion of residents seek care in emergency departments. Therefore the data are not exact measures of morbidity.
-Data for the most recent two weeks are not final and are subject to change.";Asthma;Borough;Queens;Age Group;All age groups;6/2025;Count;700
"-Syndrome data are inherently non-specific and not based on diagnostic testing. While the New York City syndromic surveillance system captures 100% of all emergency department(ED) visits in the city (as of 5/1/16, 99% prior to that), the data are not comprehensive as only aproportion of residents seek care in emergency departments. Therefore the data are not exact measures of morbidity.
-Data for the most recent two weeks are not final and are subject to change.";Asthma;Borough;Queens;Age Group;All age groups;7/2025;Count;586
"-Syndrome data are inherently non-specific and not based on diagnostic testing. While the New York City syndromic surveillance system captures 100% of all emergency department(ED) visits in the city (as of 5/1/16, 99% prior to that), the data are not comprehensive as only aproportion of residents seek care in emergency departments. Therefore the data are not exact measures of morbidity.
-Data for the most recent two weeks are not final and are subject to change.";Asthma;Borough;Queens;Age Group;All age groups;8/2025;Count;578
"-Syndrome data are inherently non-specific and not based on diagnostic testing. While the New York City syndromic surveillance system captures 100% of all emergency department(ED) visits in the city (as of 5/1/16, 99% prior to that), the data are not comprehensive as only aproportion of residents seek care in emergency departments. Therefore the data are not exact measures of morbidity.
-Data for the most recent two weeks are not final and are subject to change.";Asthma;Borough;Queens;Age Group;All age groups;9/2025;Count;857
"-Syndrome data are inherently non-specific and not based on diagnostic testing. While the New York City syndromic surveillance system captures 100% of all emergency department(ED) visits in the city (as of 5/1/16, 99% prior to that), the data are not comprehensive as only aproportion of residents seek care in emergency departments. Therefore the data are not exact measures of morbidity.
-Data for the most recent two weeks are not final and are subject to change.";Asthma;Borough;Queens;Age Group;All age groups;10/2025;Count;821
"-Syndrome data are inherently non-specific and not based on diagnostic testing. While the New York City syndromic surveillance system captures 100% of all emergency department(ED) visits in the city (as of 5/1/16, 99% prior to that), the data are not comprehensive as only aproportion of residents seek care in emergency departments. Therefore the data are not exact measures of morbidity.
-Data for the most recent two weeks are not final and are subject to change.";Asthma;Borough;Queens;Age Group;All age groups;11/2025;Count;22
"-Syndrome data are inherently non-specific and not based on diagnostic testing. While the New York City syndromic surveillance system captures 100% of all emergency department(ED) visits in the city (as of 5/1/16, 99% prior to that), the data are not comprehensive as only aproportion of residents seek care in emergency departments. Therefore the data are not exact measures of morbidity.
-Data for the most recent two weeks are not final and are subject to change.";Asthma;Borough;Queens;Age Group;Ages 0-4 years;3/2022;Count;87
"-Syndrome data are inherently non-specific and not based on diagnostic testing. While the New York City syndromic surveillance system captures 100% of all emergency department(ED) visits in the city (as of 5/1/16, 99% prior to that), the data are not comprehensive as only aproportion of residents seek care in emergency departments. Therefore the data are not exact measures of morbidity.
-Data for the most recent two weeks are not final and are subject to change.";Asthma;Borough;Queens;Age Group;Ages 0-4 years;4/2022;Count;62
"-Syndrome data are inherently non-specific and not based on diagnostic testing. While the New York City syndromic surveillance system captures 100% of all emergency department(ED) visits in the city (as of 5/1/16, 99% prior to that), the data are not comprehensive as only aproportion of residents seek care in emergency departments. Therefore the data are not exact measures of morbidity.
-Data for the most recent two weeks are not final and are subject to change.";Asthma;Borough;Queens;Age Group;Ages 0-4 years;5/2022;Count;74
"-Syndrome data are inherently non-specific and not based on diagnostic testing. While the New York City syndromic surveillance system captures 100% of all emergency department(ED) visits in the city (as of 5/1/16, 99% prior to that), the data are not comprehensive as only aproportion of residents seek care in emergency departments. Therefore the data are not exact measures of morbidity.
-Data for the most recent two weeks are not final and are subject to change.";Asthma;Borough;Queens;Age Group;Ages 0-4 years;6/2022;Count;68
"-Syndrome data are inherently non-specific and not based on diagnostic testing. While the New York City syndromic surveillance system captures 100% of all emergency department(ED) visits in the city (as of 5/1/16, 99% prior to that), the data are not comprehensive as only aproportion of residents seek care in emergency departments. Therefore the data are not exact measures of morbidity.
-Data for the most recent two weeks are not final and are subject to change.";Asthma;Borough;Queens;Age Group;Ages 0-4 years;7/2022;Count;50
"-Syndrome data are inherently non-specific and not based on diagnostic testing. While the New York City syndromic surveillance system captures 100% of all emergency department(ED) visits in the city (as of 5/1/16, 99% prior to that), the data are not comprehensive as only aproportion of residents seek care in emergency departments. Therefore the data are not exact measures of morbidity.
-Data for the most recent two weeks are not final and are subject to change.";Asthma;Borough;Queens;Age Group;Ages 0-4 years;8/2022;Count;52
"-Syndrome data are inherently non-specific and not based on diagnostic testing. While the New York City syndromic surveillance system captures 100% of all emergency department(ED) visits in the city (as of 5/1/16, 99% prior to that), the data are not comprehensive as only aproportion of residents seek care in emergency departments. Therefore the data are not exact measures of morbidity.
-Data for the most recent two weeks are not final and are subject to change.";Asthma;Borough;Queens;Age Group;Ages 0-4 years;9/2022;Count;137
"-Syndrome data are inherently non-specific and not based on diagnostic testing. While the New York City syndromic surveillance system captures 100% of all emergency department(ED) visits in the city (as of 5/1/16, 99% prior to that), the data are not comprehensive as only aproportion of residents seek care in emergency departments. Therefore the data are not exact measures of morbidity.
-Data for the most recent two weeks are not final and are subject to change.";Asthma;Borough;Queens;Age Group;Ages 0-4 years;10/2022;Count;137
"-Syndrome data are inherently non-specific and not based on diagnostic testing. While the New York City syndromic surveillance system captures 100% of all emergency department(ED) visits in the city (as of 5/1/16, 99% prior to that), the data are not comprehensive as only aproportion of residents seek care in emergency departments. Therefore the data are not exact measures of morbidity.
-Data for the most recent two weeks are not final and are subject to change.";Asthma;Borough;Queens;Age Group;Ages 0-4 years;11/2022;Count;86
"-Syndrome data are inherently non-specific and not based on diagnostic testing. While the New York City syndromic surveillance system captures 100% of all emergency department(ED) visits in the city (as of 5/1/16, 99% prior to that), the data are not comprehensive as only aproportion of residents seek care in emergency departments. Therefore the data are not exact measures of morbidity.
-Data for the most recent two weeks are not final and are subject to change.";Asthma;Borough;Queens;Age Group;Ages 0-4 years;12/2022;Count;47
"-Syndrome data are inherently non-specific and not based on diagnostic testing. While the New York City syndromic surveillance system captures 100% of all emergency department(ED) visits in the city (as of 5/1/16, 99% prior to that), the data are not comprehensive as only aproportion of residents seek care in emergency departments. Therefore the data are not exact measures of morbidity.
-Data for the most recent two weeks are not final and are subject to change.";Asthma;Borough;Queens;Age Group;Ages 0-4 years;1/2023;Count;74
"-Syndrome data are inherently non-specific and not based on diagnostic testing. While the New York City syndromic surveillance system captures 100% of all emergency department(ED) visits in the city (as of 5/1/16, 99% prior to that), the data are not comprehensive as only aproportion of residents seek care in emergency departments. Therefore the data are not exact measures of morbidity.
-Data for the most recent two weeks are not final and are subject to change.";Asthma;Borough;Queens;Age Group;Ages 0-4 years;2/2023;Count;77
"-Syndrome data are inherently non-specific and not based on diagnostic testing. While the New York City syndromic surveillance system captures 100% of all emergency department(ED) visits in the city (as of 5/1/16, 99% prior to that), the data are not comprehensive as only aproportion of residents seek care in emergency departments. Therefore the data are not exact measures of morbidity.
-Data for the most recent two weeks are not final and are subject to change.";Asthma;Borough;Queens;Age Group;Ages 0-4 years;3/2023;Count;59
"-Syndrome data are inherently non-specific and not based on diagnostic testing. While the New York City syndromic surveillance system captures 100% of all emergency department(ED) visits in the city (as of 5/1/16, 99% prior to that), the data are not comprehensive as only aproportion of residents seek care in emergency departments. Therefore the data are not exact measures of morbidity.
-Data for the most recent two weeks are not final and are subject to change.";Asthma;Borough;Queens;Age Group;Ages 0-4 years;4/2023;Count;66
"-Syndrome data are inherently non-specific and not based on diagnostic testing. While the New York City syndromic surveillance system captures 100% of all emergency department(ED) visits in the city (as of 5/1/16, 99% prior to that), the data are not comprehensive as only aproportion of residents seek care in emergency departments. Therefore the data are not exact measures of morbidity.
-Data for the most recent two weeks are not final and are subject to change.";Asthma;Borough;Queens;Age Group;Ages 0-4 years;5/2023;Count;85
"-Syndrome data are inherently non-specific and not based on diagnostic testing. While the New York City syndromic surveillance system captures 100% of all emergency department(ED) visits in the city (as of 5/1/16, 99% prior to that), the data are not comprehensive as only aproportion of residents seek care in emergency departments. Therefore the data are not exact measures of morbidity.
-Data for the most recent two weeks are not final and are subject to change.";Asthma;Borough;Queens;Age Group;Ages 0-4 years;6/2023;Count;62
"-Syndrome data are inherently non-specific and not based on diagnostic testing. While the New York City syndromic surveillance system captures 100% of all emergency department(ED) visits in the city (as of 5/1/16, 99% prior to that), the data are not comprehensive as only aproportion of residents seek care in emergency departments. Therefore the data are not exact measures of morbidity.
-Data for the most recent two weeks are not final and are subject to change.";Asthma;Borough;Queens;Age Group;Ages 0-4 years;7/2023;Count;48
"-Syndrome data are inherently non-specific and not based on diagnostic testing. While the New York City syndromic surveillance system captures 100% of all emergency department(ED) visits in the city (as of 5/1/16, 99% prior to that), the data are not comprehensive as only aproportion of residents seek care in emergency departments. Therefore the data are not exact measures of morbidity.
-Data for the most recent two weeks are not final and are subject to change.";Asthma;Borough;Queens;Age Group;Ages 0-4 years;8/2023;Count;48
"-Syndrome data are inherently non-specific and not based on diagnostic testing. While the New York City syndromic surveillance system captures 100% of all emergency department(ED) visits in the city (as of 5/1/16, 99% prior to that), the data are not comprehensive as only aproportion of residents seek care in emergency departments. Therefore the data are not exact measures of morbidity.
-Data for the most recent two weeks are not final and are subject to change.";Asthma;Borough;Queens;Age Group;Ages 0-4 years;9/2023;Count;101
"-Syndrome data are inherently non-specific and not based on diagnostic testing. While the New York City syndromic surveillance system captures 100% of all emergency department(ED) visits in the city (as of 5/1/16, 99% prior to that), the data are not comprehensive as only aproportion of residents seek care in emergency departments. Therefore the data are not exact measures of morbidity.
-Data for the most recent two weeks are not final and are subject to change.";Asthma;Borough;Queens;Age Group;Ages 0-4 years;10/2023;Count;110
"-Syndrome data are inherently non-specific and not based on diagnostic testing. While the New York City syndromic surveillance system captures 100% of all emergency department(ED) visits in the city (as of 5/1/16, 99% prior to that), the data are not comprehensive as only aproportion of residents seek care in emergency departments. Therefore the data are not exact measures of morbidity.
-Data for the most recent two weeks are not final and are subject to change.";Asthma;Borough;Queens;Age Group;Ages 0-4 years;11/2023;Count;100
"-Syndrome data are inherently non-specific and not based on diagnostic testing. While the New York City syndromic surveillance system captures 100% of all emergency department(ED) visits in the city (as of 5/1/16, 99% prior to that), the data are not comprehensive as only aproportion of residents seek care in emergency departments. Therefore the data are not exact measures of morbidity.
-Data for the most recent two weeks are not final and are subject to change.";Asthma;Borough;Queens;Age Group;Ages 0-4 years;12/2023;Count;69
"-Syndrome data are inherently non-specific and not based on diagnostic testing. While the New York City syndromic surveillance system captures 100% of all emergency department(ED) visits in the city (as of 5/1/16, 99% prior to that), the data are not comprehensive as only aproportion of residents seek care in emergency departments. Therefore the data are not exact measures of morbidity.
-Data for the most recent two weeks are not final and are subject to change.";Asthma;Borough;Queens;Age Group;Ages 0-4 years;1/2024;Count;55
"-Syndrome data are inherently non-specific and not based on diagnostic testing. While the New York City syndromic surveillance system captures 100% of all emergency department(ED) visits in the city (as of 5/1/16, 99% prior to that), the data are not comprehensive as only aproportion of residents seek care in emergency departments. Therefore the data are not exact measures of morbidity.
-Data for the most recent two weeks are not final and are subject to change.";Asthma;Borough;Queens;Age Group;Ages 0-4 years;2/2024;Count;62
"-Syndrome data are inherently non-specific and not based on diagnostic testing. While the New York City syndromic surveillance system captures 100% of all emergency department(ED) visits in the city (as of 5/1/16, 99% prior to that), the data are not comprehensive as only aproportion of residents seek care in emergency departments. Therefore the data are not exact measures of morbidity.
-Data for the most recent two weeks are not final and are subject to change.";Asthma;Borough;Queens;Age Group;Ages 0-4 years;3/2024;Count;80
"-Syndrome data are inherently non-specific and not based on diagnostic testing. While the New York City syndromic surveillance system captures 100% of all emergency department(ED) visits in the city (as of 5/1/16, 99% prior to that), the data are not comprehensive as only aproportion of residents seek care in emergency departments. Therefore the data are not exact measures of morbidity.
-Data for the most recent two weeks are not final and are subject to change.";Asthma;Borough;Queens;Age Group;Ages 0-4 years;4/2024;Count;73
"-Syndrome data are inherently non-specific and not based on diagnostic testing. While the New York City syndromic surveillance system captures 100% of all emergency department(ED) visits in the city (as of 5/1/16, 99% prior to that), the data are not comprehensive as only aproportion of residents seek care in emergency departments. Therefore the data are not exact measures of morbidity.
-Data for the most recent two weeks are not final and are subject to change.";Asthma;Borough;Queens;Age Group;Ages 0-4 years;5/2024;Count;101
"-Syndrome data are inherently non-specific and not based on diagnostic testing. While the New York City syndromic surveillance system captures 100% of all emergency department(ED) visits in the city (as of 5/1/16, 99% prior to that), the data are not comprehensive as only aproportion of residents seek care in emergency departments. Therefore the data are not exact measures of morbidity.
-Data for the most recent two weeks are not final and are subject to change.";Asthma;Borough;Queens;Age Group;Ages 0-4 years;6/2024;Count;58
"-Syndrome data are inherently non-specific and not based on diagnostic testing. While the New York City syndromic surveillance system captures 100% of all emergency department(ED) visits in the city (as of 5/1/16, 99% prior to that), the data are not comprehensive as only aproportion of residents seek care in emergency departments. Therefore the data are not exact measures of morbidity.
-Data for the most recent two weeks are not final and are subject to change.";Asthma;Borough;Queens;Age Group;Ages 0-4 years;7/2024;Count;32
"-Syndrome data are inherently non-specific and not based on diagnostic testing. While the New York City syndromic surveillance system captures 100% of all emergency department(ED) visits in the city (as of 5/1/16, 99% prior to that), the data are not comprehensive as only aproportion of residents seek care in emergency departments. Therefore the data are not exact measures of morbidity.
-Data for the most recent two weeks are not final and are subject to change.";Asthma;Borough;Queens;Age Group;Ages 0-4 years;8/2024;Count;52
"-Syndrome data are inherently non-specific and not based on diagnostic testing. While the New York City syndromic surveillance system captures 100% of all emergency department(ED) visits in the city (as of 5/1/16, 99% prior to that), the data are not comprehensive as only aproportion of residents seek care in emergency departments. Therefore the data are not exact measures of morbidity.
-Data for the most recent two weeks are not final and are subject to change.";Asthma;Borough;Queens;Age Group;Ages 0-4 years;9/2024;Count;96
"-Syndrome data are inherently non-specific and not based on diagnostic testing. While the New York City syndromic surveillance system captures 100% of all emergency department(ED) visits in the city (as of 5/1/16, 99% prior to that), the data are not comprehensive as only aproportion of residents seek care in emergency departments. Therefore the data are not exact measures of morbidity.
-Data for the most recent two weeks are not final and are subject to change.";Asthma;Borough;Queens;Age Group;Ages 0-4 years;10/2024;Count;89
"-Syndrome data are inherently non-specific and not based on diagnostic testing. While the New York City syndromic surveillance system captures 100% of all emergency department(ED) visits in the city (as of 5/1/16, 99% prior to that), the data are not comprehensive as only aproportion of residents seek care in emergency departments. Therefore the data are not exact measures of morbidity.
-Data for the most recent two weeks are not final and are subject to change.";Asthma;Borough;Queens;Age Group;Ages 0-4 years;11/2024;Count;100
"-Syndrome data are inherently non-specific and not based on diagnostic testing. While the New York City syndromic surveillance system captures 100% of all emergency department(ED) visits in the city (as of 5/1/16, 99% prior to that), the data are not comprehensive as only aproportion of residents seek care in emergency departments. Therefore the data are not exact measures of morbidity.
-Data for the most recent two weeks are not final and are subject to change.";Asthma;Borough;Queens;Age Group;Ages 0-4 years;12/2024;Count;66
"-Syndrome data are inherently non-specific and not based on diagnostic testing. While the New York City syndromic surveillance system captures 100% of all emergency department(ED) visits in the city (as of 5/1/16, 99% prior to that), the data are not comprehensive as only aproportion of residents seek care in emergency departments. Therefore the data are not exact measures of morbidity.
-Data for the most recent two weeks are not final and are subject to change.";Asthma;Borough;Queens;Age Group;Ages 0-4 years;1/2025;Count;44
"-Syndrome data are inherently non-specific and not based on diagnostic testing. While the New York City syndromic surveillance system captures 100% of all emergency department(ED) visits in the city (as of 5/1/16, 99% prior to that), the data are not comprehensive as only aproportion of residents seek care in emergency departments. Therefore the data are not exact measures of morbidity.
-Data for the most recent two weeks are not final and are subject to change.";Asthma;Borough;Queens;Age Group;Ages 0-4 years;2/2025;Count;52
"-Syndrome data are inherently non-specific and not based on diagnostic testing. While the New York City syndromic surveillance system captures 100% of all emergency department(ED) visits in the city (as of 5/1/16, 99% prior to that), the data are not comprehensive as only aproportion of residents seek care in emergency departments. Therefore the data are not exact measures of morbidity.
-Data for the most recent two weeks are not final and are subject to change.";Asthma;Borough;Queens;Age Group;Ages 0-4 years;3/2025;Count;93
"-Syndrome data are inherently non-specific and not based on diagnostic testing. While the New York City syndromic surveillance system captures 100% of all emergency department(ED) visits in the city (as of 5/1/16, 99% prior to that), the data are not comprehensive as only aproportion of residents seek care in emergency departments. Therefore the data are not exact measures of morbidity.
-Data for the most recent two weeks are not final and are subject to change.";Asthma;Borough;Queens;Age Group;Ages 0-4 years;4/2025;Count;62
"-Syndrome data are inherently non-specific and not based on diagnostic testing. While the New York City syndromic surveillance system captures 100% of all emergency department(ED) visits in the city (as of 5/1/16, 99% prior to that), the data are not comprehensive as only aproportion of residents seek care in emergency departments. Therefore the data are not exact measures of morbidity.
-Data for the most recent two weeks are not final and are subject to change.";Asthma;Borough;Queens;Age Group;Ages 0-4 years;5/2025;Count;75
"-Syndrome data are inherently non-specific and not based on diagnostic testing. While the New York City syndromic surveillance system captures 100% of all emergency department(ED) visits in the city (as of 5/1/16, 99% prior to that), the data are not comprehensive as only aproportion of residents seek care in emergency departments. Therefore the data are not exact measures of morbidity.
-Data for the most recent two weeks are not final and are subject to change.";Asthma;Borough;Queens;Age Group;Ages 0-4 years;6/2025;Count;48
"-Syndrome data are inherently non-specific and not based on diagnostic testing. While the New York City syndromic surveillance system captures 100% of all emergency department(ED) visits in the city (as of 5/1/16, 99% prior to that), the data are not comprehensive as only aproportion of residents seek care in emergency departments. Therefore the data are not exact measures of morbidity.
-Data for the most recent two weeks are not final and are subject to change.";Asthma;Borough;Queens;Age Group;Ages 0-4 years;7/2025;Count;31
"-Syndrome data are inherently non-specific and not based on diagnostic testing. While the New York City syndromic surveillance system captures 100% of all emergency department(ED) visits in the city (as of 5/1/16, 99% prior to that), the data are not comprehensive as only aproportion of residents seek care in emergency departments. Therefore the data are not exact measures of morbidity.
-Data for the most recent two weeks are not final and are subject to change.";Asthma;Borough;Queens;Age Group;Ages 0-4 years;8/2025;Count;34
"-Syndrome data are inherently non-specific and not based on diagnostic testing. While the New York City syndromic surveillance system captures 100% of all emergency department(ED) visits in the city (as of 5/1/16, 99% prior to that), the data are not comprehensive as only aproportion of residents seek care in emergency departments. Therefore the data are not exact measures of morbidity.
-Data for the most recent two weeks are not final and are subject to change.";Asthma;Borough;Queens;Age Group;Ages 0-4 years;9/2025;Count;103
"-Syndrome data are inherently non-specific and not based on diagnostic testing. While the New York City syndromic surveillance system captures 100% of all emergency department(ED) visits in the city (as of 5/1/16, 99% prior to that), the data are not comprehensive as only aproportion of residents seek care in emergency departments. Therefore the data are not exact measures of morbidity.
-Data for the most recent two weeks are not final and are subject to change.";Asthma;Borough;Queens;Age Group;Ages 0-4 years;10/2025;Count;92
"-Syndrome data are inherently non-specific and not based on diagnostic testing. While the New York City syndromic surveillance system captures 100% of all emergency department(ED) visits in the city (as of 5/1/16, 99% prior to that), the data are not comprehensive as only aproportion of residents seek care in emergency departments. Therefore the data are not exact measures of morbidity.
-Data for the most recent two weeks are not final and are subject to change.";Asthma;Borough;Queens;Age Group;Ages 0-4 years;11/2025;Count;2
"-Syndrome data are inherently non-specific and not based on diagnostic testing. While the New York City syndromic surveillance system captures 100% of all emergency department(ED) visits in the city (as of 5/1/16, 99% prior to that), the data are not comprehensive as only aproportion of residents seek care in emergency departments. Therefore the data are not exact measures of morbidity.
-Data for the most recent two weeks are not final and are subject to change.";Asthma;Borough;Queens;Age Group;Ages 5-17 years;3/2022;Count;193
"-Syndrome data are inherently non-specific and not based on diagnostic testing. While the New York City syndromic surveillance system captures 100% of all emergency department(ED) visits in the city (as of 5/1/16, 99% prior to that), the data are not comprehensive as only aproportion of residents seek care in emergency departments. Therefore the data are not exact measures of morbidity.
-Data for the most recent two weeks are not final and are subject to change.";Asthma;Borough;Queens;Age Group;Ages 5-17 years;4/2022;Count;125
"-Syndrome data are inherently non-specific and not based on diagnostic testing. While the New York City syndromic surveillance system captures 100% of all emergency department(ED) visits in the city (as of 5/1/16, 99% prior to that), the data are not comprehensive as only aproportion of residents seek care in emergency departments. Therefore the data are not exact measures of morbidity.
-Data for the most recent two weeks are not final and are subject to change.";Asthma;Borough;Queens;Age Group;Ages 5-17 years;5/2022;Count;219
"-Syndrome data are inherently non-specific and not based on diagnostic testing. While the New York City syndromic surveillance system captures 100% of all emergency department(ED) visits in the city (as of 5/1/16, 99% prior to that), the data are not comprehensive as only aproportion of residents seek care in emergency departments. Therefore the data are not exact measures of morbidity.
-Data for the most recent two weeks are not final and are subject to change.";Asthma;Borough;Queens;Age Group;Ages 5-17 years;6/2022;Count;102
"-Syndrome data are inherently non-specific and not based on diagnostic testing. While the New York City syndromic surveillance system captures 100% of all emergency department(ED) visits in the city (as of 5/1/16, 99% prior to that), the data are not comprehensive as only aproportion of residents seek care in emergency departments. Therefore the data are not exact measures of morbidity.
-Data for the most recent two weeks are not final and are subject to change.";Asthma;Borough;Queens;Age Group;Ages 5-17 years;7/2022;Count;77
"-Syndrome data are inherently non-specific and not based on diagnostic testing. While the New York City syndromic surveillance system captures 100% of all emergency department(ED) visits in the city (as of 5/1/16, 99% prior to that), the data are not comprehensive as only aproportion of residents seek care in emergency departments. Therefore the data are not exact measures of morbidity.
-Data for the most recent two weeks are not final and are subject to change.";Asthma;Borough;Queens;Age Group;Ages 5-17 years;8/2022;Count;80
"-Syndrome data are inherently non-specific and not based on diagnostic testing. While the New York City syndromic surveillance system captures 100% of all emergency department(ED) visits in the city (as of 5/1/16, 99% prior to that), the data are not comprehensive as only aproportion of residents seek care in emergency departments. Therefore the data are not exact measures of morbidity.
-Data for the most recent two weeks are not final and are subject to change.";Asthma;Borough;Queens;Age Group;Ages 5-17 years;9/2022;Count;232
"-Syndrome data are inherently non-specific and not based on diagnostic testing. While the New York City syndromic surveillance system captures 100% of all emergency department(ED) visits in the city (as of 5/1/16, 99% prior to that), the data are not comprehensive as only aproportion of residents seek care in emergency departments. Therefore the data are not exact measures of morbidity.
-Data for the most recent two weeks are not final and are subject to change.";Asthma;Borough;Queens;Age Group;Ages 5-17 years;10/2022;Count;225
"-Syndrome data are inherently non-specific and not based on diagnostic testing. While the New York City syndromic surveillance system captures 100% of all emergency department(ED) visits in the city (as of 5/1/16, 99% prior to that), the data are not comprehensive as only aproportion of residents seek care in emergency departments. Therefore the data are not exact measures of morbidity.
-Data for the most recent two weeks are not final and are subject to change.";Asthma;Borough;Queens;Age Group;Ages 5-17 years;11/2022;Count;167
"-Syndrome data are inherently non-specific and not based on diagnostic testing. While the New York City syndromic surveillance system captures 100% of all emergency department(ED) visits in the city (as of 5/1/16, 99% prior to that), the data are not comprehensive as only aproportion of residents seek care in emergency departments. Therefore the data are not exact measures of morbidity.
-Data for the most recent two weeks are not final and are subject to change.";Asthma;Borough;Queens;Age Group;Ages 5-17 years;12/2022;Count;120
"-Syndrome data are inherently non-specific and not based on diagnostic testing. While the New York City syndromic surveillance system captures 100% of all emergency department(ED) visits in the city (as of 5/1/16, 99% prior to that), the data are not comprehensive as only aproportion of residents seek care in emergency departments. Therefore the data are not exact measures of morbidity.
-Data for the most recent two weeks are not final and are subject to change.";Asthma;Borough;Queens;Age Group;Ages 5-17 years;1/2023;Count;173
"-Syndrome data are inherently non-specific and not based on diagnostic testing. While the New York City syndromic surveillance system captures 100% of all emergency department(ED) visits in the city (as of 5/1/16, 99% prior to that), the data are not comprehensive as only aproportion of residents seek care in emergency departments. Therefore the data are not exact measures of morbidity.
-Data for the most recent two weeks are not final and are subject to change.";Asthma;Borough;Queens;Age Group;Ages 5-17 years;2/2023;Count;164
"-Syndrome data are inherently non-specific and not based on diagnostic testing. While the New York City syndromic surveillance system captures 100% of all emergency department(ED) visits in the city (as of 5/1/16, 99% prior to that), the data are not comprehensive as only aproportion of residents seek care in emergency departments. Therefore the data are not exact measures of morbidity.
-Data for the most recent two weeks are not final and are subject to change.";Asthma;Borough;Queens;Age Group;Ages 5-17 years;3/2023;Count;190
"-Syndrome data are inherently non-specific and not based on diagnostic testing. While the New York City syndromic surveillance system captures 100% of all emergency department(ED) visits in the city (as of 5/1/16, 99% prior to that), the data are not comprehensive as only aproportion of residents seek care in emergency departments. Therefore the data are not exact measures of morbidity.
-Data for the most recent two weeks are not final and are subject to change.";Asthma;Borough;Queens;Age Group;Ages 5-17 years;4/2023;Count;204
"-Syndrome data are inherently non-specific and not based on diagnostic testing. While the New York City syndromic surveillance system captures 100% of all emergency department(ED) visits in the city (as of 5/1/16, 99% prior to that), the data are not comprehensive as only aproportion of residents seek care in emergency departments. Therefore the data are not exact measures of morbidity.
-Data for the most recent two weeks are not final and are subject to change.";Asthma;Borough;Queens;Age Group;Ages 5-17 years;5/2023;Count;204
"-Syndrome data are inherently non-specific and not based on diagnostic testing. While the New York City syndromic surveillance system captures 100% of all emergency department(ED) visits in the city (as of 5/1/16, 99% prior to that), the data are not comprehensive as only aproportion of residents seek care in emergency departments. Therefore the data are not exact measures of morbidity.
-Data for the most recent two weeks are not final and are subject to change.";Asthma;Borough;Queens;Age Group;Ages 5-17 years;6/2023;Count;141
"-Syndrome data are inherently non-specific and not based on diagnostic testing. While the New York City syndromic surveillance system captures 100% of all emergency department(ED) visits in the city (as of 5/1/16, 99% prior to that), the data are not comprehensive as only aproportion of residents seek care in emergency departments. Therefore the data are not exact measures of morbidity.
-Data for the most recent two weeks are not final and are subject to change.";Asthma;Borough;Queens;Age Group;Ages 5-17 years;7/2023;Count;103
"-Syndrome data are inherently non-specific and not based on diagnostic testing. While the New York City syndromic surveillance system captures 100% of all emergency department(ED) visits in the city (as of 5/1/16, 99% prior to that), the data are not comprehensive as only aproportion of residents seek care in emergency departments. Therefore the data are not exact measures of morbidity.
-Data for the most recent two weeks are not final and are subject to change.";Asthma;Borough;Queens;Age Group;Ages 5-17 years;8/2023;Count;92
"-Syndrome data are inherently non-specific and not based on diagnostic testing. While the New York City syndromic surveillance system captures 100% of all emergency department(ED) visits in the city (as of 5/1/16, 99% prior to that), the data are not comprehensive as only aproportion of residents seek care in emergency departments. Therefore the data are not exact measures of morbidity.
-Data for the most recent two weeks are not final and are subject to change.";Asthma;Borough;Queens;Age Group;Ages 5-17 years;9/2023;Count;195
"-Syndrome data are inherently non-specific and not based on diagnostic testing. While the New York City syndromic surveillance system captures 100% of all emergency department(ED) visits in the city (as of 5/1/16, 99% prior to that), the data are not comprehensive as only aproportion of residents seek care in emergency departments. Therefore the data are not exact measures of morbidity.
-Data for the most recent two weeks are not final and are subject to change.";Asthma;Borough;Queens;Age Group;Ages 5-17 years;10/2023;Count;174
"-Syndrome data are inherently non-specific and not based on diagnostic testing. While the New York City syndromic surveillance system captures 100% of all emergency department(ED) visits in the city (as of 5/1/16, 99% prior to that), the data are not comprehensive as only aproportion of residents seek care in emergency departments. Therefore the data are not exact measures of morbidity.
-Data for the most recent two weeks are not final and are subject to change.";Asthma;Borough;Queens;Age Group;Ages 5-17 years;11/2023;Count;188
"-Syndrome data are inherently non-specific and not based on diagnostic testing. While the New York City syndromic surveillance system captures 100% of all emergency department(ED) visits in the city (as of 5/1/16, 99% prior to that), the data are not comprehensive as only aproportion of residents seek care in emergency departments. Therefore the data are not exact measures of morbidity.
-Data for the most recent two weeks are not final and are subject to change.";Asthma;Borough;Queens;Age Group;Ages 5-17 years;12/2023;Count;149
"-Syndrome data are inherently non-specific and not based on diagnostic testing. While the New York City syndromic surveillance system captures 100% of all emergency department(ED) visits in the city (as of 5/1/16, 99% prior to that), the data are not comprehensive as only aproportion of residents seek care in emergency departments. Therefore the data are not exact measures of morbidity.
-Data for the most recent two weeks are not final and are subject to change.";Asthma;Borough;Queens;Age Group;Ages 5-17 years;1/2024;Count;133
"-Syndrome data are inherently non-specific and not based on diagnostic testing. While the New York City syndromic surveillance system captures 100% of all emergency department(ED) visits in the city (as of 5/1/16, 99% prior to that), the data are not comprehensive as only aproportion of residents seek care in emergency departments. Therefore the data are not exact measures of morbidity.
-Data for the most recent two weeks are not final and are subject to change.";Asthma;Borough;Queens;Age Group;Ages 5-17 years;2/2024;Count;141
"-Syndrome data are inherently non-specific and not based on diagnostic testing. While the New York City syndromic surveillance system captures 100% of all emergency department(ED) visits in the city (as of 5/1/16, 99% prior to that), the data are not comprehensive as only aproportion of residents seek care in emergency departments. Therefore the data are not exact measures of morbidity.
-Data for the most recent two weeks are not final and are subject to change.";Asthma;Borough;Queens;Age Group;Ages 5-17 years;3/2024;Count;171
"-Syndrome data are inherently non-specific and not based on diagnostic testing. While the New York City syndromic surveillance system captures 100% of all emergency department(ED) visits in the city (as of 5/1/16, 99% prior to that), the data are not comprehensive as only aproportion of residents seek care in emergency departments. Therefore the data are not exact measures of morbidity.
-Data for the most recent two weeks are not final and are subject to change.";Asthma;Borough;Queens;Age Group;Ages 5-17 years;4/2024;Count;158
"-Syndrome data are inherently non-specific and not based on diagnostic testing. While the New York City syndromic surveillance system captures 100% of all emergency department(ED) visits in the city (as of 5/1/16, 99% prior to that), the data are not comprehensive as only aproportion of residents seek care in emergency departments. Therefore the data are not exact measures of morbidity.
-Data for the most recent two weeks are not final and are subject to change.";Asthma;Borough;Queens;Age Group;Ages 5-17 years;5/2024;Count;221
"-Syndrome data are inherently non-specific and not based on diagnostic testing. While the New York City syndromic surveillance system captures 100% of all emergency department(ED) visits in the city (as of 5/1/16, 99% prior to that), the data are not comprehensive as only aproportion of residents seek care in emergency departments. Therefore the data are not exact measures of morbidity.
-Data for the most recent two weeks are not final and are subject to change.";Asthma;Borough;Queens;Age Group;Ages 5-17 years;6/2024;Count;123
"-Syndrome data are inherently non-specific and not based on diagnostic testing. While the New York City syndromic surveillance system captures 100% of all emergency department(ED) visits in the city (as of 5/1/16, 99% prior to that), the data are not comprehensive as only aproportion of residents seek care in emergency departments. Therefore the data are not exact measures of morbidity.
-Data for the most recent two weeks are not final and are subject to change.";Asthma;Borough;Queens;Age Group;Ages 5-17 years;7/2024;Count;86
"-Syndrome data are inherently non-specific and not based on diagnostic testing. While the New York City syndromic surveillance system captures 100% of all emergency department(ED) visits in the city (as of 5/1/16, 99% prior to that), the data are not comprehensive as only aproportion of residents seek care in emergency departments. Therefore the data are not exact measures of morbidity.
-Data for the most recent two weeks are not final and are subject to change.";Asthma;Borough;Queens;Age Group;Ages 5-17 years;8/2024;Count;85
"-Syndrome data are inherently non-specific and not based on diagnostic testing. While the New York City syndromic surveillance system captures 100% of all emergency department(ED) visits in the city (as of 5/1/16, 99% prior to that), the data are not comprehensive as only aproportion of residents seek care in emergency departments. Therefore the data are not exact measures of morbidity.
-Data for the most recent two weeks are not final and are subject to change.";Asthma;Borough;Queens;Age Group;Ages 5-17 years;9/2024;Count;201
"-Syndrome data are inherently non-specific and not based on diagnostic testing. While the New York City syndromic surveillance system captures 100% of all emergency department(ED) visits in the city (as of 5/1/16, 99% prior to that), the data are not comprehensive as only aproportion of residents seek care in emergency departments. Therefore the data are not exact measures of morbidity.
-Data for the most recent two weeks are not final and are subject to change.";Asthma;Borough;Queens;Age Group;Ages 5-17 years;10/2024;Count;209
"-Syndrome data are inherently non-specific and not based on diagnostic testing. While the New York City syndromic surveillance system captures 100% of all emergency department(ED) visits in the city (as of 5/1/16, 99% prior to that), the data are not comprehensive as only aproportion of residents seek care in emergency departments. Therefore the data are not exact measures of morbidity.
-Data for the most recent two weeks are not final and are subject to change.";Asthma;Borough;Queens;Age Group;Ages 5-17 years;11/2024;Count;195
"-Syndrome data are inherently non-specific and not based on diagnostic testing. While the New York City syndromic surveillance system captures 100% of all emergency department(ED) visits in the city (as of 5/1/16, 99% prior to that), the data are not comprehensive as only aproportion of residents seek care in emergency departments. Therefore the data are not exact measures of morbidity.
-Data for the most recent two weeks are not final and are subject to change.";Asthma;Borough;Queens;Age Group;Ages 5-17 years;12/2024;Count;135
"-Syndrome data are inherently non-specific and not based on diagnostic testing. While the New York City syndromic surveillance system captures 100% of all emergency department(ED) visits in the city (as of 5/1/16, 99% prior to that), the data are not comprehensive as only aproportion of residents seek care in emergency departments. Therefore the data are not exact measures of morbidity.
-Data for the most recent two weeks are not final and are subject to change.";Asthma;Borough;Queens;Age Group;Ages 5-17 years;1/2025;Count;123
"-Syndrome data are inherently non-specific and not based on diagnostic testing. While the New York City syndromic surveillance system captures 100% of all emergency department(ED) visits in the city (as of 5/1/16, 99% prior to that), the data are not comprehensive as only aproportion of residents seek care in emergency departments. Therefore the data are not exact measures of morbidity.
-Data for the most recent two weeks are not final and are subject to change.";Asthma;Borough;Queens;Age Group;Ages 5-17 years;2/2025;Count;111
"-Syndrome data are inherently non-specific and not based on diagnostic testing. While the New York City syndromic surveillance system captures 100% of all emergency department(ED) visits in the city (as of 5/1/16, 99% prior to that), the data are not comprehensive as only aproportion of residents seek care in emergency departments. Therefore the data are not exact measures of morbidity.
-Data for the most recent two weeks are not final and are subject to change.";Asthma;Borough;Queens;Age Group;Ages 5-17 years;3/2025;Count;205
"-Syndrome data are inherently non-specific and not based on diagnostic testing. While the New York City syndromic surveillance system captures 100% of all emergency department(ED) visits in the city (as of 5/1/16, 99% prior to that), the data are not comprehensive as only aproportion of residents seek care in emergency departments. Therefore the data are not exact measures of morbidity.
-Data for the most recent two weeks are not final and are subject to change.";Asthma;Borough;Queens;Age Group;Ages 5-17 years;4/2025;Count;183
"-Syndrome data are inherently non-specific and not based on diagnostic testing. While the New York City syndromic surveillance system captures 100% of all emergency department(ED) visits in the city (as of 5/1/16, 99% prior to that), the data are not comprehensive as only aproportion of residents seek care in emergency departments. Therefore the data are not exact measures of morbidity.
-Data for the most recent two weeks are not final and are subject to change.";Asthma;Borough;Queens;Age Group;Ages 5-17 years;5/2025;Count;207
"-Syndrome data are inherently non-specific and not based on diagnostic testing. While the New York City syndromic surveillance system captures 100% of all emergency department(ED) visits in the city (as of 5/1/16, 99% prior to that), the data are not comprehensive as only aproportion of residents seek care in emergency departments. Therefore the data are not exact measures of morbidity.
-Data for the most recent two weeks are not final and are subject to change.";Asthma;Borough;Queens;Age Group;Ages 5-17 years;6/2025;Count;106
"-Syndrome data are inherently non-specific and not based on diagnostic testing. While the New York City syndromic surveillance system captures 100% of all emergency department(ED) visits in the city (as of 5/1/16, 99% prior to that), the data are not comprehensive as only aproportion of residents seek care in emergency departments. Therefore the data are not exact measures of morbidity.
-Data for the most recent two weeks are not final and are subject to change.";Asthma;Borough;Queens;Age Group;Ages 5-17 years;7/2025;Count;71
"-Syndrome data are inherently non-specific and not based on diagnostic testing. While the New York City syndromic surveillance system captures 100% of all emergency department(ED) visits in the city (as of 5/1/16, 99% prior to that), the data are not comprehensive as only aproportion of residents seek care in emergency departments. Therefore the data are not exact measures of morbidity.
-Data for the most recent two weeks are not final and are subject to change.";Asthma;Borough;Queens;Age Group;Ages 5-17 years;8/2025;Count;71
"-Syndrome data are inherently non-specific and not based on diagnostic testing. While the New York City syndromic surveillance system captures 100% of all emergency department(ED) visits in the city (as of 5/1/16, 99% prior to that), the data are not comprehensive as only aproportion of residents seek care in emergency departments. Therefore the data are not exact measures of morbidity.
-Data for the most recent two weeks are not final and are subject to change.";Asthma;Borough;Queens;Age Group;Ages 5-17 years;9/2025;Count;191
"-Syndrome data are inherently non-specific and not based on diagnostic testing. While the New York City syndromic surveillance system captures 100% of all emergency department(ED) visits in the city (as of 5/1/16, 99% prior to that), the data are not comprehensive as only aproportion of residents seek care in emergency departments. Therefore the data are not exact measures of morbidity.
-Data for the most recent two weeks are not final and are subject to change.";Asthma;Borough;Queens;Age Group;Ages 5-17 years;10/2025;Count;155
"-Syndrome data are inherently non-specific and not based on diagnostic testing. While the New York City syndromic surveillance system captures 100% of all emergency department(ED) visits in the city (as of 5/1/16, 99% prior to that), the data are not comprehensive as only aproportion of residents seek care in emergency departments. Therefore the data are not exact measures of morbidity.
-Data for the most recent two weeks are not final and are subject to change.";Asthma;Borough;Queens;Age Group;Ages 5-17 years;11/2025;Count;2
"-Syndrome data are inherently non-specific and not based on diagnostic testing. While the New York City syndromic surveillance system captures 100% of all emergency department(ED) visits in the city (as of 5/1/16, 99% prior to that), the data are not comprehensive as only aproportion of residents seek care in emergency departments. Therefore the data are not exact measures of morbidity.
-Data for the most recent two weeks are not final and are subject to change.";Asthma;Borough;Queens;Age Group;Ages 18-64 years;3/2022;Count;513
"-Syndrome data are inherently non-specific and not based on diagnostic testing. While the New York City syndromic surveillance system captures 100% of all emergency department(ED) visits in the city (as of 5/1/16, 99% prior to that), the data are not comprehensive as only aproportion of residents seek care in emergency departments. Therefore the data are not exact measures of morbidity.
-Data for the most recent two weeks are not final and are subject to change.";Asthma;Borough;Queens;Age Group;Ages 18-64 years;4/2022;Count;512
"-Syndrome data are inherently non-specific and not based on diagnostic testing. While the New York City syndromic surveillance system captures 100% of all emergency department(ED) visits in the city (as of 5/1/16, 99% prior to that), the data are not comprehensive as only aproportion of residents seek care in emergency departments. Therefore the data are not exact measures of morbidity.
-Data for the most recent two weeks are not final and are subject to change.";Asthma;Borough;Queens;Age Group;Ages 18-64 years;5/2022;Count;580
"-Syndrome data are inherently non-specific and not based on diagnostic testing. While the New York City syndromic surveillance system captures 100% of all emergency department(ED) visits in the city (as of 5/1/16, 99% prior to that), the data are not comprehensive as only aproportion of residents seek care in emergency departments. Therefore the data are not exact measures of morbidity.
-Data for the most recent two weeks are not final and are subject to change.";Asthma;Borough;Queens;Age Group;Ages 18-64 years;6/2022;Count;439
"-Syndrome data are inherently non-specific and not based on diagnostic testing. While the New York City syndromic surveillance system captures 100% of all emergency department(ED) visits in the city (as of 5/1/16, 99% prior to that), the data are not comprehensive as only aproportion of residents seek care in emergency departments. Therefore the data are not exact measures of morbidity.
-Data for the most recent two weeks are not final and are subject to change.";Asthma;Borough;Queens;Age Group;Ages 18-64 years;7/2022;Count;414
"-Syndrome data are inherently non-specific and not based on diagnostic testing. While the New York City syndromic surveillance system captures 100% of all emergency department(ED) visits in the city (as of 5/1/16, 99% prior to that), the data are not comprehensive as only aproportion of residents seek care in emergency departments. Therefore the data are not exact measures of morbidity.
-Data for the most recent two weeks are not final and are subject to change.";Asthma;Borough;Queens;Age Group;Ages 18-64 years;8/2022;Count;395
"-Syndrome data are inherently non-specific and not based on diagnostic testing. While the New York City syndromic surveillance system captures 100% of all emergency department(ED) visits in the city (as of 5/1/16, 99% prior to that), the data are not comprehensive as only aproportion of residents seek care in emergency departments. Therefore the data are not exact measures of morbidity.
-Data for the most recent two weeks are not final and are subject to change.";Asthma;Borough;Queens;Age Group;Ages 18-64 years;9/2022;Count;484
"-Syndrome data are inherently non-specific and not based on diagnostic testing. While the New York City syndromic surveillance system captures 100% of all emergency department(ED) visits in the city (as of 5/1/16, 99% prior to that), the data are not comprehensive as only aproportion of residents seek care in emergency departments. Therefore the data are not exact measures of morbidity.
-Data for the most recent two weeks are not final and are subject to change.";Asthma;Borough;Queens;Age Group;Ages 18-64 years;10/2022;Count;589
"-Syndrome data are inherently non-specific and not based on diagnostic testing. While the New York City syndromic surveillance system captures 100% of all emergency department(ED) visits in the city (as of 5/1/16, 99% prior to that), the data are not comprehensive as only aproportion of residents seek care in emergency departments. Therefore the data are not exact measures of morbidity.
-Data for the most recent two weeks are not final and are subject to change.";Asthma;Borough;Queens;Age Group;Ages 18-64 years;11/2022;Count;623
"-Syndrome data are inherently non-specific and not based on diagnostic testing. While the New York City syndromic surveillance system captures 100% of all emergency department(ED) visits in the city (as of 5/1/16, 99% prior to that), the data are not comprehensive as only aproportion of residents seek care in emergency departments. Therefore the data are not exact measures of morbidity.
-Data for the most recent two weeks are not final and are subject to change.";Asthma;Borough;Queens;Age Group;Ages 18-64 years;12/2022;Count;514
"-Syndrome data are inherently non-specific and not based on diagnostic testing. While the New York City syndromic surveillance system captures 100% of all emergency department(ED) visits in the city (as of 5/1/16, 99% prior to that), the data are not comprehensive as only aproportion of residents seek care in emergency departments. Therefore the data are not exact measures of morbidity.
-Data for the most recent two weeks are not final and are subject to change.";Asthma;Borough;Queens;Age Group;Ages 18-64 years;1/2023;Count;564
"-Syndrome data are inherently non-specific and not based on diagnostic testing. While the New York City syndromic surveillance system captures 100% of all emergency department(ED) visits in the city (as of 5/1/16, 99% prior to that), the data are not comprehensive as only aproportion of residents seek care in emergency departments. Therefore the data are not exact measures of morbidity.
-Data for the most recent two weeks are not final and are subject to change.";Asthma;Borough;Queens;Age Group;Ages 18-64 years;2/2023;Count;493
"-Syndrome data are inherently non-specific and not based on diagnostic testing. While the New York City syndromic surveillance system captures 100% of all emergency department(ED) visits in the city (as of 5/1/16, 99% prior to that), the data are not comprehensive as only aproportion of residents seek care in emergency departments. Therefore the data are not exact measures of morbidity.
-Data for the most recent two weeks are not final and are subject to change.";Asthma;Borough;Queens;Age Group;Ages 18-64 years;3/2023;Count;571
"-Syndrome data are inherently non-specific and not based on diagnostic testing. While the New York City syndromic surveillance system captures 100% of all emergency department(ED) visits in the city (as of 5/1/16, 99% prior to that), the data are not comprehensive as only aproportion of residents seek care in emergency departments. Therefore the data are not exact measures of morbidity.
-Data for the most recent two weeks are not final and are subject to change.";Asthma;Borough;Queens;Age Group;Ages 18-64 years;4/2023;Count;693
"-Syndrome data are inherently non-specific and not based on diagnostic testing. While the New York City syndromic surveillance system captures 100% of all emergency department(ED) visits in the city (as of 5/1/16, 99% prior to that), the data are not comprehensive as only aproportion of residents seek care in emergency departments. Therefore the data are not exact measures of morbidity.
-Data for the most recent two weeks are not final and are subject to change.";Asthma;Borough;Queens;Age Group;Ages 18-64 years;5/2023;Count;551
"-Syndrome data are inherently non-specific and not based on diagnostic testing. While the New York City syndromic surveillance system captures 100% of all emergency department(ED) visits in the city (as of 5/1/16, 99% prior to that), the data are not comprehensive as only aproportion of residents seek care in emergency departments. Therefore the data are not exact measures of morbidity.
-Data for the most recent two weeks are not final and are subject to change.";Asthma;Borough;Queens;Age Group;Ages 18-64 years;6/2023;Count;547
"-Syndrome data are inherently non-specific and not based on diagnostic testing. While the New York City syndromic surveillance system captures 100% of all emergency department(ED) visits in the city (as of 5/1/16, 99% prior to that), the data are not comprehensive as only aproportion of residents seek care in emergency departments. Therefore the data are not exact measures of morbidity.
-Data for the most recent two weeks are not final and are subject to change.";Asthma;Borough;Queens;Age Group;Ages 18-64 years;7/2023;Count;505
"-Syndrome data are inherently non-specific and not based on diagnostic testing. While the New York City syndromic surveillance system captures 100% of all emergency department(ED) visits in the city (as of 5/1/16, 99% prior to that), the data are not comprehensive as only aproportion of residents seek care in emergency departments. Therefore the data are not exact measures of morbidity.
-Data for the most recent two weeks are not final and are subject to change.";Asthma;Borough;Queens;Age Group;Ages 18-64 years;8/2023;Count;505
"-Syndrome data are inherently non-specific and not based on diagnostic testing. While the New York City syndromic surveillance system captures 100% of all emergency department(ED) visits in the city (as of 5/1/16, 99% prior to that), the data are not comprehensive as only aproportion of residents seek care in emergency departments. Therefore the data are not exact measures of morbidity.
-Data for the most recent two weeks are not final and are subject to change.";Asthma;Borough;Queens;Age Group;Ages 18-64 years;9/2023;Count;532
"-Syndrome data are inherently non-specific and not based on diagnostic testing. While the New York City syndromic surveillance system captures 100% of all emergency department(ED) visits in the city (as of 5/1/16, 99% prior to that), the data are not comprehensive as only aproportion of residents seek care in emergency departments. Therefore the data are not exact measures of morbidity.
-Data for the most recent two weeks are not final and are subject to change.";Asthma;Borough;Queens;Age Group;Ages 18-64 years;10/2023;Count;569
"-Syndrome data are inherently non-specific and not based on diagnostic testing. While the New York City syndromic surveillance system captures 100% of all emergency department(ED) visits in the city (as of 5/1/16, 99% prior to that), the data are not comprehensive as only aproportion of residents seek care in emergency departments. Therefore the data are not exact measures of morbidity.
-Data for the most recent two weeks are not final and are subject to change.";Asthma;Borough;Queens;Age Group;Ages 18-64 years;11/2023;Count;585
"-Syndrome data are inherently non-specific and not based on diagnostic testing. While the New York City syndromic surveillance system captures 100% of all emergency department(ED) visits in the city (as of 5/1/16, 99% prior to that), the data are not comprehensive as only aproportion of residents seek care in emergency departments. Therefore the data are not exact measures of morbidity.
-Data for the most recent two weeks are not final and are subject to change.";Asthma;Borough;Queens;Age Group;Ages 18-64 years;12/2023;Count;573
"-Syndrome data are inherently non-specific and not based on diagnostic testing. While the New York City syndromic surveillance system captures 100% of all emergency department(ED) visits in the city (as of 5/1/16, 99% prior to that), the data are not comprehensive as only aproportion of residents seek care in emergency departments. Therefore the data are not exact measures of morbidity.
-Data for the most recent two weeks are not final and are subject to change.";Asthma;Borough;Queens;Age Group;Ages 18-64 years;1/2024;Count;490
"-Syndrome data are inherently non-specific and not based on diagnostic testing. While the New York City syndromic surveillance system captures 100% of all emergency department(ED) visits in the city (as of 5/1/16, 99% prior to that), the data are not comprehensive as only aproportion of residents seek care in emergency departments. Therefore the data are not exact measures of morbidity.
-Data for the most recent two weeks are not final and are subject to change.";Asthma;Borough;Queens;Age Group;Ages 18-64 years;2/2024;Count;484
"-Syndrome data are inherently non-specific and not based on diagnostic testing. While the New York City syndromic surveillance system captures 100% of all emergency department(ED) visits in the city (as of 5/1/16, 99% prior to that), the data are not comprehensive as only aproportion of residents seek care in emergency departments. Therefore the data are not exact measures of morbidity.
-Data for the most recent two weeks are not final and are subject to change.";Asthma;Borough;Queens;Age Group;Ages 18-64 years;3/2024;Count;465
"-Syndrome data are inherently non-specific and not based on diagnostic testing. While the New York City syndromic surveillance system captures 100% of all emergency department(ED) visits in the city (as of 5/1/16, 99% prior to that), the data are not comprehensive as only aproportion of residents seek care in emergency departments. Therefore the data are not exact measures of morbidity.
-Data for the most recent two weeks are not final and are subject to change.";Asthma;Borough;Queens;Age Group;Ages 18-64 years;4/2024;Count;492
"-Syndrome data are inherently non-specific and not based on diagnostic testing. While the New York City syndromic surveillance system captures 100% of all emergency department(ED) visits in the city (as of 5/1/16, 99% prior to that), the data are not comprehensive as only aproportion of residents seek care in emergency departments. Therefore the data are not exact measures of morbidity.
-Data for the most recent two weeks are not final and are subject to change.";Asthma;Borough;Queens;Age Group;Ages 18-64 years;5/2024;Count;571
"-Syndrome data are inherently non-specific and not based on diagnostic testing. While the New York City syndromic surveillance system captures 100% of all emergency department(ED) visits in the city (as of 5/1/16, 99% prior to that), the data are not comprehensive as only aproportion of residents seek care in emergency departments. Therefore the data are not exact measures of morbidity.
-Data for the most recent two weeks are not final and are subject to change.";Asthma;Borough;Queens;Age Group;Ages 18-64 years;6/2024;Count;505
"-Syndrome data are inherently non-specific and not based on diagnostic testing. While the New York City syndromic surveillance system captures 100% of all emergency department(ED) visits in the city (as of 5/1/16, 99% prior to that), the data are not comprehensive as only aproportion of residents seek care in emergency departments. Therefore the data are not exact measures of morbidity.
-Data for the most recent two weeks are not final and are subject to change.";Asthma;Borough;Queens;Age Group;Ages 18-64 years;7/2024;Count;459
"-Syndrome data are inherently non-specific and not based on diagnostic testing. While the New York City syndromic surveillance system captures 100% of all emergency department(ED) visits in the city (as of 5/1/16, 99% prior to that), the data are not comprehensive as only aproportion of residents seek care in emergency departments. Therefore the data are not exact measures of morbidity.
-Data for the most recent two weeks are not final and are subject to change.";Asthma;Borough;Queens;Age Group;Ages 18-64 years;8/2024;Count;447
"-Syndrome data are inherently non-specific and not based on diagnostic testing. While the New York City syndromic surveillance system captures 100% of all emergency department(ED) visits in the city (as of 5/1/16, 99% prior to that), the data are not comprehensive as only aproportion of residents seek care in emergency departments. Therefore the data are not exact measures of morbidity.
-Data for the most recent two weeks are not final and are subject to change.";Asthma;Borough;Queens;Age Group;Ages 18-64 years;9/2024;Count;445
"-Syndrome data are inherently non-specific and not based on diagnostic testing. While the New York City syndromic surveillance system captures 100% of all emergency department(ED) visits in the city (as of 5/1/16, 99% prior to that), the data are not comprehensive as only aproportion of residents seek care in emergency departments. Therefore the data are not exact measures of morbidity.
-Data for the most recent two weeks are not final and are subject to change.";Asthma;Borough;Queens;Age Group;Ages 18-64 years;10/2024;Count;615
"-Syndrome data are inherently non-specific and not based on diagnostic testing. While the New York City syndromic surveillance system captures 100% of all emergency department(ED) visits in the city (as of 5/1/16, 99% prior to that), the data are not comprehensive as only aproportion of residents seek care in emergency departments. Therefore the data are not exact measures of morbidity.
-Data for the most recent two weeks are not final and are subject to change.";Asthma;Borough;Queens;Age Group;Ages 18-64 years;11/2024;Count;622
"-Syndrome data are inherently non-specific and not based on diagnostic testing. While the New York City syndromic surveillance system captures 100% of all emergency department(ED) visits in the city (as of 5/1/16, 99% prior to that), the data are not comprehensive as only aproportion of residents seek care in emergency departments. Therefore the data are not exact measures of morbidity.
-Data for the most recent two weeks are not final and are subject to change.";Asthma;Borough;Queens;Age Group;Ages 18-64 years;12/2024;Count;479
"-Syndrome data are inherently non-specific and not based on diagnostic testing. While the New York City syndromic surveillance system captures 100% of all emergency department(ED) visits in the city (as of 5/1/16, 99% prior to that), the data are not comprehensive as only aproportion of residents seek care in emergency departments. Therefore the data are not exact measures of morbidity.
-Data for the most recent two weeks are not final and are subject to change.";Asthma;Borough;Queens;Age Group;Ages 18-64 years;1/2025;Count;474
"-Syndrome data are inherently non-specific and not based on diagnostic testing. While the New York City syndromic surveillance system captures 100% of all emergency department(ED) visits in the city (as of 5/1/16, 99% prior to that), the data are not comprehensive as only aproportion of residents seek care in emergency departments. Therefore the data are not exact measures of morbidity.
-Data for the most recent two weeks are not final and are subject to change.";Asthma;Borough;Queens;Age Group;Ages 18-64 years;2/2025;Count;410
"-Syndrome data are inherently non-specific and not based on diagnostic testing. While the New York City syndromic surveillance system captures 100% of all emergency department(ED) visits in the city (as of 5/1/16, 99% prior to that), the data are not comprehensive as only aproportion of residents seek care in emergency departments. Therefore the data are not exact measures of morbidity.
-Data for the most recent two weeks are not final and are subject to change.";Asthma;Borough;Queens;Age Group;Ages 18-64 years;3/2025;Count;456
"-Syndrome data are inherently non-specific and not based on diagnostic testing. While the New York City syndromic surveillance system captures 100% of all emergency department(ED) visits in the city (as of 5/1/16, 99% prior to that), the data are not comprehensive as only aproportion of residents seek care in emergency departments. Therefore the data are not exact measures of morbidity.
-Data for the most recent two weeks are not final and are subject to change.";Asthma;Borough;Queens;Age Group;Ages 18-64 years;4/2025;Count;511
"-Syndrome data are inherently non-specific and not based on diagnostic testing. While the New York City syndromic surveillance system captures 100% of all emergency department(ED) visits in the city (as of 5/1/16, 99% prior to that), the data are not comprehensive as only aproportion of residents seek care in emergency departments. Therefore the data are not exact measures of morbidity.
-Data for the most recent two weeks are not final and are subject to change.";Asthma;Borough;Queens;Age Group;Ages 18-64 years;5/2025;Count;542
"-Syndrome data are inherently non-specific and not based on diagnostic testing. While the New York City syndromic surveillance system captures 100% of all emergency department(ED) visits in the city (as of 5/1/16, 99% prior to that), the data are not comprehensive as only aproportion of residents seek care in emergency departments. Therefore the data are not exact measures of morbidity.
-Data for the most recent two weeks are not final and are subject to change.";Asthma;Borough;Queens;Age Group;Ages 18-64 years;6/2025;Count;425
"-Syndrome data are inherently non-specific and not based on diagnostic testing. While the New York City syndromic surveillance system captures 100% of all emergency department(ED) visits in the city (as of 5/1/16, 99% prior to that), the data are not comprehensive as only aproportion of residents seek care in emergency departments. Therefore the data are not exact measures of morbidity.
-Data for the most recent two weeks are not final and are subject to change.";Asthma;Borough;Queens;Age Group;Ages 18-64 years;7/2025;Count;385
"-Syndrome data are inherently non-specific and not based on diagnostic testing. While the New York City syndromic surveillance system captures 100% of all emergency department(ED) visits in the city (as of 5/1/16, 99% prior to that), the data are not comprehensive as only aproportion of residents seek care in emergency departments. Therefore the data are not exact measures of morbidity.
-Data for the most recent two weeks are not final and are subject to change.";Asthma;Borough;Queens;Age Group;Ages 18-64 years;8/2025;Count;376
"-Syndrome data are inherently non-specific and not based on diagnostic testing. While the New York City syndromic surveillance system captures 100% of all emergency department(ED) visits in the city (as of 5/1/16, 99% prior to that), the data are not comprehensive as only aproportion of residents seek care in emergency departments. Therefore the data are not exact measures of morbidity.
-Data for the most recent two weeks are not final and are subject to change.";Asthma;Borough;Queens;Age Group;Ages 18-64 years;9/2025;Count;459
"-Syndrome data are inherently non-specific and not based on diagnostic testing. While the New York City syndromic surveillance system captures 100% of all emergency department(ED) visits in the city (as of 5/1/16, 99% prior to that), the data are not comprehensive as only aproportion of residents seek care in emergency departments. Therefore the data are not exact measures of morbidity.
-Data for the most recent two weeks are not final and are subject to change.";Asthma;Borough;Queens;Age Group;Ages 18-64 years;10/2025;Count;474
"-Syndrome data are inherently non-specific and not based on diagnostic testing. While the New York City syndromic surveillance system captures 100% of all emergency department(ED) visits in the city (as of 5/1/16, 99% prior to that), the data are not comprehensive as only aproportion of residents seek care in emergency departments. Therefore the data are not exact measures of morbidity.
-Data for the most recent two weeks are not final and are subject to change.";Asthma;Borough;Queens;Age Group;Ages 18-64 years;11/2025;Count;14
"-Syndrome data are inherently non-specific and not based on diagnostic testing. While the New York City syndromic surveillance system captures 100% of all emergency department(ED) visits in the city (as of 5/1/16, 99% prior to that), the data are not comprehensive as only aproportion of residents seek care in emergency departments. Therefore the data are not exact measures of morbidity.
-Data for the most recent two weeks are not final and are subject to change.";Asthma;Borough;Queens;Age Group;Ages 65+ years;3/2022;Count;80
"-Syndrome data are inherently non-specific and not based on diagnostic testing. While the New York City syndromic surveillance system captures 100% of all emergency department(ED) visits in the city (as of 5/1/16, 99% prior to that), the data are not comprehensive as only aproportion of residents seek care in emergency departments. Therefore the data are not exact measures of morbidity.
-Data for the most recent two weeks are not final and are subject to change.";Asthma;Borough;Queens;Age Group;Ages 65+ years;4/2022;Count;81
"-Syndrome data are inherently non-specific and not based on diagnostic testing. While the New York City syndromic surveillance system captures 100% of all emergency department(ED) visits in the city (as of 5/1/16, 99% prior to that), the data are not comprehensive as only aproportion of residents seek care in emergency departments. Therefore the data are not exact measures of morbidity.
-Data for the most recent two weeks are not final and are subject to change.";Asthma;Borough;Queens;Age Group;Ages 65+ years;5/2022;Count;120
"-Syndrome data are inherently non-specific and not based on diagnostic testing. While the New York City syndromic surveillance system captures 100% of all emergency department(ED) visits in the city (as of 5/1/16, 99% prior to that), the data are not comprehensive as only aproportion of residents seek care in emergency departments. Therefore the data are not exact measures of morbidity.
-Data for the most recent two weeks are not final and are subject to change.";Asthma;Borough;Queens;Age Group;Ages 65+ years;6/2022;Count;96
"-Syndrome data are inherently non-specific and not based on diagnostic testing. While the New York City syndromic surveillance system captures 100% of all emergency department(ED) visits in the city (as of 5/1/16, 99% prior to that), the data are not comprehensive as only aproportion of residents seek care in emergency departments. Therefore the data are not exact measures of morbidity.
-Data for the most recent two weeks are not final and are subject to change.";Asthma;Borough;Queens;Age Group;Ages 65+ years;7/2022;Count;84
"-Syndrome data are inherently non-specific and not based on diagnostic testing. While the New York City syndromic surveillance system captures 100% of all emergency department(ED) visits in the city (as of 5/1/16, 99% prior to that), the data are not comprehensive as only aproportion of residents seek care in emergency departments. Therefore the data are not exact measures of morbidity.
-Data for the most recent two weeks are not final and are subject to change.";Asthma;Borough;Queens;Age Group;Ages 65+ years;8/2022;Count;95
"-Syndrome data are inherently non-specific and not based on diagnostic testing. While the New York City syndromic surveillance system captures 100% of all emergency department(ED) visits in the city (as of 5/1/16, 99% prior to that), the data are not comprehensive as only aproportion of residents seek care in emergency departments. Therefore the data are not exact measures of morbidity.
-Data for the most recent two weeks are not final and are subject to change.";Asthma;Borough;Queens;Age Group;Ages 65+ years;9/2022;Count;87
"-Syndrome data are inherently non-specific and not based on diagnostic testing. While the New York City syndromic surveillance system captures 100% of all emergency department(ED) visits in the city (as of 5/1/16, 99% prior to that), the data are not comprehensive as only aproportion of residents seek care in emergency departments. Therefore the data are not exact measures of morbidity.
-Data for the most recent two weeks are not final and are subject to change.";Asthma;Borough;Queens;Age Group;Ages 65+ years;10/2022;Count;120
"-Syndrome data are inherently non-specific and not based on diagnostic testing. While the New York City syndromic surveillance system captures 100% of all emergency department(ED) visits in the city (as of 5/1/16, 99% prior to that), the data are not comprehensive as only aproportion of residents seek care in emergency departments. Therefore the data are not exact measures of morbidity.
-Data for the most recent two weeks are not final and are subject to change.";Asthma;Borough;Queens;Age Group;Ages 65+ years;11/2022;Count;134
"-Syndrome data are inherently non-specific and not based on diagnostic testing. While the New York City syndromic surveillance system captures 100% of all emergency department(ED) visits in the city (as of 5/1/16, 99% prior to that), the data are not comprehensive as only aproportion of residents seek care in emergency departments. Therefore the data are not exact measures of morbidity.
-Data for the most recent two weeks are not final and are subject to change.";Asthma;Borough;Queens;Age Group;Ages 65+ years;12/2022;Count;106
"-Syndrome data are inherently non-specific and not based on diagnostic testing. While the New York City syndromic surveillance system captures 100% of all emergency department(ED) visits in the city (as of 5/1/16, 99% prior to that), the data are not comprehensive as only aproportion of residents seek care in emergency departments. Therefore the data are not exact measures of morbidity.
-Data for the most recent two weeks are not final and are subject to change.";Asthma;Borough;Queens;Age Group;Ages 65+ years;1/2023;Count;110
"-Syndrome data are inherently non-specific and not based on diagnostic testing. While the New York City syndromic surveillance system captures 100% of all emergency department(ED) visits in the city (as of 5/1/16, 99% prior to that), the data are not comprehensive as only aproportion of residents seek care in emergency departments. Therefore the data are not exact measures of morbidity.
-Data for the most recent two weeks are not final and are subject to change.";Asthma;Borough;Queens;Age Group;Ages 65+ years;2/2023;Count;87
"-Syndrome data are inherently non-specific and not based on diagnostic testing. While the New York City syndromic surveillance system captures 100% of all emergency department(ED) visits in the city (as of 5/1/16, 99% prior to that), the data are not comprehensive as only aproportion of residents seek care in emergency departments. Therefore the data are not exact measures of morbidity.
-Data for the most recent two weeks are not final and are subject to change.";Asthma;Borough;Queens;Age Group;Ages 65+ years;3/2023;Count;114
"-Syndrome data are inherently non-specific and not based on diagnostic testing. While the New York City syndromic surveillance system captures 100% of all emergency department(ED) visits in the city (as of 5/1/16, 99% prior to that), the data are not comprehensive as only aproportion of residents seek care in emergency departments. Therefore the data are not exact measures of morbidity.
-Data for the most recent two weeks are not final and are subject to change.";Asthma;Borough;Queens;Age Group;Ages 65+ years;4/2023;Count;136
"-Syndrome data are inherently non-specific and not based on diagnostic testing. While the New York City syndromic surveillance system captures 100% of all emergency department(ED) visits in the city (as of 5/1/16, 99% prior to that), the data are not comprehensive as only aproportion of residents seek care in emergency departments. Therefore the data are not exact measures of morbidity.
-Data for the most recent two weeks are not final and are subject to change.";Asthma;Borough;Queens;Age Group;Ages 65+ years;5/2023;Count;91
"-Syndrome data are inherently non-specific and not based on diagnostic testing. While the New York City syndromic surveillance system captures 100% of all emergency department(ED) visits in the city (as of 5/1/16, 99% prior to that), the data are not comprehensive as only aproportion of residents seek care in emergency departments. Therefore the data are not exact measures of morbidity.
-Data for the most recent two weeks are not final and are subject to change.";Asthma;Borough;Queens;Age Group;Ages 65+ years;6/2023;Count;114
"-Syndrome data are inherently non-specific and not based on diagnostic testing. While the New York City syndromic surveillance system captures 100% of all emergency department(ED) visits in the city (as of 5/1/16, 99% prior to that), the data are not comprehensive as only aproportion of residents seek care in emergency departments. Therefore the data are not exact measures of morbidity.
-Data for the most recent two weeks are not final and are subject to change.";Asthma;Borough;Queens;Age Group;Ages 65+ years;7/2023;Count;99
"-Syndrome data are inherently non-specific and not based on diagnostic testing. While the New York City syndromic surveillance system captures 100% of all emergency department(ED) visits in the city (as of 5/1/16, 99% prior to that), the data are not comprehensive as only aproportion of residents seek care in emergency departments. Therefore the data are not exact measures of morbidity.
-Data for the most recent two weeks are not final and are subject to change.";Asthma;Borough;Queens;Age Group;Ages 65+ years;8/2023;Count;88
"-Syndrome data are inherently non-specific and not based on diagnostic testing. While the New York City syndromic surveillance system captures 100% of all emergency department(ED) visits in the city (as of 5/1/16, 99% prior to that), the data are not comprehensive as only aproportion of residents seek care in emergency departments. Therefore the data are not exact measures of morbidity.
-Data for the most recent two weeks are not final and are subject to change.";Asthma;Borough;Queens;Age Group;Ages 65+ years;9/2023;Count;81
"-Syndrome data are inherently non-specific and not based on diagnostic testing. While the New York City syndromic surveillance system captures 100% of all emergency department(ED) visits in the city (as of 5/1/16, 99% prior to that), the data are not comprehensive as only aproportion of residents seek care in emergency departments. Therefore the data are not exact measures of morbidity.
-Data for the most recent two weeks are not final and are subject to change.";Asthma;Borough;Queens;Age Group;Ages 65+ years;10/2023;Count;102
"-Syndrome data are inherently non-specific and not based on diagnostic testing. While the New York City syndromic surveillance system captures 100% of all emergency department(ED) visits in the city (as of 5/1/16, 99% prior to that), the data are not comprehensive as only aproportion of residents seek care in emergency departments. Therefore the data are not exact measures of morbidity.
-Data for the most recent two weeks are not final and are subject to change.";Asthma;Borough;Queens;Age Group;Ages 65+ years;11/2023;Count;104
"-Syndrome data are inherently non-specific and not based on diagnostic testing. While the New York City syndromic surveillance system captures 100% of all emergency department(ED) visits in the city (as of 5/1/16, 99% prior to that), the data are not comprehensive as only aproportion of residents seek care in emergency departments. Therefore the data are not exact measures of morbidity.
-Data for the most recent two weeks are not final and are subject to change.";Asthma;Borough;Queens;Age Group;Ages 65+ years;12/2023;Count;131
"-Syndrome data are inherently non-specific and not based on diagnostic testing. While the New York City syndromic surveillance system captures 100% of all emergency department(ED) visits in the city (as of 5/1/16, 99% prior to that), the data are not comprehensive as only aproportion of residents seek care in emergency departments. Therefore the data are not exact measures of morbidity.
-Data for the most recent two weeks are not final and are subject to change.";Asthma;Borough;Queens;Age Group;Ages 65+ years;1/2024;Count;101
"-Syndrome data are inherently non-specific and not based on diagnostic testing. While the New York City syndromic surveillance system captures 100% of all emergency department(ED) visits in the city (as of 5/1/16, 99% prior to that), the data are not comprehensive as only aproportion of residents seek care in emergency departments. Therefore the data are not exact measures of morbidity.
-Data for the most recent two weeks are not final and are subject to change.";Asthma;Borough;Queens;Age Group;Ages 65+ years;2/2024;Count;129
"-Syndrome data are inherently non-specific and not based on diagnostic testing. While the New York City syndromic surveillance system captures 100% of all emergency department(ED) visits in the city (as of 5/1/16, 99% prior to that), the data are not comprehensive as only aproportion of residents seek care in emergency departments. Therefore the data are not exact measures of morbidity.
-Data for the most recent two weeks are not final and are subject to change.";Asthma;Borough;Queens;Age Group;Ages 65+ years;3/2024;Count;111
"-Syndrome data are inherently non-specific and not based on diagnostic testing. While the New York City syndromic surveillance system captures 100% of all emergency department(ED) visits in the city (as of 5/1/16, 99% prior to that), the data are not comprehensive as only aproportion of residents seek care in emergency departments. Therefore the data are not exact measures of morbidity.
-Data for the most recent two weeks are not final and are subject to change.";Asthma;Borough;Queens;Age Group;Ages 65+ years;4/2024;Count;101
"-Syndrome data are inherently non-specific and not based on diagnostic testing. While the New York City syndromic surveillance system captures 100% of all emergency department(ED) visits in the city (as of 5/1/16, 99% prior to that), the data are not comprehensive as only aproportion of residents seek care in emergency departments. Therefore the data are not exact measures of morbidity.
-Data for the most recent two weeks are not final and are subject to change.";Asthma;Borough;Queens;Age Group;Ages 65+ years;5/2024;Count;120
"-Syndrome data are inherently non-specific and not based on diagnostic testing. While the New York City syndromic surveillance system captures 100% of all emergency department(ED) visits in the city (as of 5/1/16, 99% prior to that), the data are not comprehensive as only aproportion of residents seek care in emergency departments. Therefore the data are not exact measures of morbidity.
-Data for the most recent two weeks are not final and are subject to change.";Asthma;Borough;Queens;Age Group;Ages 65+ years;6/2024;Count;109
"-Syndrome data are inherently non-specific and not based on diagnostic testing. While the New York City syndromic surveillance system captures 100% of all emergency department(ED) visits in the city (as of 5/1/16, 99% prior to that), the data are not comprehensive as only aproportion of residents seek care in emergency departments. Therefore the data are not exact measures of morbidity.
-Data for the most recent two weeks are not final and are subject to change.";Asthma;Borough;Queens;Age Group;Ages 65+ years;7/2024;Count;107
"-Syndrome data are inherently non-specific and not based on diagnostic testing. While the New York City syndromic surveillance system captures 100% of all emergency department(ED) visits in the city (as of 5/1/16, 99% prior to that), the data are not comprehensive as only aproportion of residents seek care in emergency departments. Therefore the data are not exact measures of morbidity.
-Data for the most recent two weeks are not final and are subject to change.";Asthma;Borough;Queens;Age Group;Ages 65+ years;8/2024;Count;107
"-Syndrome data are inherently non-specific and not based on diagnostic testing. While the New York City syndromic surveillance system captures 100% of all emergency department(ED) visits in the city (as of 5/1/16, 99% prior to that), the data are not comprehensive as only aproportion of residents seek care in emergency departments. Therefore the data are not exact measures of morbidity.
-Data for the most recent two weeks are not final and are subject to change.";Asthma;Borough;Queens;Age Group;Ages 65+ years;9/2024;Count;95
"-Syndrome data are inherently non-specific and not based on diagnostic testing. While the New York City syndromic surveillance system captures 100% of all emergency department(ED) visits in the city (as of 5/1/16, 99% prior to that), the data are not comprehensive as only aproportion of residents seek care in emergency departments. Therefore the data are not exact measures of morbidity.
-Data for the most recent two weeks are not final and are subject to change.";Asthma;Borough;Queens;Age Group;Ages 65+ years;10/2024;Count;123
"-Syndrome data are inherently non-specific and not based on diagnostic testing. While the New York City syndromic surveillance system captures 100% of all emergency department(ED) visits in the city (as of 5/1/16, 99% prior to that), the data are not comprehensive as only aproportion of residents seek care in emergency departments. Therefore the data are not exact measures of morbidity.
-Data for the most recent two weeks are not final and are subject to change.";Asthma;Borough;Queens;Age Group;Ages 65+ years;11/2024;Count;118
"-Syndrome data are inherently non-specific and not based on diagnostic testing. While the New York City syndromic surveillance system captures 100% of all emergency department(ED) visits in the city (as of 5/1/16, 99% prior to that), the data are not comprehensive as only aproportion of residents seek care in emergency departments. Therefore the data are not exact measures of morbidity.
-Data for the most recent two weeks are not final and are subject to change.";Asthma;Borough;Queens;Age Group;Ages 65+ years;12/2024;Count;116
"-Syndrome data are inherently non-specific and not based on diagnostic testing. While the New York City syndromic surveillance system captures 100% of all emergency department(ED) visits in the city (as of 5/1/16, 99% prior to that), the data are not comprehensive as only aproportion of residents seek care in emergency departments. Therefore the data are not exact measures of morbidity.
-Data for the most recent two weeks are not final and are subject to change.";Asthma;Borough;Queens;Age Group;Ages 65+ years;1/2025;Count;105
"-Syndrome data are inherently non-specific and not based on diagnostic testing. While the New York City syndromic surveillance system captures 100% of all emergency department(ED) visits in the city (as of 5/1/16, 99% prior to that), the data are not comprehensive as only aproportion of residents seek care in emergency departments. Therefore the data are not exact measures of morbidity.
-Data for the most recent two weeks are not final and are subject to change.";Asthma;Borough;Queens;Age Group;Ages 65+ years;2/2025;Count;92
"-Syndrome data are inherently non-specific and not based on diagnostic testing. While the New York City syndromic surveillance system captures 100% of all emergency department(ED) visits in the city (as of 5/1/16, 99% prior to that), the data are not comprehensive as only aproportion of residents seek care in emergency departments. Therefore the data are not exact measures of morbidity.
-Data for the most recent two weeks are not final and are subject to change.";Asthma;Borough;Queens;Age Group;Ages 65+ years;3/2025;Count;117
"-Syndrome data are inherently non-specific and not based on diagnostic testing. While the New York City syndromic surveillance system captures 100% of all emergency department(ED) visits in the city (as of 5/1/16, 99% prior to that), the data are not comprehensive as only aproportion of residents seek care in emergency departments. Therefore the data are not exact measures of morbidity.
-Data for the most recent two weeks are not final and are subject to change.";Asthma;Borough;Queens;Age Group;Ages 65+ years;4/2025;Count;102
"-Syndrome data are inherently non-specific and not based on diagnostic testing. While the New York City syndromic surveillance system captures 100% of all emergency department(ED) visits in the city (as of 5/1/16, 99% prior to that), the data are not comprehensive as only aproportion of residents seek care in emergency departments. Therefore the data are not exact measures of morbidity.
-Data for the most recent two weeks are not final and are subject to change.";Asthma;Borough;Queens;Age Group;Ages 65+ years;5/2025;Count;158
"-Syndrome data are inherently non-specific and not based on diagnostic testing. While the New York City syndromic surveillance system captures 100% of all emergency department(ED) visits in the city (as of 5/1/16, 99% prior to that), the data are not comprehensive as only aproportion of residents seek care in emergency departments. Therefore the data are not exact measures of morbidity.
-Data for the most recent two weeks are not final and are subject to change.";Asthma;Borough;Queens;Age Group;Ages 65+ years;6/2025;Count;121
"-Syndrome data are inherently non-specific and not based on diagnostic testing. While the New York City syndromic surveillance system captures 100% of all emergency department(ED) visits in the city (as of 5/1/16, 99% prior to that), the data are not comprehensive as only aproportion of residents seek care in emergency departments. Therefore the data are not exact measures of morbidity.
-Data for the most recent two weeks are not final and are subject to change.";Asthma;Borough;Queens;Age Group;Ages 65+ years;7/2025;Count;99
"-Syndrome data are inherently non-specific and not based on diagnostic testing. While the New York City syndromic surveillance system captures 100% of all emergency department(ED) visits in the city (as of 5/1/16, 99% prior to that), the data are not comprehensive as only aproportion of residents seek care in emergency departments. Therefore the data are not exact measures of morbidity.
-Data for the most recent two weeks are not final and are subject to change.";Asthma;Borough;Queens;Age Group;Ages 65+ years;8/2025;Count;97
"-Syndrome data are inherently non-specific and not based on diagnostic testing. While the New York City syndromic surveillance system captures 100% of all emergency department(ED) visits in the city (as of 5/1/16, 99% prior to that), the data are not comprehensive as only aproportion of residents seek care in emergency departments. Therefore the data are not exact measures of morbidity.
-Data for the most recent two weeks are not final and are subject to change.";Asthma;Borough;Queens;Age Group;Ages 65+ years;9/2025;Count;104
"-Syndrome data are inherently non-specific and not based on diagnostic testing. While the New York City syndromic surveillance system captures 100% of all emergency department(ED) visits in the city (as of 5/1/16, 99% prior to that), the data are not comprehensive as only aproportion of residents seek care in emergency departments. Therefore the data are not exact measures of morbidity.
-Data for the most recent two weeks are not final and are subject to change.";Asthma;Borough;Queens;Age Group;Ages 65+ years;10/2025;Count;100
"-Syndrome data are inherently non-specific and not based on diagnostic testing. While the New York City syndromic surveillance system captures 100% of all emergency department(ED) visits in the city (as of 5/1/16, 99% prior to that), the data are not comprehensive as only aproportion of residents seek care in emergency departments. Therefore the data are not exact measures of morbidity.
-Data for the most recent two weeks are not final and are subject to change.";Asthma;Borough;Queens;Age Group;Ages 65+ years;11/2025;Count;4
"-Syndrome data are inherently non-specific and not based on diagnostic testing. While the New York City syndromic surveillance system captures 100% of all emergency department(ED) visits in the city (as of 5/1/16, 99% prior to that), the data are not comprehensive as only aproportion of residents seek care in emergency departments. Therefore the data are not exact measures of morbidity.
-Data for the most recent two weeks are not final and are subject to change.";Asthma;Borough;Staten Island;Age Group;All age groups;3/2022;Count;453
"-Syndrome data are inherently non-specific and not based on diagnostic testing. While the New York City syndromic surveillance system captures 100% of all emergency department(ED) visits in the city (as of 5/1/16, 99% prior to that), the data are not comprehensive as only aproportion of residents seek care in emergency departments. Therefore the data are not exact measures of morbidity.
-Data for the most recent two weeks are not final and are subject to change.";Asthma;Borough;Staten Island;Age Group;All age groups;4/2022;Count;359
"-Syndrome data are inherently non-specific and not based on diagnostic testing. While the New York City syndromic surveillance system captures 100% of all emergency department(ED) visits in the city (as of 5/1/16, 99% prior to that), the data are not comprehensive as only aproportion of residents seek care in emergency departments. Therefore the data are not exact measures of morbidity.
-Data for the most recent two weeks are not final and are subject to change.";Asthma;Borough;Staten Island;Age Group;All age groups;5/2022;Count;472
"-Syndrome data are inherently non-specific and not based on diagnostic testing. While the New York City syndromic surveillance system captures 100% of all emergency department(ED) visits in the city (as of 5/1/16, 99% prior to that), the data are not comprehensive as only aproportion of residents seek care in emergency departments. Therefore the data are not exact measures of morbidity.
-Data for the most recent two weeks are not final and are subject to change.";Asthma;Borough;Staten Island;Age Group;All age groups;6/2022;Count;382
"-Syndrome data are inherently non-specific and not based on diagnostic testing. While the New York City syndromic surveillance system captures 100% of all emergency department(ED) visits in the city (as of 5/1/16, 99% prior to that), the data are not comprehensive as only aproportion of residents seek care in emergency departments. Therefore the data are not exact measures of morbidity.
-Data for the most recent two weeks are not final and are subject to change.";Asthma;Borough;Staten Island;Age Group;All age groups;7/2022;Count;342
"-Syndrome data are inherently non-specific and not based on diagnostic testing. While the New York City syndromic surveillance system captures 100% of all emergency department(ED) visits in the city (as of 5/1/16, 99% prior to that), the data are not comprehensive as only aproportion of residents seek care in emergency departments. Therefore the data are not exact measures of morbidity.
-Data for the most recent two weeks are not final and are subject to change.";Asthma;Borough;Staten Island;Age Group;All age groups;8/2022;Count;387
"-Syndrome data are inherently non-specific and not based on diagnostic testing. While the New York City syndromic surveillance system captures 100% of all emergency department(ED) visits in the city (as of 5/1/16, 99% prior to that), the data are not comprehensive as only aproportion of residents seek care in emergency departments. Therefore the data are not exact measures of morbidity.
-Data for the most recent two weeks are not final and are subject to change.";Asthma;Borough;Staten Island;Age Group;All age groups;9/2022;Count;377
"-Syndrome data are inherently non-specific and not based on diagnostic testing. While the New York City syndromic surveillance system captures 100% of all emergency department(ED) visits in the city (as of 5/1/16, 99% prior to that), the data are not comprehensive as only aproportion of residents seek care in emergency departments. Therefore the data are not exact measures of morbidity.
-Data for the most recent two weeks are not final and are subject to change.";Asthma;Borough;Staten Island;Age Group;All age groups;10/2022;Count;447
"-Syndrome data are inherently non-specific and not based on diagnostic testing. While the New York City syndromic surveillance system captures 100% of all emergency department(ED) visits in the city (as of 5/1/16, 99% prior to that), the data are not comprehensive as only aproportion of residents seek care in emergency departments. Therefore the data are not exact measures of morbidity.
-Data for the most recent two weeks are not final and are subject to change.";Asthma;Borough;Staten Island;Age Group;All age groups;11/2022;Count;477
"-Syndrome data are inherently non-specific and not based on diagnostic testing. While the New York City syndromic surveillance system captures 100% of all emergency department(ED) visits in the city (as of 5/1/16, 99% prior to that), the data are not comprehensive as only aproportion of residents seek care in emergency departments. Therefore the data are not exact measures of morbidity.
-Data for the most recent two weeks are not final and are subject to change.";Asthma;Borough;Staten Island;Age Group;All age groups;12/2022;Count;338
"-Syndrome data are inherently non-specific and not based on diagnostic testing. While the New York City syndromic surveillance system captures 100% of all emergency department(ED) visits in the city (as of 5/1/16, 99% prior to that), the data are not comprehensive as only aproportion of residents seek care in emergency departments. Therefore the data are not exact measures of morbidity.
-Data for the most recent two weeks are not final and are subject to change.";Asthma;Borough;Staten Island;Age Group;All age groups;1/2023;Count;384
"-Syndrome data are inherently non-specific and not based on diagnostic testing. While the New York City syndromic surveillance system captures 100% of all emergency department(ED) visits in the city (as of 5/1/16, 99% prior to that), the data are not comprehensive as only aproportion of residents seek care in emergency departments. Therefore the data are not exact measures of morbidity.
-Data for the most recent two weeks are not final and are subject to change.";Asthma;Borough;Staten Island;Age Group;All age groups;2/2023;Count;351
"-Syndrome data are inherently non-specific and not based on diagnostic testing. While the New York City syndromic surveillance system captures 100% of all emergency department(ED) visits in the city (as of 5/1/16, 99% prior to that), the data are not comprehensive as only aproportion of residents seek care in emergency departments. Therefore the data are not exact measures of morbidity.
-Data for the most recent two weeks are not final and are subject to change.";Asthma;Borough;Staten Island;Age Group;All age groups;3/2023;Count;403
"-Syndrome data are inherently non-specific and not based on diagnostic testing. While the New York City syndromic surveillance system captures 100% of all emergency department(ED) visits in the city (as of 5/1/16, 99% prior to that), the data are not comprehensive as only aproportion of residents seek care in emergency departments. Therefore the data are not exact measures of morbidity.
-Data for the most recent two weeks are not final and are subject to change.";Asthma;Borough;Staten Island;Age Group;All age groups;4/2023;Count;429
"-Syndrome data are inherently non-specific and not based on diagnostic testing. While the New York City syndromic surveillance system captures 100% of all emergency department(ED) visits in the city (as of 5/1/16, 99% prior to that), the data are not comprehensive as only aproportion of residents seek care in emergency departments. Therefore the data are not exact measures of morbidity.
-Data for the most recent two weeks are not final and are subject to change.";Asthma;Borough;Staten Island;Age Group;All age groups;5/2023;Count;160
"-Syndrome data are inherently non-specific and not based on diagnostic testing. While the New York City syndromic surveillance system captures 100% of all emergency department(ED) visits in the city (as of 5/1/16, 99% prior to that), the data are not comprehensive as only aproportion of residents seek care in emergency departments. Therefore the data are not exact measures of morbidity.
-Data for the most recent two weeks are not final and are subject to change.";Asthma;Borough;Staten Island;Age Group;All age groups;6/2023;Count;119
"-Syndrome data are inherently non-specific and not based on diagnostic testing. While the New York City syndromic surveillance system captures 100% of all emergency department(ED) visits in the city (as of 5/1/16, 99% prior to that), the data are not comprehensive as only aproportion of residents seek care in emergency departments. Therefore the data are not exact measures of morbidity.
-Data for the most recent two weeks are not final and are subject to change.";Asthma;Borough;Staten Island;Age Group;All age groups;7/2023;Count;77
"-Syndrome data are inherently non-specific and not based on diagnostic testing. While the New York City syndromic surveillance system captures 100% of all emergency department(ED) visits in the city (as of 5/1/16, 99% prior to that), the data are not comprehensive as only aproportion of residents seek care in emergency departments. Therefore the data are not exact measures of morbidity.
-Data for the most recent two weeks are not final and are subject to change.";Asthma;Borough;Staten Island;Age Group;All age groups;8/2023;Count;153
"-Syndrome data are inherently non-specific and not based on diagnostic testing. While the New York City syndromic surveillance system captures 100% of all emergency department(ED) visits in the city (as of 5/1/16, 99% prior to that), the data are not comprehensive as only aproportion of residents seek care in emergency departments. Therefore the data are not exact measures of morbidity.
-Data for the most recent two weeks are not final and are subject to change.";Asthma;Borough;Staten Island;Age Group;All age groups;9/2023;Count;361
"-Syndrome data are inherently non-specific and not based on diagnostic testing. While the New York City syndromic surveillance system captures 100% of all emergency department(ED) visits in the city (as of 5/1/16, 99% prior to that), the data are not comprehensive as only aproportion of residents seek care in emergency departments. Therefore the data are not exact measures of morbidity.
-Data for the most recent two weeks are not final and are subject to change.";Asthma;Borough;Staten Island;Age Group;All age groups;10/2023;Count;443
"-Syndrome data are inherently non-specific and not based on diagnostic testing. While the New York City syndromic surveillance system captures 100% of all emergency department(ED) visits in the city (as of 5/1/16, 99% prior to that), the data are not comprehensive as only aproportion of residents seek care in emergency departments. Therefore the data are not exact measures of morbidity.
-Data for the most recent two weeks are not final and are subject to change.";Asthma;Borough;Staten Island;Age Group;All age groups;11/2023;Count;423
"-Syndrome data are inherently non-specific and not based on diagnostic testing. While the New York City syndromic surveillance system captures 100% of all emergency department(ED) visits in the city (as of 5/1/16, 99% prior to that), the data are not comprehensive as only aproportion of residents seek care in emergency departments. Therefore the data are not exact measures of morbidity.
-Data for the most recent two weeks are not final and are subject to change.";Asthma;Borough;Staten Island;Age Group;All age groups;12/2023;Count;431
"-Syndrome data are inherently non-specific and not based on diagnostic testing. While the New York City syndromic surveillance system captures 100% of all emergency department(ED) visits in the city (as of 5/1/16, 99% prior to that), the data are not comprehensive as only aproportion of residents seek care in emergency departments. Therefore the data are not exact measures of morbidity.
-Data for the most recent two weeks are not final and are subject to change.";Asthma;Borough;Staten Island;Age Group;All age groups;1/2024;Count;403
"-Syndrome data are inherently non-specific and not based on diagnostic testing. While the New York City syndromic surveillance system captures 100% of all emergency department(ED) visits in the city (as of 5/1/16, 99% prior to that), the data are not comprehensive as only aproportion of residents seek care in emergency departments. Therefore the data are not exact measures of morbidity.
-Data for the most recent two weeks are not final and are subject to change.";Asthma;Borough;Staten Island;Age Group;All age groups;2/2024;Count;404
"-Syndrome data are inherently non-specific and not based on diagnostic testing. While the New York City syndromic surveillance system captures 100% of all emergency department(ED) visits in the city (as of 5/1/16, 99% prior to that), the data are not comprehensive as only aproportion of residents seek care in emergency departments. Therefore the data are not exact measures of morbidity.
-Data for the most recent two weeks are not final and are subject to change.";Asthma;Borough;Staten Island;Age Group;All age groups;3/2024;Count;455
"-Syndrome data are inherently non-specific and not based on diagnostic testing. While the New York City syndromic surveillance system captures 100% of all emergency department(ED) visits in the city (as of 5/1/16, 99% prior to that), the data are not comprehensive as only aproportion of residents seek care in emergency departments. Therefore the data are not exact measures of morbidity.
-Data for the most recent two weeks are not final and are subject to change.";Asthma;Borough;Staten Island;Age Group;All age groups;4/2024;Count;426
"-Syndrome data are inherently non-specific and not based on diagnostic testing. While the New York City syndromic surveillance system captures 100% of all emergency department(ED) visits in the city (as of 5/1/16, 99% prior to that), the data are not comprehensive as only aproportion of residents seek care in emergency departments. Therefore the data are not exact measures of morbidity.
-Data for the most recent two weeks are not final and are subject to change.";Asthma;Borough;Staten Island;Age Group;All age groups;5/2024;Count;502
"-Syndrome data are inherently non-specific and not based on diagnostic testing. While the New York City syndromic surveillance system captures 100% of all emergency department(ED) visits in the city (as of 5/1/16, 99% prior to that), the data are not comprehensive as only aproportion of residents seek care in emergency departments. Therefore the data are not exact measures of morbidity.
-Data for the most recent two weeks are not final and are subject to change.";Asthma;Borough;Staten Island;Age Group;All age groups;6/2024;Count;430
"-Syndrome data are inherently non-specific and not based on diagnostic testing. While the New York City syndromic surveillance system captures 100% of all emergency department(ED) visits in the city (as of 5/1/16, 99% prior to that), the data are not comprehensive as only aproportion of residents seek care in emergency departments. Therefore the data are not exact measures of morbidity.
-Data for the most recent two weeks are not final and are subject to change.";Asthma;Borough;Staten Island;Age Group;All age groups;7/2024;Count;444
"-Syndrome data are inherently non-specific and not based on diagnostic testing. While the New York City syndromic surveillance system captures 100% of all emergency department(ED) visits in the city (as of 5/1/16, 99% prior to that), the data are not comprehensive as only aproportion of residents seek care in emergency departments. Therefore the data are not exact measures of morbidity.
-Data for the most recent two weeks are not final and are subject to change.";Asthma;Borough;Staten Island;Age Group;All age groups;8/2024;Count;409
"-Syndrome data are inherently non-specific and not based on diagnostic testing. While the New York City syndromic surveillance system captures 100% of all emergency department(ED) visits in the city (as of 5/1/16, 99% prior to that), the data are not comprehensive as only aproportion of residents seek care in emergency departments. Therefore the data are not exact measures of morbidity.
-Data for the most recent two weeks are not final and are subject to change.";Asthma;Borough;Staten Island;Age Group;All age groups;9/2024;Count;432
"-Syndrome data are inherently non-specific and not based on diagnostic testing. While the New York City syndromic surveillance system captures 100% of all emergency department(ED) visits in the city (as of 5/1/16, 99% prior to that), the data are not comprehensive as only aproportion of residents seek care in emergency departments. Therefore the data are not exact measures of morbidity.
-Data for the most recent two weeks are not final and are subject to change.";Asthma;Borough;Staten Island;Age Group;All age groups;10/2024;Count;448
"-Syndrome data are inherently non-specific and not based on diagnostic testing. While the New York City syndromic surveillance system captures 100% of all emergency department(ED) visits in the city (as of 5/1/16, 99% prior to that), the data are not comprehensive as only aproportion of residents seek care in emergency departments. Therefore the data are not exact measures of morbidity.
-Data for the most recent two weeks are not final and are subject to change.";Asthma;Borough;Staten Island;Age Group;All age groups;11/2024;Count;418
"-Syndrome data are inherently non-specific and not based on diagnostic testing. While the New York City syndromic surveillance system captures 100% of all emergency department(ED) visits in the city (as of 5/1/16, 99% prior to that), the data are not comprehensive as only aproportion of residents seek care in emergency departments. Therefore the data are not exact measures of morbidity.
-Data for the most recent two weeks are not final and are subject to change.";Asthma;Borough;Staten Island;Age Group;All age groups;12/2024;Count;422
"-Syndrome data are inherently non-specific and not based on diagnostic testing. While the New York City syndromic surveillance system captures 100% of all emergency department(ED) visits in the city (as of 5/1/16, 99% prior to that), the data are not comprehensive as only aproportion of residents seek care in emergency departments. Therefore the data are not exact measures of morbidity.
-Data for the most recent two weeks are not final and are subject to change.";Asthma;Borough;Staten Island;Age Group;All age groups;1/2025;Count;417
"-Syndrome data are inherently non-specific and not based on diagnostic testing. While the New York City syndromic surveillance system captures 100% of all emergency department(ED) visits in the city (as of 5/1/16, 99% prior to that), the data are not comprehensive as only aproportion of residents seek care in emergency departments. Therefore the data are not exact measures of morbidity.
-Data for the most recent two weeks are not final and are subject to change.";Asthma;Borough;Staten Island;Age Group;All age groups;2/2025;Count;383
"-Syndrome data are inherently non-specific and not based on diagnostic testing. While the New York City syndromic surveillance system captures 100% of all emergency department(ED) visits in the city (as of 5/1/16, 99% prior to that), the data are not comprehensive as only aproportion of residents seek care in emergency departments. Therefore the data are not exact measures of morbidity.
-Data for the most recent two weeks are not final and are subject to change.";Asthma;Borough;Staten Island;Age Group;All age groups;3/2025;Count;419
"-Syndrome data are inherently non-specific and not based on diagnostic testing. While the New York City syndromic surveillance system captures 100% of all emergency department(ED) visits in the city (as of 5/1/16, 99% prior to that), the data are not comprehensive as only aproportion of residents seek care in emergency departments. Therefore the data are not exact measures of morbidity.
-Data for the most recent two weeks are not final and are subject to change.";Asthma;Borough;Staten Island;Age Group;All age groups;4/2025;Count;464
"-Syndrome data are inherently non-specific and not based on diagnostic testing. While the New York City syndromic surveillance system captures 100% of all emergency department(ED) visits in the city (as of 5/1/16, 99% prior to that), the data are not comprehensive as only aproportion of residents seek care in emergency departments. Therefore the data are not exact measures of morbidity.
-Data for the most recent two weeks are not final and are subject to change.";Asthma;Borough;Staten Island;Age Group;All age groups;5/2025;Count;488
"-Syndrome data are inherently non-specific and not based on diagnostic testing. While the New York City syndromic surveillance system captures 100% of all emergency department(ED) visits in the city (as of 5/1/16, 99% prior to that), the data are not comprehensive as only aproportion of residents seek care in emergency departments. Therefore the data are not exact measures of morbidity.
-Data for the most recent two weeks are not final and are subject to change.";Asthma;Borough;Staten Island;Age Group;All age groups;6/2025;Count;375
"-Syndrome data are inherently non-specific and not based on diagnostic testing. While the New York City syndromic surveillance system captures 100% of all emergency department(ED) visits in the city (as of 5/1/16, 99% prior to that), the data are not comprehensive as only aproportion of residents seek care in emergency departments. Therefore the data are not exact measures of morbidity.
-Data for the most recent two weeks are not final and are subject to change.";Asthma;Borough;Staten Island;Age Group;All age groups;7/2025;Count;404
"-Syndrome data are inherently non-specific and not based on diagnostic testing. While the New York City syndromic surveillance system captures 100% of all emergency department(ED) visits in the city (as of 5/1/16, 99% prior to that), the data are not comprehensive as only aproportion of residents seek care in emergency departments. Therefore the data are not exact measures of morbidity.
-Data for the most recent two weeks are not final and are subject to change.";Asthma;Borough;Staten Island;Age Group;All age groups;8/2025;Count;378
"-Syndrome data are inherently non-specific and not based on diagnostic testing. While the New York City syndromic surveillance system captures 100% of all emergency department(ED) visits in the city (as of 5/1/16, 99% prior to that), the data are not comprehensive as only aproportion of residents seek care in emergency departments. Therefore the data are not exact measures of morbidity.
-Data for the most recent two weeks are not final and are subject to change.";Asthma;Borough;Staten Island;Age Group;All age groups;9/2025;Count;455
"-Syndrome data are inherently non-specific and not based on diagnostic testing. While the New York City syndromic surveillance system captures 100% of all emergency department(ED) visits in the city (as of 5/1/16, 99% prior to that), the data are not comprehensive as only aproportion of residents seek care in emergency departments. Therefore the data are not exact measures of morbidity.
-Data for the most recent two weeks are not final and are subject to change.";Asthma;Borough;Staten Island;Age Group;All age groups;10/2025;Count;426
"-Syndrome data are inherently non-specific and not based on diagnostic testing. While the New York City syndromic surveillance system captures 100% of all emergency department(ED) visits in the city (as of 5/1/16, 99% prior to that), the data are not comprehensive as only aproportion of residents seek care in emergency departments. Therefore the data are not exact measures of morbidity.
-Data for the most recent two weeks are not final and are subject to change.";Asthma;Borough;Staten Island;Age Group;All age groups;11/2025;Count;3
"-Syndrome data are inherently non-specific and not based on diagnostic testing. While the New York City syndromic surveillance system captures 100% of all emergency department(ED) visits in the city (as of 5/1/16, 99% prior to that), the data are not comprehensive as only aproportion of residents seek care in emergency departments. Therefore the data are not exact measures of morbidity.
-Data for the most recent two weeks are not final and are subject to change.";Asthma;Borough;Staten Island;Age Group;Ages 0-4 years;3/2022;Count;24
"-Syndrome data are inherently non-specific and not based on diagnostic testing. While the New York City syndromic surveillance system captures 100% of all emergency department(ED) visits in the city (as of 5/1/16, 99% prior to that), the data are not comprehensive as only aproportion of residents seek care in emergency departments. Therefore the data are not exact measures of morbidity.
-Data for the most recent two weeks are not final and are subject to change.";Asthma;Borough;Staten Island;Age Group;Ages 0-4 years;4/2022;Count;13
"-Syndrome data are inherently non-specific and not based on diagnostic testing. While the New York City syndromic surveillance system captures 100% of all emergency department(ED) visits in the city (as of 5/1/16, 99% prior to that), the data are not comprehensive as only aproportion of residents seek care in emergency departments. Therefore the data are not exact measures of morbidity.
-Data for the most recent two weeks are not final and are subject to change.";Asthma;Borough;Staten Island;Age Group;Ages 0-4 years;5/2022;Count;17
"-Syndrome data are inherently non-specific and not based on diagnostic testing. While the New York City syndromic surveillance system captures 100% of all emergency department(ED) visits in the city (as of 5/1/16, 99% prior to that), the data are not comprehensive as only aproportion of residents seek care in emergency departments. Therefore the data are not exact measures of morbidity.
-Data for the most recent two weeks are not final and are subject to change.";Asthma;Borough;Staten Island;Age Group;Ages 0-4 years;6/2022;Count;7
"-Syndrome data are inherently non-specific and not based on diagnostic testing. While the New York City syndromic surveillance system captures 100% of all emergency department(ED) visits in the city (as of 5/1/16, 99% prior to that), the data are not comprehensive as only aproportion of residents seek care in emergency departments. Therefore the data are not exact measures of morbidity.
-Data for the most recent two weeks are not final and are subject to change.";Asthma;Borough;Staten Island;Age Group;Ages 0-4 years;7/2022;Count;9
"-Syndrome data are inherently non-specific and not based on diagnostic testing. While the New York City syndromic surveillance system captures 100% of all emergency department(ED) visits in the city (as of 5/1/16, 99% prior to that), the data are not comprehensive as only aproportion of residents seek care in emergency departments. Therefore the data are not exact measures of morbidity.
-Data for the most recent two weeks are not final and are subject to change.";Asthma;Borough;Staten Island;Age Group;Ages 0-4 years;8/2022;Count;8
"-Syndrome data are inherently non-specific and not based on diagnostic testing. While the New York City syndromic surveillance system captures 100% of all emergency department(ED) visits in the city (as of 5/1/16, 99% prior to that), the data are not comprehensive as only aproportion of residents seek care in emergency departments. Therefore the data are not exact measures of morbidity.
-Data for the most recent two weeks are not final and are subject to change.";Asthma;Borough;Staten Island;Age Group;Ages 0-4 years;9/2022;Count;17
"-Syndrome data are inherently non-specific and not based on diagnostic testing. While the New York City syndromic surveillance system captures 100% of all emergency department(ED) visits in the city (as of 5/1/16, 99% prior to that), the data are not comprehensive as only aproportion of residents seek care in emergency departments. Therefore the data are not exact measures of morbidity.
-Data for the most recent two weeks are not final and are subject to change.";Asthma;Borough;Staten Island;Age Group;Ages 0-4 years;10/2022;Count;23
"-Syndrome data are inherently non-specific and not based on diagnostic testing. While the New York City syndromic surveillance system captures 100% of all emergency department(ED) visits in the city (as of 5/1/16, 99% prior to that), the data are not comprehensive as only aproportion of residents seek care in emergency departments. Therefore the data are not exact measures of morbidity.
-Data for the most recent two weeks are not final and are subject to change.";Asthma;Borough;Staten Island;Age Group;Ages 0-4 years;11/2022;Count;16
"-Syndrome data are inherently non-specific and not based on diagnostic testing. While the New York City syndromic surveillance system captures 100% of all emergency department(ED) visits in the city (as of 5/1/16, 99% prior to that), the data are not comprehensive as only aproportion of residents seek care in emergency departments. Therefore the data are not exact measures of morbidity.
-Data for the most recent two weeks are not final and are subject to change.";Asthma;Borough;Staten Island;Age Group;Ages 0-4 years;12/2022;Count;12
"-Syndrome data are inherently non-specific and not based on diagnostic testing. While the New York City syndromic surveillance system captures 100% of all emergency department(ED) visits in the city (as of 5/1/16, 99% prior to that), the data are not comprehensive as only aproportion of residents seek care in emergency departments. Therefore the data are not exact measures of morbidity.
-Data for the most recent two weeks are not final and are subject to change.";Asthma;Borough;Staten Island;Age Group;Ages 0-4 years;1/2023;Count;14
"-Syndrome data are inherently non-specific and not based on diagnostic testing. While the New York City syndromic surveillance system captures 100% of all emergency department(ED) visits in the city (as of 5/1/16, 99% prior to that), the data are not comprehensive as only aproportion of residents seek care in emergency departments. Therefore the data are not exact measures of morbidity.
-Data for the most recent two weeks are not final and are subject to change.";Asthma;Borough;Staten Island;Age Group;Ages 0-4 years;2/2023;Count;20
"-Syndrome data are inherently non-specific and not based on diagnostic testing. While the New York City syndromic surveillance system captures 100% of all emergency department(ED) visits in the city (as of 5/1/16, 99% prior to that), the data are not comprehensive as only aproportion of residents seek care in emergency departments. Therefore the data are not exact measures of morbidity.
-Data for the most recent two weeks are not final and are subject to change.";Asthma;Borough;Staten Island;Age Group;Ages 0-4 years;3/2023;Count;16
"-Syndrome data are inherently non-specific and not based on diagnostic testing. While the New York City syndromic surveillance system captures 100% of all emergency department(ED) visits in the city (as of 5/1/16, 99% prior to that), the data are not comprehensive as only aproportion of residents seek care in emergency departments. Therefore the data are not exact measures of morbidity.
-Data for the most recent two weeks are not final and are subject to change.";Asthma;Borough;Staten Island;Age Group;Ages 0-4 years;4/2023;Count;13
"-Syndrome data are inherently non-specific and not based on diagnostic testing. While the New York City syndromic surveillance system captures 100% of all emergency department(ED) visits in the city (as of 5/1/16, 99% prior to that), the data are not comprehensive as only aproportion of residents seek care in emergency departments. Therefore the data are not exact measures of morbidity.
-Data for the most recent two weeks are not final and are subject to change.";Asthma;Borough;Staten Island;Age Group;Ages 0-4 years;5/2023;Count;14
"-Syndrome data are inherently non-specific and not based on diagnostic testing. While the New York City syndromic surveillance system captures 100% of all emergency department(ED) visits in the city (as of 5/1/16, 99% prior to that), the data are not comprehensive as only aproportion of residents seek care in emergency departments. Therefore the data are not exact measures of morbidity.
-Data for the most recent two weeks are not final and are subject to change.";Asthma;Borough;Staten Island;Age Group;Ages 0-4 years;6/2023;Count;8
"-Syndrome data are inherently non-specific and not based on diagnostic testing. While the New York City syndromic surveillance system captures 100% of all emergency department(ED) visits in the city (as of 5/1/16, 99% prior to that), the data are not comprehensive as only aproportion of residents seek care in emergency departments. Therefore the data are not exact measures of morbidity.
-Data for the most recent two weeks are not final and are subject to change.";Asthma;Borough;Staten Island;Age Group;Ages 0-4 years;7/2023;Count;4
"-Syndrome data are inherently non-specific and not based on diagnostic testing. While the New York City syndromic surveillance system captures 100% of all emergency department(ED) visits in the city (as of 5/1/16, 99% prior to that), the data are not comprehensive as only aproportion of residents seek care in emergency departments. Therefore the data are not exact measures of morbidity.
-Data for the most recent two weeks are not final and are subject to change.";Asthma;Borough;Staten Island;Age Group;Ages 0-4 years;8/2023;Count;8
"-Syndrome data are inherently non-specific and not based on diagnostic testing. While the New York City syndromic surveillance system captures 100% of all emergency department(ED) visits in the city (as of 5/1/16, 99% prior to that), the data are not comprehensive as only aproportion of residents seek care in emergency departments. Therefore the data are not exact measures of morbidity.
-Data for the most recent two weeks are not final and are subject to change.";Asthma;Borough;Staten Island;Age Group;Ages 0-4 years;9/2023;Count;11
"-Syndrome data are inherently non-specific and not based on diagnostic testing. While the New York City syndromic surveillance system captures 100% of all emergency department(ED) visits in the city (as of 5/1/16, 99% prior to that), the data are not comprehensive as only aproportion of residents seek care in emergency departments. Therefore the data are not exact measures of morbidity.
-Data for the most recent two weeks are not final and are subject to change.";Asthma;Borough;Staten Island;Age Group;Ages 0-4 years;10/2023;Count;22
"-Syndrome data are inherently non-specific and not based on diagnostic testing. While the New York City syndromic surveillance system captures 100% of all emergency department(ED) visits in the city (as of 5/1/16, 99% prior to that), the data are not comprehensive as only aproportion of residents seek care in emergency departments. Therefore the data are not exact measures of morbidity.
-Data for the most recent two weeks are not final and are subject to change.";Asthma;Borough;Staten Island;Age Group;Ages 0-4 years;11/2023;Count;18
"-Syndrome data are inherently non-specific and not based on diagnostic testing. While the New York City syndromic surveillance system captures 100% of all emergency department(ED) visits in the city (as of 5/1/16, 99% prior to that), the data are not comprehensive as only aproportion of residents seek care in emergency departments. Therefore the data are not exact measures of morbidity.
-Data for the most recent two weeks are not final and are subject to change.";Asthma;Borough;Staten Island;Age Group;Ages 0-4 years;12/2023;Count;9
"-Syndrome data are inherently non-specific and not based on diagnostic testing. While the New York City syndromic surveillance system captures 100% of all emergency department(ED) visits in the city (as of 5/1/16, 99% prior to that), the data are not comprehensive as only aproportion of residents seek care in emergency departments. Therefore the data are not exact measures of morbidity.
-Data for the most recent two weeks are not final and are subject to change.";Asthma;Borough;Staten Island;Age Group;Ages 0-4 years;1/2024;Count;7
"-Syndrome data are inherently non-specific and not based on diagnostic testing. While the New York City syndromic surveillance system captures 100% of all emergency department(ED) visits in the city (as of 5/1/16, 99% prior to that), the data are not comprehensive as only aproportion of residents seek care in emergency departments. Therefore the data are not exact measures of morbidity.
-Data for the most recent two weeks are not final and are subject to change.";Asthma;Borough;Staten Island;Age Group;Ages 0-4 years;2/2024;Count;8
"-Syndrome data are inherently non-specific and not based on diagnostic testing. While the New York City syndromic surveillance system captures 100% of all emergency department(ED) visits in the city (as of 5/1/16, 99% prior to that), the data are not comprehensive as only aproportion of residents seek care in emergency departments. Therefore the data are not exact measures of morbidity.
-Data for the most recent two weeks are not final and are subject to change.";Asthma;Borough;Staten Island;Age Group;Ages 0-4 years;3/2024;Count;12
"-Syndrome data are inherently non-specific and not based on diagnostic testing. While the New York City syndromic surveillance system captures 100% of all emergency department(ED) visits in the city (as of 5/1/16, 99% prior to that), the data are not comprehensive as only aproportion of residents seek care in emergency departments. Therefore the data are not exact measures of morbidity.
-Data for the most recent two weeks are not final and are subject to change.";Asthma;Borough;Staten Island;Age Group;Ages 0-4 years;4/2024;Count;17
"-Syndrome data are inherently non-specific and not based on diagnostic testing. While the New York City syndromic surveillance system captures 100% of all emergency department(ED) visits in the city (as of 5/1/16, 99% prior to that), the data are not comprehensive as only aproportion of residents seek care in emergency departments. Therefore the data are not exact measures of morbidity.
-Data for the most recent two weeks are not final and are subject to change.";Asthma;Borough;Staten Island;Age Group;Ages 0-4 years;5/2024;Count;22
"-Syndrome data are inherently non-specific and not based on diagnostic testing. While the New York City syndromic surveillance system captures 100% of all emergency department(ED) visits in the city (as of 5/1/16, 99% prior to that), the data are not comprehensive as only aproportion of residents seek care in emergency departments. Therefore the data are not exact measures of morbidity.
-Data for the most recent two weeks are not final and are subject to change.";Asthma;Borough;Staten Island;Age Group;Ages 0-4 years;6/2024;Count;10
"-Syndrome data are inherently non-specific and not based on diagnostic testing. While the New York City syndromic surveillance system captures 100% of all emergency department(ED) visits in the city (as of 5/1/16, 99% prior to that), the data are not comprehensive as only aproportion of residents seek care in emergency departments. Therefore the data are not exact measures of morbidity.
-Data for the most recent two weeks are not final and are subject to change.";Asthma;Borough;Staten Island;Age Group;Ages 0-4 years;7/2024;Count;13
"-Syndrome data are inherently non-specific and not based on diagnostic testing. While the New York City syndromic surveillance system captures 100% of all emergency department(ED) visits in the city (as of 5/1/16, 99% prior to that), the data are not comprehensive as only aproportion of residents seek care in emergency departments. Therefore the data are not exact measures of morbidity.
-Data for the most recent two weeks are not final and are subject to change.";Asthma;Borough;Staten Island;Age Group;Ages 0-4 years;8/2024;Count;6
"-Syndrome data are inherently non-specific and not based on diagnostic testing. While the New York City syndromic surveillance system captures 100% of all emergency department(ED) visits in the city (as of 5/1/16, 99% prior to that), the data are not comprehensive as only aproportion of residents seek care in emergency departments. Therefore the data are not exact measures of morbidity.
-Data for the most recent two weeks are not final and are subject to change.";Asthma;Borough;Staten Island;Age Group;Ages 0-4 years;9/2024;Count;12
"-Syndrome data are inherently non-specific and not based on diagnostic testing. While the New York City syndromic surveillance system captures 100% of all emergency department(ED) visits in the city (as of 5/1/16, 99% prior to that), the data are not comprehensive as only aproportion of residents seek care in emergency departments. Therefore the data are not exact measures of morbidity.
-Data for the most recent two weeks are not final and are subject to change.";Asthma;Borough;Staten Island;Age Group;Ages 0-4 years;10/2024;Count;13
"-Syndrome data are inherently non-specific and not based on diagnostic testing. While the New York City syndromic surveillance system captures 100% of all emergency department(ED) visits in the city (as of 5/1/16, 99% prior to that), the data are not comprehensive as only aproportion of residents seek care in emergency departments. Therefore the data are not exact measures of morbidity.
-Data for the most recent two weeks are not final and are subject to change.";Asthma;Borough;Staten Island;Age Group;Ages 0-4 years;11/2024;Count;13
"-Syndrome data are inherently non-specific and not based on diagnostic testing. While the New York City syndromic surveillance system captures 100% of all emergency department(ED) visits in the city (as of 5/1/16, 99% prior to that), the data are not comprehensive as only aproportion of residents seek care in emergency departments. Therefore the data are not exact measures of morbidity.
-Data for the most recent two weeks are not final and are subject to change.";Asthma;Borough;Staten Island;Age Group;Ages 0-4 years;12/2024;Count;17
"-Syndrome data are inherently non-specific and not based on diagnostic testing. While the New York City syndromic surveillance system captures 100% of all emergency department(ED) visits in the city (as of 5/1/16, 99% prior to that), the data are not comprehensive as only aproportion of residents seek care in emergency departments. Therefore the data are not exact measures of morbidity.
-Data for the most recent two weeks are not final and are subject to change.";Asthma;Borough;Staten Island;Age Group;Ages 0-4 years;1/2025;Count;6
"-Syndrome data are inherently non-specific and not based on diagnostic testing. While the New York City syndromic surveillance system captures 100% of all emergency department(ED) visits in the city (as of 5/1/16, 99% prior to that), the data are not comprehensive as only aproportion of residents seek care in emergency departments. Therefore the data are not exact measures of morbidity.
-Data for the most recent two weeks are not final and are subject to change.";Asthma;Borough;Staten Island;Age Group;Ages 0-4 years;2/2025;Count;12
"-Syndrome data are inherently non-specific and not based on diagnostic testing. While the New York City syndromic surveillance system captures 100% of all emergency department(ED) visits in the city (as of 5/1/16, 99% prior to that), the data are not comprehensive as only aproportion of residents seek care in emergency departments. Therefore the data are not exact measures of morbidity.
-Data for the most recent two weeks are not final and are subject to change.";Asthma;Borough;Staten Island;Age Group;Ages 0-4 years;3/2025;Count;17
"-Syndrome data are inherently non-specific and not based on diagnostic testing. While the New York City syndromic surveillance system captures 100% of all emergency department(ED) visits in the city (as of 5/1/16, 99% prior to that), the data are not comprehensive as only aproportion of residents seek care in emergency departments. Therefore the data are not exact measures of morbidity.
-Data for the most recent two weeks are not final and are subject to change.";Asthma;Borough;Staten Island;Age Group;Ages 0-4 years;4/2025;Count;16
"-Syndrome data are inherently non-specific and not based on diagnostic testing. While the New York City syndromic surveillance system captures 100% of all emergency department(ED) visits in the city (as of 5/1/16, 99% prior to that), the data are not comprehensive as only aproportion of residents seek care in emergency departments. Therefore the data are not exact measures of morbidity.
-Data for the most recent two weeks are not final and are subject to change.";Asthma;Borough;Staten Island;Age Group;Ages 0-4 years;5/2025;Count;6
"-Syndrome data are inherently non-specific and not based on diagnostic testing. While the New York City syndromic surveillance system captures 100% of all emergency department(ED) visits in the city (as of 5/1/16, 99% prior to that), the data are not comprehensive as only aproportion of residents seek care in emergency departments. Therefore the data are not exact measures of morbidity.
-Data for the most recent two weeks are not final and are subject to change.";Asthma;Borough;Staten Island;Age Group;Ages 0-4 years;6/2025;Count;4
"-Syndrome data are inherently non-specific and not based on diagnostic testing. While the New York City syndromic surveillance system captures 100% of all emergency department(ED) visits in the city (as of 5/1/16, 99% prior to that), the data are not comprehensive as only aproportion of residents seek care in emergency departments. Therefore the data are not exact measures of morbidity.
-Data for the most recent two weeks are not final and are subject to change.";Asthma;Borough;Staten Island;Age Group;Ages 0-4 years;7/2025;Count;9
"-Syndrome data are inherently non-specific and not based on diagnostic testing. While the New York City syndromic surveillance system captures 100% of all emergency department(ED) visits in the city (as of 5/1/16, 99% prior to that), the data are not comprehensive as only aproportion of residents seek care in emergency departments. Therefore the data are not exact measures of morbidity.
-Data for the most recent two weeks are not final and are subject to change.";Asthma;Borough;Staten Island;Age Group;Ages 0-4 years;8/2025;Count;6
"-Syndrome data are inherently non-specific and not based on diagnostic testing. While the New York City syndromic surveillance system captures 100% of all emergency department(ED) visits in the city (as of 5/1/16, 99% prior to that), the data are not comprehensive as only aproportion of residents seek care in emergency departments. Therefore the data are not exact measures of morbidity.
-Data for the most recent two weeks are not final and are subject to change.";Asthma;Borough;Staten Island;Age Group;Ages 0-4 years;9/2025;Count;15
"-Syndrome data are inherently non-specific and not based on diagnostic testing. While the New York City syndromic surveillance system captures 100% of all emergency department(ED) visits in the city (as of 5/1/16, 99% prior to that), the data are not comprehensive as only aproportion of residents seek care in emergency departments. Therefore the data are not exact measures of morbidity.
-Data for the most recent two weeks are not final and are subject to change.";Asthma;Borough;Staten Island;Age Group;Ages 0-4 years;10/2025;Count;11
"-Syndrome data are inherently non-specific and not based on diagnostic testing. While the New York City syndromic surveillance system captures 100% of all emergency department(ED) visits in the city (as of 5/1/16, 99% prior to that), the data are not comprehensive as only aproportion of residents seek care in emergency departments. Therefore the data are not exact measures of morbidity.
-Data for the most recent two weeks are not final and are subject to change.";Asthma;Borough;Staten Island;Age Group;Ages 0-4 years;11/2025;Count;0
"-Syndrome data are inherently non-specific and not based on diagnostic testing. While the New York City syndromic surveillance system captures 100% of all emergency department(ED) visits in the city (as of 5/1/16, 99% prior to that), the data are not comprehensive as only aproportion of residents seek care in emergency departments. Therefore the data are not exact measures of morbidity.
-Data for the most recent two weeks are not final and are subject to change.";Asthma;Borough;Staten Island;Age Group;Ages 5-17 years;3/2022;Count;64
"-Syndrome data are inherently non-specific and not based on diagnostic testing. While the New York City syndromic surveillance system captures 100% of all emergency department(ED) visits in the city (as of 5/1/16, 99% prior to that), the data are not comprehensive as only aproportion of residents seek care in emergency departments. Therefore the data are not exact measures of morbidity.
-Data for the most recent two weeks are not final and are subject to change.";Asthma;Borough;Staten Island;Age Group;Ages 5-17 years;4/2022;Count;50
"-Syndrome data are inherently non-specific and not based on diagnostic testing. While the New York City syndromic surveillance system captures 100% of all emergency department(ED) visits in the city (as of 5/1/16, 99% prior to that), the data are not comprehensive as only aproportion of residents seek care in emergency departments. Therefore the data are not exact measures of morbidity.
-Data for the most recent two weeks are not final and are subject to change.";Asthma;Borough;Staten Island;Age Group;Ages 5-17 years;5/2022;Count;77
"-Syndrome data are inherently non-specific and not based on diagnostic testing. While the New York City syndromic surveillance system captures 100% of all emergency department(ED) visits in the city (as of 5/1/16, 99% prior to that), the data are not comprehensive as only aproportion of residents seek care in emergency departments. Therefore the data are not exact measures of morbidity.
-Data for the most recent two weeks are not final and are subject to change.";Asthma;Borough;Staten Island;Age Group;Ages 5-17 years;6/2022;Count;26
"-Syndrome data are inherently non-specific and not based on diagnostic testing. While the New York City syndromic surveillance system captures 100% of all emergency department(ED) visits in the city (as of 5/1/16, 99% prior to that), the data are not comprehensive as only aproportion of residents seek care in emergency departments. Therefore the data are not exact measures of morbidity.
-Data for the most recent two weeks are not final and are subject to change.";Asthma;Borough;Staten Island;Age Group;Ages 5-17 years;7/2022;Count;39
"-Syndrome data are inherently non-specific and not based on diagnostic testing. While the New York City syndromic surveillance system captures 100% of all emergency department(ED) visits in the city (as of 5/1/16, 99% prior to that), the data are not comprehensive as only aproportion of residents seek care in emergency departments. Therefore the data are not exact measures of morbidity.
-Data for the most recent two weeks are not final and are subject to change.";Asthma;Borough;Staten Island;Age Group;Ages 5-17 years;8/2022;Count;53
"-Syndrome data are inherently non-specific and not based on diagnostic testing. While the New York City syndromic surveillance system captures 100% of all emergency department(ED) visits in the city (as of 5/1/16, 99% prior to that), the data are not comprehensive as only aproportion of residents seek care in emergency departments. Therefore the data are not exact measures of morbidity.
-Data for the most recent two weeks are not final and are subject to change.";Asthma;Borough;Staten Island;Age Group;Ages 5-17 years;9/2022;Count;67
"-Syndrome data are inherently non-specific and not based on diagnostic testing. While the New York City syndromic surveillance system captures 100% of all emergency department(ED) visits in the city (as of 5/1/16, 99% prior to that), the data are not comprehensive as only aproportion of residents seek care in emergency departments. Therefore the data are not exact measures of morbidity.
-Data for the most recent two weeks are not final and are subject to change.";Asthma;Borough;Staten Island;Age Group;Ages 5-17 years;10/2022;Count;88
"-Syndrome data are inherently non-specific and not based on diagnostic testing. While the New York City syndromic surveillance system captures 100% of all emergency department(ED) visits in the city (as of 5/1/16, 99% prior to that), the data are not comprehensive as only aproportion of residents seek care in emergency departments. Therefore the data are not exact measures of morbidity.
-Data for the most recent two weeks are not final and are subject to change.";Asthma;Borough;Staten Island;Age Group;Ages 5-17 years;11/2022;Count;65
"-Syndrome data are inherently non-specific and not based on diagnostic testing. While the New York City syndromic surveillance system captures 100% of all emergency department(ED) visits in the city (as of 5/1/16, 99% prior to that), the data are not comprehensive as only aproportion of residents seek care in emergency departments. Therefore the data are not exact measures of morbidity.
-Data for the most recent two weeks are not final and are subject to change.";Asthma;Borough;Staten Island;Age Group;Ages 5-17 years;12/2022;Count;41
"-Syndrome data are inherently non-specific and not based on diagnostic testing. While the New York City syndromic surveillance system captures 100% of all emergency department(ED) visits in the city (as of 5/1/16, 99% prior to that), the data are not comprehensive as only aproportion of residents seek care in emergency departments. Therefore the data are not exact measures of morbidity.
-Data for the most recent two weeks are not final and are subject to change.";Asthma;Borough;Staten Island;Age Group;Ages 5-17 years;1/2023;Count;61
"-Syndrome data are inherently non-specific and not based on diagnostic testing. While the New York City syndromic surveillance system captures 100% of all emergency department(ED) visits in the city (as of 5/1/16, 99% prior to that), the data are not comprehensive as only aproportion of residents seek care in emergency departments. Therefore the data are not exact measures of morbidity.
-Data for the most recent two weeks are not final and are subject to change.";Asthma;Borough;Staten Island;Age Group;Ages 5-17 years;2/2023;Count;53
"-Syndrome data are inherently non-specific and not based on diagnostic testing. While the New York City syndromic surveillance system captures 100% of all emergency department(ED) visits in the city (as of 5/1/16, 99% prior to that), the data are not comprehensive as only aproportion of residents seek care in emergency departments. Therefore the data are not exact measures of morbidity.
-Data for the most recent two weeks are not final and are subject to change.";Asthma;Borough;Staten Island;Age Group;Ages 5-17 years;3/2023;Count;70
"-Syndrome data are inherently non-specific and not based on diagnostic testing. While the New York City syndromic surveillance system captures 100% of all emergency department(ED) visits in the city (as of 5/1/16, 99% prior to that), the data are not comprehensive as only aproportion of residents seek care in emergency departments. Therefore the data are not exact measures of morbidity.
-Data for the most recent two weeks are not final and are subject to change.";Asthma;Borough;Staten Island;Age Group;Ages 5-17 years;4/2023;Count;74
"-Syndrome data are inherently non-specific and not based on diagnostic testing. While the New York City syndromic surveillance system captures 100% of all emergency department(ED) visits in the city (as of 5/1/16, 99% prior to that), the data are not comprehensive as only aproportion of residents seek care in emergency departments. Therefore the data are not exact measures of morbidity.
-Data for the most recent two weeks are not final and are subject to change.";Asthma;Borough;Staten Island;Age Group;Ages 5-17 years;5/2023;Count;28
"-Syndrome data are inherently non-specific and not based on diagnostic testing. While the New York City syndromic surveillance system captures 100% of all emergency department(ED) visits in the city (as of 5/1/16, 99% prior to that), the data are not comprehensive as only aproportion of residents seek care in emergency departments. Therefore the data are not exact measures of morbidity.
-Data for the most recent two weeks are not final and are subject to change.";Asthma;Borough;Staten Island;Age Group;Ages 5-17 years;6/2023;Count;12
"-Syndrome data are inherently non-specific and not based on diagnostic testing. While the New York City syndromic surveillance system captures 100% of all emergency department(ED) visits in the city (as of 5/1/16, 99% prior to that), the data are not comprehensive as only aproportion of residents seek care in emergency departments. Therefore the data are not exact measures of morbidity.
-Data for the most recent two weeks are not final and are subject to change.";Asthma;Borough;Staten Island;Age Group;Ages 5-17 years;7/2023;Count;5
"-Syndrome data are inherently non-specific and not based on diagnostic testing. While the New York City syndromic surveillance system captures 100% of all emergency department(ED) visits in the city (as of 5/1/16, 99% prior to that), the data are not comprehensive as only aproportion of residents seek care in emergency departments. Therefore the data are not exact measures of morbidity.
-Data for the most recent two weeks are not final and are subject to change.";Asthma;Borough;Staten Island;Age Group;Ages 5-17 years;8/2023;Count;16
"-Syndrome data are inherently non-specific and not based on diagnostic testing. While the New York City syndromic surveillance system captures 100% of all emergency department(ED) visits in the city (as of 5/1/16, 99% prior to that), the data are not comprehensive as only aproportion of residents seek care in emergency departments. Therefore the data are not exact measures of morbidity.
-Data for the most recent two weeks are not final and are subject to change.";Asthma;Borough;Staten Island;Age Group;Ages 5-17 years;9/2023;Count;60
"-Syndrome data are inherently non-specific and not based on diagnostic testing. While the New York City syndromic surveillance system captures 100% of all emergency department(ED) visits in the city (as of 5/1/16, 99% prior to that), the data are not comprehensive as only aproportion of residents seek care in emergency departments. Therefore the data are not exact measures of morbidity.
-Data for the most recent two weeks are not final and are subject to change.";Asthma;Borough;Staten Island;Age Group;Ages 5-17 years;10/2023;Count;68
"-Syndrome data are inherently non-specific and not based on diagnostic testing. While the New York City syndromic surveillance system captures 100% of all emergency department(ED) visits in the city (as of 5/1/16, 99% prior to that), the data are not comprehensive as only aproportion of residents seek care in emergency departments. Therefore the data are not exact measures of morbidity.
-Data for the most recent two weeks are not final and are subject to change.";Asthma;Borough;Staten Island;Age Group;Ages 5-17 years;11/2023;Count;79
"-Syndrome data are inherently non-specific and not based on diagnostic testing. While the New York City syndromic surveillance system captures 100% of all emergency department(ED) visits in the city (as of 5/1/16, 99% prior to that), the data are not comprehensive as only aproportion of residents seek care in emergency departments. Therefore the data are not exact measures of morbidity.
-Data for the most recent two weeks are not final and are subject to change.";Asthma;Borough;Staten Island;Age Group;Ages 5-17 years;12/2023;Count;64
"-Syndrome data are inherently non-specific and not based on diagnostic testing. While the New York City syndromic surveillance system captures 100% of all emergency department(ED) visits in the city (as of 5/1/16, 99% prior to that), the data are not comprehensive as only aproportion of residents seek care in emergency departments. Therefore the data are not exact measures of morbidity.
-Data for the most recent two weeks are not final and are subject to change.";Asthma;Borough;Staten Island;Age Group;Ages 5-17 years;1/2024;Count;68
"-Syndrome data are inherently non-specific and not based on diagnostic testing. While the New York City syndromic surveillance system captures 100% of all emergency department(ED) visits in the city (as of 5/1/16, 99% prior to that), the data are not comprehensive as only aproportion of residents seek care in emergency departments. Therefore the data are not exact measures of morbidity.
-Data for the most recent two weeks are not final and are subject to change.";Asthma;Borough;Staten Island;Age Group;Ages 5-17 years;2/2024;Count;57
"-Syndrome data are inherently non-specific and not based on diagnostic testing. While the New York City syndromic surveillance system captures 100% of all emergency department(ED) visits in the city (as of 5/1/16, 99% prior to that), the data are not comprehensive as only aproportion of residents seek care in emergency departments. Therefore the data are not exact measures of morbidity.
-Data for the most recent two weeks are not final and are subject to change.";Asthma;Borough;Staten Island;Age Group;Ages 5-17 years;3/2024;Count;90
"-Syndrome data are inherently non-specific and not based on diagnostic testing. While the New York City syndromic surveillance system captures 100% of all emergency department(ED) visits in the city (as of 5/1/16, 99% prior to that), the data are not comprehensive as only aproportion of residents seek care in emergency departments. Therefore the data are not exact measures of morbidity.
-Data for the most recent two weeks are not final and are subject to change.";Asthma;Borough;Staten Island;Age Group;Ages 5-17 years;4/2024;Count;64
"-Syndrome data are inherently non-specific and not based on diagnostic testing. While the New York City syndromic surveillance system captures 100% of all emergency department(ED) visits in the city (as of 5/1/16, 99% prior to that), the data are not comprehensive as only aproportion of residents seek care in emergency departments. Therefore the data are not exact measures of morbidity.
-Data for the most recent two weeks are not final and are subject to change.";Asthma;Borough;Staten Island;Age Group;Ages 5-17 years;5/2024;Count;100
"-Syndrome data are inherently non-specific and not based on diagnostic testing. While the New York City syndromic surveillance system captures 100% of all emergency department(ED) visits in the city (as of 5/1/16, 99% prior to that), the data are not comprehensive as only aproportion of residents seek care in emergency departments. Therefore the data are not exact measures of morbidity.
-Data for the most recent two weeks are not final and are subject to change.";Asthma;Borough;Staten Island;Age Group;Ages 5-17 years;6/2024;Count;52
"-Syndrome data are inherently non-specific and not based on diagnostic testing. While the New York City syndromic surveillance system captures 100% of all emergency department(ED) visits in the city (as of 5/1/16, 99% prior to that), the data are not comprehensive as only aproportion of residents seek care in emergency departments. Therefore the data are not exact measures of morbidity.
-Data for the most recent two weeks are not final and are subject to change.";Asthma;Borough;Staten Island;Age Group;Ages 5-17 years;7/2024;Count;39
"-Syndrome data are inherently non-specific and not based on diagnostic testing. While the New York City syndromic surveillance system captures 100% of all emergency department(ED) visits in the city (as of 5/1/16, 99% prior to that), the data are not comprehensive as only aproportion of residents seek care in emergency departments. Therefore the data are not exact measures of morbidity.
-Data for the most recent two weeks are not final and are subject to change.";Asthma;Borough;Staten Island;Age Group;Ages 5-17 years;8/2024;Count;46
"-Syndrome data are inherently non-specific and not based on diagnostic testing. While the New York City syndromic surveillance system captures 100% of all emergency department(ED) visits in the city (as of 5/1/16, 99% prior to that), the data are not comprehensive as only aproportion of residents seek care in emergency departments. Therefore the data are not exact measures of morbidity.
-Data for the most recent two weeks are not final and are subject to change.";Asthma;Borough;Staten Island;Age Group;Ages 5-17 years;9/2024;Count;71
"-Syndrome data are inherently non-specific and not based on diagnostic testing. While the New York City syndromic surveillance system captures 100% of all emergency department(ED) visits in the city (as of 5/1/16, 99% prior to that), the data are not comprehensive as only aproportion of residents seek care in emergency departments. Therefore the data are not exact measures of morbidity.
-Data for the most recent two weeks are not final and are subject to change.";Asthma;Borough;Staten Island;Age Group;Ages 5-17 years;10/2024;Count;80
"-Syndrome data are inherently non-specific and not based on diagnostic testing. While the New York City syndromic surveillance system captures 100% of all emergency department(ED) visits in the city (as of 5/1/16, 99% prior to that), the data are not comprehensive as only aproportion of residents seek care in emergency departments. Therefore the data are not exact measures of morbidity.
-Data for the most recent two weeks are not final and are subject to change.";Asthma;Borough;Staten Island;Age Group;Ages 5-17 years;11/2024;Count;73
"-Syndrome data are inherently non-specific and not based on diagnostic testing. While the New York City syndromic surveillance system captures 100% of all emergency department(ED) visits in the city (as of 5/1/16, 99% prior to that), the data are not comprehensive as only aproportion of residents seek care in emergency departments. Therefore the data are not exact measures of morbidity.
-Data for the most recent two weeks are not final and are subject to change.";Asthma;Borough;Staten Island;Age Group;Ages 5-17 years;12/2024;Count;73
"-Syndrome data are inherently non-specific and not based on diagnostic testing. While the New York City syndromic surveillance system captures 100% of all emergency department(ED) visits in the city (as of 5/1/16, 99% prior to that), the data are not comprehensive as only aproportion of residents seek care in emergency departments. Therefore the data are not exact measures of morbidity.
-Data for the most recent two weeks are not final and are subject to change.";Asthma;Borough;Staten Island;Age Group;Ages 5-17 years;1/2025;Count;56
"-Syndrome data are inherently non-specific and not based on diagnostic testing. While the New York City syndromic surveillance system captures 100% of all emergency department(ED) visits in the city (as of 5/1/16, 99% prior to that), the data are not comprehensive as only aproportion of residents seek care in emergency departments. Therefore the data are not exact measures of morbidity.
-Data for the most recent two weeks are not final and are subject to change.";Asthma;Borough;Staten Island;Age Group;Ages 5-17 years;2/2025;Count;49
"-Syndrome data are inherently non-specific and not based on diagnostic testing. While the New York City syndromic surveillance system captures 100% of all emergency department(ED) visits in the city (as of 5/1/16, 99% prior to that), the data are not comprehensive as only aproportion of residents seek care in emergency departments. Therefore the data are not exact measures of morbidity.
-Data for the most recent two weeks are not final and are subject to change.";Asthma;Borough;Staten Island;Age Group;Ages 5-17 years;3/2025;Count;68
"-Syndrome data are inherently non-specific and not based on diagnostic testing. While the New York City syndromic surveillance system captures 100% of all emergency department(ED) visits in the city (as of 5/1/16, 99% prior to that), the data are not comprehensive as only aproportion of residents seek care in emergency departments. Therefore the data are not exact measures of morbidity.
-Data for the most recent two weeks are not final and are subject to change.";Asthma;Borough;Staten Island;Age Group;Ages 5-17 years;4/2025;Count;93
"-Syndrome data are inherently non-specific and not based on diagnostic testing. While the New York City syndromic surveillance system captures 100% of all emergency department(ED) visits in the city (as of 5/1/16, 99% prior to that), the data are not comprehensive as only aproportion of residents seek care in emergency departments. Therefore the data are not exact measures of morbidity.
-Data for the most recent two weeks are not final and are subject to change.";Asthma;Borough;Staten Island;Age Group;Ages 5-17 years;5/2025;Count;87
"-Syndrome data are inherently non-specific and not based on diagnostic testing. While the New York City syndromic surveillance system captures 100% of all emergency department(ED) visits in the city (as of 5/1/16, 99% prior to that), the data are not comprehensive as only aproportion of residents seek care in emergency departments. Therefore the data are not exact measures of morbidity.
-Data for the most recent two weeks are not final and are subject to change.";Asthma;Borough;Staten Island;Age Group;Ages 5-17 years;6/2025;Count;50
"-Syndrome data are inherently non-specific and not based on diagnostic testing. While the New York City syndromic surveillance system captures 100% of all emergency department(ED) visits in the city (as of 5/1/16, 99% prior to that), the data are not comprehensive as only aproportion of residents seek care in emergency departments. Therefore the data are not exact measures of morbidity.
-Data for the most recent two weeks are not final and are subject to change.";Asthma;Borough;Staten Island;Age Group;Ages 5-17 years;7/2025;Count;46
"-Syndrome data are inherently non-specific and not based on diagnostic testing. While the New York City syndromic surveillance system captures 100% of all emergency department(ED) visits in the city (as of 5/1/16, 99% prior to that), the data are not comprehensive as only aproportion of residents seek care in emergency departments. Therefore the data are not exact measures of morbidity.
-Data for the most recent two weeks are not final and are subject to change.";Asthma;Borough;Staten Island;Age Group;Ages 5-17 years;8/2025;Count;54
"-Syndrome data are inherently non-specific and not based on diagnostic testing. While the New York City syndromic surveillance system captures 100% of all emergency department(ED) visits in the city (as of 5/1/16, 99% prior to that), the data are not comprehensive as only aproportion of residents seek care in emergency departments. Therefore the data are not exact measures of morbidity.
-Data for the most recent two weeks are not final and are subject to change.";Asthma;Borough;Staten Island;Age Group;Ages 5-17 years;9/2025;Count;88
"-Syndrome data are inherently non-specific and not based on diagnostic testing. While the New York City syndromic surveillance system captures 100% of all emergency department(ED) visits in the city (as of 5/1/16, 99% prior to that), the data are not comprehensive as only aproportion of residents seek care in emergency departments. Therefore the data are not exact measures of morbidity.
-Data for the most recent two weeks are not final and are subject to change.";Asthma;Borough;Staten Island;Age Group;Ages 5-17 years;10/2025;Count;80
"-Syndrome data are inherently non-specific and not based on diagnostic testing. While the New York City syndromic surveillance system captures 100% of all emergency department(ED) visits in the city (as of 5/1/16, 99% prior to that), the data are not comprehensive as only aproportion of residents seek care in emergency departments. Therefore the data are not exact measures of morbidity.
-Data for the most recent two weeks are not final and are subject to change.";Asthma;Borough;Staten Island;Age Group;Ages 5-17 years;11/2025;Count;0
"-Syndrome data are inherently non-specific and not based on diagnostic testing. While the New York City syndromic surveillance system captures 100% of all emergency department(ED) visits in the city (as of 5/1/16, 99% prior to that), the data are not comprehensive as only aproportion of residents seek care in emergency departments. Therefore the data are not exact measures of morbidity.
-Data for the most recent two weeks are not final and are subject to change.";Asthma;Borough;Staten Island;Age Group;Ages 18-64 years;3/2022;Count;321
"-Syndrome data are inherently non-specific and not based on diagnostic testing. While the New York City syndromic surveillance system captures 100% of all emergency department(ED) visits in the city (as of 5/1/16, 99% prior to that), the data are not comprehensive as only aproportion of residents seek care in emergency departments. Therefore the data are not exact measures of morbidity.
-Data for the most recent two weeks are not final and are subject to change.";Asthma;Borough;Staten Island;Age Group;Ages 18-64 years;4/2022;Count;257
"-Syndrome data are inherently non-specific and not based on diagnostic testing. While the New York City syndromic surveillance system captures 100% of all emergency department(ED) visits in the city (as of 5/1/16, 99% prior to that), the data are not comprehensive as only aproportion of residents seek care in emergency departments. Therefore the data are not exact measures of morbidity.
-Data for the most recent two weeks are not final and are subject to change.";Asthma;Borough;Staten Island;Age Group;Ages 18-64 years;5/2022;Count;320
"-Syndrome data are inherently non-specific and not based on diagnostic testing. While the New York City syndromic surveillance system captures 100% of all emergency department(ED) visits in the city (as of 5/1/16, 99% prior to that), the data are not comprehensive as only aproportion of residents seek care in emergency departments. Therefore the data are not exact measures of morbidity.
-Data for the most recent two weeks are not final and are subject to change.";Asthma;Borough;Staten Island;Age Group;Ages 18-64 years;6/2022;Count;296
"-Syndrome data are inherently non-specific and not based on diagnostic testing. While the New York City syndromic surveillance system captures 100% of all emergency department(ED) visits in the city (as of 5/1/16, 99% prior to that), the data are not comprehensive as only aproportion of residents seek care in emergency departments. Therefore the data are not exact measures of morbidity.
-Data for the most recent two weeks are not final and are subject to change.";Asthma;Borough;Staten Island;Age Group;Ages 18-64 years;7/2022;Count;261
"-Syndrome data are inherently non-specific and not based on diagnostic testing. While the New York City syndromic surveillance system captures 100% of all emergency department(ED) visits in the city (as of 5/1/16, 99% prior to that), the data are not comprehensive as only aproportion of residents seek care in emergency departments. Therefore the data are not exact measures of morbidity.
-Data for the most recent two weeks are not final and are subject to change.";Asthma;Borough;Staten Island;Age Group;Ages 18-64 years;8/2022;Count;287
"-Syndrome data are inherently non-specific and not based on diagnostic testing. While the New York City syndromic surveillance system captures 100% of all emergency department(ED) visits in the city (as of 5/1/16, 99% prior to that), the data are not comprehensive as only aproportion of residents seek care in emergency departments. Therefore the data are not exact measures of morbidity.
-Data for the most recent two weeks are not final and are subject to change.";Asthma;Borough;Staten Island;Age Group;Ages 18-64 years;9/2022;Count;258
"-Syndrome data are inherently non-specific and not based on diagnostic testing. While the New York City syndromic surveillance system captures 100% of all emergency department(ED) visits in the city (as of 5/1/16, 99% prior to that), the data are not comprehensive as only aproportion of residents seek care in emergency departments. Therefore the data are not exact measures of morbidity.
-Data for the most recent two weeks are not final and are subject to change.";Asthma;Borough;Staten Island;Age Group;Ages 18-64 years;10/2022;Count;291
"-Syndrome data are inherently non-specific and not based on diagnostic testing. While the New York City syndromic surveillance system captures 100% of all emergency department(ED) visits in the city (as of 5/1/16, 99% prior to that), the data are not comprehensive as only aproportion of residents seek care in emergency departments. Therefore the data are not exact measures of morbidity.
-Data for the most recent two weeks are not final and are subject to change.";Asthma;Borough;Staten Island;Age Group;Ages 18-64 years;11/2022;Count;345
"-Syndrome data are inherently non-specific and not based on diagnostic testing. While the New York City syndromic surveillance system captures 100% of all emergency department(ED) visits in the city (as of 5/1/16, 99% prior to that), the data are not comprehensive as only aproportion of residents seek care in emergency departments. Therefore the data are not exact measures of morbidity.
-Data for the most recent two weeks are not final and are subject to change.";Asthma;Borough;Staten Island;Age Group;Ages 18-64 years;12/2022;Count;247
"-Syndrome data are inherently non-specific and not based on diagnostic testing. While the New York City syndromic surveillance system captures 100% of all emergency department(ED) visits in the city (as of 5/1/16, 99% prior to that), the data are not comprehensive as only aproportion of residents seek care in emergency departments. Therefore the data are not exact measures of morbidity.
-Data for the most recent two weeks are not final and are subject to change.";Asthma;Borough;Staten Island;Age Group;Ages 18-64 years;1/2023;Count;275
"-Syndrome data are inherently non-specific and not based on diagnostic testing. While the New York City syndromic surveillance system captures 100% of all emergency department(ED) visits in the city (as of 5/1/16, 99% prior to that), the data are not comprehensive as only aproportion of residents seek care in emergency departments. Therefore the data are not exact measures of morbidity.
-Data for the most recent two weeks are not final and are subject to change.";Asthma;Borough;Staten Island;Age Group;Ages 18-64 years;2/2023;Count;241
"-Syndrome data are inherently non-specific and not based on diagnostic testing. While the New York City syndromic surveillance system captures 100% of all emergency department(ED) visits in the city (as of 5/1/16, 99% prior to that), the data are not comprehensive as only aproportion of residents seek care in emergency departments. Therefore the data are not exact measures of morbidity.
-Data for the most recent two weeks are not final and are subject to change.";Asthma;Borough;Staten Island;Age Group;Ages 18-64 years;3/2023;Count;284
"-Syndrome data are inherently non-specific and not based on diagnostic testing. While the New York City syndromic surveillance system captures 100% of all emergency department(ED) visits in the city (as of 5/1/16, 99% prior to that), the data are not comprehensive as only aproportion of residents seek care in emergency departments. Therefore the data are not exact measures of morbidity.
-Data for the most recent two weeks are not final and are subject to change.";Asthma;Borough;Staten Island;Age Group;Ages 18-64 years;4/2023;Count;306
"-Syndrome data are inherently non-specific and not based on diagnostic testing. While the New York City syndromic surveillance system captures 100% of all emergency department(ED) visits in the city (as of 5/1/16, 99% prior to that), the data are not comprehensive as only aproportion of residents seek care in emergency departments. Therefore the data are not exact measures of morbidity.
-Data for the most recent two weeks are not final and are subject to change.";Asthma;Borough;Staten Island;Age Group;Ages 18-64 years;5/2023;Count;106
"-Syndrome data are inherently non-specific and not based on diagnostic testing. While the New York City syndromic surveillance system captures 100% of all emergency department(ED) visits in the city (as of 5/1/16, 99% prior to that), the data are not comprehensive as only aproportion of residents seek care in emergency departments. Therefore the data are not exact measures of morbidity.
-Data for the most recent two weeks are not final and are subject to change.";Asthma;Borough;Staten Island;Age Group;Ages 18-64 years;6/2023;Count;86
"-Syndrome data are inherently non-specific and not based on diagnostic testing. While the New York City syndromic surveillance system captures 100% of all emergency department(ED) visits in the city (as of 5/1/16, 99% prior to that), the data are not comprehensive as only aproportion of residents seek care in emergency departments. Therefore the data are not exact measures of morbidity.
-Data for the most recent two weeks are not final and are subject to change.";Asthma;Borough;Staten Island;Age Group;Ages 18-64 years;7/2023;Count;49
"-Syndrome data are inherently non-specific and not based on diagnostic testing. While the New York City syndromic surveillance system captures 100% of all emergency department(ED) visits in the city (as of 5/1/16, 99% prior to that), the data are not comprehensive as only aproportion of residents seek care in emergency departments. Therefore the data are not exact measures of morbidity.
-Data for the most recent two weeks are not final and are subject to change.";Asthma;Borough;Staten Island;Age Group;Ages 18-64 years;8/2023;Count;109
"-Syndrome data are inherently non-specific and not based on diagnostic testing. While the New York City syndromic surveillance system captures 100% of all emergency department(ED) visits in the city (as of 5/1/16, 99% prior to that), the data are not comprehensive as only aproportion of residents seek care in emergency departments. Therefore the data are not exact measures of morbidity.
-Data for the most recent two weeks are not final and are subject to change.";Asthma;Borough;Staten Island;Age Group;Ages 18-64 years;9/2023;Count;252
"-Syndrome data are inherently non-specific and not based on diagnostic testing. While the New York City syndromic surveillance system captures 100% of all emergency department(ED) visits in the city (as of 5/1/16, 99% prior to that), the data are not comprehensive as only aproportion of residents seek care in emergency departments. Therefore the data are not exact measures of morbidity.
-Data for the most recent two weeks are not final and are subject to change.";Asthma;Borough;Staten Island;Age Group;Ages 18-64 years;10/2023;Count;315
"-Syndrome data are inherently non-specific and not based on diagnostic testing. While the New York City syndromic surveillance system captures 100% of all emergency department(ED) visits in the city (as of 5/1/16, 99% prior to that), the data are not comprehensive as only aproportion of residents seek care in emergency departments. Therefore the data are not exact measures of morbidity.
-Data for the most recent two weeks are not final and are subject to change.";Asthma;Borough;Staten Island;Age Group;Ages 18-64 years;11/2023;Count;282
"-Syndrome data are inherently non-specific and not based on diagnostic testing. While the New York City syndromic surveillance system captures 100% of all emergency department(ED) visits in the city (as of 5/1/16, 99% prior to that), the data are not comprehensive as only aproportion of residents seek care in emergency departments. Therefore the data are not exact measures of morbidity.
-Data for the most recent two weeks are not final and are subject to change.";Asthma;Borough;Staten Island;Age Group;Ages 18-64 years;12/2023;Count;303
"-Syndrome data are inherently non-specific and not based on diagnostic testing. While the New York City syndromic surveillance system captures 100% of all emergency department(ED) visits in the city (as of 5/1/16, 99% prior to that), the data are not comprehensive as only aproportion of residents seek care in emergency departments. Therefore the data are not exact measures of morbidity.
-Data for the most recent two weeks are not final and are subject to change.";Asthma;Borough;Staten Island;Age Group;Ages 18-64 years;1/2024;Count;286
"-Syndrome data are inherently non-specific and not based on diagnostic testing. While the New York City syndromic surveillance system captures 100% of all emergency department(ED) visits in the city (as of 5/1/16, 99% prior to that), the data are not comprehensive as only aproportion of residents seek care in emergency departments. Therefore the data are not exact measures of morbidity.
-Data for the most recent two weeks are not final and are subject to change.";Asthma;Borough;Staten Island;Age Group;Ages 18-64 years;2/2024;Count;297
"-Syndrome data are inherently non-specific and not based on diagnostic testing. While the New York City syndromic surveillance system captures 100% of all emergency department(ED) visits in the city (as of 5/1/16, 99% prior to that), the data are not comprehensive as only aproportion of residents seek care in emergency departments. Therefore the data are not exact measures of morbidity.
-Data for the most recent two weeks are not final and are subject to change.";Asthma;Borough;Staten Island;Age Group;Ages 18-64 years;3/2024;Count;311
"-Syndrome data are inherently non-specific and not based on diagnostic testing. While the New York City syndromic surveillance system captures 100% of all emergency department(ED) visits in the city (as of 5/1/16, 99% prior to that), the data are not comprehensive as only aproportion of residents seek care in emergency departments. Therefore the data are not exact measures of morbidity.
-Data for the most recent two weeks are not final and are subject to change.";Asthma;Borough;Staten Island;Age Group;Ages 18-64 years;4/2024;Count;300
"-Syndrome data are inherently non-specific and not based on diagnostic testing. While the New York City syndromic surveillance system captures 100% of all emergency department(ED) visits in the city (as of 5/1/16, 99% prior to that), the data are not comprehensive as only aproportion of residents seek care in emergency departments. Therefore the data are not exact measures of morbidity.
-Data for the most recent two weeks are not final and are subject to change.";Asthma;Borough;Staten Island;Age Group;Ages 18-64 years;5/2024;Count;333
"-Syndrome data are inherently non-specific and not based on diagnostic testing. While the New York City syndromic surveillance system captures 100% of all emergency department(ED) visits in the city (as of 5/1/16, 99% prior to that), the data are not comprehensive as only aproportion of residents seek care in emergency departments. Therefore the data are not exact measures of morbidity.
-Data for the most recent two weeks are not final and are subject to change.";Asthma;Borough;Staten Island;Age Group;Ages 18-64 years;6/2024;Count;303
"-Syndrome data are inherently non-specific and not based on diagnostic testing. While the New York City syndromic surveillance system captures 100% of all emergency department(ED) visits in the city (as of 5/1/16, 99% prior to that), the data are not comprehensive as only aproportion of residents seek care in emergency departments. Therefore the data are not exact measures of morbidity.
-Data for the most recent two weeks are not final and are subject to change.";Asthma;Borough;Staten Island;Age Group;Ages 18-64 years;7/2024;Count;329
"-Syndrome data are inherently non-specific and not based on diagnostic testing. While the New York City syndromic surveillance system captures 100% of all emergency department(ED) visits in the city (as of 5/1/16, 99% prior to that), the data are not comprehensive as only aproportion of residents seek care in emergency departments. Therefore the data are not exact measures of morbidity.
-Data for the most recent two weeks are not final and are subject to change.";Asthma;Borough;Staten Island;Age Group;Ages 18-64 years;8/2024;Count;325
"-Syndrome data are inherently non-specific and not based on diagnostic testing. While the New York City syndromic surveillance system captures 100% of all emergency department(ED) visits in the city (as of 5/1/16, 99% prior to that), the data are not comprehensive as only aproportion of residents seek care in emergency departments. Therefore the data are not exact measures of morbidity.
-Data for the most recent two weeks are not final and are subject to change.";Asthma;Borough;Staten Island;Age Group;Ages 18-64 years;9/2024;Count;300
"-Syndrome data are inherently non-specific and not based on diagnostic testing. While the New York City syndromic surveillance system captures 100% of all emergency department(ED) visits in the city (as of 5/1/16, 99% prior to that), the data are not comprehensive as only aproportion of residents seek care in emergency departments. Therefore the data are not exact measures of morbidity.
-Data for the most recent two weeks are not final and are subject to change.";Asthma;Borough;Staten Island;Age Group;Ages 18-64 years;10/2024;Count;317
"-Syndrome data are inherently non-specific and not based on diagnostic testing. While the New York City syndromic surveillance system captures 100% of all emergency department(ED) visits in the city (as of 5/1/16, 99% prior to that), the data are not comprehensive as only aproportion of residents seek care in emergency departments. Therefore the data are not exact measures of morbidity.
-Data for the most recent two weeks are not final and are subject to change.";Asthma;Borough;Staten Island;Age Group;Ages 18-64 years;11/2024;Count;298
"-Syndrome data are inherently non-specific and not based on diagnostic testing. While the New York City syndromic surveillance system captures 100% of all emergency department(ED) visits in the city (as of 5/1/16, 99% prior to that), the data are not comprehensive as only aproportion of residents seek care in emergency departments. Therefore the data are not exact measures of morbidity.
-Data for the most recent two weeks are not final and are subject to change.";Asthma;Borough;Staten Island;Age Group;Ages 18-64 years;12/2024;Count;292
"-Syndrome data are inherently non-specific and not based on diagnostic testing. While the New York City syndromic surveillance system captures 100% of all emergency department(ED) visits in the city (as of 5/1/16, 99% prior to that), the data are not comprehensive as only aproportion of residents seek care in emergency departments. Therefore the data are not exact measures of morbidity.
-Data for the most recent two weeks are not final and are subject to change.";Asthma;Borough;Staten Island;Age Group;Ages 18-64 years;1/2025;Count;299
"-Syndrome data are inherently non-specific and not based on diagnostic testing. While the New York City syndromic surveillance system captures 100% of all emergency department(ED) visits in the city (as of 5/1/16, 99% prior to that), the data are not comprehensive as only aproportion of residents seek care in emergency departments. Therefore the data are not exact measures of morbidity.
-Data for the most recent two weeks are not final and are subject to change.";Asthma;Borough;Staten Island;Age Group;Ages 18-64 years;2/2025;Count;280
"-Syndrome data are inherently non-specific and not based on diagnostic testing. While the New York City syndromic surveillance system captures 100% of all emergency department(ED) visits in the city (as of 5/1/16, 99% prior to that), the data are not comprehensive as only aproportion of residents seek care in emergency departments. Therefore the data are not exact measures of morbidity.
-Data for the most recent two weeks are not final and are subject to change.";Asthma;Borough;Staten Island;Age Group;Ages 18-64 years;3/2025;Count;282
"-Syndrome data are inherently non-specific and not based on diagnostic testing. While the New York City syndromic surveillance system captures 100% of all emergency department(ED) visits in the city (as of 5/1/16, 99% prior to that), the data are not comprehensive as only aproportion of residents seek care in emergency departments. Therefore the data are not exact measures of morbidity.
-Data for the most recent two weeks are not final and are subject to change.";Asthma;Borough;Staten Island;Age Group;Ages 18-64 years;4/2025;Count;310
"-Syndrome data are inherently non-specific and not based on diagnostic testing. While the New York City syndromic surveillance system captures 100% of all emergency department(ED) visits in the city (as of 5/1/16, 99% prior to that), the data are not comprehensive as only aproportion of residents seek care in emergency departments. Therefore the data are not exact measures of morbidity.
-Data for the most recent two weeks are not final and are subject to change.";Asthma;Borough;Staten Island;Age Group;Ages 18-64 years;5/2025;Count;341
"-Syndrome data are inherently non-specific and not based on diagnostic testing. While the New York City syndromic surveillance system captures 100% of all emergency department(ED) visits in the city (as of 5/1/16, 99% prior to that), the data are not comprehensive as only aproportion of residents seek care in emergency departments. Therefore the data are not exact measures of morbidity.
-Data for the most recent two weeks are not final and are subject to change.";Asthma;Borough;Staten Island;Age Group;Ages 18-64 years;6/2025;Count;274
"-Syndrome data are inherently non-specific and not based on diagnostic testing. While the New York City syndromic surveillance system captures 100% of all emergency department(ED) visits in the city (as of 5/1/16, 99% prior to that), the data are not comprehensive as only aproportion of residents seek care in emergency departments. Therefore the data are not exact measures of morbidity.
-Data for the most recent two weeks are not final and are subject to change.";Asthma;Borough;Staten Island;Age Group;Ages 18-64 years;7/2025;Count;304
"-Syndrome data are inherently non-specific and not based on diagnostic testing. While the New York City syndromic surveillance system captures 100% of all emergency department(ED) visits in the city (as of 5/1/16, 99% prior to that), the data are not comprehensive as only aproportion of residents seek care in emergency departments. Therefore the data are not exact measures of morbidity.
-Data for the most recent two weeks are not final and are subject to change.";Asthma;Borough;Staten Island;Age Group;Ages 18-64 years;8/2025;Count;267
"-Syndrome data are inherently non-specific and not based on diagnostic testing. While the New York City syndromic surveillance system captures 100% of all emergency department(ED) visits in the city (as of 5/1/16, 99% prior to that), the data are not comprehensive as only aproportion of residents seek care in emergency departments. Therefore the data are not exact measures of morbidity.
-Data for the most recent two weeks are not final and are subject to change.";Asthma;Borough;Staten Island;Age Group;Ages 18-64 years;9/2025;Count;298
"-Syndrome data are inherently non-specific and not based on diagnostic testing. While the New York City syndromic surveillance system captures 100% of all emergency department(ED) visits in the city (as of 5/1/16, 99% prior to that), the data are not comprehensive as only aproportion of residents seek care in emergency departments. Therefore the data are not exact measures of morbidity.
-Data for the most recent two weeks are not final and are subject to change.";Asthma;Borough;Staten Island;Age Group;Ages 18-64 years;10/2025;Count;285
"-Syndrome data are inherently non-specific and not based on diagnostic testing. While the New York City syndromic surveillance system captures 100% of all emergency department(ED) visits in the city (as of 5/1/16, 99% prior to that), the data are not comprehensive as only aproportion of residents seek care in emergency departments. Therefore the data are not exact measures of morbidity.
-Data for the most recent two weeks are not final and are subject to change.";Asthma;Borough;Staten Island;Age Group;Ages 18-64 years;11/2025;Count;3
"-Syndrome data are inherently non-specific and not based on diagnostic testing. While the New York City syndromic surveillance system captures 100% of all emergency department(ED) visits in the city (as of 5/1/16, 99% prior to that), the data are not comprehensive as only aproportion of residents seek care in emergency departments. Therefore the data are not exact measures of morbidity.
-Data for the most recent two weeks are not final and are subject to change.";Asthma;Borough;Staten Island;Age Group;Ages 65+ years;3/2022;Count;44
"-Syndrome data are inherently non-specific and not based on diagnostic testing. While the New York City syndromic surveillance system captures 100% of all emergency department(ED) visits in the city (as of 5/1/16, 99% prior to that), the data are not comprehensive as only aproportion of residents seek care in emergency departments. Therefore the data are not exact measures of morbidity.
-Data for the most recent two weeks are not final and are subject to change.";Asthma;Borough;Staten Island;Age Group;Ages 65+ years;4/2022;Count;39
"-Syndrome data are inherently non-specific and not based on diagnostic testing. While the New York City syndromic surveillance system captures 100% of all emergency department(ED) visits in the city (as of 5/1/16, 99% prior to that), the data are not comprehensive as only aproportion of residents seek care in emergency departments. Therefore the data are not exact measures of morbidity.
-Data for the most recent two weeks are not final and are subject to change.";Asthma;Borough;Staten Island;Age Group;Ages 65+ years;5/2022;Count;58
"-Syndrome data are inherently non-specific and not based on diagnostic testing. While the New York City syndromic surveillance system captures 100% of all emergency department(ED) visits in the city (as of 5/1/16, 99% prior to that), the data are not comprehensive as only aproportion of residents seek care in emergency departments. Therefore the data are not exact measures of morbidity.
-Data for the most recent two weeks are not final and are subject to change.";Asthma;Borough;Staten Island;Age Group;Ages 65+ years;6/2022;Count;53
"-Syndrome data are inherently non-specific and not based on diagnostic testing. While the New York City syndromic surveillance system captures 100% of all emergency department(ED) visits in the city (as of 5/1/16, 99% prior to that), the data are not comprehensive as only aproportion of residents seek care in emergency departments. Therefore the data are not exact measures of morbidity.
-Data for the most recent two weeks are not final and are subject to change.";Asthma;Borough;Staten Island;Age Group;Ages 65+ years;7/2022;Count;33
"-Syndrome data are inherently non-specific and not based on diagnostic testing. While the New York City syndromic surveillance system captures 100% of all emergency department(ED) visits in the city (as of 5/1/16, 99% prior to that), the data are not comprehensive as only aproportion of residents seek care in emergency departments. Therefore the data are not exact measures of morbidity.
-Data for the most recent two weeks are not final and are subject to change.";Asthma;Borough;Staten Island;Age Group;Ages 65+ years;8/2022;Count;39
"-Syndrome data are inherently non-specific and not based on diagnostic testing. While the New York City syndromic surveillance system captures 100% of all emergency department(ED) visits in the city (as of 5/1/16, 99% prior to that), the data are not comprehensive as only aproportion of residents seek care in emergency departments. Therefore the data are not exact measures of morbidity.
-Data for the most recent two weeks are not final and are subject to change.";Asthma;Borough;Staten Island;Age Group;Ages 65+ years;9/2022;Count;35
"-Syndrome data are inherently non-specific and not based on diagnostic testing. While the New York City syndromic surveillance system captures 100% of all emergency department(ED) visits in the city (as of 5/1/16, 99% prior to that), the data are not comprehensive as only aproportion of residents seek care in emergency departments. Therefore the data are not exact measures of morbidity.
-Data for the most recent two weeks are not final and are subject to change.";Asthma;Borough;Staten Island;Age Group;Ages 65+ years;10/2022;Count;45
"-Syndrome data are inherently non-specific and not based on diagnostic testing. While the New York City syndromic surveillance system captures 100% of all emergency department(ED) visits in the city (as of 5/1/16, 99% prior to that), the data are not comprehensive as only aproportion of residents seek care in emergency departments. Therefore the data are not exact measures of morbidity.
-Data for the most recent two weeks are not final and are subject to change.";Asthma;Borough;Staten Island;Age Group;Ages 65+ years;11/2022;Count;51
"-Syndrome data are inherently non-specific and not based on diagnostic testing. While the New York City syndromic surveillance system captures 100% of all emergency department(ED) visits in the city (as of 5/1/16, 99% prior to that), the data are not comprehensive as only aproportion of residents seek care in emergency departments. Therefore the data are not exact measures of morbidity.
-Data for the most recent two weeks are not final and are subject to change.";Asthma;Borough;Staten Island;Age Group;Ages 65+ years;12/2022;Count;38
"-Syndrome data are inherently non-specific and not based on diagnostic testing. While the New York City syndromic surveillance system captures 100% of all emergency department(ED) visits in the city (as of 5/1/16, 99% prior to that), the data are not comprehensive as only aproportion of residents seek care in emergency departments. Therefore the data are not exact measures of morbidity.
-Data for the most recent two weeks are not final and are subject to change.";Asthma;Borough;Staten Island;Age Group;Ages 65+ years;1/2023;Count;34
"-Syndrome data are inherently non-specific and not based on diagnostic testing. While the New York City syndromic surveillance system captures 100% of all emergency department(ED) visits in the city (as of 5/1/16, 99% prior to that), the data are not comprehensive as only aproportion of residents seek care in emergency departments. Therefore the data are not exact measures of morbidity.
-Data for the most recent two weeks are not final and are subject to change.";Asthma;Borough;Staten Island;Age Group;Ages 65+ years;2/2023;Count;37
"-Syndrome data are inherently non-specific and not based on diagnostic testing. While the New York City syndromic surveillance system captures 100% of all emergency department(ED) visits in the city (as of 5/1/16, 99% prior to that), the data are not comprehensive as only aproportion of residents seek care in emergency departments. Therefore the data are not exact measures of morbidity.
-Data for the most recent two weeks are not final and are subject to change.";Asthma;Borough;Staten Island;Age Group;Ages 65+ years;3/2023;Count;33
"-Syndrome data are inherently non-specific and not based on diagnostic testing. While the New York City syndromic surveillance system captures 100% of all emergency department(ED) visits in the city (as of 5/1/16, 99% prior to that), the data are not comprehensive as only aproportion of residents seek care in emergency departments. Therefore the data are not exact measures of morbidity.
-Data for the most recent two weeks are not final and are subject to change.";Asthma;Borough;Staten Island;Age Group;Ages 65+ years;4/2023;Count;36
"-Syndrome data are inherently non-specific and not based on diagnostic testing. While the New York City syndromic surveillance system captures 100% of all emergency department(ED) visits in the city (as of 5/1/16, 99% prior to that), the data are not comprehensive as only aproportion of residents seek care in emergency departments. Therefore the data are not exact measures of morbidity.
-Data for the most recent two weeks are not final and are subject to change.";Asthma;Borough;Staten Island;Age Group;Ages 65+ years;5/2023;Count;12
"-Syndrome data are inherently non-specific and not based on diagnostic testing. While the New York City syndromic surveillance system captures 100% of all emergency department(ED) visits in the city (as of 5/1/16, 99% prior to that), the data are not comprehensive as only aproportion of residents seek care in emergency departments. Therefore the data are not exact measures of morbidity.
-Data for the most recent two weeks are not final and are subject to change.";Asthma;Borough;Staten Island;Age Group;Ages 65+ years;6/2023;Count;13
"-Syndrome data are inherently non-specific and not based on diagnostic testing. While the New York City syndromic surveillance system captures 100% of all emergency department(ED) visits in the city (as of 5/1/16, 99% prior to that), the data are not comprehensive as only aproportion of residents seek care in emergency departments. Therefore the data are not exact measures of morbidity.
-Data for the most recent two weeks are not final and are subject to change.";Asthma;Borough;Staten Island;Age Group;Ages 65+ years;7/2023;Count;19
"-Syndrome data are inherently non-specific and not based on diagnostic testing. While the New York City syndromic surveillance system captures 100% of all emergency department(ED) visits in the city (as of 5/1/16, 99% prior to that), the data are not comprehensive as only aproportion of residents seek care in emergency departments. Therefore the data are not exact measures of morbidity.
-Data for the most recent two weeks are not final and are subject to change.";Asthma;Borough;Staten Island;Age Group;Ages 65+ years;8/2023;Count;20
"-Syndrome data are inherently non-specific and not based on diagnostic testing. While the New York City syndromic surveillance system captures 100% of all emergency department(ED) visits in the city (as of 5/1/16, 99% prior to that), the data are not comprehensive as only aproportion of residents seek care in emergency departments. Therefore the data are not exact measures of morbidity.
-Data for the most recent two weeks are not final and are subject to change.";Asthma;Borough;Staten Island;Age Group;Ages 65+ years;9/2023;Count;38
"-Syndrome data are inherently non-specific and not based on diagnostic testing. While the New York City syndromic surveillance system captures 100% of all emergency department(ED) visits in the city (as of 5/1/16, 99% prior to that), the data are not comprehensive as only aproportion of residents seek care in emergency departments. Therefore the data are not exact measures of morbidity.
-Data for the most recent two weeks are not final and are subject to change.";Asthma;Borough;Staten Island;Age Group;Ages 65+ years;10/2023;Count;38
"-Syndrome data are inherently non-specific and not based on diagnostic testing. While the New York City syndromic surveillance system captures 100% of all emergency department(ED) visits in the city (as of 5/1/16, 99% prior to that), the data are not comprehensive as only aproportion of residents seek care in emergency departments. Therefore the data are not exact measures of morbidity.
-Data for the most recent two weeks are not final and are subject to change.";Asthma;Borough;Staten Island;Age Group;Ages 65+ years;11/2023;Count;44
"-Syndrome data are inherently non-specific and not based on diagnostic testing. While the New York City syndromic surveillance system captures 100% of all emergency department(ED) visits in the city (as of 5/1/16, 99% prior to that), the data are not comprehensive as only aproportion of residents seek care in emergency departments. Therefore the data are not exact measures of morbidity.
-Data for the most recent two weeks are not final and are subject to change.";Asthma;Borough;Staten Island;Age Group;Ages 65+ years;12/2023;Count;55
"-Syndrome data are inherently non-specific and not based on diagnostic testing. While the New York City syndromic surveillance system captures 100% of all emergency department(ED) visits in the city (as of 5/1/16, 99% prior to that), the data are not comprehensive as only aproportion of residents seek care in emergency departments. Therefore the data are not exact measures of morbidity.
-Data for the most recent two weeks are not final and are subject to change.";Asthma;Borough;Staten Island;Age Group;Ages 65+ years;1/2024;Count;42
"-Syndrome data are inherently non-specific and not based on diagnostic testing. While the New York City syndromic surveillance system captures 100% of all emergency department(ED) visits in the city (as of 5/1/16, 99% prior to that), the data are not comprehensive as only aproportion of residents seek care in emergency departments. Therefore the data are not exact measures of morbidity.
-Data for the most recent two weeks are not final and are subject to change.";Asthma;Borough;Staten Island;Age Group;Ages 65+ years;2/2024;Count;42
"-Syndrome data are inherently non-specific and not based on diagnostic testing. While the New York City syndromic surveillance system captures 100% of all emergency department(ED) visits in the city (as of 5/1/16, 99% prior to that), the data are not comprehensive as only aproportion of residents seek care in emergency departments. Therefore the data are not exact measures of morbidity.
-Data for the most recent two weeks are not final and are subject to change.";Asthma;Borough;Staten Island;Age Group;Ages 65+ years;3/2024;Count;42
"-Syndrome data are inherently non-specific and not based on diagnostic testing. While the New York City syndromic surveillance system captures 100% of all emergency department(ED) visits in the city (as of 5/1/16, 99% prior to that), the data are not comprehensive as only aproportion of residents seek care in emergency departments. Therefore the data are not exact measures of morbidity.
-Data for the most recent two weeks are not final and are subject to change.";Asthma;Borough;Staten Island;Age Group;Ages 65+ years;4/2024;Count;45
"-Syndrome data are inherently non-specific and not based on diagnostic testing. While the New York City syndromic surveillance system captures 100% of all emergency department(ED) visits in the city (as of 5/1/16, 99% prior to that), the data are not comprehensive as only aproportion of residents seek care in emergency departments. Therefore the data are not exact measures of morbidity.
-Data for the most recent two weeks are not final and are subject to change.";Asthma;Borough;Staten Island;Age Group;Ages 65+ years;5/2024;Count;47
"-Syndrome data are inherently non-specific and not based on diagnostic testing. While the New York City syndromic surveillance system captures 100% of all emergency department(ED) visits in the city (as of 5/1/16, 99% prior to that), the data are not comprehensive as only aproportion of residents seek care in emergency departments. Therefore the data are not exact measures of morbidity.
-Data for the most recent two weeks are not final and are subject to change.";Asthma;Borough;Staten Island;Age Group;Ages 65+ years;6/2024;Count;65
"-Syndrome data are inherently non-specific and not based on diagnostic testing. While the New York City syndromic surveillance system captures 100% of all emergency department(ED) visits in the city (as of 5/1/16, 99% prior to that), the data are not comprehensive as only aproportion of residents seek care in emergency departments. Therefore the data are not exact measures of morbidity.
-Data for the most recent two weeks are not final and are subject to change.";Asthma;Borough;Staten Island;Age Group;Ages 65+ years;7/2024;Count;63
"-Syndrome data are inherently non-specific and not based on diagnostic testing. While the New York City syndromic surveillance system captures 100% of all emergency department(ED) visits in the city (as of 5/1/16, 99% prior to that), the data are not comprehensive as only aproportion of residents seek care in emergency departments. Therefore the data are not exact measures of morbidity.
-Data for the most recent two weeks are not final and are subject to change.";Asthma;Borough;Staten Island;Age Group;Ages 65+ years;8/2024;Count;32
"-Syndrome data are inherently non-specific and not based on diagnostic testing. While the New York City syndromic surveillance system captures 100% of all emergency department(ED) visits in the city (as of 5/1/16, 99% prior to that), the data are not comprehensive as only aproportion of residents seek care in emergency departments. Therefore the data are not exact measures of morbidity.
-Data for the most recent two weeks are not final and are subject to change.";Asthma;Borough;Staten Island;Age Group;Ages 65+ years;9/2024;Count;49
"-Syndrome data are inherently non-specific and not based on diagnostic testing. While the New York City syndromic surveillance system captures 100% of all emergency department(ED) visits in the city (as of 5/1/16, 99% prior to that), the data are not comprehensive as only aproportion of residents seek care in emergency departments. Therefore the data are not exact measures of morbidity.
-Data for the most recent two weeks are not final and are subject to change.";Asthma;Borough;Staten Island;Age Group;Ages 65+ years;10/2024;Count;38
"-Syndrome data are inherently non-specific and not based on diagnostic testing. While the New York City syndromic surveillance system captures 100% of all emergency department(ED) visits in the city (as of 5/1/16, 99% prior to that), the data are not comprehensive as only aproportion of residents seek care in emergency departments. Therefore the data are not exact measures of morbidity.
-Data for the most recent two weeks are not final and are subject to change.";Asthma;Borough;Staten Island;Age Group;Ages 65+ years;11/2024;Count;34
"-Syndrome data are inherently non-specific and not based on diagnostic testing. While the New York City syndromic surveillance system captures 100% of all emergency department(ED) visits in the city (as of 5/1/16, 99% prior to that), the data are not comprehensive as only aproportion of residents seek care in emergency departments. Therefore the data are not exact measures of morbidity.
-Data for the most recent two weeks are not final and are subject to change.";Asthma;Borough;Staten Island;Age Group;Ages 65+ years;12/2024;Count;40
"-Syndrome data are inherently non-specific and not based on diagnostic testing. While the New York City syndromic surveillance system captures 100% of all emergency department(ED) visits in the city (as of 5/1/16, 99% prior to that), the data are not comprehensive as only aproportion of residents seek care in emergency departments. Therefore the data are not exact measures of morbidity.
-Data for the most recent two weeks are not final and are subject to change.";Asthma;Borough;Staten Island;Age Group;Ages 65+ years;1/2025;Count;56
"-Syndrome data are inherently non-specific and not based on diagnostic testing. While the New York City syndromic surveillance system captures 100% of all emergency department(ED) visits in the city (as of 5/1/16, 99% prior to that), the data are not comprehensive as only aproportion of residents seek care in emergency departments. Therefore the data are not exact measures of morbidity.
-Data for the most recent two weeks are not final and are subject to change.";Asthma;Borough;Staten Island;Age Group;Ages 65+ years;2/2025;Count;42
"-Syndrome data are inherently non-specific and not based on diagnostic testing. While the New York City syndromic surveillance system captures 100% of all emergency department(ED) visits in the city (as of 5/1/16, 99% prior to that), the data are not comprehensive as only aproportion of residents seek care in emergency departments. Therefore the data are not exact measures of morbidity.
-Data for the most recent two weeks are not final and are subject to change.";Asthma;Borough;Staten Island;Age Group;Ages 65+ years;3/2025;Count;52
"-Syndrome data are inherently non-specific and not based on diagnostic testing. While the New York City syndromic surveillance system captures 100% of all emergency department(ED) visits in the city (as of 5/1/16, 99% prior to that), the data are not comprehensive as only aproportion of residents seek care in emergency departments. Therefore the data are not exact measures of morbidity.
-Data for the most recent two weeks are not final and are subject to change.";Asthma;Borough;Staten Island;Age Group;Ages 65+ years;4/2025;Count;45
"-Syndrome data are inherently non-specific and not based on diagnostic testing. While the New York City syndromic surveillance system captures 100% of all emergency department(ED) visits in the city (as of 5/1/16, 99% prior to that), the data are not comprehensive as only aproportion of residents seek care in emergency departments. Therefore the data are not exact measures of morbidity.
-Data for the most recent two weeks are not final and are subject to change.";Asthma;Borough;Staten Island;Age Group;Ages 65+ years;5/2025;Count;54
"-Syndrome data are inherently non-specific and not based on diagnostic testing. While the New York City syndromic surveillance system captures 100% of all emergency department(ED) visits in the city (as of 5/1/16, 99% prior to that), the data are not comprehensive as only aproportion of residents seek care in emergency departments. Therefore the data are not exact measures of morbidity.
-Data for the most recent two weeks are not final and are subject to change.";Asthma;Borough;Staten Island;Age Group;Ages 65+ years;6/2025;Count;47
"-Syndrome data are inherently non-specific and not based on diagnostic testing. While the New York City syndromic surveillance system captures 100% of all emergency department(ED) visits in the city (as of 5/1/16, 99% prior to that), the data are not comprehensive as only aproportion of residents seek care in emergency departments. Therefore the data are not exact measures of morbidity.
-Data for the most recent two weeks are not final and are subject to change.";Asthma;Borough;Staten Island;Age Group;Ages 65+ years;7/2025;Count;45
"-Syndrome data are inherently non-specific and not based on diagnostic testing. While the New York City syndromic surveillance system captures 100% of all emergency department(ED) visits in the city (as of 5/1/16, 99% prior to that), the data are not comprehensive as only aproportion of residents seek care in emergency departments. Therefore the data are not exact measures of morbidity.
-Data for the most recent two weeks are not final and are subject to change.";Asthma;Borough;Staten Island;Age Group;Ages 65+ years;8/2025;Count;51
"-Syndrome data are inherently non-specific and not based on diagnostic testing. While the New York City syndromic surveillance system captures 100% of all emergency department(ED) visits in the city (as of 5/1/16, 99% prior to that), the data are not comprehensive as only aproportion of residents seek care in emergency departments. Therefore the data are not exact measures of morbidity.
-Data for the most recent two weeks are not final and are subject to change.";Asthma;Borough;Staten Island;Age Group;Ages 65+ years;9/2025;Count;54
"-Syndrome data are inherently non-specific and not based on diagnostic testing. While the New York City syndromic surveillance system captures 100% of all emergency department(ED) visits in the city (as of 5/1/16, 99% prior to that), the data are not comprehensive as only aproportion of residents seek care in emergency departments. Therefore the data are not exact measures of morbidity.
-Data for the most recent two weeks are not final and are subject to change.";Asthma;Borough;Staten Island;Age Group;Ages 65+ years;10/2025;Count;50
"-Syndrome data are inherently non-specific and not based on diagnostic testing. While the New York City syndromic surveillance system captures 100% of all emergency department(ED) visits in the city (as of 5/1/16, 99% prior to that), the data are not comprehensive as only aproportion of residents seek care in emergency departments. Therefore the data are not exact measures of morbidity.
-Data for the most recent two weeks are not final and are subject to change.";Asthma;Borough;Staten Island;Age Group;Ages 65+ years;11/2025;Count;0
"-Syndrome data are inherently non-specific and not based on diagnostic testing. While the New York City syndromic surveillance system captures 100% of all emergency department(ED) visits in the city (as of 5/1/16, 99% prior to that), the data are not comprehensive as only aproportion of residents seek care in emergency departments. Therefore the data are not exact measures of morbidity.
-Data for the most recent two weeks are not final and are subject to change.";Asthma;Borough;Unknown;Age Group;All age groups;3/2022;Count;181
"-Syndrome data are inherently non-specific and not based on diagnostic testing. While the New York City syndromic surveillance system captures 100% of all emergency department(ED) visits in the city (as of 5/1/16, 99% prior to that), the data are not comprehensive as only aproportion of residents seek care in emergency departments. Therefore the data are not exact measures of morbidity.
-Data for the most recent two weeks are not final and are subject to change.";Asthma;Borough;Unknown;Age Group;All age groups;4/2022;Count;192
"-Syndrome data are inherently non-specific and not based on diagnostic testing. While the New York City syndromic surveillance system captures 100% of all emergency department(ED) visits in the city (as of 5/1/16, 99% prior to that), the data are not comprehensive as only aproportion of residents seek care in emergency departments. Therefore the data are not exact measures of morbidity.
-Data for the most recent two weeks are not final and are subject to change.";Asthma;Borough;Unknown;Age Group;All age groups;5/2022;Count;254
"-Syndrome data are inherently non-specific and not based on diagnostic testing. While the New York City syndromic surveillance system captures 100% of all emergency department(ED) visits in the city (as of 5/1/16, 99% prior to that), the data are not comprehensive as only aproportion of residents seek care in emergency departments. Therefore the data are not exact measures of morbidity.
-Data for the most recent two weeks are not final and are subject to change.";Asthma;Borough;Unknown;Age Group;All age groups;6/2022;Count;173
"-Syndrome data are inherently non-specific and not based on diagnostic testing. While the New York City syndromic surveillance system captures 100% of all emergency department(ED) visits in the city (as of 5/1/16, 99% prior to that), the data are not comprehensive as only aproportion of residents seek care in emergency departments. Therefore the data are not exact measures of morbidity.
-Data for the most recent two weeks are not final and are subject to change.";Asthma;Borough;Unknown;Age Group;All age groups;7/2022;Count;163
"-Syndrome data are inherently non-specific and not based on diagnostic testing. While the New York City syndromic surveillance system captures 100% of all emergency department(ED) visits in the city (as of 5/1/16, 99% prior to that), the data are not comprehensive as only aproportion of residents seek care in emergency departments. Therefore the data are not exact measures of morbidity.
-Data for the most recent two weeks are not final and are subject to change.";Asthma;Borough;Unknown;Age Group;All age groups;8/2022;Count;206
"-Syndrome data are inherently non-specific and not based on diagnostic testing. While the New York City syndromic surveillance system captures 100% of all emergency department(ED) visits in the city (as of 5/1/16, 99% prior to that), the data are not comprehensive as only aproportion of residents seek care in emergency departments. Therefore the data are not exact measures of morbidity.
-Data for the most recent two weeks are not final and are subject to change.";Asthma;Borough;Unknown;Age Group;All age groups;9/2022;Count;267
"-Syndrome data are inherently non-specific and not based on diagnostic testing. While the New York City syndromic surveillance system captures 100% of all emergency department(ED) visits in the city (as of 5/1/16, 99% prior to that), the data are not comprehensive as only aproportion of residents seek care in emergency departments. Therefore the data are not exact measures of morbidity.
-Data for the most recent two weeks are not final and are subject to change.";Asthma;Borough;Unknown;Age Group;All age groups;10/2022;Count;257
"-Syndrome data are inherently non-specific and not based on diagnostic testing. While the New York City syndromic surveillance system captures 100% of all emergency department(ED) visits in the city (as of 5/1/16, 99% prior to that), the data are not comprehensive as only aproportion of residents seek care in emergency departments. Therefore the data are not exact measures of morbidity.
-Data for the most recent two weeks are not final and are subject to change.";Asthma;Borough;Unknown;Age Group;All age groups;11/2022;Count;245
"-Syndrome data are inherently non-specific and not based on diagnostic testing. While the New York City syndromic surveillance system captures 100% of all emergency department(ED) visits in the city (as of 5/1/16, 99% prior to that), the data are not comprehensive as only aproportion of residents seek care in emergency departments. Therefore the data are not exact measures of morbidity.
-Data for the most recent two weeks are not final and are subject to change.";Asthma;Borough;Unknown;Age Group;All age groups;12/2022;Count;183
"-Syndrome data are inherently non-specific and not based on diagnostic testing. While the New York City syndromic surveillance system captures 100% of all emergency department(ED) visits in the city (as of 5/1/16, 99% prior to that), the data are not comprehensive as only aproportion of residents seek care in emergency departments. Therefore the data are not exact measures of morbidity.
-Data for the most recent two weeks are not final and are subject to change.";Asthma;Borough;Unknown;Age Group;All age groups;1/2023;Count;191
"-Syndrome data are inherently non-specific and not based on diagnostic testing. While the New York City syndromic surveillance system captures 100% of all emergency department(ED) visits in the city (as of 5/1/16, 99% prior to that), the data are not comprehensive as only aproportion of residents seek care in emergency departments. Therefore the data are not exact measures of morbidity.
-Data for the most recent two weeks are not final and are subject to change.";Asthma;Borough;Unknown;Age Group;All age groups;2/2023;Count;211
"-Syndrome data are inherently non-specific and not based on diagnostic testing. While the New York City syndromic surveillance system captures 100% of all emergency department(ED) visits in the city (as of 5/1/16, 99% prior to that), the data are not comprehensive as only aproportion of residents seek care in emergency departments. Therefore the data are not exact measures of morbidity.
-Data for the most recent two weeks are not final and are subject to change.";Asthma;Borough;Unknown;Age Group;All age groups;3/2023;Count;183
"-Syndrome data are inherently non-specific and not based on diagnostic testing. While the New York City syndromic surveillance system captures 100% of all emergency department(ED) visits in the city (as of 5/1/16, 99% prior to that), the data are not comprehensive as only aproportion of residents seek care in emergency departments. Therefore the data are not exact measures of morbidity.
-Data for the most recent two weeks are not final and are subject to change.";Asthma;Borough;Unknown;Age Group;All age groups;4/2023;Count;256
"-Syndrome data are inherently non-specific and not based on diagnostic testing. While the New York City syndromic surveillance system captures 100% of all emergency department(ED) visits in the city (as of 5/1/16, 99% prior to that), the data are not comprehensive as only aproportion of residents seek care in emergency departments. Therefore the data are not exact measures of morbidity.
-Data for the most recent two weeks are not final and are subject to change.";Asthma;Borough;Unknown;Age Group;All age groups;5/2023;Count;216
"-Syndrome data are inherently non-specific and not based on diagnostic testing. While the New York City syndromic surveillance system captures 100% of all emergency department(ED) visits in the city (as of 5/1/16, 99% prior to that), the data are not comprehensive as only aproportion of residents seek care in emergency departments. Therefore the data are not exact measures of morbidity.
-Data for the most recent two weeks are not final and are subject to change.";Asthma;Borough;Unknown;Age Group;All age groups;6/2023;Count;223
"-Syndrome data are inherently non-specific and not based on diagnostic testing. While the New York City syndromic surveillance system captures 100% of all emergency department(ED) visits in the city (as of 5/1/16, 99% prior to that), the data are not comprehensive as only aproportion of residents seek care in emergency departments. Therefore the data are not exact measures of morbidity.
-Data for the most recent two weeks are not final and are subject to change.";Asthma;Borough;Unknown;Age Group;All age groups;7/2023;Count;204
"-Syndrome data are inherently non-specific and not based on diagnostic testing. While the New York City syndromic surveillance system captures 100% of all emergency department(ED) visits in the city (as of 5/1/16, 99% prior to that), the data are not comprehensive as only aproportion of residents seek care in emergency departments. Therefore the data are not exact measures of morbidity.
-Data for the most recent two weeks are not final and are subject to change.";Asthma;Borough;Unknown;Age Group;All age groups;8/2023;Count;180
"-Syndrome data are inherently non-specific and not based on diagnostic testing. While the New York City syndromic surveillance system captures 100% of all emergency department(ED) visits in the city (as of 5/1/16, 99% prior to that), the data are not comprehensive as only aproportion of residents seek care in emergency departments. Therefore the data are not exact measures of morbidity.
-Data for the most recent two weeks are not final and are subject to change.";Asthma;Borough;Unknown;Age Group;All age groups;9/2023;Count;233
"-Syndrome data are inherently non-specific and not based on diagnostic testing. While the New York City syndromic surveillance system captures 100% of all emergency department(ED) visits in the city (as of 5/1/16, 99% prior to that), the data are not comprehensive as only aproportion of residents seek care in emergency departments. Therefore the data are not exact measures of morbidity.
-Data for the most recent two weeks are not final and are subject to change.";Asthma;Borough;Unknown;Age Group;All age groups;10/2023;Count;242
"-Syndrome data are inherently non-specific and not based on diagnostic testing. While the New York City syndromic surveillance system captures 100% of all emergency department(ED) visits in the city (as of 5/1/16, 99% prior to that), the data are not comprehensive as only aproportion of residents seek care in emergency departments. Therefore the data are not exact measures of morbidity.
-Data for the most recent two weeks are not final and are subject to change.";Asthma;Borough;Unknown;Age Group;All age groups;11/2023;Count;264
"-Syndrome data are inherently non-specific and not based on diagnostic testing. While the New York City syndromic surveillance system captures 100% of all emergency department(ED) visits in the city (as of 5/1/16, 99% prior to that), the data are not comprehensive as only aproportion of residents seek care in emergency departments. Therefore the data are not exact measures of morbidity.
-Data for the most recent two weeks are not final and are subject to change.";Asthma;Borough;Unknown;Age Group;All age groups;12/2023;Count;224
"-Syndrome data are inherently non-specific and not based on diagnostic testing. While the New York City syndromic surveillance system captures 100% of all emergency department(ED) visits in the city (as of 5/1/16, 99% prior to that), the data are not comprehensive as only aproportion of residents seek care in emergency departments. Therefore the data are not exact measures of morbidity.
-Data for the most recent two weeks are not final and are subject to change.";Asthma;Borough;Unknown;Age Group;All age groups;1/2024;Count;175
"-Syndrome data are inherently non-specific and not based on diagnostic testing. While the New York City syndromic surveillance system captures 100% of all emergency department(ED) visits in the city (as of 5/1/16, 99% prior to that), the data are not comprehensive as only aproportion of residents seek care in emergency departments. Therefore the data are not exact measures of morbidity.
-Data for the most recent two weeks are not final and are subject to change.";Asthma;Borough;Unknown;Age Group;All age groups;2/2024;Count;185
"-Syndrome data are inherently non-specific and not based on diagnostic testing. While the New York City syndromic surveillance system captures 100% of all emergency department(ED) visits in the city (as of 5/1/16, 99% prior to that), the data are not comprehensive as only aproportion of residents seek care in emergency departments. Therefore the data are not exact measures of morbidity.
-Data for the most recent two weeks are not final and are subject to change.";Asthma;Borough;Unknown;Age Group;All age groups;3/2024;Count;220
"-Syndrome data are inherently non-specific and not based on diagnostic testing. While the New York City syndromic surveillance system captures 100% of all emergency department(ED) visits in the city (as of 5/1/16, 99% prior to that), the data are not comprehensive as only aproportion of residents seek care in emergency departments. Therefore the data are not exact measures of morbidity.
-Data for the most recent two weeks are not final and are subject to change.";Asthma;Borough;Unknown;Age Group;All age groups;4/2024;Count;174
"-Syndrome data are inherently non-specific and not based on diagnostic testing. While the New York City syndromic surveillance system captures 100% of all emergency department(ED) visits in the city (as of 5/1/16, 99% prior to that), the data are not comprehensive as only aproportion of residents seek care in emergency departments. Therefore the data are not exact measures of morbidity.
-Data for the most recent two weeks are not final and are subject to change.";Asthma;Borough;Unknown;Age Group;All age groups;5/2024;Count;273
"-Syndrome data are inherently non-specific and not based on diagnostic testing. While the New York City syndromic surveillance system captures 100% of all emergency department(ED) visits in the city (as of 5/1/16, 99% prior to that), the data are not comprehensive as only aproportion of residents seek care in emergency departments. Therefore the data are not exact measures of morbidity.
-Data for the most recent two weeks are not final and are subject to change.";Asthma;Borough;Unknown;Age Group;All age groups;6/2024;Count;165
"-Syndrome data are inherently non-specific and not based on diagnostic testing. While the New York City syndromic surveillance system captures 100% of all emergency department(ED) visits in the city (as of 5/1/16, 99% prior to that), the data are not comprehensive as only aproportion of residents seek care in emergency departments. Therefore the data are not exact measures of morbidity.
-Data for the most recent two weeks are not final and are subject to change.";Asthma;Borough;Unknown;Age Group;All age groups;7/2024;Count;148
"-Syndrome data are inherently non-specific and not based on diagnostic testing. While the New York City syndromic surveillance system captures 100% of all emergency department(ED) visits in the city (as of 5/1/16, 99% prior to that), the data are not comprehensive as only aproportion of residents seek care in emergency departments. Therefore the data are not exact measures of morbidity.
-Data for the most recent two weeks are not final and are subject to change.";Asthma;Borough;Unknown;Age Group;All age groups;8/2024;Count;182
"-Syndrome data are inherently non-specific and not based on diagnostic testing. While the New York City syndromic surveillance system captures 100% of all emergency department(ED) visits in the city (as of 5/1/16, 99% prior to that), the data are not comprehensive as only aproportion of residents seek care in emergency departments. Therefore the data are not exact measures of morbidity.
-Data for the most recent two weeks are not final and are subject to change.";Asthma;Borough;Unknown;Age Group;All age groups;9/2024;Count;273
"-Syndrome data are inherently non-specific and not based on diagnostic testing. While the New York City syndromic surveillance system captures 100% of all emergency department(ED) visits in the city (as of 5/1/16, 99% prior to that), the data are not comprehensive as only aproportion of residents seek care in emergency departments. Therefore the data are not exact measures of morbidity.
-Data for the most recent two weeks are not final and are subject to change.";Asthma;Borough;Unknown;Age Group;All age groups;10/2024;Count;262
"-Syndrome data are inherently non-specific and not based on diagnostic testing. While the New York City syndromic surveillance system captures 100% of all emergency department(ED) visits in the city (as of 5/1/16, 99% prior to that), the data are not comprehensive as only aproportion of residents seek care in emergency departments. Therefore the data are not exact measures of morbidity.
-Data for the most recent two weeks are not final and are subject to change.";Asthma;Borough;Unknown;Age Group;All age groups;11/2024;Count;209
"-Syndrome data are inherently non-specific and not based on diagnostic testing. While the New York City syndromic surveillance system captures 100% of all emergency department(ED) visits in the city (as of 5/1/16, 99% prior to that), the data are not comprehensive as only aproportion of residents seek care in emergency departments. Therefore the data are not exact measures of morbidity.
-Data for the most recent two weeks are not final and are subject to change.";Asthma;Borough;Unknown;Age Group;All age groups;12/2024;Count;260
"-Syndrome data are inherently non-specific and not based on diagnostic testing. While the New York City syndromic surveillance system captures 100% of all emergency department(ED) visits in the city (as of 5/1/16, 99% prior to that), the data are not comprehensive as only aproportion of residents seek care in emergency departments. Therefore the data are not exact measures of morbidity.
-Data for the most recent two weeks are not final and are subject to change.";Asthma;Borough;Unknown;Age Group;All age groups;1/2025;Count;189
"-Syndrome data are inherently non-specific and not based on diagnostic testing. While the New York City syndromic surveillance system captures 100% of all emergency department(ED) visits in the city (as of 5/1/16, 99% prior to that), the data are not comprehensive as only aproportion of residents seek care in emergency departments. Therefore the data are not exact measures of morbidity.
-Data for the most recent two weeks are not final and are subject to change.";Asthma;Borough;Unknown;Age Group;All age groups;2/2025;Count;155
"-Syndrome data are inherently non-specific and not based on diagnostic testing. While the New York City syndromic surveillance system captures 100% of all emergency department(ED) visits in the city (as of 5/1/16, 99% prior to that), the data are not comprehensive as only aproportion of residents seek care in emergency departments. Therefore the data are not exact measures of morbidity.
-Data for the most recent two weeks are not final and are subject to change.";Asthma;Borough;Unknown;Age Group;All age groups;3/2025;Count;223
"-Syndrome data are inherently non-specific and not based on diagnostic testing. While the New York City syndromic surveillance system captures 100% of all emergency department(ED) visits in the city (as of 5/1/16, 99% prior to that), the data are not comprehensive as only aproportion of residents seek care in emergency departments. Therefore the data are not exact measures of morbidity.
-Data for the most recent two weeks are not final and are subject to change.";Asthma;Borough;Unknown;Age Group;All age groups;4/2025;Count;241
"-Syndrome data are inherently non-specific and not based on diagnostic testing. While the New York City syndromic surveillance system captures 100% of all emergency department(ED) visits in the city (as of 5/1/16, 99% prior to that), the data are not comprehensive as only aproportion of residents seek care in emergency departments. Therefore the data are not exact measures of morbidity.
-Data for the most recent two weeks are not final and are subject to change.";Asthma;Borough;Unknown;Age Group;All age groups;5/2025;Count;260
"-Syndrome data are inherently non-specific and not based on diagnostic testing. While the New York City syndromic surveillance system captures 100% of all emergency department(ED) visits in the city (as of 5/1/16, 99% prior to that), the data are not comprehensive as only aproportion of residents seek care in emergency departments. Therefore the data are not exact measures of morbidity.
-Data for the most recent two weeks are not final and are subject to change.";Asthma;Borough;Unknown;Age Group;All age groups;6/2025;Count;189
"-Syndrome data are inherently non-specific and not based on diagnostic testing. While the New York City syndromic surveillance system captures 100% of all emergency department(ED) visits in the city (as of 5/1/16, 99% prior to that), the data are not comprehensive as only aproportion of residents seek care in emergency departments. Therefore the data are not exact measures of morbidity.
-Data for the most recent two weeks are not final and are subject to change.";Asthma;Borough;Unknown;Age Group;All age groups;7/2025;Count;143
"-Syndrome data are inherently non-specific and not based on diagnostic testing. While the New York City syndromic surveillance system captures 100% of all emergency department(ED) visits in the city (as of 5/1/16, 99% prior to that), the data are not comprehensive as only aproportion of residents seek care in emergency departments. Therefore the data are not exact measures of morbidity.
-Data for the most recent two weeks are not final and are subject to change.";Asthma;Borough;Unknown;Age Group;All age groups;8/2025;Count;180
"-Syndrome data are inherently non-specific and not based on diagnostic testing. While the New York City syndromic surveillance system captures 100% of all emergency department(ED) visits in the city (as of 5/1/16, 99% prior to that), the data are not comprehensive as only aproportion of residents seek care in emergency departments. Therefore the data are not exact measures of morbidity.
-Data for the most recent two weeks are not final and are subject to change.";Asthma;Borough;Unknown;Age Group;All age groups;9/2025;Count;236
"-Syndrome data are inherently non-specific and not based on diagnostic testing. While the New York City syndromic surveillance system captures 100% of all emergency department(ED) visits in the city (as of 5/1/16, 99% prior to that), the data are not comprehensive as only aproportion of residents seek care in emergency departments. Therefore the data are not exact measures of morbidity.
-Data for the most recent two weeks are not final and are subject to change.";Asthma;Borough;Unknown;Age Group;All age groups;10/2025;Count;254
"-Syndrome data are inherently non-specific and not based on diagnostic testing. While the New York City syndromic surveillance system captures 100% of all emergency department(ED) visits in the city (as of 5/1/16, 99% prior to that), the data are not comprehensive as only aproportion of residents seek care in emergency departments. Therefore the data are not exact measures of morbidity.
-Data for the most recent two weeks are not final and are subject to change.";Asthma;Borough;Unknown;Age Group;All age groups;11/2025;Count;6
"-Syndrome data are inherently non-specific and not based on diagnostic testing. While the New York City syndromic surveillance system captures 100% of all emergency department(ED) visits in the city (as of 5/1/16, 99% prior to that), the data are not comprehensive as only aproportion of residents seek care in emergency departments. Therefore the data are not exact measures of morbidity.
-Data for the most recent two weeks are not final and are subject to change.";Asthma;Borough;Unknown;Age Group;Ages 0-4 years;3/2022;Count;27
"-Syndrome data are inherently non-specific and not based on diagnostic testing. While the New York City syndromic surveillance system captures 100% of all emergency department(ED) visits in the city (as of 5/1/16, 99% prior to that), the data are not comprehensive as only aproportion of residents seek care in emergency departments. Therefore the data are not exact measures of morbidity.
-Data for the most recent two weeks are not final and are subject to change.";Asthma;Borough;Unknown;Age Group;Ages 0-4 years;4/2022;Count;16
"-Syndrome data are inherently non-specific and not based on diagnostic testing. While the New York City syndromic surveillance system captures 100% of all emergency department(ED) visits in the city (as of 5/1/16, 99% prior to that), the data are not comprehensive as only aproportion of residents seek care in emergency departments. Therefore the data are not exact measures of morbidity.
-Data for the most recent two weeks are not final and are subject to change.";Asthma;Borough;Unknown;Age Group;Ages 0-4 years;5/2022;Count;27
"-Syndrome data are inherently non-specific and not based on diagnostic testing. While the New York City syndromic surveillance system captures 100% of all emergency department(ED) visits in the city (as of 5/1/16, 99% prior to that), the data are not comprehensive as only aproportion of residents seek care in emergency departments. Therefore the data are not exact measures of morbidity.
-Data for the most recent two weeks are not final and are subject to change.";Asthma;Borough;Unknown;Age Group;Ages 0-4 years;6/2022;Count;26
"-Syndrome data are inherently non-specific and not based on diagnostic testing. While the New York City syndromic surveillance system captures 100% of all emergency department(ED) visits in the city (as of 5/1/16, 99% prior to that), the data are not comprehensive as only aproportion of residents seek care in emergency departments. Therefore the data are not exact measures of morbidity.
-Data for the most recent two weeks are not final and are subject to change.";Asthma;Borough;Unknown;Age Group;Ages 0-4 years;7/2022;Count;34
"-Syndrome data are inherently non-specific and not based on diagnostic testing. While the New York City syndromic surveillance system captures 100% of all emergency department(ED) visits in the city (as of 5/1/16, 99% prior to that), the data are not comprehensive as only aproportion of residents seek care in emergency departments. Therefore the data are not exact measures of morbidity.
-Data for the most recent two weeks are not final and are subject to change.";Asthma;Borough;Unknown;Age Group;Ages 0-4 years;8/2022;Count;48
"-Syndrome data are inherently non-specific and not based on diagnostic testing. While the New York City syndromic surveillance system captures 100% of all emergency department(ED) visits in the city (as of 5/1/16, 99% prior to that), the data are not comprehensive as only aproportion of residents seek care in emergency departments. Therefore the data are not exact measures of morbidity.
-Data for the most recent two weeks are not final and are subject to change.";Asthma;Borough;Unknown;Age Group;Ages 0-4 years;9/2022;Count;75
"-Syndrome data are inherently non-specific and not based on diagnostic testing. While the New York City syndromic surveillance system captures 100% of all emergency department(ED) visits in the city (as of 5/1/16, 99% prior to that), the data are not comprehensive as only aproportion of residents seek care in emergency departments. Therefore the data are not exact measures of morbidity.
-Data for the most recent two weeks are not final and are subject to change.";Asthma;Borough;Unknown;Age Group;Ages 0-4 years;10/2022;Count;59
"-Syndrome data are inherently non-specific and not based on diagnostic testing. While the New York City syndromic surveillance system captures 100% of all emergency department(ED) visits in the city (as of 5/1/16, 99% prior to that), the data are not comprehensive as only aproportion of residents seek care in emergency departments. Therefore the data are not exact measures of morbidity.
-Data for the most recent two weeks are not final and are subject to change.";Asthma;Borough;Unknown;Age Group;Ages 0-4 years;11/2022;Count;48
"-Syndrome data are inherently non-specific and not based on diagnostic testing. While the New York City syndromic surveillance system captures 100% of all emergency department(ED) visits in the city (as of 5/1/16, 99% prior to that), the data are not comprehensive as only aproportion of residents seek care in emergency departments. Therefore the data are not exact measures of morbidity.
-Data for the most recent two weeks are not final and are subject to change.";Asthma;Borough;Unknown;Age Group;Ages 0-4 years;12/2022;Count;35
"-Syndrome data are inherently non-specific and not based on diagnostic testing. While the New York City syndromic surveillance system captures 100% of all emergency department(ED) visits in the city (as of 5/1/16, 99% prior to that), the data are not comprehensive as only aproportion of residents seek care in emergency departments. Therefore the data are not exact measures of morbidity.
-Data for the most recent two weeks are not final and are subject to change.";Asthma;Borough;Unknown;Age Group;Ages 0-4 years;1/2023;Count;27
"-Syndrome data are inherently non-specific and not based on diagnostic testing. While the New York City syndromic surveillance system captures 100% of all emergency department(ED) visits in the city (as of 5/1/16, 99% prior to that), the data are not comprehensive as only aproportion of residents seek care in emergency departments. Therefore the data are not exact measures of morbidity.
-Data for the most recent two weeks are not final and are subject to change.";Asthma;Borough;Unknown;Age Group;Ages 0-4 years;2/2023;Count;40
"-Syndrome data are inherently non-specific and not based on diagnostic testing. While the New York City syndromic surveillance system captures 100% of all emergency department(ED) visits in the city (as of 5/1/16, 99% prior to that), the data are not comprehensive as only aproportion of residents seek care in emergency departments. Therefore the data are not exact measures of morbidity.
-Data for the most recent two weeks are not final and are subject to change.";Asthma;Borough;Unknown;Age Group;Ages 0-4 years;3/2023;Count;31
"-Syndrome data are inherently non-specific and not based on diagnostic testing. While the New York City syndromic surveillance system captures 100% of all emergency department(ED) visits in the city (as of 5/1/16, 99% prior to that), the data are not comprehensive as only aproportion of residents seek care in emergency departments. Therefore the data are not exact measures of morbidity.
-Data for the most recent two weeks are not final and are subject to change.";Asthma;Borough;Unknown;Age Group;Ages 0-4 years;4/2023;Count;49
"-Syndrome data are inherently non-specific and not based on diagnostic testing. While the New York City syndromic surveillance system captures 100% of all emergency department(ED) visits in the city (as of 5/1/16, 99% prior to that), the data are not comprehensive as only aproportion of residents seek care in emergency departments. Therefore the data are not exact measures of morbidity.
-Data for the most recent two weeks are not final and are subject to change.";Asthma;Borough;Unknown;Age Group;Ages 0-4 years;5/2023;Count;43
"-Syndrome data are inherently non-specific and not based on diagnostic testing. While the New York City syndromic surveillance system captures 100% of all emergency department(ED) visits in the city (as of 5/1/16, 99% prior to that), the data are not comprehensive as only aproportion of residents seek care in emergency departments. Therefore the data are not exact measures of morbidity.
-Data for the most recent two weeks are not final and are subject to change.";Asthma;Borough;Unknown;Age Group;Ages 0-4 years;6/2023;Count;36
"-Syndrome data are inherently non-specific and not based on diagnostic testing. While the New York City syndromic surveillance system captures 100% of all emergency department(ED) visits in the city (as of 5/1/16, 99% prior to that), the data are not comprehensive as only aproportion of residents seek care in emergency departments. Therefore the data are not exact measures of morbidity.
-Data for the most recent two weeks are not final and are subject to change.";Asthma;Borough;Unknown;Age Group;Ages 0-4 years;7/2023;Count;31
"-Syndrome data are inherently non-specific and not based on diagnostic testing. While the New York City syndromic surveillance system captures 100% of all emergency department(ED) visits in the city (as of 5/1/16, 99% prior to that), the data are not comprehensive as only aproportion of residents seek care in emergency departments. Therefore the data are not exact measures of morbidity.
-Data for the most recent two weeks are not final and are subject to change.";Asthma;Borough;Unknown;Age Group;Ages 0-4 years;8/2023;Count;17
"-Syndrome data are inherently non-specific and not based on diagnostic testing. While the New York City syndromic surveillance system captures 100% of all emergency department(ED) visits in the city (as of 5/1/16, 99% prior to that), the data are not comprehensive as only aproportion of residents seek care in emergency departments. Therefore the data are not exact measures of morbidity.
-Data for the most recent two weeks are not final and are subject to change.";Asthma;Borough;Unknown;Age Group;Ages 0-4 years;9/2023;Count;46
"-Syndrome data are inherently non-specific and not based on diagnostic testing. While the New York City syndromic surveillance system captures 100% of all emergency department(ED) visits in the city (as of 5/1/16, 99% prior to that), the data are not comprehensive as only aproportion of residents seek care in emergency departments. Therefore the data are not exact measures of morbidity.
-Data for the most recent two weeks are not final and are subject to change.";Asthma;Borough;Unknown;Age Group;Ages 0-4 years;10/2023;Count;48
"-Syndrome data are inherently non-specific and not based on diagnostic testing. While the New York City syndromic surveillance system captures 100% of all emergency department(ED) visits in the city (as of 5/1/16, 99% prior to that), the data are not comprehensive as only aproportion of residents seek care in emergency departments. Therefore the data are not exact measures of morbidity.
-Data for the most recent two weeks are not final and are subject to change.";Asthma;Borough;Unknown;Age Group;Ages 0-4 years;11/2023;Count;53
"-Syndrome data are inherently non-specific and not based on diagnostic testing. While the New York City syndromic surveillance system captures 100% of all emergency department(ED) visits in the city (as of 5/1/16, 99% prior to that), the data are not comprehensive as only aproportion of residents seek care in emergency departments. Therefore the data are not exact measures of morbidity.
-Data for the most recent two weeks are not final and are subject to change.";Asthma;Borough;Unknown;Age Group;Ages 0-4 years;12/2023;Count;38
"-Syndrome data are inherently non-specific and not based on diagnostic testing. While the New York City syndromic surveillance system captures 100% of all emergency department(ED) visits in the city (as of 5/1/16, 99% prior to that), the data are not comprehensive as only aproportion of residents seek care in emergency departments. Therefore the data are not exact measures of morbidity.
-Data for the most recent two weeks are not final and are subject to change.";Asthma;Borough;Unknown;Age Group;Ages 0-4 years;1/2024;Count;19
"-Syndrome data are inherently non-specific and not based on diagnostic testing. While the New York City syndromic surveillance system captures 100% of all emergency department(ED) visits in the city (as of 5/1/16, 99% prior to that), the data are not comprehensive as only aproportion of residents seek care in emergency departments. Therefore the data are not exact measures of morbidity.
-Data for the most recent two weeks are not final and are subject to change.";Asthma;Borough;Unknown;Age Group;Ages 0-4 years;2/2024;Count;40
"-Syndrome data are inherently non-specific and not based on diagnostic testing. While the New York City syndromic surveillance system captures 100% of all emergency department(ED) visits in the city (as of 5/1/16, 99% prior to that), the data are not comprehensive as only aproportion of residents seek care in emergency departments. Therefore the data are not exact measures of morbidity.
-Data for the most recent two weeks are not final and are subject to change.";Asthma;Borough;Unknown;Age Group;Ages 0-4 years;3/2024;Count;48
"-Syndrome data are inherently non-specific and not based on diagnostic testing. While the New York City syndromic surveillance system captures 100% of all emergency department(ED) visits in the city (as of 5/1/16, 99% prior to that), the data are not comprehensive as only aproportion of residents seek care in emergency departments. Therefore the data are not exact measures of morbidity.
-Data for the most recent two weeks are not final and are subject to change.";Asthma;Borough;Unknown;Age Group;Ages 0-4 years;4/2024;Count;29
"-Syndrome data are inherently non-specific and not based on diagnostic testing. While the New York City syndromic surveillance system captures 100% of all emergency department(ED) visits in the city (as of 5/1/16, 99% prior to that), the data are not comprehensive as only aproportion of residents seek care in emergency departments. Therefore the data are not exact measures of morbidity.
-Data for the most recent two weeks are not final and are subject to change.";Asthma;Borough;Unknown;Age Group;Ages 0-4 years;5/2024;Count;53
"-Syndrome data are inherently non-specific and not based on diagnostic testing. While the New York City syndromic surveillance system captures 100% of all emergency department(ED) visits in the city (as of 5/1/16, 99% prior to that), the data are not comprehensive as only aproportion of residents seek care in emergency departments. Therefore the data are not exact measures of morbidity.
-Data for the most recent two weeks are not final and are subject to change.";Asthma;Borough;Unknown;Age Group;Ages 0-4 years;6/2024;Count;17
"-Syndrome data are inherently non-specific and not based on diagnostic testing. While the New York City syndromic surveillance system captures 100% of all emergency department(ED) visits in the city (as of 5/1/16, 99% prior to that), the data are not comprehensive as only aproportion of residents seek care in emergency departments. Therefore the data are not exact measures of morbidity.
-Data for the most recent two weeks are not final and are subject to change.";Asthma;Borough;Unknown;Age Group;Ages 0-4 years;7/2024;Count;14
"-Syndrome data are inherently non-specific and not based on diagnostic testing. While the New York City syndromic surveillance system captures 100% of all emergency department(ED) visits in the city (as of 5/1/16, 99% prior to that), the data are not comprehensive as only aproportion of residents seek care in emergency departments. Therefore the data are not exact measures of morbidity.
-Data for the most recent two weeks are not final and are subject to change.";Asthma;Borough;Unknown;Age Group;Ages 0-4 years;8/2024;Count;37
"-Syndrome data are inherently non-specific and not based on diagnostic testing. While the New York City syndromic surveillance system captures 100% of all emergency department(ED) visits in the city (as of 5/1/16, 99% prior to that), the data are not comprehensive as only aproportion of residents seek care in emergency departments. Therefore the data are not exact measures of morbidity.
-Data for the most recent two weeks are not final and are subject to change.";Asthma;Borough;Unknown;Age Group;Ages 0-4 years;9/2024;Count;62
"-Syndrome data are inherently non-specific and not based on diagnostic testing. While the New York City syndromic surveillance system captures 100% of all emergency department(ED) visits in the city (as of 5/1/16, 99% prior to that), the data are not comprehensive as only aproportion of residents seek care in emergency departments. Therefore the data are not exact measures of morbidity.
-Data for the most recent two weeks are not final and are subject to change.";Asthma;Borough;Unknown;Age Group;Ages 0-4 years;10/2024;Count;49
"-Syndrome data are inherently non-specific and not based on diagnostic testing. While the New York City syndromic surveillance system captures 100% of all emergency department(ED) visits in the city (as of 5/1/16, 99% prior to that), the data are not comprehensive as only aproportion of residents seek care in emergency departments. Therefore the data are not exact measures of morbidity.
-Data for the most recent two weeks are not final and are subject to change.";Asthma;Borough;Unknown;Age Group;Ages 0-4 years;11/2024;Count;29
"-Syndrome data are inherently non-specific and not based on diagnostic testing. While the New York City syndromic surveillance system captures 100% of all emergency department(ED) visits in the city (as of 5/1/16, 99% prior to that), the data are not comprehensive as only aproportion of residents seek care in emergency departments. Therefore the data are not exact measures of morbidity.
-Data for the most recent two weeks are not final and are subject to change.";Asthma;Borough;Unknown;Age Group;Ages 0-4 years;12/2024;Count;46
"-Syndrome data are inherently non-specific and not based on diagnostic testing. While the New York City syndromic surveillance system captures 100% of all emergency department(ED) visits in the city (as of 5/1/16, 99% prior to that), the data are not comprehensive as only aproportion of residents seek care in emergency departments. Therefore the data are not exact measures of morbidity.
-Data for the most recent two weeks are not final and are subject to change.";Asthma;Borough;Unknown;Age Group;Ages 0-4 years;1/2025;Count;32
"-Syndrome data are inherently non-specific and not based on diagnostic testing. While the New York City syndromic surveillance system captures 100% of all emergency department(ED) visits in the city (as of 5/1/16, 99% prior to that), the data are not comprehensive as only aproportion of residents seek care in emergency departments. Therefore the data are not exact measures of morbidity.
-Data for the most recent two weeks are not final and are subject to change.";Asthma;Borough;Unknown;Age Group;Ages 0-4 years;2/2025;Count;33
"-Syndrome data are inherently non-specific and not based on diagnostic testing. While the New York City syndromic surveillance system captures 100% of all emergency department(ED) visits in the city (as of 5/1/16, 99% prior to that), the data are not comprehensive as only aproportion of residents seek care in emergency departments. Therefore the data are not exact measures of morbidity.
-Data for the most recent two weeks are not final and are subject to change.";Asthma;Borough;Unknown;Age Group;Ages 0-4 years;3/2025;Count;40
"-Syndrome data are inherently non-specific and not based on diagnostic testing. While the New York City syndromic surveillance system captures 100% of all emergency department(ED) visits in the city (as of 5/1/16, 99% prior to that), the data are not comprehensive as only aproportion of residents seek care in emergency departments. Therefore the data are not exact measures of morbidity.
-Data for the most recent two weeks are not final and are subject to change.";Asthma;Borough;Unknown;Age Group;Ages 0-4 years;4/2025;Count;46
"-Syndrome data are inherently non-specific and not based on diagnostic testing. While the New York City syndromic surveillance system captures 100% of all emergency department(ED) visits in the city (as of 5/1/16, 99% prior to that), the data are not comprehensive as only aproportion of residents seek care in emergency departments. Therefore the data are not exact measures of morbidity.
-Data for the most recent two weeks are not final and are subject to change.";Asthma;Borough;Unknown;Age Group;Ages 0-4 years;5/2025;Count;35
"-Syndrome data are inherently non-specific and not based on diagnostic testing. While the New York City syndromic surveillance system captures 100% of all emergency department(ED) visits in the city (as of 5/1/16, 99% prior to that), the data are not comprehensive as only aproportion of residents seek care in emergency departments. Therefore the data are not exact measures of morbidity.
-Data for the most recent two weeks are not final and are subject to change.";Asthma;Borough;Unknown;Age Group;Ages 0-4 years;6/2025;Count;29
"-Syndrome data are inherently non-specific and not based on diagnostic testing. While the New York City syndromic surveillance system captures 100% of all emergency department(ED) visits in the city (as of 5/1/16, 99% prior to that), the data are not comprehensive as only aproportion of residents seek care in emergency departments. Therefore the data are not exact measures of morbidity.
-Data for the most recent two weeks are not final and are subject to change.";Asthma;Borough;Unknown;Age Group;Ages 0-4 years;7/2025;Count;12
"-Syndrome data are inherently non-specific and not based on diagnostic testing. While the New York City syndromic surveillance system captures 100% of all emergency department(ED) visits in the city (as of 5/1/16, 99% prior to that), the data are not comprehensive as only aproportion of residents seek care in emergency departments. Therefore the data are not exact measures of morbidity.
-Data for the most recent two weeks are not final and are subject to change.";Asthma;Borough;Unknown;Age Group;Ages 0-4 years;8/2025;Count;26
"-Syndrome data are inherently non-specific and not based on diagnostic testing. While the New York City syndromic surveillance system captures 100% of all emergency department(ED) visits in the city (as of 5/1/16, 99% prior to that), the data are not comprehensive as only aproportion of residents seek care in emergency departments. Therefore the data are not exact measures of morbidity.
-Data for the most recent two weeks are not final and are subject to change.";Asthma;Borough;Unknown;Age Group;Ages 0-4 years;9/2025;Count;43
"-Syndrome data are inherently non-specific and not based on diagnostic testing. While the New York City syndromic surveillance system captures 100% of all emergency department(ED) visits in the city (as of 5/1/16, 99% prior to that), the data are not comprehensive as only aproportion of residents seek care in emergency departments. Therefore the data are not exact measures of morbidity.
-Data for the most recent two weeks are not final and are subject to change.";Asthma;Borough;Unknown;Age Group;Ages 0-4 years;10/2025;Count;43
"-Syndrome data are inherently non-specific and not based on diagnostic testing. While the New York City syndromic surveillance system captures 100% of all emergency department(ED) visits in the city (as of 5/1/16, 99% prior to that), the data are not comprehensive as only aproportion of residents seek care in emergency departments. Therefore the data are not exact measures of morbidity.
-Data for the most recent two weeks are not final and are subject to change.";Asthma;Borough;Unknown;Age Group;Ages 0-4 years;11/2025;Count;1
"-Syndrome data are inherently non-specific and not based on diagnostic testing. While the New York City syndromic surveillance system captures 100% of all emergency department(ED) visits in the city (as of 5/1/16, 99% prior to that), the data are not comprehensive as only aproportion of residents seek care in emergency departments. Therefore the data are not exact measures of morbidity.
-Data for the most recent two weeks are not final and are subject to change.";Asthma;Borough;Unknown;Age Group;Ages 5-17 years;3/2022;Count;40
"-Syndrome data are inherently non-specific and not based on diagnostic testing. While the New York City syndromic surveillance system captures 100% of all emergency department(ED) visits in the city (as of 5/1/16, 99% prior to that), the data are not comprehensive as only aproportion of residents seek care in emergency departments. Therefore the data are not exact measures of morbidity.
-Data for the most recent two weeks are not final and are subject to change.";Asthma;Borough;Unknown;Age Group;Ages 5-17 years;4/2022;Count;43
"-Syndrome data are inherently non-specific and not based on diagnostic testing. While the New York City syndromic surveillance system captures 100% of all emergency department(ED) visits in the city (as of 5/1/16, 99% prior to that), the data are not comprehensive as only aproportion of residents seek care in emergency departments. Therefore the data are not exact measures of morbidity.
-Data for the most recent two weeks are not final and are subject to change.";Asthma;Borough;Unknown;Age Group;Ages 5-17 years;5/2022;Count;56
"-Syndrome data are inherently non-specific and not based on diagnostic testing. While the New York City syndromic surveillance system captures 100% of all emergency department(ED) visits in the city (as of 5/1/16, 99% prior to that), the data are not comprehensive as only aproportion of residents seek care in emergency departments. Therefore the data are not exact measures of morbidity.
-Data for the most recent two weeks are not final and are subject to change.";Asthma;Borough;Unknown;Age Group;Ages 5-17 years;6/2022;Count;20
"-Syndrome data are inherently non-specific and not based on diagnostic testing. While the New York City syndromic surveillance system captures 100% of all emergency department(ED) visits in the city (as of 5/1/16, 99% prior to that), the data are not comprehensive as only aproportion of residents seek care in emergency departments. Therefore the data are not exact measures of morbidity.
-Data for the most recent two weeks are not final and are subject to change.";Asthma;Borough;Unknown;Age Group;Ages 5-17 years;7/2022;Count;19
"-Syndrome data are inherently non-specific and not based on diagnostic testing. While the New York City syndromic surveillance system captures 100% of all emergency department(ED) visits in the city (as of 5/1/16, 99% prior to that), the data are not comprehensive as only aproportion of residents seek care in emergency departments. Therefore the data are not exact measures of morbidity.
-Data for the most recent two weeks are not final and are subject to change.";Asthma;Borough;Unknown;Age Group;Ages 5-17 years;8/2022;Count;36
"-Syndrome data are inherently non-specific and not based on diagnostic testing. While the New York City syndromic surveillance system captures 100% of all emergency department(ED) visits in the city (as of 5/1/16, 99% prior to that), the data are not comprehensive as only aproportion of residents seek care in emergency departments. Therefore the data are not exact measures of morbidity.
-Data for the most recent two weeks are not final and are subject to change.";Asthma;Borough;Unknown;Age Group;Ages 5-17 years;9/2022;Count;75
"-Syndrome data are inherently non-specific and not based on diagnostic testing. While the New York City syndromic surveillance system captures 100% of all emergency department(ED) visits in the city (as of 5/1/16, 99% prior to that), the data are not comprehensive as only aproportion of residents seek care in emergency departments. Therefore the data are not exact measures of morbidity.
-Data for the most recent two weeks are not final and are subject to change.";Asthma;Borough;Unknown;Age Group;Ages 5-17 years;10/2022;Count;47
"-Syndrome data are inherently non-specific and not based on diagnostic testing. While the New York City syndromic surveillance system captures 100% of all emergency department(ED) visits in the city (as of 5/1/16, 99% prior to that), the data are not comprehensive as only aproportion of residents seek care in emergency departments. Therefore the data are not exact measures of morbidity.
-Data for the most recent two weeks are not final and are subject to change.";Asthma;Borough;Unknown;Age Group;Ages 5-17 years;11/2022;Count;56
"-Syndrome data are inherently non-specific and not based on diagnostic testing. While the New York City syndromic surveillance system captures 100% of all emergency department(ED) visits in the city (as of 5/1/16, 99% prior to that), the data are not comprehensive as only aproportion of residents seek care in emergency departments. Therefore the data are not exact measures of morbidity.
-Data for the most recent two weeks are not final and are subject to change.";Asthma;Borough;Unknown;Age Group;Ages 5-17 years;12/2022;Count;41
"-Syndrome data are inherently non-specific and not based on diagnostic testing. While the New York City syndromic surveillance system captures 100% of all emergency department(ED) visits in the city (as of 5/1/16, 99% prior to that), the data are not comprehensive as only aproportion of residents seek care in emergency departments. Therefore the data are not exact measures of morbidity.
-Data for the most recent two weeks are not final and are subject to change.";Asthma;Borough;Unknown;Age Group;Ages 5-17 years;1/2023;Count;40
"-Syndrome data are inherently non-specific and not based on diagnostic testing. While the New York City syndromic surveillance system captures 100% of all emergency department(ED) visits in the city (as of 5/1/16, 99% prior to that), the data are not comprehensive as only aproportion of residents seek care in emergency departments. Therefore the data are not exact measures of morbidity.
-Data for the most recent two weeks are not final and are subject to change.";Asthma;Borough;Unknown;Age Group;Ages 5-17 years;2/2023;Count;36
"-Syndrome data are inherently non-specific and not based on diagnostic testing. While the New York City syndromic surveillance system captures 100% of all emergency department(ED) visits in the city (as of 5/1/16, 99% prior to that), the data are not comprehensive as only aproportion of residents seek care in emergency departments. Therefore the data are not exact measures of morbidity.
-Data for the most recent two weeks are not final and are subject to change.";Asthma;Borough;Unknown;Age Group;Ages 5-17 years;3/2023;Count;39
"-Syndrome data are inherently non-specific and not based on diagnostic testing. While the New York City syndromic surveillance system captures 100% of all emergency department(ED) visits in the city (as of 5/1/16, 99% prior to that), the data are not comprehensive as only aproportion of residents seek care in emergency departments. Therefore the data are not exact measures of morbidity.
-Data for the most recent two weeks are not final and are subject to change.";Asthma;Borough;Unknown;Age Group;Ages 5-17 years;4/2023;Count;51
"-Syndrome data are inherently non-specific and not based on diagnostic testing. While the New York City syndromic surveillance system captures 100% of all emergency department(ED) visits in the city (as of 5/1/16, 99% prior to that), the data are not comprehensive as only aproportion of residents seek care in emergency departments. Therefore the data are not exact measures of morbidity.
-Data for the most recent two weeks are not final and are subject to change.";Asthma;Borough;Unknown;Age Group;Ages 5-17 years;5/2023;Count;52
"-Syndrome data are inherently non-specific and not based on diagnostic testing. While the New York City syndromic surveillance system captures 100% of all emergency department(ED) visits in the city (as of 5/1/16, 99% prior to that), the data are not comprehensive as only aproportion of residents seek care in emergency departments. Therefore the data are not exact measures of morbidity.
-Data for the most recent two weeks are not final and are subject to change.";Asthma;Borough;Unknown;Age Group;Ages 5-17 years;6/2023;Count;34
"-Syndrome data are inherently non-specific and not based on diagnostic testing. While the New York City syndromic surveillance system captures 100% of all emergency department(ED) visits in the city (as of 5/1/16, 99% prior to that), the data are not comprehensive as only aproportion of residents seek care in emergency departments. Therefore the data are not exact measures of morbidity.
-Data for the most recent two weeks are not final and are subject to change.";Asthma;Borough;Unknown;Age Group;Ages 5-17 years;7/2023;Count;25
"-Syndrome data are inherently non-specific and not based on diagnostic testing. While the New York City syndromic surveillance system captures 100% of all emergency department(ED) visits in the city (as of 5/1/16, 99% prior to that), the data are not comprehensive as only aproportion of residents seek care in emergency departments. Therefore the data are not exact measures of morbidity.
-Data for the most recent two weeks are not final and are subject to change.";Asthma;Borough;Unknown;Age Group;Ages 5-17 years;8/2023;Count;30
"-Syndrome data are inherently non-specific and not based on diagnostic testing. While the New York City syndromic surveillance system captures 100% of all emergency department(ED) visits in the city (as of 5/1/16, 99% prior to that), the data are not comprehensive as only aproportion of residents seek care in emergency departments. Therefore the data are not exact measures of morbidity.
-Data for the most recent two weeks are not final and are subject to change.";Asthma;Borough;Unknown;Age Group;Ages 5-17 years;9/2023;Count;56
"-Syndrome data are inherently non-specific and not based on diagnostic testing. While the New York City syndromic surveillance system captures 100% of all emergency department(ED) visits in the city (as of 5/1/16, 99% prior to that), the data are not comprehensive as only aproportion of residents seek care in emergency departments. Therefore the data are not exact measures of morbidity.
-Data for the most recent two weeks are not final and are subject to change.";Asthma;Borough;Unknown;Age Group;Ages 5-17 years;10/2023;Count;42
"-Syndrome data are inherently non-specific and not based on diagnostic testing. While the New York City syndromic surveillance system captures 100% of all emergency department(ED) visits in the city (as of 5/1/16, 99% prior to that), the data are not comprehensive as only aproportion of residents seek care in emergency departments. Therefore the data are not exact measures of morbidity.
-Data for the most recent two weeks are not final and are subject to change.";Asthma;Borough;Unknown;Age Group;Ages 5-17 years;11/2023;Count;56
"-Syndrome data are inherently non-specific and not based on diagnostic testing. While the New York City syndromic surveillance system captures 100% of all emergency department(ED) visits in the city (as of 5/1/16, 99% prior to that), the data are not comprehensive as only aproportion of residents seek care in emergency departments. Therefore the data are not exact measures of morbidity.
-Data for the most recent two weeks are not final and are subject to change.";Asthma;Borough;Unknown;Age Group;Ages 5-17 years;12/2023;Count;48
"-Syndrome data are inherently non-specific and not based on diagnostic testing. While the New York City syndromic surveillance system captures 100% of all emergency department(ED) visits in the city (as of 5/1/16, 99% prior to that), the data are not comprehensive as only aproportion of residents seek care in emergency departments. Therefore the data are not exact measures of morbidity.
-Data for the most recent two weeks are not final and are subject to change.";Asthma;Borough;Unknown;Age Group;Ages 5-17 years;1/2024;Count;31
"-Syndrome data are inherently non-specific and not based on diagnostic testing. While the New York City syndromic surveillance system captures 100% of all emergency department(ED) visits in the city (as of 5/1/16, 99% prior to that), the data are not comprehensive as only aproportion of residents seek care in emergency departments. Therefore the data are not exact measures of morbidity.
-Data for the most recent two weeks are not final and are subject to change.";Asthma;Borough;Unknown;Age Group;Ages 5-17 years;2/2024;Count;33
"-Syndrome data are inherently non-specific and not based on diagnostic testing. While the New York City syndromic surveillance system captures 100% of all emergency department(ED) visits in the city (as of 5/1/16, 99% prior to that), the data are not comprehensive as only aproportion of residents seek care in emergency departments. Therefore the data are not exact measures of morbidity.
-Data for the most recent two weeks are not final and are subject to change.";Asthma;Borough;Unknown;Age Group;Ages 5-17 years;3/2024;Count;42
"-Syndrome data are inherently non-specific and not based on diagnostic testing. While the New York City syndromic surveillance system captures 100% of all emergency department(ED) visits in the city (as of 5/1/16, 99% prior to that), the data are not comprehensive as only aproportion of residents seek care in emergency departments. Therefore the data are not exact measures of morbidity.
-Data for the most recent two weeks are not final and are subject to change.";Asthma;Borough;Unknown;Age Group;Ages 5-17 years;4/2024;Count;36
"-Syndrome data are inherently non-specific and not based on diagnostic testing. While the New York City syndromic surveillance system captures 100% of all emergency department(ED) visits in the city (as of 5/1/16, 99% prior to that), the data are not comprehensive as only aproportion of residents seek care in emergency departments. Therefore the data are not exact measures of morbidity.
-Data for the most recent two weeks are not final and are subject to change.";Asthma;Borough;Unknown;Age Group;Ages 5-17 years;5/2024;Count;85
"-Syndrome data are inherently non-specific and not based on diagnostic testing. While the New York City syndromic surveillance system captures 100% of all emergency department(ED) visits in the city (as of 5/1/16, 99% prior to that), the data are not comprehensive as only aproportion of residents seek care in emergency departments. Therefore the data are not exact measures of morbidity.
-Data for the most recent two weeks are not final and are subject to change.";Asthma;Borough;Unknown;Age Group;Ages 5-17 years;6/2024;Count;23
"-Syndrome data are inherently non-specific and not based on diagnostic testing. While the New York City syndromic surveillance system captures 100% of all emergency department(ED) visits in the city (as of 5/1/16, 99% prior to that), the data are not comprehensive as only aproportion of residents seek care in emergency departments. Therefore the data are not exact measures of morbidity.
-Data for the most recent two weeks are not final and are subject to change.";Asthma;Borough;Unknown;Age Group;Ages 5-17 years;7/2024;Count;29
"-Syndrome data are inherently non-specific and not based on diagnostic testing. While the New York City syndromic surveillance system captures 100% of all emergency department(ED) visits in the city (as of 5/1/16, 99% prior to that), the data are not comprehensive as only aproportion of residents seek care in emergency departments. Therefore the data are not exact measures of morbidity.
-Data for the most recent two weeks are not final and are subject to change.";Asthma;Borough;Unknown;Age Group;Ages 5-17 years;8/2024;Count;30
"-Syndrome data are inherently non-specific and not based on diagnostic testing. While the New York City syndromic surveillance system captures 100% of all emergency department(ED) visits in the city (as of 5/1/16, 99% prior to that), the data are not comprehensive as only aproportion of residents seek care in emergency departments. Therefore the data are not exact measures of morbidity.
-Data for the most recent two weeks are not final and are subject to change.";Asthma;Borough;Unknown;Age Group;Ages 5-17 years;9/2024;Count;46
"-Syndrome data are inherently non-specific and not based on diagnostic testing. While the New York City syndromic surveillance system captures 100% of all emergency department(ED) visits in the city (as of 5/1/16, 99% prior to that), the data are not comprehensive as only aproportion of residents seek care in emergency departments. Therefore the data are not exact measures of morbidity.
-Data for the most recent two weeks are not final and are subject to change.";Asthma;Borough;Unknown;Age Group;Ages 5-17 years;10/2024;Count;53
"-Syndrome data are inherently non-specific and not based on diagnostic testing. While the New York City syndromic surveillance system captures 100% of all emergency department(ED) visits in the city (as of 5/1/16, 99% prior to that), the data are not comprehensive as only aproportion of residents seek care in emergency departments. Therefore the data are not exact measures of morbidity.
-Data for the most recent two weeks are not final and are subject to change.";Asthma;Borough;Unknown;Age Group;Ages 5-17 years;11/2024;Count;49
"-Syndrome data are inherently non-specific and not based on diagnostic testing. While the New York City syndromic surveillance system captures 100% of all emergency department(ED) visits in the city (as of 5/1/16, 99% prior to that), the data are not comprehensive as only aproportion of residents seek care in emergency departments. Therefore the data are not exact measures of morbidity.
-Data for the most recent two weeks are not final and are subject to change.";Asthma;Borough;Unknown;Age Group;Ages 5-17 years;12/2024;Count;54
"-Syndrome data are inherently non-specific and not based on diagnostic testing. While the New York City syndromic surveillance system captures 100% of all emergency department(ED) visits in the city (as of 5/1/16, 99% prior to that), the data are not comprehensive as only aproportion of residents seek care in emergency departments. Therefore the data are not exact measures of morbidity.
-Data for the most recent two weeks are not final and are subject to change.";Asthma;Borough;Unknown;Age Group;Ages 5-17 years;1/2025;Count;27
"-Syndrome data are inherently non-specific and not based on diagnostic testing. While the New York City syndromic surveillance system captures 100% of all emergency department(ED) visits in the city (as of 5/1/16, 99% prior to that), the data are not comprehensive as only aproportion of residents seek care in emergency departments. Therefore the data are not exact measures of morbidity.
-Data for the most recent two weeks are not final and are subject to change.";Asthma;Borough;Unknown;Age Group;Ages 5-17 years;2/2025;Count;27
"-Syndrome data are inherently non-specific and not based on diagnostic testing. While the New York City syndromic surveillance system captures 100% of all emergency department(ED) visits in the city (as of 5/1/16, 99% prior to that), the data are not comprehensive as only aproportion of residents seek care in emergency departments. Therefore the data are not exact measures of morbidity.
-Data for the most recent two weeks are not final and are subject to change.";Asthma;Borough;Unknown;Age Group;Ages 5-17 years;3/2025;Count;62
"-Syndrome data are inherently non-specific and not based on diagnostic testing. While the New York City syndromic surveillance system captures 100% of all emergency department(ED) visits in the city (as of 5/1/16, 99% prior to that), the data are not comprehensive as only aproportion of residents seek care in emergency departments. Therefore the data are not exact measures of morbidity.
-Data for the most recent two weeks are not final and are subject to change.";Asthma;Borough;Unknown;Age Group;Ages 5-17 years;4/2025;Count;56
"-Syndrome data are inherently non-specific and not based on diagnostic testing. While the New York City syndromic surveillance system captures 100% of all emergency department(ED) visits in the city (as of 5/1/16, 99% prior to that), the data are not comprehensive as only aproportion of residents seek care in emergency departments. Therefore the data are not exact measures of morbidity.
-Data for the most recent two weeks are not final and are subject to change.";Asthma;Borough;Unknown;Age Group;Ages 5-17 years;5/2025;Count;62
"-Syndrome data are inherently non-specific and not based on diagnostic testing. While the New York City syndromic surveillance system captures 100% of all emergency department(ED) visits in the city (as of 5/1/16, 99% prior to that), the data are not comprehensive as only aproportion of residents seek care in emergency departments. Therefore the data are not exact measures of morbidity.
-Data for the most recent two weeks are not final and are subject to change.";Asthma;Borough;Unknown;Age Group;Ages 5-17 years;6/2025;Count;41
"-Syndrome data are inherently non-specific and not based on diagnostic testing. While the New York City syndromic surveillance system captures 100% of all emergency department(ED) visits in the city (as of 5/1/16, 99% prior to that), the data are not comprehensive as only aproportion of residents seek care in emergency departments. Therefore the data are not exact measures of morbidity.
-Data for the most recent two weeks are not final and are subject to change.";Asthma;Borough;Unknown;Age Group;Ages 5-17 years;7/2025;Count;23
"-Syndrome data are inherently non-specific and not based on diagnostic testing. While the New York City syndromic surveillance system captures 100% of all emergency department(ED) visits in the city (as of 5/1/16, 99% prior to that), the data are not comprehensive as only aproportion of residents seek care in emergency departments. Therefore the data are not exact measures of morbidity.
-Data for the most recent two weeks are not final and are subject to change.";Asthma;Borough;Unknown;Age Group;Ages 5-17 years;8/2025;Count;31
"-Syndrome data are inherently non-specific and not based on diagnostic testing. While the New York City syndromic surveillance system captures 100% of all emergency department(ED) visits in the city (as of 5/1/16, 99% prior to that), the data are not comprehensive as only aproportion of residents seek care in emergency departments. Therefore the data are not exact measures of morbidity.
-Data for the most recent two weeks are not final and are subject to change.";Asthma;Borough;Unknown;Age Group;Ages 5-17 years;9/2025;Count;66
"-Syndrome data are inherently non-specific and not based on diagnostic testing. While the New York City syndromic surveillance system captures 100% of all emergency department(ED) visits in the city (as of 5/1/16, 99% prior to that), the data are not comprehensive as only aproportion of residents seek care in emergency departments. Therefore the data are not exact measures of morbidity.
-Data for the most recent two weeks are not final and are subject to change.";Asthma;Borough;Unknown;Age Group;Ages 5-17 years;10/2025;Count;53
"-Syndrome data are inherently non-specific and not based on diagnostic testing. While the New York City syndromic surveillance system captures 100% of all emergency department(ED) visits in the city (as of 5/1/16, 99% prior to that), the data are not comprehensive as only aproportion of residents seek care in emergency departments. Therefore the data are not exact measures of morbidity.
-Data for the most recent two weeks are not final and are subject to change.";Asthma;Borough;Unknown;Age Group;Ages 5-17 years;11/2025;Count;1
"-Syndrome data are inherently non-specific and not based on diagnostic testing. While the New York City syndromic surveillance system captures 100% of all emergency department(ED) visits in the city (as of 5/1/16, 99% prior to that), the data are not comprehensive as only aproportion of residents seek care in emergency departments. Therefore the data are not exact measures of morbidity.
-Data for the most recent two weeks are not final and are subject to change.";Asthma;Borough;Unknown;Age Group;Ages 18-64 years;3/2022;Count;98
"-Syndrome data are inherently non-specific and not based on diagnostic testing. While the New York City syndromic surveillance system captures 100% of all emergency department(ED) visits in the city (as of 5/1/16, 99% prior to that), the data are not comprehensive as only aproportion of residents seek care in emergency departments. Therefore the data are not exact measures of morbidity.
-Data for the most recent two weeks are not final and are subject to change.";Asthma;Borough;Unknown;Age Group;Ages 18-64 years;4/2022;Count;121
"-Syndrome data are inherently non-specific and not based on diagnostic testing. While the New York City syndromic surveillance system captures 100% of all emergency department(ED) visits in the city (as of 5/1/16, 99% prior to that), the data are not comprehensive as only aproportion of residents seek care in emergency departments. Therefore the data are not exact measures of morbidity.
-Data for the most recent two weeks are not final and are subject to change.";Asthma;Borough;Unknown;Age Group;Ages 18-64 years;5/2022;Count;159
"-Syndrome data are inherently non-specific and not based on diagnostic testing. While the New York City syndromic surveillance system captures 100% of all emergency department(ED) visits in the city (as of 5/1/16, 99% prior to that), the data are not comprehensive as only aproportion of residents seek care in emergency departments. Therefore the data are not exact measures of morbidity.
-Data for the most recent two weeks are not final and are subject to change.";Asthma;Borough;Unknown;Age Group;Ages 18-64 years;6/2022;Count;110
"-Syndrome data are inherently non-specific and not based on diagnostic testing. While the New York City syndromic surveillance system captures 100% of all emergency department(ED) visits in the city (as of 5/1/16, 99% prior to that), the data are not comprehensive as only aproportion of residents seek care in emergency departments. Therefore the data are not exact measures of morbidity.
-Data for the most recent two weeks are not final and are subject to change.";Asthma;Borough;Unknown;Age Group;Ages 18-64 years;7/2022;Count;95
"-Syndrome data are inherently non-specific and not based on diagnostic testing. While the New York City syndromic surveillance system captures 100% of all emergency department(ED) visits in the city (as of 5/1/16, 99% prior to that), the data are not comprehensive as only aproportion of residents seek care in emergency departments. Therefore the data are not exact measures of morbidity.
-Data for the most recent two weeks are not final and are subject to change.";Asthma;Borough;Unknown;Age Group;Ages 18-64 years;8/2022;Count;108
"-Syndrome data are inherently non-specific and not based on diagnostic testing. While the New York City syndromic surveillance system captures 100% of all emergency department(ED) visits in the city (as of 5/1/16, 99% prior to that), the data are not comprehensive as only aproportion of residents seek care in emergency departments. Therefore the data are not exact measures of morbidity.
-Data for the most recent two weeks are not final and are subject to change.";Asthma;Borough;Unknown;Age Group;Ages 18-64 years;9/2022;Count;106
"-Syndrome data are inherently non-specific and not based on diagnostic testing. While the New York City syndromic surveillance system captures 100% of all emergency department(ED) visits in the city (as of 5/1/16, 99% prior to that), the data are not comprehensive as only aproportion of residents seek care in emergency departments. Therefore the data are not exact measures of morbidity.
-Data for the most recent two weeks are not final and are subject to change.";Asthma;Borough;Unknown;Age Group;Ages 18-64 years;10/2022;Count;133
"-Syndrome data are inherently non-specific and not based on diagnostic testing. While the New York City syndromic surveillance system captures 100% of all emergency department(ED) visits in the city (as of 5/1/16, 99% prior to that), the data are not comprehensive as only aproportion of residents seek care in emergency departments. Therefore the data are not exact measures of morbidity.
-Data for the most recent two weeks are not final and are subject to change.";Asthma;Borough;Unknown;Age Group;Ages 18-64 years;11/2022;Count;127
"-Syndrome data are inherently non-specific and not based on diagnostic testing. While the New York City syndromic surveillance system captures 100% of all emergency department(ED) visits in the city (as of 5/1/16, 99% prior to that), the data are not comprehensive as only aproportion of residents seek care in emergency departments. Therefore the data are not exact measures of morbidity.
-Data for the most recent two weeks are not final and are subject to change.";Asthma;Borough;Unknown;Age Group;Ages 18-64 years;12/2022;Count;100
"-Syndrome data are inherently non-specific and not based on diagnostic testing. While the New York City syndromic surveillance system captures 100% of all emergency department(ED) visits in the city (as of 5/1/16, 99% prior to that), the data are not comprehensive as only aproportion of residents seek care in emergency departments. Therefore the data are not exact measures of morbidity.
-Data for the most recent two weeks are not final and are subject to change.";Asthma;Borough;Unknown;Age Group;Ages 18-64 years;1/2023;Count;112
"-Syndrome data are inherently non-specific and not based on diagnostic testing. While the New York City syndromic surveillance system captures 100% of all emergency department(ED) visits in the city (as of 5/1/16, 99% prior to that), the data are not comprehensive as only aproportion of residents seek care in emergency departments. Therefore the data are not exact measures of morbidity.
-Data for the most recent two weeks are not final and are subject to change.";Asthma;Borough;Unknown;Age Group;Ages 18-64 years;2/2023;Count;120
"-Syndrome data are inherently non-specific and not based on diagnostic testing. While the New York City syndromic surveillance system captures 100% of all emergency department(ED) visits in the city (as of 5/1/16, 99% prior to that), the data are not comprehensive as only aproportion of residents seek care in emergency departments. Therefore the data are not exact measures of morbidity.
-Data for the most recent two weeks are not final and are subject to change.";Asthma;Borough;Unknown;Age Group;Ages 18-64 years;3/2023;Count;103
"-Syndrome data are inherently non-specific and not based on diagnostic testing. While the New York City syndromic surveillance system captures 100% of all emergency department(ED) visits in the city (as of 5/1/16, 99% prior to that), the data are not comprehensive as only aproportion of residents seek care in emergency departments. Therefore the data are not exact measures of morbidity.
-Data for the most recent two weeks are not final and are subject to change.";Asthma;Borough;Unknown;Age Group;Ages 18-64 years;4/2023;Count;145
"-Syndrome data are inherently non-specific and not based on diagnostic testing. While the New York City syndromic surveillance system captures 100% of all emergency department(ED) visits in the city (as of 5/1/16, 99% prior to that), the data are not comprehensive as only aproportion of residents seek care in emergency departments. Therefore the data are not exact measures of morbidity.
-Data for the most recent two weeks are not final and are subject to change.";Asthma;Borough;Unknown;Age Group;Ages 18-64 years;5/2023;Count;111
"-Syndrome data are inherently non-specific and not based on diagnostic testing. While the New York City syndromic surveillance system captures 100% of all emergency department(ED) visits in the city (as of 5/1/16, 99% prior to that), the data are not comprehensive as only aproportion of residents seek care in emergency departments. Therefore the data are not exact measures of morbidity.
-Data for the most recent two weeks are not final and are subject to change.";Asthma;Borough;Unknown;Age Group;Ages 18-64 years;6/2023;Count;136
"-Syndrome data are inherently non-specific and not based on diagnostic testing. While the New York City syndromic surveillance system captures 100% of all emergency department(ED) visits in the city (as of 5/1/16, 99% prior to that), the data are not comprehensive as only aproportion of residents seek care in emergency departments. Therefore the data are not exact measures of morbidity.
-Data for the most recent two weeks are not final and are subject to change.";Asthma;Borough;Unknown;Age Group;Ages 18-64 years;7/2023;Count;132
"-Syndrome data are inherently non-specific and not based on diagnostic testing. While the New York City syndromic surveillance system captures 100% of all emergency department(ED) visits in the city (as of 5/1/16, 99% prior to that), the data are not comprehensive as only aproportion of residents seek care in emergency departments. Therefore the data are not exact measures of morbidity.
-Data for the most recent two weeks are not final and are subject to change.";Asthma;Borough;Unknown;Age Group;Ages 18-64 years;8/2023;Count;111
"-Syndrome data are inherently non-specific and not based on diagnostic testing. While the New York City syndromic surveillance system captures 100% of all emergency department(ED) visits in the city (as of 5/1/16, 99% prior to that), the data are not comprehensive as only aproportion of residents seek care in emergency departments. Therefore the data are not exact measures of morbidity.
-Data for the most recent two weeks are not final and are subject to change.";Asthma;Borough;Unknown;Age Group;Ages 18-64 years;9/2023;Count;110
"-Syndrome data are inherently non-specific and not based on diagnostic testing. While the New York City syndromic surveillance system captures 100% of all emergency department(ED) visits in the city (as of 5/1/16, 99% prior to that), the data are not comprehensive as only aproportion of residents seek care in emergency departments. Therefore the data are not exact measures of morbidity.
-Data for the most recent two weeks are not final and are subject to change.";Asthma;Borough;Unknown;Age Group;Ages 18-64 years;10/2023;Count;137
"-Syndrome data are inherently non-specific and not based on diagnostic testing. While the New York City syndromic surveillance system captures 100% of all emergency department(ED) visits in the city (as of 5/1/16, 99% prior to that), the data are not comprehensive as only aproportion of residents seek care in emergency departments. Therefore the data are not exact measures of morbidity.
-Data for the most recent two weeks are not final and are subject to change.";Asthma;Borough;Unknown;Age Group;Ages 18-64 years;11/2023;Count;132
"-Syndrome data are inherently non-specific and not based on diagnostic testing. While the New York City syndromic surveillance system captures 100% of all emergency department(ED) visits in the city (as of 5/1/16, 99% prior to that), the data are not comprehensive as only aproportion of residents seek care in emergency departments. Therefore the data are not exact measures of morbidity.
-Data for the most recent two weeks are not final and are subject to change.";Asthma;Borough;Unknown;Age Group;Ages 18-64 years;12/2023;Count;123
"-Syndrome data are inherently non-specific and not based on diagnostic testing. While the New York City syndromic surveillance system captures 100% of all emergency department(ED) visits in the city (as of 5/1/16, 99% prior to that), the data are not comprehensive as only aproportion of residents seek care in emergency departments. Therefore the data are not exact measures of morbidity.
-Data for the most recent two weeks are not final and are subject to change.";Asthma;Borough;Unknown;Age Group;Ages 18-64 years;1/2024;Count;111
"-Syndrome data are inherently non-specific and not based on diagnostic testing. While the New York City syndromic surveillance system captures 100% of all emergency department(ED) visits in the city (as of 5/1/16, 99% prior to that), the data are not comprehensive as only aproportion of residents seek care in emergency departments. Therefore the data are not exact measures of morbidity.
-Data for the most recent two weeks are not final and are subject to change.";Asthma;Borough;Unknown;Age Group;Ages 18-64 years;2/2024;Count;99
"-Syndrome data are inherently non-specific and not based on diagnostic testing. While the New York City syndromic surveillance system captures 100% of all emergency department(ED) visits in the city (as of 5/1/16, 99% prior to that), the data are not comprehensive as only aproportion of residents seek care in emergency departments. Therefore the data are not exact measures of morbidity.
-Data for the most recent two weeks are not final and are subject to change.";Asthma;Borough;Unknown;Age Group;Ages 18-64 years;3/2024;Count;115
"-Syndrome data are inherently non-specific and not based on diagnostic testing. While the New York City syndromic surveillance system captures 100% of all emergency department(ED) visits in the city (as of 5/1/16, 99% prior to that), the data are not comprehensive as only aproportion of residents seek care in emergency departments. Therefore the data are not exact measures of morbidity.
-Data for the most recent two weeks are not final and are subject to change.";Asthma;Borough;Unknown;Age Group;Ages 18-64 years;4/2024;Count;97
"-Syndrome data are inherently non-specific and not based on diagnostic testing. While the New York City syndromic surveillance system captures 100% of all emergency department(ED) visits in the city (as of 5/1/16, 99% prior to that), the data are not comprehensive as only aproportion of residents seek care in emergency departments. Therefore the data are not exact measures of morbidity.
-Data for the most recent two weeks are not final and are subject to change.";Asthma;Borough;Unknown;Age Group;Ages 18-64 years;5/2024;Count;122
"-Syndrome data are inherently non-specific and not based on diagnostic testing. While the New York City syndromic surveillance system captures 100% of all emergency department(ED) visits in the city (as of 5/1/16, 99% prior to that), the data are not comprehensive as only aproportion of residents seek care in emergency departments. Therefore the data are not exact measures of morbidity.
-Data for the most recent two weeks are not final and are subject to change.";Asthma;Borough;Unknown;Age Group;Ages 18-64 years;6/2024;Count;109
"-Syndrome data are inherently non-specific and not based on diagnostic testing. While the New York City syndromic surveillance system captures 100% of all emergency department(ED) visits in the city (as of 5/1/16, 99% prior to that), the data are not comprehensive as only aproportion of residents seek care in emergency departments. Therefore the data are not exact measures of morbidity.
-Data for the most recent two weeks are not final and are subject to change.";Asthma;Borough;Unknown;Age Group;Ages 18-64 years;7/2024;Count;89
"-Syndrome data are inherently non-specific and not based on diagnostic testing. While the New York City syndromic surveillance system captures 100% of all emergency department(ED) visits in the city (as of 5/1/16, 99% prior to that), the data are not comprehensive as only aproportion of residents seek care in emergency departments. Therefore the data are not exact measures of morbidity.
-Data for the most recent two weeks are not final and are subject to change.";Asthma;Borough;Unknown;Age Group;Ages 18-64 years;8/2024;Count;109
"-Syndrome data are inherently non-specific and not based on diagnostic testing. While the New York City syndromic surveillance system captures 100% of all emergency department(ED) visits in the city (as of 5/1/16, 99% prior to that), the data are not comprehensive as only aproportion of residents seek care in emergency departments. Therefore the data are not exact measures of morbidity.
-Data for the most recent two weeks are not final and are subject to change.";Asthma;Borough;Unknown;Age Group;Ages 18-64 years;9/2024;Count;150
"-Syndrome data are inherently non-specific and not based on diagnostic testing. While the New York City syndromic surveillance system captures 100% of all emergency department(ED) visits in the city (as of 5/1/16, 99% prior to that), the data are not comprehensive as only aproportion of residents seek care in emergency departments. Therefore the data are not exact measures of morbidity.
-Data for the most recent two weeks are not final and are subject to change.";Asthma;Borough;Unknown;Age Group;Ages 18-64 years;10/2024;Count;141
"-Syndrome data are inherently non-specific and not based on diagnostic testing. While the New York City syndromic surveillance system captures 100% of all emergency department(ED) visits in the city (as of 5/1/16, 99% prior to that), the data are not comprehensive as only aproportion of residents seek care in emergency departments. Therefore the data are not exact measures of morbidity.
-Data for the most recent two weeks are not final and are subject to change.";Asthma;Borough;Unknown;Age Group;Ages 18-64 years;11/2024;Count;117
"-Syndrome data are inherently non-specific and not based on diagnostic testing. While the New York City syndromic surveillance system captures 100% of all emergency department(ED) visits in the city (as of 5/1/16, 99% prior to that), the data are not comprehensive as only aproportion of residents seek care in emergency departments. Therefore the data are not exact measures of morbidity.
-Data for the most recent two weeks are not final and are subject to change.";Asthma;Borough;Unknown;Age Group;Ages 18-64 years;12/2024;Count;141
"-Syndrome data are inherently non-specific and not based on diagnostic testing. While the New York City syndromic surveillance system captures 100% of all emergency department(ED) visits in the city (as of 5/1/16, 99% prior to that), the data are not comprehensive as only aproportion of residents seek care in emergency departments. Therefore the data are not exact measures of morbidity.
-Data for the most recent two weeks are not final and are subject to change.";Asthma;Borough;Unknown;Age Group;Ages 18-64 years;1/2025;Count;105
"-Syndrome data are inherently non-specific and not based on diagnostic testing. While the New York City syndromic surveillance system captures 100% of all emergency department(ED) visits in the city (as of 5/1/16, 99% prior to that), the data are not comprehensive as only aproportion of residents seek care in emergency departments. Therefore the data are not exact measures of morbidity.
-Data for the most recent two weeks are not final and are subject to change.";Asthma;Borough;Unknown;Age Group;Ages 18-64 years;2/2025;Count;86
"-Syndrome data are inherently non-specific and not based on diagnostic testing. While the New York City syndromic surveillance system captures 100% of all emergency department(ED) visits in the city (as of 5/1/16, 99% prior to that), the data are not comprehensive as only aproportion of residents seek care in emergency departments. Therefore the data are not exact measures of morbidity.
-Data for the most recent two weeks are not final and are subject to change.";Asthma;Borough;Unknown;Age Group;Ages 18-64 years;3/2025;Count;104
"-Syndrome data are inherently non-specific and not based on diagnostic testing. While the New York City syndromic surveillance system captures 100% of all emergency department(ED) visits in the city (as of 5/1/16, 99% prior to that), the data are not comprehensive as only aproportion of residents seek care in emergency departments. Therefore the data are not exact measures of morbidity.
-Data for the most recent two weeks are not final and are subject to change.";Asthma;Borough;Unknown;Age Group;Ages 18-64 years;4/2025;Count;126
"-Syndrome data are inherently non-specific and not based on diagnostic testing. While the New York City syndromic surveillance system captures 100% of all emergency department(ED) visits in the city (as of 5/1/16, 99% prior to that), the data are not comprehensive as only aproportion of residents seek care in emergency departments. Therefore the data are not exact measures of morbidity.
-Data for the most recent two weeks are not final and are subject to change.";Asthma;Borough;Unknown;Age Group;Ages 18-64 years;5/2025;Count;145
"-Syndrome data are inherently non-specific and not based on diagnostic testing. While the New York City syndromic surveillance system captures 100% of all emergency department(ED) visits in the city (as of 5/1/16, 99% prior to that), the data are not comprehensive as only aproportion of residents seek care in emergency departments. Therefore the data are not exact measures of morbidity.
-Data for the most recent two weeks are not final and are subject to change.";Asthma;Borough;Unknown;Age Group;Ages 18-64 years;6/2025;Count;107
"-Syndrome data are inherently non-specific and not based on diagnostic testing. While the New York City syndromic surveillance system captures 100% of all emergency department(ED) visits in the city (as of 5/1/16, 99% prior to that), the data are not comprehensive as only aproportion of residents seek care in emergency departments. Therefore the data are not exact measures of morbidity.
-Data for the most recent two weeks are not final and are subject to change.";Asthma;Borough;Unknown;Age Group;Ages 18-64 years;7/2025;Count;98
"-Syndrome data are inherently non-specific and not based on diagnostic testing. While the New York City syndromic surveillance system captures 100% of all emergency department(ED) visits in the city (as of 5/1/16, 99% prior to that), the data are not comprehensive as only aproportion of residents seek care in emergency departments. Therefore the data are not exact measures of morbidity.
-Data for the most recent two weeks are not final and are subject to change.";Asthma;Borough;Unknown;Age Group;Ages 18-64 years;8/2025;Count;105
"-Syndrome data are inherently non-specific and not based on diagnostic testing. While the New York City syndromic surveillance system captures 100% of all emergency department(ED) visits in the city (as of 5/1/16, 99% prior to that), the data are not comprehensive as only aproportion of residents seek care in emergency departments. Therefore the data are not exact measures of morbidity.
-Data for the most recent two weeks are not final and are subject to change.";Asthma;Borough;Unknown;Age Group;Ages 18-64 years;9/2025;Count;117
"-Syndrome data are inherently non-specific and not based on diagnostic testing. While the New York City syndromic surveillance system captures 100% of all emergency department(ED) visits in the city (as of 5/1/16, 99% prior to that), the data are not comprehensive as only aproportion of residents seek care in emergency departments. Therefore the data are not exact measures of morbidity.
-Data for the most recent two weeks are not final and are subject to change.";Asthma;Borough;Unknown;Age Group;Ages 18-64 years;10/2025;Count;147
"-Syndrome data are inherently non-specific and not based on diagnostic testing. While the New York City syndromic surveillance system captures 100% of all emergency department(ED) visits in the city (as of 5/1/16, 99% prior to that), the data are not comprehensive as only aproportion of residents seek care in emergency departments. Therefore the data are not exact measures of morbidity.
-Data for the most recent two weeks are not final and are subject to change.";Asthma;Borough;Unknown;Age Group;Ages 18-64 years;11/2025;Count;4
"-Syndrome data are inherently non-specific and not based on diagnostic testing. While the New York City syndromic surveillance system captures 100% of all emergency department(ED) visits in the city (as of 5/1/16, 99% prior to that), the data are not comprehensive as only aproportion of residents seek care in emergency departments. Therefore the data are not exact measures of morbidity.
-Data for the most recent two weeks are not final and are subject to change.";Asthma;Borough;Unknown;Age Group;Ages 65+ years;3/2022;Count;16
"-Syndrome data are inherently non-specific and not based on diagnostic testing. While the New York City syndromic surveillance system captures 100% of all emergency department(ED) visits in the city (as of 5/1/16, 99% prior to that), the data are not comprehensive as only aproportion of residents seek care in emergency departments. Therefore the data are not exact measures of morbidity.
-Data for the most recent two weeks are not final and are subject to change.";Asthma;Borough;Unknown;Age Group;Ages 65+ years;4/2022;Count;12
"-Syndrome data are inherently non-specific and not based on diagnostic testing. While the New York City syndromic surveillance system captures 100% of all emergency department(ED) visits in the city (as of 5/1/16, 99% prior to that), the data are not comprehensive as only aproportion of residents seek care in emergency departments. Therefore the data are not exact measures of morbidity.
-Data for the most recent two weeks are not final and are subject to change.";Asthma;Borough;Unknown;Age Group;Ages 65+ years;5/2022;Count;12
"-Syndrome data are inherently non-specific and not based on diagnostic testing. While the New York City syndromic surveillance system captures 100% of all emergency department(ED) visits in the city (as of 5/1/16, 99% prior to that), the data are not comprehensive as only aproportion of residents seek care in emergency departments. Therefore the data are not exact measures of morbidity.
-Data for the most recent two weeks are not final and are subject to change.";Asthma;Borough;Unknown;Age Group;Ages 65+ years;6/2022;Count;17
"-Syndrome data are inherently non-specific and not based on diagnostic testing. While the New York City syndromic surveillance system captures 100% of all emergency department(ED) visits in the city (as of 5/1/16, 99% prior to that), the data are not comprehensive as only aproportion of residents seek care in emergency departments. Therefore the data are not exact measures of morbidity.
-Data for the most recent two weeks are not final and are subject to change.";Asthma;Borough;Unknown;Age Group;Ages 65+ years;7/2022;Count;15
"-Syndrome data are inherently non-specific and not based on diagnostic testing. While the New York City syndromic surveillance system captures 100% of all emergency department(ED) visits in the city (as of 5/1/16, 99% prior to that), the data are not comprehensive as only aproportion of residents seek care in emergency departments. Therefore the data are not exact measures of morbidity.
-Data for the most recent two weeks are not final and are subject to change.";Asthma;Borough;Unknown;Age Group;Ages 65+ years;8/2022;Count;14
"-Syndrome data are inherently non-specific and not based on diagnostic testing. While the New York City syndromic surveillance system captures 100% of all emergency department(ED) visits in the city (as of 5/1/16, 99% prior to that), the data are not comprehensive as only aproportion of residents seek care in emergency departments. Therefore the data are not exact measures of morbidity.
-Data for the most recent two weeks are not final and are subject to change.";Asthma;Borough;Unknown;Age Group;Ages 65+ years;9/2022;Count;11
"-Syndrome data are inherently non-specific and not based on diagnostic testing. While the New York City syndromic surveillance system captures 100% of all emergency department(ED) visits in the city (as of 5/1/16, 99% prior to that), the data are not comprehensive as only aproportion of residents seek care in emergency departments. Therefore the data are not exact measures of morbidity.
-Data for the most recent two weeks are not final and are subject to change.";Asthma;Borough;Unknown;Age Group;Ages 65+ years;10/2022;Count;18
"-Syndrome data are inherently non-specific and not based on diagnostic testing. While the New York City syndromic surveillance system captures 100% of all emergency department(ED) visits in the city (as of 5/1/16, 99% prior to that), the data are not comprehensive as only aproportion of residents seek care in emergency departments. Therefore the data are not exact measures of morbidity.
-Data for the most recent two weeks are not final and are subject to change.";Asthma;Borough;Unknown;Age Group;Ages 65+ years;11/2022;Count;14
"-Syndrome data are inherently non-specific and not based on diagnostic testing. While the New York City syndromic surveillance system captures 100% of all emergency department(ED) visits in the city (as of 5/1/16, 99% prior to that), the data are not comprehensive as only aproportion of residents seek care in emergency departments. Therefore the data are not exact measures of morbidity.
-Data for the most recent two weeks are not final and are subject to change.";Asthma;Borough;Unknown;Age Group;Ages 65+ years;12/2022;Count;7
"-Syndrome data are inherently non-specific and not based on diagnostic testing. While the New York City syndromic surveillance system captures 100% of all emergency department(ED) visits in the city (as of 5/1/16, 99% prior to that), the data are not comprehensive as only aproportion of residents seek care in emergency departments. Therefore the data are not exact measures of morbidity.
-Data for the most recent two weeks are not final and are subject to change.";Asthma;Borough;Unknown;Age Group;Ages 65+ years;1/2023;Count;12
"-Syndrome data are inherently non-specific and not based on diagnostic testing. While the New York City syndromic surveillance system captures 100% of all emergency department(ED) visits in the city (as of 5/1/16, 99% prior to that), the data are not comprehensive as only aproportion of residents seek care in emergency departments. Therefore the data are not exact measures of morbidity.
-Data for the most recent two weeks are not final and are subject to change.";Asthma;Borough;Unknown;Age Group;Ages 65+ years;2/2023;Count;15
"-Syndrome data are inherently non-specific and not based on diagnostic testing. While the New York City syndromic surveillance system captures 100% of all emergency department(ED) visits in the city (as of 5/1/16, 99% prior to that), the data are not comprehensive as only aproportion of residents seek care in emergency departments. Therefore the data are not exact measures of morbidity.
-Data for the most recent two weeks are not final and are subject to change.";Asthma;Borough;Unknown;Age Group;Ages 65+ years;3/2023;Count;10
"-Syndrome data are inherently non-specific and not based on diagnostic testing. While the New York City syndromic surveillance system captures 100% of all emergency department(ED) visits in the city (as of 5/1/16, 99% prior to that), the data are not comprehensive as only aproportion of residents seek care in emergency departments. Therefore the data are not exact measures of morbidity.
-Data for the most recent two weeks are not final and are subject to change.";Asthma;Borough;Unknown;Age Group;Ages 65+ years;4/2023;Count;11
"-Syndrome data are inherently non-specific and not based on diagnostic testing. While the New York City syndromic surveillance system captures 100% of all emergency department(ED) visits in the city (as of 5/1/16, 99% prior to that), the data are not comprehensive as only aproportion of residents seek care in emergency departments. Therefore the data are not exact measures of morbidity.
-Data for the most recent two weeks are not final and are subject to change.";Asthma;Borough;Unknown;Age Group;Ages 65+ years;5/2023;Count;10
"-Syndrome data are inherently non-specific and not based on diagnostic testing. While the New York City syndromic surveillance system captures 100% of all emergency department(ED) visits in the city (as of 5/1/16, 99% prior to that), the data are not comprehensive as only aproportion of residents seek care in emergency departments. Therefore the data are not exact measures of morbidity.
-Data for the most recent two weeks are not final and are subject to change.";Asthma;Borough;Unknown;Age Group;Ages 65+ years;6/2023;Count;17
"-Syndrome data are inherently non-specific and not based on diagnostic testing. While the New York City syndromic surveillance system captures 100% of all emergency department(ED) visits in the city (as of 5/1/16, 99% prior to that), the data are not comprehensive as only aproportion of residents seek care in emergency departments. Therefore the data are not exact measures of morbidity.
-Data for the most recent two weeks are not final and are subject to change.";Asthma;Borough;Unknown;Age Group;Ages 65+ years;7/2023;Count;16
"-Syndrome data are inherently non-specific and not based on diagnostic testing. While the New York City syndromic surveillance system captures 100% of all emergency department(ED) visits in the city (as of 5/1/16, 99% prior to that), the data are not comprehensive as only aproportion of residents seek care in emergency departments. Therefore the data are not exact measures of morbidity.
-Data for the most recent two weeks are not final and are subject to change.";Asthma;Borough;Unknown;Age Group;Ages 65+ years;8/2023;Count;22
"-Syndrome data are inherently non-specific and not based on diagnostic testing. While the New York City syndromic surveillance system captures 100% of all emergency department(ED) visits in the city (as of 5/1/16, 99% prior to that), the data are not comprehensive as only aproportion of residents seek care in emergency departments. Therefore the data are not exact measures of morbidity.
-Data for the most recent two weeks are not final and are subject to change.";Asthma;Borough;Unknown;Age Group;Ages 65+ years;9/2023;Count;21
"-Syndrome data are inherently non-specific and not based on diagnostic testing. While the New York City syndromic surveillance system captures 100% of all emergency department(ED) visits in the city (as of 5/1/16, 99% prior to that), the data are not comprehensive as only aproportion of residents seek care in emergency departments. Therefore the data are not exact measures of morbidity.
-Data for the most recent two weeks are not final and are subject to change.";Asthma;Borough;Unknown;Age Group;Ages 65+ years;10/2023;Count;15
"-Syndrome data are inherently non-specific and not based on diagnostic testing. While the New York City syndromic surveillance system captures 100% of all emergency department(ED) visits in the city (as of 5/1/16, 99% prior to that), the data are not comprehensive as only aproportion of residents seek care in emergency departments. Therefore the data are not exact measures of morbidity.
-Data for the most recent two weeks are not final and are subject to change.";Asthma;Borough;Unknown;Age Group;Ages 65+ years;11/2023;Count;23
"-Syndrome data are inherently non-specific and not based on diagnostic testing. While the New York City syndromic surveillance system captures 100% of all emergency department(ED) visits in the city (as of 5/1/16, 99% prior to that), the data are not comprehensive as only aproportion of residents seek care in emergency departments. Therefore the data are not exact measures of morbidity.
-Data for the most recent two weeks are not final and are subject to change.";Asthma;Borough;Unknown;Age Group;Ages 65+ years;12/2023;Count;15
"-Syndrome data are inherently non-specific and not based on diagnostic testing. While the New York City syndromic surveillance system captures 100% of all emergency department(ED) visits in the city (as of 5/1/16, 99% prior to that), the data are not comprehensive as only aproportion of residents seek care in emergency departments. Therefore the data are not exact measures of morbidity.
-Data for the most recent two weeks are not final and are subject to change.";Asthma;Borough;Unknown;Age Group;Ages 65+ years;1/2024;Count;14
"-Syndrome data are inherently non-specific and not based on diagnostic testing. While the New York City syndromic surveillance system captures 100% of all emergency department(ED) visits in the city (as of 5/1/16, 99% prior to that), the data are not comprehensive as only aproportion of residents seek care in emergency departments. Therefore the data are not exact measures of morbidity.
-Data for the most recent two weeks are not final and are subject to change.";Asthma;Borough;Unknown;Age Group;Ages 65+ years;2/2024;Count;13
"-Syndrome data are inherently non-specific and not based on diagnostic testing. While the New York City syndromic surveillance system captures 100% of all emergency department(ED) visits in the city (as of 5/1/16, 99% prior to that), the data are not comprehensive as only aproportion of residents seek care in emergency departments. Therefore the data are not exact measures of morbidity.
-Data for the most recent two weeks are not final and are subject to change.";Asthma;Borough;Unknown;Age Group;Ages 65+ years;3/2024;Count;15
"-Syndrome data are inherently non-specific and not based on diagnostic testing. While the New York City syndromic surveillance system captures 100% of all emergency department(ED) visits in the city (as of 5/1/16, 99% prior to that), the data are not comprehensive as only aproportion of residents seek care in emergency departments. Therefore the data are not exact measures of morbidity.
-Data for the most recent two weeks are not final and are subject to change.";Asthma;Borough;Unknown;Age Group;Ages 65+ years;4/2024;Count;12
"-Syndrome data are inherently non-specific and not based on diagnostic testing. While the New York City syndromic surveillance system captures 100% of all emergency department(ED) visits in the city (as of 5/1/16, 99% prior to that), the data are not comprehensive as only aproportion of residents seek care in emergency departments. Therefore the data are not exact measures of morbidity.
-Data for the most recent two weeks are not final and are subject to change.";Asthma;Borough;Unknown;Age Group;Ages 65+ years;5/2024;Count;13
"-Syndrome data are inherently non-specific and not based on diagnostic testing. While the New York City syndromic surveillance system captures 100% of all emergency department(ED) visits in the city (as of 5/1/16, 99% prior to that), the data are not comprehensive as only aproportion of residents seek care in emergency departments. Therefore the data are not exact measures of morbidity.
-Data for the most recent two weeks are not final and are subject to change.";Asthma;Borough;Unknown;Age Group;Ages 65+ years;6/2024;Count;16
"-Syndrome data are inherently non-specific and not based on diagnostic testing. While the New York City syndromic surveillance system captures 100% of all emergency department(ED) visits in the city (as of 5/1/16, 99% prior to that), the data are not comprehensive as only aproportion of residents seek care in emergency departments. Therefore the data are not exact measures of morbidity.
-Data for the most recent two weeks are not final and are subject to change.";Asthma;Borough;Unknown;Age Group;Ages 65+ years;7/2024;Count;16
"-Syndrome data are inherently non-specific and not based on diagnostic testing. While the New York City syndromic surveillance system captures 100% of all emergency department(ED) visits in the city (as of 5/1/16, 99% prior to that), the data are not comprehensive as only aproportion of residents seek care in emergency departments. Therefore the data are not exact measures of morbidity.
-Data for the most recent two weeks are not final and are subject to change.";Asthma;Borough;Unknown;Age Group;Ages 65+ years;8/2024;Count;6
"-Syndrome data are inherently non-specific and not based on diagnostic testing. While the New York City syndromic surveillance system captures 100% of all emergency department(ED) visits in the city (as of 5/1/16, 99% prior to that), the data are not comprehensive as only aproportion of residents seek care in emergency departments. Therefore the data are not exact measures of morbidity.
-Data for the most recent two weeks are not final and are subject to change.";Asthma;Borough;Unknown;Age Group;Ages 65+ years;9/2024;Count;15
"-Syndrome data are inherently non-specific and not based on diagnostic testing. While the New York City syndromic surveillance system captures 100% of all emergency department(ED) visits in the city (as of 5/1/16, 99% prior to that), the data are not comprehensive as only aproportion of residents seek care in emergency departments. Therefore the data are not exact measures of morbidity.
-Data for the most recent two weeks are not final and are subject to change.";Asthma;Borough;Unknown;Age Group;Ages 65+ years;10/2024;Count;19
"-Syndrome data are inherently non-specific and not based on diagnostic testing. While the New York City syndromic surveillance system captures 100% of all emergency department(ED) visits in the city (as of 5/1/16, 99% prior to that), the data are not comprehensive as only aproportion of residents seek care in emergency departments. Therefore the data are not exact measures of morbidity.
-Data for the most recent two weeks are not final and are subject to change.";Asthma;Borough;Unknown;Age Group;Ages 65+ years;11/2024;Count;14
"-Syndrome data are inherently non-specific and not based on diagnostic testing. While the New York City syndromic surveillance system captures 100% of all emergency department(ED) visits in the city (as of 5/1/16, 99% prior to that), the data are not comprehensive as only aproportion of residents seek care in emergency departments. Therefore the data are not exact measures of morbidity.
-Data for the most recent two weeks are not final and are subject to change.";Asthma;Borough;Unknown;Age Group;Ages 65+ years;12/2024;Count;19
"-Syndrome data are inherently non-specific and not based on diagnostic testing. While the New York City syndromic surveillance system captures 100% of all emergency department(ED) visits in the city (as of 5/1/16, 99% prior to that), the data are not comprehensive as only aproportion of residents seek care in emergency departments. Therefore the data are not exact measures of morbidity.
-Data for the most recent two weeks are not final and are subject to change.";Asthma;Borough;Unknown;Age Group;Ages 65+ years;1/2025;Count;25
"-Syndrome data are inherently non-specific and not based on diagnostic testing. While the New York City syndromic surveillance system captures 100% of all emergency department(ED) visits in the city (as of 5/1/16, 99% prior to that), the data are not comprehensive as only aproportion of residents seek care in emergency departments. Therefore the data are not exact measures of morbidity.
-Data for the most recent two weeks are not final and are subject to change.";Asthma;Borough;Unknown;Age Group;Ages 65+ years;2/2025;Count;9
"-Syndrome data are inherently non-specific and not based on diagnostic testing. While the New York City syndromic surveillance system captures 100% of all emergency department(ED) visits in the city (as of 5/1/16, 99% prior to that), the data are not comprehensive as only aproportion of residents seek care in emergency departments. Therefore the data are not exact measures of morbidity.
-Data for the most recent two weeks are not final and are subject to change.";Asthma;Borough;Unknown;Age Group;Ages 65+ years;3/2025;Count;17
"-Syndrome data are inherently non-specific and not based on diagnostic testing. While the New York City syndromic surveillance system captures 100% of all emergency department(ED) visits in the city (as of 5/1/16, 99% prior to that), the data are not comprehensive as only aproportion of residents seek care in emergency departments. Therefore the data are not exact measures of morbidity.
-Data for the most recent two weeks are not final and are subject to change.";Asthma;Borough;Unknown;Age Group;Ages 65+ years;4/2025;Count;13
"-Syndrome data are inherently non-specific and not based on diagnostic testing. While the New York City syndromic surveillance system captures 100% of all emergency department(ED) visits in the city (as of 5/1/16, 99% prior to that), the data are not comprehensive as only aproportion of residents seek care in emergency departments. Therefore the data are not exact measures of morbidity.
-Data for the most recent two weeks are not final and are subject to change.";Asthma;Borough;Unknown;Age Group;Ages 65+ years;5/2025;Count;18
"-Syndrome data are inherently non-specific and not based on diagnostic testing. While the New York City syndromic surveillance system captures 100% of all emergency department(ED) visits in the city (as of 5/1/16, 99% prior to that), the data are not comprehensive as only aproportion of residents seek care in emergency departments. Therefore the data are not exact measures of morbidity.
-Data for the most recent two weeks are not final and are subject to change.";Asthma;Borough;Unknown;Age Group;Ages 65+ years;6/2025;Count;12
"-Syndrome data are inherently non-specific and not based on diagnostic testing. While the New York City syndromic surveillance system captures 100% of all emergency department(ED) visits in the city (as of 5/1/16, 99% prior to that), the data are not comprehensive as only aproportion of residents seek care in emergency departments. Therefore the data are not exact measures of morbidity.
-Data for the most recent two weeks are not final and are subject to change.";Asthma;Borough;Unknown;Age Group;Ages 65+ years;7/2025;Count;10
"-Syndrome data are inherently non-specific and not based on diagnostic testing. While the New York City syndromic surveillance system captures 100% of all emergency department(ED) visits in the city (as of 5/1/16, 99% prior to that), the data are not comprehensive as only aproportion of residents seek care in emergency departments. Therefore the data are not exact measures of morbidity.
-Data for the most recent two weeks are not final and are subject to change.";Asthma;Borough;Unknown;Age Group;Ages 65+ years;8/2025;Count;18
"-Syndrome data are inherently non-specific and not based on diagnostic testing. While the New York City syndromic surveillance system captures 100% of all emergency department(ED) visits in the city (as of 5/1/16, 99% prior to that), the data are not comprehensive as only aproportion of residents seek care in emergency departments. Therefore the data are not exact measures of morbidity.
-Data for the most recent two weeks are not final and are subject to change.";Asthma;Borough;Unknown;Age Group;Ages 65+ years;9/2025;Count;10
"-Syndrome data are inherently non-specific and not based on diagnostic testing. While the New York City syndromic surveillance system captures 100% of all emergency department(ED) visits in the city (as of 5/1/16, 99% prior to that), the data are not comprehensive as only aproportion of residents seek care in emergency departments. Therefore the data are not exact measures of morbidity.
-Data for the most recent two weeks are not final and are subject to change.";Asthma;Borough;Unknown;Age Group;Ages 65+ years;10/2025;Count;11
"-Syndrome data are inherently non-specific and not based on diagnostic testing. While the New York City syndromic surveillance system captures 100% of all emergency department(ED) visits in the city (as of 5/1/16, 99% prior to that), the data are not comprehensive as only aproportion of residents seek care in emergency departments. Therefore the data are not exact measures of morbidity.
-Data for the most recent two weeks are not final and are subject to change.";Asthma;Borough;Unknown;Age Group;Ages 65+ years;11/2025;Count;0
"-Syndrome data are inherently non-specific and not based on diagnostic testing. While the New York City syndromic surveillance system captures 100% of all emergency department(ED) visits in the city (as of 5/1/16, 99% prior to that), the data are not comprehensive as only aproportion of residents seek care in emergency departments. Therefore the data are not exact measures of morbidity.
-Data for the most recent two weeks are not final and are subject to change.";Asthma;Citywide;Citywide;Age Group;All age groups;3/2022;Count;5,537
"-Syndrome data are inherently non-specific and not based on diagnostic testing. While the New York City syndromic surveillance system captures 100% of all emergency department(ED) visits in the city (as of 5/1/16, 99% prior to that), the data are not comprehensive as only aproportion of residents seek care in emergency departments. Therefore the data are not exact measures of morbidity.
-Data for the most recent two weeks are not final and are subject to change.";Asthma;Citywide;Citywide;Age Group;All age groups;4/2022;Count;5,049
"-Syndrome data are inherently non-specific and not based on diagnostic testing. While the New York City syndromic surveillance system captures 100% of all emergency department(ED) visits in the city (as of 5/1/16, 99% prior to that), the data are not comprehensive as only aproportion of residents seek care in emergency departments. Therefore the data are not exact measures of morbidity.
-Data for the most recent two weeks are not final and are subject to change.";Asthma;Citywide;Citywide;Age Group;All age groups;5/2022;Count;6,798
"-Syndrome data are inherently non-specific and not based on diagnostic testing. While the New York City syndromic surveillance system captures 100% of all emergency department(ED) visits in the city (as of 5/1/16, 99% prior to that), the data are not comprehensive as only aproportion of residents seek care in emergency departments. Therefore the data are not exact measures of morbidity.
-Data for the most recent two weeks are not final and are subject to change.";Asthma;Citywide;Citywide;Age Group;All age groups;6/2022;Count;4,879
"-Syndrome data are inherently non-specific and not based on diagnostic testing. While the New York City syndromic surveillance system captures 100% of all emergency department(ED) visits in the city (as of 5/1/16, 99% prior to that), the data are not comprehensive as only aproportion of residents seek care in emergency departments. Therefore the data are not exact measures of morbidity.
-Data for the most recent two weeks are not final and are subject to change.";Asthma;Citywide;Citywide;Age Group;All age groups;7/2022;Count;4,248
"-Syndrome data are inherently non-specific and not based on diagnostic testing. While the New York City syndromic surveillance system captures 100% of all emergency department(ED) visits in the city (as of 5/1/16, 99% prior to that), the data are not comprehensive as only aproportion of residents seek care in emergency departments. Therefore the data are not exact measures of morbidity.
-Data for the most recent two weeks are not final and are subject to change.";Asthma;Citywide;Citywide;Age Group;All age groups;8/2022;Count;4,366
"-Syndrome data are inherently non-specific and not based on diagnostic testing. While the New York City syndromic surveillance system captures 100% of all emergency department(ED) visits in the city (as of 5/1/16, 99% prior to that), the data are not comprehensive as only aproportion of residents seek care in emergency departments. Therefore the data are not exact measures of morbidity.
-Data for the most recent two weeks are not final and are subject to change.";Asthma;Citywide;Citywide;Age Group;All age groups;9/2022;Count;6,052
"-Syndrome data are inherently non-specific and not based on diagnostic testing. While the New York City syndromic surveillance system captures 100% of all emergency department(ED) visits in the city (as of 5/1/16, 99% prior to that), the data are not comprehensive as only aproportion of residents seek care in emergency departments. Therefore the data are not exact measures of morbidity.
-Data for the most recent two weeks are not final and are subject to change.";Asthma;Citywide;Citywide;Age Group;All age groups;10/2022;Count;6,831
"-Syndrome data are inherently non-specific and not based on diagnostic testing. While the New York City syndromic surveillance system captures 100% of all emergency department(ED) visits in the city (as of 5/1/16, 99% prior to that), the data are not comprehensive as only aproportion of residents seek care in emergency departments. Therefore the data are not exact measures of morbidity.
-Data for the most recent two weeks are not final and are subject to change.";Asthma;Citywide;Citywide;Age Group;All age groups;11/2022;Count;6,145
"-Syndrome data are inherently non-specific and not based on diagnostic testing. While the New York City syndromic surveillance system captures 100% of all emergency department(ED) visits in the city (as of 5/1/16, 99% prior to that), the data are not comprehensive as only aproportion of residents seek care in emergency departments. Therefore the data are not exact measures of morbidity.
-Data for the most recent two weeks are not final and are subject to change.";Asthma;Citywide;Citywide;Age Group;All age groups;12/2022;Count;4,929
"-Syndrome data are inherently non-specific and not based on diagnostic testing. While the New York City syndromic surveillance system captures 100% of all emergency department(ED) visits in the city (as of 5/1/16, 99% prior to that), the data are not comprehensive as only aproportion of residents seek care in emergency departments. Therefore the data are not exact measures of morbidity.
-Data for the most recent two weeks are not final and are subject to change.";Asthma;Citywide;Citywide;Age Group;All age groups;1/2023;Count;5,289
"-Syndrome data are inherently non-specific and not based on diagnostic testing. While the New York City syndromic surveillance system captures 100% of all emergency department(ED) visits in the city (as of 5/1/16, 99% prior to that), the data are not comprehensive as only aproportion of residents seek care in emergency departments. Therefore the data are not exact measures of morbidity.
-Data for the most recent two weeks are not final and are subject to change.";Asthma;Citywide;Citywide;Age Group;All age groups;2/2023;Count;5,294
"-Syndrome data are inherently non-specific and not based on diagnostic testing. While the New York City syndromic surveillance system captures 100% of all emergency department(ED) visits in the city (as of 5/1/16, 99% prior to that), the data are not comprehensive as only aproportion of residents seek care in emergency departments. Therefore the data are not exact measures of morbidity.
-Data for the most recent two weeks are not final and are subject to change.";Asthma;Citywide;Citywide;Age Group;All age groups;3/2023;Count;5,737
"-Syndrome data are inherently non-specific and not based on diagnostic testing. While the New York City syndromic surveillance system captures 100% of all emergency department(ED) visits in the city (as of 5/1/16, 99% prior to that), the data are not comprehensive as only aproportion of residents seek care in emergency departments. Therefore the data are not exact measures of morbidity.
-Data for the most recent two weeks are not final and are subject to change.";Asthma;Citywide;Citywide;Age Group;All age groups;4/2023;Count;6,218
"-Syndrome data are inherently non-specific and not based on diagnostic testing. While the New York City syndromic surveillance system captures 100% of all emergency department(ED) visits in the city (as of 5/1/16, 99% prior to that), the data are not comprehensive as only aproportion of residents seek care in emergency departments. Therefore the data are not exact measures of morbidity.
-Data for the most recent two weeks are not final and are subject to change.";Asthma;Citywide;Citywide;Age Group;All age groups;5/2023;Count;5,963
"-Syndrome data are inherently non-specific and not based on diagnostic testing. While the New York City syndromic surveillance system captures 100% of all emergency department(ED) visits in the city (as of 5/1/16, 99% prior to that), the data are not comprehensive as only aproportion of residents seek care in emergency departments. Therefore the data are not exact measures of morbidity.
-Data for the most recent two weeks are not final and are subject to change.";Asthma;Citywide;Citywide;Age Group;All age groups;6/2023;Count;5,346
"-Syndrome data are inherently non-specific and not based on diagnostic testing. While the New York City syndromic surveillance system captures 100% of all emergency department(ED) visits in the city (as of 5/1/16, 99% prior to that), the data are not comprehensive as only aproportion of residents seek care in emergency departments. Therefore the data are not exact measures of morbidity.
-Data for the most recent two weeks are not final and are subject to change.";Asthma;Citywide;Citywide;Age Group;All age groups;7/2023;Count;4,440
"-Syndrome data are inherently non-specific and not based on diagnostic testing. While the New York City syndromic surveillance system captures 100% of all emergency department(ED) visits in the city (as of 5/1/16, 99% prior to that), the data are not comprehensive as only aproportion of residents seek care in emergency departments. Therefore the data are not exact measures of morbidity.
-Data for the most recent two weeks are not final and are subject to change.";Asthma;Citywide;Citywide;Age Group;All age groups;8/2023;Count;4,404
"-Syndrome data are inherently non-specific and not based on diagnostic testing. While the New York City syndromic surveillance system captures 100% of all emergency department(ED) visits in the city (as of 5/1/16, 99% prior to that), the data are not comprehensive as only aproportion of residents seek care in emergency departments. Therefore the data are not exact measures of morbidity.
-Data for the most recent two weeks are not final and are subject to change.";Asthma;Citywide;Citywide;Age Group;All age groups;9/2023;Count;5,549
"-Syndrome data are inherently non-specific and not based on diagnostic testing. While the New York City syndromic surveillance system captures 100% of all emergency department(ED) visits in the city (as of 5/1/16, 99% prior to that), the data are not comprehensive as only aproportion of residents seek care in emergency departments. Therefore the data are not exact measures of morbidity.
-Data for the most recent two weeks are not final and are subject to change.";Asthma;Citywide;Citywide;Age Group;All age groups;10/2023;Count;6,358
"-Syndrome data are inherently non-specific and not based on diagnostic testing. While the New York City syndromic surveillance system captures 100% of all emergency department(ED) visits in the city (as of 5/1/16, 99% prior to that), the data are not comprehensive as only aproportion of residents seek care in emergency departments. Therefore the data are not exact measures of morbidity.
-Data for the most recent two weeks are not final and are subject to change.";Asthma;Citywide;Citywide;Age Group;All age groups;11/2023;Count;6,114
"-Syndrome data are inherently non-specific and not based on diagnostic testing. While the New York City syndromic surveillance system captures 100% of all emergency department(ED) visits in the city (as of 5/1/16, 99% prior to that), the data are not comprehensive as only aproportion of residents seek care in emergency departments. Therefore the data are not exact measures of morbidity.
-Data for the most recent two weeks are not final and are subject to change.";Asthma;Citywide;Citywide;Age Group;All age groups;12/2023;Count;5,710
"-Syndrome data are inherently non-specific and not based on diagnostic testing. While the New York City syndromic surveillance system captures 100% of all emergency department(ED) visits in the city (as of 5/1/16, 99% prior to that), the data are not comprehensive as only aproportion of residents seek care in emergency departments. Therefore the data are not exact measures of morbidity.
-Data for the most recent two weeks are not final and are subject to change.";Asthma;Citywide;Citywide;Age Group;All age groups;1/2024;Count;5,254
"-Syndrome data are inherently non-specific and not based on diagnostic testing. While the New York City syndromic surveillance system captures 100% of all emergency department(ED) visits in the city (as of 5/1/16, 99% prior to that), the data are not comprehensive as only aproportion of residents seek care in emergency departments. Therefore the data are not exact measures of morbidity.
-Data for the most recent two weeks are not final and are subject to change.";Asthma;Citywide;Citywide;Age Group;All age groups;2/2024;Count;4,938
"-Syndrome data are inherently non-specific and not based on diagnostic testing. While the New York City syndromic surveillance system captures 100% of all emergency department(ED) visits in the city (as of 5/1/16, 99% prior to that), the data are not comprehensive as only aproportion of residents seek care in emergency departments. Therefore the data are not exact measures of morbidity.
-Data for the most recent two weeks are not final and are subject to change.";Asthma;Citywide;Citywide;Age Group;All age groups;3/2024;Count;5,262
"-Syndrome data are inherently non-specific and not based on diagnostic testing. While the New York City syndromic surveillance system captures 100% of all emergency department(ED) visits in the city (as of 5/1/16, 99% prior to that), the data are not comprehensive as only aproportion of residents seek care in emergency departments. Therefore the data are not exact measures of morbidity.
-Data for the most recent two weeks are not final and are subject to change.";Asthma;Citywide;Citywide;Age Group;All age groups;4/2024;Count;5,381
"-Syndrome data are inherently non-specific and not based on diagnostic testing. While the New York City syndromic surveillance system captures 100% of all emergency department(ED) visits in the city (as of 5/1/16, 99% prior to that), the data are not comprehensive as only aproportion of residents seek care in emergency departments. Therefore the data are not exact measures of morbidity.
-Data for the most recent two weeks are not final and are subject to change.";Asthma;Citywide;Citywide;Age Group;All age groups;5/2024;Count;6,453
"-Syndrome data are inherently non-specific and not based on diagnostic testing. While the New York City syndromic surveillance system captures 100% of all emergency department(ED) visits in the city (as of 5/1/16, 99% prior to that), the data are not comprehensive as only aproportion of residents seek care in emergency departments. Therefore the data are not exact measures of morbidity.
-Data for the most recent two weeks are not final and are subject to change.";Asthma;Citywide;Citywide;Age Group;All age groups;6/2024;Count;4,729
"-Syndrome data are inherently non-specific and not based on diagnostic testing. While the New York City syndromic surveillance system captures 100% of all emergency department(ED) visits in the city (as of 5/1/16, 99% prior to that), the data are not comprehensive as only aproportion of residents seek care in emergency departments. Therefore the data are not exact measures of morbidity.
-Data for the most recent two weeks are not final and are subject to change.";Asthma;Citywide;Citywide;Age Group;All age groups;7/2024;Count;4,558
"-Syndrome data are inherently non-specific and not based on diagnostic testing. While the New York City syndromic surveillance system captures 100% of all emergency department(ED) visits in the city (as of 5/1/16, 99% prior to that), the data are not comprehensive as only aproportion of residents seek care in emergency departments. Therefore the data are not exact measures of morbidity.
-Data for the most recent two weeks are not final and are subject to change.";Asthma;Citywide;Citywide;Age Group;All age groups;8/2024;Count;4,602
"-Syndrome data are inherently non-specific and not based on diagnostic testing. While the New York City syndromic surveillance system captures 100% of all emergency department(ED) visits in the city (as of 5/1/16, 99% prior to that), the data are not comprehensive as only aproportion of residents seek care in emergency departments. Therefore the data are not exact measures of morbidity.
-Data for the most recent two weeks are not final and are subject to change.";Asthma;Citywide;Citywide;Age Group;All age groups;9/2024;Count;5,969
"-Syndrome data are inherently non-specific and not based on diagnostic testing. While the New York City syndromic surveillance system captures 100% of all emergency department(ED) visits in the city (as of 5/1/16, 99% prior to that), the data are not comprehensive as only aproportion of residents seek care in emergency departments. Therefore the data are not exact measures of morbidity.
-Data for the most recent two weeks are not final and are subject to change.";Asthma;Citywide;Citywide;Age Group;All age groups;10/2024;Count;6,422
"-Syndrome data are inherently non-specific and not based on diagnostic testing. While the New York City syndromic surveillance system captures 100% of all emergency department(ED) visits in the city (as of 5/1/16, 99% prior to that), the data are not comprehensive as only aproportion of residents seek care in emergency departments. Therefore the data are not exact measures of morbidity.
-Data for the most recent two weeks are not final and are subject to change.";Asthma;Citywide;Citywide;Age Group;All age groups;11/2024;Count;5,858
"-Syndrome data are inherently non-specific and not based on diagnostic testing. While the New York City syndromic surveillance system captures 100% of all emergency department(ED) visits in the city (as of 5/1/16, 99% prior to that), the data are not comprehensive as only aproportion of residents seek care in emergency departments. Therefore the data are not exact measures of morbidity.
-Data for the most recent two weeks are not final and are subject to change.";Asthma;Citywide;Citywide;Age Group;All age groups;12/2024;Count;5,667
"-Syndrome data are inherently non-specific and not based on diagnostic testing. While the New York City syndromic surveillance system captures 100% of all emergency department(ED) visits in the city (as of 5/1/16, 99% prior to that), the data are not comprehensive as only aproportion of residents seek care in emergency departments. Therefore the data are not exact measures of morbidity.
-Data for the most recent two weeks are not final and are subject to change.";Asthma;Citywide;Citywide;Age Group;All age groups;1/2025;Count;5,102
"-Syndrome data are inherently non-specific and not based on diagnostic testing. While the New York City syndromic surveillance system captures 100% of all emergency department(ED) visits in the city (as of 5/1/16, 99% prior to that), the data are not comprehensive as only aproportion of residents seek care in emergency departments. Therefore the data are not exact measures of morbidity.
-Data for the most recent two weeks are not final and are subject to change.";Asthma;Citywide;Citywide;Age Group;All age groups;2/2025;Count;4,211
"-Syndrome data are inherently non-specific and not based on diagnostic testing. While the New York City syndromic surveillance system captures 100% of all emergency department(ED) visits in the city (as of 5/1/16, 99% prior to that), the data are not comprehensive as only aproportion of residents seek care in emergency departments. Therefore the data are not exact measures of morbidity.
-Data for the most recent two weeks are not final and are subject to change.";Asthma;Citywide;Citywide;Age Group;All age groups;3/2025;Count;5,299
"-Syndrome data are inherently non-specific and not based on diagnostic testing. While the New York City syndromic surveillance system captures 100% of all emergency department(ED) visits in the city (as of 5/1/16, 99% prior to that), the data are not comprehensive as only aproportion of residents seek care in emergency departments. Therefore the data are not exact measures of morbidity.
-Data for the most recent two weeks are not final and are subject to change.";Asthma;Citywide;Citywide;Age Group;All age groups;4/2025;Count;5,790
"-Syndrome data are inherently non-specific and not based on diagnostic testing. While the New York City syndromic surveillance system captures 100% of all emergency department(ED) visits in the city (as of 5/1/16, 99% prior to that), the data are not comprehensive as only aproportion of residents seek care in emergency departments. Therefore the data are not exact measures of morbidity.
-Data for the most recent two weeks are not final and are subject to change.";Asthma;Citywide;Citywide;Age Group;All age groups;5/2025;Count;6,356
"-Syndrome data are inherently non-specific and not based on diagnostic testing. While the New York City syndromic surveillance system captures 100% of all emergency department(ED) visits in the city (as of 5/1/16, 99% prior to that), the data are not comprehensive as only aproportion of residents seek care in emergency departments. Therefore the data are not exact measures of morbidity.
-Data for the most recent two weeks are not final and are subject to change.";Asthma;Citywide;Citywide;Age Group;All age groups;6/2025;Count;4,686
"-Syndrome data are inherently non-specific and not based on diagnostic testing. While the New York City syndromic surveillance system captures 100% of all emergency department(ED) visits in the city (as of 5/1/16, 99% prior to that), the data are not comprehensive as only aproportion of residents seek care in emergency departments. Therefore the data are not exact measures of morbidity.
-Data for the most recent two weeks are not final and are subject to change.";Asthma;Citywide;Citywide;Age Group;All age groups;7/2025;Count;4,251
"-Syndrome data are inherently non-specific and not based on diagnostic testing. While the New York City syndromic surveillance system captures 100% of all emergency department(ED) visits in the city (as of 5/1/16, 99% prior to that), the data are not comprehensive as only aproportion of residents seek care in emergency departments. Therefore the data are not exact measures of morbidity.
-Data for the most recent two weeks are not final and are subject to change.";Asthma;Citywide;Citywide;Age Group;All age groups;8/2025;Count;4,377
"-Syndrome data are inherently non-specific and not based on diagnostic testing. While the New York City syndromic surveillance system captures 100% of all emergency department(ED) visits in the city (as of 5/1/16, 99% prior to that), the data are not comprehensive as only aproportion of residents seek care in emergency departments. Therefore the data are not exact measures of morbidity.
-Data for the most recent two weeks are not final and are subject to change.";Asthma;Citywide;Citywide;Age Group;All age groups;9/2025;Count;5,724
"-Syndrome data are inherently non-specific and not based on diagnostic testing. While the New York City syndromic surveillance system captures 100% of all emergency department(ED) visits in the city (as of 5/1/16, 99% prior to that), the data are not comprehensive as only aproportion of residents seek care in emergency departments. Therefore the data are not exact measures of morbidity.
-Data for the most recent two weeks are not final and are subject to change.";Asthma;Citywide;Citywide;Age Group;All age groups;10/2025;Count;5,640
"-Syndrome data are inherently non-specific and not based on diagnostic testing. While the New York City syndromic surveillance system captures 100% of all emergency department(ED) visits in the city (as of 5/1/16, 99% prior to that), the data are not comprehensive as only aproportion of residents seek care in emergency departments. Therefore the data are not exact measures of morbidity.
-Data for the most recent two weeks are not final and are subject to change.";Asthma;Citywide;Citywide;Age Group;All age groups;11/2025;Count;158
"-Syndrome data are inherently non-specific and not based on diagnostic testing. While the New York City syndromic surveillance system captures 100% of all emergency department(ED) visits in the city (as of 5/1/16, 99% prior to that), the data are not comprehensive as only aproportion of residents seek care in emergency departments. Therefore the data are not exact measures of morbidity.
-Data for the most recent two weeks are not final and are subject to change.";Asthma;Citywide;Citywide;Age Group;Ages 0-4 years;3/2022;Count;367
"-Syndrome data are inherently non-specific and not based on diagnostic testing. While the New York City syndromic surveillance system captures 100% of all emergency department(ED) visits in the city (as of 5/1/16, 99% prior to that), the data are not comprehensive as only aproportion of residents seek care in emergency departments. Therefore the data are not exact measures of morbidity.
-Data for the most recent two weeks are not final and are subject to change.";Asthma;Citywide;Citywide;Age Group;Ages 0-4 years;4/2022;Count;245
"-Syndrome data are inherently non-specific and not based on diagnostic testing. While the New York City syndromic surveillance system captures 100% of all emergency department(ED) visits in the city (as of 5/1/16, 99% prior to that), the data are not comprehensive as only aproportion of residents seek care in emergency departments. Therefore the data are not exact measures of morbidity.
-Data for the most recent two weeks are not final and are subject to change.";Asthma;Citywide;Citywide;Age Group;Ages 0-4 years;5/2022;Count;333
"-Syndrome data are inherently non-specific and not based on diagnostic testing. While the New York City syndromic surveillance system captures 100% of all emergency department(ED) visits in the city (as of 5/1/16, 99% prior to that), the data are not comprehensive as only aproportion of residents seek care in emergency departments. Therefore the data are not exact measures of morbidity.
-Data for the most recent two weeks are not final and are subject to change.";Asthma;Citywide;Citywide;Age Group;Ages 0-4 years;6/2022;Count;276
"-Syndrome data are inherently non-specific and not based on diagnostic testing. While the New York City syndromic surveillance system captures 100% of all emergency department(ED) visits in the city (as of 5/1/16, 99% prior to that), the data are not comprehensive as only aproportion of residents seek care in emergency departments. Therefore the data are not exact measures of morbidity.
-Data for the most recent two weeks are not final and are subject to change.";Asthma;Citywide;Citywide;Age Group;Ages 0-4 years;7/2022;Count;190
"-Syndrome data are inherently non-specific and not based on diagnostic testing. While the New York City syndromic surveillance system captures 100% of all emergency department(ED) visits in the city (as of 5/1/16, 99% prior to that), the data are not comprehensive as only aproportion of residents seek care in emergency departments. Therefore the data are not exact measures of morbidity.
-Data for the most recent two weeks are not final and are subject to change.";Asthma;Citywide;Citywide;Age Group;Ages 0-4 years;8/2022;Count;290
"-Syndrome data are inherently non-specific and not based on diagnostic testing. While the New York City syndromic surveillance system captures 100% of all emergency department(ED) visits in the city (as of 5/1/16, 99% prior to that), the data are not comprehensive as only aproportion of residents seek care in emergency departments. Therefore the data are not exact measures of morbidity.
-Data for the most recent two weeks are not final and are subject to change.";Asthma;Citywide;Citywide;Age Group;Ages 0-4 years;9/2022;Count;708
"-Syndrome data are inherently non-specific and not based on diagnostic testing. While the New York City syndromic surveillance system captures 100% of all emergency department(ED) visits in the city (as of 5/1/16, 99% prior to that), the data are not comprehensive as only aproportion of residents seek care in emergency departments. Therefore the data are not exact measures of morbidity.
-Data for the most recent two weeks are not final and are subject to change.";Asthma;Citywide;Citywide;Age Group;Ages 0-4 years;10/2022;Count;610
"-Syndrome data are inherently non-specific and not based on diagnostic testing. While the New York City syndromic surveillance system captures 100% of all emergency department(ED) visits in the city (as of 5/1/16, 99% prior to that), the data are not comprehensive as only aproportion of residents seek care in emergency departments. Therefore the data are not exact measures of morbidity.
-Data for the most recent two weeks are not final and are subject to change.";Asthma;Citywide;Citywide;Age Group;Ages 0-4 years;11/2022;Count;392
"-Syndrome data are inherently non-specific and not based on diagnostic testing. While the New York City syndromic surveillance system captures 100% of all emergency department(ED) visits in the city (as of 5/1/16, 99% prior to that), the data are not comprehensive as only aproportion of residents seek care in emergency departments. Therefore the data are not exact measures of morbidity.
-Data for the most recent two weeks are not final and are subject to change.";Asthma;Citywide;Citywide;Age Group;Ages 0-4 years;12/2022;Count;253
"-Syndrome data are inherently non-specific and not based on diagnostic testing. While the New York City syndromic surveillance system captures 100% of all emergency department(ED) visits in the city (as of 5/1/16, 99% prior to that), the data are not comprehensive as only aproportion of residents seek care in emergency departments. Therefore the data are not exact measures of morbidity.
-Data for the most recent two weeks are not final and are subject to change.";Asthma;Citywide;Citywide;Age Group;Ages 0-4 years;1/2023;Count;340
"-Syndrome data are inherently non-specific and not based on diagnostic testing. While the New York City syndromic surveillance system captures 100% of all emergency department(ED) visits in the city (as of 5/1/16, 99% prior to that), the data are not comprehensive as only aproportion of residents seek care in emergency departments. Therefore the data are not exact measures of morbidity.
-Data for the most recent two weeks are not final and are subject to change.";Asthma;Citywide;Citywide;Age Group;Ages 0-4 years;2/2023;Count;391
"-Syndrome data are inherently non-specific and not based on diagnostic testing. While the New York City syndromic surveillance system captures 100% of all emergency department(ED) visits in the city (as of 5/1/16, 99% prior to that), the data are not comprehensive as only aproportion of residents seek care in emergency departments. Therefore the data are not exact measures of morbidity.
-Data for the most recent two weeks are not final and are subject to change.";Asthma;Citywide;Citywide;Age Group;Ages 0-4 years;3/2023;Count;346
"-Syndrome data are inherently non-specific and not based on diagnostic testing. While the New York City syndromic surveillance system captures 100% of all emergency department(ED) visits in the city (as of 5/1/16, 99% prior to that), the data are not comprehensive as only aproportion of residents seek care in emergency departments. Therefore the data are not exact measures of morbidity.
-Data for the most recent two weeks are not final and are subject to change.";Asthma;Citywide;Citywide;Age Group;Ages 0-4 years;4/2023;Count;327
"-Syndrome data are inherently non-specific and not based on diagnostic testing. While the New York City syndromic surveillance system captures 100% of all emergency department(ED) visits in the city (as of 5/1/16, 99% prior to that), the data are not comprehensive as only aproportion of residents seek care in emergency departments. Therefore the data are not exact measures of morbidity.
-Data for the most recent two weeks are not final and are subject to change.";Asthma;Citywide;Citywide;Age Group;Ages 0-4 years;5/2023;Count;381
"-Syndrome data are inherently non-specific and not based on diagnostic testing. While the New York City syndromic surveillance system captures 100% of all emergency department(ED) visits in the city (as of 5/1/16, 99% prior to that), the data are not comprehensive as only aproportion of residents seek care in emergency departments. Therefore the data are not exact measures of morbidity.
-Data for the most recent two weeks are not final and are subject to change.";Asthma;Citywide;Citywide;Age Group;Ages 0-4 years;6/2023;Count;312
"-Syndrome data are inherently non-specific and not based on diagnostic testing. While the New York City syndromic surveillance system captures 100% of all emergency department(ED) visits in the city (as of 5/1/16, 99% prior to that), the data are not comprehensive as only aproportion of residents seek care in emergency departments. Therefore the data are not exact measures of morbidity.
-Data for the most recent two weeks are not final and are subject to change.";Asthma;Citywide;Citywide;Age Group;Ages 0-4 years;7/2023;Count;218
"-Syndrome data are inherently non-specific and not based on diagnostic testing. While the New York City syndromic surveillance system captures 100% of all emergency department(ED) visits in the city (as of 5/1/16, 99% prior to that), the data are not comprehensive as only aproportion of residents seek care in emergency departments. Therefore the data are not exact measures of morbidity.
-Data for the most recent two weeks are not final and are subject to change.";Asthma;Citywide;Citywide;Age Group;Ages 0-4 years;8/2023;Count;198
"-Syndrome data are inherently non-specific and not based on diagnostic testing. While the New York City syndromic surveillance system captures 100% of all emergency department(ED) visits in the city (as of 5/1/16, 99% prior to that), the data are not comprehensive as only aproportion of residents seek care in emergency departments. Therefore the data are not exact measures of morbidity.
-Data for the most recent two weeks are not final and are subject to change.";Asthma;Citywide;Citywide;Age Group;Ages 0-4 years;9/2023;Count;438
"-Syndrome data are inherently non-specific and not based on diagnostic testing. While the New York City syndromic surveillance system captures 100% of all emergency department(ED) visits in the city (as of 5/1/16, 99% prior to that), the data are not comprehensive as only aproportion of residents seek care in emergency departments. Therefore the data are not exact measures of morbidity.
-Data for the most recent two weeks are not final and are subject to change.";Asthma;Citywide;Citywide;Age Group;Ages 0-4 years;10/2023;Count;504
"-Syndrome data are inherently non-specific and not based on diagnostic testing. While the New York City syndromic surveillance system captures 100% of all emergency department(ED) visits in the city (as of 5/1/16, 99% prior to that), the data are not comprehensive as only aproportion of residents seek care in emergency departments. Therefore the data are not exact measures of morbidity.
-Data for the most recent two weeks are not final and are subject to change.";Asthma;Citywide;Citywide;Age Group;Ages 0-4 years;11/2023;Count;434
"-Syndrome data are inherently non-specific and not based on diagnostic testing. While the New York City syndromic surveillance system captures 100% of all emergency department(ED) visits in the city (as of 5/1/16, 99% prior to that), the data are not comprehensive as only aproportion of residents seek care in emergency departments. Therefore the data are not exact measures of morbidity.
-Data for the most recent two weeks are not final and are subject to change.";Asthma;Citywide;Citywide;Age Group;Ages 0-4 years;12/2023;Count;303
"-Syndrome data are inherently non-specific and not based on diagnostic testing. While the New York City syndromic surveillance system captures 100% of all emergency department(ED) visits in the city (as of 5/1/16, 99% prior to that), the data are not comprehensive as only aproportion of residents seek care in emergency departments. Therefore the data are not exact measures of morbidity.
-Data for the most recent two weeks are not final and are subject to change.";Asthma;Citywide;Citywide;Age Group;Ages 0-4 years;1/2024;Count;224
"-Syndrome data are inherently non-specific and not based on diagnostic testing. While the New York City syndromic surveillance system captures 100% of all emergency department(ED) visits in the city (as of 5/1/16, 99% prior to that), the data are not comprehensive as only aproportion of residents seek care in emergency departments. Therefore the data are not exact measures of morbidity.
-Data for the most recent two weeks are not final and are subject to change.";Asthma;Citywide;Citywide;Age Group;Ages 0-4 years;2/2024;Count;265
"-Syndrome data are inherently non-specific and not based on diagnostic testing. While the New York City syndromic surveillance system captures 100% of all emergency department(ED) visits in the city (as of 5/1/16, 99% prior to that), the data are not comprehensive as only aproportion of residents seek care in emergency departments. Therefore the data are not exact measures of morbidity.
-Data for the most recent two weeks are not final and are subject to change.";Asthma;Citywide;Citywide;Age Group;Ages 0-4 years;3/2024;Count;359
"-Syndrome data are inherently non-specific and not based on diagnostic testing. While the New York City syndromic surveillance system captures 100% of all emergency department(ED) visits in the city (as of 5/1/16, 99% prior to that), the data are not comprehensive as only aproportion of residents seek care in emergency departments. Therefore the data are not exact measures of morbidity.
-Data for the most recent two weeks are not final and are subject to change.";Asthma;Citywide;Citywide;Age Group;Ages 0-4 years;4/2024;Count;334
"-Syndrome data are inherently non-specific and not based on diagnostic testing. While the New York City syndromic surveillance system captures 100% of all emergency department(ED) visits in the city (as of 5/1/16, 99% prior to that), the data are not comprehensive as only aproportion of residents seek care in emergency departments. Therefore the data are not exact measures of morbidity.
-Data for the most recent two weeks are not final and are subject to change.";Asthma;Citywide;Citywide;Age Group;Ages 0-4 years;5/2024;Count;435
"-Syndrome data are inherently non-specific and not based on diagnostic testing. While the New York City syndromic surveillance system captures 100% of all emergency department(ED) visits in the city (as of 5/1/16, 99% prior to that), the data are not comprehensive as only aproportion of residents seek care in emergency departments. Therefore the data are not exact measures of morbidity.
-Data for the most recent two weeks are not final and are subject to change.";Asthma;Citywide;Citywide;Age Group;Ages 0-4 years;6/2024;Count;233
"-Syndrome data are inherently non-specific and not based on diagnostic testing. While the New York City syndromic surveillance system captures 100% of all emergency department(ED) visits in the city (as of 5/1/16, 99% prior to that), the data are not comprehensive as only aproportion of residents seek care in emergency departments. Therefore the data are not exact measures of morbidity.
-Data for the most recent two weeks are not final and are subject to change.";Asthma;Citywide;Citywide;Age Group;Ages 0-4 years;7/2024;Count;175
"-Syndrome data are inherently non-specific and not based on diagnostic testing. While the New York City syndromic surveillance system captures 100% of all emergency department(ED) visits in the city (as of 5/1/16, 99% prior to that), the data are not comprehensive as only aproportion of residents seek care in emergency departments. Therefore the data are not exact measures of morbidity.
-Data for the most recent two weeks are not final and are subject to change.";Asthma;Citywide;Citywide;Age Group;Ages 0-4 years;8/2024;Count;202
"-Syndrome data are inherently non-specific and not based on diagnostic testing. While the New York City syndromic surveillance system captures 100% of all emergency department(ED) visits in the city (as of 5/1/16, 99% prior to that), the data are not comprehensive as only aproportion of residents seek care in emergency departments. Therefore the data are not exact measures of morbidity.
-Data for the most recent two weeks are not final and are subject to change.";Asthma;Citywide;Citywide;Age Group;Ages 0-4 years;9/2024;Count;448
"-Syndrome data are inherently non-specific and not based on diagnostic testing. While the New York City syndromic surveillance system captures 100% of all emergency department(ED) visits in the city (as of 5/1/16, 99% prior to that), the data are not comprehensive as only aproportion of residents seek care in emergency departments. Therefore the data are not exact measures of morbidity.
-Data for the most recent two weeks are not final and are subject to change.";Asthma;Citywide;Citywide;Age Group;Ages 0-4 years;10/2024;Count;391
"-Syndrome data are inherently non-specific and not based on diagnostic testing. While the New York City syndromic surveillance system captures 100% of all emergency department(ED) visits in the city (as of 5/1/16, 99% prior to that), the data are not comprehensive as only aproportion of residents seek care in emergency departments. Therefore the data are not exact measures of morbidity.
-Data for the most recent two weeks are not final and are subject to change.";Asthma;Citywide;Citywide;Age Group;Ages 0-4 years;11/2024;Count;391
"-Syndrome data are inherently non-specific and not based on diagnostic testing. While the New York City syndromic surveillance system captures 100% of all emergency department(ED) visits in the city (as of 5/1/16, 99% prior to that), the data are not comprehensive as only aproportion of residents seek care in emergency departments. Therefore the data are not exact measures of morbidity.
-Data for the most recent two weeks are not final and are subject to change.";Asthma;Citywide;Citywide;Age Group;Ages 0-4 years;12/2024;Count;325
"-Syndrome data are inherently non-specific and not based on diagnostic testing. While the New York City syndromic surveillance system captures 100% of all emergency department(ED) visits in the city (as of 5/1/16, 99% prior to that), the data are not comprehensive as only aproportion of residents seek care in emergency departments. Therefore the data are not exact measures of morbidity.
-Data for the most recent two weeks are not final and are subject to change.";Asthma;Citywide;Citywide;Age Group;Ages 0-4 years;1/2025;Count;208
"-Syndrome data are inherently non-specific and not based on diagnostic testing. While the New York City syndromic surveillance system captures 100% of all emergency department(ED) visits in the city (as of 5/1/16, 99% prior to that), the data are not comprehensive as only aproportion of residents seek care in emergency departments. Therefore the data are not exact measures of morbidity.
-Data for the most recent two weeks are not final and are subject to change.";Asthma;Citywide;Citywide;Age Group;Ages 0-4 years;2/2025;Count;217
"-Syndrome data are inherently non-specific and not based on diagnostic testing. While the New York City syndromic surveillance system captures 100% of all emergency department(ED) visits in the city (as of 5/1/16, 99% prior to that), the data are not comprehensive as only aproportion of residents seek care in emergency departments. Therefore the data are not exact measures of morbidity.
-Data for the most recent two weeks are not final and are subject to change.";Asthma;Citywide;Citywide;Age Group;Ages 0-4 years;3/2025;Count;403
"-Syndrome data are inherently non-specific and not based on diagnostic testing. While the New York City syndromic surveillance system captures 100% of all emergency department(ED) visits in the city (as of 5/1/16, 99% prior to that), the data are not comprehensive as only aproportion of residents seek care in emergency departments. Therefore the data are not exact measures of morbidity.
-Data for the most recent two weeks are not final and are subject to change.";Asthma;Citywide;Citywide;Age Group;Ages 0-4 years;4/2025;Count;319
"-Syndrome data are inherently non-specific and not based on diagnostic testing. While the New York City syndromic surveillance system captures 100% of all emergency department(ED) visits in the city (as of 5/1/16, 99% prior to that), the data are not comprehensive as only aproportion of residents seek care in emergency departments. Therefore the data are not exact measures of morbidity.
-Data for the most recent two weeks are not final and are subject to change.";Asthma;Citywide;Citywide;Age Group;Ages 0-4 years;5/2025;Count;320
"-Syndrome data are inherently non-specific and not based on diagnostic testing. While the New York City syndromic surveillance system captures 100% of all emergency department(ED) visits in the city (as of 5/1/16, 99% prior to that), the data are not comprehensive as only aproportion of residents seek care in emergency departments. Therefore the data are not exact measures of morbidity.
-Data for the most recent two weeks are not final and are subject to change.";Asthma;Citywide;Citywide;Age Group;Ages 0-4 years;6/2025;Count;224
"-Syndrome data are inherently non-specific and not based on diagnostic testing. While the New York City syndromic surveillance system captures 100% of all emergency department(ED) visits in the city (as of 5/1/16, 99% prior to that), the data are not comprehensive as only aproportion of residents seek care in emergency departments. Therefore the data are not exact measures of morbidity.
-Data for the most recent two weeks are not final and are subject to change.";Asthma;Citywide;Citywide;Age Group;Ages 0-4 years;7/2025;Count;138
"-Syndrome data are inherently non-specific and not based on diagnostic testing. While the New York City syndromic surveillance system captures 100% of all emergency department(ED) visits in the city (as of 5/1/16, 99% prior to that), the data are not comprehensive as only aproportion of residents seek care in emergency departments. Therefore the data are not exact measures of morbidity.
-Data for the most recent two weeks are not final and are subject to change.";Asthma;Citywide;Citywide;Age Group;Ages 0-4 years;8/2025;Count;170
"-Syndrome data are inherently non-specific and not based on diagnostic testing. While the New York City syndromic surveillance system captures 100% of all emergency department(ED) visits in the city (as of 5/1/16, 99% prior to that), the data are not comprehensive as only aproportion of residents seek care in emergency departments. Therefore the data are not exact measures of morbidity.
-Data for the most recent two weeks are not final and are subject to change.";Asthma;Citywide;Citywide;Age Group;Ages 0-4 years;9/2025;Count;389
"-Syndrome data are inherently non-specific and not based on diagnostic testing. While the New York City syndromic surveillance system captures 100% of all emergency department(ED) visits in the city (as of 5/1/16, 99% prior to that), the data are not comprehensive as only aproportion of residents seek care in emergency departments. Therefore the data are not exact measures of morbidity.
-Data for the most recent two weeks are not final and are subject to change.";Asthma;Citywide;Citywide;Age Group;Ages 0-4 years;10/2025;Count;370
"-Syndrome data are inherently non-specific and not based on diagnostic testing. While the New York City syndromic surveillance system captures 100% of all emergency department(ED) visits in the city (as of 5/1/16, 99% prior to that), the data are not comprehensive as only aproportion of residents seek care in emergency departments. Therefore the data are not exact measures of morbidity.
-Data for the most recent two weeks are not final and are subject to change.";Asthma;Citywide;Citywide;Age Group;Ages 0-4 years;11/2025;Count;11
"-Syndrome data are inherently non-specific and not based on diagnostic testing. While the New York City syndromic surveillance system captures 100% of all emergency department(ED) visits in the city (as of 5/1/16, 99% prior to that), the data are not comprehensive as only aproportion of residents seek care in emergency departments. Therefore the data are not exact measures of morbidity.
-Data for the most recent two weeks are not final and are subject to change.";Asthma;Citywide;Citywide;Age Group;Ages 5-17 years;3/2022;Count;1,033
"-Syndrome data are inherently non-specific and not based on diagnostic testing. While the New York City syndromic surveillance system captures 100% of all emergency department(ED) visits in the city (as of 5/1/16, 99% prior to that), the data are not comprehensive as only aproportion of residents seek care in emergency departments. Therefore the data are not exact measures of morbidity.
-Data for the most recent two weeks are not final and are subject to change.";Asthma;Citywide;Citywide;Age Group;Ages 5-17 years;4/2022;Count;739
"-Syndrome data are inherently non-specific and not based on diagnostic testing. While the New York City syndromic surveillance system captures 100% of all emergency department(ED) visits in the city (as of 5/1/16, 99% prior to that), the data are not comprehensive as only aproportion of residents seek care in emergency departments. Therefore the data are not exact measures of morbidity.
-Data for the most recent two weeks are not final and are subject to change.";Asthma;Citywide;Citywide;Age Group;Ages 5-17 years;5/2022;Count;1,229
"-Syndrome data are inherently non-specific and not based on diagnostic testing. While the New York City syndromic surveillance system captures 100% of all emergency department(ED) visits in the city (as of 5/1/16, 99% prior to that), the data are not comprehensive as only aproportion of residents seek care in emergency departments. Therefore the data are not exact measures of morbidity.
-Data for the most recent two weeks are not final and are subject to change.";Asthma;Citywide;Citywide;Age Group;Ages 5-17 years;6/2022;Count;633
"-Syndrome data are inherently non-specific and not based on diagnostic testing. While the New York City syndromic surveillance system captures 100% of all emergency department(ED) visits in the city (as of 5/1/16, 99% prior to that), the data are not comprehensive as only aproportion of residents seek care in emergency departments. Therefore the data are not exact measures of morbidity.
-Data for the most recent two weeks are not final and are subject to change.";Asthma;Citywide;Citywide;Age Group;Ages 5-17 years;7/2022;Count;436
"-Syndrome data are inherently non-specific and not based on diagnostic testing. While the New York City syndromic surveillance system captures 100% of all emergency department(ED) visits in the city (as of 5/1/16, 99% prior to that), the data are not comprehensive as only aproportion of residents seek care in emergency departments. Therefore the data are not exact measures of morbidity.
-Data for the most recent two weeks are not final and are subject to change.";Asthma;Citywide;Citywide;Age Group;Ages 5-17 years;8/2022;Count;470
"-Syndrome data are inherently non-specific and not based on diagnostic testing. While the New York City syndromic surveillance system captures 100% of all emergency department(ED) visits in the city (as of 5/1/16, 99% prior to that), the data are not comprehensive as only aproportion of residents seek care in emergency departments. Therefore the data are not exact measures of morbidity.
-Data for the most recent two weeks are not final and are subject to change.";Asthma;Citywide;Citywide;Age Group;Ages 5-17 years;9/2022;Count;1,363
"-Syndrome data are inherently non-specific and not based on diagnostic testing. While the New York City syndromic surveillance system captures 100% of all emergency department(ED) visits in the city (as of 5/1/16, 99% prior to that), the data are not comprehensive as only aproportion of residents seek care in emergency departments. Therefore the data are not exact measures of morbidity.
-Data for the most recent two weeks are not final and are subject to change.";Asthma;Citywide;Citywide;Age Group;Ages 5-17 years;10/2022;Count;1,235
"-Syndrome data are inherently non-specific and not based on diagnostic testing. While the New York City syndromic surveillance system captures 100% of all emergency department(ED) visits in the city (as of 5/1/16, 99% prior to that), the data are not comprehensive as only aproportion of residents seek care in emergency departments. Therefore the data are not exact measures of morbidity.
-Data for the most recent two weeks are not final and are subject to change.";Asthma;Citywide;Citywide;Age Group;Ages 5-17 years;11/2022;Count;964
"-Syndrome data are inherently non-specific and not based on diagnostic testing. While the New York City syndromic surveillance system captures 100% of all emergency department(ED) visits in the city (as of 5/1/16, 99% prior to that), the data are not comprehensive as only aproportion of residents seek care in emergency departments. Therefore the data are not exact measures of morbidity.
-Data for the most recent two weeks are not final and are subject to change.";Asthma;Citywide;Citywide;Age Group;Ages 5-17 years;12/2022;Count;672
"-Syndrome data are inherently non-specific and not based on diagnostic testing. While the New York City syndromic surveillance system captures 100% of all emergency department(ED) visits in the city (as of 5/1/16, 99% prior to that), the data are not comprehensive as only aproportion of residents seek care in emergency departments. Therefore the data are not exact measures of morbidity.
-Data for the most recent two weeks are not final and are subject to change.";Asthma;Citywide;Citywide;Age Group;Ages 5-17 years;1/2023;Count;881
"-Syndrome data are inherently non-specific and not based on diagnostic testing. While the New York City syndromic surveillance system captures 100% of all emergency department(ED) visits in the city (as of 5/1/16, 99% prior to that), the data are not comprehensive as only aproportion of residents seek care in emergency departments. Therefore the data are not exact measures of morbidity.
-Data for the most recent two weeks are not final and are subject to change.";Asthma;Citywide;Citywide;Age Group;Ages 5-17 years;2/2023;Count;956
"-Syndrome data are inherently non-specific and not based on diagnostic testing. While the New York City syndromic surveillance system captures 100% of all emergency department(ED) visits in the city (as of 5/1/16, 99% prior to that), the data are not comprehensive as only aproportion of residents seek care in emergency departments. Therefore the data are not exact measures of morbidity.
-Data for the most recent two weeks are not final and are subject to change.";Asthma;Citywide;Citywide;Age Group;Ages 5-17 years;3/2023;Count;1,095
"-Syndrome data are inherently non-specific and not based on diagnostic testing. While the New York City syndromic surveillance system captures 100% of all emergency department(ED) visits in the city (as of 5/1/16, 99% prior to that), the data are not comprehensive as only aproportion of residents seek care in emergency departments. Therefore the data are not exact measures of morbidity.
-Data for the most recent two weeks are not final and are subject to change.";Asthma;Citywide;Citywide;Age Group;Ages 5-17 years;4/2023;Count;1,151
"-Syndrome data are inherently non-specific and not based on diagnostic testing. While the New York City syndromic surveillance system captures 100% of all emergency department(ED) visits in the city (as of 5/1/16, 99% prior to that), the data are not comprehensive as only aproportion of residents seek care in emergency departments. Therefore the data are not exact measures of morbidity.
-Data for the most recent two weeks are not final and are subject to change.";Asthma;Citywide;Citywide;Age Group;Ages 5-17 years;5/2023;Count;1,155
"-Syndrome data are inherently non-specific and not based on diagnostic testing. While the New York City syndromic surveillance system captures 100% of all emergency department(ED) visits in the city (as of 5/1/16, 99% prior to that), the data are not comprehensive as only aproportion of residents seek care in emergency departments. Therefore the data are not exact measures of morbidity.
-Data for the most recent two weeks are not final and are subject to change.";Asthma;Citywide;Citywide;Age Group;Ages 5-17 years;6/2023;Count;679
"-Syndrome data are inherently non-specific and not based on diagnostic testing. While the New York City syndromic surveillance system captures 100% of all emergency department(ED) visits in the city (as of 5/1/16, 99% prior to that), the data are not comprehensive as only aproportion of residents seek care in emergency departments. Therefore the data are not exact measures of morbidity.
-Data for the most recent two weeks are not final and are subject to change.";Asthma;Citywide;Citywide;Age Group;Ages 5-17 years;7/2023;Count;448
"-Syndrome data are inherently non-specific and not based on diagnostic testing. While the New York City syndromic surveillance system captures 100% of all emergency department(ED) visits in the city (as of 5/1/16, 99% prior to that), the data are not comprehensive as only aproportion of residents seek care in emergency departments. Therefore the data are not exact measures of morbidity.
-Data for the most recent two weeks are not final and are subject to change.";Asthma;Citywide;Citywide;Age Group;Ages 5-17 years;8/2023;Count;474
"-Syndrome data are inherently non-specific and not based on diagnostic testing. While the New York City syndromic surveillance system captures 100% of all emergency department(ED) visits in the city (as of 5/1/16, 99% prior to that), the data are not comprehensive as only aproportion of residents seek care in emergency departments. Therefore the data are not exact measures of morbidity.
-Data for the most recent two weeks are not final and are subject to change.";Asthma;Citywide;Citywide;Age Group;Ages 5-17 years;9/2023;Count;981
"-Syndrome data are inherently non-specific and not based on diagnostic testing. While the New York City syndromic surveillance system captures 100% of all emergency department(ED) visits in the city (as of 5/1/16, 99% prior to that), the data are not comprehensive as only aproportion of residents seek care in emergency departments. Therefore the data are not exact measures of morbidity.
-Data for the most recent two weeks are not final and are subject to change.";Asthma;Citywide;Citywide;Age Group;Ages 5-17 years;10/2023;Count;1,094
"-Syndrome data are inherently non-specific and not based on diagnostic testing. While the New York City syndromic surveillance system captures 100% of all emergency department(ED) visits in the city (as of 5/1/16, 99% prior to that), the data are not comprehensive as only aproportion of residents seek care in emergency departments. Therefore the data are not exact measures of morbidity.
-Data for the most recent two weeks are not final and are subject to change.";Asthma;Citywide;Citywide;Age Group;Ages 5-17 years;11/2023;Count;1,061
"-Syndrome data are inherently non-specific and not based on diagnostic testing. While the New York City syndromic surveillance system captures 100% of all emergency department(ED) visits in the city (as of 5/1/16, 99% prior to that), the data are not comprehensive as only aproportion of residents seek care in emergency departments. Therefore the data are not exact measures of morbidity.
-Data for the most recent two weeks are not final and are subject to change.";Asthma;Citywide;Citywide;Age Group;Ages 5-17 years;12/2023;Count;823
"-Syndrome data are inherently non-specific and not based on diagnostic testing. While the New York City syndromic surveillance system captures 100% of all emergency department(ED) visits in the city (as of 5/1/16, 99% prior to that), the data are not comprehensive as only aproportion of residents seek care in emergency departments. Therefore the data are not exact measures of morbidity.
-Data for the most recent two weeks are not final and are subject to change.";Asthma;Citywide;Citywide;Age Group;Ages 5-17 years;1/2024;Count;711
"-Syndrome data are inherently non-specific and not based on diagnostic testing. While the New York City syndromic surveillance system captures 100% of all emergency department(ED) visits in the city (as of 5/1/16, 99% prior to that), the data are not comprehensive as only aproportion of residents seek care in emergency departments. Therefore the data are not exact measures of morbidity.
-Data for the most recent two weeks are not final and are subject to change.";Asthma;Citywide;Citywide;Age Group;Ages 5-17 years;2/2024;Count;773
"-Syndrome data are inherently non-specific and not based on diagnostic testing. While the New York City syndromic surveillance system captures 100% of all emergency department(ED) visits in the city (as of 5/1/16, 99% prior to that), the data are not comprehensive as only aproportion of residents seek care in emergency departments. Therefore the data are not exact measures of morbidity.
-Data for the most recent two weeks are not final and are subject to change.";Asthma;Citywide;Citywide;Age Group;Ages 5-17 years;3/2024;Count;1,002
"-Syndrome data are inherently non-specific and not based on diagnostic testing. While the New York City syndromic surveillance system captures 100% of all emergency department(ED) visits in the city (as of 5/1/16, 99% prior to that), the data are not comprehensive as only aproportion of residents seek care in emergency departments. Therefore the data are not exact measures of morbidity.
-Data for the most recent two weeks are not final and are subject to change.";Asthma;Citywide;Citywide;Age Group;Ages 5-17 years;4/2024;Count;916
"-Syndrome data are inherently non-specific and not based on diagnostic testing. While the New York City syndromic surveillance system captures 100% of all emergency department(ED) visits in the city (as of 5/1/16, 99% prior to that), the data are not comprehensive as only aproportion of residents seek care in emergency departments. Therefore the data are not exact measures of morbidity.
-Data for the most recent two weeks are not final and are subject to change.";Asthma;Citywide;Citywide;Age Group;Ages 5-17 years;5/2024;Count;1,236
"-Syndrome data are inherently non-specific and not based on diagnostic testing. While the New York City syndromic surveillance system captures 100% of all emergency department(ED) visits in the city (as of 5/1/16, 99% prior to that), the data are not comprehensive as only aproportion of residents seek care in emergency departments. Therefore the data are not exact measures of morbidity.
-Data for the most recent two weeks are not final and are subject to change.";Asthma;Citywide;Citywide;Age Group;Ages 5-17 years;6/2024;Count;601
"-Syndrome data are inherently non-specific and not based on diagnostic testing. While the New York City syndromic surveillance system captures 100% of all emergency department(ED) visits in the city (as of 5/1/16, 99% prior to that), the data are not comprehensive as only aproportion of residents seek care in emergency departments. Therefore the data are not exact measures of morbidity.
-Data for the most recent two weeks are not final and are subject to change.";Asthma;Citywide;Citywide;Age Group;Ages 5-17 years;7/2024;Count;407
"-Syndrome data are inherently non-specific and not based on diagnostic testing. While the New York City syndromic surveillance system captures 100% of all emergency department(ED) visits in the city (as of 5/1/16, 99% prior to that), the data are not comprehensive as only aproportion of residents seek care in emergency departments. Therefore the data are not exact measures of morbidity.
-Data for the most recent two weeks are not final and are subject to change.";Asthma;Citywide;Citywide;Age Group;Ages 5-17 years;8/2024;Count;514
"-Syndrome data are inherently non-specific and not based on diagnostic testing. While the New York City syndromic surveillance system captures 100% of all emergency department(ED) visits in the city (as of 5/1/16, 99% prior to that), the data are not comprehensive as only aproportion of residents seek care in emergency departments. Therefore the data are not exact measures of morbidity.
-Data for the most recent two weeks are not final and are subject to change.";Asthma;Citywide;Citywide;Age Group;Ages 5-17 years;9/2024;Count;1,191
"-Syndrome data are inherently non-specific and not based on diagnostic testing. While the New York City syndromic surveillance system captures 100% of all emergency department(ED) visits in the city (as of 5/1/16, 99% prior to that), the data are not comprehensive as only aproportion of residents seek care in emergency departments. Therefore the data are not exact measures of morbidity.
-Data for the most recent two weeks are not final and are subject to change.";Asthma;Citywide;Citywide;Age Group;Ages 5-17 years;10/2024;Count;1,078
"-Syndrome data are inherently non-specific and not based on diagnostic testing. While the New York City syndromic surveillance system captures 100% of all emergency department(ED) visits in the city (as of 5/1/16, 99% prior to that), the data are not comprehensive as only aproportion of residents seek care in emergency departments. Therefore the data are not exact measures of morbidity.
-Data for the most recent two weeks are not final and are subject to change.";Asthma;Citywide;Citywide;Age Group;Ages 5-17 years;11/2024;Count;990
"-Syndrome data are inherently non-specific and not based on diagnostic testing. While the New York City syndromic surveillance system captures 100% of all emergency department(ED) visits in the city (as of 5/1/16, 99% prior to that), the data are not comprehensive as only aproportion of residents seek care in emergency departments. Therefore the data are not exact measures of morbidity.
-Data for the most recent two weeks are not final and are subject to change.";Asthma;Citywide;Citywide;Age Group;Ages 5-17 years;12/2024;Count;836
"-Syndrome data are inherently non-specific and not based on diagnostic testing. While the New York City syndromic surveillance system captures 100% of all emergency department(ED) visits in the city (as of 5/1/16, 99% prior to that), the data are not comprehensive as only aproportion of residents seek care in emergency departments. Therefore the data are not exact measures of morbidity.
-Data for the most recent two weeks are not final and are subject to change.";Asthma;Citywide;Citywide;Age Group;Ages 5-17 years;1/2025;Count;674
"-Syndrome data are inherently non-specific and not based on diagnostic testing. While the New York City syndromic surveillance system captures 100% of all emergency department(ED) visits in the city (as of 5/1/16, 99% prior to that), the data are not comprehensive as only aproportion of residents seek care in emergency departments. Therefore the data are not exact measures of morbidity.
-Data for the most recent two weeks are not final and are subject to change.";Asthma;Citywide;Citywide;Age Group;Ages 5-17 years;2/2025;Count;575
"-Syndrome data are inherently non-specific and not based on diagnostic testing. While the New York City syndromic surveillance system captures 100% of all emergency department(ED) visits in the city (as of 5/1/16, 99% prior to that), the data are not comprehensive as only aproportion of residents seek care in emergency departments. Therefore the data are not exact measures of morbidity.
-Data for the most recent two weeks are not final and are subject to change.";Asthma;Citywide;Citywide;Age Group;Ages 5-17 years;3/2025;Count;1,047
"-Syndrome data are inherently non-specific and not based on diagnostic testing. While the New York City syndromic surveillance system captures 100% of all emergency department(ED) visits in the city (as of 5/1/16, 99% prior to that), the data are not comprehensive as only aproportion of residents seek care in emergency departments. Therefore the data are not exact measures of morbidity.
-Data for the most recent two weeks are not final and are subject to change.";Asthma;Citywide;Citywide;Age Group;Ages 5-17 years;4/2025;Count;1,102
"-Syndrome data are inherently non-specific and not based on diagnostic testing. While the New York City syndromic surveillance system captures 100% of all emergency department(ED) visits in the city (as of 5/1/16, 99% prior to that), the data are not comprehensive as only aproportion of residents seek care in emergency departments. Therefore the data are not exact measures of morbidity.
-Data for the most recent two weeks are not final and are subject to change.";Asthma;Citywide;Citywide;Age Group;Ages 5-17 years;5/2025;Count;1,249
"-Syndrome data are inherently non-specific and not based on diagnostic testing. While the New York City syndromic surveillance system captures 100% of all emergency department(ED) visits in the city (as of 5/1/16, 99% prior to that), the data are not comprehensive as only aproportion of residents seek care in emergency departments. Therefore the data are not exact measures of morbidity.
-Data for the most recent two weeks are not final and are subject to change.";Asthma;Citywide;Citywide;Age Group;Ages 5-17 years;6/2025;Count;610
"-Syndrome data are inherently non-specific and not based on diagnostic testing. While the New York City syndromic surveillance system captures 100% of all emergency department(ED) visits in the city (as of 5/1/16, 99% prior to that), the data are not comprehensive as only aproportion of residents seek care in emergency departments. Therefore the data are not exact measures of morbidity.
-Data for the most recent two weeks are not final and are subject to change.";Asthma;Citywide;Citywide;Age Group;Ages 5-17 years;7/2025;Count;409
"-Syndrome data are inherently non-specific and not based on diagnostic testing. While the New York City syndromic surveillance system captures 100% of all emergency department(ED) visits in the city (as of 5/1/16, 99% prior to that), the data are not comprehensive as only aproportion of residents seek care in emergency departments. Therefore the data are not exact measures of morbidity.
-Data for the most recent two weeks are not final and are subject to change.";Asthma;Citywide;Citywide;Age Group;Ages 5-17 years;8/2025;Count;497
"-Syndrome data are inherently non-specific and not based on diagnostic testing. While the New York City syndromic surveillance system captures 100% of all emergency department(ED) visits in the city (as of 5/1/16, 99% prior to that), the data are not comprehensive as only aproportion of residents seek care in emergency departments. Therefore the data are not exact measures of morbidity.
-Data for the most recent two weeks are not final and are subject to change.";Asthma;Citywide;Citywide;Age Group;Ages 5-17 years;9/2025;Count;1,075
"-Syndrome data are inherently non-specific and not based on diagnostic testing. While the New York City syndromic surveillance system captures 100% of all emergency department(ED) visits in the city (as of 5/1/16, 99% prior to that), the data are not comprehensive as only aproportion of residents seek care in emergency departments. Therefore the data are not exact measures of morbidity.
-Data for the most recent two weeks are not final and are subject to change.";Asthma;Citywide;Citywide;Age Group;Ages 5-17 years;10/2025;Count;945
"-Syndrome data are inherently non-specific and not based on diagnostic testing. While the New York City syndromic surveillance system captures 100% of all emergency department(ED) visits in the city (as of 5/1/16, 99% prior to that), the data are not comprehensive as only aproportion of residents seek care in emergency departments. Therefore the data are not exact measures of morbidity.
-Data for the most recent two weeks are not final and are subject to change.";Asthma;Citywide;Citywide;Age Group;Ages 5-17 years;11/2025;Count;22
"-Syndrome data are inherently non-specific and not based on diagnostic testing. While the New York City syndromic surveillance system captures 100% of all emergency department(ED) visits in the city (as of 5/1/16, 99% prior to that), the data are not comprehensive as only aproportion of residents seek care in emergency departments. Therefore the data are not exact measures of morbidity.
-Data for the most recent two weeks are not final and are subject to change.";Asthma;Citywide;Citywide;Age Group;Ages 18-64 years;3/2022;Count;3,529
"-Syndrome data are inherently non-specific and not based on diagnostic testing. While the New York City syndromic surveillance system captures 100% of all emergency department(ED) visits in the city (as of 5/1/16, 99% prior to that), the data are not comprehensive as only aproportion of residents seek care in emergency departments. Therefore the data are not exact measures of morbidity.
-Data for the most recent two weeks are not final and are subject to change.";Asthma;Citywide;Citywide;Age Group;Ages 18-64 years;4/2022;Count;3,421
"-Syndrome data are inherently non-specific and not based on diagnostic testing. While the New York City syndromic surveillance system captures 100% of all emergency department(ED) visits in the city (as of 5/1/16, 99% prior to that), the data are not comprehensive as only aproportion of residents seek care in emergency departments. Therefore the data are not exact measures of morbidity.
-Data for the most recent two weeks are not final and are subject to change.";Asthma;Citywide;Citywide;Age Group;Ages 18-64 years;5/2022;Count;4,437
"-Syndrome data are inherently non-specific and not based on diagnostic testing. While the New York City syndromic surveillance system captures 100% of all emergency department(ED) visits in the city (as of 5/1/16, 99% prior to that), the data are not comprehensive as only aproportion of residents seek care in emergency departments. Therefore the data are not exact measures of morbidity.
-Data for the most recent two weeks are not final and are subject to change.";Asthma;Citywide;Citywide;Age Group;Ages 18-64 years;6/2022;Count;3,299
"-Syndrome data are inherently non-specific and not based on diagnostic testing. While the New York City syndromic surveillance system captures 100% of all emergency department(ED) visits in the city (as of 5/1/16, 99% prior to that), the data are not comprehensive as only aproportion of residents seek care in emergency departments. Therefore the data are not exact measures of morbidity.
-Data for the most recent two weeks are not final and are subject to change.";Asthma;Citywide;Citywide;Age Group;Ages 18-64 years;7/2022;Count;3,007
"-Syndrome data are inherently non-specific and not based on diagnostic testing. While the New York City syndromic surveillance system captures 100% of all emergency department(ED) visits in the city (as of 5/1/16, 99% prior to that), the data are not comprehensive as only aproportion of residents seek care in emergency departments. Therefore the data are not exact measures of morbidity.
-Data for the most recent two weeks are not final and are subject to change.";Asthma;Citywide;Citywide;Age Group;Ages 18-64 years;8/2022;Count;2,995
"-Syndrome data are inherently non-specific and not based on diagnostic testing. While the New York City syndromic surveillance system captures 100% of all emergency department(ED) visits in the city (as of 5/1/16, 99% prior to that), the data are not comprehensive as only aproportion of residents seek care in emergency departments. Therefore the data are not exact measures of morbidity.
-Data for the most recent two weeks are not final and are subject to change.";Asthma;Citywide;Citywide;Age Group;Ages 18-64 years;9/2022;Count;3,367
"-Syndrome data are inherently non-specific and not based on diagnostic testing. While the New York City syndromic surveillance system captures 100% of all emergency department(ED) visits in the city (as of 5/1/16, 99% prior to that), the data are not comprehensive as only aproportion of residents seek care in emergency departments. Therefore the data are not exact measures of morbidity.
-Data for the most recent two weeks are not final and are subject to change.";Asthma;Citywide;Citywide;Age Group;Ages 18-64 years;10/2022;Count;4,176
"-Syndrome data are inherently non-specific and not based on diagnostic testing. While the New York City syndromic surveillance system captures 100% of all emergency department(ED) visits in the city (as of 5/1/16, 99% prior to that), the data are not comprehensive as only aproportion of residents seek care in emergency departments. Therefore the data are not exact measures of morbidity.
-Data for the most recent two weeks are not final and are subject to change.";Asthma;Citywide;Citywide;Age Group;Ages 18-64 years;11/2022;Count;4,034
"-Syndrome data are inherently non-specific and not based on diagnostic testing. While the New York City syndromic surveillance system captures 100% of all emergency department(ED) visits in the city (as of 5/1/16, 99% prior to that), the data are not comprehensive as only aproportion of residents seek care in emergency departments. Therefore the data are not exact measures of morbidity.
-Data for the most recent two weeks are not final and are subject to change.";Asthma;Citywide;Citywide;Age Group;Ages 18-64 years;12/2022;Count;3,302
"-Syndrome data are inherently non-specific and not based on diagnostic testing. While the New York City syndromic surveillance system captures 100% of all emergency department(ED) visits in the city (as of 5/1/16, 99% prior to that), the data are not comprehensive as only aproportion of residents seek care in emergency departments. Therefore the data are not exact measures of morbidity.
-Data for the most recent two weeks are not final and are subject to change.";Asthma;Citywide;Citywide;Age Group;Ages 18-64 years;1/2023;Count;3,406
"-Syndrome data are inherently non-specific and not based on diagnostic testing. While the New York City syndromic surveillance system captures 100% of all emergency department(ED) visits in the city (as of 5/1/16, 99% prior to that), the data are not comprehensive as only aproportion of residents seek care in emergency departments. Therefore the data are not exact measures of morbidity.
-Data for the most recent two weeks are not final and are subject to change.";Asthma;Citywide;Citywide;Age Group;Ages 18-64 years;2/2023;Count;3,326
"-Syndrome data are inherently non-specific and not based on diagnostic testing. While the New York City syndromic surveillance system captures 100% of all emergency department(ED) visits in the city (as of 5/1/16, 99% prior to that), the data are not comprehensive as only aproportion of residents seek care in emergency departments. Therefore the data are not exact measures of morbidity.
-Data for the most recent two weeks are not final and are subject to change.";Asthma;Citywide;Citywide;Age Group;Ages 18-64 years;3/2023;Count;3,570
"-Syndrome data are inherently non-specific and not based on diagnostic testing. While the New York City syndromic surveillance system captures 100% of all emergency department(ED) visits in the city (as of 5/1/16, 99% prior to that), the data are not comprehensive as only aproportion of residents seek care in emergency departments. Therefore the data are not exact measures of morbidity.
-Data for the most recent two weeks are not final and are subject to change.";Asthma;Citywide;Citywide;Age Group;Ages 18-64 years;4/2023;Count;4,022
"-Syndrome data are inherently non-specific and not based on diagnostic testing. While the New York City syndromic surveillance system captures 100% of all emergency department(ED) visits in the city (as of 5/1/16, 99% prior to that), the data are not comprehensive as only aproportion of residents seek care in emergency departments. Therefore the data are not exact measures of morbidity.
-Data for the most recent two weeks are not final and are subject to change.";Asthma;Citywide;Citywide;Age Group;Ages 18-64 years;5/2023;Count;3,736
"-Syndrome data are inherently non-specific and not based on diagnostic testing. While the New York City syndromic surveillance system captures 100% of all emergency department(ED) visits in the city (as of 5/1/16, 99% prior to that), the data are not comprehensive as only aproportion of residents seek care in emergency departments. Therefore the data are not exact measures of morbidity.
-Data for the most recent two weeks are not final and are subject to change.";Asthma;Citywide;Citywide;Age Group;Ages 18-64 years;6/2023;Count;3,652
"-Syndrome data are inherently non-specific and not based on diagnostic testing. While the New York City syndromic surveillance system captures 100% of all emergency department(ED) visits in the city (as of 5/1/16, 99% prior to that), the data are not comprehensive as only aproportion of residents seek care in emergency departments. Therefore the data are not exact measures of morbidity.
-Data for the most recent two weeks are not final and are subject to change.";Asthma;Citywide;Citywide;Age Group;Ages 18-64 years;7/2023;Count;3,169
"-Syndrome data are inherently non-specific and not based on diagnostic testing. While the New York City syndromic surveillance system captures 100% of all emergency department(ED) visits in the city (as of 5/1/16, 99% prior to that), the data are not comprehensive as only aproportion of residents seek care in emergency departments. Therefore the data are not exact measures of morbidity.
-Data for the most recent two weeks are not final and are subject to change.";Asthma;Citywide;Citywide;Age Group;Ages 18-64 years;8/2023;Count;3,130
"-Syndrome data are inherently non-specific and not based on diagnostic testing. While the New York City syndromic surveillance system captures 100% of all emergency department(ED) visits in the city (as of 5/1/16, 99% prior to that), the data are not comprehensive as only aproportion of residents seek care in emergency departments. Therefore the data are not exact measures of morbidity.
-Data for the most recent two weeks are not final and are subject to change.";Asthma;Citywide;Citywide;Age Group;Ages 18-64 years;9/2023;Count;3,490
"-Syndrome data are inherently non-specific and not based on diagnostic testing. While the New York City syndromic surveillance system captures 100% of all emergency department(ED) visits in the city (as of 5/1/16, 99% prior to that), the data are not comprehensive as only aproportion of residents seek care in emergency departments. Therefore the data are not exact measures of morbidity.
-Data for the most recent two weeks are not final and are subject to change.";Asthma;Citywide;Citywide;Age Group;Ages 18-64 years;10/2023;Count;4,005
"-Syndrome data are inherently non-specific and not based on diagnostic testing. While the New York City syndromic surveillance system captures 100% of all emergency department(ED) visits in the city (as of 5/1/16, 99% prior to that), the data are not comprehensive as only aproportion of residents seek care in emergency departments. Therefore the data are not exact measures of morbidity.
-Data for the most recent two weeks are not final and are subject to change.";Asthma;Citywide;Citywide;Age Group;Ages 18-64 years;11/2023;Count;3,818
"-Syndrome data are inherently non-specific and not based on diagnostic testing. While the New York City syndromic surveillance system captures 100% of all emergency department(ED) visits in the city (as of 5/1/16, 99% prior to that), the data are not comprehensive as only aproportion of residents seek care in emergency departments. Therefore the data are not exact measures of morbidity.
-Data for the most recent two weeks are not final and are subject to change.";Asthma;Citywide;Citywide;Age Group;Ages 18-64 years;12/2023;Count;3,738
"-Syndrome data are inherently non-specific and not based on diagnostic testing. While the New York City syndromic surveillance system captures 100% of all emergency department(ED) visits in the city (as of 5/1/16, 99% prior to that), the data are not comprehensive as only aproportion of residents seek care in emergency departments. Therefore the data are not exact measures of morbidity.
-Data for the most recent two weeks are not final and are subject to change.";Asthma;Citywide;Citywide;Age Group;Ages 18-64 years;1/2024;Count;3,579
"-Syndrome data are inherently non-specific and not based on diagnostic testing. While the New York City syndromic surveillance system captures 100% of all emergency department(ED) visits in the city (as of 5/1/16, 99% prior to that), the data are not comprehensive as only aproportion of residents seek care in emergency departments. Therefore the data are not exact measures of morbidity.
-Data for the most recent two weeks are not final and are subject to change.";Asthma;Citywide;Citywide;Age Group;Ages 18-64 years;2/2024;Count;3,182
"-Syndrome data are inherently non-specific and not based on diagnostic testing. While the New York City syndromic surveillance system captures 100% of all emergency department(ED) visits in the city (as of 5/1/16, 99% prior to that), the data are not comprehensive as only aproportion of residents seek care in emergency departments. Therefore the data are not exact measures of morbidity.
-Data for the most recent two weeks are not final and are subject to change.";Asthma;Citywide;Citywide;Age Group;Ages 18-64 years;3/2024;Count;3,198
"-Syndrome data are inherently non-specific and not based on diagnostic testing. While the New York City syndromic surveillance system captures 100% of all emergency department(ED) visits in the city (as of 5/1/16, 99% prior to that), the data are not comprehensive as only aproportion of residents seek care in emergency departments. Therefore the data are not exact measures of morbidity.
-Data for the most recent two weeks are not final and are subject to change.";Asthma;Citywide;Citywide;Age Group;Ages 18-64 years;4/2024;Count;3,418
"-Syndrome data are inherently non-specific and not based on diagnostic testing. While the New York City syndromic surveillance system captures 100% of all emergency department(ED) visits in the city (as of 5/1/16, 99% prior to that), the data are not comprehensive as only aproportion of residents seek care in emergency departments. Therefore the data are not exact measures of morbidity.
-Data for the most recent two weeks are not final and are subject to change.";Asthma;Citywide;Citywide;Age Group;Ages 18-64 years;5/2024;Count;3,935
"-Syndrome data are inherently non-specific and not based on diagnostic testing. While the New York City syndromic surveillance system captures 100% of all emergency department(ED) visits in the city (as of 5/1/16, 99% prior to that), the data are not comprehensive as only aproportion of residents seek care in emergency departments. Therefore the data are not exact measures of morbidity.
-Data for the most recent two weeks are not final and are subject to change.";Asthma;Citywide;Citywide;Age Group;Ages 18-64 years;6/2024;Count;3,187
"-Syndrome data are inherently non-specific and not based on diagnostic testing. While the New York City syndromic surveillance system captures 100% of all emergency department(ED) visits in the city (as of 5/1/16, 99% prior to that), the data are not comprehensive as only aproportion of residents seek care in emergency departments. Therefore the data are not exact measures of morbidity.
-Data for the most recent two weeks are not final and are subject to change.";Asthma;Citywide;Citywide;Age Group;Ages 18-64 years;7/2024;Count;3,244
"-Syndrome data are inherently non-specific and not based on diagnostic testing. While the New York City syndromic surveillance system captures 100% of all emergency department(ED) visits in the city (as of 5/1/16, 99% prior to that), the data are not comprehensive as only aproportion of residents seek care in emergency departments. Therefore the data are not exact measures of morbidity.
-Data for the most recent two weeks are not final and are subject to change.";Asthma;Citywide;Citywide;Age Group;Ages 18-64 years;8/2024;Count;3,225
"-Syndrome data are inherently non-specific and not based on diagnostic testing. While the New York City syndromic surveillance system captures 100% of all emergency department(ED) visits in the city (as of 5/1/16, 99% prior to that), the data are not comprehensive as only aproportion of residents seek care in emergency departments. Therefore the data are not exact measures of morbidity.
-Data for the most recent two weeks are not final and are subject to change.";Asthma;Citywide;Citywide;Age Group;Ages 18-64 years;9/2024;Count;3,622
"-Syndrome data are inherently non-specific and not based on diagnostic testing. While the New York City syndromic surveillance system captures 100% of all emergency department(ED) visits in the city (as of 5/1/16, 99% prior to that), the data are not comprehensive as only aproportion of residents seek care in emergency departments. Therefore the data are not exact measures of morbidity.
-Data for the most recent two weeks are not final and are subject to change.";Asthma;Citywide;Citywide;Age Group;Ages 18-64 years;10/2024;Count;4,182
"-Syndrome data are inherently non-specific and not based on diagnostic testing. While the New York City syndromic surveillance system captures 100% of all emergency department(ED) visits in the city (as of 5/1/16, 99% prior to that), the data are not comprehensive as only aproportion of residents seek care in emergency departments. Therefore the data are not exact measures of morbidity.
-Data for the most recent two weeks are not final and are subject to change.";Asthma;Citywide;Citywide;Age Group;Ages 18-64 years;11/2024;Count;3,767
"-Syndrome data are inherently non-specific and not based on diagnostic testing. While the New York City syndromic surveillance system captures 100% of all emergency department(ED) visits in the city (as of 5/1/16, 99% prior to that), the data are not comprehensive as only aproportion of residents seek care in emergency departments. Therefore the data are not exact measures of morbidity.
-Data for the most recent two weeks are not final and are subject to change.";Asthma;Citywide;Citywide;Age Group;Ages 18-64 years;12/2024;Count;3,731
"-Syndrome data are inherently non-specific and not based on diagnostic testing. While the New York City syndromic surveillance system captures 100% of all emergency department(ED) visits in the city (as of 5/1/16, 99% prior to that), the data are not comprehensive as only aproportion of residents seek care in emergency departments. Therefore the data are not exact measures of morbidity.
-Data for the most recent two weeks are not final and are subject to change.";Asthma;Citywide;Citywide;Age Group;Ages 18-64 years;1/2025;Count;3,453
"-Syndrome data are inherently non-specific and not based on diagnostic testing. While the New York City syndromic surveillance system captures 100% of all emergency department(ED) visits in the city (as of 5/1/16, 99% prior to that), the data are not comprehensive as only aproportion of residents seek care in emergency departments. Therefore the data are not exact measures of morbidity.
-Data for the most recent two weeks are not final and are subject to change.";Asthma;Citywide;Citywide;Age Group;Ages 18-64 years;2/2025;Count;2,727
"-Syndrome data are inherently non-specific and not based on diagnostic testing. While the New York City syndromic surveillance system captures 100% of all emergency department(ED) visits in the city (as of 5/1/16, 99% prior to that), the data are not comprehensive as only aproportion of residents seek care in emergency departments. Therefore the data are not exact measures of morbidity.
-Data for the most recent two weeks are not final and are subject to change.";Asthma;Citywide;Citywide;Age Group;Ages 18-64 years;3/2025;Count;3,110
"-Syndrome data are inherently non-specific and not based on diagnostic testing. While the New York City syndromic surveillance system captures 100% of all emergency department(ED) visits in the city (as of 5/1/16, 99% prior to that), the data are not comprehensive as only aproportion of residents seek care in emergency departments. Therefore the data are not exact measures of morbidity.
-Data for the most recent two weeks are not final and are subject to change.";Asthma;Citywide;Citywide;Age Group;Ages 18-64 years;4/2025;Count;3,628
"-Syndrome data are inherently non-specific and not based on diagnostic testing. While the New York City syndromic surveillance system captures 100% of all emergency department(ED) visits in the city (as of 5/1/16, 99% prior to that), the data are not comprehensive as only aproportion of residents seek care in emergency departments. Therefore the data are not exact measures of morbidity.
-Data for the most recent two weeks are not final and are subject to change.";Asthma;Citywide;Citywide;Age Group;Ages 18-64 years;5/2025;Count;3,958
"-Syndrome data are inherently non-specific and not based on diagnostic testing. While the New York City syndromic surveillance system captures 100% of all emergency department(ED) visits in the city (as of 5/1/16, 99% prior to that), the data are not comprehensive as only aproportion of residents seek care in emergency departments. Therefore the data are not exact measures of morbidity.
-Data for the most recent two weeks are not final and are subject to change.";Asthma;Citywide;Citywide;Age Group;Ages 18-64 years;6/2025;Count;3,120
"-Syndrome data are inherently non-specific and not based on diagnostic testing. While the New York City syndromic surveillance system captures 100% of all emergency department(ED) visits in the city (as of 5/1/16, 99% prior to that), the data are not comprehensive as only aproportion of residents seek care in emergency departments. Therefore the data are not exact measures of morbidity.
-Data for the most recent two weeks are not final and are subject to change.";Asthma;Citywide;Citywide;Age Group;Ages 18-64 years;7/2025;Count;3,004
"-Syndrome data are inherently non-specific and not based on diagnostic testing. While the New York City syndromic surveillance system captures 100% of all emergency department(ED) visits in the city (as of 5/1/16, 99% prior to that), the data are not comprehensive as only aproportion of residents seek care in emergency departments. Therefore the data are not exact measures of morbidity.
-Data for the most recent two weeks are not final and are subject to change.";Asthma;Citywide;Citywide;Age Group;Ages 18-64 years;8/2025;Count;3,026
"-Syndrome data are inherently non-specific and not based on diagnostic testing. While the New York City syndromic surveillance system captures 100% of all emergency department(ED) visits in the city (as of 5/1/16, 99% prior to that), the data are not comprehensive as only aproportion of residents seek care in emergency departments. Therefore the data are not exact measures of morbidity.
-Data for the most recent two weeks are not final and are subject to change.";Asthma;Citywide;Citywide;Age Group;Ages 18-64 years;9/2025;Count;3,503
"-Syndrome data are inherently non-specific and not based on diagnostic testing. While the New York City syndromic surveillance system captures 100% of all emergency department(ED) visits in the city (as of 5/1/16, 99% prior to that), the data are not comprehensive as only aproportion of residents seek care in emergency departments. Therefore the data are not exact measures of morbidity.
-Data for the most recent two weeks are not final and are subject to change.";Asthma;Citywide;Citywide;Age Group;Ages 18-64 years;10/2025;Count;3,626
"-Syndrome data are inherently non-specific and not based on diagnostic testing. While the New York City syndromic surveillance system captures 100% of all emergency department(ED) visits in the city (as of 5/1/16, 99% prior to that), the data are not comprehensive as only aproportion of residents seek care in emergency departments. Therefore the data are not exact measures of morbidity.
-Data for the most recent two weeks are not final and are subject to change.";Asthma;Citywide;Citywide;Age Group;Ages 18-64 years;11/2025;Count;106
"-Syndrome data are inherently non-specific and not based on diagnostic testing. While the New York City syndromic surveillance system captures 100% of all emergency department(ED) visits in the city (as of 5/1/16, 99% prior to that), the data are not comprehensive as only aproportion of residents seek care in emergency departments. Therefore the data are not exact measures of morbidity.
-Data for the most recent two weeks are not final and are subject to change.";Asthma;Citywide;Citywide;Age Group;Ages 65+ years;3/2022;Count;608
"-Syndrome data are inherently non-specific and not based on diagnostic testing. While the New York City syndromic surveillance system captures 100% of all emergency department(ED) visits in the city (as of 5/1/16, 99% prior to that), the data are not comprehensive as only aproportion of residents seek care in emergency departments. Therefore the data are not exact measures of morbidity.
-Data for the most recent two weeks are not final and are subject to change.";Asthma;Citywide;Citywide;Age Group;Ages 65+ years;4/2022;Count;644
"-Syndrome data are inherently non-specific and not based on diagnostic testing. While the New York City syndromic surveillance system captures 100% of all emergency department(ED) visits in the city (as of 5/1/16, 99% prior to that), the data are not comprehensive as only aproportion of residents seek care in emergency departments. Therefore the data are not exact measures of morbidity.
-Data for the most recent two weeks are not final and are subject to change.";Asthma;Citywide;Citywide;Age Group;Ages 65+ years;5/2022;Count;799
"-Syndrome data are inherently non-specific and not based on diagnostic testing. While the New York City syndromic surveillance system captures 100% of all emergency department(ED) visits in the city (as of 5/1/16, 99% prior to that), the data are not comprehensive as only aproportion of residents seek care in emergency departments. Therefore the data are not exact measures of morbidity.
-Data for the most recent two weeks are not final and are subject to change.";Asthma;Citywide;Citywide;Age Group;Ages 65+ years;6/2022;Count;671
"-Syndrome data are inherently non-specific and not based on diagnostic testing. While the New York City syndromic surveillance system captures 100% of all emergency department(ED) visits in the city (as of 5/1/16, 99% prior to that), the data are not comprehensive as only aproportion of residents seek care in emergency departments. Therefore the data are not exact measures of morbidity.
-Data for the most recent two weeks are not final and are subject to change.";Asthma;Citywide;Citywide;Age Group;Ages 65+ years;7/2022;Count;615
"-Syndrome data are inherently non-specific and not based on diagnostic testing. While the New York City syndromic surveillance system captures 100% of all emergency department(ED) visits in the city (as of 5/1/16, 99% prior to that), the data are not comprehensive as only aproportion of residents seek care in emergency departments. Therefore the data are not exact measures of morbidity.
-Data for the most recent two weeks are not final and are subject to change.";Asthma;Citywide;Citywide;Age Group;Ages 65+ years;8/2022;Count;611
"-Syndrome data are inherently non-specific and not based on diagnostic testing. While the New York City syndromic surveillance system captures 100% of all emergency department(ED) visits in the city (as of 5/1/16, 99% prior to that), the data are not comprehensive as only aproportion of residents seek care in emergency departments. Therefore the data are not exact measures of morbidity.
-Data for the most recent two weeks are not final and are subject to change.";Asthma;Citywide;Citywide;Age Group;Ages 65+ years;9/2022;Count;614
"-Syndrome data are inherently non-specific and not based on diagnostic testing. While the New York City syndromic surveillance system captures 100% of all emergency department(ED) visits in the city (as of 5/1/16, 99% prior to that), the data are not comprehensive as only aproportion of residents seek care in emergency departments. Therefore the data are not exact measures of morbidity.
-Data for the most recent two weeks are not final and are subject to change.";Asthma;Citywide;Citywide;Age Group;Ages 65+ years;10/2022;Count;810
"-Syndrome data are inherently non-specific and not based on diagnostic testing. While the New York City syndromic surveillance system captures 100% of all emergency department(ED) visits in the city (as of 5/1/16, 99% prior to that), the data are not comprehensive as only aproportion of residents seek care in emergency departments. Therefore the data are not exact measures of morbidity.
-Data for the most recent two weeks are not final and are subject to change.";Asthma;Citywide;Citywide;Age Group;Ages 65+ years;11/2022;Count;755
"-Syndrome data are inherently non-specific and not based on diagnostic testing. While the New York City syndromic surveillance system captures 100% of all emergency department(ED) visits in the city (as of 5/1/16, 99% prior to that), the data are not comprehensive as only aproportion of residents seek care in emergency departments. Therefore the data are not exact measures of morbidity.
-Data for the most recent two weeks are not final and are subject to change.";Asthma;Citywide;Citywide;Age Group;Ages 65+ years;12/2022;Count;702
"-Syndrome data are inherently non-specific and not based on diagnostic testing. While the New York City syndromic surveillance system captures 100% of all emergency department(ED) visits in the city (as of 5/1/16, 99% prior to that), the data are not comprehensive as only aproportion of residents seek care in emergency departments. Therefore the data are not exact measures of morbidity.
-Data for the most recent two weeks are not final and are subject to change.";Asthma;Citywide;Citywide;Age Group;Ages 65+ years;1/2023;Count;662
"-Syndrome data are inherently non-specific and not based on diagnostic testing. While the New York City syndromic surveillance system captures 100% of all emergency department(ED) visits in the city (as of 5/1/16, 99% prior to that), the data are not comprehensive as only aproportion of residents seek care in emergency departments. Therefore the data are not exact measures of morbidity.
-Data for the most recent two weeks are not final and are subject to change.";Asthma;Citywide;Citywide;Age Group;Ages 65+ years;2/2023;Count;621
"-Syndrome data are inherently non-specific and not based on diagnostic testing. While the New York City syndromic surveillance system captures 100% of all emergency department(ED) visits in the city (as of 5/1/16, 99% prior to that), the data are not comprehensive as only aproportion of residents seek care in emergency departments. Therefore the data are not exact measures of morbidity.
-Data for the most recent two weeks are not final and are subject to change.";Asthma;Citywide;Citywide;Age Group;Ages 65+ years;3/2023;Count;726
"-Syndrome data are inherently non-specific and not based on diagnostic testing. While the New York City syndromic surveillance system captures 100% of all emergency department(ED) visits in the city (as of 5/1/16, 99% prior to that), the data are not comprehensive as only aproportion of residents seek care in emergency departments. Therefore the data are not exact measures of morbidity.
-Data for the most recent two weeks are not final and are subject to change.";Asthma;Citywide;Citywide;Age Group;Ages 65+ years;4/2023;Count;718
"-Syndrome data are inherently non-specific and not based on diagnostic testing. While the New York City syndromic surveillance system captures 100% of all emergency department(ED) visits in the city (as of 5/1/16, 99% prior to that), the data are not comprehensive as only aproportion of residents seek care in emergency departments. Therefore the data are not exact measures of morbidity.
-Data for the most recent two weeks are not final and are subject to change.";Asthma;Citywide;Citywide;Age Group;Ages 65+ years;5/2023;Count;691
"-Syndrome data are inherently non-specific and not based on diagnostic testing. While the New York City syndromic surveillance system captures 100% of all emergency department(ED) visits in the city (as of 5/1/16, 99% prior to that), the data are not comprehensive as only aproportion of residents seek care in emergency departments. Therefore the data are not exact measures of morbidity.
-Data for the most recent two weeks are not final and are subject to change.";Asthma;Citywide;Citywide;Age Group;Ages 65+ years;6/2023;Count;703
"-Syndrome data are inherently non-specific and not based on diagnostic testing. While the New York City syndromic surveillance system captures 100% of all emergency department(ED) visits in the city (as of 5/1/16, 99% prior to that), the data are not comprehensive as only aproportion of residents seek care in emergency departments. Therefore the data are not exact measures of morbidity.
-Data for the most recent two weeks are not final and are subject to change.";Asthma;Citywide;Citywide;Age Group;Ages 65+ years;7/2023;Count;605
"-Syndrome data are inherently non-specific and not based on diagnostic testing. While the New York City syndromic surveillance system captures 100% of all emergency department(ED) visits in the city (as of 5/1/16, 99% prior to that), the data are not comprehensive as only aproportion of residents seek care in emergency departments. Therefore the data are not exact measures of morbidity.
-Data for the most recent two weeks are not final and are subject to change.";Asthma;Citywide;Citywide;Age Group;Ages 65+ years;8/2023;Count;602
"-Syndrome data are inherently non-specific and not based on diagnostic testing. While the New York City syndromic surveillance system captures 100% of all emergency department(ED) visits in the city (as of 5/1/16, 99% prior to that), the data are not comprehensive as only aproportion of residents seek care in emergency departments. Therefore the data are not exact measures of morbidity.
-Data for the most recent two weeks are not final and are subject to change.";Asthma;Citywide;Citywide;Age Group;Ages 65+ years;9/2023;Count;640
"-Syndrome data are inherently non-specific and not based on diagnostic testing. While the New York City syndromic surveillance system captures 100% of all emergency department(ED) visits in the city (as of 5/1/16, 99% prior to that), the data are not comprehensive as only aproportion of residents seek care in emergency departments. Therefore the data are not exact measures of morbidity.
-Data for the most recent two weeks are not final and are subject to change.";Asthma;Citywide;Citywide;Age Group;Ages 65+ years;10/2023;Count;755
"-Syndrome data are inherently non-specific and not based on diagnostic testing. While the New York City syndromic surveillance system captures 100% of all emergency department(ED) visits in the city (as of 5/1/16, 99% prior to that), the data are not comprehensive as only aproportion of residents seek care in emergency departments. Therefore the data are not exact measures of morbidity.
-Data for the most recent two weeks are not final and are subject to change.";Asthma;Citywide;Citywide;Age Group;Ages 65+ years;11/2023;Count;801
"-Syndrome data are inherently non-specific and not based on diagnostic testing. While the New York City syndromic surveillance system captures 100% of all emergency department(ED) visits in the city (as of 5/1/16, 99% prior to that), the data are not comprehensive as only aproportion of residents seek care in emergency departments. Therefore the data are not exact measures of morbidity.
-Data for the most recent two weeks are not final and are subject to change.";Asthma;Citywide;Citywide;Age Group;Ages 65+ years;12/2023;Count;846
"-Syndrome data are inherently non-specific and not based on diagnostic testing. While the New York City syndromic surveillance system captures 100% of all emergency department(ED) visits in the city (as of 5/1/16, 99% prior to that), the data are not comprehensive as only aproportion of residents seek care in emergency departments. Therefore the data are not exact measures of morbidity.
-Data for the most recent two weeks are not final and are subject to change.";Asthma;Citywide;Citywide;Age Group;Ages 65+ years;1/2024;Count;740
"-Syndrome data are inherently non-specific and not based on diagnostic testing. While the New York City syndromic surveillance system captures 100% of all emergency department(ED) visits in the city (as of 5/1/16, 99% prior to that), the data are not comprehensive as only aproportion of residents seek care in emergency departments. Therefore the data are not exact measures of morbidity.
-Data for the most recent two weeks are not final and are subject to change.";Asthma;Citywide;Citywide;Age Group;Ages 65+ years;2/2024;Count;718
"-Syndrome data are inherently non-specific and not based on diagnostic testing. While the New York City syndromic surveillance system captures 100% of all emergency department(ED) visits in the city (as of 5/1/16, 99% prior to that), the data are not comprehensive as only aproportion of residents seek care in emergency departments. Therefore the data are not exact measures of morbidity.
-Data for the most recent two weeks are not final and are subject to change.";Asthma;Citywide;Citywide;Age Group;Ages 65+ years;3/2024;Count;703
"-Syndrome data are inherently non-specific and not based on diagnostic testing. While the New York City syndromic surveillance system captures 100% of all emergency department(ED) visits in the city (as of 5/1/16, 99% prior to that), the data are not comprehensive as only aproportion of residents seek care in emergency departments. Therefore the data are not exact measures of morbidity.
-Data for the most recent two weeks are not final and are subject to change.";Asthma;Citywide;Citywide;Age Group;Ages 65+ years;4/2024;Count;713
"-Syndrome data are inherently non-specific and not based on diagnostic testing. While the New York City syndromic surveillance system captures 100% of all emergency department(ED) visits in the city (as of 5/1/16, 99% prior to that), the data are not comprehensive as only aproportion of residents seek care in emergency departments. Therefore the data are not exact measures of morbidity.
-Data for the most recent two weeks are not final and are subject to change.";Asthma;Citywide;Citywide;Age Group;Ages 65+ years;5/2024;Count;847
"-Syndrome data are inherently non-specific and not based on diagnostic testing. While the New York City syndromic surveillance system captures 100% of all emergency department(ED) visits in the city (as of 5/1/16, 99% prior to that), the data are not comprehensive as only aproportion of residents seek care in emergency departments. Therefore the data are not exact measures of morbidity.
-Data for the most recent two weeks are not final and are subject to change.";Asthma;Citywide;Citywide;Age Group;Ages 65+ years;6/2024;Count;708
"-Syndrome data are inherently non-specific and not based on diagnostic testing. While the New York City syndromic surveillance system captures 100% of all emergency department(ED) visits in the city (as of 5/1/16, 99% prior to that), the data are not comprehensive as only aproportion of residents seek care in emergency departments. Therefore the data are not exact measures of morbidity.
-Data for the most recent two weeks are not final and are subject to change.";Asthma;Citywide;Citywide;Age Group;Ages 65+ years;7/2024;Count;732
"-Syndrome data are inherently non-specific and not based on diagnostic testing. While the New York City syndromic surveillance system captures 100% of all emergency department(ED) visits in the city (as of 5/1/16, 99% prior to that), the data are not comprehensive as only aproportion of residents seek care in emergency departments. Therefore the data are not exact measures of morbidity.
-Data for the most recent two weeks are not final and are subject to change.";Asthma;Citywide;Citywide;Age Group;Ages 65+ years;8/2024;Count;661
"-Syndrome data are inherently non-specific and not based on diagnostic testing. While the New York City syndromic surveillance system captures 100% of all emergency department(ED) visits in the city (as of 5/1/16, 99% prior to that), the data are not comprehensive as only aproportion of residents seek care in emergency departments. Therefore the data are not exact measures of morbidity.
-Data for the most recent two weeks are not final and are subject to change.";Asthma;Citywide;Citywide;Age Group;Ages 65+ years;9/2024;Count;708
"-Syndrome data are inherently non-specific and not based on diagnostic testing. While the New York City syndromic surveillance system captures 100% of all emergency department(ED) visits in the city (as of 5/1/16, 99% prior to that), the data are not comprehensive as only aproportion of residents seek care in emergency departments. Therefore the data are not exact measures of morbidity.
-Data for the most recent two weeks are not final and are subject to change.";Asthma;Citywide;Citywide;Age Group;Ages 65+ years;10/2024;Count;771
"-Syndrome data are inherently non-specific and not based on diagnostic testing. While the New York City syndromic surveillance system captures 100% of all emergency department(ED) visits in the city (as of 5/1/16, 99% prior to that), the data are not comprehensive as only aproportion of residents seek care in emergency departments. Therefore the data are not exact measures of morbidity.
-Data for the most recent two weeks are not final and are subject to change.";Asthma;Citywide;Citywide;Age Group;Ages 65+ years;11/2024;Count;710
"-Syndrome data are inherently non-specific and not based on diagnostic testing. While the New York City syndromic surveillance system captures 100% of all emergency department(ED) visits in the city (as of 5/1/16, 99% prior to that), the data are not comprehensive as only aproportion of residents seek care in emergency departments. Therefore the data are not exact measures of morbidity.
-Data for the most recent two weeks are not final and are subject to change.";Asthma;Citywide;Citywide;Age Group;Ages 65+ years;12/2024;Count;775
"-Syndrome data are inherently non-specific and not based on diagnostic testing. While the New York City syndromic surveillance system captures 100% of all emergency department(ED) visits in the city (as of 5/1/16, 99% prior to that), the data are not comprehensive as only aproportion of residents seek care in emergency departments. Therefore the data are not exact measures of morbidity.
-Data for the most recent two weeks are not final and are subject to change.";Asthma;Citywide;Citywide;Age Group;Ages 65+ years;1/2025;Count;767
"-Syndrome data are inherently non-specific and not based on diagnostic testing. While the New York City syndromic surveillance system captures 100% of all emergency department(ED) visits in the city (as of 5/1/16, 99% prior to that), the data are not comprehensive as only aproportion of residents seek care in emergency departments. Therefore the data are not exact measures of morbidity.
-Data for the most recent two weeks are not final and are subject to change.";Asthma;Citywide;Citywide;Age Group;Ages 65+ years;2/2025;Count;692
"-Syndrome data are inherently non-specific and not based on diagnostic testing. While the New York City syndromic surveillance system captures 100% of all emergency department(ED) visits in the city (as of 5/1/16, 99% prior to that), the data are not comprehensive as only aproportion of residents seek care in emergency departments. Therefore the data are not exact measures of morbidity.
-Data for the most recent two weeks are not final and are subject to change.";Asthma;Citywide;Citywide;Age Group;Ages 65+ years;3/2025;Count;739
"-Syndrome data are inherently non-specific and not based on diagnostic testing. While the New York City syndromic surveillance system captures 100% of all emergency department(ED) visits in the city (as of 5/1/16, 99% prior to that), the data are not comprehensive as only aproportion of residents seek care in emergency departments. Therefore the data are not exact measures of morbidity.
-Data for the most recent two weeks are not final and are subject to change.";Asthma;Citywide;Citywide;Age Group;Ages 65+ years;4/2025;Count;741
"-Syndrome data are inherently non-specific and not based on diagnostic testing. While the New York City syndromic surveillance system captures 100% of all emergency department(ED) visits in the city (as of 5/1/16, 99% prior to that), the data are not comprehensive as only aproportion of residents seek care in emergency departments. Therefore the data are not exact measures of morbidity.
-Data for the most recent two weeks are not final and are subject to change.";Asthma;Citywide;Citywide;Age Group;Ages 65+ years;5/2025;Count;829
"-Syndrome data are inherently non-specific and not based on diagnostic testing. While the New York City syndromic surveillance system captures 100% of all emergency department(ED) visits in the city (as of 5/1/16, 99% prior to that), the data are not comprehensive as only aproportion of residents seek care in emergency departments. Therefore the data are not exact measures of morbidity.
-Data for the most recent two weeks are not final and are subject to change.";Asthma;Citywide;Citywide;Age Group;Ages 65+ years;6/2025;Count;732
"-Syndrome data are inherently non-specific and not based on diagnostic testing. While the New York City syndromic surveillance system captures 100% of all emergency department(ED) visits in the city (as of 5/1/16, 99% prior to that), the data are not comprehensive as only aproportion of residents seek care in emergency departments. Therefore the data are not exact measures of morbidity.
-Data for the most recent two weeks are not final and are subject to change.";Asthma;Citywide;Citywide;Age Group;Ages 65+ years;7/2025;Count;700
"-Syndrome data are inherently non-specific and not based on diagnostic testing. While the New York City syndromic surveillance system captures 100% of all emergency department(ED) visits in the city (as of 5/1/16, 99% prior to that), the data are not comprehensive as only aproportion of residents seek care in emergency departments. Therefore the data are not exact measures of morbidity.
-Data for the most recent two weeks are not final and are subject to change.";Asthma;Citywide;Citywide;Age Group;Ages 65+ years;8/2025;Count;684
"-Syndrome data are inherently non-specific and not based on diagnostic testing. While the New York City syndromic surveillance system captures 100% of all emergency department(ED) visits in the city (as of 5/1/16, 99% prior to that), the data are not comprehensive as only aproportion of residents seek care in emergency departments. Therefore the data are not exact measures of morbidity.
-Data for the most recent two weeks are not final and are subject to change.";Asthma;Citywide;Citywide;Age Group;Ages 65+ years;9/2025;Count;757
"-Syndrome data are inherently non-specific and not based on diagnostic testing. While the New York City syndromic surveillance system captures 100% of all emergency department(ED) visits in the city (as of 5/1/16, 99% prior to that), the data are not comprehensive as only aproportion of residents seek care in emergency departments. Therefore the data are not exact measures of morbidity.
-Data for the most recent two weeks are not final and are subject to change.";Asthma;Citywide;Citywide;Age Group;Ages 65+ years;10/2025;Count;699
"-Syndrome data are inherently non-specific and not based on diagnostic testing. While the New York City syndromic surveillance system captures 100% of all emergency department(ED) visits in the city (as of 5/1/16, 99% prior to that), the data are not comprehensive as only aproportion of residents seek care in emergency departments. Therefore the data are not exact measures of morbidity.
-Data for the most recent two weeks are not final and are subject to change.";Asthma;Citywide;Citywide;Age Group;Ages 65+ years;11/2025;Count;19