{
"type": "FeatureCollection",
"name": "nta2020",
"crs": { "type": "name", "properties": { "name": "urn:ogc:def:crs:OGC:1.3:CRS84" } },
"features": [
{ "type": "Feature", "properties": { "NTA2020": "BK0101", "NTAName": "Greenpoint", "NTAType": "0", "BoroName": "Brooklyn" }, "geometry": { "type": "Polygon", "coordinates": [ [ [ -73.932133974276894, 40.72815960343334 ], [ -73.937392613412172, 40.724332355695445 ], [ -73.948416384729498, 40.718455533122672 ], [ -73.949078166845993, 40.72254028720252 ], [ -73.950645942011377, 40.72170569378428 ], [ -73.951646321642855, 40.72348585748383 ], [ -73.954776628153354, 40.722459504667789 ], [ -73.958142922868518, 40.724404284904601 ], [ -73.958426118439235, 40.725400535832321 ], [ -73.96161518769874, 40.725865563074024 ], [ -73.961016880705955, 40.728704440101701 ], [ -73.962285202369571, 40.734047695374258 ], [ -73.957634096069953, 40.738538118264174 ], [ -73.952923557241817, 40.738934942395389 ], [ -73.946523528548255, 40.736926853455756 ], [ -73.947065329153872, 40.734401992819429 ], [ -73.945570484571761, 40.736612304413171 ], [ -73.945185071812759, 40.73547915318057 ], [ -73.944515421174415, 40.736284390390374 ], [ -73.942394435424291, 40.735425749947709 ], [ -73.939813226254515, 40.731152688912253 ], [ -73.938103349606664, 40.729728519521522 ], [ -73.932133974276894, 40.72815960343334 ] ] ] } },
{ "type": "Feature", "properties": { "NTA2020": "BK0102", "NTAName": "Williamsburg", "NTAType": "0", "BoroName": "Brooklyn" }, "geometry": { "type": "Polygon", "coordinates": [ [ [ -73.958142924116444, 40.724404284737567 ], [ -73.954776628153297, 40.722459504667817 ], [ -73.951646321642741, 40.723485857483851 ], [ -73.95064594201132, 40.72170569378428 ], [ -73.949078166846064, 40.72254028720252 ], [ -73.948416384729498, 40.718455533122672 ], [ -73.947213417447003, 40.718560986118206 ], [ -73.953484720987575, 40.714070208078567 ], [ -73.949372317846269, 40.714066878309616 ], [ -73.948655334457513, 40.709724983182085 ], [ -73.950874925131046, 40.709513115197872 ], [ -73.950236936698573, 40.705473246654371 ], [ -73.957904307385476, 40.708427173470241 ], [ -73.958455767065772, 40.70725184744547 ], [ -73.963278737110002, 40.70772929902126 ], [ -73.969292962824525, 40.707093331095571 ], [ -73.969907730275779, 40.711268121838842 ], [ -73.96923492843203, 40.711240541940768 ], [ -73.96725113674303, 40.716986666609095 ], [ -73.965119503281301, 40.719226894499919 ], [ -73.965273608641454, 40.720124671034334 ], [ -73.964479462231054, 40.720036188255811 ], [ -73.962756653565691, 40.722399015796206 ], [ -73.961659842352574, 40.724860454965636 ], [ -73.962114614787552, 40.725148063398834 ], [ -73.958142924116444, 40.724404284737567 ] ] ] } },
{ "type": "Feature", "properties": { "NTA2020": "BK0103", "NTAName": "South Williamsburg", "NTAType": "0", "BoroName": "Brooklyn" }, "geometry": { "type": "Polygon", "coordinates": [ [ [ -73.950236936698573, 40.705473246654329 ], [ -73.94193078816194, 40.700725234695661 ], [ -73.962839636282609, 40.698038669009847 ], [ -73.962179780230798, 40.700220711106724 ], [ -73.967209619545685, 40.704255709153252 ], [ -73.968383313388713, 40.706829373393312 ], [ -73.963278737110045, 40.70772929902126 ], [ -73.958455767065871, 40.70725184744547 ], [ -73.957904307385604, 40.708427173470241 ], [ -73.950236936698573, 40.705473246654329 ] ] ] } },
{ "type": "Feature", "properties": { "NTA2020": "BK0104", "NTAName": "East Williamsburg", "NTAType": "0", "BoroName": "Brooklyn" }, "geometry": { "type": "Polygon", "coordinates": [ [ [ -73.924885535075319, 40.715267188155352 ], [ -73.920748530497633, 40.71053364895846 ], [ -73.926089300269638, 40.705679701162012 ], [ -73.933950929064437, 40.702674593200292 ], [ -73.941930788161883, 40.700725234695661 ], [ -73.950236936698573, 40.705473246654371 ], [ -73.950874925131046, 40.709513115197872 ], [ -73.948655334457513, 40.709724983182085 ], [ -73.949372317846269, 40.714066878309616 ], [ -73.953484720987575, 40.714070208078567 ], [ -73.932133974276937, 40.728159603433376 ], [ -73.928494185401576, 40.726614603308064 ], [ -73.925614705166112, 40.72006166221265 ], [ -73.924817989436875, 40.720265137475536 ], [ -73.924520830481868, 40.719553566512069 ], [ -73.924864135091099, 40.718440445413684 ], [ -73.928879651800159, 40.717720318623769 ], [ -73.929705399153278, 40.717049279389371 ], [ -73.929473568553973, 40.71572145262094 ], [ -73.932206073073061, 40.714963980929568 ], [ -73.93124067059496, 40.713724810884884 ], [ -73.932639052424705, 40.713052586169546 ], [ -73.93203262980515, 40.711590223074467 ], [ -73.933283493203376, 40.710978706452941 ], [ -73.931901018547507, 40.711338471930617 ], [ -73.930360945658947, 40.708717737530279 ], [ -73.931546137468516, 40.711855351751296 ], [ -73.930778947370527, 40.712160427955702 ], [ -73.931842494934202, 40.712627237990795 ], [ -73.930422943130125, 40.713172559173827 ], [ -73.930851901340361, 40.714902985592978 ], [ -73.928438818145779, 40.715530949575943 ], [ -73.928906012650543, 40.716618956809725 ], [ -73.928232530449407, 40.717106453750986 ], [ -73.924102800943331, 40.717667137202596 ], [ -73.923055000143933, 40.71634266429097 ], [ -73.924885535075319, 40.715267188155352 ] ] ] } },
{ "type": "Feature", "properties": { "NTA2020": "BK0201", "NTAName": "Brooklyn Heights", "NTAType": "0", "BoroName": "Brooklyn" }, "geometry": { "type": "Polygon", "coordinates": [ [ [ -73.990474880405557, 40.689141074505088 ], [ -74.001743620450128, 40.692406749705697 ], [ -73.995045926602714, 40.703131839799767 ], [ -73.99087453692033, 40.700673117296034 ], [ -73.99143346974742, 40.698281859817257 ], [ -73.990444740282058, 40.693828251433743 ], [ -73.990971868335379, 40.692548801390728 ], [ -73.988933562455856, 40.692086641989022 ], [ -73.990474880405557, 40.689141074505088 ] ] ] } },
{ "type": "Feature", "properties": { "NTA2020": "BK0202", "NTAName": "Downtown Brooklyn-DUMBO-Boerum Hill", "NTAType": "0", "BoroName": "Brooklyn" }, "geometry": { "type": "Polygon", "coordinates": [ [ [ -73.979057669462406, 40.705952889100693 ], [ -73.980026387273796, 40.702140461442838 ], [ -73.980904027453974, 40.701861429829904 ], [ -73.980138095067602, 40.69471005572494 ], [ -73.979167183389976, 40.693488323221281 ], [ -73.982510912657446, 40.693606611302968 ], [ -73.981758889557085, 40.692955173542309 ], [ -73.981397731431628, 40.689928670434533 ], [ -73.98350982042075, 40.689922171752052 ], [ -73.980833751981351, 40.688863784507944 ], [ -73.978077295526276, 40.684914940390122 ], [ -73.979616800192119, 40.682491270213355 ], [ -73.988282936413356, 40.685866785622203 ], [ -73.989128405969467, 40.684589453073499 ], [ -73.993929294838267, 40.686452871649195 ], [ -73.992363669111896, 40.689690123777083 ], [ -73.990474880405557, 40.689141074505088 ], [ -73.988933562455856, 40.692086641989022 ], [ -73.990971868335379, 40.692548801390728 ], [ -73.990444740282058, 40.693828251433743 ], [ -73.99143346974742, 40.698281859817257 ], [ -73.99087453692033, 40.700673117296034 ], [ -73.995045926602714, 40.703131839799767 ], [ -73.994776142653848, 40.704245861555123 ], [ -73.992127035350791, 40.704689641531132 ], [ -73.990947552847473, 40.704032442641896 ], [ -73.990227211960061, 40.704934044487288 ], [ -73.9883033220854, 40.704540468452656 ], [ -73.987956764254619, 40.705134217412599 ], [ -73.979057669462406, 40.705952889100693 ] ] ] } },
{ "type": "Feature", "properties": { "NTA2020": "BK0203", "NTAName": "Fort Greene", "NTAType": "0", "BoroName": "Brooklyn" }, "geometry": { "type": "Polygon", "coordinates": [ [ [ -73.962839636282609, 40.698038669009847 ], [ -73.964550704444932, 40.696107591627353 ], [ -73.969394499794276, 40.69608038942048 ], [ -73.968809895591036, 40.693120382901355 ], [ -73.969831183854865, 40.693134243973873 ], [ -73.969103623994528, 40.689467522510753 ], [ -73.97013154130974, 40.689506307958752 ], [ -73.968689612255986, 40.682005257597147 ], [ -73.977457220091452, 40.68405228761327 ], [ -73.980833751981478, 40.688863784507888 ], [ -73.98350982042075, 40.689922171752002 ], [ -73.981397731431684, 40.689928670434533 ], [ -73.981758889557184, 40.692955173542266 ], [ -73.982510912657403, 40.693606611302968 ], [ -73.979167183390018, 40.693488323221239 ], [ -73.980138095067701, 40.694710055724912 ], [ -73.980544190517875, 40.698246512922239 ], [ -73.962839636282609, 40.698038669009847 ] ] ] } },
{ "type": "Feature", "properties": { "NTA2020": "BK0204", "NTAName": "Clinton Hill", "NTAType": "0", "BoroName": "Brooklyn" }, "geometry": { "type": "Polygon", "coordinates": [ [ [ -73.961346557977365, 40.680463524803393 ], [ -73.968689612255986, 40.682005257597147 ], [ -73.97013154130974, 40.689506307958752 ], [ -73.969103623994528, 40.689467522510753 ], [ -73.969831183854865, 40.693134243973873 ], [ -73.968809895591036, 40.693120382901355 ], [ -73.969394499794276, 40.69608038942048 ], [ -73.964661071160933, 40.696074667053239 ], [ -73.962839636282609, 40.698038669009847 ], [ -73.96105100567938, 40.69832607881883 ], [ -73.958840618658655, 40.683018053518701 ], [ -73.961670863233309, 40.682690909980096 ], [ -73.961346557977365, 40.680463524803393 ] ] ] } },
{ "type": "Feature", "properties": { "NTA2020": "BK0261", "NTAName": "Brooklyn Navy Yard", "NTAType": "6", "BoroName": "Brooklyn" }, "geometry": { "type": "MultiPolygon", "coordinates": [ [ [ [ -73.979057669462364, 40.705952889100651 ], [ -73.978931102855256, 40.705924906230528 ], [ -73.979060848457763, 40.705946029443538 ], [ -73.979057669462364, 40.705952889100651 ] ] ], [ [ [ -73.972320320737381, 40.70908288430941 ], [ -73.970262185322852, 40.706887504284239 ], [ -73.970180755727995, 40.704929270567028 ], [ -73.967515166910914, 40.703437356878283 ], [ -73.969296938376885, 40.705088331732441 ], [ -73.969292962824525, 40.707093331095571 ], [ -73.968383313388713, 40.706829373393312 ], [ -73.967209619545685, 40.704255709153252 ], [ -73.962179780230798, 40.700220711106724 ], [ -73.962839636282609, 40.698038669009847 ], [ -73.980544190517875, 40.698246512922239 ], [ -73.980904027453974, 40.701861429829862 ], [ -73.980026387273909, 40.702140461442838 ], [ -73.980274422682342, 40.703041400444761 ], [ -73.979120921101838, 40.705530069673529 ], [ -73.978465578489647, 40.705562221864596 ], [ -73.978853033607109, 40.706065535284743 ], [ -73.978344748528556, 40.705999965490363 ], [ -73.978020673266386, 40.704290966958922 ], [ -73.977211963392392, 40.704213926624419 ], [ -73.977135626253798, 40.703005581905288 ], [ -73.975960963448372, 40.704715506440721 ], [ -73.976927491883345, 40.702797820903143 ], [ -73.976159372920222, 40.702171280357042 ], [ -73.975329873939828, 40.702951924338464 ], [ -73.976005878454643, 40.701946133279385 ], [ -73.974550233883889, 40.701590343299813 ], [ -73.97571751799785, 40.6995709126913 ], [ -73.974115139925587, 40.701305270414501 ], [ -73.972392013974584, 40.70016632275243 ], [ -73.973757006471615, 40.70153413888184 ], [ -73.973186766708977, 40.701669803673852 ], [ -73.970782005879883, 40.699978663011436 ], [ -73.973324561039405, 40.702412656010893 ], [ -73.97283512788735, 40.702728740744149 ], [ -73.969486551520461, 40.70051906125817 ], [ -73.972838899749533, 40.703346428602039 ], [ -73.968985174289415, 40.701747089289327 ], [ -73.974655696080404, 40.706074262994399 ], [ -73.972548800578181, 40.706204490003955 ], [ -73.974629666044223, 40.707681060768422 ], [ -73.974236169685355, 40.70802438612256 ], [ -73.971096554891304, 40.705850056055816 ], [ -73.972320320737381, 40.70908288430941 ] ] ] ] } },
{ "type": "Feature", "properties": { "NTA2020": "BK0301", "NTAName": "Bedford-Stuyvesant (West)", "NTAType": "0", "BoroName": "Brooklyn" }, "geometry": { "type": "Polygon", "coordinates": [ [ [ -73.944141362007798, 40.67823696030942 ], [ -73.952052387256956, 40.678674657273255 ], [ -73.961346557977365, 40.680463524803393 ], [ -73.961670863233309, 40.682690909980096 ], [ -73.958840618658655, 40.683018053518701 ], [ -73.96105100567938, 40.69832607881883 ], [ -73.94438788508441, 40.700424523782345 ], [ -73.940327938959925, 40.679889975567072 ], [ -73.943973476728956, 40.680088129431724 ], [ -73.944141362007798, 40.67823696030942 ] ] ] } },
{ "type": "Feature", "properties": { "NTA2020": "BK0302", "NTAName": "Bedford-Stuyvesant (East)", "NTAType": "0", "BoroName": "Brooklyn" }, "geometry": { "type": "Polygon", "coordinates": [ [ [ -73.94193078816194, 40.700725234695661 ], [ -73.918046068264374, 40.687213247770174 ], [ -73.916301197293976, 40.678577112935855 ], [ -73.921647480439347, 40.678870547032226 ], [ -73.921815389655762, 40.677018390461548 ], [ -73.944141362007798, 40.67823696030942 ], [ -73.943973476728956, 40.680088129431724 ], [ -73.940327938959925, 40.679889975567072 ], [ -73.94438788508441, 40.700424523782345 ], [ -73.94193078816194, 40.700725234695661 ] ] ] } },
{ "type": "Feature", "properties": { "NTA2020": "BK0401", "NTAName": "Bushwick (West)", "NTAType": "0", "BoroName": "Brooklyn" }, "geometry": { "type": "Polygon", "coordinates": [ [ [ -73.911422425252297, 40.701486588518428 ], [ -73.914060864666638, 40.69883820001634 ], [ -73.916316082269731, 40.700121391130935 ], [ -73.91932072796105, 40.697060396871571 ], [ -73.920823973171636, 40.69791765810421 ], [ -73.924248808359522, 40.694428611375095 ], [ -73.92649981448757, 40.695711788656197 ], [ -73.927497607818836, 40.694696670922035 ], [ -73.926481290537538, 40.694140895596732 ], [ -73.927781941605176, 40.692761178435703 ], [ -73.94193078816194, 40.700725234695661 ], [ -73.933950929064537, 40.702674593200264 ], [ -73.926089300269695, 40.705679701161976 ], [ -73.921891846325892, 40.709396097213123 ], [ -73.911807099372879, 40.70343495252839 ], [ -73.912904040338418, 40.702361891798752 ], [ -73.911422425252297, 40.701486588518428 ] ] ] } },
{ "type": "Feature", "properties": { "NTA2020": "BK0402", "NTAName": "Bushwick (East)", "NTAType": "0", "BoroName": "Brooklyn" }, "geometry": { "type": "Polygon", "coordinates": [ [ [ -73.901398405740025, 40.691589992037208 ], [ -73.905339137427589, 40.686817235215145 ], [ -73.904494010887277, 40.686298600456944 ], [ -73.905755479767009, 40.684004419031375 ], [ -73.902809709174349, 40.682340579055179 ], [ -73.902622622803051, 40.680664503920966 ], [ -73.904046397208688, 40.679220598018631 ], [ -73.927781941605176, 40.692761178435703 ], [ -73.926481290537538, 40.694140895596732 ], [ -73.927497607818836, 40.694696670922035 ], [ -73.92649981448757, 40.695711788656197 ], [ -73.924248808359522, 40.694428611375095 ], [ -73.920823973171636, 40.69791765810421 ], [ -73.91932072796105, 40.697060396871571 ], [ -73.916316082269731, 40.700121391130935 ], [ -73.914060864666638, 40.69883820001634 ], [ -73.911422425252297, 40.701486588518428 ], [ -73.910678826713166, 40.701045969566351 ], [ -73.911806820369904, 40.699946882522774 ], [ -73.904260183456572, 40.69570037144284 ], [ -73.90579597009139, 40.694127156016357 ], [ -73.901398405740025, 40.691589992037208 ] ] ] } },
{ "type": "Feature", "properties": { "NTA2020": "BK0471", "NTAName": "The Evergreens Cemetery", "NTAType": "7", "BoroName": "Brooklyn" }, "geometry": { "type": "Polygon", "coordinates": [ [ [ -73.896526441483743, 40.682403299240988 ], [ -73.897493120078536, 40.680073776726999 ], [ -73.900245376394253, 40.679422791513637 ], [ -73.902622622803051, 40.680664503920966 ], [ -73.902809709174349, 40.682340579055179 ], [ -73.905755479767009, 40.684004419031375 ], [ -73.904494010887277, 40.686298600456944 ], [ -73.905339137427589, 40.686817235215145 ], [ -73.905022379940704, 40.687524047897966 ], [ -73.901887761667069, 40.69107772107786 ], [ -73.900424649809665, 40.688183899378458 ], [ -73.901161549282449, 40.687877936024719 ], [ -73.896526441483743, 40.682403299240988 ] ] ] } },
{ "type": "Feature", "properties": { "NTA2020": "BK0501", "NTAName": "Cypress Hills", "NTAType": "0", "BoroName": "Brooklyn" }, "geometry": { "type": "Polygon", "coordinates": [ [ [ -73.866302637653732, 40.683186695104702 ], [ -73.871561503842003, 40.681684456959715 ], [ -73.871199749284798, 40.680221463667259 ], [ -73.873275602726736, 40.679920752996622 ], [ -73.873587332526881, 40.681094180179002 ], [ -73.881062717519171, 40.678982687435209 ], [ -73.880505653943928, 40.676767347375559 ], [ -73.888255853832845, 40.675624736452733 ], [ -73.889005696644205, 40.67855704427393 ], [ -73.896217735785953, 40.677358184271867 ], [ -73.896536764116632, 40.67859358116425 ], [ -73.900046261425004, 40.676893089537941 ], [ -73.904046397208688, 40.679220598018631 ], [ -73.902622622803051, 40.680664503920966 ], [ -73.900245376394253, 40.679422791513637 ], [ -73.897493120078536, 40.680073776726999 ], [ -73.894174631790719, 40.685283248672555 ], [ -73.892583030362189, 40.683491911389325 ], [ -73.890154186727059, 40.685003990977364 ], [ -73.888190925253014, 40.68255594696307 ], [ -73.872603369342244, 40.689921073963447 ], [ -73.868058851320043, 40.691183958237765 ], [ -73.866302637653732, 40.683186695104702 ] ] ] } },
{ "type": "Feature", "properties": { "NTA2020": "BK0502", "NTAName": "East New York (North)", "NTAType": "0", "BoroName": "Brooklyn" }, "geometry": { "type": "Polygon", "coordinates": [ [ [ -73.874231345629809, 40.67086239758418 ], [ -73.878871444330358, 40.670194114141665 ], [ -73.878489473205732, 40.668654540638286 ], [ -73.900851355404328, 40.665345895025176 ], [ -73.903474222764117, 40.675506683779908 ], [ -73.896536764116632, 40.67859358116425 ], [ -73.896217735785953, 40.677358184271867 ], [ -73.889005696644205, 40.67855704427393 ], [ -73.888255853832845, 40.675624736452733 ], [ -73.880505653943928, 40.676767347375559 ], [ -73.881062717519171, 40.678982687435209 ], [ -73.87657495157076, 40.680167001828323 ], [ -73.874231345629809, 40.67086239758418 ] ] ] } },
{ "type": "Feature", "properties": { "NTA2020": "BK0503", "NTAName": "East New York-New Lots", "NTAType": "0", "BoroName": "Brooklyn" }, "geometry": { "type": "Polygon", "coordinates": [ [ [ -73.867180694469539, 40.660452252040784 ], [ -73.890005890585243, 40.6511486976326 ], [ -73.893546770078558, 40.655202714083224 ], [ -73.897610131763727, 40.653453816120198 ], [ -73.895861547819067, 40.651880527332125 ], [ -73.903982004210931, 40.646628567576201 ], [ -73.909448462912806, 40.65152159979489 ], [ -73.907400356628258, 40.652843990142493 ], [ -73.907843463099212, 40.654591531248208 ], [ -73.903178582594236, 40.655311633836298 ], [ -73.898788592263173, 40.657412887891674 ], [ -73.899652332137251, 40.660735416880364 ], [ -73.900661186028799, 40.660586158506803 ], [ -73.901451145498598, 40.663658364657081 ], [ -73.900428272991832, 40.663807998266748 ], [ -73.900851355404328, 40.665345895025176 ], [ -73.878489473205732, 40.668654540638286 ], [ -73.878871444330358, 40.670194114141665 ], [ -73.874231345629809, 40.67086239758418 ], [ -73.873878105240976, 40.669447267122692 ], [ -73.867180694469539, 40.660452252040784 ] ] ] } },
{ "type": "Feature", "properties": { "NTA2020": "BK0504", "NTAName": "Spring Creek-Starrett City", "NTAType": "0", "BoroName": "Brooklyn" }, "geometry": { "type": "MultiPolygon", "coordinates": [ [ [ [ -73.888200507266475, 40.647140869529316 ], [ -73.888641376413588, 40.647079553316246 ], [ -73.888516375685114, 40.647360691522181 ], [ -73.888200507266475, 40.647140869529316 ] ] ], [ [ [ -73.860540777283617, 40.654623997278932 ], [ -73.873425088565241, 40.646781230516019 ], [ -73.879638655022191, 40.65449909230707 ], [ -73.873860339212129, 40.646314405595639 ], [ -73.878350764087116, 40.638871613743703 ], [ -73.880483868566429, 40.640978034547018 ], [ -73.880067141325156, 40.64200344612432 ], [ -73.881393062306159, 40.642347339979324 ], [ -73.883419992030099, 40.644523815649706 ], [ -73.88557762083002, 40.644040949789371 ], [ -73.887434447083365, 40.645936682276549 ], [ -73.887640721666401, 40.647802390510016 ], [ -73.891251471744837, 40.650025597384207 ], [ -73.889590441720685, 40.651337546969245 ], [ -73.868471767820139, 40.660294937709715 ], [ -73.867180694469482, 40.660452252040784 ], [ -73.863861331914592, 40.656060215264901 ], [ -73.860540777283617, 40.654623997278932 ] ] ] ] } },
{ "type": "Feature", "properties": { "NTA2020": "BK0505", "NTAName": "East New York-City Line", "NTAType": "0", "BoroName": "Brooklyn" }, "geometry": { "type": "Polygon", "coordinates": [ [ [ -73.863349434609091, 40.679351641390923 ], [ -73.862345803809831, 40.679164786145201 ], [ -73.86038519788714, 40.671251710989118 ], [ -73.857633231083682, 40.671656194038221 ], [ -73.855684611550245, 40.663867492874914 ], [ -73.858429507251813, 40.663453361432992 ], [ -73.857615371195735, 40.660118933153228 ], [ -73.863170832744032, 40.658276512948262 ], [ -73.863051322111772, 40.656106098044532 ], [ -73.860868536928123, 40.655077806741005 ], [ -73.86404207114019, 40.656237849933945 ], [ -73.873878105240877, 40.669447267122692 ], [ -73.876574951570831, 40.680167001828323 ], [ -73.877448045737708, 40.679930999958835 ], [ -73.873587332526881, 40.681094180179038 ], [ -73.873275602726792, 40.679920752996622 ], [ -73.871199749284742, 40.680221463667259 ], [ -73.871561503841946, 40.681684456959751 ], [ -73.866302637653732, 40.683186695104702 ], [ -73.866019931326946, 40.681919587027203 ], [ -73.864100965910993, 40.68237285029177 ], [ -73.863349434609091, 40.679351641390923 ] ] ] } },
{ "type": "Feature", "properties": { "NTA2020": "BK0571", "NTAName": "Highland Park-Cypress Hills Cemeteries (South)", "NTAType": "7", "BoroName": "Brooklyn" }, "geometry": { "type": "Polygon", "coordinates": [ [ [ -73.868405188831517, 40.694731186243274 ], [ -73.868058851320043, 40.691183958237765 ], [ -73.872603369342244, 40.689921073963447 ], [ -73.888190925253014, 40.68255594696307 ], [ -73.889627874246386, 40.684236454754213 ], [ -73.884522508912852, 40.686684749765213 ], [ -73.879506410886336, 40.691146770014662 ], [ -73.87402053240578, 40.694191295720231 ], [ -73.868405188831517, 40.694731186243274 ] ] ] } },
{ "type": "Feature", "properties": { "NTA2020": "BK0601", "NTAName": "Carroll Gardens-Cobble Hill-Gowanus-Red Hook", "NTAType": "0", "BoroName": "Brooklyn" }, "geometry": { "type": "Polygon", "coordinates": [ [ [ -73.992363669111896, 40.689690123777083 ], [ -73.993929294838267, 40.686452871649195 ], [ -73.989128405969467, 40.684589453073499 ], [ -73.988282936413356, 40.685866785622203 ], [ -73.979616800192119, 40.682491270213355 ], [ -73.992770805263191, 40.6655072814333 ], [ -73.995978785785596, 40.667998006652681 ], [ -73.998550905217741, 40.671925941858525 ], [ -74.000303378088788, 40.668716892497251 ], [ -74.002215068165384, 40.668578637441428 ], [ -74.002894838769436, 40.667348465949601 ], [ -74.005863661806799, 40.667993762585873 ], [ -74.006836356433354, 40.66605609592466 ], [ -74.006963989936239, 40.666051399790788 ], [ -74.004753886923254, 40.670721358945201 ], [ -74.005439265293518, 40.670921468238674 ], [ -74.007548216183835, 40.667051745733779 ], [ -74.007087242878072, 40.668591358033382 ], [ -74.00985411855622, 40.668523628335642 ], [ -74.011540175433268, 40.665085919756883 ], [ -74.015748728826424, 40.664568335789269 ], [ -74.017444460509779, 40.665267995849405 ], [ -74.019339468717774, 40.671624948422824 ], [ -74.017510370866802, 40.67103453048172 ], [ -74.016486655544966, 40.664930508954015 ], [ -74.012279678728007, 40.66573241466164 ], [ -74.010338459479357, 40.669078195448208 ], [ -74.011625275213561, 40.670581028276068 ], [ -74.014249269318853, 40.669728605239897 ], [ -74.01175350509682, 40.670657756573412 ], [ -74.014274072577322, 40.671379299181993 ], [ -74.01519980570059, 40.670754027161927 ], [ -74.014232893867742, 40.672130000513334 ], [ -74.015686254975151, 40.671038834929035 ], [ -74.012975877921889, 40.673327918721128 ], [ -74.015119186639737, 40.672156996471891 ], [ -74.016320998563046, 40.6729082700666 ], [ -74.014963921845862, 40.674677630796985 ], [ -74.018168392147729, 40.671939240601382 ], [ -74.018800947769051, 40.672250764346323 ], [ -74.017271384701274, 40.673608645805743 ], [ -74.018010773205361, 40.673913181052562 ], [ -74.017834475727014, 40.675258223517091 ], [ -74.018885117606231, 40.675087765236746 ], [ -74.017919687777734, 40.676514765389861 ], [ -74.01995197798658, 40.677103010450331 ], [ -74.01843040661592, 40.677908320859892 ], [ -74.019662003069229, 40.678385638456518 ], [ -74.018270261393681, 40.678554218459787 ], [ -74.019540115604784, 40.678968206289646 ], [ -74.019281280580088, 40.679648140595681 ], [ -74.012820002668207, 40.683622416497656 ], [ -74.012134816887823, 40.682905927522761 ], [ -74.014105496479743, 40.681712519375687 ], [ -74.01301835422089, 40.680412373511949 ], [ -74.009671085588792, 40.683268727715223 ], [ -74.010773123393761, 40.684358615541129 ], [ -74.011932598450386, 40.683887749155268 ], [ -74.007981839996489, 40.686275822096121 ], [ -74.005882240952019, 40.686195768893839 ], [ -74.002975652824972, 40.690426575920959 ], [ -74.000961568109176, 40.69012876835032 ], [ -74.0019693846005, 40.691843209322862 ], [ -74.001617274016922, 40.692549071104274 ], [ -73.992363669111896, 40.689690123777083 ] ] ] } },
{ "type": "Feature", "properties": { "NTA2020": "BK0602", "NTAName": "Park Slope", "NTAType": "0", "BoroName": "Brooklyn" }, "geometry": { "type": "Polygon", "coordinates": [ [ [ -73.973760848355397, 40.683049408639761 ], [ -73.976180511982875, 40.678064321466145 ], [ -73.969497387844427, 40.675906380467012 ], [ -73.968771815989783, 40.673328342618163 ], [ -73.970407344616646, 40.67264721993093 ], [ -73.979653534103136, 40.661243234233666 ], [ -73.991733651449948, 40.666736595944784 ], [ -73.983900486807556, 40.676148653156858 ], [ -73.978077295526376, 40.684914940390122 ], [ -73.977457220091452, 40.68405228761327 ], [ -73.973760848355397, 40.683049408639761 ] ] ] } },
{ "type": "Feature", "properties": { "NTA2020": "BK0701", "NTAName": "Windsor Terrace-South Slope", "NTAType": "0", "BoroName": "Brooklyn" }, "geometry": { "type": "Polygon", "coordinates": [ [ [ -73.991733651449948, 40.666736595944784 ], [ -73.974367012264537, 40.658187904684944 ], [ -73.971396315341892, 40.648257786113895 ], [ -73.980291154111981, 40.647297162101452 ], [ -73.981795686304153, 40.655246097660829 ], [ -73.988431351641481, 40.659251212160513 ], [ -73.987250688445684, 40.660378956324358 ], [ -73.988716509716781, 40.662404938861961 ], [ -73.988317290439454, 40.662786248718135 ], [ -73.992770805263291, 40.665507281433257 ], [ -73.991733651449948, 40.666736595944784 ] ] ] } },
{ "type": "Feature", "properties": { "NTA2020": "BK0702", "NTAName": "Sunset Park (West)", "NTAType": "0", "BoroName": "Brooklyn" }, "geometry": { "type": "Polygon", "coordinates": [ [ [ -73.995978785785653, 40.667998006652645 ], [ -73.988317290439454, 40.662786248718135 ], [ -73.988716509716781, 40.662404938861961 ], [ -73.987250688445684, 40.660378956324358 ], [ -73.990188414350257, 40.657600818831348 ], [ -73.995168901321506, 40.659669522714367 ], [ -74.016167113871603, 40.639482442072264 ], [ -74.018430702489439, 40.640837328059639 ], [ -74.021087311093751, 40.63826358797882 ], [ -74.02185196301879, 40.639816098834572 ], [ -74.021114566498269, 40.641513579220295 ], [ -74.024754375168669, 40.638121418092013 ], [ -74.026952445797946, 40.639446065045284 ], [ -74.026236984973764, 40.640126491180567 ], [ -74.032541737956208, 40.643825483849533 ], [ -74.030518308633731, 40.645274424204047 ], [ -74.028205695450069, 40.64401598289048 ], [ -74.026049484003195, 40.646261350326355 ], [ -74.02938990486598, 40.648804054611489 ], [ -74.025717588048124, 40.646615492291126 ], [ -74.024354969367209, 40.64739927815365 ], [ -74.025538645780642, 40.649782159850815 ], [ -74.024844363634628, 40.650599638559754 ], [ -74.026051331967992, 40.650994300743285 ], [ -74.024240213475295, 40.651133516313571 ], [ -74.025416040285933, 40.651933806855247 ], [ -74.022851417959828, 40.651169195161913 ], [ -74.025368901505189, 40.652721436927436 ], [ -74.021246523734106, 40.65083497256451 ], [ -74.022337346668508, 40.651910605884389 ], [ -74.020898628708338, 40.651247275218481 ], [ -74.023807039031084, 40.653044728009078 ], [ -74.021959000905809, 40.65222278146836 ], [ -74.021186700278903, 40.652839836895517 ], [ -74.023204646611333, 40.654096116315586 ], [ -74.02162946295482, 40.653645164713645 ], [ -74.021644864153586, 40.654878982377461 ], [ -74.018726865886848, 40.653474310524594 ], [ -74.018118978104809, 40.653885271105565 ], [ -74.020051824542819, 40.655335948372077 ], [ -74.017874072238158, 40.654061502331025 ], [ -74.017153195810266, 40.654775104362301 ], [ -74.019800816519989, 40.656487210584849 ], [ -74.016650479597615, 40.655338796572359 ], [ -74.019108438031225, 40.657368884303651 ], [ -74.018605694609988, 40.657845874023032 ], [ -74.01585370056803, 40.656213239550418 ], [ -74.015436322696488, 40.656632396759861 ], [ -74.017742327275073, 40.658098917227711 ], [ -74.01768549175469, 40.658452992761397 ], [ -74.015047382218569, 40.656950386693595 ], [ -74.014421304845527, 40.657608021951582 ], [ -74.017458030879041, 40.659450197386896 ], [ -74.015541653889954, 40.660758354973702 ], [ -74.011838619905575, 40.658912837274976 ], [ -74.011107504103094, 40.659706274580813 ], [ -74.014022476780241, 40.661529747440241 ], [ -74.012653588114944, 40.661981654037774 ], [ -74.0085995696829, 40.659520923098441 ], [ -74.007458581638957, 40.660558476210092 ], [ -74.010372012972127, 40.662398879227553 ], [ -74.009550741420355, 40.66326769413056 ], [ -74.004283582501273, 40.661444894604045 ], [ -74.006226982479248, 40.662787827861152 ], [ -74.003488011006496, 40.66224055612868 ], [ -74.005997486826928, 40.663258610828713 ], [ -74.007721335067032, 40.664718633019994 ], [ -74.00712532646746, 40.664915218977079 ], [ -74.003628624425659, 40.662734847032176 ], [ -74.00528132177341, 40.664657003524162 ], [ -74.004861937926592, 40.66506482193838 ], [ -74.000834011084436, 40.663006441686747 ], [ -73.999531526099162, 40.66439748543452 ], [ -74.002924635163851, 40.666462311660986 ], [ -73.999981493391232, 40.667450274406256 ], [ -73.999026009983893, 40.66844297212716 ], [ -73.99855090521784, 40.67192594185849 ], [ -73.995978785785653, 40.667998006652645 ] ] ] } },
{ "type": "Feature", "properties": { "NTA2020": "BK0703", "NTAName": "Sunset Park (Central)", "NTAType": "0", "BoroName": "Brooklyn" }, "geometry": { "type": "Polygon", "coordinates": [ [ [ -73.996045653086583, 40.648340655431738 ], [ -74.009557083059065, 40.635492964131387 ], [ -74.005564902602217, 40.633083176917054 ], [ -74.00702302420386, 40.632109995476611 ], [ -74.010742200245019, 40.634356548825785 ], [ -74.011908237148745, 40.633234404781938 ], [ -74.021087311093751, 40.63826358797882 ], [ -74.018430702489439, 40.640837328059639 ], [ -74.016167113871603, 40.639482442072264 ], [ -74.002165559049971, 40.652949314454297 ], [ -73.997794660214709, 40.65028888997859 ], [ -73.998306022517198, 40.6497400157821 ], [ -73.996045653086583, 40.648340655431738 ] ] ] } },
{ "type": "Feature", "properties": { "NTA2020": "BK0771", "NTAName": "Green-Wood Cemetery", "NTAType": "7", "BoroName": "Brooklyn" }, "geometry": { "type": "Polygon", "coordinates": [ [ [ -73.988431351641481, 40.659251212160513 ], [ -73.981795686304153, 40.655246097660829 ], [ -73.980291154111981, 40.647297162101452 ], [ -73.989058723936083, 40.644119241039398 ], [ -73.998306022517198, 40.6497400157821 ], [ -73.997794660214709, 40.65028888997859 ], [ -74.002165559049971, 40.652949314454297 ], [ -73.995168901321506, 40.659669522714367 ], [ -73.990188414350257, 40.657600818831348 ], [ -73.988431351641481, 40.659251212160513 ] ] ] } },
{ "type": "Feature", "properties": { "NTA2020": "BK0801", "NTAName": "Prospect Heights", "NTAType": "0", "BoroName": "Brooklyn" }, "geometry": { "type": "Polygon", "coordinates": [ [ [ -73.960073458242746, 40.67486428465687 ], [ -73.961336954052953, 40.671356771472112 ], [ -73.968942063512102, 40.672887492443067 ], [ -73.969497387844427, 40.675906380467012 ], [ -73.976180511982875, 40.678064321466145 ], [ -73.973760848355397, 40.683049408639761 ], [ -73.961346557977365, 40.680463524803393 ], [ -73.963182387242782, 40.675529504991161 ], [ -73.960073458242746, 40.67486428465687 ] ] ] } },
{ "type": "Feature", "properties": { "NTA2020": "BK0802", "NTAName": "Crown Heights (North)", "NTAType": "0", "BoroName": "Brooklyn" }, "geometry": { "type": "Polygon", "coordinates": [ [ [ -73.952052387256956, 40.678674657273255 ], [ -73.921815389655762, 40.677018390461548 ], [ -73.922752571544322, 40.667097332961823 ], [ -73.924244671425569, 40.666445000386013 ], [ -73.92552759707489, 40.66849968981699 ], [ -73.955269635887561, 40.670124904854021 ], [ -73.961336954052953, 40.671356771472112 ], [ -73.960073458242746, 40.67486428465687 ], [ -73.963182387242782, 40.675529504991161 ], [ -73.961346557977365, 40.680463524803393 ], [ -73.952052387256956, 40.678674657273255 ] ] ] } },
{ "type": "Feature", "properties": { "NTA2020": "BK0891", "NTAName": "Lincoln Terrace Park", "NTAType": "9", "BoroName": "Brooklyn" }, "geometry": { "type": "Polygon", "coordinates": [ [ [ -73.924244671425569, 40.666445000386013 ], [ -73.925462701073258, 40.66591675266131 ], [ -73.92872204440549, 40.6644955701871 ], [ -73.928349670778346, 40.668647195192946 ], [ -73.92552759707489, 40.66849968981699 ], [ -73.924244671425569, 40.666445000386013 ] ] ] } },
{ "type": "Feature", "properties": { "NTA2020": "BK0901", "NTAName": "Crown Heights (South)", "NTAType": "0", "BoroName": "Brooklyn" }, "geometry": { "type": "Polygon", "coordinates": [ [ [ -73.962571229967182, 40.67162224488721 ], [ -73.955269635887561, 40.670124904854021 ], [ -73.928349670778346, 40.668647195192946 ], [ -73.92872204440549, 40.6644955701871 ], [ -73.930684653390315, 40.663620477274634 ], [ -73.942828921588415, 40.662847485669047 ], [ -73.942696288940112, 40.664055130240619 ], [ -73.945462935884592, 40.664226104639042 ], [ -73.957209353031544, 40.663517397279996 ], [ -73.957291726035209, 40.664302632819627 ], [ -73.958079532902872, 40.664259506217384 ], [ -73.960336827842639, 40.664108698850853 ], [ -73.960955953876251, 40.663285054834205 ], [ -73.962571229967182, 40.67162224488721 ] ] ] } },
{ "type": "Feature", "properties": { "NTA2020": "BK0902", "NTAName": "Prospect Lefferts Gardens-Wingate", "NTAType": "0", "BoroName": "Brooklyn" }, "geometry": { "type": "Polygon", "coordinates": [ [ [ -73.931607432690285, 40.6635567232982 ], [ -73.931325696260032, 40.660593307526391 ], [ -73.934230374189568, 40.660415233947816 ], [ -73.933995847334316, 40.658118646392765 ], [ -73.931083230329165, 40.658295916036082 ], [ -73.93090354800286, 40.656610355983553 ], [ -73.95006664861296, 40.655422997200489 ], [ -73.95015965960431, 40.656260231585044 ], [ -73.956388515247951, 40.655874565899659 ], [ -73.956300349687311, 40.655048281830759 ], [ -73.959696657310474, 40.65483921522852 ], [ -73.959861030471103, 40.655634789439276 ], [ -73.961880863517806, 40.654881192554718 ], [ -73.963082854645549, 40.662131168013715 ], [ -73.960336827842639, 40.664108698850853 ], [ -73.957291726035209, 40.664302632819627 ], [ -73.957209353031544, 40.663517397279996 ], [ -73.942696288940112, 40.664055130240619 ], [ -73.942828921588415, 40.662847485669047 ], [ -73.931607432690285, 40.6635567232982 ] ] ] } },
{ "type": "Feature", "properties": { "NTA2020": "BK1001", "NTAName": "Bay Ridge", "NTAType": "0", "BoroName": "Brooklyn" }, "geometry": { "type": "Polygon", "coordinates": [ [ [ -74.034073292942608, 40.644313932964096 ], [ -74.026236984973764, 40.640126491180567 ], [ -74.026952445797946, 40.639446065045284 ], [ -74.024754375168669, 40.638121418092013 ], [ -74.021114566498269, 40.641513579220295 ], [ -74.02185196301879, 40.639816098834572 ], [ -74.021281084661339, 40.638490108635594 ], [ -74.016773960467873, 40.635435143439302 ], [ -74.015146306141517, 40.633221938487559 ], [ -74.019704914691999, 40.622184965511018 ], [ -74.022875986775304, 40.619466147909137 ], [ -74.021215481986971, 40.618471985279555 ], [ -74.024777321800968, 40.60969599853231 ], [ -74.027106604029541, 40.6102439569948 ], [ -74.026376089032709, 40.6124506034026 ], [ -74.027542971286479, 40.612937183707089 ], [ -74.025749889941181, 40.6160582231958 ], [ -74.026289756187637, 40.616329300250179 ], [ -74.031446384768429, 40.611119815177794 ], [ -74.036039777120052, 40.609295639672382 ], [ -74.040130925841794, 40.614791910665467 ], [ -74.041595788299503, 40.6204638413612 ], [ -74.041894359837059, 40.624318219109092 ], [ -74.041064670603134, 40.63019178265661 ], [ -74.03680662048852, 40.638984221545698 ], [ -74.038762979207561, 40.639588258980723 ], [ -74.036724843749099, 40.639141190709459 ], [ -74.035712761507028, 40.640640153544069 ], [ -74.036703078691403, 40.641685619874195 ], [ -74.034073292942608, 40.644313932964096 ] ] ] } },
{ "type": "Feature", "properties": { "NTA2020": "BK1002", "NTAName": "Dyker Heights", "NTAType": "0", "BoroName": "Brooklyn" }, "geometry": { "type": "Polygon", "coordinates": [ [ [ -74.010742200245019, 40.634356548825785 ], [ -73.997240669737693, 40.625288687028196 ], [ -73.997713588636373, 40.623680269916157 ], [ -73.99932090153024, 40.624655246846721 ], [ -74.011712014897853, 40.612735029187782 ], [ -74.022875986775304, 40.619466147909137 ], [ -74.019704914691999, 40.622184965511018 ], [ -74.01542409736939, 40.632513139097618 ], [ -74.015146306141517, 40.633221938487559 ], [ -74.016773960467873, 40.635435143439302 ], [ -74.016290359337802, 40.635911128329681 ], [ -74.011908237148745, 40.633234404781938 ], [ -74.010742200245019, 40.634356548825785 ] ] ] } },
{ "type": "Feature", "properties": { "NTA2020": "BK1061", "NTAName": "Fort Hamilton", "NTAType": "6", "BoroName": "Brooklyn" }, "geometry": { "type": "Polygon", "coordinates": [ [ [ -74.027106604029541, 40.6102439569948 ], [ -74.021506028029549, 40.607822099335856 ], [ -74.022477693595562, 40.606674216150616 ], [ -74.020785409073383, 40.605673686182648 ], [ -74.021438646391289, 40.604415997085091 ], [ -74.018713821572689, 40.60358207641027 ], [ -74.019427608238104, 40.602871578348285 ], [ -74.030051465476845, 40.604759173812155 ], [ -74.036039777120052, 40.609295639672382 ], [ -74.031446384768429, 40.611119815177794 ], [ -74.026289756187637, 40.616329300250179 ], [ -74.025749889941181, 40.6160582231958 ], [ -74.027542971286479, 40.612937183707089 ], [ -74.026376089032709, 40.6124506034026 ], [ -74.027106604029541, 40.6102439569948 ] ] ] } },
{ "type": "Feature", "properties": { "NTA2020": "BK1091", "NTAName": "Dyker Beach Park", "NTAType": "9", "BoroName": "Brooklyn" }, "geometry": { "type": "Polygon", "coordinates": [ [ [ -74.011712014897853, 40.612735029187782 ], [ -74.017019100228481, 40.607654416971521 ], [ -74.015498549217114, 40.606841524277215 ], [ -74.018713821572689, 40.60358207641027 ], [ -74.021438646391289, 40.604415997085091 ], [ -74.020785409073383, 40.605673686182648 ], [ -74.022477693595562, 40.606674216150616 ], [ -74.021506028029549, 40.607822099335856 ], [ -74.024777321800968, 40.60969599853231 ], [ -74.021215481986971, 40.618471985279555 ], [ -74.011712014897853, 40.612735029187782 ] ] ] } },
{ "type": "Feature", "properties": { "NTA2020": "BK1101", "NTAName": "Bensonhurst", "NTAType": "0", "BoroName": "Brooklyn" }, "geometry": { "type": "Polygon", "coordinates": [ [ [ -73.996788474653442, 40.626826051412898 ], [ -73.985693577582154, 40.620131514950288 ], [ -73.986275246436904, 40.619566617594998 ], [ -73.974776579085471, 40.612638475932073 ], [ -73.974030977033848, 40.608702310158876 ], [ -73.988422674880894, 40.607119149009996 ], [ -73.989131913943169, 40.606456137709891 ], [ -73.986847625823188, 40.605097237133059 ], [ -73.988690086410884, 40.603425307156222 ], [ -73.990873266122463, 40.604769296996118 ], [ -73.995593206967172, 40.600232221722436 ], [ -74.004934488382233, 40.605074406401421 ], [ -74.000944083585026, 40.608639710173421 ], [ -74.01050403499481, 40.613896611995337 ], [ -73.99932090153024, 40.624655246846721 ], [ -73.997713588636373, 40.623680269916157 ], [ -73.996788474653442, 40.626826051412898 ] ] ] } },
{ "type": "Feature", "properties": { "NTA2020": "BK1102", "NTAName": "Bath Beach", "NTAType": "0", "BoroName": "Brooklyn" }, "geometry": { "type": "Polygon", "coordinates": [ [ [ -73.995593206967172, 40.600232221722436 ], [ -74.002037729567647, 40.594059606034854 ], [ -74.005118381707589, 40.597224791051254 ], [ -74.010412388895105, 40.600475181712689 ], [ -74.019427608238104, 40.602871578348285 ], [ -74.015498549217114, 40.606841524277215 ], [ -74.017019100228481, 40.607654416971521 ], [ -74.01050403499481, 40.613896611995337 ], [ -74.000944083585026, 40.608639710173421 ], [ -74.004934488382233, 40.605074406401421 ], [ -73.995593206967172, 40.600232221722436 ] ] ] } },
{ "type": "Feature", "properties": { "NTA2020": "BK1103", "NTAName": "Gravesend (West)", "NTAType": "0", "BoroName": "Brooklyn" }, "geometry": { "type": "Polygon", "coordinates": [ [ [ -73.979954433857884, 40.594073812106672 ], [ -73.984639653700469, 40.593552176042671 ], [ -73.986019367363639, 40.594446049964326 ], [ -73.989621500329932, 40.590981993245052 ], [ -73.990364250450654, 40.591431931676475 ], [ -73.993308549010223, 40.589583898580592 ], [ -73.993757617665807, 40.590331844505855 ], [ -73.997933823684363, 40.588399283154736 ], [ -73.999464468110745, 40.589233269380927 ], [ -73.99718982750889, 40.591606180520763 ], [ -74.00023075220183, 40.591478489804992 ], [ -73.998388310836148, 40.593531391606518 ], [ -74.001095967841565, 40.592518709501746 ], [ -74.00203772956759, 40.594059606034897 ], [ -73.990873266122463, 40.604769296996153 ], [ -73.988690086410841, 40.603425307156222 ], [ -73.986847625823188, 40.605097237133059 ], [ -73.989131913943012, 40.606456137709891 ], [ -73.988422674880894, 40.607119149010046 ], [ -73.972994339389018, 40.608814141802462 ], [ -73.972177427348868, 40.604194712040012 ], [ -73.972911168412139, 40.599315804203378 ], [ -73.971910804111289, 40.599423059132207 ], [ -73.971483507228484, 40.597171584957827 ], [ -73.980357853859175, 40.596191542249002 ], [ -73.979954433857884, 40.594073812106672 ] ] ] } },
{ "type": "Feature", "properties": { "NTA2020": "BK1201", "NTAName": "Sunset Park (East)-Borough Park (West)", "NTAType": "0", "BoroName": "Brooklyn" }, "geometry": { "type": "Polygon", "coordinates": [ [ [ -73.989058723936083, 40.644119241039398 ], [ -74.005564902602217, 40.633083176917054 ], [ -74.009557083059065, 40.635492964131387 ], [ -73.996045653086583, 40.648340655431738 ], [ -73.989058723936083, 40.644119241039398 ] ] ] } },
{ "type": "Feature", "properties": { "NTA2020": "BK1202", "NTAName": "Borough Park", "NTAType": "0", "BoroName": "Brooklyn" }, "geometry": { "type": "Polygon", "coordinates": [ [ [ -73.976049355254446, 40.631275905646689 ], [ -73.977165118407441, 40.630746654129211 ], [ -73.976577755572237, 40.627573186818879 ], [ -73.977524039899791, 40.627977619026197 ], [ -73.982144132821119, 40.623532670666769 ], [ -73.984400602443785, 40.624892622266223 ], [ -73.986100805409478, 40.623183112536125 ], [ -73.98830220167261, 40.624513695566506 ], [ -73.990093559633394, 40.622788953343168 ], [ -73.996788474653442, 40.626826051412898 ], [ -73.997240669737693, 40.625288687028196 ], [ -74.00702302420386, 40.632109995476611 ], [ -73.98834986671028, 40.644562243887457 ], [ -73.982994191754628, 40.641324996849193 ], [ -73.980420578218812, 40.642385226905908 ], [ -73.979111885837838, 40.635440387444461 ], [ -73.976888610805176, 40.635674862028296 ], [ -73.976049355254446, 40.631275905646689 ] ] ] } },
{ "type": "Feature", "properties": { "NTA2020": "BK1203", "NTAName": "Kensington", "NTAType": "0", "BoroName": "Brooklyn" }, "geometry": { "type": "Polygon", "coordinates": [ [ [ -73.976049355254446, 40.631275905646689 ], [ -73.976888610805176, 40.635674862028296 ], [ -73.979111885837838, 40.635440387444461 ], [ -73.980420578218812, 40.642385226905908 ], [ -73.982994191754628, 40.641324996849193 ], [ -73.98834986671028, 40.644562243887457 ], [ -73.981805337912093, 40.647127799764945 ], [ -73.971396315341892, 40.648257786113895 ], [ -73.968038683338605, 40.63665098543612 ], [ -73.970290361629495, 40.636406341418201 ], [ -73.969868692736014, 40.634194674598177 ], [ -73.976049355254446, 40.631275905646689 ] ] ] } },
{ "type": "Feature", "properties": { "NTA2020": "BK1204", "NTAName": "Mapleton-Midwood (West)", "NTAType": "0", "BoroName": "Brooklyn" }, "geometry": { "type": "Polygon", "coordinates": [ [ [ -73.962859739614558, 40.612549486467216 ], [ -73.964781126770447, 40.612330922164027 ], [ -73.964296498320351, 40.609776426175237 ], [ -73.974030977033848, 40.608702310158876 ], [ -73.974776579085471, 40.612638475932073 ], [ -73.986275246436904, 40.619566617594998 ], [ -73.985693577582154, 40.620131514950288 ], [ -73.990093559633394, 40.622788953343168 ], [ -73.98830220167261, 40.624513695566506 ], [ -73.986100805409478, 40.623183112536125 ], [ -73.984400602443785, 40.624892622266223 ], [ -73.982144132821119, 40.623532670666769 ], [ -73.977524039899791, 40.627977619026197 ], [ -73.976577755572237, 40.627573186818879 ], [ -73.976234535288413, 40.625976350730113 ], [ -73.970921261808257, 40.626569985505469 ], [ -73.971366220031058, 40.628929162715664 ], [ -73.966081912279336, 40.629542706826072 ], [ -73.962859739614558, 40.612549486467216 ] ] ] } },
{ "type": "Feature", "properties": { "NTA2020": "BK1301", "NTAName": "Gravesend (South)", "NTAType": "0", "BoroName": "Brooklyn" }, "geometry": { "type": "Polygon", "coordinates": [ [ [ -73.980710131280787, 40.593997228635629 ], [ -73.975570818728983, 40.589947991053947 ], [ -73.960679840683682, 40.591597582626378 ], [ -73.960258257706386, 40.585029307841353 ], [ -73.977425252477843, 40.582906593171607 ], [ -73.984927309703025, 40.584595952702323 ], [ -73.987101202315472, 40.584644592265242 ], [ -73.986544569763424, 40.583658591316571 ], [ -73.988299482289918, 40.583466747328394 ], [ -73.992591416394504, 40.588106321392615 ], [ -73.998085236881167, 40.58536472208425 ], [ -73.999705970995123, 40.585689819858736 ], [ -73.994173056383772, 40.588382857820946 ], [ -73.997956397392883, 40.587269506365836 ], [ -73.994876776953689, 40.588771746675334 ], [ -73.995347376612173, 40.589331380440157 ], [ -74.000432774931397, 40.586544594921754 ], [ -73.99375761766575, 40.590331844505855 ], [ -73.993308549010223, 40.589583898580592 ], [ -73.990364250450654, 40.591431931676475 ], [ -73.989621500329932, 40.590981993245052 ], [ -73.986019367363639, 40.594446049964326 ], [ -73.984639653700469, 40.593552176042635 ], [ -73.980710131280787, 40.593997228635629 ] ] ] } },
{ "type": "Feature", "properties": { "NTA2020": "BK1302", "NTAName": "Coney Island-Sea Gate", "NTAType": "0", "BoroName": "Brooklyn" }, "geometry": { "type": "Polygon", "coordinates": [ [ [ -73.966615315374099, 40.584570846455378 ], [ -73.968889957900643, 40.575261238994088 ], [ -73.959417781346772, 40.575177984144077 ], [ -73.959391821705253, 40.573912109249697 ], [ -73.968390377629973, 40.573154442437556 ], [ -73.969451262023782, 40.572857280363394 ], [ -73.969246212155497, 40.572304076157316 ], [ -73.970853630743676, 40.572770515280034 ], [ -73.971183063557021, 40.571941899084358 ], [ -73.972496737470564, 40.572576257250184 ], [ -73.973345022298105, 40.572321214006337 ], [ -73.973249901151533, 40.57162668560661 ], [ -73.97373209971208, 40.572286924591594 ], [ -73.975470819027905, 40.571969003817131 ], [ -73.975405640942071, 40.57142104064075 ], [ -73.977270570233983, 40.571863650676072 ], [ -73.977670875238132, 40.571171020079319 ], [ -73.978454865111829, 40.571892204296631 ], [ -73.979846944694003, 40.57153931961038 ], [ -73.979425161582597, 40.571221023724156 ], [ -73.983672701532512, 40.571407057687566 ], [ -73.983360579733656, 40.569529994486857 ], [ -73.98375790448641, 40.571396227251164 ], [ -73.990792647010238, 40.570248648755665 ], [ -74.000778595392688, 40.570490998221459 ], [ -74.002085476397284, 40.569585983985121 ], [ -74.002487077377097, 40.571738388872625 ], [ -74.01115668729264, 40.57416676185904 ], [ -74.013023800642813, 40.577804369508769 ], [ -74.011479285405002, 40.580078406879274 ], [ -74.007453660081651, 40.581803522848098 ], [ -73.998182612196445, 40.581725364239539 ], [ -73.997717794295511, 40.580706776808746 ], [ -73.988428337694174, 40.578815842619676 ], [ -73.987390643224728, 40.579086983063831 ], [ -73.98588567394853, 40.581144424565011 ], [ -73.986045099162411, 40.581720684649191 ], [ -73.986844789964394, 40.581232102005366 ], [ -73.98803566212689, 40.579633780413616 ], [ -73.989955049217528, 40.580661670034218 ], [ -73.988299482289861, 40.583466747328394 ], [ -73.986544569763367, 40.583658591316571 ], [ -73.987101202315316, 40.584644592265242 ], [ -73.977425252477786, 40.582906593171607 ], [ -73.966615315374099, 40.584570846455378 ] ] ] } },
{ "type": "Feature", "properties": { "NTA2020": "BK1303", "NTAName": "Brighton Beach", "NTAType": "0", "BoroName": "Brooklyn" }, "geometry": { "type": "Polygon", "coordinates": [ [ [ -73.952397829996926, 40.574247049242629 ], [ -73.95843476359066, 40.574088814543884 ], [ -73.95898718972613, 40.573430654726948 ], [ -73.959417781346772, 40.575177984144077 ], [ -73.968889957900643, 40.575261238994088 ], [ -73.966615315374099, 40.584570846455378 ], [ -73.960258257706329, 40.585029307841403 ], [ -73.960047986015624, 40.583269872406568 ], [ -73.959109588083109, 40.582856675715348 ], [ -73.954142877955547, 40.583106140608379 ], [ -73.952397829996926, 40.574247049242629 ] ] ] } },
{ "type": "Feature", "properties": { "NTA2020": "BK1391", "NTAName": "Calvert Vaux Park", "NTAType": "9", "BoroName": "Brooklyn" }, "geometry": { "type": "Polygon", "coordinates": [ [ [ -73.989955049217528, 40.580661670034218 ], [ -73.991855356566276, 40.581623978546311 ], [ -73.990262447143706, 40.584619148205491 ], [ -73.996055288205142, 40.582128903854326 ], [ -74.000179228594078, 40.583073949742605 ], [ -74.000436853580453, 40.584048969989304 ], [ -73.992591416394461, 40.588106321392615 ], [ -73.98833113748384, 40.583661758791067 ], [ -73.989955049217528, 40.580661670034218 ] ] ] } },
{ "type": "Feature", "properties": { "NTA2020": "BK1401", "NTAName": "Flatbush", "NTAType": "0", "BoroName": "Brooklyn" }, "geometry": { "type": "Polygon", "coordinates": [ [ [ -73.956300349687311, 40.655048281830759 ], [ -73.955825183077565, 40.650529808078517 ], [ -73.95870789822969, 40.650387273782769 ], [ -73.958106721313996, 40.64651800986065 ], [ -73.955651961088535, 40.6466304106468 ], [ -73.953600046314122, 40.638422347449861 ], [ -73.948264995908715, 40.638607190209292 ], [ -73.947773303283441, 40.63399815669721 ], [ -73.945867735271989, 40.634117548159686 ], [ -73.945617546457171, 40.631777430312098 ], [ -73.946479616309659, 40.631708162180139 ], [ -73.944155351678276, 40.62950828571033 ], [ -73.956846972805948, 40.628119879054225 ], [ -73.959376948944268, 40.64147155573626 ], [ -73.963185881826689, 40.639671818293863 ], [ -73.964087582677152, 40.64440641776779 ], [ -73.965011774701708, 40.644302151554498 ], [ -73.965467355400023, 40.646706158919919 ], [ -73.964540985117551, 40.646798630424904 ], [ -73.964903570509662, 40.648720969165119 ], [ -73.962185738310765, 40.649788797885414 ], [ -73.963020380949231, 40.651532065746011 ], [ -73.964654385647464, 40.650887728458549 ], [ -73.966213218932339, 40.653189405551728 ], [ -73.959861030471103, 40.655634789439276 ], [ -73.959696657310474, 40.65483921522852 ], [ -73.956300349687311, 40.655048281830759 ] ] ] } },
{ "type": "Feature", "properties": { "NTA2020": "BK1402", "NTAName": "Flatbush (West)-Ditmas Park-Parkville", "NTAType": "0", "BoroName": "Brooklyn" }, "geometry": { "type": "Polygon", "coordinates": [ [ [ -73.956846972805948, 40.628119879054225 ], [ -73.959955649899072, 40.62777867254033 ], [ -73.960407342760277, 40.630162531581377 ], [ -73.962325992986251, 40.629968716737551 ], [ -73.971366220031058, 40.628929162715664 ], [ -73.970921261808257, 40.626569985505469 ], [ -73.976234535288413, 40.625976350730113 ], [ -73.977165118407441, 40.630746654129211 ], [ -73.969868692736014, 40.634194674598177 ], [ -73.970290361629495, 40.636406341418201 ], [ -73.968038683338605, 40.63665098543612 ], [ -73.971396315341892, 40.648257786113895 ], [ -73.963020380949231, 40.651532065746011 ], [ -73.962185738310765, 40.649788797885414 ], [ -73.964903570509662, 40.648720969165119 ], [ -73.964540985117551, 40.646798630424904 ], [ -73.965467355400023, 40.646706158919919 ], [ -73.965011774701708, 40.644302151554498 ], [ -73.964087582677152, 40.64440641776779 ], [ -73.963185881826689, 40.639671818293863 ], [ -73.959376948944268, 40.64147155573626 ], [ -73.956846972805948, 40.628119879054225 ] ] ] } },
{ "type": "Feature", "properties": { "NTA2020": "BK1403", "NTAName": "Midwood", "NTAType": "0", "BoroName": "Brooklyn" }, "geometry": { "type": "Polygon", "coordinates": [ [ [ -73.959955649899072, 40.62777867254033 ], [ -73.947326721605791, 40.629166567209637 ], [ -73.944518332385854, 40.619713647094606 ], [ -73.946513731278316, 40.619494019652436 ], [ -73.945736919120279, 40.615363406756806 ], [ -73.947426086928729, 40.614224600553449 ], [ -73.95026514816935, 40.613924352802464 ], [ -73.949783802967957, 40.61137175047719 ], [ -73.962385482943546, 40.609985993352431 ], [ -73.966081912279336, 40.629542706826072 ], [ -73.960407342760277, 40.630162531581377 ], [ -73.959955649899072, 40.62777867254033 ] ] ] } },
{ "type": "Feature", "properties": { "NTA2020": "BK1501", "NTAName": "Gravesend (East)-Homecrest", "NTAType": "0", "BoroName": "Brooklyn" }, "geometry": { "type": "Polygon", "coordinates": [ [ [ -73.958592783638707, 40.610403030934762 ], [ -73.95683001567204, 40.601087349580084 ], [ -73.957757459225959, 40.600985889105303 ], [ -73.956077203524288, 40.59210143244573 ], [ -73.957003302698936, 40.592002256234842 ], [ -73.956194244692583, 40.58776182693213 ], [ -73.960349534313551, 40.587306286576165 ], [ -73.960679840683682, 40.591597582626378 ], [ -73.975570818728983, 40.589947991053947 ], [ -73.980710131280787, 40.593997228635629 ], [ -73.979954433857884, 40.594073812106672 ], [ -73.980357853859289, 40.596191542249002 ], [ -73.971483507228541, 40.597171584957827 ], [ -73.971910804111403, 40.599423059132207 ], [ -73.972911168412253, 40.599315804203378 ], [ -73.972177427349024, 40.604194712039984 ], [ -73.972994339388961, 40.608814141802426 ], [ -73.964296498320351, 40.609776426175237 ], [ -73.964781126770447, 40.612330922164027 ], [ -73.962859739614558, 40.612549486467216 ], [ -73.962385482943546, 40.609985993352431 ], [ -73.958592783638707, 40.610403030934762 ] ] ] } },
{ "type": "Feature", "properties": { "NTA2020": "BK1502", "NTAName": "Madison", "NTAType": "0", "BoroName": "Brooklyn" }, "geometry": { "type": "Polygon", "coordinates": [ [ [ -73.937537493740422, 40.608557390257708 ], [ -73.939726137788412, 40.607132915122257 ], [ -73.93426266637961, 40.602230711366637 ], [ -73.935032745000655, 40.601733791403561 ], [ -73.934471587475613, 40.601231511896657 ], [ -73.942889539076432, 40.600318650198204 ], [ -73.94248473186849, 40.598200366114334 ], [ -73.956927195597842, 40.596612076310926 ], [ -73.957757459225959, 40.600985889105303 ], [ -73.95683001567204, 40.601087349580084 ], [ -73.958592783638707, 40.610403030934762 ], [ -73.949783802967957, 40.61137175047719 ], [ -73.95026514816935, 40.613924352802464 ], [ -73.947426086928729, 40.614224600553449 ], [ -73.944827709083569, 40.616046209109157 ], [ -73.943546979340852, 40.609346555698046 ], [ -73.942311757933851, 40.608268197325657 ], [ -73.939347033152373, 40.610187141368563 ], [ -73.937537493740422, 40.608557390257708 ] ] ] } },
{ "type": "Feature", "properties": { "NTA2020": "BK1503", "NTAName": "Sheepshead Bay-Manhattan Beach-Gerritsen Beach", "NTAType": "0", "BoroName": "Brooklyn" }, "geometry": { "type": "Polygon", "coordinates": [ [ [ -73.929568582433006, 40.596820265422181 ], [ -73.918055685853062, 40.586436545676506 ], [ -73.92090603836381, 40.585590581533793 ], [ -73.925203615142408, 40.58580627115564 ], [ -73.928021852764118, 40.588068756351078 ], [ -73.923952948500897, 40.591139850525295 ], [ -73.92921964005194, 40.588813345444187 ], [ -73.928757034994149, 40.589152966925191 ], [ -73.930652138464254, 40.590290979492465 ], [ -73.929961165813154, 40.594005711319497 ], [ -73.932604205568438, 40.594929544525137 ], [ -73.931009893431067, 40.591931042983717 ], [ -73.931212948589547, 40.589531308119511 ], [ -73.929728463801382, 40.588613916332562 ], [ -73.930385452562618, 40.588441616079066 ], [ -73.929722325807603, 40.58756008340616 ], [ -73.931251912671314, 40.586849825214486 ], [ -73.928573939365123, 40.587061501869051 ], [ -73.928157006955587, 40.585864523568851 ], [ -73.927516219956033, 40.586398266715619 ], [ -73.925528608745111, 40.584978377075451 ], [ -73.927216491481502, 40.584783431487494 ], [ -73.931399474444561, 40.586079895490613 ], [ -73.930096162340064, 40.584502076232283 ], [ -73.932042448385843, 40.584233960077185 ], [ -73.931928111867506, 40.582869768935467 ], [ -73.94157408083602, 40.583607555437005 ], [ -73.953493220486749, 40.58298819826117 ], [ -73.95330135995637, 40.58200275013629 ], [ -73.949696724993871, 40.582319401066847 ], [ -73.942740625925154, 40.580995589559443 ], [ -73.932580065680298, 40.581264741203618 ], [ -73.931060280420468, 40.576265920599269 ], [ -73.931502567439907, 40.575660505629614 ], [ -73.944279114308628, 40.575800511386269 ], [ -73.952397829227706, 40.574247049744862 ], [ -73.954142877955547, 40.583106140608379 ], [ -73.956457289938513, 40.582658851057481 ], [ -73.960105094546037, 40.583408357661902 ], [ -73.960349534313551, 40.587306286576208 ], [ -73.956194244692483, 40.58776182693213 ], [ -73.956927195597842, 40.596612076310926 ], [ -73.942484731868532, 40.598200366114355 ], [ -73.942889539076475, 40.60031865019824 ], [ -73.9344715874755, 40.601231511896692 ], [ -73.935032745000711, 40.601733791403596 ], [ -73.933551170876157, 40.602687281327327 ], [ -73.92813139604965, 40.597777928648561 ], [ -73.929568582433006, 40.596820265422181 ] ] ] } },
{ "type": "Feature", "properties": { "NTA2020": "BK1601", "NTAName": "Ocean Hill", "NTAType": "0", "BoroName": "Brooklyn" }, "geometry": { "type": "Polygon", "coordinates": [ [ [ -73.918046068264374, 40.687213247770174 ], [ -73.900046261425004, 40.676893089537941 ], [ -73.922752571544322, 40.667097332961823 ], [ -73.921647480439347, 40.678870547032226 ], [ -73.916301197293976, 40.678577112935855 ], [ -73.918046068264374, 40.687213247770174 ] ] ] } },
{ "type": "Feature", "properties": { "NTA2020": "BK1602", "NTAName": "Brownsville", "NTAType": "0", "BoroName": "Brooklyn" }, "geometry": { "type": "Polygon", "coordinates": [ [ [ -73.903474222764117, 40.675506683779908 ], [ -73.900428272991832, 40.663807998266748 ], [ -73.901451145498598, 40.663658364657081 ], [ -73.900661186028799, 40.660586158506803 ], [ -73.899652332137251, 40.660735416880364 ], [ -73.898788592263173, 40.657412887891674 ], [ -73.903178582594236, 40.655311633836298 ], [ -73.907843463099212, 40.654591531248208 ], [ -73.907400356628258, 40.652843990142493 ], [ -73.908557904567786, 40.652095937794186 ], [ -73.910122556104128, 40.655851772056188 ], [ -73.912364588305152, 40.655513565751633 ], [ -73.918184929723793, 40.660726208914781 ], [ -73.919096814709818, 40.664230484459807 ], [ -73.921655715277325, 40.663843575669517 ], [ -73.924390992967474, 40.666381423277443 ], [ -73.903474222764117, 40.675506683779908 ] ] ] } },
{ "type": "Feature", "properties": { "NTA2020": "BK1701", "NTAName": "East Flatbush-Erasmus", "NTAType": "0", "BoroName": "Brooklyn" }, "geometry": { "type": "Polygon", "coordinates": [ [ [ -73.942401478405898, 40.655884811594852 ], [ -73.941892042966813, 40.651169346386943 ], [ -73.942825417228349, 40.651109983962805 ], [ -73.942631130722035, 40.649339757731589 ], [ -73.943529579601218, 40.648577244132227 ], [ -73.943373847753037, 40.647114703218563 ], [ -73.944343773338574, 40.647078201183767 ], [ -73.944169217884621, 40.645429187223833 ], [ -73.946072166925873, 40.645311812074567 ], [ -73.945868791598073, 40.643423744606956 ], [ -73.947789945295142, 40.643305736448838 ], [ -73.947442967067886, 40.640047665746565 ], [ -73.948413432997427, 40.639987464583648 ], [ -73.948264995908715, 40.638607190209292 ], [ -73.953600046314122, 40.638422347449861 ], [ -73.955651961088535, 40.6466304106468 ], [ -73.958106721313996, 40.64651800986065 ], [ -73.95870789822969, 40.650387273782769 ], [ -73.955825183077565, 40.650529808078517 ], [ -73.956388515247951, 40.655874565899659 ], [ -73.942401478405898, 40.655884811594852 ] ] ] } },
{ "type": "Feature", "properties": { "NTA2020": "BK1702", "NTAName": "East Flatbush-Farragut", "NTAType": "0", "BoroName": "Brooklyn" }, "geometry": { "type": "Polygon", "coordinates": [ [ [ -73.93738309030023, 40.644904887632386 ], [ -73.937284271606345, 40.643957722024773 ], [ -73.925721648357367, 40.644673383912753 ], [ -73.925382329468192, 40.642384532666334 ], [ -73.92652490760382, 40.636492723798511 ], [ -73.927448221624431, 40.635258409557068 ], [ -73.937267000308239, 40.634650626176104 ], [ -73.93701746157781, 40.632310979135951 ], [ -73.945617546457171, 40.631777430312098 ], [ -73.945867735271989, 40.634117548159686 ], [ -73.947773303283441, 40.63399815669721 ], [ -73.948413432997427, 40.639987464583648 ], [ -73.947442967067886, 40.640047665746565 ], [ -73.947789945295142, 40.643305736448838 ], [ -73.945868791598073, 40.643423744606956 ], [ -73.946072166925873, 40.645311812074567 ], [ -73.944169217884621, 40.645429187223833 ], [ -73.944343773338574, 40.647078201183767 ], [ -73.942799609584796, 40.646542617315262 ], [ -73.942608245801949, 40.644661862383238 ], [ -73.93738309030023, 40.644904887632386 ] ] ] } },
{ "type": "Feature", "properties": { "NTA2020": "BK1703", "NTAName": "East Flatbush-Rugby", "NTAType": "0", "BoroName": "Brooklyn" }, "geometry": { "type": "Polygon", "coordinates": [ [ [ -73.920897646012065, 40.653625106887056 ], [ -73.919737369821462, 40.6427781483453 ], [ -73.923298243812951, 40.639923221668155 ], [ -73.923565258151072, 40.642499298285919 ], [ -73.925502783048373, 40.642375154952795 ], [ -73.925721648357367, 40.644673383912753 ], [ -73.937284271606345, 40.643957722024773 ], [ -73.93738309030023, 40.644904887632386 ], [ -73.932614182053356, 40.645245478595498 ], [ -73.93299946929406, 40.648786275502054 ], [ -73.938706837173001, 40.648517443607275 ], [ -73.93886143773868, 40.649571941216429 ], [ -73.942631130722035, 40.649339757731589 ], [ -73.942825417228349, 40.651109983962805 ], [ -73.941892042966813, 40.651169346386943 ], [ -73.942401478405898, 40.655884811594852 ], [ -73.93090354800286, 40.656610355983553 ], [ -73.931083230329165, 40.658295916036082 ], [ -73.933995847334316, 40.658118646392765 ], [ -73.934230374189568, 40.660415233947816 ], [ -73.931325696260032, 40.660593307526391 ], [ -73.931607432690285, 40.6635567232982 ], [ -73.930684653390315, 40.663620477274634 ], [ -73.92464345482513, 40.658183158320128 ], [ -73.925406998263, 40.657679969859871 ], [ -73.920897646012065, 40.653625106887056 ] ] ] } },
{ "type": "Feature", "properties": { "NTA2020": "BK1704", "NTAName": "East Flatbush-Remsen Village", "NTAType": "0", "BoroName": "Brooklyn" }, "geometry": { "type": "Polygon", "coordinates": [ [ [ -73.908557904567786, 40.652095937794186 ], [ -73.919950629009477, 40.644707631236777 ], [ -73.920897646012065, 40.653625106887056 ], [ -73.925406998263, 40.657679969859871 ], [ -73.92464345482513, 40.658183158320128 ], [ -73.930684653390315, 40.663620477274634 ], [ -73.924390992967474, 40.666381423277443 ], [ -73.921655715277325, 40.663843575669517 ], [ -73.919096814709818, 40.664230484459807 ], [ -73.918184929723793, 40.660726208914781 ], [ -73.912364588305152, 40.655513565751633 ], [ -73.910122556104128, 40.655851772056188 ], [ -73.908557904567786, 40.652095937794186 ] ] ] } },
{ "type": "Feature", "properties": { "NTA2020": "BK1771", "NTAName": "Holy Cross Cemetery", "NTAType": "7", "BoroName": "Brooklyn" }, "geometry": { "type": "Polygon", "coordinates": [ [ [ -73.932614182053356, 40.645245478595498 ], [ -73.942608245801949, 40.644661862383238 ], [ -73.943122448366097, 40.649309184427615 ], [ -73.93886143773868, 40.649571941216429 ], [ -73.938706837173001, 40.648517443607275 ], [ -73.93299946929406, 40.648786275502054 ], [ -73.932614182053356, 40.645245478595498 ] ] ] } },
{ "type": "Feature", "properties": { "NTA2020": "BK1801", "NTAName": "Flatlands", "NTAType": "0", "BoroName": "Brooklyn" }, "geometry": { "type": "Polygon", "coordinates": [ [ [ -73.919737369821462, 40.6427781483453 ], [ -73.916903026051983, 40.616274229910296 ], [ -73.920526940195629, 40.613942695005818 ], [ -73.92062400176053, 40.614838681674222 ], [ -73.926400445350424, 40.614478535531099 ], [ -73.926297698486053, 40.613192155675364 ], [ -73.931731790598263, 40.617926921393732 ], [ -73.933204575144217, 40.616970442753654 ], [ -73.936866995407456, 40.620253281735152 ], [ -73.940789140211209, 40.6176967898908 ], [ -73.943469619494891, 40.61738500237221 ], [ -73.945736919120279, 40.615363406756806 ], [ -73.946513731278316, 40.619494019652436 ], [ -73.944518332385854, 40.619713647094606 ], [ -73.947326721605791, 40.629166567209637 ], [ -73.944155351678276, 40.62950828571033 ], [ -73.946479616309659, 40.631708162180139 ], [ -73.93701746157781, 40.632310979135951 ], [ -73.937267000308239, 40.634650626176104 ], [ -73.927448221624431, 40.635258409557068 ], [ -73.926163777063181, 40.637572961179245 ], [ -73.925382329468192, 40.642384532666334 ], [ -73.923565258151072, 40.642499298285919 ], [ -73.923298243812951, 40.639923221668155 ], [ -73.919737369821462, 40.6427781483453 ] ] ] } },
{ "type": "Feature", "properties": { "NTA2020": "BK1802", "NTAName": "Marine Park-Mill Basin-Bergen Beach", "NTAType": "0", "BoroName": "Brooklyn" }, "geometry": { "type": "Polygon", "coordinates": [ [ [ -73.917195150105499, 40.631738206250127 ], [ -73.91659169782919, 40.630451857973199 ], [ -73.90396106711259, 40.624833615554309 ], [ -73.903855405955866, 40.624940198196697 ], [ -73.905462061371807, 40.625774820186216 ], [ -73.90532958044659, 40.625864956084627 ], [ -73.902546561126144, 40.624444239169748 ], [ -73.903270459440193, 40.624484183941185 ], [ -73.902832622232395, 40.624050994449647 ], [ -73.902415430502941, 40.624462907250233 ], [ -73.902287079322804, 40.624409853930501 ], [ -73.902832905143896, 40.623603362298283 ], [ -73.900163008580336, 40.621677094243765 ], [ -73.901989507051894, 40.620562190469457 ], [ -73.898100736215056, 40.617043985744438 ], [ -73.898556140965809, 40.615148674172104 ], [ -73.902130402567025, 40.612780001262301 ], [ -73.903472764521624, 40.613986613167356 ], [ -73.904189823244607, 40.613564560851721 ], [ -73.90838646239753, 40.617391028775636 ], [ -73.909071451539546, 40.617160438332057 ], [ -73.908354032146676, 40.616530998961714 ], [ -73.909138531866503, 40.616531621729237 ], [ -73.907973063904549, 40.615736844563955 ], [ -73.908156638515905, 40.615601124051786 ], [ -73.909176751053863, 40.616521946980448 ], [ -73.908957061286543, 40.616991485322089 ], [ -73.909644060402826, 40.616575372002295 ], [ -73.902258599662758, 40.610422772600124 ], [ -73.901642117900792, 40.605763360739104 ], [ -73.905243009261596, 40.604910090324069 ], [ -73.905974611778547, 40.606384028704511 ], [ -73.908639595354217, 40.606658722048053 ], [ -73.909851548454697, 40.605999722177891 ], [ -73.908325368350987, 40.604073374421425 ], [ -73.910922700211032, 40.603505476603502 ], [ -73.913651197595954, 40.603982513837153 ], [ -73.916735564861952, 40.606814561550344 ], [ -73.916322300174485, 40.60867566317178 ], [ -73.916570739834143, 40.609423539546114 ], [ -73.916509244699768, 40.608629754089726 ], [ -73.917088385033665, 40.608820854396136 ], [ -73.916164750377206, 40.610515575076299 ], [ -73.91449542205973, 40.611653223665087 ], [ -73.914934187903597, 40.613958155557761 ], [ -73.913860530608019, 40.6146422680659 ], [ -73.914280726629315, 40.614938816188001 ], [ -73.916420990034936, 40.613569354692906 ], [ -73.915914521106799, 40.613845376312554 ], [ -73.915870865363544, 40.612910037390755 ], [ -73.916628043711412, 40.613443589265678 ], [ -73.915731819271286, 40.61183084451401 ], [ -73.918110366129881, 40.610208394560452 ], [ -73.917678707573899, 40.609662863943932 ], [ -73.918556661205898, 40.60849830904359 ], [ -73.91800500501185, 40.608149778514822 ], [ -73.919007370813205, 40.608267255473457 ], [ -73.918138148899089, 40.60764538741045 ], [ -73.919353984181626, 40.608042922287467 ], [ -73.918252690929492, 40.6072293506408 ], [ -73.919503589188608, 40.607974904478006 ], [ -73.917949805012029, 40.606209252342353 ], [ -73.921584290451904, 40.607639085896452 ], [ -73.924441442610984, 40.605793569984257 ], [ -73.926248849599091, 40.60741352225925 ], [ -73.929868801139534, 40.605071342130259 ], [ -73.933513106674127, 40.608343456312497 ], [ -73.934231574957394, 40.607897715857106 ], [ -73.936046276153789, 40.609514868917145 ], [ -73.937537493740422, 40.608557390257708 ], [ -73.939347033152373, 40.610187141368563 ], [ -73.942311757933794, 40.608268197325707 ], [ -73.943546979340852, 40.609346555698082 ], [ -73.944827709083512, 40.616046209109157 ], [ -73.94346961949482, 40.61738500237221 ], [ -73.940789140211052, 40.617696789890843 ], [ -73.936866995407399, 40.620253281735195 ], [ -73.933204575144117, 40.616970442753654 ], [ -73.931731790598263, 40.61792692139376 ], [ -73.926297698485996, 40.613192155675364 ], [ -73.926400445350467, 40.614478535531141 ], [ -73.920624001760487, 40.61483868167425 ], [ -73.920526940195529, 40.613942695005854 ], [ -73.916903026051941, 40.616274229910296 ], [ -73.918602246740974, 40.63206832825302 ], [ -73.917195150105499, 40.631738206250127 ] ] ] } },
{ "type": "Feature", "properties": { "NTA2020": "BK1803", "NTAName": "Canarsie", "NTAType": "0", "BoroName": "Brooklyn" }, "geometry": { "type": "MultiPolygon", "coordinates": [ [ [ [ -73.888467879232294, 40.646899734553365 ], [ -73.888497201938634, 40.646756786000267 ], [ -73.888532912128667, 40.64686188223088 ], [ -73.888467879232294, 40.646899734553365 ] ] ], [ [ [ -73.891218534690594, 40.649987698622866 ], [ -73.89056792841906, 40.649208633101352 ], [ -73.891096114747, 40.648812499079277 ], [ -73.888796908486711, 40.646050258056576 ], [ -73.889376029750494, 40.646974754423375 ], [ -73.888081388179103, 40.646620570633445 ], [ -73.887409601564173, 40.645329280626996 ], [ -73.888055871828584, 40.645119787257485 ], [ -73.887302174444329, 40.645195925929713 ], [ -73.880788897257361, 40.63975743263574 ], [ -73.885944176906861, 40.636226811674405 ], [ -73.882888508220475, 40.633436487182159 ], [ -73.885441361295051, 40.631401632810956 ], [ -73.892093870610609, 40.628657734739058 ], [ -73.890815634700488, 40.630853915545039 ], [ -73.892771858644778, 40.631808704509631 ], [ -73.899551929277564, 40.627466729813257 ], [ -73.901461611024175, 40.62523141885309 ], [ -73.91606079988702, 40.63203404982174 ], [ -73.918602246740974, 40.63206832825302 ], [ -73.919950629009421, 40.644707631236805 ], [ -73.918301522832522, 40.645812263252019 ], [ -73.909448462912849, 40.65152159979489 ], [ -73.903982004210988, 40.646628567576201 ], [ -73.895861547819123, 40.651880527332175 ], [ -73.897610131763727, 40.653453816120198 ], [ -73.893546770078501, 40.655202714083224 ], [ -73.890005890585101, 40.651148697632642 ], [ -73.891218534690594, 40.649987698622866 ] ] ] ] } },
{ "type": "Feature", "properties": { "NTA2020": "BK1891", "NTAName": "Marine Park-Plumb Island", "NTAType": "9", "BoroName": "Brooklyn" }, "geometry": { "type": "MultiPolygon", "coordinates": [ [ [ [ -73.915133319181962, 40.586269385400911 ], [ -73.91258587400705, 40.585566744135662 ], [ -73.912421030694574, 40.583392784027467 ], [ -73.914631662753635, 40.582757634402959 ], [ -73.917298614107168, 40.583190801749701 ], [ -73.915412909007429, 40.582364074301495 ], [ -73.911910588603547, 40.58296337725281 ], [ -73.911499601307924, 40.581818780459578 ], [ -73.915055201707446, 40.581543607722821 ], [ -73.924436040950326, 40.58355820294183 ], [ -73.931838813037785, 40.582945274164622 ], [ -73.932042448385843, 40.584233960077185 ], [ -73.930096162340064, 40.584502076232283 ], [ -73.931399474444561, 40.586079895490613 ], [ -73.927216491481502, 40.584783431487494 ], [ -73.921012554155823, 40.584575019281708 ], [ -73.915133319181962, 40.586269385400911 ] ] ], [ [ [ -73.919900643360933, 40.59960052158781 ], [ -73.916263931083463, 40.598161137312935 ], [ -73.913383057511766, 40.594721553280849 ], [ -73.912951226319819, 40.59205432996972 ], [ -73.91524478238685, 40.591587508680881 ], [ -73.917875435580868, 40.594722181022476 ], [ -73.921822777318937, 40.597332932872725 ], [ -73.922130493533345, 40.598662596680093 ], [ -73.919900643360933, 40.59960052158781 ] ] ], [ [ [ -73.936046276153789, 40.609514868917145 ], [ -73.934231574957394, 40.607897715857106 ], [ -73.933513106674127, 40.608343456312497 ], [ -73.929868801139534, 40.605071342130259 ], [ -73.926248849599091, 40.60741352225925 ], [ -73.924441442610984, 40.605793569984257 ], [ -73.921584290451904, 40.607639085896452 ], [ -73.920658616438104, 40.60675454338088 ], [ -73.919709286431043, 40.607302163280266 ], [ -73.887693957599353, 40.578063239179194 ], [ -73.895523810071651, 40.576769818436624 ], [ -73.896512543105857, 40.579007075075758 ], [ -73.8967463702365, 40.583189985033719 ], [ -73.898263054843468, 40.58678539535196 ], [ -73.898915999088814, 40.587537435558673 ], [ -73.899733413052459, 40.587165211607477 ], [ -73.898993717351587, 40.58762794668705 ], [ -73.899579279497232, 40.587987806236207 ], [ -73.904260373504528, 40.586912024831946 ], [ -73.906518746710248, 40.588025473115358 ], [ -73.907125024063816, 40.58752970296252 ], [ -73.906439242237013, 40.587033856877547 ], [ -73.911527550892572, 40.586105809031608 ], [ -73.91202884638848, 40.594367595280211 ], [ -73.915737916572937, 40.599205841210164 ], [ -73.921705033312392, 40.601744370075778 ], [ -73.924659835222599, 40.599725989688245 ], [ -73.929541491519345, 40.60274908136816 ], [ -73.929205568004903, 40.603892011889563 ], [ -73.931174761617328, 40.603850406434908 ], [ -73.932123196461959, 40.602709738746356 ], [ -73.93108919528396, 40.601722258766884 ], [ -73.927202404004404, 40.599910080434384 ], [ -73.921775363243441, 40.595030926201353 ], [ -73.920321409864542, 40.594718846992819 ], [ -73.914877615460568, 40.590313620711058 ], [ -73.914621252938304, 40.588748717729878 ], [ -73.91819087666164, 40.586606855427341 ], [ -73.929568582433006, 40.596820265422181 ], [ -73.92813139604965, 40.597777928648561 ], [ -73.939726137788355, 40.607132915122257 ], [ -73.936046276153789, 40.609514868917145 ] ] ] ] } },
{ "type": "Feature", "properties": { "NTA2020": "BK1892", "NTAName": "McGuire Fields", "NTAType": "9", "BoroName": "Brooklyn" }, "geometry": { "type": "Polygon", "coordinates": [ [ [ -73.90418982324465, 40.613564560851721 ], [ -73.903472764521666, 40.613986613167356 ], [ -73.902130402567082, 40.612780001262301 ], [ -73.898556140965908, 40.615148674172104 ], [ -73.898100736215, 40.617043985744438 ], [ -73.901989507051951, 40.620562190469457 ], [ -73.899856405559433, 40.621768759374909 ], [ -73.89705223901187, 40.621683965118393 ], [ -73.895613885020097, 40.619801286648247 ], [ -73.896643352253875, 40.61734771214244 ], [ -73.895861128941874, 40.614518137494933 ], [ -73.890954145647655, 40.612834046814697 ], [ -73.89396385060823, 40.611214223083536 ], [ -73.891077946327016, 40.612276861366126 ], [ -73.889747007851284, 40.611074881764225 ], [ -73.89226735458972, 40.609165273146864 ], [ -73.893346214200179, 40.606743446234852 ], [ -73.898502110432958, 40.605296690183053 ], [ -73.900170630060572, 40.605625142663889 ], [ -73.901063408290781, 40.606933287930126 ], [ -73.900279500076792, 40.610074009673831 ], [ -73.901366198230406, 40.611701841144935 ], [ -73.90249392985298, 40.611814999032468 ], [ -73.901192534654484, 40.610563817546769 ], [ -73.901329626594801, 40.610481042600881 ], [ -73.90418982324465, 40.613564560851721 ] ] ] } },
{ "type": "Feature", "properties": { "NTA2020": "BK1893", "NTAName": "Canarsie Park & Pier", "NTAType": "9", "BoroName": "Brooklyn" }, "geometry": { "type": "Polygon", "coordinates": [ [ [ -73.88076685498288, 40.639581647653621 ], [ -73.877144348685974, 40.635976498007714 ], [ -73.883644517283187, 40.630943311636187 ], [ -73.884047261493848, 40.629560118546692 ], [ -73.882632483674371, 40.628274273126415 ], [ -73.883692315055384, 40.627559373913535 ], [ -73.885129540236932, 40.628827259174138 ], [ -73.887526737062004, 40.628331824482693 ], [ -73.890422997436389, 40.626278598295315 ], [ -73.891487207483209, 40.624481722415346 ], [ -73.895336124705878, 40.622470570731942 ], [ -73.901461611024232, 40.625231418853026 ], [ -73.899551929277493, 40.627466729813221 ], [ -73.892771858644778, 40.631808704509631 ], [ -73.890815634700601, 40.630853915545039 ], [ -73.892093870610609, 40.628657734739015 ], [ -73.887476090592401, 40.630119778198463 ], [ -73.882888508220631, 40.633436487182124 ], [ -73.885944176906918, 40.636226811674405 ], [ -73.88076685498288, 40.639581647653621 ] ] ] } },
{ "type": "Feature", "properties": { "NTA2020": "BK5591", "NTAName": "Prospect Park", "NTAType": "9", "BoroName": "Brooklyn" }, "geometry": { "type": "Polygon", "coordinates": [ [ [ -73.970407344616589, 40.672647219930965 ], [ -73.962571230407036, 40.671622245222473 ], [ -73.960955953876251, 40.663285054834205 ], [ -73.962249737690712, 40.663198679200121 ], [ -73.963081453064063, 40.662196726823424 ], [ -73.961880863517806, 40.654881192554761 ], [ -73.966213218932225, 40.653189405551728 ], [ -73.964654385647464, 40.650887728458549 ], [ -73.971396315341892, 40.648257786113945 ], [ -73.97436701226458, 40.658187904684944 ], [ -73.98022716120721, 40.661047975795405 ], [ -73.970407344616589, 40.672647219930965 ] ] ] } },
{ "type": "Feature", "properties": { "NTA2020": "BK5691", "NTAName": "Barren Island-Floyd Bennett Field", "NTAType": "9", "BoroName": "Brooklyn" }, "geometry": { "type": "Polygon", "coordinates": [ [ [ -73.887693956829921, 40.578063239513405 ], [ -73.889243394982032, 40.579767519646332 ], [ -73.918527607454024, 40.606113367142648 ], [ -73.914428134622838, 40.60286391956344 ], [ -73.91301723175927, 40.602754248717297 ], [ -73.913298545698595, 40.602250351246106 ], [ -73.909036895305334, 40.602677343220343 ], [ -73.910731230132669, 40.602021376027828 ], [ -73.909040832215439, 40.601625205886172 ], [ -73.899326207123849, 40.603550746275104 ], [ -73.892412725240916, 40.603298953612381 ], [ -73.887730897045572, 40.605268271080845 ], [ -73.883964348820768, 40.605549140426589 ], [ -73.882717772104684, 40.604178837179532 ], [ -73.883363679460473, 40.602877458542373 ], [ -73.87941617176989, 40.59213200579822 ], [ -73.87971492228003, 40.591398891829201 ], [ -73.878968904387406, 40.590896773117741 ], [ -73.878787603635573, 40.588030460366589 ], [ -73.876716724820739, 40.584914430200975 ], [ -73.879702316640007, 40.58013510069835 ], [ -73.887693956829921, 40.578063239513405 ] ] ] } },
{ "type": "Feature", "properties": { "NTA2020": "BK5692", "NTAName": "Jamaica Bay (West)", "NTAType": "9", "BoroName": "Brooklyn" }, "geometry": { "type": "MultiPolygon", "coordinates": [ [ [ [ -73.863274710719409, 40.583876848532036 ], [ -73.867727969037787, 40.581663408926481 ], [ -73.869257580511956, 40.581909641073651 ], [ -73.870505979183505, 40.583341953013942 ], [ -73.871159226754145, 40.586873887967506 ], [ -73.869813564820063, 40.589460927291043 ], [ -73.866350521640854, 40.591892676564967 ], [ -73.863272734927151, 40.590908076195376 ], [ -73.861252993773633, 40.587988085921367 ], [ -73.863274710719409, 40.583876848532036 ] ] ], [ [ [ -73.869527075489316, 40.598713750354676 ], [ -73.869670707114977, 40.596688563622308 ], [ -73.870208998362287, 40.596954232789578 ], [ -73.869527075489316, 40.598713750354676 ] ] ], [ [ [ -73.870194914899386, 40.598996405902092 ], [ -73.871081418114755, 40.598901147470293 ], [ -73.870494119147708, 40.602604446204786 ], [ -73.870262805651123, 40.601681221253628 ], [ -73.870194914899386, 40.598996405902092 ] ] ], [ [ [ -73.852433358070115, 40.597333397795474 ], [ -73.856733643949752, 40.596075764354197 ], [ -73.860444205340755, 40.596471905596559 ], [ -73.863359991476059, 40.600322202771309 ], [ -73.861128142246358, 40.602550330571866 ], [ -73.854825957828581, 40.601867195856421 ], [ -73.850767480015591, 40.59883944383752 ], [ -73.852433358070115, 40.597333397795474 ] ] ], [ [ [ -73.867029051855567, 40.603743388854134 ], [ -73.867681941542102, 40.60307076667754 ], [ -73.868308084648078, 40.60313916014119 ], [ -73.867935053068521, 40.603961134949799 ], [ -73.867029051855567, 40.603743388854134 ] ] ], [ [ [ -73.847862483786201, 40.604702706326968 ], [ -73.846080590377639, 40.604544594339799 ], [ -73.846413681099079, 40.604187416605974 ], [ -73.845783224722339, 40.604821614884806 ], [ -73.844454899826758, 40.604687328923021 ], [ -73.845623037924653, 40.603519431253609 ], [ -73.847862483786201, 40.604702706326968 ] ] ], [ [ [ -73.848248684189372, 40.605142348236498 ], [ -73.847952771867355, 40.605354998631988 ], [ -73.84783682255852, 40.605084970887063 ], [ -73.848248684189372, 40.605142348236498 ] ] ], [ [ [ -73.848543408436541, 40.605963594023166 ], [ -73.848261099478478, 40.605779352565079 ], [ -73.848719644431426, 40.605890278256432 ], [ -73.848543408436541, 40.605963594023166 ] ] ], [ [ [ -73.834462655541287, 40.60719253361178 ], [ -73.835735874993347, 40.605793189121485 ], [ -73.834373865020055, 40.607851514590038 ], [ -73.834462655541287, 40.60719253361178 ] ] ], [ [ [ -73.867023994751492, 40.608068178769621 ], [ -73.868743175591689, 40.607035179279464 ], [ -73.868684688267521, 40.608241158184029 ], [ -73.867023994751492, 40.608068178769621 ] ] ], [ [ [ -73.869664429584915, 40.606540123413119 ], [ -73.871093307680709, 40.604694173994886 ], [ -73.871056566461348, 40.606285088494438 ], [ -73.873001227247741, 40.610555458460055 ], [ -73.87103870111612, 40.609723583029329 ], [ -73.869664429584915, 40.606540123413119 ] ] ], [ [ [ -73.850476249664439, 40.612342219057439 ], [ -73.849671450864193, 40.612109979904488 ], [ -73.849496183680131, 40.610329408061382 ], [ -73.850093297634004, 40.610162119378735 ], [ -73.849421488196555, 40.609822060411943 ], [ -73.853242210590849, 40.60773065612878 ], [ -73.854458784510257, 40.607895794207195 ], [ -73.853626406534644, 40.607264709614711 ], [ -73.855066426406452, 40.607459868933155 ], [ -73.854803447868875, 40.608596210303112 ], [ -73.856599993152898, 40.610834472954302 ], [ -73.855416949008145, 40.610115339930317 ], [ -73.851963812189268, 40.610243658689065 ], [ -73.852653295971919, 40.611173869111262 ], [ -73.851722751003507, 40.610949847417473 ], [ -73.850476249664439, 40.612342219057439 ] ] ], [ [ [ -73.844734926528275, 40.613969172304337 ], [ -73.840674688953655, 40.6114463226399 ], [ -73.839802021830806, 40.61236165904058 ], [ -73.838713753522129, 40.611994798841629 ], [ -73.838177060434418, 40.613080444155031 ], [ -73.836236211467664, 40.61227010691595 ], [ -73.838870804495997, 40.6079057980402 ], [ -73.84004319827396, 40.608234316583655 ], [ -73.840096120035142, 40.608961862467133 ], [ -73.840496568154819, 40.608555419416938 ], [ -73.839359278682025, 40.607614852162726 ], [ -73.841362776234732, 40.606794022517221 ], [ -73.84041971570521, 40.605770911346731 ], [ -73.841488788492953, 40.604498464068918 ], [ -73.844427293404152, 40.604156369842094 ], [ -73.841936178244083, 40.604929998003769 ], [ -73.843382483784765, 40.604986458515434 ], [ -73.843900532121665, 40.606416467895528 ], [ -73.844068854744307, 40.604561163676699 ], [ -73.844577078918817, 40.606603259349932 ], [ -73.845296887710361, 40.60626773448702 ], [ -73.844939059706661, 40.605032533664705 ], [ -73.847467428353639, 40.605082477085595 ], [ -73.845909920907516, 40.606292296233136 ], [ -73.846402647268462, 40.607301656939413 ], [ -73.846444416473389, 40.606223284211019 ], [ -73.849646783487131, 40.606050203554624 ], [ -73.846824444949902, 40.608063189700147 ], [ -73.844862338121459, 40.60808770468995 ], [ -73.846278970224702, 40.608278686950278 ], [ -73.845388235251392, 40.609783709973897 ], [ -73.845733426357441, 40.611441013476245 ], [ -73.844855501370063, 40.611029628200143 ], [ -73.845644265283312, 40.613692195380793 ], [ -73.844734926528275, 40.613969172304337 ] ] ], [ [ [ -73.833701521951653, 40.620978601845955 ], [ -73.834018881343738, 40.614381166922428 ], [ -73.83776702143372, 40.615522231418936 ], [ -73.835273783010777, 40.617247221955509 ], [ -73.834960797838164, 40.618532930696851 ], [ -73.835707332167615, 40.619729166952155 ], [ -73.834889226117511, 40.619606857057974 ], [ -73.83490436791962, 40.620469378562099 ], [ -73.83439058638038, 40.619853601887193 ], [ -73.833800755810501, 40.619645620187171 ], [ -73.834473303927069, 40.620121847153541 ], [ -73.833701521951653, 40.620978601845955 ] ] ], [ [ [ -73.834780323173504, 40.622625494643579 ], [ -73.833622419361163, 40.622602639833929 ], [ -73.83400742535396, 40.621034836832465 ], [ -73.834987160993492, 40.621011299889041 ], [ -73.834780323173504, 40.622625494643579 ] ] ], [ [ [ -73.850230907628642, 40.623320823622286 ], [ -73.848463715248897, 40.622365703234991 ], [ -73.850851079268352, 40.620247157758122 ], [ -73.856551556248391, 40.619567321995426 ], [ -73.85740170805083, 40.620303674631394 ], [ -73.855171309272919, 40.621959337739476 ], [ -73.854511558645299, 40.620795739308036 ], [ -73.851853296585915, 40.620565193782603 ], [ -73.851292929549501, 40.621836514431003 ], [ -73.852360382520203, 40.622974870516742 ], [ -73.850230907628642, 40.623320823622286 ] ] ], [ [ [ -73.833559238143579, 40.623936035001762 ], [ -73.833707574960542, 40.623693685043776 ], [ -73.833635825798993, 40.623955291911507 ], [ -73.833559238143579, 40.623936035001762 ] ] ], [ [ [ -73.862064722313761, 40.624321512884954 ], [ -73.863038767707991, 40.623302991769556 ], [ -73.863777391001264, 40.623951407055813 ], [ -73.862064722313761, 40.624321512884954 ] ] ], [ [ [ -73.845894584470827, 40.624971815313984 ], [ -73.844765453979491, 40.624854570076117 ], [ -73.84293864765408, 40.623323903976882 ], [ -73.845367040257969, 40.623048565731168 ], [ -73.845205579173196, 40.624354032070727 ], [ -73.845894584470827, 40.624971815313984 ] ] ], [ [ [ -73.857422719938128, 40.624975293543073 ], [ -73.857841339038202, 40.625190913217885 ], [ -73.857334864307944, 40.625145639546396 ], [ -73.857422719938128, 40.624975293543073 ] ] ], [ [ [ -73.840484726745942, 40.627495289030563 ], [ -73.839467008878685, 40.627293840763066 ], [ -73.840721221153117, 40.625864745121874 ], [ -73.842381786479848, 40.627440786271897 ], [ -73.840446456516531, 40.626586224836998 ], [ -73.840484726745942, 40.627495289030563 ] ] ], [ [ [ -73.86575831319405, 40.618501449958138 ], [ -73.87395306206885, 40.615839415733191 ], [ -73.877980708646305, 40.615798292878523 ], [ -73.879515773166148, 40.616561519796669 ], [ -73.879780555336424, 40.618630642429913 ], [ -73.877790988890141, 40.621652241555552 ], [ -73.866454839892768, 40.628255386806529 ], [ -73.864727660453255, 40.626525542416317 ], [ -73.866508603225455, 40.623754008018167 ], [ -73.865008301199666, 40.620546683660415 ], [ -73.86575831319405, 40.618501449958138 ] ] ], [ [ [ -73.848125936741909, 40.628840445308164 ], [ -73.848406866659005, 40.628568978311989 ], [ -73.848468482496386, 40.628793141161687 ], [ -73.848125936741909, 40.628840445308164 ] ] ], [ [ [ -73.848693742667322, 40.630612705936812 ], [ -73.848432741012672, 40.630459413510884 ], [ -73.848684378014156, 40.63045904066405 ], [ -73.848693742667322, 40.630612705936812 ] ] ], [ [ [ -73.85300014644605, 40.63202284175096 ], [ -73.851879793147944, 40.630508319207202 ], [ -73.853662305034675, 40.630876083516227 ], [ -73.856796764227241, 40.629841472978711 ], [ -73.858558363479801, 40.63045828819579 ], [ -73.857584867429821, 40.63271617553653 ], [ -73.855354717746167, 40.632812259102217 ], [ -73.854346172205339, 40.633722630899975 ], [ -73.852412474541282, 40.633643498143059 ], [ -73.85300014644605, 40.63202284175096 ] ] ], [ [ [ -73.846384589099671, 40.635285767689084 ], [ -73.847826535058402, 40.632779736655316 ], [ -73.850050002904709, 40.632173643280147 ], [ -73.848279835620687, 40.637471560905368 ], [ -73.846679148402188, 40.638731711757295 ], [ -73.844272653332851, 40.636692346432312 ], [ -73.846384589099671, 40.635285767689084 ] ] ] ] } },
{ "type": "Feature", "properties": { "NTA2020": "BK5693", "NTAName": "Shirley Chisholm State Park", "NTAType": "9", "BoroName": "Brooklyn" }, "geometry": { "type": "MultiPolygon", "coordinates": [ [ [ [ -73.873270312552364, 40.643903214345094 ], [ -73.869895833862472, 40.638934528919741 ], [ -73.867997096682231, 40.638115264707267 ], [ -73.873479391545018, 40.636285545798984 ], [ -73.878350764087116, 40.638871613743703 ], [ -73.873860339212129, 40.646314405595639 ], [ -73.873270312552364, 40.643903214345094 ] ] ], [ [ [ -73.858376053175661, 40.647274415816241 ], [ -73.857169782982055, 40.643678558886158 ], [ -73.862894632243837, 40.642550679682643 ], [ -73.866704119736838, 40.640021763998227 ], [ -73.866284767771646, 40.639472883190713 ], [ -73.868672828950821, 40.640925079203626 ], [ -73.870614924611473, 40.644856741384359 ], [ -73.872570431029871, 40.645575611857225 ], [ -73.873425088565241, 40.646781230516019 ], [ -73.860540777283617, 40.654623997278932 ], [ -73.857223309403579, 40.650278670541063 ], [ -73.858376053175661, 40.647274415816241 ] ] ] ] } },
{ "type": "Feature", "properties": { "NTA2020": "BX0101", "NTAName": "Mott Haven-Port Morris", "NTAType": "0", "BoroName": "Bronx" }, "geometry": { "type": "Polygon", "coordinates": [ [ [ -73.926627181235062, 40.816118959676515 ], [ -73.923999511887601, 40.815438912951819 ], [ -73.923092997722122, 40.816697728138308 ], [ -73.921245195926929, 40.816219397297409 ], [ -73.9215839208468, 40.815550632066206 ], [ -73.92048117283511, 40.814563686869597 ], [ -73.91764502820385, 40.816065918016491 ], [ -73.910947788690535, 40.813620921742007 ], [ -73.904465513443739, 40.812281960415369 ], [ -73.903417203074966, 40.811506882855269 ], [ -73.902292319265541, 40.804564776643879 ], [ -73.911688311088326, 40.796623770558085 ], [ -73.919031819068877, 40.798984947248528 ], [ -73.92292709999569, 40.802373295312769 ], [ -73.9276278850446, 40.802695665983379 ], [ -73.927645002643303, 40.803988633348276 ], [ -73.928726074236906, 40.804103625227086 ], [ -73.932527087198224, 40.808823281775162 ], [ -73.932423075950027, 40.814151715175811 ], [ -73.930278125969664, 40.813248025655305 ], [ -73.927316530002969, 40.818559634826919 ], [ -73.925184863752932, 40.818012669377161 ], [ -73.926627181235062, 40.816118959676515 ] ] ] } },
{ "type": "Feature", "properties": { "NTA2020": "BX0102", "NTAName": "Melrose", "NTAType": "0", "BoroName": "Bronx" }, "geometry": { "type": "Polygon", "coordinates": [ [ [ -73.901292774726684, 40.820475442613031 ], [ -73.904465513443697, 40.812281960415334 ], [ -73.910947788690649, 40.813620921741972 ], [ -73.917645028203793, 40.816065918016491 ], [ -73.920481172835053, 40.814563686869555 ], [ -73.921583920846913, 40.815550632066163 ], [ -73.921245195927028, 40.816219397297409 ], [ -73.923092997722122, 40.816697728138308 ], [ -73.9239995118877, 40.815438912951819 ], [ -73.926627181235176, 40.81611895967648 ], [ -73.922652611073943, 40.820494315280357 ], [ -73.916774004535498, 40.824387087372919 ], [ -73.915877357289432, 40.824103732531917 ], [ -73.916215884727521, 40.823467930224936 ], [ -73.911816156685262, 40.822035022411967 ], [ -73.909908940497232, 40.82255110811689 ], [ -73.901292774726684, 40.820475442613031 ] ] ] } },
{ "type": "Feature", "properties": { "NTA2020": "BX0201", "NTAName": "Hunts Point", "NTAType": "0", "BoroName": "Bronx" }, "geometry": { "type": "Polygon", "coordinates": [ [ [ -73.882447794866323, 40.819268323013631 ], [ -73.876731855069153, 40.815386495984242 ], [ -73.872394379, 40.813974336108593 ], [ -73.870568068617743, 40.812087317621867 ], [ -73.868112191400797, 40.806751832832056 ], [ -73.871745093739079, 40.801547366116331 ], [ -73.873550965725016, 40.80085330277204 ], [ -73.878142188198211, 40.801319290809218 ], [ -73.878234649218001, 40.802646805768383 ], [ -73.879213484076004, 40.802795327337826 ], [ -73.885051723367084, 40.80213090679824 ], [ -73.887958972239446, 40.80499792592088 ], [ -73.889064420259771, 40.805021912904778 ], [ -73.889224160910771, 40.805845351694749 ], [ -73.890147562439466, 40.804960609284215 ], [ -73.889374392536894, 40.805925273115491 ], [ -73.891786181355982, 40.805622892086411 ], [ -73.892706810665061, 40.806343948093144 ], [ -73.891732409956958, 40.805049362917948 ], [ -73.892748140374096, 40.806340261302189 ], [ -73.894842959835415, 40.805723997514932 ], [ -73.895098364873974, 40.806863639173734 ], [ -73.895279628739303, 40.805766184570665 ], [ -73.895591090918188, 40.806581343347709 ], [ -73.895874815993025, 40.80580851158259 ], [ -73.896108245178766, 40.806496150951446 ], [ -73.902222846993652, 40.804948113859844 ], [ -73.903089465303211, 40.80985639970249 ], [ -73.895428587724282, 40.815844672930879 ], [ -73.897044665897909, 40.816801859685697 ], [ -73.892836530134389, 40.820974054112867 ], [ -73.890823778639074, 40.820306482436273 ], [ -73.88744650441545, 40.822527685666842 ], [ -73.884385039517184, 40.822951369497083 ], [ -73.882447794866323, 40.819268323013631 ] ] ] } },
{ "type": "Feature", "properties": { "NTA2020": "BX0202", "NTAName": "Longwood", "NTAType": "0", "BoroName": "Bronx" }, "geometry": { "type": "Polygon", "coordinates": [ [ [ -73.887732196098327, 40.822377260439005 ], [ -73.890823778639074, 40.820306482436209 ], [ -73.892836530134389, 40.820974054112867 ], [ -73.897044665897909, 40.816801859685697 ], [ -73.895428587724325, 40.815844672930879 ], [ -73.903089465303268, 40.809856399702461 ], [ -73.903417203075009, 40.811506882855269 ], [ -73.904465513443697, 40.812281960415334 ], [ -73.900611410146709, 40.822108807929148 ], [ -73.901987585312739, 40.82244042310522 ], [ -73.900505403379924, 40.826007622429074 ], [ -73.901648954943511, 40.826256978346692 ], [ -73.900935106126383, 40.827928101756626 ], [ -73.895485226102096, 40.828248541383715 ], [ -73.894835228357579, 40.826246841714187 ], [ -73.887895108352595, 40.826743185296081 ], [ -73.886096241009113, 40.827655777860038 ], [ -73.887732196098327, 40.822377260439005 ] ] ] } },
{ "type": "Feature", "properties": { "NTA2020": "BX0291", "NTAName": "North & South Brother Islands", "NTAType": "9", "BoroName": "Bronx" }, "geometry": { "type": "MultiPolygon", "coordinates": [ [ [ [ -73.896808832237781, 40.795808445159977 ], [ -73.897968397837417, 40.795644839162179 ], [ -73.899194342499811, 40.796502456018445 ], [ -73.897882532401795, 40.797116532147228 ], [ -73.896808832237781, 40.795808445159977 ] ] ], [ [ [ -73.908026332767662, 40.799237871659798 ], [ -73.908131524036563, 40.799431301278709 ], [ -73.907960765422729, 40.7992834492686 ], [ -73.908026332767662, 40.799237871659798 ] ] ], [ [ [ -73.907951306579577, 40.799544778286069 ], [ -73.907682228008895, 40.799388313925469 ], [ -73.908102099680974, 40.799539646862584 ], [ -73.907951306579577, 40.799544778286069 ] ] ], [ [ [ -73.906520421249908, 40.801175510519265 ], [ -73.906451711255102, 40.801036915201891 ], [ -73.90658587767588, 40.801107479618274 ], [ -73.906520421249908, 40.801175510519265 ] ] ], [ [ [ -73.898330362705522, 40.802412820940248 ], [ -73.896466688345768, 40.800790470891542 ], [ -73.898640387149953, 40.799101164621533 ], [ -73.900210049931417, 40.799264155896196 ], [ -73.900037358156609, 40.800908742552991 ], [ -73.898330362705522, 40.802412820940248 ] ] ], [ [ [ -73.904070552152206, 40.803520977650265 ], [ -73.904097749800897, 40.803416598125743 ], [ -73.904148988347288, 40.803455653089571 ], [ -73.904070552152206, 40.803520977650265 ] ] ], [ [ [ -73.903927327042382, 40.80363439130182 ], [ -73.903872360170041, 40.803558744700808 ], [ -73.9039484244053, 40.803621310450055 ], [ -73.903927327042382, 40.80363439130182 ] ] ], [ [ [ -73.903742012694721, 40.803767808790504 ], [ -73.903689978803754, 40.803687704539229 ], [ -73.903765993656876, 40.803753454678521 ], [ -73.903742012694721, 40.803767808790504 ] ] ], [ [ [ -73.903338651292344, 40.803855412937523 ], [ -73.90333877121293, 40.803773744176922 ], [ -73.903356336994989, 40.8038611241127 ], [ -73.903338651292344, 40.803855412937523 ] ] ], [ [ [ -73.90305966667502, 40.80401743535262 ], [ -73.903002831050145, 40.803917352267092 ], [ -73.90308609780169, 40.803997089069163 ], [ -73.90305966667502, 40.80401743535262 ] ] ], [ [ [ -73.902709730364691, 40.804163662964285 ], [ -73.902904693884352, 40.804139054437925 ], [ -73.90287760500685, 40.804157582145756 ], [ -73.902709730364691, 40.804163662964285 ] ] ] ] } },
{ "type": "Feature", "properties": { "NTA2020": "BX0301", "NTAName": "Morrisania", "NTAType": "0", "BoroName": "Bronx" }, "geometry": { "type": "Polygon", "coordinates": [ [ [ -73.901225348993222, 40.835499911236802 ], [ -73.896301998111937, 40.833543217996109 ], [ -73.897172208809835, 40.830368832894322 ], [ -73.895485226102096, 40.828248541383715 ], [ -73.900935106126383, 40.827928101756626 ], [ -73.901648954943511, 40.826256978346692 ], [ -73.900505403379924, 40.826007622429074 ], [ -73.901987585312739, 40.82244042310522 ], [ -73.900611410146709, 40.822108807929148 ], [ -73.901292774726684, 40.820475442613031 ], [ -73.909908940497232, 40.82255110811689 ], [ -73.911816156685262, 40.822035022411967 ], [ -73.916215884727521, 40.823467930224936 ], [ -73.915877357289432, 40.824103732531917 ], [ -73.916774004535498, 40.824387087372919 ], [ -73.915411081472655, 40.825773909122731 ], [ -73.913511916097903, 40.824804945422571 ], [ -73.913166743488603, 40.825456455311851 ], [ -73.911309743851859, 40.824848558894544 ], [ -73.911694301723998, 40.82775871580909 ], [ -73.908959902216395, 40.830226234048695 ], [ -73.905531166306346, 40.829104132589293 ], [ -73.901225348993222, 40.835499911236802 ] ] ] } },
{ "type": "Feature", "properties": { "NTA2020": "BX0302", "NTAName": "Claremont Village-Claremont (East)", "NTAType": "0", "BoroName": "Bronx" }, "geometry": { "type": "Polygon", "coordinates": [ [ [ -73.904832499483135, 40.844842071458416 ], [ -73.894790219579221, 40.843720321970913 ], [ -73.895378361144751, 40.842938779458706 ], [ -73.896661616671807, 40.843524607067508 ], [ -73.905531166306346, 40.829104132589293 ], [ -73.910490105933036, 40.830737373534788 ], [ -73.905383579410767, 40.839768984474276 ], [ -73.904832499483135, 40.844842071458416 ] ] ] } },
{ "type": "Feature", "properties": { "NTA2020": "BX0303", "NTAName": "Crotona Park East", "NTAType": "0", "BoroName": "Bronx" }, "geometry": { "type": "Polygon", "coordinates": [ [ [ -73.880051884150674, 40.834702059200197 ], [ -73.883900947225172, 40.829802816909947 ], [ -73.884385039517312, 40.822951369497048 ], [ -73.887732196098327, 40.822377260439005 ], [ -73.886096241009113, 40.827655777860038 ], [ -73.887895108352595, 40.826743185296081 ], [ -73.894835228357579, 40.826246841714187 ], [ -73.895110207725224, 40.82803689945429 ], [ -73.897172208809835, 40.830368832894322 ], [ -73.896301998111937, 40.833543217996109 ], [ -73.896965889304624, 40.83434214589407 ], [ -73.893856241674257, 40.836395102230767 ], [ -73.890573632649378, 40.836901048030974 ], [ -73.88841187095251, 40.838553391564631 ], [ -73.887297439230522, 40.838135389036864 ], [ -73.886184320121899, 40.840105044972773 ], [ -73.882710047266897, 40.838626122711453 ], [ -73.882008446348976, 40.837443822721553 ], [ -73.882226986617994, 40.835452457607843 ], [ -73.880051884150674, 40.834702059200197 ] ] ] } },
{ "type": "Feature", "properties": { "NTA2020": "BX0391", "NTAName": "Crotona Park", "NTAType": "9", "BoroName": "Bronx" }, "geometry": { "type": "Polygon", "coordinates": [ [ [ -73.896661616671807, 40.843524607067508 ], [ -73.889417247147094, 40.839422733881491 ], [ -73.888137520930513, 40.839862003054407 ], [ -73.886598022567739, 40.839279050777904 ], [ -73.887297439230522, 40.838135389036864 ], [ -73.88841187095251, 40.838553391564631 ], [ -73.890573632649378, 40.836901048030974 ], [ -73.893856241674257, 40.836395102230767 ], [ -73.896965889304624, 40.83434214589407 ], [ -73.901215782989354, 40.835410141690495 ], [ -73.896661616671807, 40.843524607067508 ] ] ] } },
{ "type": "Feature", "properties": { "NTA2020": "BX0401", "NTAName": "Concourse-Concourse Village", "NTAType": "0", "BoroName": "Bronx" }, "geometry": { "type": "Polygon", "coordinates": [ [ [ -73.908691311411602, 40.833938346774062 ], [ -73.910490105932993, 40.830737373534788 ], [ -73.908959902216296, 40.830226234048723 ], [ -73.911694301723998, 40.827758715809132 ], [ -73.911309743851817, 40.824848558894544 ], [ -73.913166743488489, 40.825456455311908 ], [ -73.913511916097846, 40.824804945422571 ], [ -73.915411081472556, 40.825773909122759 ], [ -73.925184863752932, 40.818012669377161 ], [ -73.927316530002969, 40.818559634826919 ], [ -73.930278125969664, 40.813248025655305 ], [ -73.932423075950027, 40.814151715175811 ], [ -73.933072510019429, 40.828156152538618 ], [ -73.930959392142981, 40.828337089461328 ], [ -73.930685614956005, 40.82706059972692 ], [ -73.927152912856641, 40.82572391484139 ], [ -73.922217361395184, 40.834162941071305 ], [ -73.923177257326003, 40.83454010003787 ], [ -73.922372230377064, 40.836108742813778 ], [ -73.92001799342097, 40.83765612916762 ], [ -73.920479810184759, 40.837139536483647 ], [ -73.908691311411602, 40.833938346774062 ] ] ] } },
{ "type": "Feature", "properties": { "NTA2020": "BX0402", "NTAName": "Highbridge", "NTAType": "0", "BoroName": "Bronx" }, "geometry": { "type": "Polygon", "coordinates": [ [ [ -73.922858333837624, 40.844266063295507 ], [ -73.921318488444598, 40.839903341414335 ], [ -73.922372230377064, 40.836108742813778 ], [ -73.924031569855131, 40.835060873724608 ], [ -73.928257301030769, 40.829530515359899 ], [ -73.933072510019429, 40.828156152538618 ], [ -73.933143066429849, 40.835194128621417 ], [ -73.928615746678503, 40.844676865699327 ], [ -73.928047483356536, 40.845464595954304 ], [ -73.922858333837624, 40.844266063295507 ] ] ] } },
{ "type": "Feature", "properties": { "NTA2020": "BX0403", "NTAName": "Mount Eden-Claremont (West)", "NTAType": "0", "BoroName": "Bronx" }, "geometry": { "type": "Polygon", "coordinates": [ [ [ -73.904834940663122, 40.844752618499811 ], [ -73.905015148916533, 40.842404698989306 ], [ -73.90953427964574, 40.843062816977714 ], [ -73.90887759867266, 40.838902893121158 ], [ -73.909634489434779, 40.83712531878259 ], [ -73.907928376109169, 40.837239642756785 ], [ -73.905383579410767, 40.839768984474276 ], [ -73.908691311411602, 40.833938346774062 ], [ -73.920479810184759, 40.837139536483647 ], [ -73.920017993421141, 40.837656129167634 ], [ -73.922372230377007, 40.836108742813728 ], [ -73.921314753841912, 40.839813370039458 ], [ -73.922818743295494, 40.842751156027724 ], [ -73.922651852679081, 40.844745159817478 ], [ -73.904834940663122, 40.844752618499811 ] ] ] } },
{ "type": "Feature", "properties": { "NTA2020": "BX0491", "NTAName": "Yankee Stadium-Macombs Dam Park", "NTAType": "9", "BoroName": "Bronx" }, "geometry": { "type": "Polygon", "coordinates": [ [ [ -73.927152912414925, 40.825723915427353 ], [ -73.930685614956005, 40.827060599726885 ], [ -73.930959392142981, 40.828337089461328 ], [ -73.928027247725808, 40.829719539373095 ], [ -73.924031569855273, 40.835060873724608 ], [ -73.922372230377007, 40.836108742813728 ], [ -73.923177257326131, 40.834540100037849 ], [ -73.922217361395184, 40.834162941071305 ], [ -73.927152912414925, 40.825723915427353 ] ] ] } },
{ "type": "Feature", "properties": { "NTA2020": "BX0492", "NTAName": "Claremont Park", "NTAType": "9", "BoroName": "Bronx" }, "geometry": { "type": "Polygon", "coordinates": [ [ [ -73.905015148916533, 40.842404698989306 ], [ -73.906723455964894, 40.838347507219773 ], [ -73.908026659603692, 40.837186960449337 ], [ -73.909634489434779, 40.83712531878259 ], [ -73.90887759867266, 40.838902893121158 ], [ -73.90953427964574, 40.843062816977714 ], [ -73.905015148916533, 40.842404698989306 ] ] ] } },
{ "type": "Feature", "properties": { "NTA2020": "BX0501", "NTAName": "University Heights (South)-Morris Heights", "NTAType": "0", "BoroName": "Bronx" }, "geometry": { "type": "Polygon", "coordinates": [ [ [ -73.904868471272536, 40.85869322470829 ], [ -73.905659533608784, 40.857398734662688 ], [ -73.904683712785612, 40.857060301723926 ], [ -73.905221698959878, 40.856203595304351 ], [ -73.91418502222615, 40.845134946988445 ], [ -73.922858333837624, 40.844266063295507 ], [ -73.928047483356536, 40.845464595954304 ], [ -73.919023689707686, 40.857396538412829 ], [ -73.917406567232263, 40.857051409595421 ], [ -73.917188210278042, 40.855918821827942 ], [ -73.916159415041164, 40.858784566887358 ], [ -73.913284369851439, 40.85961860183285 ], [ -73.910567992728573, 40.858620594238872 ], [ -73.909667477647105, 40.857484948652832 ], [ -73.907774842025489, 40.85960952012411 ], [ -73.904868471272536, 40.85869322470829 ] ] ] } },
{ "type": "Feature", "properties": { "NTA2020": "BX0502", "NTAName": "Mount Hope", "NTAType": "0", "BoroName": "Bronx" }, "geometry": { "type": "Polygon", "coordinates": [ [ [ -73.897099267069109, 40.855172291947028 ], [ -73.895608831916604, 40.854570370599241 ], [ -73.901317297986694, 40.844473941534872 ], [ -73.914185022226263, 40.845134946988409 ], [ -73.905570072411336, 40.855787323398886 ], [ -73.901859959867764, 40.85458615026468 ], [ -73.900779226813455, 40.856047109728621 ], [ -73.898165773883662, 40.855146376392121 ], [ -73.898635436558862, 40.853906975435521 ], [ -73.897099267069109, 40.855172291947028 ] ] ] } },
{ "type": "Feature", "properties": { "NTA2020": "BX0503", "NTAName": "Fordham Heights", "NTAType": "0", "BoroName": "Bronx" }, "geometry": { "type": "Polygon", "coordinates": [ [ [ -73.891771886667271, 40.86187171725161 ], [ -73.89644052433917, 40.854907759154607 ], [ -73.897099267069109, 40.855172291947028 ], [ -73.898635436558862, 40.853906975435521 ], [ -73.898165773883662, 40.855146376392121 ], [ -73.900779226813455, 40.856047109728621 ], [ -73.901859959867764, 40.85458615026468 ], [ -73.905570072411336, 40.855787323398886 ], [ -73.904683712785712, 40.857060301723926 ], [ -73.905659533608841, 40.857398734662652 ], [ -73.903513904978709, 40.860917510652996 ], [ -73.902544792602029, 40.860578255335327 ], [ -73.901079668853299, 40.862756383422017 ], [ -73.891771886667271, 40.86187171725161 ] ] ] } },
{ "type": "Feature", "properties": { "NTA2020": "BX0601", "NTAName": "West Farms", "NTAType": "0", "BoroName": "Bronx" }, "geometry": { "type": "Polygon", "coordinates": [ [ [ -73.872834537739109, 40.839754863891983 ], [ -73.873928180060915, 40.835990312617866 ], [ -73.876733233395498, 40.836205618054123 ], [ -73.879252393434228, 40.834424789993946 ], [ -73.882226986617994, 40.835452457607843 ], [ -73.882008446348976, 40.837443822721553 ], [ -73.882710047266897, 40.838626122711453 ], [ -73.886184320121899, 40.840105044972773 ], [ -73.885202862082807, 40.844982740604202 ], [ -73.883119825037298, 40.84822109237944 ], [ -73.877339071500018, 40.843991755057175 ], [ -73.878175468262242, 40.842617696546377 ], [ -73.874591753045124, 40.841520648040685 ], [ -73.869874310130143, 40.846617458087188 ], [ -73.868892432746065, 40.848112322125907 ], [ -73.869562589479983, 40.848018713908061 ], [ -73.869209445697692, 40.849238373375215 ], [ -73.867859929275809, 40.848864931890319 ], [ -73.86892652693227, 40.846881740609923 ], [ -73.868042003256619, 40.84481383930634 ], [ -73.870995180673233, 40.84311139204393 ], [ -73.873597134793243, 40.839798556437017 ], [ -73.872834537739109, 40.839754863891983 ] ] ] } },
{ "type": "Feature", "properties": { "NTA2020": "BX0602", "NTAName": "Tremont", "NTAType": "0", "BoroName": "Bronx" }, "geometry": { "type": "Polygon", "coordinates": [ [ [ -73.883119825037298, 40.84822109237944 ], [ -73.885202862082807, 40.844982740604202 ], [ -73.886598022567739, 40.839279050777904 ], [ -73.888137520930513, 40.839862003054407 ], [ -73.889417247147094, 40.839422733881491 ], [ -73.895378361144751, 40.842938779458706 ], [ -73.894790219579221, 40.843720321970913 ], [ -73.901317297986694, 40.844473941534872 ], [ -73.895344056476333, 40.854696550089109 ], [ -73.89216687314898, 40.852769462892617 ], [ -73.890389539212492, 40.854689058587084 ], [ -73.889609779454958, 40.853621881050223 ], [ -73.889970283343231, 40.852103229953151 ], [ -73.883119825037298, 40.84822109237944 ] ] ] } },
{ "type": "Feature", "properties": { "NTA2020": "BX0603", "NTAName": "Belmont", "NTAType": "0", "BoroName": "Bronx" }, "geometry": { "type": "Polygon", "coordinates": [ [ [ -73.88362518063289, 40.867257588509098 ], [ -73.88267624666986, 40.866089142150656 ], [ -73.883923956963258, 40.8644177618703 ], [ -73.880505480226432, 40.860477561869111 ], [ -73.880730427315612, 40.856676605412851 ], [ -73.883119825037298, 40.84822109237944 ], [ -73.889970283343231, 40.852103229953151 ], [ -73.889609779454958, 40.853621881050223 ], [ -73.890389539212492, 40.854689058587084 ], [ -73.89216687314898, 40.852769462892617 ], [ -73.894000334174876, 40.85425193450056 ], [ -73.89644052433917, 40.854907759154607 ], [ -73.891771886667271, 40.86187171725161 ], [ -73.888895659440237, 40.864754153236092 ], [ -73.888122786877588, 40.86425457107957 ], [ -73.88362518063289, 40.867257588509098 ] ] ] } },
{ "type": "Feature", "properties": { "NTA2020": "BX0701", "NTAName": "University Heights (North)-Fordham", "NTAType": "0", "BoroName": "Bronx" }, "geometry": { "type": "Polygon", "coordinates": [ [ [ -73.907464896618947, 40.873547354235527 ], [ -73.904520703841712, 40.872495211204395 ], [ -73.904420030773849, 40.87036127600021 ], [ -73.903186673333479, 40.869148991992788 ], [ -73.899424360991361, 40.867880837715596 ], [ -73.898918542099935, 40.869658574486081 ], [ -73.896560605311876, 40.868565200586524 ], [ -73.897403231442496, 40.867474189709974 ], [ -73.890161635685814, 40.863476362822986 ], [ -73.891771886667271, 40.86187171725161 ], [ -73.901079668853299, 40.862756383422017 ], [ -73.902544792602029, 40.860578255335327 ], [ -73.903513904978709, 40.860917510652996 ], [ -73.904868471272636, 40.85869322470829 ], [ -73.907774842025546, 40.85960952012411 ], [ -73.909667477647204, 40.857484948652832 ], [ -73.910567992728616, 40.858620594238872 ], [ -73.913284369851439, 40.85961860183285 ], [ -73.915425445274437, 40.858728641466456 ], [ -73.915081817194675, 40.859191798940536 ], [ -73.916159415041221, 40.858784566887316 ], [ -73.917188210278042, 40.855918821827899 ], [ -73.917406567232362, 40.857051409595385 ], [ -73.919023689707686, 40.857396538412829 ], [ -73.913414621936553, 40.863367493700899 ], [ -73.912272789769773, 40.863632148996857 ], [ -73.912797621288746, 40.863898875935597 ], [ -73.909496643123177, 40.868831156640553 ], [ -73.908932351753805, 40.872157347970294 ], [ -73.907464896618947, 40.873547354235527 ] ] ] } },
{ "type": "Feature", "properties": { "NTA2020": "BX0702", "NTAName": "Bedford Park", "NTAType": "0", "BoroName": "Bronx" }, "geometry": { "type": "Polygon", "coordinates": [ [ [ -73.887128505963304, 40.882815425045344 ], [ -73.885675179594557, 40.878872510807994 ], [ -73.885276830532334, 40.879217668989746 ], [ -73.883455792629078, 40.87605609563839 ], [ -73.881468895963749, 40.868573646262242 ], [ -73.890161635685814, 40.863476362822986 ], [ -73.897403231442496, 40.867474189709974 ], [ -73.896560605311876, 40.868565200586524 ], [ -73.898918542099935, 40.869658574486081 ], [ -73.897789621822028, 40.870856643397929 ], [ -73.89811299430373, 40.87311035820391 ], [ -73.900416993279578, 40.87511767588839 ], [ -73.895529417909074, 40.882456156416055 ], [ -73.894196641969813, 40.883020601452209 ], [ -73.891631858160338, 40.882339110847312 ], [ -73.887128505963304, 40.882815425045344 ] ] ] } },
{ "type": "Feature", "properties": { "NTA2020": "BX0703", "NTAName": "Norwood", "NTAType": "0", "BoroName": "Bronx" }, "geometry": { "type": "Polygon", "coordinates": [ [ [ -73.874945896008668, 40.879947669963904 ], [ -73.870153184646384, 40.880350828061786 ], [ -73.871607185624939, 40.87692157317877 ], [ -73.87518850096302, 40.871575757314119 ], [ -73.88309382372141, 40.866602185023879 ], [ -73.88362518063289, 40.867257588509098 ], [ -73.881468895963749, 40.868573646262242 ], [ -73.883455792629078, 40.87605609563839 ], [ -73.885276830532334, 40.879217668989746 ], [ -73.885675179594557, 40.878872510807994 ], [ -73.887165051989797, 40.882576511897554 ], [ -73.887051425361193, 40.884349575846151 ], [ -73.881244223869274, 40.88270963367426 ], [ -73.878035622719679, 40.887118321754727 ], [ -73.878125751393156, 40.882153685978849 ], [ -73.874702554902811, 40.881553823556125 ], [ -73.874945896008668, 40.879947669963904 ] ] ] } },
{ "type": "Feature", "properties": { "NTA2020": "BX0801", "NTAName": "Kingsbridge Heights-Van Cortlandt Village", "NTAType": "0", "BoroName": "Bronx" }, "geometry": { "type": "Polygon", "coordinates": [ [ [ -73.887051425361193, 40.884349575846151 ], [ -73.887128505963304, 40.882815425045344 ], [ -73.891631858160338, 40.882339110847312 ], [ -73.894332002022807, 40.883008532996961 ], [ -73.896376321401689, 40.881821328596978 ], [ -73.896896622785121, 40.879728126762387 ], [ -73.900416993279578, 40.87511767588839 ], [ -73.898435000106232, 40.87375679699452 ], [ -73.897820784674096, 40.87196004967597 ], [ -73.899424360991361, 40.867880837715596 ], [ -73.902358047802338, 40.868696120953047 ], [ -73.904420030773849, 40.87036127600021 ], [ -73.904469013206807, 40.872415520677741 ], [ -73.906146688583718, 40.87326020472856 ], [ -73.904527940191116, 40.877064178108512 ], [ -73.897822123154043, 40.88507677041931 ], [ -73.896682430145802, 40.885964590853916 ], [ -73.887051425361193, 40.884349575846151 ] ] ] } },
{ "type": "Feature", "properties": { "NTA2020": "BX0802", "NTAName": "Kingsbridge-Marble Hill", "NTAType": "0", "BoroName": "Bronx" }, "geometry": { "type": "Polygon", "coordinates": [ [ [ -73.897914625999348, 40.890546693003465 ], [ -73.899904254798258, 40.886559723755191 ], [ -73.896682430145759, 40.885964590853916 ], [ -73.903765701901591, 40.878528638055606 ], [ -73.906146688583718, 40.873260204728609 ], [ -73.907464896618947, 40.873547354235527 ], [ -73.908932351753705, 40.872157347970294 ], [ -73.910921178771503, 40.874146396541825 ], [ -73.915785155056, 40.875716945734112 ], [ -73.91148913102154, 40.879018858809033 ], [ -73.909678683227625, 40.879514588338587 ], [ -73.910494903648583, 40.880525278169102 ], [ -73.902859489298478, 40.889164744004823 ], [ -73.900808377329611, 40.888936084716704 ], [ -73.898451295331569, 40.890708966148487 ], [ -73.897914625999348, 40.890546693003465 ] ] ] } },
{ "type": "Feature", "properties": { "NTA2020": "BX0803", "NTAName": "Riverdale-Spuyten Duyvil", "NTAType": "0", "BoroName": "Bronx" }, "geometry": { "type": "Polygon", "coordinates": [ [ [ -73.89663333796986, 40.911417375348435 ], [ -73.896357859051335, 40.903200132253474 ], [ -73.897157170990951, 40.899371827346918 ], [ -73.896431706286947, 40.893655280428831 ], [ -73.897914625999348, 40.890546693003465 ], [ -73.900867992176032, 40.888917553321967 ], [ -73.902859489298478, 40.889164744004823 ], [ -73.910494903648583, 40.880525278169102 ], [ -73.909678683227625, 40.879514588338587 ], [ -73.91148913102154, 40.879018858809033 ], [ -73.915785155056, 40.875716945734112 ], [ -73.919083262245891, 40.876064881825542 ], [ -73.922737881991708, 40.878905446097583 ], [ -73.924903273847917, 40.878888367852802 ], [ -73.9203928019909, 40.887648500227108 ], [ -73.912649321728779, 40.908070811955547 ], [ -73.911654724021986, 40.913417851896881 ], [ -73.910332567827282, 40.915532776502289 ], [ -73.89663333796986, 40.911417375348435 ] ] ] } },
{ "type": "Feature", "properties": { "NTA2020": "BX0901", "NTAName": "Soundview-Bruckner-Bronx River", "NTAType": "0", "BoroName": "Bronx" }, "geometry": { "type": "Polygon", "coordinates": [ [ [ -73.862722733329107, 40.832920683003181 ], [ -73.863665611915835, 40.832695324570949 ], [ -73.862642256143943, 40.828170145263883 ], [ -73.860673240503274, 40.828418986336743 ], [ -73.859703332475718, 40.826277348534944 ], [ -73.873568084643637, 40.824419846967537 ], [ -73.8724683409405, 40.820150091530209 ], [ -73.879814642314145, 40.819162449262812 ], [ -73.880980295271144, 40.818235623126753 ], [ -73.882447794866479, 40.819268323013596 ], [ -73.884644505460315, 40.823814274202789 ], [ -73.883900947225172, 40.829802816909947 ], [ -73.880051884150674, 40.834702059200197 ], [ -73.879252393434228, 40.834424789993946 ], [ -73.876733233395498, 40.836205618054123 ], [ -73.873928180060915, 40.835990312617866 ], [ -73.872834537739109, 40.839754863891983 ], [ -73.869207668159348, 40.839600047213814 ], [ -73.864480116516106, 40.841087797386244 ], [ -73.862722733329107, 40.832920683003181 ] ] ] } },
{ "type": "Feature", "properties": { "NTA2020": "BX0902", "NTAName": "Soundview-Clason Point", "NTAType": "0", "BoroName": "Bronx" }, "geometry": { "type": "Polygon", "coordinates": [ [ [ -73.845765617021101, 40.811582279344719 ], [ -73.846173028721694, 40.810676663928021 ], [ -73.847196845096477, 40.810580487614352 ], [ -73.848214865155938, 40.812462909498464 ], [ -73.850602462038481, 40.813930200042229 ], [ -73.853013282871274, 40.814584423623707 ], [ -73.852618151909525, 40.814058692123304 ], [ -73.853368578026732, 40.813593903135626 ], [ -73.855315117237879, 40.814412141184043 ], [ -73.853467740585231, 40.813477711608776 ], [ -73.851199976591502, 40.813553143872902 ], [ -73.849212437636311, 40.812384199537782 ], [ -73.849966968028184, 40.808578018843818 ], [ -73.848760077459843, 40.808337457793222 ], [ -73.849522182567355, 40.808055277720392 ], [ -73.847488226419102, 40.805448909149341 ], [ -73.848647846062136, 40.804699371480538 ], [ -73.85407120427061, 40.804457462419613 ], [ -73.858127056996651, 40.805466520552038 ], [ -73.858911212012742, 40.805912755735093 ], [ -73.858314877070782, 40.805998591012369 ], [ -73.858517041743866, 40.806637884259899 ], [ -73.858972320079559, 40.805966067238039 ], [ -73.859366023323204, 40.806675683207985 ], [ -73.85937656291263, 40.807568295674571 ], [ -73.858665051691929, 40.806832751495804 ], [ -73.858389962288143, 40.80825880914896 ], [ -73.858951412217777, 40.810271417586698 ], [ -73.860126951695449, 40.80960549938807 ], [ -73.859329192647763, 40.808996540965921 ], [ -73.859401479246586, 40.808165102376762 ], [ -73.860236254496343, 40.809450277613308 ], [ -73.862286044504671, 40.809945911225959 ], [ -73.861111266352168, 40.811150154574584 ], [ -73.864358463907379, 40.813008915112185 ], [ -73.864623227243484, 40.814222515687057 ], [ -73.868908648492379, 40.815116617187059 ], [ -73.87145992743001, 40.824720208838279 ], [ -73.856356774103091, 40.826752086462641 ], [ -73.853620252491524, 40.816088386202011 ], [ -73.851635432249381, 40.816359189181007 ], [ -73.850926593155208, 40.814335960507307 ], [ -73.847053820072389, 40.814826469603311 ], [ -73.845765617021101, 40.811582279344719 ] ] ] } },
{ "type": "Feature", "properties": { "NTA2020": "BX0903", "NTAName": "Castle Hill-Unionport", "NTAType": "0", "BoroName": "Bronx" }, "geometry": { "type": "MultiPolygon", "coordinates": [ [ [ [ -73.837016567381355, 40.829053410192401 ], [ -73.836042474823358, 40.817782612097396 ], [ -73.836396385702557, 40.818891366651329 ], [ -73.83696692423608, 40.816366657719591 ], [ -73.839743558996531, 40.816406071502378 ], [ -73.840077112128171, 40.817860895657006 ], [ -73.838683477009866, 40.819591380514417 ], [ -73.838882316467334, 40.822140489856217 ], [ -73.842292373228844, 40.82869980753231 ], [ -73.837016567381355, 40.829053410192401 ] ] ], [ [ [ -73.848486152077683, 40.834524495833719 ], [ -73.847278815812828, 40.829314745684101 ], [ -73.845320224539435, 40.828426538815783 ], [ -73.842915480740672, 40.828622469178903 ], [ -73.839829262416885, 40.821571501496223 ], [ -73.839998604074225, 40.819934946813262 ], [ -73.841986847678911, 40.818774373907473 ], [ -73.845765617021058, 40.811582279344776 ], [ -73.847053820072276, 40.814826469603311 ], [ -73.850926593155108, 40.814335960507307 ], [ -73.851635432249381, 40.816359189181043 ], [ -73.85362025249141, 40.816088386202011 ], [ -73.856356774103034, 40.826752086462641 ], [ -73.859703332475718, 40.826277348534944 ], [ -73.860673240503175, 40.828418986336743 ], [ -73.862642256143943, 40.828170145263925 ], [ -73.863665611915778, 40.832695324570949 ], [ -73.860850196165075, 40.833613538099335 ], [ -73.848486152077683, 40.834524495833719 ] ] ] ] } },
{ "type": "Feature", "properties": { "NTA2020": "BX0904", "NTAName": "Parkchester", "NTAType": "0", "BoroName": "Bronx" }, "geometry": { "type": "Polygon", "coordinates": [ [ [ -73.85168459659603, 40.834201052349357 ], [ -73.862722733329107, 40.832920683003181 ], [ -73.864480116516106, 40.841087797386244 ], [ -73.853335249420468, 40.842470155154949 ], [ -73.85168459659603, 40.834201052349357 ] ] ] } },
{ "type": "Feature", "properties": { "NTA2020": "BX0991", "NTAName": "Soundview Park", "NTAType": "9", "BoroName": "Bronx" }, "geometry": { "type": "Polygon", "coordinates": [ [ [ -73.862286044504671, 40.809945911225959 ], [ -73.867656462844664, 40.810583761937337 ], [ -73.870778048858398, 40.814486895990541 ], [ -73.878062831077742, 40.81618263244264 ], [ -73.880980295271144, 40.818235623126753 ], [ -73.879814642314145, 40.819162449262812 ], [ -73.8724683409405, 40.820150091530209 ], [ -73.873568084643637, 40.824419846967537 ], [ -73.87145992743001, 40.824720208838279 ], [ -73.869544802298705, 40.816094753814134 ], [ -73.868182183779027, 40.814807718512625 ], [ -73.864623227243484, 40.814222515687057 ], [ -73.864358463907379, 40.813008915112185 ], [ -73.861111266352168, 40.811150154574584 ], [ -73.862286044504671, 40.809945911225959 ] ] ] } },
{ "type": "Feature", "properties": { "NTA2020": "BX1001", "NTAName": "Westchester Square", "NTAType": "0", "BoroName": "Bronx" }, "geometry": { "type": "Polygon", "coordinates": [ [ [ -73.841613755442623, 40.840575625790855 ], [ -73.839367942505234, 40.840882973984549 ], [ -73.840302825370699, 40.839524314447793 ], [ -73.839412202447107, 40.834600065106663 ], [ -73.842758842937684, 40.830818484143002 ], [ -73.842915480740672, 40.828622469178903 ], [ -73.845320224539435, 40.828426538815783 ], [ -73.847278815812828, 40.829314745684101 ], [ -73.848486152077683, 40.834524495833719 ], [ -73.851684596595973, 40.834201052349357 ], [ -73.853335249420468, 40.842470155154949 ], [ -73.848063453279764, 40.843067998651371 ], [ -73.84623479939151, 40.844490217803468 ], [ -73.847884919530998, 40.845988980525171 ], [ -73.845783504952379, 40.847966357828923 ], [ -73.844885763583576, 40.850202725464243 ], [ -73.844910341007463, 40.845427461417174 ], [ -73.841613755442623, 40.840575625790855 ] ] ] } },
{ "type": "Feature", "properties": { "NTA2020": "BX1002", "NTAName": "Throgs Neck-Schuylerville", "NTAType": "0", "BoroName": "Bronx" }, "geometry": { "type": "Polygon", "coordinates": [ [ [ -73.82611300556735, 40.845338693769143 ], [ -73.825404825150912, 40.835659274739228 ], [ -73.826012525707355, 40.834020778205527 ], [ -73.815525009223634, 40.835976307428787 ], [ -73.8160119668146, 40.833980805210977 ], [ -73.81476387691815, 40.830816800496244 ], [ -73.813897833604869, 40.830907554158458 ], [ -73.814510165214386, 40.830614047051327 ], [ -73.81275469994516, 40.828248236251532 ], [ -73.809925159167733, 40.828179711987062 ], [ -73.812639752579472, 40.827836406100047 ], [ -73.81384974858679, 40.826803529132462 ], [ -73.812917761312221, 40.82635038912084 ], [ -73.813991115878565, 40.826069598458382 ], [ -73.813421021970541, 40.825925017271068 ], [ -73.813795235176613, 40.825298086001737 ], [ -73.812113505564355, 40.82555263465953 ], [ -73.81388934710678, 40.824087367430835 ], [ -73.807666047652333, 40.825896992059278 ], [ -73.805951691244459, 40.822882595349604 ], [ -73.805728029897281, 40.820177338695188 ], [ -73.804518004157259, 40.818927687513082 ], [ -73.797590327774742, 40.816507531567758 ], [ -73.797381125735257, 40.815763504895806 ], [ -73.799028163139994, 40.815541134938854 ], [ -73.801745612159465, 40.812865017415923 ], [ -73.801403809688452, 40.812363308658718 ], [ -73.803614249769268, 40.812523114163248 ], [ -73.804358102805452, 40.813608538673066 ], [ -73.803513706430692, 40.812935243289573 ], [ -73.803224493004791, 40.813358580520273 ], [ -73.803455192996111, 40.81340269149333 ], [ -73.804530816098335, 40.814254619924547 ], [ -73.803221762992848, 40.813374109942423 ], [ -73.803516673373679, 40.81395196364879 ], [ -73.807046001535085, 40.81653369387552 ], [ -73.80545612201098, 40.814686574062925 ], [ -73.804963365210725, 40.812163958656569 ], [ -73.803911860624694, 40.812110497881378 ], [ -73.802353402788526, 40.810037059461749 ], [ -73.801011728436976, 40.810713399646332 ], [ -73.801466700073277, 40.81014171796329 ], [ -73.792289073374235, 40.806849005579672 ], [ -73.790864757387212, 40.807341139435628 ], [ -73.790284108740124, 40.804817104191592 ], [ -73.793389822867198, 40.804204330036477 ], [ -73.801593931695777, 40.80898635372138 ], [ -73.803926734172038, 40.808527970811902 ], [ -73.810164771253994, 40.812987973839313 ], [ -73.814003190660543, 40.813551467266088 ], [ -73.814499941160079, 40.812908287604721 ], [ -73.814477271911556, 40.813518541338752 ], [ -73.816480155468057, 40.813853231878966 ], [ -73.8263078460309, 40.811284122206793 ], [ -73.82841397073399, 40.814875147706907 ], [ -73.823172373751291, 40.816679613832314 ], [ -73.826716614216494, 40.821818576351248 ], [ -73.828329215387257, 40.821040391911779 ], [ -73.829459207351519, 40.822377110500376 ], [ -73.824644279131931, 40.824763851293568 ], [ -73.836832203524921, 40.828441442220978 ], [ -73.837016567381355, 40.829053410192401 ], [ -73.842330774109826, 40.829073962955547 ], [ -73.841886437744279, 40.83071317653468 ], [ -73.838881646998473, 40.833601154233783 ], [ -73.839567002668772, 40.840547227886681 ], [ -73.837621241471822, 40.840283566823572 ], [ -73.836826397649688, 40.843462446766125 ], [ -73.830431862698532, 40.843857983628958 ], [ -73.82611300556735, 40.845338693769143 ] ] ] } },
{ "type": "Feature", "properties": { "NTA2020": "BX1003", "NTAName": "Pelham Bay-Country Club-City Island", "NTAType": "0", "BoroName": "Bronx" }, "geometry": { "type": "MultiPolygon", "coordinates": [ [ [ [ -73.788333498343718, 40.834667130262112 ], [ -73.78931223606466, 40.834464887056185 ], [ -73.78951019872315, 40.835364042525896 ], [ -73.788456999488844, 40.835309914816925 ], [ -73.788333498343718, 40.834667130262112 ] ] ], [ [ [ -73.815141919185223, 40.849080613237781 ], [ -73.816026851151861, 40.846400457765043 ], [ -73.814645946975475, 40.847219613529134 ], [ -73.815703531894542, 40.846291340423946 ], [ -73.813686347383381, 40.847274325006651 ], [ -73.813563728616714, 40.847151411278681 ], [ -73.81490858203334, 40.846468764376645 ], [ -73.814423525798261, 40.846187825072626 ], [ -73.815026276041621, 40.845499995561163 ], [ -73.813188650726431, 40.846229535972796 ], [ -73.814031982193811, 40.845589297868088 ], [ -73.813632582327045, 40.845280769031525 ], [ -73.813359055848849, 40.845845499833793 ], [ -73.813289326928768, 40.845951022731782 ], [ -73.813212952441106, 40.8459229403446 ], [ -73.813259977246943, 40.845233990458368 ], [ -73.812849399585232, 40.846318799498462 ], [ -73.813243263510643, 40.845235907850174 ], [ -73.813100506304608, 40.845172414471357 ], [ -73.812877035975689, 40.845134667946056 ], [ -73.813155970442551, 40.845212100376486 ], [ -73.812855369574962, 40.845186285964161 ], [ -73.812414453282756, 40.846559380246369 ], [ -73.812277908343219, 40.846543458278319 ], [ -73.812857743378146, 40.845129545091851 ], [ -73.812544578154714, 40.844979598511053 ], [ -73.81188458844791, 40.846594967061407 ], [ -73.812436250606751, 40.846737712075743 ], [ -73.811699718235175, 40.846681701316406 ], [ -73.812661413490531, 40.844207649500966 ], [ -73.813117950235664, 40.844787603569834 ], [ -73.81254909054671, 40.844952274642615 ], [ -73.813678487614439, 40.845056980413041 ], [ -73.81416729043147, 40.844780906032177 ], [ -73.813479565914079, 40.84365111935179 ], [ -73.818237227462021, 40.844355041712817 ], [ -73.816626773250945, 40.843944898560423 ], [ -73.814733458175397, 40.841375728311043 ], [ -73.815234048873833, 40.841009640994116 ], [ -73.814309001335488, 40.839622416882001 ], [ -73.816283781131943, 40.838230829087365 ], [ -73.81606068234538, 40.836030196959662 ], [ -73.826012525707355, 40.834020778205492 ], [ -73.825404825151082, 40.835659274739228 ], [ -73.826241328436794, 40.842993594143579 ], [ -73.825179989385902, 40.842700059477352 ], [ -73.824956975749032, 40.846105444800834 ], [ -73.820484054628409, 40.848501026130535 ], [ -73.820140436144655, 40.848020598550832 ], [ -73.815141919185223, 40.849080613237781 ] ] ], [ [ [ -73.830431862698532, 40.843857983628958 ], [ -73.836826397649631, 40.84346244676609 ], [ -73.835559001323645, 40.851964014450907 ], [ -73.834639701496869, 40.853817994262791 ], [ -73.832281487976445, 40.855177449608298 ], [ -73.828601970107499, 40.855717848095161 ], [ -73.827204002439117, 40.853289984425963 ], [ -73.827999944482514, 40.848632351047513 ], [ -73.82611300556735, 40.845338693769143 ], [ -73.830431862698532, 40.843857983628958 ] ] ], [ [ [ -73.789222029618813, 40.858742515531496 ], [ -73.788784028547397, 40.857420689834136 ], [ -73.788043429758005, 40.857559917687304 ], [ -73.788028307016702, 40.857514681786469 ], [ -73.788778985440217, 40.857400925199848 ], [ -73.788477326533624, 40.854400520532366 ], [ -73.787347531465855, 40.85438588495709 ], [ -73.788345147840971, 40.854132012350306 ], [ -73.786907347026968, 40.854063972299357 ], [ -73.788000649496666, 40.853524636328217 ], [ -73.785881865066528, 40.851788672441039 ], [ -73.783381586103943, 40.85158673391453 ], [ -73.784600776976077, 40.851095692195379 ], [ -73.783841193079951, 40.850692899498497 ], [ -73.784200471343866, 40.850060644240799 ], [ -73.783035355380704, 40.849071907625472 ], [ -73.781544490885992, 40.849400434643485 ], [ -73.782141086976836, 40.849100663170425 ], [ -73.78149386587495, 40.848580475825955 ], [ -73.782674670790456, 40.848139671941603 ], [ -73.780978209389559, 40.848458347913727 ], [ -73.782637403978939, 40.848072649245992 ], [ -73.781484319505623, 40.847882193848825 ], [ -73.782163934354159, 40.846636338283574 ], [ -73.780403269584298, 40.846931134668829 ], [ -73.782513451166949, 40.846408772053934 ], [ -73.782495972589544, 40.8456615619492 ], [ -73.783094420486535, 40.845518285564864 ], [ -73.783146442273704, 40.845309942026198 ], [ -73.783074558306609, 40.845509764292075 ], [ -73.782424871556799, 40.845676336164622 ], [ -73.781816461043121, 40.845764978051179 ], [ -73.783060231265836, 40.845085708567197 ], [ -73.78181535900454, 40.845480582880498 ], [ -73.783074574466852, 40.845056368734056 ], [ -73.783152455055799, 40.845295983830532 ], [ -73.783365361353461, 40.844444722981891 ], [ -73.783484287488179, 40.843678545998628 ], [ -73.78290650949765, 40.84393612584028 ], [ -73.780527360485465, 40.844525140338341 ], [ -73.779927037442718, 40.843883081858593 ], [ -73.780533027145594, 40.844453021762824 ], [ -73.78137674098204, 40.843704487042793 ], [ -73.782007705366752, 40.844109600669839 ], [ -73.781833065993609, 40.843575518305059 ], [ -73.782436798954606, 40.844009431100041 ], [ -73.78224871668732, 40.843436168417668 ], [ -73.782822439713897, 40.843919481199649 ], [ -73.782572107241037, 40.84329458144088 ], [ -73.783091861122145, 40.843685055313948 ], [ -73.782873881770101, 40.843124102361301 ], [ -73.78313252568671, 40.843697496731941 ], [ -73.782806615065596, 40.843779316122216 ], [ -73.782841516176845, 40.843894787202096 ], [ -73.783474812492543, 40.843654738109905 ], [ -73.782887783014857, 40.842494828849802 ], [ -73.781800483622845, 40.842696146296412 ], [ -73.781933065935078, 40.843228088579195 ], [ -73.78124656634499, 40.842797107289641 ], [ -73.78142785188767, 40.843370873276569 ], [ -73.780674299250222, 40.842907304537867 ], [ -73.780829036811383, 40.843507297648436 ], [ -73.780295525320696, 40.84297304489413 ], [ -73.780227738725159, 40.843778181800467 ], [ -73.780226624184124, 40.84288326793051 ], [ -73.782864993049188, 40.842478101882882 ], [ -73.780597358225947, 40.842786599941178 ], [ -73.782368559535044, 40.842428493149839 ], [ -73.781440031078489, 40.842142133493596 ], [ -73.782166244189625, 40.841689144110276 ], [ -73.780425771816979, 40.842494393704456 ], [ -73.780195999551211, 40.842046211478916 ], [ -73.781850481977827, 40.84165394639448 ], [ -73.78079752923459, 40.841256146048551 ], [ -73.7816485529559, 40.841097763528985 ], [ -73.78113875725964, 40.839494278801908 ], [ -73.781884557204449, 40.837650276102366 ], [ -73.782906291910422, 40.837320005570355 ], [ -73.782822601397385, 40.836338155888079 ], [ -73.784980603282577, 40.836746425578163 ], [ -73.784850092225028, 40.837470489681252 ], [ -73.785639978452906, 40.837064435088095 ], [ -73.785830678979508, 40.837209980003479 ], [ -73.785165844286638, 40.837471334061959 ], [ -73.785735092986897, 40.839234231776004 ], [ -73.787407587461729, 40.839677622694524 ], [ -73.787491664125952, 40.840842341674232 ], [ -73.78815921166516, 40.840490778567229 ], [ -73.787612377164166, 40.841198005294807 ], [ -73.789058255013657, 40.843235331770224 ], [ -73.789930933882516, 40.843042264363838 ], [ -73.789471822142531, 40.844292977849662 ], [ -73.791793436256128, 40.846731671826923 ], [ -73.791013623389901, 40.848985209717 ], [ -73.789757110704514, 40.849531469790378 ], [ -73.790988771249616, 40.84982834852719 ], [ -73.789866303139704, 40.849989389698202 ], [ -73.790268245072681, 40.850961088074015 ], [ -73.789513715161689, 40.851300771713326 ], [ -73.789562724640419, 40.851487337324855 ], [ -73.790987179841409, 40.851264015801803 ], [ -73.789664903445185, 40.851500382132286 ], [ -73.790892179300741, 40.851546903549071 ], [ -73.79019588667127, 40.85175290506568 ], [ -73.790463705280999, 40.851767006154191 ], [ -73.790083969042755, 40.85203452687982 ], [ -73.790155092610107, 40.852251285235994 ], [ -73.790160951501818, 40.85204023542596 ], [ -73.79249450978071, 40.851550725092892 ], [ -73.790170071261429, 40.852280661656138 ], [ -73.793118371838375, 40.851578295240998 ], [ -73.791380526955237, 40.852602038304951 ], [ -73.793409876310093, 40.852021884233125 ], [ -73.793507628319134, 40.852264043925004 ], [ -73.790420537801708, 40.853022978212699 ], [ -73.792815119669285, 40.852494819309065 ], [ -73.790807586637399, 40.85319906006324 ], [ -73.791265731658783, 40.853706864233345 ], [ -73.792876100485884, 40.852944181328624 ], [ -73.79105721254831, 40.853918412426829 ], [ -73.792458167786236, 40.853600708753902 ], [ -73.791070027659529, 40.853944956664797 ], [ -73.792537146050236, 40.853849327310506 ], [ -73.791292821608053, 40.854584025474445 ], [ -73.792503066854508, 40.855788666137201 ], [ -73.791901833400985, 40.856546911870772 ], [ -73.793094921523718, 40.856686441404285 ], [ -73.791894229588848, 40.856568889329779 ], [ -73.791707042575212, 40.856851842352647 ], [ -73.792884038888985, 40.857479202493828 ], [ -73.791859787152148, 40.857004107259598 ], [ -73.792683385756419, 40.857420393090308 ], [ -73.791894519130921, 40.857437121865438 ], [ -73.792569704404414, 40.857639625865033 ], [ -73.792395217232823, 40.857845547752348 ], [ -73.791742540161678, 40.857393950003136 ], [ -73.791843032173986, 40.85702870201154 ], [ -73.790942022603716, 40.857552748189001 ], [ -73.791785294234117, 40.857775425353175 ], [ -73.791436959079533, 40.85815468562582 ], [ -73.790932228007492, 40.857567787470721 ], [ -73.789222029618813, 40.858742515531496 ] ] ], [ [ [ -73.78457451654576, 40.860531997758514 ], [ -73.785140170419055, 40.85879261197568 ], [ -73.78773372273308, 40.858770992080835 ], [ -73.787001304844537, 40.860224388914268 ], [ -73.78457451654576, 40.860531997758514 ] ] ] ] } },
{ "type": "Feature", "properties": { "NTA2020": "BX1004", "NTAName": "Co-op City", "NTAType": "0", "BoroName": "Bronx" }, "geometry": { "type": "Polygon", "coordinates": [ [ [ -73.820239583278379, 40.885491052352407 ], [ -73.82005445513154, 40.882114129067702 ], [ -73.82329599275981, 40.87309741817711 ], [ -73.821265436712835, 40.869074543489717 ], [ -73.815787639778151, 40.865758061437447 ], [ -73.819921617306818, 40.861775373388355 ], [ -73.827217693850841, 40.859206577041206 ], [ -73.829547310914975, 40.86216408776729 ], [ -73.833693442709219, 40.870450888080633 ], [ -73.834802178106287, 40.873724509592037 ], [ -73.834693786752069, 40.876543948983823 ], [ -73.832459830159621, 40.880207138608668 ], [ -73.826063086641483, 40.884152836717945 ], [ -73.826611590413222, 40.884649244869387 ], [ -73.822058172529765, 40.88610821918946 ], [ -73.820239583278379, 40.885491052352407 ] ] ] } },
{ "type": "Feature", "properties": { "NTA2020": "BX1071", "NTAName": "Hart Island", "NTAType": "7", "BoroName": "Bronx" }, "geometry": { "type": "MultiPolygon", "coordinates": [ [ [ [ -73.780869947071196, 40.855531699397524 ], [ -73.781010027255107, 40.854876250693195 ], [ -73.781233226363653, 40.855398668649357 ], [ -73.780869947071196, 40.855531699397524 ] ] ], [ [ [ -73.78330379042221, 40.855848582320355 ], [ -73.782597115920765, 40.854822560469081 ], [ -73.783858619120267, 40.854831567415737 ], [ -73.78330379042221, 40.855848582320355 ] ] ], [ [ [ -73.767832056369912, 40.854442206244791 ], [ -73.769385291396986, 40.852536133996978 ], [ -73.768608176871012, 40.850788395378281 ], [ -73.769596743112956, 40.847594519600946 ], [ -73.767894926730037, 40.845289432514669 ], [ -73.769013891811241, 40.845097342722042 ], [ -73.771572188330708, 40.847500059083124 ], [ -73.770889202210029, 40.849751771840758 ], [ -73.772963566112878, 40.852159253958753 ], [ -73.771730604119099, 40.852476831319294 ], [ -73.77296285334873, 40.853800062246656 ], [ -73.772140368416459, 40.854412713103336 ], [ -73.77219222989055, 40.859986639098388 ], [ -73.769473054238389, 40.859330137171327 ], [ -73.765332439291015, 40.855043595123703 ], [ -73.767832056369912, 40.854442206244791 ] ] ] ] } },
{ "type": "Feature", "properties": { "NTA2020": "BX1091", "NTAName": "Ferry Point Park-St. Raymond Cemetery", "NTAType": "9", "BoroName": "Bronx" }, "geometry": { "type": "Polygon", "coordinates": [ [ [ -73.836832203524921, 40.828441442220978 ], [ -73.824644279131931, 40.824763851293568 ], [ -73.829459207351519, 40.822377110500376 ], [ -73.828329215387257, 40.821040391911779 ], [ -73.826716614216494, 40.821818576351248 ], [ -73.823172373751291, 40.816679613832314 ], [ -73.82841397073399, 40.814875147706907 ], [ -73.826307846802678, 40.811284122207958 ], [ -73.828980300191176, 40.811313585880654 ], [ -73.831243301986945, 40.810002986992771 ], [ -73.832206045843819, 40.807944660977526 ], [ -73.831395487358733, 40.805170707557373 ], [ -73.832484119292118, 40.804942802631011 ], [ -73.837436119937223, 40.806202642678898 ], [ -73.840431995408323, 40.812541128739667 ], [ -73.839629016696904, 40.81400971805202 ], [ -73.839743558554773, 40.816406071836845 ], [ -73.83696692423608, 40.816366657719591 ], [ -73.836396385702557, 40.818891366651329 ], [ -73.836042474823358, 40.817782612097396 ], [ -73.836832203524921, 40.828441442220978 ] ] ] } },
{ "type": "Feature", "properties": { "NTA2020": "BX1101", "NTAName": "Pelham Parkway-Van Nest", "NTAType": "0", "BoroName": "Bronx" }, "geometry": { "type": "Polygon", "coordinates": [ [ [ -73.861790693748446, 40.857982904364029 ], [ -73.862119538305677, 40.850806176447392 ], [ -73.863039380731252, 40.850611307232484 ], [ -73.862509236873038, 40.848362281171617 ], [ -73.860386604025734, 40.848235571529656 ], [ -73.857381113552677, 40.843716266168535 ], [ -73.853335249420468, 40.842470155154949 ], [ -73.863472323128917, 40.841305932706646 ], [ -73.869207668159348, 40.839600047213814 ], [ -73.873597134793243, 40.839798556437017 ], [ -73.870995180673233, 40.84311139204393 ], [ -73.868042003256619, 40.84481383930634 ], [ -73.86892652693227, 40.846881740609923 ], [ -73.867859929275809, 40.848864931890319 ], [ -73.869209445697692, 40.849238373375215 ], [ -73.868250776743935, 40.850959586731385 ], [ -73.869888422205662, 40.855971068154915 ], [ -73.868188304042832, 40.858063834309277 ], [ -73.861790693748446, 40.857982904364029 ] ] ] } },
{ "type": "Feature", "properties": { "NTA2020": "BX1102", "NTAName": "Morris Park", "NTAType": "0", "BoroName": "Bronx" }, "geometry": { "type": "Polygon", "coordinates": [ [ [ -73.847397469750319, 40.858682545856162 ], [ -73.835239621832613, 40.85649323538415 ], [ -73.840501922200517, 40.854186986911756 ], [ -73.844940536643591, 40.848218221520682 ], [ -73.844885763583576, 40.850202725464193 ], [ -73.845783504952337, 40.847966357828881 ], [ -73.84788491953104, 40.845988980525135 ], [ -73.846234799391567, 40.844490217803468 ], [ -73.848063453279821, 40.843067998651371 ], [ -73.853335249420468, 40.842470155154949 ], [ -73.857381113552677, 40.843716266168535 ], [ -73.860386604025734, 40.848235571529656 ], [ -73.862509236873038, 40.848362281171617 ], [ -73.863039380731252, 40.850611307232484 ], [ -73.862119538305677, 40.850806176447392 ], [ -73.861790693748446, 40.857982904364029 ], [ -73.847397469750319, 40.858682545856162 ] ] ] } },
{ "type": "Feature", "properties": { "NTA2020": "BX1103", "NTAName": "Pelham Gardens", "NTAType": "0", "BoroName": "Bronx" }, "geometry": { "type": "Polygon", "coordinates": [ [ [ -73.856512922552085, 40.874217793157911 ], [ -73.848596760026837, 40.87167078513567 ], [ -73.829547310914975, 40.86216408776729 ], [ -73.828407589096471, 40.860948301200139 ], [ -73.829874885172686, 40.859740420125377 ], [ -73.836819184608686, 40.857276809596478 ], [ -73.847397469750319, 40.858682545856162 ], [ -73.856636640148679, 40.858115293955514 ], [ -73.857710282344414, 40.862278230995706 ], [ -73.859612811829962, 40.865512718615143 ], [ -73.858672980962936, 40.865494958216686 ], [ -73.858487316345432, 40.871284060118924 ], [ -73.856613824503142, 40.87125016748486 ], [ -73.856512922552085, 40.874217793157911 ] ] ] } },
{ "type": "Feature", "properties": { "NTA2020": "BX1104", "NTAName": "Allerton", "NTAType": "0", "BoroName": "Bronx" }, "geometry": { "type": "Polygon", "coordinates": [ [ [ -73.858487316345432, 40.871284060118924 ], [ -73.858672980962936, 40.865494958216686 ], [ -73.859612811829962, 40.865512718615143 ], [ -73.857710282344414, 40.862278230995706 ], [ -73.856636640148679, 40.858115293955514 ], [ -73.868188304042832, 40.858063834309277 ], [ -73.871049449360086, 40.857304838162371 ], [ -73.870537385860615, 40.869674032082479 ], [ -73.864326164937012, 40.869656323717066 ], [ -73.864266043901324, 40.871389650236324 ], [ -73.858487316345432, 40.871284060118924 ] ] ] } },
{ "type": "Feature", "properties": { "NTA2020": "BX1161", "NTAName": "Hutchinson Metro Center", "NTAType": "6", "BoroName": "Bronx" }, "geometry": { "type": "Polygon", "coordinates": [ [ [ -73.831291576391934, 40.855434105853661 ], [ -73.834082319558803, 40.854362640865745 ], [ -73.835335890121328, 40.852554698792076 ], [ -73.837621241471865, 40.840283566823537 ], [ -73.84201827883615, 40.840658278877775 ], [ -73.841461019049461, 40.840956096121573 ], [ -73.844910341007505, 40.845427461417117 ], [ -73.844940536643591, 40.848218221520682 ], [ -73.841491632277695, 40.853194286308515 ], [ -73.839100784882561, 40.855142031034802 ], [ -73.835239621832613, 40.85649323538415 ], [ -73.836819184608686, 40.857276809596478 ], [ -73.828553526035734, 40.860754507065558 ], [ -73.832851111607525, 40.856089152122379 ], [ -73.831291576391934, 40.855434105853661 ] ] ] } },
{ "type": "Feature", "properties": { "NTA2020": "BX1201", "NTAName": "Williamsbridge-Olinville", "NTAType": "0", "BoroName": "Bronx" }, "geometry": { "type": "Polygon", "coordinates": [ [ [ -73.847443967521983, 40.886978531165639 ], [ -73.852483057455316, 40.879463705040124 ], [ -73.85091896017336, 40.877893440634416 ], [ -73.852548540309783, 40.877091586763711 ], [ -73.850689555989646, 40.875486678887881 ], [ -73.8536363872702, 40.873300599209117 ], [ -73.856512922552085, 40.874217793157911 ], [ -73.856613824503142, 40.87125016748486 ], [ -73.864266043901324, 40.871389650236324 ], [ -73.864326164937012, 40.869656323717066 ], [ -73.870537385860615, 40.869674032082479 ], [ -73.870315083333494, 40.875617522732369 ], [ -73.869361486624996, 40.878111746323391 ], [ -73.87094414681728, 40.878509696083562 ], [ -73.870153184646384, 40.880350828061786 ], [ -73.870835677076244, 40.880454115283023 ], [ -73.863559156227566, 40.895377017706124 ], [ -73.861359278642993, 40.894662319355689 ], [ -73.862739720998022, 40.891838892824609 ], [ -73.847443967521983, 40.886978531165639 ] ] ] } },
{ "type": "Feature", "properties": { "NTA2020": "BX1202", "NTAName": "Eastchester-Edenwald-Baychester", "NTAType": "0", "BoroName": "Bronx" }, "geometry": { "type": "Polygon", "coordinates": [ [ [ -73.79322870882001, 40.882822595909836 ], [ -73.80520113603194, 40.885999956351107 ], [ -73.812768867937791, 40.886683973781075 ], [ -73.820818802239671, 40.885343317439734 ], [ -73.822058172529836, 40.886108219189488 ], [ -73.826611590413123, 40.884649244869436 ], [ -73.826063086641426, 40.884152836717945 ], [ -73.832459830159564, 40.880207138608704 ], [ -73.834840983581998, 40.875792926458715 ], [ -73.834337209927568, 40.872027023031848 ], [ -73.829547310914904, 40.86216408776729 ], [ -73.848596760026794, 40.87167078513567 ], [ -73.853636387270086, 40.873300599209117 ], [ -73.850689555989646, 40.875486678887881 ], [ -73.85254854030967, 40.877091586763754 ], [ -73.850918960173303, 40.877893440634416 ], [ -73.852483057455316, 40.879463705040159 ], [ -73.845905684799177, 40.889741369882664 ], [ -73.850690840148772, 40.891302772127389 ], [ -73.838042772197014, 40.894142331387044 ], [ -73.822523775784575, 40.889428824418012 ], [ -73.823374430361696, 40.889921762434881 ], [ -73.82285334940228, 40.891206829094358 ], [ -73.794055173077936, 40.883699966779645 ], [ -73.793006525610409, 40.883358736878996 ], [ -73.79322870882001, 40.882822595909836 ] ] ] } },
{ "type": "Feature", "properties": { "NTA2020": "BX1203", "NTAName": "Wakefield-Woodlawn", "NTAType": "0", "BoroName": "Bronx" }, "geometry": { "type": "Polygon", "coordinates": [ [ [ -73.85107116095503, 40.910371520220977 ], [ -73.853475222673509, 40.907530293525184 ], [ -73.850920592965906, 40.906616494488887 ], [ -73.850173174196115, 40.907507865649848 ], [ -73.844818869186554, 40.905529950176522 ], [ -73.844892648428981, 40.904190867298034 ], [ -73.841386892384222, 40.904172741533245 ], [ -73.839182854397222, 40.899249877222609 ], [ -73.839648126805344, 40.897330535339002 ], [ -73.838391990572873, 40.894067008047351 ], [ -73.850690840148886, 40.891302772127339 ], [ -73.845905684799334, 40.889741369882664 ], [ -73.847443967521983, 40.886978531165639 ], [ -73.862739720998022, 40.891838892824609 ], [ -73.861359278642993, 40.894662319355689 ], [ -73.864016376078581, 40.895523048116146 ], [ -73.870486724876358, 40.896640211682339 ], [ -73.877119740173697, 40.895468664312865 ], [ -73.87521979614155, 40.898147765214965 ], [ -73.869961535250752, 40.90083373596169 ], [ -73.86789798496261, 40.902940176903947 ], [ -73.859467786344254, 40.900517209768815 ], [ -73.858864012280392, 40.901711695048682 ], [ -73.859578828819167, 40.902440843273325 ], [ -73.858159999165395, 40.902305710201809 ], [ -73.857110904137343, 40.903649532695319 ], [ -73.857177659214045, 40.905286541659734 ], [ -73.856010233230293, 40.905305983626256 ], [ -73.856810135502172, 40.906155828325083 ], [ -73.853741035644063, 40.907787917237478 ], [ -73.854710781849832, 40.908006310443781 ], [ -73.854589404557544, 40.908939499296828 ], [ -73.852956183551882, 40.910353044178578 ], [ -73.852274515501307, 40.909854100145083 ], [ -73.85107116095503, 40.910371520220977 ] ] ] } },
{ "type": "Feature", "properties": { "NTA2020": "BX1271", "NTAName": "Woodlawn Cemetery", "NTAType": "7", "BoroName": "Bronx" }, "geometry": { "type": "Polygon", "coordinates": [ [ [ -73.870835677076244, 40.880454115283023 ], [ -73.874945896008668, 40.879947669963904 ], [ -73.874702554902811, 40.881553823556125 ], [ -73.878125751393057, 40.882153685978849 ], [ -73.877831258378791, 40.886772760683478 ], [ -73.880359396180339, 40.892552270033782 ], [ -73.88004213058953, 40.895222285256786 ], [ -73.870486724876258, 40.896640211682339 ], [ -73.863559156226813, 40.895377018041252 ], [ -73.870835677076244, 40.880454115283023 ] ] ] } },
{ "type": "Feature", "properties": { "NTA2020": "BX2691", "NTAName": "Van Cortlandt Park", "NTAType": "9", "BoroName": "Bronx" }, "geometry": { "type": "Polygon", "coordinates": [ [ [ -73.86789798496261, 40.902940176903947 ], [ -73.869961535250752, 40.90083373596169 ], [ -73.87521979614155, 40.898147765214965 ], [ -73.877119740173697, 40.895468664312865 ], [ -73.880042130589629, 40.895222285256786 ], [ -73.880359396180381, 40.892552270033811 ], [ -73.878004799575947, 40.88733717590619 ], [ -73.881244223869274, 40.88270963367426 ], [ -73.8999042547984, 40.886559723755191 ], [ -73.896431706286947, 40.89365528042876 ], [ -73.897157170990951, 40.899371827346918 ], [ -73.896357859051506, 40.903200132253474 ], [ -73.896633337969902, 40.911417375348435 ], [ -73.86789798496261, 40.902940176903947 ] ] ] } },
{ "type": "Feature", "properties": { "NTA2020": "BX2791", "NTAName": "Bronx Park", "NTAType": "9", "BoroName": "Bronx" }, "geometry": { "type": "Polygon", "coordinates": [ [ [ -73.870315083333494, 40.875617522732369 ], [ -73.871082625126917, 40.857377040637942 ], [ -73.868415396296427, 40.85778035864567 ], [ -73.869904215023411, 40.855773293363242 ], [ -73.868250776743935, 40.850959586731385 ], [ -73.869874310130143, 40.846617458087188 ], [ -73.874591753045124, 40.841520648040685 ], [ -73.878175468262242, 40.842617696546377 ], [ -73.877339071500018, 40.843991755057175 ], [ -73.883119825037298, 40.84822109237944 ], [ -73.880730427315612, 40.856676605412851 ], [ -73.880505480226432, 40.860477561869111 ], [ -73.883969222012297, 40.864817741972658 ], [ -73.88267624666986, 40.866089142150656 ], [ -73.88309382372141, 40.866602185023879 ], [ -73.876192574838967, 40.870476957203095 ], [ -73.87094414681728, 40.878509696083562 ], [ -73.869361486624996, 40.878111746323391 ], [ -73.870315083333494, 40.875617522732369 ] ] ] } },
{ "type": "Feature", "properties": { "NTA2020": "BX2891", "NTAName": "Pelham Bay Park", "NTAType": "9", "BoroName": "Bronx" }, "geometry": { "type": "MultiPolygon", "coordinates": [ [ [ [ -73.802222953551023, 40.841634813646849 ], [ -73.802638111564335, 40.841081152262156 ], [ -73.806946086418804, 40.841462446181446 ], [ -73.806808013723966, 40.84248913998772 ], [ -73.80393073307404, 40.842594072550085 ], [ -73.802222953551023, 40.841634813646849 ] ] ], [ [ [ -73.77321845470054, 40.860794463354438 ], [ -73.773396784480937, 40.860739484678888 ], [ -73.773336345906159, 40.860853860361154 ], [ -73.77321845470054, 40.860794463354438 ] ] ], [ [ [ -73.774917948342889, 40.861428256562661 ], [ -73.775273402324871, 40.861446670925631 ], [ -73.774931889673965, 40.861552302864254 ], [ -73.774917948342889, 40.861428256562661 ] ] ], [ [ [ -73.774856816245716, 40.861983634837102 ], [ -73.774633836770434, 40.861816891085816 ], [ -73.77484905645683, 40.861810388682784 ], [ -73.774856816245716, 40.861983634837102 ] ] ], [ [ [ -73.783280535060854, 40.86278070621011 ], [ -73.78288197831337, 40.862406432588898 ], [ -73.783145042881301, 40.862068678905814 ], [ -73.783280535060854, 40.86278070621011 ] ] ], [ [ [ -73.784286504338596, 40.863205088779523 ], [ -73.783767703489787, 40.862610608464536 ], [ -73.784691658508649, 40.862542789405794 ], [ -73.784286504338596, 40.863205088779523 ] ] ], [ [ [ -73.769635446222594, 40.865542561582458 ], [ -73.769940769303176, 40.865523409496816 ], [ -73.769447747667911, 40.86576135090619 ], [ -73.769635446222594, 40.865542561582458 ] ] ], [ [ [ -73.76692046625034, 40.867049555851395 ], [ -73.767228459217023, 40.866928667388706 ], [ -73.766680989440715, 40.86732068414014 ], [ -73.76692046625034, 40.867049555851395 ] ] ], [ [ [ -73.77084864464895, 40.871627762970625 ], [ -73.772235647215268, 40.871563993068293 ], [ -73.77263488154172, 40.871880208767138 ], [ -73.77084864464895, 40.871627762970625 ] ] ], [ [ [ -73.774544368537221, 40.874286311036904 ], [ -73.775136900284025, 40.874554446945211 ], [ -73.774673796769292, 40.874790557410122 ], [ -73.774544368537221, 40.874286311036904 ] ] ], [ [ [ -73.782440649832893, 40.875212326129329 ], [ -73.78212699063377, 40.874531222560002 ], [ -73.782598808808771, 40.874687396678127 ], [ -73.782440649832893, 40.875212326129329 ] ] ], [ [ [ -73.782106344427987, 40.876523369844818 ], [ -73.781719552689253, 40.87618875884575 ], [ -73.782200803798375, 40.876434202682418 ], [ -73.782106344427987, 40.876523369844818 ] ] ], [ [ [ -73.781206841114837, 40.876277684075113 ], [ -73.781513570917738, 40.876046023939672 ], [ -73.781205813130271, 40.876590078849169 ], [ -73.781206841114837, 40.876277684075113 ] ] ], [ [ [ -73.784004939472055, 40.876864365216832 ], [ -73.7835602079533, 40.876822150596183 ], [ -73.78384032438835, 40.876519766758562 ], [ -73.784004939472055, 40.876864365216832 ] ] ], [ [ [ -73.785426708166256, 40.880041244103403 ], [ -73.785012182897304, 40.879788016436763 ], [ -73.785675491073732, 40.879852036772476 ], [ -73.785426708166256, 40.880041244103403 ] ] ], [ [ [ -73.785347706074319, 40.880522577517866 ], [ -73.783822417574001, 40.880424428758459 ], [ -73.783701557787467, 40.879931925938379 ], [ -73.785347706074319, 40.880522577517866 ] ] ], [ [ [ -73.814081991840752, 40.886734020250636 ], [ -73.80520113603194, 40.885999956351107 ], [ -73.79322870882001, 40.882822595909836 ], [ -73.794917055866705, 40.880543790985058 ], [ -73.795545799088515, 40.880691015375128 ], [ -73.795025962326775, 40.879747797714472 ], [ -73.797438154574394, 40.875135332450796 ], [ -73.799813895803283, 40.874159849716406 ], [ -73.80297847593458, 40.868743329761955 ], [ -73.805944286592236, 40.868929802326548 ], [ -73.806434898516301, 40.870224016251349 ], [ -73.808697765420845, 40.871342824439708 ], [ -73.809244234531292, 40.871224601472541 ], [ -73.808410202829847, 40.870927783520443 ], [ -73.808725492561464, 40.870432735484087 ], [ -73.807536837757382, 40.870177619740716 ], [ -73.808709424985125, 40.869086930852532 ], [ -73.806729583928529, 40.869529645800604 ], [ -73.806949977018135, 40.868859087825584 ], [ -73.804872661700813, 40.868233302329919 ], [ -73.804735698366486, 40.866655065896531 ], [ -73.803152526308963, 40.867102301324827 ], [ -73.803006958849181, 40.865749007077348 ], [ -73.802052959403994, 40.865672035633608 ], [ -73.797740419854193, 40.87234517694845 ], [ -73.794790446815981, 40.873200484034165 ], [ -73.793167037787043, 40.877055639066661 ], [ -73.794402945860938, 40.877641843501728 ], [ -73.79384702788154, 40.878594459790982 ], [ -73.78955872944293, 40.881261284915617 ], [ -73.789120206369063, 40.88008021099364 ], [ -73.790063328607744, 40.879594661515036 ], [ -73.789523093027455, 40.878998126556986 ], [ -73.786114705107849, 40.879057892653243 ], [ -73.78421715885797, 40.878281783751888 ], [ -73.784679506551456, 40.876060918205859 ], [ -73.786910610203762, 40.873987517966825 ], [ -73.787136855544475, 40.872760465890316 ], [ -73.786248744526048, 40.872382846772339 ], [ -73.785081395927179, 40.873589962219569 ], [ -73.785219740320557, 40.871634753409147 ], [ -73.78340673949684, 40.873717171032439 ], [ -73.783951004137734, 40.872896330018328 ], [ -73.783068534258618, 40.872153576425532 ], [ -73.783286141786817, 40.870698916079995 ], [ -73.785602453054423, 40.868341652223869 ], [ -73.78595115207338, 40.86932175714071 ], [ -73.788583393783583, 40.869171141243669 ], [ -73.79153128143534, 40.867318044282626 ], [ -73.792230254086334, 40.865257259327535 ], [ -73.791462911252836, 40.862274384600163 ], [ -73.791890707447052, 40.861071221860122 ], [ -73.794120373371427, 40.859696268198213 ], [ -73.794874691487991, 40.858075560388819 ], [ -73.794350059342719, 40.856527023804027 ], [ -73.796854617599166, 40.8562643582136 ], [ -73.798722556000797, 40.854914401172792 ], [ -73.799024193924481, 40.853957267652319 ], [ -73.797805229908974, 40.85194959759211 ], [ -73.800403875581921, 40.848108221073652 ], [ -73.804175579323967, 40.853340120189372 ], [ -73.804525267111757, 40.854851864799564 ], [ -73.803523597919451, 40.855556694815455 ], [ -73.804732342820429, 40.861479639615794 ], [ -73.806010851127823, 40.861773065395447 ], [ -73.805820412159321, 40.860034611464478 ], [ -73.808178704472454, 40.859486715675615 ], [ -73.810850227922515, 40.862331993972219 ], [ -73.81400877754524, 40.864086033649578 ], [ -73.816413921025827, 40.861180628206661 ], [ -73.813818025868699, 40.860548278670919 ], [ -73.812731464950346, 40.85887754194799 ], [ -73.812306027084162, 40.854162026473439 ], [ -73.816577114714264, 40.853822426702067 ], [ -73.81712409042197, 40.851269573444938 ], [ -73.815713784946595, 40.850816203845035 ], [ -73.816286190942336, 40.850194576449205 ], [ -73.815141919185109, 40.849080613237817 ], [ -73.820140436144541, 40.848020598550832 ], [ -73.820484054628352, 40.848501026130577 ], [ -73.824956975748975, 40.846105444800834 ], [ -73.825179989385859, 40.842700059477352 ], [ -73.826241328436623, 40.842993594143579 ], [ -73.826170139160809, 40.845573988472289 ], [ -73.827999944482556, 40.848632351047513 ], [ -73.827230260601652, 40.853350756948082 ], [ -73.828601970107385, 40.85571784809521 ], [ -73.831291576391934, 40.855434105853689 ], [ -73.832851111607567, 40.856089152122422 ], [ -73.828407589096358, 40.860948301200182 ], [ -73.827217693850784, 40.859206577041206 ], [ -73.821566651770951, 40.861025418719414 ], [ -73.819155965673104, 40.862298818425657 ], [ -73.81578763977808, 40.865758061437447 ], [ -73.821265436712736, 40.869074543489717 ], [ -73.823295992759711, 40.87309741817711 ], [ -73.820054455131427, 40.882114129067752 ], [ -73.820239583278379, 40.885491052352407 ], [ -73.814081991840752, 40.886734020250636 ] ] ] ] } },
{ "type": "Feature", "properties": { "NTA2020": "MN0101", "NTAName": "Financial District-Battery Park City", "NTAType": "0", "BoroName": "Manhattan" }, "geometry": { "type": "MultiPolygon", "coordinates": [ [ [ [ -74.00026872245725, 40.694965803080734 ], [ -74.000958683509552, 40.694069083582406 ], [ -74.003013936970163, 40.694777844479354 ], [ -74.002398025837962, 40.695711655367234 ], [ -74.00026872245725, 40.694965803080734 ] ] ], [ [ [ -73.998377605316861, 40.698063296146245 ], [ -73.998871170536276, 40.697157577044749 ], [ -74.001049030575189, 40.697908235692459 ], [ -74.000487685625174, 40.698757778137292 ], [ -73.998377605316861, 40.698063296146245 ] ] ], [ [ [ -73.997498982219426, 40.699638869321412 ], [ -73.998021026810832, 40.698761736573964 ], [ -74.000018404336146, 40.699466048073859 ], [ -73.999474638389145, 40.700322777515971 ], [ -73.997498982219426, 40.699638869321412 ] ] ], [ [ [ -73.995138267746512, 40.702974114723027 ], [ -73.996697689314217, 40.700876976917272 ], [ -73.99813879899439, 40.701518788248599 ], [ -73.996192272287303, 40.703377141366893 ], [ -73.995138267746512, 40.702974114723027 ] ] ], [ [ [ -73.994800381868117, 40.703291958644726 ], [ -73.995445643120661, 40.703275305974543 ], [ -73.995293467009276, 40.703554065898203 ], [ -73.994800381868117, 40.703291958644726 ] ] ], [ [ [ -73.994882047264028, 40.704008653895386 ], [ -73.994882398363941, 40.703788025837589 ], [ -73.995029259164454, 40.703808200365643 ], [ -73.994882047264028, 40.704008653895386 ] ] ], [ [ [ -74.012325435877784, 40.718872453411734 ], [ -74.013724150268914, 40.713678309659429 ], [ -74.008347609129729, 40.711358545554198 ], [ -74.004291137594521, 40.712907825696135 ], [ -74.004416689088714, 40.712193873278167 ], [ -73.999134347868676, 40.707982396946143 ], [ -74.001186852628294, 40.706859825269376 ], [ -74.000592402093503, 40.705410078408526 ], [ -74.001454374188398, 40.704873302929705 ], [ -74.002569650594666, 40.7055235795237 ], [ -74.001970703979453, 40.704737867482265 ], [ -74.002430710758588, 40.70467785800458 ], [ -74.003323072707872, 40.705628595220276 ], [ -74.003833275322549, 40.705303243529166 ], [ -74.00286689781494, 40.704075225511801 ], [ -74.004056664392607, 40.70514736343911 ], [ -74.006595919138746, 40.70368590245203 ], [ -74.005304125960791, 40.702559865633262 ], [ -74.005494278050961, 40.702431380950621 ], [ -74.006785021910375, 40.703568126900336 ], [ -74.009290726006057, 40.701930071822154 ], [ -74.008699643135671, 40.701139867542452 ], [ -74.007755490845966, 40.701548001672073 ], [ -74.008349275591073, 40.700669348891026 ], [ -74.009584830175982, 40.701837385060884 ], [ -74.011180883035493, 40.701451392756503 ], [ -74.010799593110008, 40.700207213007197 ], [ -74.011150335568473, 40.70089840060372 ], [ -74.012086681486551, 40.700681308739476 ], [ -74.011961961169121, 40.700037545595684 ], [ -74.013107478473657, 40.700507452180887 ], [ -74.013113038262901, 40.699774164880317 ], [ -74.014339208975002, 40.701132681104603 ], [ -74.013707754080187, 40.701070278930729 ], [ -74.014289228609286, 40.704549075855411 ], [ -74.016627610956434, 40.704799431339794 ], [ -74.017954739166044, 40.70397578661408 ], [ -74.018658864980367, 40.704428779290303 ], [ -74.017480904832951, 40.704667260858017 ], [ -74.018887479479915, 40.704729142804425 ], [ -74.01934254624453, 40.706093672024743 ], [ -74.018190292596273, 40.707821625607529 ], [ -74.018855009119676, 40.708047534447651 ], [ -74.01777014254499, 40.712834574789355 ], [ -74.016624244252725, 40.712157318492949 ], [ -74.016320066275938, 40.71340798298106 ], [ -74.017724962192958, 40.713070181622946 ], [ -74.016710186058233, 40.718624176058192 ], [ -74.013213227191926, 40.71831571989599 ], [ -74.013030681264297, 40.719131455819287 ], [ -74.012325435877784, 40.718872453411734 ] ] ] ] } },
{ "type": "Feature", "properties": { "NTA2020": "MN0102", "NTAName": "Tribeca-Civic Center", "NTAType": "0", "BoroName": "Manhattan" }, "geometry": { "type": "Polygon", "coordinates": [ [ [ -73.999312416120731, 40.717550241777573 ], [ -74.000789550540659, 40.715290968401618 ], [ -74.000454629778943, 40.71436504759906 ], [ -74.001566355473258, 40.71368306399954 ], [ -74.000509859651402, 40.710984270453594 ], [ -74.001419345621841, 40.709814795772104 ], [ -74.004416689088714, 40.712193873278139 ], [ -74.004291137594578, 40.712907825696135 ], [ -74.008347609129729, 40.711358545554198 ], [ -74.013724150268914, 40.713678309659429 ], [ -74.012291658852121, 40.719038949203878 ], [ -74.013413765128803, 40.72001948251696 ], [ -74.016378482914689, 40.720376608328465 ], [ -74.012999806790788, 40.720333090750231 ], [ -74.012897302708609, 40.720868045473416 ], [ -74.015622457819475, 40.721543453673902 ], [ -74.012538758072623, 40.721503176576554 ], [ -74.011964320491316, 40.724329864742501 ], [ -74.011234708472557, 40.72426563295226 ], [ -74.010812381065818, 40.725789802556108 ], [ -73.999312416120731, 40.717550241777573 ] ] ] } },
{ "type": "Feature", "properties": { "NTA2020": "MN0191", "NTAName": "The Battery-Governors Island-Ellis Island-Liberty Island", "NTAType": "9", "BoroName": "Manhattan" }, "geometry": { "type": "MultiPolygon", "coordinates": [ [ [ [ -74.008600723487973, 40.685909564655098 ], [ -74.012175966146444, 40.684095186131245 ], [ -74.008164145278826, 40.68617471716172 ], [ -74.008600723487973, 40.685909564655098 ] ] ], [ [ [ -74.005003732270424, 40.687605985401113 ], [ -74.005629862423646, 40.686784206043868 ], [ -74.007832937666791, 40.687385055162949 ], [ -74.007420121540918, 40.688206290436099 ], [ -74.005003732270424, 40.687605985401113 ] ] ], [ [ [ -74.003820387876772, 40.688929644699584 ], [ -74.004592703677091, 40.688215222986877 ], [ -74.00678438439806, 40.688826879958441 ], [ -74.006364612252668, 40.689669669139747 ], [ -74.003820387876772, 40.688929644699584 ] ] ], [ [ [ -74.005342096249095, 40.691091602978084 ], [ -74.002975653265096, 40.690426575920952 ], [ -74.003409214924687, 40.689613261160332 ], [ -74.0057590067034, 40.690236399513857 ], [ -74.005342096249095, 40.691091602978084 ] ] ], [ [ [ -74.046147071206235, 40.691122646033726 ], [ -74.043505960125358, 40.689687359636551 ], [ -74.042704283607335, 40.690155204644753 ], [ -74.042553719493043, 40.689962759792749 ], [ -74.044385216452596, 40.688516178906006 ], [ -74.04772962631084, 40.689915319471908 ], [ -74.046892054345648, 40.690059098323083 ], [ -74.047170294234334, 40.690991329748172 ], [ -74.046147071206235, 40.691122646033726 ] ] ], [ [ [ -74.001993177127204, 40.69232868290959 ], [ -74.001798397600325, 40.692270016010376 ], [ -74.002160954399727, 40.692238141370154 ], [ -74.001993177127204, 40.69232868290959 ] ] ], [ [ [ -74.0019693846005, 40.691843209322862 ], [ -74.000699057758467, 40.690611858419281 ], [ -74.004794152945522, 40.691761620374635 ], [ -74.004409412599784, 40.692528800892077 ], [ -74.0019693846005, 40.691843209322862 ] ] ], [ [ [ -74.016747560960511, 40.693343367715244 ], [ -74.013435633614449, 40.692115442031643 ], [ -74.011811856472391, 40.692479335567128 ], [ -74.013332640835742, 40.692019970102642 ], [ -74.011825753549729, 40.69106481621634 ], [ -74.013169264027439, 40.688154770198231 ], [ -74.017049866092023, 40.686875986914067 ], [ -74.015143910880127, 40.686437034043138 ], [ -74.017120991010671, 40.686843337636809 ], [ -74.020543672930657, 40.68527206742359 ], [ -74.019398423919284, 40.685087404047415 ], [ -74.022593595810534, 40.684359696452695 ], [ -74.022132501868441, 40.683767671380252 ], [ -74.023055747495945, 40.682916945445321 ], [ -74.022758990299593, 40.684284448332448 ], [ -74.024648092412335, 40.683978566613277 ], [ -74.026334042424111, 40.684801697724396 ], [ -74.026425772431992, 40.686175339829823 ], [ -74.019733082000528, 40.693114107083012 ], [ -74.016747560960511, 40.693343367715244 ] ] ], [ [ [ -74.001270149026382, 40.693296062679124 ], [ -74.001743620450128, 40.692406749705697 ], [ -74.004007959710975, 40.693208199632551 ], [ -74.003453484906245, 40.694051630671531 ], [ -74.001270149026382, 40.693296062679124 ] ] ], [ [ [ -74.039950407225078, 40.700890631145718 ], [ -74.03771124708588, 40.699344040348223 ], [ -74.039340376041096, 40.698115514836374 ], [ -74.041242617661794, 40.699536741435296 ], [ -74.041747688019797, 40.699147863567106 ], [ -74.039912488065838, 40.697702040398816 ], [ -74.041660518268287, 40.696452972142843 ], [ -74.043673711647386, 40.698020404330563 ], [ -74.039950407225078, 40.700890631145718 ] ] ], [ [ [ -74.01637519607705, 40.704838485434301 ], [ -74.014270657671901, 40.704520230214037 ], [ -74.013707754080187, 40.701070278930729 ], [ -74.014339208975002, 40.701132681104603 ], [ -74.013951526024343, 40.700990982962971 ], [ -74.014220631954785, 40.700111490863321 ], [ -74.017878392746084, 40.703538508540063 ], [ -74.01637519607705, 40.704838485434301 ] ] ] ] } },
{ "type": "Feature", "properties": { "NTA2020": "MN0201", "NTAName": "SoHo-Little Italy-Hudson Square", "NTAType": "0", "BoroName": "Manhattan" }, "geometry": { "type": "Polygon", "coordinates": [ [ [ -74.002817264849966, 40.728363129806873 ], [ -73.992603221984382, 40.72413644968357 ], [ -73.996058726122683, 40.716231640713652 ], [ -73.999312416120731, 40.717550241777573 ], [ -74.010812381065818, 40.725789802556108 ], [ -74.011234708472557, 40.72426563295226 ], [ -74.011964320491316, 40.724329864742501 ], [ -74.011653265699422, 40.725871761851536 ], [ -74.015204265311425, 40.726361949379758 ], [ -74.011542018976044, 40.726447346927266 ], [ -74.01054872124601, 40.729100683350993 ], [ -74.002817264849966, 40.728363129806873 ] ] ] } },
{ "type": "Feature", "properties": { "NTA2020": "MN0202", "NTAName": "Greenwich Village", "NTAType": "0", "BoroName": "Manhattan" }, "geometry": { "type": "Polygon", "coordinates": [ [ [ -73.989902959700501, 40.734434790137087 ], [ -73.992603221984382, 40.72413644968357 ], [ -74.002817264849966, 40.728363129806873 ], [ -73.99683993860414, 40.737360889900941 ], [ -73.989902959700501, 40.734434790137087 ] ] ] } },
{ "type": "Feature", "properties": { "NTA2020": "MN0203", "NTAName": "West Village", "NTAType": "0", "BoroName": "Manhattan" }, "geometry": { "type": "Polygon", "coordinates": [ [ [ -74.009153451033526, 40.742496188058887 ], [ -73.99683993860414, 40.737360889900941 ], [ -74.002817264849966, 40.728363129806873 ], [ -74.01054872124601, 40.729100683350993 ], [ -74.010642897610282, 40.728172108377819 ], [ -74.014390698663348, 40.728463048022967 ], [ -74.014086935599067, 40.730663172537895 ], [ -74.011161956964756, 40.730450676349221 ], [ -74.010993508791628, 40.732320418443358 ], [ -74.010941182267402, 40.733007762766924 ], [ -74.013999572409659, 40.733332277517903 ], [ -74.010729723838111, 40.733463402652063 ], [ -74.012017919444034, 40.734063744456584 ], [ -74.010813594791017, 40.734283443145181 ], [ -74.010476598144194, 40.738063940595232 ], [ -74.011139156025706, 40.738389863315824 ], [ -74.010454328645935, 40.738364505223167 ], [ -74.010393030684796, 40.739174296059417 ], [ -74.011580454362317, 40.739264535609678 ], [ -74.011460739553485, 40.740584215255275 ], [ -74.012157419130972, 40.740605998634024 ], [ -74.012659282084897, 40.740747638497616 ], [ -74.009631455717482, 40.740645366871838 ], [ -74.009619234404497, 40.74136361101754 ], [ -74.011396092420739, 40.741822813235274 ], [ -74.010839874119327, 40.742596734022648 ], [ -74.009153451033526, 40.742496188058887 ] ], [ [ -74.009361748283013, 40.741423624244604 ], [ -74.010088033645104, 40.742488155673861 ], [ -74.01016559689424, 40.741672348576309 ], [ -74.009361748283013, 40.741423624244604 ] ] ] } },
{ "type": "Feature", "properties": { "NTA2020": "MN0301", "NTAName": "Chinatown-Two Bridges", "NTAType": "0", "BoroName": "Manhattan" }, "geometry": { "type": "Polygon", "coordinates": [ [ [ -73.984496470107061, 40.709509664442109 ], [ -73.988390640232666, 40.709126949162837 ], [ -73.988797177858032, 40.709966607472396 ], [ -73.999134347868633, 40.707982396946107 ], [ -74.001419345621841, 40.709814795772104 ], [ -74.000509859651402, 40.710984270453594 ], [ -74.001566355473258, 40.71368306399954 ], [ -74.000454629778943, 40.71436504759906 ], [ -74.000789550540659, 40.715290968401618 ], [ -73.999312416120731, 40.717550241777573 ], [ -73.996058726122683, 40.716231640713652 ], [ -73.994807788891961, 40.718457426853043 ], [ -73.98915463750744, 40.716708646771778 ], [ -73.990220126038764, 40.714404939898145 ], [ -73.98534404351345, 40.714461578232836 ], [ -73.984496470107061, 40.709509664442109 ] ] ] } },
{ "type": "Feature", "properties": { "NTA2020": "MN0302", "NTAName": "Lower East Side", "NTAType": "0", "BoroName": "Manhattan" }, "geometry": { "type": "MultiPolygon", "coordinates": [ [ [ [ -73.982302051838545, 40.705736979902419 ], [ -73.982422871798803, 40.705822054949607 ], [ -73.981023906182742, 40.705898913893741 ], [ -73.982302051838545, 40.705736979902419 ] ] ], [ [ [ -73.992603221984282, 40.72413644968362 ], [ -73.973571856533937, 40.718597229924043 ], [ -73.976818834740129, 40.711419567021224 ], [ -73.978079749066168, 40.710532250577408 ], [ -73.984496470107118, 40.709509664442109 ], [ -73.985344043513393, 40.714461578232871 ], [ -73.990220126038651, 40.714404939898188 ], [ -73.989154637507397, 40.716708646771814 ], [ -73.994807788891862, 40.718457426853043 ], [ -73.992603221984282, 40.72413644968362 ] ] ] ] } },
{ "type": "Feature", "properties": { "NTA2020": "MN0303", "NTAName": "East Village", "NTAType": "0", "BoroName": "Manhattan" }, "geometry": { "type": "MultiPolygon", "coordinates": [ [ [ [ -73.967182436312726, 40.71848305579919 ], [ -73.966562418314368, 40.718015866806276 ], [ -73.967307414744042, 40.718313066681773 ], [ -73.967182436312726, 40.71848305579919 ] ] ], [ [ [ -73.966636008296163, 40.719130143215452 ], [ -73.966363638514096, 40.719050456048485 ], [ -73.965742670767412, 40.718706877777159 ], [ -73.966636008296163, 40.719130143215452 ] ] ], [ [ [ -73.965598233114008, 40.720744458402685 ], [ -73.96511736757607, 40.72031633986149 ], [ -73.965676556988456, 40.72067896054061 ], [ -73.965598233114008, 40.720744458402685 ] ] ], [ [ [ -73.964834336094029, 40.72079554744095 ], [ -73.964361078682529, 40.72047723987712 ], [ -73.965031001305732, 40.720790841371311 ], [ -73.964834336094029, 40.72079554744095 ] ] ], [ [ [ -73.96430846303322, 40.721055669488585 ], [ -73.964065912442607, 40.720799910962576 ], [ -73.964375043011458, 40.720992550768791 ], [ -73.96430846303322, 40.721055669488585 ] ] ], [ [ [ -73.964842848634461, 40.721464176094841 ], [ -73.964274624091843, 40.720575767593864 ], [ -73.964950597366581, 40.7214241821071 ], [ -73.964842848634461, 40.721464176094841 ] ] ], [ [ [ -73.972050152811065, 40.726880946797372 ], [ -73.973571856533937, 40.718597229924043 ], [ -73.992603221984282, 40.72413644968362 ], [ -73.989902959700458, 40.734434790137087 ], [ -73.972050152811065, 40.726880946797372 ] ] ] ] } },
{ "type": "Feature", "properties": { "NTA2020": "MN0401", "NTAName": "Chelsea-Hudson Yards", "NTAType": "0", "BoroName": "Manhattan" }, "geometry": { "type": "Polygon", "coordinates": [ [ [ -74.001788240223135, 40.762294520141829 ], [ -73.995474501670685, 40.7596268570177 ], [ -73.997298764619345, 40.757107040736066 ], [ -73.991632711564222, 40.754706805512235 ], [ -73.997099028543076, 40.747205102042422 ], [ -73.991418584946118, 40.74480268299893 ], [ -73.99683993860414, 40.737360889900941 ], [ -74.009153451033526, 40.742496188058887 ], [ -74.009568434117739, 40.74325778522914 ], [ -74.012148131835929, 40.743559301547712 ], [ -74.008900329628418, 40.743917927096184 ], [ -74.008729863594212, 40.744881537829826 ], [ -74.011782758280901, 40.745601572255588 ], [ -74.009463898559716, 40.74575014365962 ], [ -74.009363627342367, 40.746335602479988 ], [ -74.011591234340216, 40.746601505476129 ], [ -74.009243146586684, 40.746762790251324 ], [ -74.009137362599262, 40.747359762803171 ], [ -74.011406739355095, 40.747630549565649 ], [ -74.009058479013433, 40.747785645333018 ], [ -74.008946065023224, 40.748411893168885 ], [ -74.01121561813423, 40.748677992746302 ], [ -74.009948179380373, 40.748931988508438 ], [ -74.009104532157252, 40.750371069730505 ], [ -74.010564634764492, 40.751321462604082 ], [ -74.009000982594614, 40.750648184285346 ], [ -74.008532569250164, 40.751883608801926 ], [ -74.009340892452855, 40.752355610048312 ], [ -74.008426364472257, 40.752157850239449 ], [ -74.009990558197501, 40.752816187149271 ], [ -74.009970587970216, 40.752933564153338 ], [ -74.008353528388497, 40.75235073984507 ], [ -74.0077440483022, 40.75433680243448 ], [ -74.004803925601848, 40.757809843164893 ], [ -74.007003589040195, 40.759231870843813 ], [ -74.006506876401829, 40.75989203231736 ], [ -74.004504830939155, 40.759084997055453 ], [ -74.003806578350066, 40.759510731466193 ], [ -74.004318894250787, 40.759910686266181 ], [ -74.003668913874449, 40.759705969576785 ], [ -74.002335280639599, 40.761543727001822 ], [ -74.004449515272768, 40.762664567200162 ], [ -74.00220082073271, 40.761728432729235 ], [ -74.001788240223135, 40.762294520141829 ] ] ] } },
{ "type": "Feature", "properties": { "NTA2020": "MN0402", "NTAName": "Hell's Kitchen", "NTAType": "0", "BoroName": "Manhattan" }, "geometry": { "type": "Polygon", "coordinates": [ [ [ -73.996120879946744, 40.773275391093215 ], [ -73.993410453873949, 40.772878895345805 ], [ -73.993781897461844, 40.772199091447774 ], [ -73.982363539558349, 40.767388074173383 ], [ -73.991632711564165, 40.754706805512235 ], [ -73.997298764619245, 40.757107040736066 ], [ -73.995474501670742, 40.7596268570177 ], [ -74.003757350376944, 40.763582241640755 ], [ -74.001386036985963, 40.762850095002058 ], [ -74.000973080220106, 40.763420271725884 ], [ -74.003100881571513, 40.764745748514365 ], [ -73.999622634581755, 40.763559081210673 ], [ -73.999150980879079, 40.764205259582937 ], [ -74.002288023714797, 40.765561543292826 ], [ -73.998884731749726, 40.764569377551297 ], [ -73.998281607095308, 40.765567774432391 ], [ -74.001573353191617, 40.766977192713512 ], [ -73.998066759053486, 40.765871881638461 ], [ -73.997378084479564, 40.766823385374572 ], [ -74.000649505304139, 40.768245236105791 ], [ -73.997155889492063, 40.767128696172982 ], [ -73.996457154050404, 40.768098815795838 ], [ -73.999735902478591, 40.769506177834288 ], [ -73.997071760393155, 40.768732643577088 ], [ -73.996571264395598, 40.769424568274005 ], [ -73.999026828328923, 40.77046327298229 ], [ -73.996313270220853, 40.769798836336633 ], [ -73.995424744362921, 40.771031615168148 ], [ -73.995899901009338, 40.771450299084862 ], [ -73.994925821206266, 40.771516042405672 ], [ -73.99707328103203, 40.772542868399555 ], [ -73.994445012933781, 40.772377126588538 ], [ -73.996120879946744, 40.773275391093215 ] ] ] } },
{ "type": "Feature", "properties": { "NTA2020": "MN0501", "NTAName": "Midtown South-Flatiron-Union Square", "NTAType": "0", "BoroName": "Manhattan" }, "geometry": { "type": "Polygon", "coordinates": [ [ [ -73.980850543502982, 40.74775037037827 ], [ -73.989874212826834, 40.735408258917367 ], [ -73.989902959700501, 40.734434790137087 ], [ -73.99683993860414, 40.737360889900941 ], [ -73.991418584946118, 40.74480268299893 ], [ -73.997099028543076, 40.747205102042422 ], [ -73.993464176701508, 40.752190055267825 ], [ -73.980850543502982, 40.74775037037827 ] ] ] } },
{ "type": "Feature", "properties": { "NTA2020": "MN0502", "NTAName": "Midtown-Times Square", "NTAType": "0", "BoroName": "Manhattan" }, "geometry": { "type": "Polygon", "coordinates": [ [ [ -73.982110614008917, 40.767744476546319 ], [ -73.969800287595362, 40.762913512630249 ], [ -73.975807392719872, 40.754677274611673 ], [ -73.976973789759256, 40.75434867554565 ], [ -73.978348769752515, 40.752410130141868 ], [ -73.977676604553835, 40.752118937380999 ], [ -73.980850543502982, 40.74775037037827 ], [ -73.993464176701508, 40.752190055267825 ], [ -73.982110614008917, 40.767744476546319 ] ] ] } },
{ "type": "Feature", "properties": { "NTA2020": "MN0601", "NTAName": "Stuyvesant Town-Peter Cooper Village", "NTAType": "0", "BoroName": "Manhattan" }, "geometry": { "type": "MultiPolygon", "coordinates": [ [ [ [ -73.962467899449862, 40.724131579601284 ], [ -73.962007447329441, 40.723991901607747 ], [ -73.962072718777861, 40.72388030090552 ], [ -73.962467899449862, 40.724131579601284 ] ] ], [ [ [ -73.978540944936938, 40.736887659360356 ], [ -73.974440649504444, 40.735316771900429 ], [ -73.973413217308732, 40.731282415926259 ], [ -73.971518826280217, 40.72935136174037 ], [ -73.97162697183613, 40.72662845349943 ], [ -73.982556292317255, 40.731350134554717 ], [ -73.978540944936938, 40.736887659360356 ] ] ] ] } },
{ "type": "Feature", "properties": { "NTA2020": "MN0602", "NTAName": "Gramercy", "NTAType": "0", "BoroName": "Manhattan" }, "geometry": { "type": "Polygon", "coordinates": [ [ [ -73.978052264095169, 40.737553953656203 ], [ -73.982556292317355, 40.73135013455466 ], [ -73.989902959700501, 40.734434790137087 ], [ -73.989874212826834, 40.735408258917367 ], [ -73.984074851940733, 40.743324718416666 ], [ -73.980859653243044, 40.741969768081965 ], [ -73.982667597910194, 40.739498439778252 ], [ -73.978052264095169, 40.737553953656203 ] ] ] } },
{ "type": "Feature", "properties": { "NTA2020": "MN0603", "NTAName": "Murray Hill-Kips Bay", "NTAType": "0", "BoroName": "Manhattan" }, "geometry": { "type": "MultiPolygon", "coordinates": [ [ [ [ -73.962252288765953, 40.729985566479556 ], [ -73.961282618760436, 40.730061025512626 ], [ -73.962549339523008, 40.729744068349341 ], [ -73.962252288765953, 40.729985566479556 ] ] ], [ [ [ -73.963699381390356, 40.731436620060023 ], [ -73.96167446706346, 40.73148125455787 ], [ -73.96365939232885, 40.731249811482236 ], [ -73.963699381390356, 40.731436620060023 ] ] ], [ [ [ -73.960648637007111, 40.744130317614264 ], [ -73.960568567262953, 40.744029666585185 ], [ -73.960672046454789, 40.744051215856388 ], [ -73.960648637007111, 40.744130317614264 ] ] ], [ [ [ -73.977676604553722, 40.752118937381056 ], [ -73.974444514935087, 40.750764692994892 ], [ -73.973502557289606, 40.752064932657753 ], [ -73.971262343831256, 40.751122241299583 ], [ -73.968907971665544, 40.750112443750339 ], [ -73.969986920110557, 40.748868714102187 ], [ -73.967912729062675, 40.747970935642122 ], [ -73.971888889130383, 40.742724820355697 ], [ -73.972489941747412, 40.735803280107802 ], [ -73.974466470472819, 40.736278456830085 ], [ -73.974465377673511, 40.73566688656647 ], [ -73.972763083803486, 40.73550508747374 ], [ -73.973544727958355, 40.734944326604065 ], [ -73.978338205645741, 40.736721471044525 ], [ -73.978052264095112, 40.737553953656246 ], [ -73.982667597910137, 40.739498439778252 ], [ -73.980859653242931, 40.741969768082008 ], [ -73.98407485194069, 40.743324718416709 ], [ -73.977676604553722, 40.752118937381056 ] ] ] ] } },
{ "type": "Feature", "properties": { "NTA2020": "MN0604", "NTAName": "East Midtown-Turtle Bay", "NTAType": "0", "BoroName": "Manhattan" }, "geometry": { "type": "Polygon", "coordinates": [ [ [ -73.969800287595362, 40.762913512630249 ], [ -73.958491194535242, 40.758545903830331 ], [ -73.96470952774996, 40.751719415598316 ], [ -73.967226549960131, 40.752688223842881 ], [ -73.968907971665658, 40.75011244375029 ], [ -73.973502557289734, 40.752064932657753 ], [ -73.9744445149352, 40.750764692994892 ], [ -73.978348769752515, 40.752410130141868 ], [ -73.976515693580254, 40.754974263345112 ], [ -73.975807392719872, 40.754677274611673 ], [ -73.969800287595362, 40.762913512630249 ] ] ] } },
{ "type": "Feature", "properties": { "NTA2020": "MN0661", "NTAName": "United Nations", "NTAType": "6", "BoroName": "Manhattan" }, "geometry": { "type": "MultiPolygon", "coordinates": [ [ [ [ -73.964159802884296, 40.746865547359754 ], [ -73.96444522664541, 40.746410425260521 ], [ -73.964583183388015, 40.746454401343343 ], [ -73.964159802884296, 40.746865547359754 ] ] ], [ [ [ -73.967226549960131, 40.752688223842881 ], [ -73.96470952774996, 40.751719415598316 ], [ -73.967912729062832, 40.74797093564208 ], [ -73.9699869201106, 40.748868714102187 ], [ -73.967226549960131, 40.752688223842881 ] ] ] ] } },
{ "type": "Feature", "properties": { "NTA2020": "MN0701", "NTAName": "Upper West Side-Lincoln Square", "NTAType": "0", "BoroName": "Manhattan" }, "geometry": { "type": "Polygon", "coordinates": [ [ [ -73.975001118318204, 40.777527779916589 ], [ -73.982363539558349, 40.767388074173383 ], [ -73.996240651017374, 40.773789791900434 ], [ -73.993936941822, 40.773179510967118 ], [ -73.988868617399916, 40.7796929229116 ], [ -73.991551059227533, 40.779574820432423 ], [ -73.988886144116847, 40.779878898532949 ], [ -73.988127460694955, 40.781401796944976 ], [ -73.985679360294895, 40.780312633335036 ], [ -73.98507184256836, 40.781779681471896 ], [ -73.975001118318204, 40.777527779916589 ] ] ] } },
{ "type": "Feature", "properties": { "NTA2020": "MN0702", "NTAName": "Upper West Side (Central)", "NTAType": "0", "BoroName": "Manhattan" }, "geometry": { "type": "Polygon", "coordinates": [ [ [ -73.964175984551929, 40.792362045027723 ], [ -73.975001118318303, 40.777527779916589 ], [ -73.985071842568473, 40.781779681471846 ], [ -73.985679360294895, 40.780312633335015 ], [ -73.988127460364424, 40.781401797447515 ], [ -73.985465811970258, 40.785360700575644 ], [ -73.986172704965341, 40.786068452761462 ], [ -73.987119013942745, 40.785210317999123 ], [ -73.986128422485891, 40.786239001331317 ], [ -73.985429321269422, 40.785413942184825 ], [ -73.985081137732053, 40.785921935110643 ], [ -73.985765660297517, 40.786196274858831 ], [ -73.984655078830116, 40.786534742310728 ], [ -73.985949561556794, 40.786487112961552 ], [ -73.984619428583983, 40.786586016852596 ], [ -73.976399519305403, 40.798273211195294 ], [ -73.964175984551929, 40.792362045027723 ] ] ] } },
{ "type": "Feature", "properties": { "NTA2020": "MN0703", "NTAName": "Upper West Side-Manhattan Valley", "NTAType": "0", "BoroName": "Manhattan" }, "geometry": { "type": "Polygon", "coordinates": [ [ [ -73.971107658082147, 40.805790139425497 ], [ -73.958172969715349, 40.800582541959635 ], [ -73.964175984551929, 40.792362045027723 ], [ -73.976399519305289, 40.79827321119533 ], [ -73.971107658082147, 40.805790139425497 ] ] ] } },
{ "type": "Feature", "properties": { "NTA2020": "MN0801", "NTAName": "Upper East Side-Lenox Hill-Roosevelt Island", "NTAType": "0", "BoroName": "Manhattan" }, "geometry": { "type": "MultiPolygon", "coordinates": [ [ [ [ -73.957688318434251, 40.748535026871842 ], [ -73.957493440047003, 40.748336464763121 ], [ -73.957839539420817, 40.74833800287287 ], [ -73.957688318434251, 40.748535026871842 ] ] ], [ [ [ -73.935698338885004, 40.771766903124174 ], [ -73.935566217513511, 40.771629116391807 ], [ -73.935851952947971, 40.771716001490262 ], [ -73.935698338885004, 40.771766903124174 ] ] ], [ [ [ -73.940355334775063, 40.770496574371279 ], [ -73.953220099631935, 40.756426841315289 ], [ -73.961538554644733, 40.749723119840674 ], [ -73.959016166274367, 40.75359506046015 ], [ -73.944724783432051, 40.769786271534315 ], [ -73.940076656193924, 40.772926186860033 ], [ -73.940355334775063, 40.770496574371279 ] ] ], [ [ [ -73.947489753681893, 40.770115154521399 ], [ -73.958934485137036, 40.758335155448606 ], [ -73.966583383340918, 40.761550936079097 ], [ -73.957294099556279, 40.774283555577767 ], [ -73.947489753681893, 40.770115154521399 ] ] ] ] } },
{ "type": "Feature", "properties": { "NTA2020": "MN0802", "NTAName": "Upper East Side-Carnegie Hill", "NTAType": "0", "BoroName": "Manhattan" }, "geometry": { "type": "Polygon", "coordinates": [ [ [ -73.949331705609552, 40.7851931265578 ], [ -73.966583383341032, 40.761550936079061 ], [ -73.973014871761208, 40.764278879445385 ], [ -73.955777357580359, 40.787913924470658 ], [ -73.949331705609552, 40.7851931265578 ] ] ] } },
{ "type": "Feature", "properties": { "NTA2020": "MN0803", "NTAName": "Upper East Side-Yorkville", "NTAType": "0", "BoroName": "Manhattan" }, "geometry": { "type": "MultiPolygon", "coordinates": [ [ [ [ -73.938082132687569, 40.781418437274851 ], [ -73.93759894622616, 40.780467840861682 ], [ -73.939583789724196, 40.779576474509909 ], [ -73.938744230892681, 40.781043876042474 ], [ -73.938082132687569, 40.781418437274851 ] ] ], [ [ [ -73.94360047475412, 40.780159099466395 ], [ -73.942115852052581, 40.779464381783086 ], [ -73.943002465472773, 40.778852879517657 ], [ -73.942081604573815, 40.775957016317228 ], [ -73.947489753681893, 40.770115154521399 ], [ -73.957294099556279, 40.774283555577767 ], [ -73.949331705609595, 40.7851931265578 ], [ -73.943760052083562, 40.782828932219566 ], [ -73.94360047475412, 40.780159099466395 ] ] ] ] } },
{ "type": "Feature", "properties": { "NTA2020": "MN0901", "NTAName": "Morningside Heights", "NTAType": "0", "BoroName": "Manhattan" }, "geometry": { "type": "Polygon", "coordinates": [ [ [ -73.952101251492167, 40.811442853501475 ], [ -73.953575777221261, 40.809476698162115 ], [ -73.954966571062869, 40.810064555206246 ], [ -73.95822724911433, 40.805537497295788 ], [ -73.958248781754804, 40.803106486470774 ], [ -73.959646853349284, 40.801156423758947 ], [ -73.971107657641156, 40.805790139676674 ], [ -73.962031057518772, 40.818086330979206 ], [ -73.959493287377171, 40.817007473778865 ], [ -73.956258896822817, 40.81338943442838 ], [ -73.955706899911164, 40.814143960542587 ], [ -73.954080583415546, 40.812280112895735 ], [ -73.952101251492167, 40.811442853501475 ] ] ] } },
{ "type": "Feature", "properties": { "NTA2020": "MN0902", "NTAName": "Manhattanville-West Harlem", "NTAType": "0", "BoroName": "Manhattan" }, "geometry": { "type": "Polygon", "coordinates": [ [ [ -73.946078286080692, 40.821263216061794 ], [ -73.949214103729034, 40.814699770984788 ], [ -73.952101251492209, 40.811442853501433 ], [ -73.954080583415646, 40.812280112895735 ], [ -73.95570689991122, 40.814143960542559 ], [ -73.956258896822817, 40.813389434428345 ], [ -73.959493287377114, 40.81700747377883 ], [ -73.962031057077581, 40.818086331481638 ], [ -73.958818922339972, 40.82151852484693 ], [ -73.959603324602796, 40.822994686783495 ], [ -73.958527315242577, 40.821843756652335 ], [ -73.957939049090911, 40.822774354050026 ], [ -73.959531014118411, 40.823619182180785 ], [ -73.959140381376272, 40.824317590204878 ], [ -73.950828799031896, 40.82082793759966 ], [ -73.94992194321388, 40.822072314730121 ], [ -73.946078286080692, 40.821263216061794 ] ] ] } },
{ "type": "Feature", "properties": { "NTA2020": "MN0903", "NTAName": "Hamilton Heights-Sugar Hill", "NTAType": "0", "BoroName": "Manhattan" }, "geometry": { "type": "Polygon", "coordinates": [ [ [ -73.950212185600151, 40.834303119958527 ], [ -73.938640266056481, 40.829738874420251 ], [ -73.939248856162934, 40.828296351212067 ], [ -73.945160048296188, 40.820879043978749 ], [ -73.948082897494757, 40.822108022013438 ], [ -73.948540297021239, 40.821487623315456 ], [ -73.94992194321388, 40.822072314730121 ], [ -73.950828799031896, 40.82082793759966 ], [ -73.959140381376272, 40.824317590204878 ], [ -73.956317845103101, 40.827944215388754 ], [ -73.954541880620937, 40.827861476868264 ], [ -73.950212185600151, 40.834303119958527 ] ] ] } },
{ "type": "Feature", "properties": { "NTA2020": "MN1001", "NTAName": "Harlem (South)", "NTAType": "0", "BoroName": "Manhattan" }, "geometry": { "type": "Polygon", "coordinates": [ [ [ -73.941771401038451, 40.807089000852102 ], [ -73.942753671620537, 40.805744012794463 ], [ -73.944355869565399, 40.806413587911372 ], [ -73.94620045768923, 40.803906522432229 ], [ -73.944599152080443, 40.803225048342576 ], [ -73.949233270163674, 40.796871999905306 ], [ -73.959646853349398, 40.801156423758911 ], [ -73.958248781754918, 40.803106486470739 ], [ -73.958227249114444, 40.805537497295788 ], [ -73.954966571062869, 40.810064555206246 ], [ -73.95357577722136, 40.809476698162072 ], [ -73.952101251492209, 40.811442853501433 ], [ -73.941771401038451, 40.807089000852102 ] ] ] } },
{ "type": "Feature", "properties": { "NTA2020": "MN1002", "NTAName": "Harlem (North)", "NTAType": "0", "BoroName": "Manhattan" }, "geometry": { "type": "Polygon", "coordinates": [ [ [ -73.935156591734369, 40.832682405734907 ], [ -73.934074638454177, 40.81782651394802 ], [ -73.941771401038409, 40.807089000852102 ], [ -73.952101251492167, 40.811442853501475 ], [ -73.949214103728934, 40.814699770984788 ], [ -73.946078286080692, 40.821263216061844 ], [ -73.945160048296074, 40.820879043978749 ], [ -73.939248856162834, 40.828296351212067 ], [ -73.938640266056538, 40.829738874420251 ], [ -73.940141311218639, 40.830371988880444 ], [ -73.938948597007624, 40.832417336328064 ], [ -73.934673930021475, 40.836064903238977 ], [ -73.935156591734369, 40.832682405734907 ] ] ] } },
{ "type": "Feature", "properties": { "NTA2020": "MN1101", "NTAName": "East Harlem (South)", "NTAType": "0", "BoroName": "Manhattan" }, "geometry": { "type": "Polygon", "coordinates": [ [ [ -73.94327251058219, 40.793488103940298 ], [ -73.938648831461066, 40.79155775480551 ], [ -73.937736119912316, 40.792815804101487 ], [ -73.935054059697876, 40.791686231358185 ], [ -73.937081043822914, 40.789366395710196 ], [ -73.936218598699426, 40.788800497574499 ], [ -73.937149654610522, 40.789168449562283 ], [ -73.939826196965072, 40.785256551913129 ], [ -73.943648234508018, 40.782656161835632 ], [ -73.95577735758026, 40.787913924470658 ], [ -73.948311253221107, 40.798129217566419 ], [ -73.941876045726303, 40.795405869552823 ], [ -73.94327251058219, 40.793488103940298 ] ] ] } },
{ "type": "Feature", "properties": { "NTA2020": "MN1102", "NTAName": "East Harlem (North)", "NTAType": "0", "BoroName": "Manhattan" }, "geometry": { "type": "MultiPolygon", "coordinates": [ [ [ [ -73.927382636246051, 40.797377062575478 ], [ -73.927671226208574, 40.797217014266437 ], [ -73.927706941271722, 40.797298662877189 ], [ -73.927382636246051, 40.797377062575478 ] ] ], [ [ [ -73.926720911689671, 40.800414210943785 ], [ -73.926538463899689, 40.800333898810663 ], [ -73.926742638929412, 40.800403499475536 ], [ -73.926720911689671, 40.800414210943785 ] ] ], [ [ [ -73.92711464230625, 40.800563756229771 ], [ -73.926695725413069, 40.800146977654705 ], [ -73.927247707892704, 40.800392957369176 ], [ -73.92711464230625, 40.800563756229771 ] ] ], [ [ [ -73.926886060219459, 40.80084064887172 ], [ -73.926509548672499, 40.800657032027345 ], [ -73.927046402979144, 40.800651743031516 ], [ -73.926886060219459, 40.80084064887172 ] ] ], [ [ [ -73.933826141377097, 40.81935642975052 ], [ -73.934338645846793, 40.80956221433415 ], [ -73.929034902403032, 40.801080903852053 ], [ -73.92903640113434, 40.796762594603642 ], [ -73.930068810355436, 40.794700828605627 ], [ -73.935054059697876, 40.791686231358185 ], [ -73.937736119912316, 40.792815804101487 ], [ -73.938648831461066, 40.79155775480551 ], [ -73.94327251058219, 40.793488103940298 ], [ -73.941876045726303, 40.795405869552823 ], [ -73.948311253221107, 40.798129217566419 ], [ -73.944599152080499, 40.803225048342611 ], [ -73.946200457689272, 40.803906522432271 ], [ -73.944355869565399, 40.806413587911408 ], [ -73.942753671620537, 40.805744012794463 ], [ -73.934128166067481, 40.817733963518371 ], [ -73.934475236104461, 40.819697496396387 ], [ -73.933826141377097, 40.81935642975052 ] ] ] ] } },
{ "type": "Feature", "properties": { "NTA2020": "MN1191", "NTAName": "Randall's Island", "NTAType": "9", "BoroName": "Manhattan" }, "geometry": { "type": "Polygon", "coordinates": [ [ [ -73.916398529140437, 40.797684842039224 ], [ -73.913783853705297, 40.793836285984852 ], [ -73.916865405848839, 40.790362063464372 ], [ -73.918562997749802, 40.789695333826081 ], [ -73.924121139967866, 40.782523074011003 ], [ -73.928101188991178, 40.78092032054434 ], [ -73.931053526535138, 40.782396594571047 ], [ -73.935023450683389, 40.783006382531227 ], [ -73.935982259183518, 40.783942368776181 ], [ -73.935712658654495, 40.785680489491988 ], [ -73.930841786510555, 40.790991430503794 ], [ -73.926104101866301, 40.790731607620081 ], [ -73.92615942249715, 40.79171538949744 ], [ -73.926567661856765, 40.791858134781016 ], [ -73.925607560262421, 40.791895907466554 ], [ -73.926737988028222, 40.791928423294294 ], [ -73.926565847277502, 40.790979502215393 ], [ -73.927868891529215, 40.790954838634043 ], [ -73.927135637280742, 40.791929306603343 ], [ -73.928342127089863, 40.792979690329645 ], [ -73.926936146796265, 40.795497062372483 ], [ -73.927262931368958, 40.798918645623829 ], [ -73.925492934929707, 40.801956169321002 ], [ -73.922633785948221, 40.801868738643869 ], [ -73.920314655212195, 40.799375459290218 ], [ -73.916398529140437, 40.797684842039224 ] ] ] } },
{ "type": "Feature", "properties": { "NTA2020": "MN1201", "NTAName": "Washington Heights (South)", "NTAType": "0", "BoroName": "Manhattan" }, "geometry": { "type": "Polygon", "coordinates": [ [ [ -73.931393553157619, 40.847428231409644 ], [ -73.935566971744237, 40.841712527558101 ], [ -73.93505508758814, 40.839333236833092 ], [ -73.940219144731742, 40.831883834684703 ], [ -73.940346432474811, 40.830457843352256 ], [ -73.950212185600151, 40.834303119958527 ], [ -73.948560545205652, 40.83956488465931 ], [ -73.946124164217721, 40.843892496557302 ], [ -73.94696441627184, 40.850465526320342 ], [ -73.943187193308077, 40.849754842636543 ], [ -73.943890002573312, 40.848202911439209 ], [ -73.938036160454175, 40.847557754918469 ], [ -73.936396830697234, 40.849541195841908 ], [ -73.931393553157619, 40.847428231409644 ] ] ] } },
{ "type": "Feature", "properties": { "NTA2020": "MN1202", "NTAName": "Washington Heights (North)", "NTAType": "0", "BoroName": "Manhattan" }, "geometry": { "type": "Polygon", "coordinates": [ [ [ -73.928726431140745, 40.866741428220706 ], [ -73.924741533193071, 40.861593638251641 ], [ -73.926980911342341, 40.858605481672726 ], [ -73.926911174249156, 40.857508761525743 ], [ -73.925483404916321, 40.858188531716152 ], [ -73.924634412976602, 40.85688503514146 ], [ -73.927695656718569, 40.852487782775562 ], [ -73.927033156043208, 40.852200775102133 ], [ -73.927476803972041, 40.85069437079904 ], [ -73.929773127751687, 40.848115461185081 ], [ -73.930621078860014, 40.848480977439145 ], [ -73.931393553157619, 40.847428231409644 ], [ -73.936396830697234, 40.849541195841908 ], [ -73.938036160454175, 40.847557754918469 ], [ -73.943890002573312, 40.848202911439209 ], [ -73.943187193308077, 40.849754842636543 ], [ -73.94696441627184, 40.850465526320342 ], [ -73.941869963605271, 40.853867738940075 ], [ -73.932518884044399, 40.867410503366038 ], [ -73.932353708072768, 40.869755255296781 ], [ -73.928726431140745, 40.866741428220706 ] ] ] } },
{ "type": "Feature", "properties": { "NTA2020": "MN1203", "NTAName": "Inwood", "NTAType": "0", "BoroName": "Manhattan" }, "geometry": { "type": "MultiPolygon", "coordinates": [ [ [ [ -73.922296109261126, 40.855663836401462 ], [ -73.921698419046962, 40.856672301855149 ], [ -73.921518940590943, 40.856601170623435 ], [ -73.922296109261126, 40.855663836401462 ] ] ], [ [ [ -73.922344592416636, 40.855682336484243 ], [ -73.922887949497593, 40.858856941246017 ], [ -73.928726431140745, 40.866741428220742 ], [ -73.926198477357588, 40.86851350036838 ], [ -73.921626226181999, 40.869392184667873 ], [ -73.919254816015311, 40.871007842802854 ], [ -73.919698875319938, 40.872063531039004 ], [ -73.918429243975567, 40.873009778733611 ], [ -73.914009854169919, 40.871160593864666 ], [ -73.911425961843563, 40.873181767155202 ], [ -73.910433635704436, 40.871380816384487 ], [ -73.912547750640144, 40.866514943506573 ], [ -73.913918631332294, 40.864745584403813 ], [ -73.914923879278575, 40.864580378919307 ], [ -73.914411133927459, 40.864173626370629 ], [ -73.915899116457851, 40.864308038085255 ], [ -73.91519574800094, 40.863945224736092 ], [ -73.91538673051069, 40.863084384703484 ], [ -73.919502136609324, 40.85879113379066 ], [ -73.921590148482238, 40.860072800027062 ], [ -73.921866337837699, 40.859181339144847 ], [ -73.920914598577781, 40.858218966637921 ], [ -73.922344592416636, 40.855682336484243 ] ] ] ] } },
{ "type": "Feature", "properties": { "NTA2020": "MN1291", "NTAName": "Highbridge Park", "NTAType": "9", "BoroName": "Manhattan" }, "geometry": { "type": "Polygon", "coordinates": [ [ [ -73.922887949497593, 40.858856941246017 ], [ -73.922879216194104, 40.85587725939029 ], [ -73.922278730644791, 40.855654988843945 ], [ -73.9298142904901, 40.845077383642362 ], [ -73.934452393090893, 40.835980960652172 ], [ -73.938390956010977, 40.833088369194236 ], [ -73.940346432474655, 40.830457843352256 ], [ -73.940219144731714, 40.831883834684703 ], [ -73.935055087588026, 40.839333236833149 ], [ -73.935566971744137, 40.841712527558101 ], [ -73.930621078860071, 40.848480977439145 ], [ -73.929773127751687, 40.848115461185117 ], [ -73.927079822777728, 40.851432343384353 ], [ -73.927695656718456, 40.852487782775562 ], [ -73.9246311201873, 40.856967459972395 ], [ -73.925483404916221, 40.858188531716152 ], [ -73.926911174249156, 40.857508761525793 ], [ -73.92688494937758, 40.858763823177391 ], [ -73.924741533193071, 40.861593638251676 ], [ -73.922887949497593, 40.858856941246017 ] ] ] } },
{ "type": "Feature", "properties": { "NTA2020": "MN1292", "NTAName": "Inwood Hill Park", "NTAType": "9", "BoroName": "Manhattan" }, "geometry": { "type": "MultiPolygon", "coordinates": [ [ [ [ -73.926405568549029, 40.877621476537101 ], [ -73.926192922386065, 40.877064419685041 ], [ -73.92239768169317, 40.876780223141395 ], [ -73.922576368059794, 40.874295182628963 ], [ -73.921117415779136, 40.873033455689011 ], [ -73.919793016724157, 40.87360651215802 ], [ -73.92080255630286, 40.874194059369458 ], [ -73.920806096439932, 40.875477492972905 ], [ -73.91887525897296, 40.874678995890214 ], [ -73.919274383179825, 40.873651880904781 ], [ -73.918499956621929, 40.873191715604023 ], [ -73.917577298847306, 40.874548678547384 ], [ -73.91787144917501, 40.873904995288846 ], [ -73.915224020798419, 40.874486621867838 ], [ -73.911515160349651, 40.873236630127337 ], [ -73.914009854169919, 40.871160593864666 ], [ -73.918429243975567, 40.873009778733611 ], [ -73.919698875319938, 40.872063531039004 ], [ -73.919254816015311, 40.871007842802854 ], [ -73.921626226181999, 40.869392184667873 ], [ -73.926198477357588, 40.86851350036838 ], [ -73.928726431140745, 40.866741428220742 ], [ -73.932206004656564, 40.870096445104238 ], [ -73.929179682559649, 40.875555548966581 ], [ -73.926405568549029, 40.877621476537101 ] ] ], [ [ [ -73.923629738841115, 40.878963943913156 ], [ -73.92363695222997, 40.878815355931835 ], [ -73.923679193117394, 40.878826073996237 ], [ -73.923629738841115, 40.878963943913156 ] ] ] ] } },
{ "type": "Feature", "properties": { "NTA2020": "MN6491", "NTAName": "Central Park", "NTAType": "9", "BoroName": "Manhattan" }, "geometry": { "type": "Polygon", "coordinates": [ [ [ -73.949233270163674, 40.796871999905306 ], [ -73.973014871761208, 40.764278879445385 ], [ -73.981491213605665, 40.767881199603536 ], [ -73.95817296971542, 40.800582541959635 ], [ -73.949233270163674, 40.796871999905306 ] ] ] } },
{ "type": "Feature", "properties": { "NTA2020": "QN0101", "NTAName": "Astoria (North)-Ditmars-Steinway", "NTAType": "0", "BoroName": "Queens" }, "geometry": { "type": "Polygon", "coordinates": [ [ [ -73.909858629257059, 40.790945494284628 ], [ -73.900326297438156, 40.789007662825895 ], [ -73.895929629755102, 40.78564894431404 ], [ -73.89876162661416, 40.782748946384672 ], [ -73.901145775520334, 40.78271110659341 ], [ -73.902579296724184, 40.780289120333222 ], [ -73.901291276189198, 40.781858419270556 ], [ -73.898654378440327, 40.781995420321024 ], [ -73.894377779341269, 40.784243203484415 ], [ -73.896063777383432, 40.783157202307983 ], [ -73.89477429053531, 40.782253592494435 ], [ -73.895421979716545, 40.781717771016496 ], [ -73.895357505675193, 40.78165765713365 ], [ -73.894600917745791, 40.78225315898154 ], [ -73.895344478422885, 40.781585566311463 ], [ -73.894164690907814, 40.782472046706637 ], [ -73.893060906920539, 40.781848289707305 ], [ -73.892307502035649, 40.782466042076486 ], [ -73.892749178764092, 40.782965706684934 ], [ -73.891654591236318, 40.782194782033464 ], [ -73.893009861801929, 40.781798023562416 ], [ -73.891671037545336, 40.780854854131483 ], [ -73.892540181455416, 40.779551834271636 ], [ -73.89119589704309, 40.77856328838989 ], [ -73.892522598608096, 40.777404629491819 ], [ -73.891416057700894, 40.776338956735778 ], [ -73.891832447721683, 40.774880200557831 ], [ -73.891120442071724, 40.77712470023755 ], [ -73.890087294169604, 40.777784192601906 ], [ -73.88947105399582, 40.775535551972567 ], [ -73.890191715205773, 40.773646876727796 ], [ -73.889454867714292, 40.773532951628695 ], [ -73.887729880706146, 40.76691443487077 ], [ -73.890890436058754, 40.765858198612321 ], [ -73.894323719553626, 40.766146471735006 ], [ -73.917257147292801, 40.769853530365474 ], [ -73.92398142850007, 40.774615112688544 ], [ -73.923025713929547, 40.775384309888487 ], [ -73.923757612641921, 40.77654701252132 ], [ -73.917965813697791, 40.781256291967296 ], [ -73.919964587048028, 40.782635069038641 ], [ -73.917171186464259, 40.784193484371606 ], [ -73.912599858453547, 40.789376329633548 ], [ -73.909858629257059, 40.790945494284628 ] ] ] } },
{ "type": "Feature", "properties": { "NTA2020": "QN0102", "NTAName": "Old Astoria-Hallets Point", "NTAType": "0", "BoroName": "Queens" }, "geometry": { "type": "Polygon", "coordinates": [ [ [ -73.92827730766551, 40.776898975826768 ], [ -73.923981428500241, 40.774615112688501 ], [ -73.927806785061222, 40.769889038658171 ], [ -73.926473411106528, 40.769271396247966 ], [ -73.930365459828266, 40.764490750882302 ], [ -73.936183796754293, 40.767691802164997 ], [ -73.934246096150403, 40.771029275674373 ], [ -73.937466385370769, 40.772531495125371 ], [ -73.937858117566662, 40.774087568972867 ], [ -73.936380227514263, 40.776921456562455 ], [ -73.934743529451708, 40.778076335376809 ], [ -73.931788342390433, 40.777870607104632 ], [ -73.929880585000859, 40.776221631902025 ], [ -73.92827730766551, 40.776898975826768 ] ] ] } },
{ "type": "Feature", "properties": { "NTA2020": "QN0103", "NTAName": "Astoria (Central)", "NTAType": "0", "BoroName": "Queens" }, "geometry": { "type": "Polygon", "coordinates": [ [ [ -73.911940259160872, 40.76901015311978 ], [ -73.914499023560296, 40.765856400018876 ], [ -73.913700713218432, 40.765480239439292 ], [ -73.914992114850108, 40.763892304537649 ], [ -73.915791173144882, 40.764267771129504 ], [ -73.924156999776372, 40.753961142331477 ], [ -73.932152002097382, 40.757710385326817 ], [ -73.929650619014055, 40.760797762089204 ], [ -73.930549638511962, 40.761220601302327 ], [ -73.929434407568081, 40.762380093350579 ], [ -73.931336260729111, 40.763276441700633 ], [ -73.926473411106528, 40.769271396247966 ], [ -73.927806785061222, 40.769889038658171 ], [ -73.923981428500241, 40.774615112688501 ], [ -73.917702172161555, 40.770393111588064 ], [ -73.918078751784591, 40.770061995895475 ], [ -73.911940259160872, 40.76901015311978 ] ] ] } },
{ "type": "Feature", "properties": { "NTA2020": "QN0104", "NTAName": "Astoria (East)-Woodside (North)", "NTAType": "0", "BoroName": "Queens" }, "geometry": { "type": "Polygon", "coordinates": [ [ [ -73.902025164994768, 40.767416783846834 ], [ -73.903512276866664, 40.765849460113628 ], [ -73.901528514972938, 40.759627895683231 ], [ -73.898554929050292, 40.759924104163311 ], [ -73.899741991543507, 40.757511579500452 ], [ -73.898542230457892, 40.754170112432135 ], [ -73.910231246024097, 40.752976523975093 ], [ -73.917631928356641, 40.753857848779418 ], [ -73.925627437254533, 40.752137244755161 ], [ -73.915791173144882, 40.764267771129504 ], [ -73.914992114850108, 40.763892304537649 ], [ -73.913700713218432, 40.765480239439292 ], [ -73.914499023560296, 40.765856400018876 ], [ -73.911940259160872, 40.76901015311978 ], [ -73.902025164994768, 40.767416783846834 ] ] ] } },
{ "type": "Feature", "properties": { "NTA2020": "QN0105", "NTAName": "Queensbridge-Ravenswood-Dutch Kills", "NTAType": "0", "BoroName": "Queens" }, "geometry": { "type": "Polygon", "coordinates": [ [ [ -73.934527300212977, 40.771176775103058 ], [ -73.934474489914265, 40.770411597188158 ], [ -73.936183796754293, 40.767691802164997 ], [ -73.930365459828266, 40.764490750882302 ], [ -73.931336260729111, 40.763276441700633 ], [ -73.929434407568081, 40.762380093350579 ], [ -73.930549638511962, 40.761220601302327 ], [ -73.929650619014055, 40.760797762089204 ], [ -73.932152002097382, 40.757710385326817 ], [ -73.924156999776372, 40.753961142331477 ], [ -73.925627437254533, 40.752137244755161 ], [ -73.933832692524064, 40.751604701939499 ], [ -73.936863555808316, 40.748421263647217 ], [ -73.938117146514642, 40.74983270862613 ], [ -73.950839170759764, 40.755218083616356 ], [ -73.941311748753478, 40.766918004769472 ], [ -73.935240168311864, 40.769679325463159 ], [ -73.934527300212977, 40.771176775103058 ] ] ] } },
{ "type": "Feature", "properties": { "NTA2020": "QN0151", "NTAName": "Rikers Island", "NTAType": "5", "BoroName": "Bronx" }, "geometry": { "type": "Polygon", "coordinates": [ [ [ -73.872871958376152, 40.785975028474347 ], [ -73.878306799913958, 40.785356621178053 ], [ -73.889052123550258, 40.787372560257459 ], [ -73.890301354989234, 40.789876727334885 ], [ -73.892181829848255, 40.790394270279265 ], [ -73.892822836109261, 40.792817081951654 ], [ -73.891792896865681, 40.796775245758838 ], [ -73.890830421693821, 40.79800740657987 ], [ -73.88886162194008, 40.797873056896101 ], [ -73.88831097224373, 40.798184185370374 ], [ -73.88897708980052, 40.798750530859742 ], [ -73.888213488513586, 40.798665304136208 ], [ -73.883716023647111, 40.795689838757056 ], [ -73.876903414170357, 40.793775458467714 ], [ -73.871211541434064, 40.79003612223994 ], [ -73.870795048268235, 40.787929017001538 ], [ -73.872871958376152, 40.785975028474347 ] ] ] } },
{ "type": "Feature", "properties": { "NTA2020": "QN0161", "NTAName": "Sunnyside Yards (North)", "NTAType": "6", "BoroName": "Queens" }, "geometry": { "type": "Polygon", "coordinates": [ [ [ -73.910231246024097, 40.752976523975093 ], [ -73.909843184918117, 40.75163868049961 ], [ -73.920539000182657, 40.749750828354443 ], [ -73.921612079591881, 40.751371552123935 ], [ -73.924633693819672, 40.751643346331164 ], [ -73.931519119122882, 40.751152456340378 ], [ -73.935386851893341, 40.749411933655352 ], [ -73.936094988889138, 40.7497315308783 ], [ -73.932276232474578, 40.751953886707334 ], [ -73.925627437254533, 40.752137244755161 ], [ -73.917631928356641, 40.753857848779418 ], [ -73.910231246024097, 40.752976523975093 ] ] ] } },
{ "type": "Feature", "properties": { "NTA2020": "QN0171", "NTAName": "St. Michael's Cemetery", "NTAType": "7", "BoroName": "Queens" }, "geometry": { "type": "Polygon", "coordinates": [ [ [ -73.894323719553626, 40.76614647173497 ], [ -73.898772507231499, 40.759915577167433 ], [ -73.901528514972938, 40.759627895683231 ], [ -73.903512276866664, 40.765849460113628 ], [ -73.902179516563351, 40.767315841500817 ], [ -73.894323719553626, 40.76614647173497 ] ] ] } },
{ "type": "Feature", "properties": { "NTA2020": "QN0191", "NTAName": "Astoria Park", "NTAType": "9", "BoroName": "Queens" }, "geometry": { "type": "Polygon", "coordinates": [ [ [ -73.923981428500241, 40.774615112688501 ], [ -73.92827730766551, 40.776898975826768 ], [ -73.924873444816953, 40.778625605011783 ], [ -73.919964587048071, 40.782635069038612 ], [ -73.917965813697791, 40.78125629196726 ], [ -73.923757612642021, 40.776547012521284 ], [ -73.923025713929661, 40.775384309888459 ], [ -73.923981428500241, 40.774615112688501 ] ] ] } },
{ "type": "Feature", "properties": { "NTA2020": "QN0201", "NTAName": "Long Island City-Hunters Point", "NTAType": "0", "BoroName": "Queens" }, "geometry": { "type": "Polygon", "coordinates": [ [ [ -73.936863555808316, 40.748421263647245 ], [ -73.940326959919261, 40.745413143721379 ], [ -73.943427427738285, 40.744231172997551 ], [ -73.944195616120751, 40.742882146605623 ], [ -73.937261106502262, 40.745176490733598 ], [ -73.938679688022106, 40.738208302461658 ], [ -73.941461733970826, 40.739248583627052 ], [ -73.93866991753184, 40.742534082025145 ], [ -73.940019229756601, 40.743208272210929 ], [ -73.939653015213779, 40.742731087095862 ], [ -73.941594700300328, 40.739864126169159 ], [ -73.945482365900702, 40.738207031796513 ], [ -73.947150871811758, 40.737900123344929 ], [ -73.953808839208392, 40.739820292978116 ], [ -73.957414706999103, 40.739556582011474 ], [ -73.960725803736793, 40.738080170179337 ], [ -73.962608196848208, 40.738795537967654 ], [ -73.961246979454415, 40.74042359711536 ], [ -73.961937499322488, 40.740794878815571 ], [ -73.961218627859353, 40.741107860130171 ], [ -73.961190297229336, 40.742644855259698 ], [ -73.959774707977886, 40.743504684203231 ], [ -73.960568567262953, 40.744029666585185 ], [ -73.958775370044492, 40.744555600366184 ], [ -73.959665905215289, 40.745170300079955 ], [ -73.958493893031147, 40.744987864916432 ], [ -73.959337868447108, 40.745507606896133 ], [ -73.958502274593585, 40.74576497371541 ], [ -73.95914371692966, 40.746000603176128 ], [ -73.957040972768084, 40.748920351376604 ], [ -73.953183824928175, 40.747734812463698 ], [ -73.956321625096891, 40.749081553429939 ], [ -73.956201367350289, 40.749685633323672 ], [ -73.955066525601197, 40.749632730878204 ], [ -73.954498580975937, 40.75122583574062 ], [ -73.95083917075965, 40.75521808361642 ], [ -73.938117146514543, 40.74983270862613 ], [ -73.936863555808316, 40.748421263647245 ] ] ] } },
{ "type": "Feature", "properties": { "NTA2020": "QN0202", "NTAName": "Sunnyside", "NTAType": "0", "BoroName": "Queens" }, "geometry": { "type": "Polygon", "coordinates": [ [ [ -73.909711481530948, 40.749754709477422 ], [ -73.910149930864904, 40.748521572909262 ], [ -73.911642026331279, 40.748684576279267 ], [ -73.911909789687599, 40.748105394934129 ], [ -73.912448537831708, 40.745920402712294 ], [ -73.911247221951442, 40.745783993539192 ], [ -73.911987040789597, 40.742188979781979 ], [ -73.91382781904143, 40.74241368912427 ], [ -73.91443483151015, 40.740531053979268 ], [ -73.915735356073114, 40.740791559855253 ], [ -73.917177379697051, 40.736897870741124 ], [ -73.916515226874026, 40.73675734651021 ], [ -73.91689741755664, 40.73544470881869 ], [ -73.918814376663548, 40.733207654850489 ], [ -73.919021803368366, 40.732087839112616 ], [ -73.917314641443767, 40.73144174935581 ], [ -73.918363951282274, 40.725930883100133 ], [ -73.926452168676974, 40.728124281874365 ], [ -73.928485911542097, 40.727758580671107 ], [ -73.936481386139775, 40.729686520344295 ], [ -73.939110545087473, 40.731379806525389 ], [ -73.941624726364736, 40.735841442338398 ], [ -73.945944103330476, 40.737512515700672 ], [ -73.941461733970925, 40.739248583626988 ], [ -73.938679688022205, 40.738208302461615 ], [ -73.937696815002127, 40.745238575264224 ], [ -73.926770938247273, 40.747592428305616 ], [ -73.920797846670624, 40.746890691727458 ], [ -73.920342330706063, 40.749158960874226 ], [ -73.915405998529124, 40.750111076145501 ], [ -73.909711481530948, 40.749754709477422 ] ] ] } },
{ "type": "Feature", "properties": { "NTA2020": "QN0203", "NTAName": "Woodside", "NTAType": "0", "BoroName": "Queens" }, "geometry": { "type": "Polygon", "coordinates": [ [ [ -73.897074885904544, 40.749944812553032 ], [ -73.890886702286409, 40.740687245163521 ], [ -73.894690758527432, 40.740232139182218 ], [ -73.887253007163977, 40.738835974618716 ], [ -73.887535399506078, 40.736762543005788 ], [ -73.891368555061561, 40.736061331679934 ], [ -73.889361776431571, 40.73583833771049 ], [ -73.88852285901477, 40.734531160015514 ], [ -73.898547726696492, 40.735191910683241 ], [ -73.90107970834157, 40.733914635281465 ], [ -73.905169487715639, 40.735859643127881 ], [ -73.906289034080643, 40.73240075153317 ], [ -73.910688763350819, 40.733471081742437 ], [ -73.907554903410116, 40.741664564407927 ], [ -73.911987040789597, 40.742188979781979 ], [ -73.911247221951442, 40.745783993539192 ], [ -73.912448537831708, 40.745920402712294 ], [ -73.911909789687599, 40.748105394934129 ], [ -73.911642026331279, 40.748684576279267 ], [ -73.910149930864904, 40.748521572909262 ], [ -73.909451826191855, 40.75065550688894 ], [ -73.910231246024097, 40.752976523975093 ], [ -73.898738163401532, 40.754153670938123 ], [ -73.897074885904544, 40.749944812553032 ] ] ] } },
{ "type": "Feature", "properties": { "NTA2020": "QN0261", "NTAName": "Sunnyside Yards (South)", "NTAType": "6", "BoroName": "Queens" }, "geometry": { "type": "Polygon", "coordinates": [ [ [ -73.909711481530948, 40.749754709477422 ], [ -73.914449958181393, 40.750215378634117 ], [ -73.920342330706063, 40.749158960874226 ], [ -73.920797846670624, 40.746890691727458 ], [ -73.926770938247273, 40.747592428305616 ], [ -73.937696815002127, 40.745238575264224 ], [ -73.944195616120751, 40.742882146605581 ], [ -73.943427427738342, 40.744231172997551 ], [ -73.940326959919204, 40.745413143721379 ], [ -73.935386851893341, 40.749411933655352 ], [ -73.931519119122882, 40.751152456340378 ], [ -73.922550429355198, 40.751576480136997 ], [ -73.92101480044326, 40.750972609969203 ], [ -73.920539000182657, 40.749750828354443 ], [ -73.909843184918117, 40.75163868049961 ], [ -73.909711481530948, 40.749754709477422 ] ] ] } },
{ "type": "Feature", "properties": { "NTA2020": "QN0271", "NTAName": "Calvary & Mount Zion Cemeteries", "NTAType": "7", "BoroName": "Queens" }, "geometry": { "type": "Polygon", "coordinates": [ [ [ -73.91382781904143, 40.74241368912427 ], [ -73.907554903410116, 40.741664564407927 ], [ -73.910688763350819, 40.733471081742437 ], [ -73.906289034080643, 40.73240075153317 ], [ -73.905169487715639, 40.735859643127881 ], [ -73.90107970834157, 40.733914635281465 ], [ -73.907068672292709, 40.727466523442288 ], [ -73.911730617921421, 40.729964124082919 ], [ -73.912048249873891, 40.728541407777001 ], [ -73.915052179411916, 40.728601181002013 ], [ -73.915072337463627, 40.727970820738669 ], [ -73.917966965743688, 40.728500770628536 ], [ -73.917314641443767, 40.73144174935581 ], [ -73.919021803368366, 40.732087839112616 ], [ -73.91689741755664, 40.73544470881869 ], [ -73.916515226874026, 40.73675734651021 ], [ -73.917177379697051, 40.736897870741124 ], [ -73.915735356073114, 40.740791559855253 ], [ -73.91443483151015, 40.740531053979268 ], [ -73.91382781904143, 40.74241368912427 ] ] ] } },
{ "type": "Feature", "properties": { "NTA2020": "QN0301", "NTAName": "Jackson Heights", "NTAType": "0", "BoroName": "Queens" }, "geometry": { "type": "Polygon", "coordinates": [ [ [ -73.873657217120794, 40.756803485602198 ], [ -73.869424584489593, 40.749156851518443 ], [ -73.891750486383387, 40.746811727635411 ], [ -73.896358696424599, 40.748770290236934 ], [ -73.899741991543507, 40.757511579500452 ], [ -73.894323719553626, 40.76614647173497 ], [ -73.890890436058854, 40.765858198612321 ], [ -73.887729880706317, 40.766914434870742 ], [ -73.886397122348328, 40.761216453244536 ], [ -73.878953826664812, 40.761983981983427 ], [ -73.876013717945469, 40.761443732138893 ], [ -73.875138742334428, 40.756633816060166 ], [ -73.873657217120794, 40.756803485602198 ] ] ] } },
{ "type": "Feature", "properties": { "NTA2020": "QN0302", "NTAName": "East Elmhurst", "NTAType": "0", "BoroName": "Queens" }, "geometry": { "type": "Polygon", "coordinates": [ [ [ -73.865983491929413, 40.768860127129358 ], [ -73.859123757292139, 40.761275499157605 ], [ -73.854639956632738, 40.758466157765206 ], [ -73.875138742334428, 40.756633816060166 ], [ -73.876013717945469, 40.761443732138893 ], [ -73.878953826664812, 40.761983981983427 ], [ -73.886397122348328, 40.761216453244536 ], [ -73.887729880706317, 40.766914434870742 ], [ -73.876994261814232, 40.771422660382655 ], [ -73.871846461457196, 40.771742079935919 ], [ -73.865983491929413, 40.768860127129358 ] ] ] } },
{ "type": "Feature", "properties": { "NTA2020": "QN0303", "NTAName": "North Corona", "NTAType": "0", "BoroName": "Queens" }, "geometry": { "type": "Polygon", "coordinates": [ [ [ -73.85220450477739, 40.752660682361778 ], [ -73.861117075301635, 40.750024228867524 ], [ -73.869424584489593, 40.749156851518443 ], [ -73.873657217120794, 40.756803485602198 ], [ -73.854639956632738, 40.758466157765206 ], [ -73.85220450477739, 40.752660682361778 ] ] ] } },
{ "type": "Feature", "properties": { "NTA2020": "QN0401", "NTAName": "Elmhurst", "NTAType": "0", "BoroName": "Queens" }, "geometry": { "type": "Polygon", "coordinates": [ [ [ -73.864621933561068, 40.734281690114919 ], [ -73.880052743151666, 40.728990686253553 ], [ -73.887204824560598, 40.727868828936607 ], [ -73.88852285901477, 40.734531160015514 ], [ -73.889361776431571, 40.73583833771049 ], [ -73.891378589974764, 40.735918312996162 ], [ -73.887535399506078, 40.736762543005788 ], [ -73.887253007163977, 40.738835974618716 ], [ -73.894690758527432, 40.740232139182218 ], [ -73.890886702286409, 40.740687245163521 ], [ -73.895644697262867, 40.748473706079885 ], [ -73.891750486383387, 40.746811727635411 ], [ -73.869424584489593, 40.749156851518443 ], [ -73.867491349040606, 40.743302047958366 ], [ -73.867562533624479, 40.740941889595796 ], [ -73.864621933561068, 40.734281690114919 ] ] ] } },
{ "type": "Feature", "properties": { "NTA2020": "QN0402", "NTAName": "Corona", "NTAType": "0", "BoroName": "Queens" }, "geometry": { "type": "Polygon", "coordinates": [ [ [ -73.847555796318943, 40.739063915743642 ], [ -73.864621933561068, 40.734281690114919 ], [ -73.867562533624479, 40.740941889595796 ], [ -73.867491349040606, 40.743302047958366 ], [ -73.869424584489593, 40.749156851518443 ], [ -73.861117075301635, 40.750024228867524 ], [ -73.85220450477739, 40.752660682361778 ], [ -73.850864395778629, 40.74999564187307 ], [ -73.854425751654389, 40.748851727386153 ], [ -73.850115565483165, 40.740723562797434 ], [ -73.84779173467615, 40.739830786010629 ], [ -73.847555796318943, 40.739063915743642 ] ] ] } },
{ "type": "Feature", "properties": { "NTA2020": "QN0501", "NTAName": "Maspeth", "NTAType": "0", "BoroName": "Queens" }, "geometry": { "type": "Polygon", "coordinates": [ [ [ -73.88852285901477, 40.734531160015514 ], [ -73.887077120512572, 40.724637701844998 ], [ -73.882587868844837, 40.725082765284796 ], [ -73.881634089639277, 40.723880454012694 ], [ -73.894235324064908, 40.717924379780847 ], [ -73.894575027053094, 40.718377449727562 ], [ -73.892862567760403, 40.719210705778806 ], [ -73.894738923990786, 40.721577293394056 ], [ -73.894972189938414, 40.722823595754704 ], [ -73.894264941449777, 40.723143188916794 ], [ -73.895823806406511, 40.723898822128724 ], [ -73.900112235892109, 40.723308165658544 ], [ -73.899816100281697, 40.721236901284861 ], [ -73.8973970477915, 40.721551209957219 ], [ -73.897365983170317, 40.72046438387833 ], [ -73.900626443618165, 40.719764054044177 ], [ -73.900339042093236, 40.718019948566408 ], [ -73.898347600533327, 40.719197678569849 ], [ -73.897267577779417, 40.718147156562139 ], [ -73.899018209458035, 40.7173821274665 ], [ -73.897586535378977, 40.716494715244963 ], [ -73.895064693745468, 40.712479562727495 ], [ -73.924040112459551, 40.714008312628501 ], [ -73.923668956972207, 40.715535567435261 ], [ -73.920569055361099, 40.716003708340821 ], [ -73.922237611242807, 40.71638244099686 ], [ -73.925198721826717, 40.722445423573987 ], [ -73.924422987549846, 40.723589974981209 ], [ -73.920370642357895, 40.723681112816067 ], [ -73.925282223122068, 40.724720873899237 ], [ -73.928485911542097, 40.727758580671107 ], [ -73.927908927492197, 40.728253316315225 ], [ -73.918363951282274, 40.725930883100133 ], [ -73.917966965743688, 40.728500770628536 ], [ -73.915072337463627, 40.727970820738669 ], [ -73.915052179411916, 40.728601181002013 ], [ -73.912048249873891, 40.728541407777001 ], [ -73.911730617921421, 40.729964124082919 ], [ -73.907068672292709, 40.727466523442288 ], [ -73.899825130402647, 40.734931395019153 ], [ -73.88852285901477, 40.734531160015514 ] ] ] } },
{ "type": "Feature", "properties": { "NTA2020": "QN0502", "NTAName": "Ridgewood", "NTAType": "0", "BoroName": "Queens" }, "geometry": { "type": "Polygon", "coordinates": [ [ [ -73.924040112459551, 40.714008312628501 ], [ -73.888420006443624, 40.712269957779391 ], [ -73.887311190817016, 40.710558915878131 ], [ -73.888131216775818, 40.710342142489168 ], [ -73.888215990713448, 40.708898686448663 ], [ -73.889381205453191, 40.708547171701021 ], [ -73.889299243895138, 40.707899569803494 ], [ -73.885549468518462, 40.70615461853383 ], [ -73.889843301418296, 40.704972402195203 ], [ -73.895003226188166, 40.699712377966065 ], [ -73.895584575834718, 40.69712764200623 ], [ -73.898381851093745, 40.696135997501685 ], [ -73.901398405740025, 40.691589992037208 ], [ -73.90579597009139, 40.694127156016357 ], [ -73.904260183456572, 40.69570037144284 ], [ -73.911806820369904, 40.699946882522774 ], [ -73.910678826713166, 40.701045969566351 ], [ -73.912904040338418, 40.702361891798752 ], [ -73.911807099372879, 40.70343495252839 ], [ -73.921891846325892, 40.709396097213123 ], [ -73.920748530497576, 40.71053364895846 ], [ -73.922234663894983, 40.71285595486507 ], [ -73.924040112459551, 40.714008312628501 ] ] ] } },
{ "type": "Feature", "properties": { "NTA2020": "QN0503", "NTAName": "Glendale", "NTAType": "0", "BoroName": "Queens" }, "geometry": { "type": "Polygon", "coordinates": [ [ [ -73.857292871922184, 40.711467677191173 ], [ -73.85667714278766, 40.707691874465041 ], [ -73.85593793979514, 40.706396288227189 ], [ -73.854716524318079, 40.706769496829388 ], [ -73.854708238891718, 40.705210974814655 ], [ -73.852520189884061, 40.702291723616888 ], [ -73.855292758165888, 40.702595501786739 ], [ -73.855295713551712, 40.701991009608733 ], [ -73.85827405761421, 40.701223659908415 ], [ -73.858932242448816, 40.70132034542732 ], [ -73.858084514831106, 40.70289677765264 ], [ -73.862808555832942, 40.703410915805122 ], [ -73.876397850624286, 40.702294042275192 ], [ -73.87621714111846, 40.701595005488038 ], [ -73.881743175838878, 40.699533895063233 ], [ -73.882809484302868, 40.700683455656055 ], [ -73.887712979540623, 40.699678076357777 ], [ -73.887834569253243, 40.697657948402195 ], [ -73.886485302769259, 40.696439915259518 ], [ -73.888654167650586, 40.695829548899397 ], [ -73.888182049125149, 40.695057768037522 ], [ -73.891903861083676, 40.694315337087545 ], [ -73.892452075589119, 40.6952257292916 ], [ -73.895586253691107, 40.693979162513862 ], [ -73.893579349377276, 40.693085329231771 ], [ -73.893262098033404, 40.692200947458552 ], [ -73.894742708099955, 40.692636953458909 ], [ -73.896956534413519, 40.691949208116505 ], [ -73.897362656666559, 40.694110847901904 ], [ -73.900030390842176, 40.693437451243348 ], [ -73.898381851093745, 40.696135997501685 ], [ -73.895584575834718, 40.69712764200623 ], [ -73.895003226188166, 40.699712377966065 ], [ -73.88911917685428, 40.705598877899433 ], [ -73.885532141588143, 40.70644568324893 ], [ -73.869110070269784, 40.707089336763666 ], [ -73.870178799707716, 40.709231871622642 ], [ -73.859654167494199, 40.71337996208154 ], [ -73.859759327307614, 40.711845059783215 ], [ -73.857292871922184, 40.711467677191173 ] ] ] } },
{ "type": "Feature", "properties": { "NTA2020": "QN0504", "NTAName": "Middle Village", "NTAType": "0", "BoroName": "Queens" }, "geometry": { "type": "Polygon", "coordinates": [ [ [ -73.865476107821408, 40.720280938254625 ], [ -73.8723917118283, 40.717830578693743 ], [ -73.871546932305563, 40.712596947875817 ], [ -73.869110070269784, 40.707089336763666 ], [ -73.880883326546979, 40.706453978272997 ], [ -73.877611340464284, 40.707167706250182 ], [ -73.880062675747098, 40.712652573688281 ], [ -73.88687942908237, 40.712223186077594 ], [ -73.887737347926716, 40.713636134929565 ], [ -73.887121716302161, 40.713759650736577 ], [ -73.887255578772923, 40.714974130445668 ], [ -73.890635159295059, 40.718812746447362 ], [ -73.893014892034159, 40.716150284490247 ], [ -73.894235324064908, 40.717924379780847 ], [ -73.881634089639277, 40.723880454012694 ], [ -73.882587868844837, 40.725082765284796 ], [ -73.887077120512572, 40.724637701844998 ], [ -73.887204824560598, 40.727868828936607 ], [ -73.880390106995847, 40.728905219594729 ], [ -73.875237174265479, 40.730723958642294 ], [ -73.871460741174431, 40.729326374137123 ], [ -73.869292704230247, 40.724435929474325 ], [ -73.865476107821408, 40.720280938254625 ] ] ] } },
{ "type": "Feature", "properties": { "NTA2020": "QN0571", "NTAName": "Mount Olivet & All Faiths Cemeteries", "NTAType": "7", "BoroName": "Queens" }, "geometry": { "type": "Polygon", "coordinates": [ [ [ -73.894575027053094, 40.718377449727562 ], [ -73.893014892034159, 40.716150284490247 ], [ -73.890635159295059, 40.718812746447362 ], [ -73.887255578772923, 40.714974130445668 ], [ -73.887121716302161, 40.713759650736577 ], [ -73.887737347926716, 40.713636134929565 ], [ -73.88687942908237, 40.712223186077594 ], [ -73.895064693745468, 40.712479562727495 ], [ -73.897586535378977, 40.716494715244963 ], [ -73.899018209458035, 40.7173821274665 ], [ -73.897267577779417, 40.718147156562139 ], [ -73.898347600533327, 40.719197678569849 ], [ -73.900339042093236, 40.718019948566408 ], [ -73.900626443618165, 40.719764054044177 ], [ -73.897365983170317, 40.72046438387833 ], [ -73.8973970477915, 40.721551209957219 ], [ -73.899816100281697, 40.721236901284861 ], [ -73.900112235892109, 40.723308165658544 ], [ -73.895823806406511, 40.723898822128724 ], [ -73.894264941449777, 40.723143188916794 ], [ -73.894972189938414, 40.722823595754704 ], [ -73.894738923990786, 40.721577293394056 ], [ -73.892862567760403, 40.719210705778806 ], [ -73.894575027053094, 40.718377449727562 ] ] ] } },
{ "type": "Feature", "properties": { "NTA2020": "QN0572", "NTAName": "Middle Village Cemetery", "NTAType": "7", "BoroName": "Queens" }, "geometry": { "type": "Polygon", "coordinates": [ [ [ -73.877611340464284, 40.707167706250182 ], [ -73.885532141588143, 40.70644568324893 ], [ -73.889299243895138, 40.707899569803494 ], [ -73.889381205453191, 40.708547171701021 ], [ -73.888215990713448, 40.708898686448663 ], [ -73.888131216775818, 40.710342142489168 ], [ -73.887311190817016, 40.710558915878131 ], [ -73.888420006443624, 40.712269957779391 ], [ -73.880062675747098, 40.712652573688281 ], [ -73.877611340464284, 40.707167706250182 ] ] ] } },
{ "type": "Feature", "properties": { "NTA2020": "QN0573", "NTAName": "St. John Cemetery", "NTAType": "7", "BoroName": "Queens" }, "geometry": { "type": "Polygon", "coordinates": [ [ [ -73.859654167494199, 40.71337996208154 ], [ -73.870178799707716, 40.709231871622642 ], [ -73.8723917118283, 40.717830578693743 ], [ -73.865476107821408, 40.720280938254625 ], [ -73.860037897877064, 40.714932235723069 ], [ -73.859654167494199, 40.71337996208154 ] ] ] } },
{ "type": "Feature", "properties": { "NTA2020": "QN0574", "NTAName": "Highland Park-Cypress Hills Cemeteries (North)", "NTAType": "7", "BoroName": "Queens" }, "geometry": { "type": "Polygon", "coordinates": [ [ [ -73.868917626246201, 40.695146562016042 ], [ -73.87402053240578, 40.694191295720231 ], [ -73.879506410886336, 40.691146770014662 ], [ -73.884522508912852, 40.686684749765213 ], [ -73.889627874246386, 40.684236454754213 ], [ -73.890154186727059, 40.685003990977364 ], [ -73.892583030362189, 40.683491911389325 ], [ -73.894174631790719, 40.685283248672555 ], [ -73.896466250628308, 40.682336422978061 ], [ -73.901161549282449, 40.687877936024719 ], [ -73.900424649809665, 40.688183899378458 ], [ -73.901887761667069, 40.69107772107786 ], [ -73.900201956599261, 40.693398462374134 ], [ -73.897362656666559, 40.694110847901904 ], [ -73.896956534413519, 40.691949208116505 ], [ -73.894742708099955, 40.692636953458909 ], [ -73.893262098033404, 40.692200947458552 ], [ -73.893579349377276, 40.693085329231771 ], [ -73.895586253691107, 40.693979162513862 ], [ -73.892452075589119, 40.6952257292916 ], [ -73.891903861083676, 40.694315337087545 ], [ -73.888182049125149, 40.695057768037522 ], [ -73.888654167650586, 40.695829548899397 ], [ -73.886485302769259, 40.696439915259518 ], [ -73.887834569253243, 40.697657948402195 ], [ -73.887712979540623, 40.699678076357777 ], [ -73.882809484302868, 40.700683455656055 ], [ -73.881743175838878, 40.699533895063233 ], [ -73.87621714111846, 40.701595005488038 ], [ -73.876397850624286, 40.702294042275192 ], [ -73.869155960913361, 40.702893434162348 ], [ -73.86931433152246, 40.699355148004877 ], [ -73.870674217775374, 40.697841065518425 ], [ -73.868917626246201, 40.695146562016042 ] ] ] } },
{ "type": "Feature", "properties": { "NTA2020": "QN0601", "NTAName": "Rego Park", "NTAType": "0", "BoroName": "Queens" }, "geometry": { "type": "Polygon", "coordinates": [ [ [ -73.858771411510091, 40.735785289538079 ], [ -73.856256649482432, 40.730959123098522 ], [ -73.858510977541314, 40.730286803305447 ], [ -73.857629235158569, 40.728606921813842 ], [ -73.859419879450641, 40.726464837562069 ], [ -73.857271079848033, 40.725681298088098 ], [ -73.858054167398691, 40.72444540610082 ], [ -73.862038337834889, 40.725956785406026 ], [ -73.858680974944335, 40.722612440482315 ], [ -73.857292871922184, 40.711467677191173 ], [ -73.859759327307614, 40.711845059783215 ], [ -73.860037897877064, 40.714932235723069 ], [ -73.869292704230247, 40.724435929474325 ], [ -73.871460741174431, 40.729326374137123 ], [ -73.875237174265479, 40.730723958642294 ], [ -73.858771411510091, 40.735785289538079 ] ] ] } },
{ "type": "Feature", "properties": { "NTA2020": "QN0602", "NTAName": "Forest Hills", "NTAType": "0", "BoroName": "Queens" }, "geometry": { "type": "Polygon", "coordinates": [ [ [ -73.830978208173363, 40.714313605287614 ], [ -73.844537387141528, 40.708661055639432 ], [ -73.8493315614799, 40.708388333680126 ], [ -73.85593793979514, 40.706396288227189 ], [ -73.85667714278766, 40.707691874465041 ], [ -73.858680974944335, 40.722612440482315 ], [ -73.862038337834889, 40.725956785406026 ], [ -73.858054167398691, 40.72444540610082 ], [ -73.857271079848033, 40.725681298088098 ], [ -73.859419879450641, 40.726464837562069 ], [ -73.857629235158569, 40.728606921813842 ], [ -73.858510977541314, 40.730286803305447 ], [ -73.856256649482432, 40.730959123098522 ], [ -73.858771411510091, 40.735785289538079 ], [ -73.847555796318943, 40.739063915743642 ], [ -73.846893661055759, 40.738671217393161 ], [ -73.844188864655521, 40.732642019579956 ], [ -73.839854342243555, 40.728177569785188 ], [ -73.834883593467183, 40.719303272416177 ], [ -73.829833283005755, 40.715567783658585 ], [ -73.831458669196707, 40.714554450439962 ], [ -73.830978208173363, 40.714313605287614 ] ] ] } },
{ "type": "Feature", "properties": { "NTA2020": "QN0701", "NTAName": "College Point", "NTAType": "0", "BoroName": "Queens" }, "geometry": { "type": "MultiPolygon", "coordinates": [ [ [ [ -73.839235589944892, 40.765631587571768 ], [ -73.839458133138294, 40.76544576895958 ], [ -73.839053348812527, 40.765958678098052 ], [ -73.839235589944892, 40.765631587571768 ] ] ], [ [ [ -73.868099122578883, 40.78745866181859 ], [ -73.868130319999182, 40.787232778346898 ], [ -73.869234916114834, 40.785969915417375 ], [ -73.868099122578883, 40.78745866181859 ] ] ], [ [ [ -73.837870440509477, 40.79844190861342 ], [ -73.839190047273092, 40.79777726594525 ], [ -73.840258608091375, 40.797588858432349 ], [ -73.839970995900487, 40.796905641892423 ], [ -73.838400830779619, 40.79675525830703 ], [ -73.837064988801473, 40.793851098928947 ], [ -73.836590786162901, 40.792082550551946 ], [ -73.837515666739051, 40.791012130101841 ], [ -73.836818149570448, 40.790469906359959 ], [ -73.837481914032395, 40.790434497921936 ], [ -73.837280172937554, 40.789009475104962 ], [ -73.835658081610788, 40.789572670981229 ], [ -73.833472644588952, 40.788457098313671 ], [ -73.831441877493333, 40.789173188140943 ], [ -73.832148720009215, 40.790033244853383 ], [ -73.831691175832191, 40.791069847943071 ], [ -73.82910913605086, 40.791898528484261 ], [ -73.828518930119927, 40.792494236678046 ], [ -73.829231745857399, 40.793002287678313 ], [ -73.828397430767879, 40.792552297043372 ], [ -73.82779277842657, 40.793295389199514 ], [ -73.828809629430864, 40.79618376789869 ], [ -73.829451577545413, 40.796658960557743 ], [ -73.829940608477315, 40.7960834717898 ], [ -73.830032943651915, 40.796135491726744 ], [ -73.829470724701849, 40.796667939592687 ], [ -73.829765856791383, 40.7968325624757 ], [ -73.830288470016413, 40.796242260677239 ], [ -73.83052227564221, 40.796394969904703 ], [ -73.829956640048195, 40.796912311185167 ], [ -73.827424228228509, 40.796748674971397 ], [ -73.827030558238022, 40.797718457415797 ], [ -73.82286529575353, 40.791484351956647 ], [ -73.822485656045075, 40.789490254094297 ], [ -73.824989929338443, 40.781701463682388 ], [ -73.830156930416791, 40.773824742317856 ], [ -73.836268916613946, 40.769609971650695 ], [ -73.839256217026914, 40.766034209638896 ], [ -73.839753879822752, 40.767120444435939 ], [ -73.840311703152864, 40.766294797898581 ], [ -73.844913328461232, 40.765528387676142 ], [ -73.847805751044291, 40.766772948171862 ], [ -73.848996563021359, 40.769148313503393 ], [ -73.848671528687376, 40.770761573405274 ], [ -73.849942418829784, 40.771927193260062 ], [ -73.850338088184117, 40.771743669041534 ], [ -73.851301083743635, 40.771806361300392 ], [ -73.849951625174214, 40.771958298374656 ], [ -73.848976198672005, 40.773561667957139 ], [ -73.848955593254217, 40.777961673731511 ], [ -73.84993353296062, 40.778769123883755 ], [ -73.849636316335975, 40.779481920351756 ], [ -73.850947057242522, 40.779069155430463 ], [ -73.851487554805445, 40.778992977612582 ], [ -73.849817200661221, 40.77963034755178 ], [ -73.852320862422175, 40.779169284703954 ], [ -73.852388327784084, 40.779528902387128 ], [ -73.849821022597553, 40.779651339304102 ], [ -73.849552454782938, 40.779956619026066 ], [ -73.851690280855451, 40.779867507975801 ], [ -73.851670991622399, 40.780035228878297 ], [ -73.849493812082031, 40.780065828616962 ], [ -73.849889320817937, 40.781089134798599 ], [ -73.850936463965397, 40.781119575156197 ], [ -73.849887280637532, 40.78112151131706 ], [ -73.849252581828438, 40.782264775014234 ], [ -73.855282427867024, 40.781975383847524 ], [ -73.855450628350312, 40.783143078635952 ], [ -73.856649510906081, 40.78289231927662 ], [ -73.858083181034289, 40.78372407833929 ], [ -73.85797958218285, 40.784668779801876 ], [ -73.859508334847661, 40.785534934449906 ], [ -73.858128171585051, 40.787051561058455 ], [ -73.856811337655927, 40.78667261319476 ], [ -73.855938938940014, 40.787688734280529 ], [ -73.852842301337617, 40.788211372242692 ], [ -73.854801947332049, 40.788619154726099 ], [ -73.854471940712301, 40.790258975319759 ], [ -73.852658306930493, 40.791106420610539 ], [ -73.853778549107062, 40.792421274007239 ], [ -73.853733515939467, 40.793935374086132 ], [ -73.852630982562445, 40.794944854244889 ], [ -73.849061607689592, 40.793362610297805 ], [ -73.848709993613411, 40.795416481290047 ], [ -73.846244206560328, 40.796163095437336 ], [ -73.84354668938991, 40.79491394401068 ], [ -73.842848652562608, 40.795213401671006 ], [ -73.843284971942055, 40.796174392685231 ], [ -73.842259593683465, 40.795584968937526 ], [ -73.842866752593693, 40.796922229072109 ], [ -73.841421227291107, 40.795146951457788 ], [ -73.84129943545976, 40.796219669330192 ], [ -73.840139303644605, 40.796879187836296 ], [ -73.840415179098244, 40.797678436755419 ], [ -73.839209483241063, 40.797844314354158 ], [ -73.838429158291646, 40.798375671153529 ], [ -73.837870440509477, 40.79844190861342 ] ] ] ] } },
{ "type": "Feature", "properties": { "NTA2020": "QN0702", "NTAName": "Whitestone-Beechhurst", "NTAType": "0", "BoroName": "Queens" }, "geometry": { "type": "Polygon", "coordinates": [ [ [ -73.791861399669656, 40.789299916453551 ], [ -73.790583009243903, 40.788130683933439 ], [ -73.794940089222351, 40.786275007036267 ], [ -73.802422434727845, 40.786018979877404 ], [ -73.803790228218389, 40.775610112796706 ], [ -73.814858505013419, 40.776485923117221 ], [ -73.814529977360834, 40.778888174879405 ], [ -73.823312868552392, 40.779578659834222 ], [ -73.822241275720003, 40.781693879478709 ], [ -73.824989929338443, 40.781701463682388 ], [ -73.822473443733557, 40.790173256477672 ], [ -73.827030558238022, 40.797718457415797 ], [ -73.82504612538257, 40.79738480723438 ], [ -73.823993565374593, 40.798009628776427 ], [ -73.824233187448371, 40.798695237893327 ], [ -73.823253710599701, 40.798469536671099 ], [ -73.820499199953119, 40.801011467819187 ], [ -73.816113633345807, 40.798608071295824 ], [ -73.815774167796619, 40.799023163060049 ], [ -73.816079351341742, 40.79857155875257 ], [ -73.813699637252583, 40.79707941566528 ], [ -73.81335317201021, 40.797668956460733 ], [ -73.813502974160471, 40.796944258705942 ], [ -73.812253655673246, 40.798126946299305 ], [ -73.811607813799966, 40.797372406880555 ], [ -73.805395732749815, 40.79617082151352 ], [ -73.803238411616334, 40.797078467159011 ], [ -73.80257934475047, 40.796295443136266 ], [ -73.797669940088724, 40.795993822381917 ], [ -73.794390615373871, 40.794812203601772 ], [ -73.794960796886798, 40.791873300101209 ], [ -73.794028677451351, 40.789624082745945 ], [ -73.792861567298914, 40.788789646714129 ], [ -73.791861399669656, 40.789299916453551 ] ] ] } },
{ "type": "Feature", "properties": { "NTA2020": "QN0703", "NTAName": "Bay Terrace-Clearview", "NTAType": "0", "BoroName": "Queens" }, "geometry": { "type": "Polygon", "coordinates": [ [ [ -73.781747086969702, 40.791133406643489 ], [ -73.781205216656971, 40.789587914389749 ], [ -73.774096098287401, 40.786296565972833 ], [ -73.768200554600327, 40.779444179191159 ], [ -73.767023923464976, 40.780086234158524 ], [ -73.766775703741104, 40.779812458196005 ], [ -73.768161730515757, 40.779396821242194 ], [ -73.767604545678452, 40.778299034157023 ], [ -73.768612678259373, 40.779095211064018 ], [ -73.775537321813502, 40.777025597979346 ], [ -73.775839581777305, 40.778612373114392 ], [ -73.79565701988966, 40.7730360872158 ], [ -73.798530093391307, 40.775190728882073 ], [ -73.803790228218446, 40.775610112796706 ], [ -73.802422434727731, 40.786018979877404 ], [ -73.794940089222237, 40.786275007036267 ], [ -73.790583009243747, 40.788130683933474 ], [ -73.791861399669543, 40.789299916453608 ], [ -73.79028202353355, 40.790316962897457 ], [ -73.785681013014056, 40.790340671660175 ], [ -73.782530806635179, 40.791276789432111 ], [ -73.784341529934636, 40.791749353793811 ], [ -73.781747086969702, 40.791133406643489 ] ] ] } },
{ "type": "Feature", "properties": { "NTA2020": "QN0704", "NTAName": "Murray Hill-Broadway Flushing", "NTAType": "0", "BoroName": "Queens" }, "geometry": { "type": "Polygon", "coordinates": [ [ [ -73.814858505013419, 40.776485923117221 ], [ -73.798530093391307, 40.775190728882038 ], [ -73.793179444238348, 40.770403177725683 ], [ -73.793959145206799, 40.764695319923476 ], [ -73.793025512996635, 40.764621192187676 ], [ -73.793439910803627, 40.760764127960272 ], [ -73.790760045543863, 40.760985769423641 ], [ -73.790315168424485, 40.757823450587672 ], [ -73.794932461018092, 40.757798030072372 ], [ -73.800300389713797, 40.759702299143576 ], [ -73.811049630188194, 40.761417021587441 ], [ -73.820635931851513, 40.758872267845774 ], [ -73.823482451245681, 40.764651792366237 ], [ -73.824669088780681, 40.770407607806447 ], [ -73.830545724777423, 40.770223683160317 ], [ -73.830584623251411, 40.77163887521651 ], [ -73.831516924681281, 40.771657649856479 ], [ -73.831593056355075, 40.772560020472653 ], [ -73.828882996780607, 40.775427007143549 ], [ -73.825284840487612, 40.781697292325497 ], [ -73.822241275720003, 40.781693879478709 ], [ -73.823312868552392, 40.779578659834222 ], [ -73.814529977360834, 40.778888174879405 ], [ -73.814858505013419, 40.776485923117221 ] ] ] } },
{ "type": "Feature", "properties": { "NTA2020": "QN0705", "NTAName": "East Flushing", "NTAType": "0", "BoroName": "Queens" }, "geometry": { "type": "Polygon", "coordinates": [ [ [ -73.794932461018092, 40.757798030072372 ], [ -73.794721411912562, 40.750621319795144 ], [ -73.797295246331046, 40.749435052889538 ], [ -73.794722648779853, 40.747599330208047 ], [ -73.79457976040996, 40.746402683486728 ], [ -73.798262353687107, 40.746965656177039 ], [ -73.803352140646822, 40.746431965190304 ], [ -73.802876664222225, 40.749765150173339 ], [ -73.807505992581227, 40.750136587259313 ], [ -73.814161719890862, 40.746138580829587 ], [ -73.815373172896003, 40.74721833785884 ], [ -73.821084274368133, 40.748558446945992 ], [ -73.824264938084113, 40.751832888588673 ], [ -73.821918287342527, 40.753173080712266 ], [ -73.820849287486254, 40.752241544924331 ], [ -73.818407827920524, 40.753830422076625 ], [ -73.82030067670415, 40.755514980724733 ], [ -73.817892455954507, 40.757086338986049 ], [ -73.820635931851513, 40.758872267845774 ], [ -73.811049630188194, 40.761417021587441 ], [ -73.800300389713797, 40.759702299143576 ], [ -73.794932461018092, 40.757798030072372 ] ] ] } },
{ "type": "Feature", "properties": { "NTA2020": "QN0706", "NTAName": "Queensboro Hill", "NTAType": "0", "BoroName": "Queens" }, "geometry": { "type": "Polygon", "coordinates": [ [ [ -73.815373172896003, 40.74721833785884 ], [ -73.813684267062285, 40.745304667434368 ], [ -73.814308847816079, 40.742973773568423 ], [ -73.808237894941186, 40.742011158611987 ], [ -73.796950652323019, 40.741933035650035 ], [ -73.79725670792827, 40.740213043797979 ], [ -73.796292972255344, 40.738552306430535 ], [ -73.815057145439596, 40.738986847415212 ], [ -73.816779595323894, 40.738379793895398 ], [ -73.824854961494779, 40.739829363929282 ], [ -73.82796455084349, 40.738503204452897 ], [ -73.828091525770404, 40.737083176278198 ], [ -73.829467518428444, 40.737024482751309 ], [ -73.831338683636645, 40.73917063106321 ], [ -73.831155493548835, 40.742340917943785 ], [ -73.835925304033324, 40.743500570719753 ], [ -73.834114329624754, 40.747357310326578 ], [ -73.827866938347327, 40.749811285586844 ], [ -73.825844408271024, 40.749348392102135 ], [ -73.82576557247215, 40.750969024252917 ], [ -73.824264938084113, 40.751832888588673 ], [ -73.821084274368133, 40.748558446945992 ], [ -73.815373172896003, 40.74721833785884 ] ] ] } },
{ "type": "Feature", "properties": { "NTA2020": "QN0707", "NTAName": "Flushing-Willets Point", "NTAType": "0", "BoroName": "Queens" }, "geometry": { "type": "Polygon", "coordinates": [ [ [ -73.820635931851513, 40.758872267845774 ], [ -73.817892455954507, 40.757086338986049 ], [ -73.82030067670415, 40.755514980724733 ], [ -73.818407827920524, 40.753830422076625 ], [ -73.820849287486254, 40.752241544924331 ], [ -73.821918287342527, 40.753173080712266 ], [ -73.82576557247215, 40.750969024252917 ], [ -73.825844408271024, 40.749348392102135 ], [ -73.827656418030898, 40.749860830843268 ], [ -73.833003018970444, 40.747833989797286 ], [ -73.832295356728466, 40.751941791138577 ], [ -73.83559153783257, 40.751377132770244 ], [ -73.837917327032343, 40.754541435301064 ], [ -73.83861858898014, 40.757044846391636 ], [ -73.843243813566005, 40.7553368037672 ], [ -73.846709335979227, 40.761345269135376 ], [ -73.843069612035578, 40.763592569153019 ], [ -73.842728193964859, 40.764628548931888 ], [ -73.839359121598662, 40.765409871852292 ], [ -73.837219381623342, 40.768743069391725 ], [ -73.831593056355075, 40.772560020472653 ], [ -73.831516924681281, 40.771657649856479 ], [ -73.830584623251411, 40.77163887521651 ], [ -73.830545724777423, 40.770223683160317 ], [ -73.824669088780681, 40.770407607806447 ], [ -73.823482451245681, 40.764651792366237 ], [ -73.820635931851513, 40.758872267845774 ] ] ] } },
{ "type": "Feature", "properties": { "NTA2020": "QN0761", "NTAName": "Fort Totten", "NTAType": "6", "BoroName": "Queens" }, "geometry": { "type": "Polygon", "coordinates": [ [ [ -73.770631244494368, 40.788462905533031 ], [ -73.774346090857165, 40.786772234132656 ], [ -73.776337287524171, 40.788487226255242 ], [ -73.774096098287401, 40.786296565972833 ], [ -73.781205216656971, 40.789587914389749 ], [ -73.781747086969702, 40.791133406643489 ], [ -73.780778924156593, 40.793189786365353 ], [ -73.781683727419818, 40.793321757511883 ], [ -73.780724350696104, 40.793333619494476 ], [ -73.780791819183506, 40.794035919861642 ], [ -73.78325876098738, 40.794923914797842 ], [ -73.779362467384658, 40.796685393203852 ], [ -73.776178858870665, 40.796096053361637 ], [ -73.774021087708547, 40.794043921041244 ], [ -73.770631244494368, 40.788462905533031 ] ] ] } },
{ "type": "Feature", "properties": { "NTA2020": "QN0791", "NTAName": "Kissena Park", "NTAType": "9", "BoroName": "Queens" }, "geometry": { "type": "Polygon", "coordinates": [ [ [ -73.79457976040996, 40.746402683486728 ], [ -73.79465004664533, 40.744248080552971 ], [ -73.796950652323019, 40.741933035650035 ], [ -73.808237894941186, 40.742011158611987 ], [ -73.814308847816079, 40.742973773568423 ], [ -73.813684267062285, 40.745304667434368 ], [ -73.814161719890862, 40.746138580829587 ], [ -73.807505992581227, 40.750136587259313 ], [ -73.802876664222225, 40.749765150173339 ], [ -73.803352140646822, 40.746431965190304 ], [ -73.798262353687107, 40.746965656177039 ], [ -73.79457976040996, 40.746402683486728 ] ] ] } },
{ "type": "Feature", "properties": { "NTA2020": "QN0801", "NTAName": "Kew Gardens Hills", "NTAType": "0", "BoroName": "Queens" }, "geometry": { "type": "Polygon", "coordinates": [ [ [ -73.814972081914007, 40.738560715568006 ], [ -73.815231447571279, 40.728793913060379 ], [ -73.810696936522035, 40.726190331378014 ], [ -73.807822317447787, 40.715911466481629 ], [ -73.817305517823925, 40.715785580359238 ], [ -73.820115656657705, 40.716514193982256 ], [ -73.819523438038686, 40.717339733202074 ], [ -73.825312204514944, 40.717345012872748 ], [ -73.827309003613621, 40.724646077496566 ], [ -73.830579613023872, 40.726396351538888 ], [ -73.83386267065022, 40.7305531890079 ], [ -73.825665353291939, 40.732279578377408 ], [ -73.824854961494779, 40.739829363929282 ], [ -73.814972081914007, 40.738560715568006 ] ] ] } },
{ "type": "Feature", "properties": { "NTA2020": "QN0802", "NTAName": "Pomonok-Electchester-Hillcrest", "NTAType": "0", "BoroName": "Queens" }, "geometry": { "type": "Polygon", "coordinates": [ [ [ -73.815057145439596, 40.738986847415212 ], [ -73.802730548530178, 40.738084073260772 ], [ -73.804066660211518, 40.731641987799549 ], [ -73.798657612347895, 40.731428367240532 ], [ -73.798563928722245, 40.732857567272241 ], [ -73.793977086486876, 40.732296853165543 ], [ -73.79045149257216, 40.723554532324876 ], [ -73.790708343831938, 40.719268652027395 ], [ -73.801921810756042, 40.71654951951745 ], [ -73.807843874894971, 40.715999734066017 ], [ -73.810696936522035, 40.726190331378014 ], [ -73.815231447571279, 40.728793913060379 ], [ -73.815057145439596, 40.738986847415212 ] ] ] } },
{ "type": "Feature", "properties": { "NTA2020": "QN0803", "NTAName": "Fresh Meadows-Utopia", "NTAType": "0", "BoroName": "Queens" }, "geometry": { "type": "Polygon", "coordinates": [ [ [ -73.77010830568058, 40.731779508413432 ], [ -73.791744725817068, 40.725788850394288 ], [ -73.794277673332303, 40.732696146313494 ], [ -73.798563928722245, 40.732857567272241 ], [ -73.798657612347895, 40.731428367240532 ], [ -73.804066660211518, 40.731641987799549 ], [ -73.802730548530178, 40.738084073260772 ], [ -73.804667481005183, 40.738445093810718 ], [ -73.796411783661185, 40.738325326189162 ], [ -73.775758925127519, 40.743367227471438 ], [ -73.772295853688831, 40.735109696735897 ], [ -73.77010830568058, 40.731779508413432 ] ] ] } },
{ "type": "Feature", "properties": { "NTA2020": "QN0804", "NTAName": "Jamaica Estates-Holliswood", "NTAType": "0", "BoroName": "Queens" }, "geometry": { "type": "Polygon", "coordinates": [ [ [ -73.77738048864606, 40.722449063564476 ], [ -73.772867840742734, 40.724867985627256 ], [ -73.765448434980286, 40.726474681018921 ], [ -73.756880112268547, 40.726278605343254 ], [ -73.754969193967341, 40.724159647307793 ], [ -73.759500940619603, 40.721027372777755 ], [ -73.767332280868814, 40.717289796810803 ], [ -73.773571351684097, 40.715120095368896 ], [ -73.793037999202639, 40.710711075423234 ], [ -73.793585702333502, 40.714128678173488 ], [ -73.790302673414971, 40.720891465458301 ], [ -73.790451492572004, 40.723554532324911 ], [ -73.791744725817011, 40.725788850394288 ], [ -73.777575068159948, 40.730193275805945 ], [ -73.775233870945883, 40.725237533827624 ], [ -73.778037658027301, 40.723284268713208 ], [ -73.77738048864606, 40.722449063564476 ] ] ] } },
{ "type": "Feature", "properties": { "NTA2020": "QN0805", "NTAName": "Jamaica Hills-Briarwood", "NTAType": "0", "BoroName": "Queens" }, "geometry": { "type": "Polygon", "coordinates": [ [ [ -73.793037999202596, 40.710711075423234 ], [ -73.797768100679477, 40.709143188843399 ], [ -73.798701506130229, 40.710663377113107 ], [ -73.801414162406886, 40.709686873022306 ], [ -73.803024146746324, 40.708139657093348 ], [ -73.805482412552124, 40.71008885593892 ], [ -73.808046307439582, 40.70935682763352 ], [ -73.80694856263321, 40.707367100412775 ], [ -73.812012484302073, 40.705944944806063 ], [ -73.811528567652104, 40.702272874878119 ], [ -73.816475311936244, 40.702450427418519 ], [ -73.819527703347944, 40.708579128169511 ], [ -73.823950205944413, 40.712863363578741 ], [ -73.825578627914552, 40.715762609176963 ], [ -73.821879271701505, 40.716647171589855 ], [ -73.81710417013943, 40.715776812761717 ], [ -73.804742823603362, 40.716168964502032 ], [ -73.790708343831938, 40.719268652027395 ], [ -73.792013764855341, 40.717967687435532 ], [ -73.793585702333502, 40.714128678173445 ], [ -73.793037999202596, 40.710711075423234 ] ] ] } },
{ "type": "Feature", "properties": { "NTA2020": "QN0871", "NTAName": "Mount Hebron & Cedar Grove Cemeteries", "NTAType": "7", "BoroName": "Queens" }, "geometry": { "type": "Polygon", "coordinates": [ [ [ -73.824811783555077, 40.739630960568817 ], [ -73.825665353291939, 40.732279578377408 ], [ -73.83386267065022, 40.7305531890079 ], [ -73.836048456061704, 40.734265585288256 ], [ -73.835398128322382, 40.736912390053142 ], [ -73.836992699569223, 40.742093342423942 ], [ -73.835861317838621, 40.743227985207533 ], [ -73.831155493548835, 40.742340917943785 ], [ -73.831338683636645, 40.73917063106321 ], [ -73.829467518428444, 40.737024482751309 ], [ -73.828091525770404, 40.737083176278198 ], [ -73.82796455084349, 40.738503204452897 ], [ -73.824811783555077, 40.739630960568817 ] ] ] } },
{ "type": "Feature", "properties": { "NTA2020": "QN0891", "NTAName": "Cunningham Park", "NTAType": "9", "BoroName": "Queens" }, "geometry": { "type": "Polygon", "coordinates": [ [ [ -73.756782727155382, 40.726305784862753 ], [ -73.76924074729871, 40.725902701756631 ], [ -73.774371086205235, 40.724261132109092 ], [ -73.777325627276511, 40.722392701811771 ], [ -73.778037658027415, 40.723284268713179 ], [ -73.775233870945982, 40.725237533827624 ], [ -73.777575068159948, 40.73019327580591 ], [ -73.77010830568058, 40.731779508413432 ], [ -73.772295853688831, 40.735109696735897 ], [ -73.775758925127519, 40.743367227471438 ], [ -73.767762782157249, 40.74584353402107 ], [ -73.765568496782564, 40.743258155527279 ], [ -73.762486091889997, 40.736730982453167 ], [ -73.762733033796437, 40.735262163173168 ], [ -73.765110182798878, 40.734557739047553 ], [ -73.763699791699267, 40.732864117518112 ], [ -73.765550859216859, 40.732544283941479 ], [ -73.756782727155382, 40.726305784862753 ] ] ] } },
{ "type": "Feature", "properties": { "NTA2020": "QN0901", "NTAName": "Kew Gardens", "NTAType": "0", "BoroName": "Queens" }, "geometry": { "type": "Polygon", "coordinates": [ [ [ -73.816475311936244, 40.702450427418519 ], [ -73.822458902780497, 40.703655531282728 ], [ -73.83152109540606, 40.701389628797969 ], [ -73.832132040858284, 40.702794080792529 ], [ -73.833917096205028, 40.702347368472161 ], [ -73.834602448500206, 40.703927467124679 ], [ -73.83661882066103, 40.703420017871096 ], [ -73.838136352096313, 40.706182029498109 ], [ -73.837147029227268, 40.707957046765181 ], [ -73.843146252351332, 40.709223456920611 ], [ -73.831095892557641, 40.714280612475868 ], [ -73.825578627914552, 40.715762609176963 ], [ -73.823950205944413, 40.712863363578741 ], [ -73.819527703347944, 40.708579128169511 ], [ -73.816475311936244, 40.702450427418519 ] ] ] } },
{ "type": "Feature", "properties": { "NTA2020": "QN0902", "NTAName": "Richmond Hill", "NTAType": "0", "BoroName": "Queens" }, "geometry": { "type": "Polygon", "coordinates": [ [ [ -73.816475311936244, 40.702450427418519 ], [ -73.81372585751059, 40.697132095233975 ], [ -73.821080963996437, 40.695778997644261 ], [ -73.844960279801668, 40.689162625082673 ], [ -73.849477634094896, 40.698195808397848 ], [ -73.845024728109536, 40.699359377518057 ], [ -73.836962377448742, 40.704212452834973 ], [ -73.83661882066103, 40.703420017871096 ], [ -73.834602448500206, 40.703927467124679 ], [ -73.833917096205028, 40.702347368472161 ], [ -73.832132040858284, 40.702794080792529 ], [ -73.83152109540606, 40.701389628797969 ], [ -73.822458902780497, 40.703655531282728 ], [ -73.816475311936244, 40.702450427418519 ] ] ] } },
{ "type": "Feature", "properties": { "NTA2020": "QN0903", "NTAName": "South Richmond Hill", "NTAType": "0", "BoroName": "Queens" }, "geometry": { "type": "Polygon", "coordinates": [ [ [ -73.81072587432989, 40.69192242230212 ], [ -73.825011288726813, 40.687952318427961 ], [ -73.825993473005212, 40.689953662256855 ], [ -73.828511366051231, 40.689239056293793 ], [ -73.827530213257063, 40.687239482735734 ], [ -73.83595082774886, 40.684843547387665 ], [ -73.838105799539292, 40.688433107151603 ], [ -73.836346177892665, 40.688927630557856 ], [ -73.83750506103344, 40.691293979438079 ], [ -73.814159989284249, 40.697117911543607 ], [ -73.81072587432989, 40.69192242230212 ] ] ] } },
{ "type": "Feature", "properties": { "NTA2020": "QN0904", "NTAName": "Ozone Park (North)", "NTAType": "0", "BoroName": "Queens" }, "geometry": { "type": "Polygon", "coordinates": [ [ [ -73.83595082774886, 40.684843547387665 ], [ -73.838077689372952, 40.684238909701357 ], [ -73.83697486217649, 40.681988017763167 ], [ -73.838650656973513, 40.68143823714945 ], [ -73.840128559731397, 40.681146650581766 ], [ -73.841196055090606, 40.683351367344557 ], [ -73.847868174778995, 40.681486832121003 ], [ -73.851978644683342, 40.682564211284308 ], [ -73.850990892167488, 40.680568368162362 ], [ -73.858198359464396, 40.679430849570295 ], [ -73.858785768368648, 40.680630464146248 ], [ -73.863349434609091, 40.679351641390923 ], [ -73.864100965911092, 40.682372850291777 ], [ -73.86601993132706, 40.681919587027146 ], [ -73.866302637653732, 40.683186695104702 ], [ -73.83750506103344, 40.691293979438079 ], [ -73.836346177892665, 40.688927630557856 ], [ -73.838105799539292, 40.688433107151603 ], [ -73.83595082774886, 40.684843547387665 ] ] ] } },
{ "type": "Feature", "properties": { "NTA2020": "QN0905", "NTAName": "Woodhaven", "NTAType": "0", "BoroName": "Queens" }, "geometry": { "type": "Polygon", "coordinates": [ [ [ -73.849138371768689, 40.698282741201204 ], [ -73.844960279801668, 40.689162625082673 ], [ -73.866302637653732, 40.683186695104702 ], [ -73.868405188831517, 40.694731186243274 ], [ -73.85274511619896, 40.697560750768396 ], [ -73.854241562931222, 40.700744299584443 ], [ -73.850708421902297, 40.700203125103712 ], [ -73.849138371768689, 40.698282741201204 ] ] ] } },
{ "type": "Feature", "properties": { "NTA2020": "QN1001", "NTAName": "South Ozone Park", "NTAType": "0", "BoroName": "Queens" }, "geometry": { "type": "Polygon", "coordinates": [ [ [ -73.81072587432989, 40.69192242230212 ], [ -73.801317713246206, 40.67278422497769 ], [ -73.802148664146571, 40.665249953965144 ], [ -73.808450161144975, 40.664461301263948 ], [ -73.813268433275553, 40.662812918202974 ], [ -73.826873538363415, 40.66370410799334 ], [ -73.832705338159542, 40.665405773282473 ], [ -73.840128559731397, 40.681146650581766 ], [ -73.83697486217649, 40.681988017763167 ], [ -73.838077689372952, 40.684238909701357 ], [ -73.827530213257063, 40.687239482735734 ], [ -73.828511366051231, 40.689239056293793 ], [ -73.825993473005212, 40.689953662256855 ], [ -73.825011288726813, 40.687952318427961 ], [ -73.81072587432989, 40.69192242230212 ] ] ] } },
{ "type": "Feature", "properties": { "NTA2020": "QN1002", "NTAName": "Ozone Park", "NTAType": "0", "BoroName": "Queens" }, "geometry": { "type": "Polygon", "coordinates": [ [ [ -73.841196055090606, 40.683351367344557 ], [ -73.833348191373517, 40.666773187013689 ], [ -73.84242633989129, 40.668780347061052 ], [ -73.861318635165475, 40.675021268814781 ], [ -73.862345803809873, 40.679164786145201 ], [ -73.863349434609091, 40.679351641390923 ], [ -73.858785768368648, 40.680630464146248 ], [ -73.858198359464396, 40.679430849570295 ], [ -73.853980147019712, 40.679683035465288 ], [ -73.850990892167488, 40.680568368162362 ], [ -73.851978644683342, 40.682564211284308 ], [ -73.847868174778995, 40.681486832121003 ], [ -73.841196055090606, 40.683351367344557 ] ] ] } },
{ "type": "Feature", "properties": { "NTA2020": "QN1003", "NTAName": "Howard Beach-Lindenwood", "NTAType": "0", "BoroName": "Queens" }, "geometry": { "type": "MultiPolygon", "coordinates": [ [ [ [ -73.860212219023609, 40.654840052131668 ], [ -73.860540777283617, 40.654623997278897 ], [ -73.860989172658179, 40.655209767606877 ], [ -73.860212219023609, 40.654840052131668 ] ] ], [ [ [ -73.829945564357104, 40.655424494855687 ], [ -73.83026601785501, 40.65542864678396 ], [ -73.829889198558888, 40.65552282308677 ], [ -73.829945564357104, 40.655424494855687 ] ] ], [ [ [ -73.861318635165475, 40.675021268814781 ], [ -73.842158020319118, 40.668701447726392 ], [ -73.833348191373517, 40.666773187013689 ], [ -73.828599423387018, 40.657196973015218 ], [ -73.826392427563363, 40.648324349284572 ], [ -73.82959697362601, 40.64982765808606 ], [ -73.831321750159148, 40.652726532368014 ], [ -73.83158322059785, 40.653813785831304 ], [ -73.829014175579744, 40.656107884452652 ], [ -73.830443280719223, 40.655519472444681 ], [ -73.831708144115453, 40.653931174297078 ], [ -73.832216985185809, 40.654460386293167 ], [ -73.831493301030093, 40.654979820539936 ], [ -73.831161007438894, 40.655919232731222 ], [ -73.82937603410717, 40.6565063352161 ], [ -73.828967787402959, 40.657205247920253 ], [ -73.829179197345795, 40.657799778544465 ], [ -73.830130287406448, 40.658402642716183 ], [ -73.829707068390462, 40.65850251336213 ], [ -73.829599869032862, 40.658656805910368 ], [ -73.830149501047586, 40.659808684957497 ], [ -73.829695200832674, 40.658655929194239 ], [ -73.830244269733967, 40.658349969347356 ], [ -73.829094348250734, 40.65733421916606 ], [ -73.831271125693618, 40.656003271501859 ], [ -73.831852384792825, 40.654885038267146 ], [ -73.832903095245968, 40.657483771623248 ], [ -73.83194394578129, 40.656171427756213 ], [ -73.832600363707314, 40.657826591124895 ], [ -73.831126644217079, 40.658318786943809 ], [ -73.833384394725442, 40.658051859208186 ], [ -73.830798778960315, 40.648976558704049 ], [ -73.831487235172119, 40.647887278516428 ], [ -73.835608004544497, 40.648469073612013 ], [ -73.838929251739117, 40.661270033350021 ], [ -73.838075556397442, 40.661587959823187 ], [ -73.838438973308897, 40.662343847412366 ], [ -73.839979499756197, 40.661904273862426 ], [ -73.836813345751565, 40.649249415002174 ], [ -73.837387787134901, 40.649118150638543 ], [ -73.846791620867791, 40.647796329845335 ], [ -73.848397909685261, 40.654497426914411 ], [ -73.853205160624981, 40.653807886114855 ], [ -73.854373461223091, 40.658605261577705 ], [ -73.853616780930309, 40.659733864756546 ], [ -73.859670179376096, 40.655187895663552 ], [ -73.861401309301769, 40.656567739316685 ], [ -73.859833635213832, 40.656977063723232 ], [ -73.859582008604477, 40.658331003594455 ], [ -73.860226794963367, 40.658897433242672 ], [ -73.860980775059289, 40.658381303449893 ], [ -73.86061207311117, 40.659326535107922 ], [ -73.861322764688182, 40.658514932166035 ], [ -73.860934993687749, 40.658056067528825 ], [ -73.859768395889063, 40.658281936345936 ], [ -73.860350306724825, 40.657226067167812 ], [ -73.861613711635144, 40.656996510755555 ], [ -73.86172714514386, 40.658033653993364 ], [ -73.862697782334351, 40.657618309514369 ], [ -73.863170832744089, 40.658276512948262 ], [ -73.860304945640536, 40.659634655304117 ], [ -73.857615371195834, 40.660118933153178 ], [ -73.858429507251969, 40.663453361432992 ], [ -73.855684611550359, 40.663867492874878 ], [ -73.857633231083639, 40.671656194038221 ], [ -73.860385197887197, 40.671251710989075 ], [ -73.861318635165475, 40.675021268814781 ] ] ] ] } },
{ "type": "Feature", "properties": { "NTA2020": "QN1091", "NTAName": "Spring Creek Park", "NTAType": "9", "BoroName": "Queens" }, "geometry": { "type": "MultiPolygon", "coordinates": [ [ [ [ -73.857223308962759, 40.650278671043075 ], [ -73.860013228249997, 40.653973425861452 ], [ -73.860540777283617, 40.654623997278897 ], [ -73.857319415154052, 40.651237099510624 ], [ -73.857223308962759, 40.650278671043075 ] ] ], [ [ [ -73.854373461223091, 40.658605261577705 ], [ -73.853205160624981, 40.653807886114855 ], [ -73.848397909685261, 40.654497426914411 ], [ -73.846791620867791, 40.647796329845335 ], [ -73.836813345751565, 40.649249415002174 ], [ -73.835923200729951, 40.64549979184784 ], [ -73.849506990840624, 40.644133766181547 ], [ -73.852431996324796, 40.647159295230857 ], [ -73.849397664063218, 40.651434878950546 ], [ -73.852509496011436, 40.650551403311354 ], [ -73.855878227142298, 40.651289801364641 ], [ -73.856838654840161, 40.652903243957702 ], [ -73.85828132383817, 40.652994872152007 ], [ -73.859670179376096, 40.655187895663552 ], [ -73.853616780930309, 40.659733864756546 ], [ -73.854373461223091, 40.658605261577705 ] ] ] ] } },
{ "type": "Feature", "properties": { "NTA2020": "QN1101", "NTAName": "Auburndale", "NTAType": "0", "BoroName": "Queens" }, "geometry": { "type": "Polygon", "coordinates": [ [ [ -73.771638113730674, 40.744196939369779 ], [ -73.796724978587605, 40.738416643124715 ], [ -73.797230849060043, 40.741695506633874 ], [ -73.794463683327947, 40.744970022208925 ], [ -73.794722648779853, 40.747599330208047 ], [ -73.797295246331046, 40.749435052889538 ], [ -73.794721411912562, 40.750621319795144 ], [ -73.794932461018092, 40.757798030072372 ], [ -73.790315168424485, 40.757823450587672 ], [ -73.790760045543863, 40.760985769423641 ], [ -73.793439910803627, 40.760764127960272 ], [ -73.793025512996635, 40.764621192187676 ], [ -73.793959145206799, 40.764695319923476 ], [ -73.793179444238348, 40.770403177725683 ], [ -73.795657019889703, 40.7730360872158 ], [ -73.784593393490482, 40.776141225693287 ], [ -73.784009018187916, 40.772003974862969 ], [ -73.778381495199213, 40.761226056370283 ], [ -73.77564503502515, 40.752629013496488 ], [ -73.771638113730674, 40.744196939369779 ] ] ] } },
{ "type": "Feature", "properties": { "NTA2020": "QN1102", "NTAName": "Bayside", "NTAType": "0", "BoroName": "Queens" }, "geometry": { "type": "Polygon", "coordinates": [ [ [ -73.768612678259416, 40.779095211064018 ], [ -73.765104368203936, 40.773799038220673 ], [ -73.758642643580785, 40.767357170035645 ], [ -73.753770364643472, 40.765304631985707 ], [ -73.759197703969704, 40.764326745504057 ], [ -73.757848586285647, 40.76256679953859 ], [ -73.758480749785036, 40.761994737147297 ], [ -73.758001316347261, 40.760379868148043 ], [ -73.756820620419944, 40.759734806831403 ], [ -73.755837132569255, 40.757742062453396 ], [ -73.755116482900632, 40.758479498802181 ], [ -73.753209971181192, 40.758244873509817 ], [ -73.752302593226631, 40.759455199834413 ], [ -73.750577106250276, 40.758014895656231 ], [ -73.750047644658764, 40.758404658793118 ], [ -73.747111137680008, 40.754173286759674 ], [ -73.747741164393787, 40.753849945148225 ], [ -73.746807945533746, 40.75202841850011 ], [ -73.75758836019223, 40.749154752618324 ], [ -73.771638113730674, 40.744196939369779 ], [ -73.77564503502515, 40.752629013496488 ], [ -73.778381495199213, 40.761226056370283 ], [ -73.784009018187916, 40.772003974862969 ], [ -73.784593393490482, 40.776141225693287 ], [ -73.775839581777362, 40.778612373114349 ], [ -73.775537321813616, 40.777025597979296 ], [ -73.768612678259416, 40.779095211064018 ] ] ] } },
{ "type": "Feature", "properties": { "NTA2020": "QN1103", "NTAName": "Douglaston-Little Neck", "NTAType": "0", "BoroName": "Queens" }, "geometry": { "type": "MultiPolygon", "coordinates": [ [ [ [ -73.745002486626319, 40.779198974602082 ], [ -73.744812356044235, 40.778556897597092 ], [ -73.745060311498136, 40.779142942941384 ], [ -73.745002486626319, 40.779198974602082 ] ] ], [ [ [ -73.746724570842403, 40.780306525798416 ], [ -73.745592242741154, 40.779580679269827 ], [ -73.746820655550565, 40.779374310157969 ], [ -73.746724570842403, 40.780306525798416 ] ] ], [ [ [ -73.750620905818451, 40.782603121302188 ], [ -73.747778929116691, 40.779114997005898 ], [ -73.746793751373247, 40.779034852086383 ], [ -73.745348003048662, 40.777153449562533 ], [ -73.746110302500256, 40.778455075539959 ], [ -73.745290684156686, 40.778864263774878 ], [ -73.744617294983982, 40.777919266313134 ], [ -73.74523985922653, 40.777402429776089 ], [ -73.74524624200906, 40.776962855464326 ], [ -73.745017274038844, 40.776597812966088 ], [ -73.74404091391105, 40.778590104781095 ], [ -73.713325420787896, 40.759730189569986 ], [ -73.716986484256083, 40.759428053213412 ], [ -73.720145242225215, 40.757911359891864 ], [ -73.723294176440575, 40.753778307171586 ], [ -73.727361036520762, 40.750837986952938 ], [ -73.730957677970764, 40.744859004235501 ], [ -73.733744712268546, 40.742851632476217 ], [ -73.735430002527011, 40.747160668620836 ], [ -73.738304685290785, 40.74924682956987 ], [ -73.74172419912766, 40.753282086739517 ], [ -73.741278377163624, 40.75457638642893 ], [ -73.739294613732653, 40.755876248535429 ], [ -73.739263254817487, 40.756917049369356 ], [ -73.741208205798458, 40.756204617684389 ], [ -73.744738264104527, 40.760759975548901 ], [ -73.745978104748971, 40.763976285903595 ], [ -73.749369955287023, 40.762933643854453 ], [ -73.750212531329552, 40.763749382655597 ], [ -73.746875216784687, 40.764518629922449 ], [ -73.749408464409186, 40.767551979611774 ], [ -73.753388529403665, 40.765333946086152 ], [ -73.75507210849031, 40.767533106787539 ], [ -73.754393882693407, 40.768753462748833 ], [ -73.755573326493206, 40.771529125922882 ], [ -73.753366919996651, 40.773207846758439 ], [ -73.755185753941319, 40.776498071332973 ], [ -73.754813228934253, 40.777619032305786 ], [ -73.75551781604716, 40.777584144020125 ], [ -73.755517375817917, 40.77770404836437 ], [ -73.754708372266066, 40.777717812200898 ], [ -73.751839762842536, 40.782338279133413 ], [ -73.750620905818451, 40.782603121302188 ] ] ] ] } },
{ "type": "Feature", "properties": { "NTA2020": "QN1104", "NTAName": "Oakland Gardens-Hollis Hills", "NTAType": "0", "BoroName": "Queens" }, "geometry": { "type": "Polygon", "coordinates": [ [ [ -73.740194783801499, 40.739030940839839 ], [ -73.750672900411161, 40.729183001336388 ], [ -73.756782727155382, 40.726305784862753 ], [ -73.765550859216859, 40.732544283941479 ], [ -73.763699791699267, 40.732864117518112 ], [ -73.765110182798878, 40.734557739047553 ], [ -73.762733033796437, 40.735262163173168 ], [ -73.762486091889997, 40.736730982453167 ], [ -73.765568496782564, 40.743258155527279 ], [ -73.767762782157249, 40.74584353402107 ], [ -73.746807945533746, 40.75202841850011 ], [ -73.745707586874246, 40.751585516774973 ], [ -73.743822055159541, 40.747428195806691 ], [ -73.746259842672927, 40.746711476315241 ], [ -73.744775870406599, 40.743281098040576 ], [ -73.753472999610111, 40.742404845206174 ], [ -73.750982300335949, 40.740021462846386 ], [ -73.743961934667098, 40.740789126954255 ], [ -73.743068207550493, 40.738440818430668 ], [ -73.740194783801499, 40.739030940839839 ] ] ] } },
{ "type": "Feature", "properties": { "NTA2020": "QN1191", "NTAName": "Alley Pond Park", "NTAType": "9", "BoroName": "Queens" }, "geometry": { "type": "Polygon", "coordinates": [ [ [ -73.73374471226866, 40.742851632476217 ], [ -73.740290815636143, 40.738516670641467 ], [ -73.740194783801499, 40.739030940839839 ], [ -73.743068207550493, 40.738440818430668 ], [ -73.743961934667098, 40.740789126954255 ], [ -73.749968042452238, 40.73974575348813 ], [ -73.751389674613705, 40.740194160177872 ], [ -73.753472999610111, 40.742404845206174 ], [ -73.744775870406599, 40.743281098040576 ], [ -73.746259842672927, 40.746711476315241 ], [ -73.743822055159541, 40.747428195806691 ], [ -73.750047644658764, 40.758404658793118 ], [ -73.750577106250276, 40.758014895656231 ], [ -73.752302593226631, 40.759455199834413 ], [ -73.753209971181192, 40.758244873509817 ], [ -73.755116482900632, 40.758479498802181 ], [ -73.755837132569255, 40.757742062453396 ], [ -73.756820620419944, 40.759734806831403 ], [ -73.758001316347261, 40.760379868148043 ], [ -73.758480749785036, 40.761994737147297 ], [ -73.757848586285647, 40.76256679953859 ], [ -73.759197703969704, 40.764326745504057 ], [ -73.753770364643472, 40.765304631985707 ], [ -73.751074322525596, 40.761763671336418 ], [ -73.746559818677596, 40.759339148191231 ], [ -73.746261363136838, 40.757774541449294 ], [ -73.744558640307773, 40.75655788583272 ], [ -73.746311967052989, 40.758054814525522 ], [ -73.746358930290555, 40.759290872701371 ], [ -73.748872549617801, 40.761668053129995 ], [ -73.750570493653058, 40.761915474821734 ], [ -73.753388529403722, 40.765333946086152 ], [ -73.749408464409342, 40.767551979611746 ], [ -73.74687521678463, 40.764518629922399 ], [ -73.750212531329595, 40.763749382655568 ], [ -73.749369955287079, 40.762933643854453 ], [ -73.745978104749085, 40.763976285903595 ], [ -73.744738264104527, 40.760759975548901 ], [ -73.741208205798571, 40.756204617684354 ], [ -73.739263254817601, 40.756917049369321 ], [ -73.73929461373271, 40.75587624853538 ], [ -73.741278377163681, 40.754576386428894 ], [ -73.741724199127717, 40.753282086739482 ], [ -73.738304685290743, 40.749246829569827 ], [ -73.735430002527011, 40.747160668620836 ], [ -73.73374471226866, 40.742851632476217 ] ] ] } },
{ "type": "Feature", "properties": { "NTA2020": "QN1201", "NTAName": "Jamaica", "NTAType": "0", "BoroName": "Queens" }, "geometry": { "type": "Polygon", "coordinates": [ [ [ -73.768445463847527, 40.709637027157349 ], [ -73.774308435828118, 40.707393668457271 ], [ -73.775492582019652, 40.706254672349075 ], [ -73.775592186378901, 40.705329308720728 ], [ -73.772307685329892, 40.700571508323804 ], [ -73.77395659399906, 40.69980578158853 ], [ -73.780344910419245, 40.705412416706096 ], [ -73.782797754011213, 40.705361137704905 ], [ -73.792391702265505, 40.702166529651507 ], [ -73.791869164026252, 40.701366137186014 ], [ -73.792605066519442, 40.700432100475453 ], [ -73.797861933804285, 40.697993404276446 ], [ -73.806424793168404, 40.690873858412459 ], [ -73.808902167686824, 40.69256434895324 ], [ -73.81072587432989, 40.69192242230212 ], [ -73.816475311936244, 40.702450427418519 ], [ -73.811528567652104, 40.702272874878119 ], [ -73.812012484302073, 40.705944944806063 ], [ -73.80694856263321, 40.707367100412775 ], [ -73.808046307439582, 40.70935682763352 ], [ -73.805482412552124, 40.71008885593892 ], [ -73.803024146746324, 40.708139657093348 ], [ -73.801414162406886, 40.709686873022306 ], [ -73.798701506130229, 40.710663377113107 ], [ -73.797768100679477, 40.709143188843399 ], [ -73.789289137815885, 40.712033123688535 ], [ -73.78657528627528, 40.711972493276903 ], [ -73.777123468400546, 40.714261994082761 ], [ -73.773143722446363, 40.709921192368903 ], [ -73.768445463847527, 40.709637027157349 ] ] ] } },
{ "type": "Feature", "properties": { "NTA2020": "QN1202", "NTAName": "South Jamaica", "NTAType": "0", "BoroName": "Queens" }, "geometry": { "type": "Polygon", "coordinates": [ [ [ -73.77395659399906, 40.69980578158853 ], [ -73.78277079714988, 40.69599514162298 ], [ -73.777893372176791, 40.689917690029773 ], [ -73.779772949159963, 40.689281169985172 ], [ -73.780781554322729, 40.691029942947679 ], [ -73.793908416121056, 40.686304690893564 ], [ -73.795614867208357, 40.688656891262063 ], [ -73.79995042755543, 40.686827719954927 ], [ -73.798982090743863, 40.684858738326376 ], [ -73.805856685151042, 40.682907317889551 ], [ -73.81072587432989, 40.69192242230212 ], [ -73.808902167686824, 40.69256434895324 ], [ -73.806424793168404, 40.690873858412459 ], [ -73.797861933804285, 40.697993404276446 ], [ -73.792605066519442, 40.700432100475453 ], [ -73.791869164026252, 40.701366137186014 ], [ -73.792391702265505, 40.702166529651507 ], [ -73.782565824959093, 40.70542486386627 ], [ -73.780344910419245, 40.705412416706096 ], [ -73.77395659399906, 40.69980578158853 ] ] ] } },
{ "type": "Feature", "properties": { "NTA2020": "QN1203", "NTAName": "Baisley Park", "NTAType": "0", "BoroName": "Queens" }, "geometry": { "type": "Polygon", "coordinates": [ [ [ -73.777893372176791, 40.689917690029773 ], [ -73.775704798881222, 40.687612382061026 ], [ -73.769740912602813, 40.683786276356756 ], [ -73.770143246672689, 40.683111097053015 ], [ -73.780258593286533, 40.677840924387297 ], [ -73.783973839870342, 40.67511760920015 ], [ -73.785747000270291, 40.6723794295932 ], [ -73.788086472248594, 40.673009626497979 ], [ -73.789409993559772, 40.666841158686104 ], [ -73.801634739322807, 40.666757554359364 ], [ -73.801490033022631, 40.67354484746204 ], [ -73.805856685151042, 40.682907317889551 ], [ -73.798982090743863, 40.684858738326376 ], [ -73.79995042755543, 40.686827719954927 ], [ -73.795614867208357, 40.688656891262063 ], [ -73.793908416121056, 40.686304690893564 ], [ -73.780781554322729, 40.691029942947679 ], [ -73.779772949159963, 40.689281169985172 ], [ -73.777893372176791, 40.689917690029773 ] ] ] } },
{ "type": "Feature", "properties": { "NTA2020": "QN1204", "NTAName": "Springfield Gardens (North)-Rochdale Village", "NTAType": "0", "BoroName": "Queens" }, "geometry": { "type": "Polygon", "coordinates": [ [ [ -73.760314638467349, 40.675109971878875 ], [ -73.758497614299884, 40.672648444991303 ], [ -73.756362391936648, 40.672429237109043 ], [ -73.75643734225946, 40.669666378740864 ], [ -73.757631295301465, 40.666451156605362 ], [ -73.773424626808733, 40.668027620092133 ], [ -73.789409993559772, 40.666841158686104 ], [ -73.788086472248594, 40.673009626497979 ], [ -73.785747000270291, 40.6723794295932 ], [ -73.783973839870342, 40.67511760920015 ], [ -73.780951261540835, 40.677353507520095 ], [ -73.772322112040584, 40.681490968262686 ], [ -73.769740912602813, 40.683786276356756 ], [ -73.761613501535422, 40.679727942154194 ], [ -73.76367677490218, 40.674745526227596 ], [ -73.762486003640248, 40.674194981764856 ], [ -73.760314638467349, 40.675109971878875 ] ] ] } },
{ "type": "Feature", "properties": { "NTA2020": "QN1205", "NTAName": "St. Albans", "NTAType": "0", "BoroName": "Queens" }, "geometry": { "type": "Polygon", "coordinates": [ [ [ -73.750470580946697, 40.705639931033311 ], [ -73.746181578183396, 40.696121925980229 ], [ -73.743592859337639, 40.696215325307151 ], [ -73.744679554720207, 40.693412264474041 ], [ -73.75576169139454, 40.675885909418795 ], [ -73.756918816310147, 40.676528870873277 ], [ -73.762486003640248, 40.674194981764856 ], [ -73.76367677490218, 40.674745526227596 ], [ -73.761613501535422, 40.679727942154194 ], [ -73.775704798881222, 40.687612382061026 ], [ -73.78277079714988, 40.69599514162298 ], [ -73.772307685329892, 40.700571508323804 ], [ -73.775592186378901, 40.705329308720728 ], [ -73.775492582019652, 40.706254672349075 ], [ -73.774308435828118, 40.707393668457271 ], [ -73.768445463847527, 40.709637027157349 ], [ -73.76734431811802, 40.706636346494498 ], [ -73.762299962085493, 40.707949418257201 ], [ -73.760955464626178, 40.702909577936424 ], [ -73.750470580946697, 40.705639931033311 ] ] ] } },
{ "type": "Feature", "properties": { "NTA2020": "QN1206", "NTAName": "Hollis", "NTAType": "0", "BoroName": "Queens" }, "geometry": { "type": "Polygon", "coordinates": [ [ [ -73.750470580946697, 40.705639931033311 ], [ -73.760955464626178, 40.702909577936424 ], [ -73.762299962085493, 40.707949418257201 ], [ -73.76734431811802, 40.706636346494498 ], [ -73.768259689862475, 40.709526368378363 ], [ -73.77172444612691, 40.710316818854295 ], [ -73.773143722446363, 40.709921192368903 ], [ -73.777123468400546, 40.714261994082761 ], [ -73.767332280868814, 40.717289796810803 ], [ -73.759441429410103, 40.721063443753316 ], [ -73.75370834556638, 40.713324637241058 ], [ -73.750470580946697, 40.705639931033311 ] ] ] } },
{ "type": "Feature", "properties": { "NTA2020": "QN1301", "NTAName": "Glen Oaks-Floral Park-New Hyde Park", "NTAType": "0", "BoroName": "Queens" }, "geometry": { "type": "Polygon", "coordinates": [ [ [ -73.713325420787896, 40.759730189569986 ], [ -73.701633457599669, 40.752493329689699 ], [ -73.700009062549711, 40.739323413160093 ], [ -73.707662171738562, 40.727830934506272 ], [ -73.710499952739781, 40.727227087411251 ], [ -73.711478047219515, 40.732501401372673 ], [ -73.71544946747396, 40.739216804571811 ], [ -73.720101014354398, 40.749775329303468 ], [ -73.722585718435312, 40.748850451708897 ], [ -73.723395962177321, 40.750389075924609 ], [ -73.726272132229283, 40.74930649076083 ], [ -73.727680325518804, 40.749639245576894 ], [ -73.728290558962144, 40.74745866499547 ], [ -73.72864941160131, 40.748067880271591 ], [ -73.727361036520762, 40.750837986952938 ], [ -73.723294176440575, 40.753778307171586 ], [ -73.720145242225215, 40.757911359891864 ], [ -73.716986484256083, 40.759428053213412 ], [ -73.713325420787896, 40.759730189569986 ] ] ] } },
{ "type": "Feature", "properties": { "NTA2020": "QN1302", "NTAName": "Bellerose", "NTAType": "0", "BoroName": "Queens" }, "geometry": { "type": "Polygon", "coordinates": [ [ [ -73.710499952739895, 40.727227087411201 ], [ -73.716932879909677, 40.726386415554011 ], [ -73.728162338549495, 40.723084140786561 ], [ -73.728364152718399, 40.723614352379805 ], [ -73.729907809907075, 40.723273012861789 ], [ -73.731472150548484, 40.727411795272843 ], [ -73.745555913439489, 40.730637473982945 ], [ -73.74673750176666, 40.732583220726568 ], [ -73.739006960958875, 40.739855980314694 ], [ -73.730957677970764, 40.744859004235465 ], [ -73.728649411601324, 40.748067880271556 ], [ -73.728290558962144, 40.74745866499547 ], [ -73.727680325518847, 40.749639245576859 ], [ -73.726272132229383, 40.749306490760794 ], [ -73.723395962177378, 40.750389075924573 ], [ -73.722585718435312, 40.748850451708897 ], [ -73.720101014354512, 40.749775329303425 ], [ -73.71544946747396, 40.739216804571811 ], [ -73.711478047219586, 40.732501401372673 ], [ -73.710499952739895, 40.727227087411201 ] ] ] } },
{ "type": "Feature", "properties": { "NTA2020": "QN1303", "NTAName": "Queens Village", "NTAType": "0", "BoroName": "Queens" }, "geometry": { "type": "Polygon", "coordinates": [ [ [ -73.728162338549538, 40.72308414078659 ], [ -73.73032628902034, 40.722157296783465 ], [ -73.726971466509667, 40.710714504030491 ], [ -73.726777594674601, 40.703059292402685 ], [ -73.734264552937475, 40.703219543381095 ], [ -73.734304035937683, 40.702478132196354 ], [ -73.740776757959054, 40.702679837862604 ], [ -73.740503363983706, 40.70343355745073 ], [ -73.74148805155744, 40.703431612636237 ], [ -73.745908709313753, 40.702287273662613 ], [ -73.745001189946379, 40.700262213048546 ], [ -73.74773012049566, 40.699553136831661 ], [ -73.753708345566338, 40.713324637241058 ], [ -73.759441429409947, 40.721063443753316 ], [ -73.754969193967341, 40.724159647307793 ], [ -73.756880112268547, 40.726278605343254 ], [ -73.751885454446764, 40.728417599556927 ], [ -73.74673750176666, 40.732583220726568 ], [ -73.745555913439432, 40.730637473982974 ], [ -73.731472150548385, 40.727411795272843 ], [ -73.729907809906976, 40.723273012861789 ], [ -73.728364152718456, 40.723614352379848 ], [ -73.728162338549538, 40.72308414078659 ] ] ] } },
{ "type": "Feature", "properties": { "NTA2020": "QN1304", "NTAName": "Cambria Heights", "NTAType": "0", "BoroName": "Queens" }, "geometry": { "type": "Polygon", "coordinates": [ [ [ -73.740776757959097, 40.702679837862576 ], [ -73.734304035937683, 40.702478132196305 ], [ -73.734264552937475, 40.703219543381053 ], [ -73.726777594674658, 40.703059292402649 ], [ -73.725862641163388, 40.683241080946495 ], [ -73.747467887844238, 40.689322181235333 ], [ -73.743592859337639, 40.696215325307151 ], [ -73.746181578183396, 40.696121925980229 ], [ -73.747730120495604, 40.699553136831625 ], [ -73.745001189946322, 40.700262213048546 ], [ -73.745908709313852, 40.702287273662613 ], [ -73.741092938884194, 40.703481062679707 ], [ -73.740503363983763, 40.703433557450687 ], [ -73.740776757959097, 40.702679837862576 ] ] ] } },
{ "type": "Feature", "properties": { "NTA2020": "QN1305", "NTAName": "Laurelton", "NTAType": "0", "BoroName": "Queens" }, "geometry": { "type": "Polygon", "coordinates": [ [ [ -73.734526958979643, 40.685774004538438 ], [ -73.727182723619677, 40.683597330015814 ], [ -73.735125593069881, 40.673938420584278 ], [ -73.736777278462, 40.670765124537795 ], [ -73.741178172104838, 40.666402954371492 ], [ -73.757631295301465, 40.666451156605362 ], [ -73.75643734225946, 40.669666378740864 ], [ -73.756362391936648, 40.672429237109043 ], [ -73.758497614299884, 40.672648444991303 ], [ -73.760314638467349, 40.675109971878875 ], [ -73.756918816310147, 40.676528870873277 ], [ -73.75576169139454, 40.675885909418795 ], [ -73.750017042188333, 40.685891319005925 ], [ -73.740952913217967, 40.683291216208168 ], [ -73.74046387943207, 40.684193838713604 ], [ -73.735811491012456, 40.682452446195214 ], [ -73.733954241705717, 40.685262349204145 ], [ -73.734526958979643, 40.685774004538438 ] ] ] } },
{ "type": "Feature", "properties": { "NTA2020": "QN1306", "NTAName": "Springfield Gardens (South)-Brookville", "NTAType": "0", "BoroName": "Queens" }, "geometry": { "type": "Polygon", "coordinates": [ [ [ -73.757631295301465, 40.666451156605362 ], [ -73.738491705152271, 40.66641540613076 ], [ -73.744956100105711, 40.658169821208844 ], [ -73.744874201715788, 40.656144558170233 ], [ -73.743287139619042, 40.656134732084126 ], [ -73.743325467962904, 40.652537805010219 ], [ -73.746549971125305, 40.652563755434834 ], [ -73.745873283780298, 40.650436252478954 ], [ -73.746081663119185, 40.645570393658922 ], [ -73.747116661907256, 40.644371845788385 ], [ -73.76976145189289, 40.657482236191946 ], [ -73.779329330524746, 40.661839520845156 ], [ -73.787511778620711, 40.663825244140604 ], [ -73.802148664146571, 40.665249953965144 ], [ -73.801634739322807, 40.666757554359364 ], [ -73.773424626808733, 40.668027620092133 ], [ -73.757631295301465, 40.666451156605362 ] ] ] } },
{ "type": "Feature", "properties": { "NTA2020": "QN1307", "NTAName": "Rosedale", "NTAType": "0", "BoroName": "Queens" }, "geometry": { "type": "Polygon", "coordinates": [ [ [ -73.725862641163289, 40.683241080946495 ], [ -73.725630051198905, 40.67958795078156 ], [ -73.727556162904435, 40.674161588190216 ], [ -73.728241311451882, 40.668024098002832 ], [ -73.72781750883685, 40.663116783983128 ], [ -73.728330718319441, 40.663043943730301 ], [ -73.725567697706083, 40.656725142578956 ], [ -73.725226080190154, 40.652001000145582 ], [ -73.735135013401305, 40.64973204096659 ], [ -73.741437059653663, 40.646889178319903 ], [ -73.742050848867862, 40.641474204524386 ], [ -73.74142279226983, 40.640503390751576 ], [ -73.74227387159938, 40.640123381450167 ], [ -73.73947121560623, 40.635706432330693 ], [ -73.74249628431717, 40.635135314764263 ], [ -73.740964876863657, 40.637304775030259 ], [ -73.741890403058065, 40.638122213037896 ], [ -73.743971284962186, 40.637880012615028 ], [ -73.74373421504437, 40.639022118166778 ], [ -73.744795581484951, 40.637075029076357 ], [ -73.746430868963799, 40.636481066068598 ], [ -73.746769735667186, 40.636894185535624 ], [ -73.745158867748771, 40.638077412754861 ], [ -73.747042259986813, 40.63693236584875 ], [ -73.746171051976432, 40.640389402984823 ], [ -73.746750134698601, 40.642302760884867 ], [ -73.748781033322331, 40.645118880997586 ], [ -73.75204902476068, 40.646651937478389 ], [ -73.751573840592016, 40.647259301705617 ], [ -73.747116661907256, 40.644371845788385 ], [ -73.746165129303009, 40.644862280020249 ], [ -73.745873283780128, 40.65043625247894 ], [ -73.746549971125205, 40.652563755434876 ], [ -73.743325467962862, 40.652537805010219 ], [ -73.743287139619042, 40.656134732084126 ], [ -73.744874201715788, 40.656144558170261 ], [ -73.745010801698044, 40.658021654027095 ], [ -73.738491705152214, 40.666415406130795 ], [ -73.741178172104782, 40.666402954371492 ], [ -73.736777278461844, 40.670765124537837 ], [ -73.735125593069782, 40.673938420584314 ], [ -73.727182723619563, 40.683597330015814 ], [ -73.725862641163289, 40.683241080946495 ] ] ] } },
{ "type": "Feature", "properties": { "NTA2020": "QN1371", "NTAName": "Montefiore Cemetery", "NTAType": "7", "BoroName": "Queens" }, "geometry": { "type": "Polygon", "coordinates": [ [ [ -73.747467887844124, 40.689322181235376 ], [ -73.733954241705661, 40.685262349204145 ], [ -73.735811491012456, 40.682452446195214 ], [ -73.740463879431914, 40.684193838713639 ], [ -73.740952913217811, 40.683291216208168 ], [ -73.750017042188333, 40.685891319005925 ], [ -73.747467887844124, 40.689322181235376 ] ] ] } },
{ "type": "Feature", "properties": { "NTA2020": "QN1401", "NTAName": "Far Rockaway-Bayswater", "NTAType": "0", "BoroName": "Queens" }, "geometry": { "type": "Polygon", "coordinates": [ [ [ -73.76964468972831, 40.590768712740925 ], [ -73.770231413644879, 40.593974904105252 ], [ -73.772700683207972, 40.593123305686504 ], [ -73.772808268863116, 40.594073916028357 ], [ -73.773674618400435, 40.593893115627296 ], [ -73.773882520671052, 40.595769407946975 ], [ -73.770661571762602, 40.596001998881313 ], [ -73.771096661931225, 40.598301143750014 ], [ -73.767936690624765, 40.598122751072815 ], [ -73.771158072719317, 40.599393242406464 ], [ -73.770185882740947, 40.602748823325278 ], [ -73.770565214078331, 40.604840409251068 ], [ -73.768935124485182, 40.609182021288412 ], [ -73.772214380551318, 40.611497664584206 ], [ -73.773403890789879, 40.61109044877923 ], [ -73.77296895866229, 40.610156972116371 ], [ -73.774171801665588, 40.611828714772187 ], [ -73.773418587613406, 40.613662313174743 ], [ -73.76530079785114, 40.613822831088434 ], [ -73.765059616791731, 40.612035230610623 ], [ -73.762299440906077, 40.611359205543522 ], [ -73.761724137887029, 40.611847243260463 ], [ -73.760236357569767, 40.610820864950483 ], [ -73.761782429604253, 40.609151670557239 ], [ -73.761550519058929, 40.609031365800995 ], [ -73.759984469750236, 40.61087937734434 ], [ -73.759720990410941, 40.610151597620018 ], [ -73.755606847261504, 40.610077365227085 ], [ -73.747993072293212, 40.612310157966057 ], [ -73.746855388922683, 40.611574100559494 ], [ -73.745761500465903, 40.61199165524858 ], [ -73.743397315221401, 40.607472171066789 ], [ -73.738403944538263, 40.603121135282287 ], [ -73.738356175704013, 40.597600478304315 ], [ -73.739927472084219, 40.597054949848157 ], [ -73.740097142626709, 40.59620864729191 ], [ -73.740643842448861, 40.59700119865699 ], [ -73.741830835191863, 40.596695551370601 ], [ -73.739927929850012, 40.596061587313535 ], [ -73.739796340291406, 40.596882675125528 ], [ -73.738383603352517, 40.597117408562418 ], [ -73.738487439717773, 40.594352263491039 ], [ -73.742226030970727, 40.594905883324458 ], [ -73.746655114645549, 40.594295695404888 ], [ -73.753447801778208, 40.590964129913253 ], [ -73.761343116781447, 40.591726634353194 ], [ -73.76964468972831, 40.590768712740925 ] ] ] } },
{ "type": "Feature", "properties": { "NTA2020": "QN1402", "NTAName": "Rockaway Beach-Arverne-Edgemere", "NTAType": "0", "BoroName": "Queens" }, "geometry": { "type": "Polygon", "coordinates": [ [ [ -73.786314734112381, 40.603122510700459 ], [ -73.790299427148824, 40.599265118068317 ], [ -73.791240710056556, 40.59678734940848 ], [ -73.790650800432601, 40.594782702082291 ], [ -73.790806261415199, 40.59609339638704 ], [ -73.790378963347649, 40.594751965913318 ], [ -73.790424814724346, 40.596053931651504 ], [ -73.790178300011576, 40.596071320207201 ], [ -73.790131194916214, 40.594822874798709 ], [ -73.789866504906598, 40.59471554399471 ], [ -73.78999909439095, 40.596208943503477 ], [ -73.789673896758188, 40.594860475900362 ], [ -73.789162617740942, 40.596077299938301 ], [ -73.788238187877141, 40.596109836704379 ], [ -73.788373053079283, 40.597505637852095 ], [ -73.782091494921403, 40.597856018616518 ], [ -73.781952405442212, 40.596456491436918 ], [ -73.779801343462609, 40.596610969848584 ], [ -73.776001637628767, 40.601394324405895 ], [ -73.774972072658528, 40.601744487090393 ], [ -73.773714860321519, 40.598234836658477 ], [ -73.771096661931225, 40.598301143750014 ], [ -73.770661571762602, 40.596001998881356 ], [ -73.773882520671052, 40.595769407946975 ], [ -73.773674618400435, 40.593893115627296 ], [ -73.772808268863059, 40.594073916028357 ], [ -73.772700683207816, 40.593123305686547 ], [ -73.770231413644879, 40.593974904105252 ], [ -73.769644690497373, 40.590768712742502 ], [ -73.780430361020549, 40.589596620926692 ], [ -73.788784068731218, 40.587450288867451 ], [ -73.813524487275586, 40.583473149046938 ], [ -73.821341649580361, 40.581262127454323 ], [ -73.824901018797163, 40.585953861506518 ], [ -73.824813339071142, 40.587151322036149 ], [ -73.822936886315063, 40.587491649727674 ], [ -73.821459719258442, 40.586769924920411 ], [ -73.813632214106875, 40.590793632400533 ], [ -73.813588566126256, 40.591697685823718 ], [ -73.813234744325854, 40.591070740017855 ], [ -73.812143600155409, 40.591358700888541 ], [ -73.81149423586001, 40.592901326194465 ], [ -73.8113346362302, 40.591744623682679 ], [ -73.810817918746324, 40.592090268696239 ], [ -73.811385931520334, 40.592442318454758 ], [ -73.811407512272993, 40.592871256736316 ], [ -73.811072870210509, 40.593022330572268 ], [ -73.810805379044155, 40.592092095735339 ], [ -73.809899298472843, 40.592270954388233 ], [ -73.809616793743743, 40.593575726914764 ], [ -73.806028074598416, 40.592009309004752 ], [ -73.805779028390319, 40.590759499668778 ], [ -73.805823897731173, 40.591889325190095 ], [ -73.804303335082153, 40.591318878804834 ], [ -73.804165691030235, 40.591854709832973 ], [ -73.807826111433741, 40.593369934825645 ], [ -73.807977570994751, 40.594157868162 ], [ -73.806041498072403, 40.595554555716319 ], [ -73.804114599547987, 40.594319169950992 ], [ -73.803809022312024, 40.59289116392555 ], [ -73.802438462903098, 40.59264006383529 ], [ -73.802509650872722, 40.593948128041703 ], [ -73.803135034405713, 40.593757943573998 ], [ -73.803180821907489, 40.59394537863372 ], [ -73.802568376010697, 40.594272266994402 ], [ -73.803242531711462, 40.594087239363077 ], [ -73.803287938930254, 40.594282115891893 ], [ -73.802345138456573, 40.59449597525709 ], [ -73.803440170412998, 40.594434209679633 ], [ -73.803214942514046, 40.595145647948229 ], [ -73.803908422648703, 40.595004813332416 ], [ -73.803314537293602, 40.59517956093454 ], [ -73.805111854797616, 40.597151048500876 ], [ -73.802979433257477, 40.598844304553197 ], [ -73.794209683034609, 40.599484341782194 ], [ -73.791508858127955, 40.600379849069014 ], [ -73.787855748817194, 40.603113344635517 ], [ -73.786314734112381, 40.603122510700459 ] ] ] } },
{ "type": "Feature", "properties": { "NTA2020": "QN1403", "NTAName": "Breezy Point-Belle Harbor-Rockaway Park-Broad Channel", "NTAType": "0", "BoroName": "Queens" }, "geometry": { "type": "MultiPolygon", "coordinates": [ [ [ [ -73.883465347496468, 40.568478019938652 ], [ -73.882756801582389, 40.567569862123598 ], [ -73.903330228745673, 40.561846616767816 ], [ -73.910095022033246, 40.560772363846269 ], [ -73.909889457762347, 40.556673070095869 ], [ -73.920986313059444, 40.556275094437844 ], [ -73.922066124360839, 40.555149256470564 ], [ -73.929098781898546, 40.553093445098199 ], [ -73.932222040285865, 40.557676341959592 ], [ -73.926157232754207, 40.561552609723265 ], [ -73.917660819000915, 40.562826149686693 ], [ -73.911883196629262, 40.564990405741497 ], [ -73.912161818931963, 40.565836252070895 ], [ -73.911858090293833, 40.564995438003507 ], [ -73.909716849259638, 40.565287425461364 ], [ -73.909762583710616, 40.564284836927818 ], [ -73.907919159599786, 40.564148440294517 ], [ -73.907985759884184, 40.563442441255724 ], [ -73.906647241211942, 40.562785913839257 ], [ -73.902871433301414, 40.56351486370373 ], [ -73.901708397768743, 40.562740497415824 ], [ -73.896132624452207, 40.565358428069629 ], [ -73.895337250271396, 40.566332099868518 ], [ -73.895671743351301, 40.567031643659249 ], [ -73.892610134455296, 40.568587247789466 ], [ -73.889111030722233, 40.56791623669109 ], [ -73.883465347496468, 40.568478019938652 ] ] ], [ [ [ -73.824672977024534, 40.585494831342046 ], [ -73.824043105902078, 40.585629857698798 ], [ -73.821341649580361, 40.581262127454323 ], [ -73.833869231721707, 40.577649897609191 ], [ -73.862552860291544, 40.566810012301019 ], [ -73.866683598741574, 40.57298832953375 ], [ -73.863347400024765, 40.574021232447926 ], [ -73.863966419259668, 40.575026786720301 ], [ -73.86288301824888, 40.576059761756753 ], [ -73.850443851491903, 40.582130243581581 ], [ -73.839353858990393, 40.581857262805663 ], [ -73.838553064511117, 40.582791714299461 ], [ -73.828524712614708, 40.584854219377391 ], [ -73.828036536342395, 40.586052886475535 ], [ -73.825248826188556, 40.58690086942223 ], [ -73.824672977024534, 40.585494831342046 ] ] ], [ [ [ -73.821416015752945, 40.615054764436394 ], [ -73.817498109700423, 40.614214132569543 ], [ -73.816526811783916, 40.614947009657769 ], [ -73.816233666184957, 40.614231046867864 ], [ -73.814080624327858, 40.614558409739033 ], [ -73.815495265603872, 40.614039815969797 ], [ -73.81503638428488, 40.612976214418673 ], [ -73.816156266323659, 40.612942116012618 ], [ -73.815403661896838, 40.610384802518247 ], [ -73.814502615667081, 40.611058473505622 ], [ -73.815207207330332, 40.609816733592488 ], [ -73.81486539790258, 40.608020599486387 ], [ -73.815528166561464, 40.606163070614315 ], [ -73.817391920626108, 40.60515812403505 ], [ -73.818490659887416, 40.599389559979912 ], [ -73.820672659916923, 40.595195706673792 ], [ -73.834252473354866, 40.594659920803494 ], [ -73.834846999314593, 40.595543001111466 ], [ -73.834395999409992, 40.596464000370254 ], [ -73.832393644535529, 40.597803353885169 ], [ -73.828061595875141, 40.597680402647697 ], [ -73.825979858885958, 40.599472067191705 ], [ -73.824654205969694, 40.598149247874602 ], [ -73.823766122812458, 40.600040070821102 ], [ -73.821469298335529, 40.599993723273087 ], [ -73.824452180088002, 40.600796963191264 ], [ -73.822944845864399, 40.602582910135787 ], [ -73.822904632236501, 40.605851277427398 ], [ -73.821264702547879, 40.60700285091189 ], [ -73.819617953620138, 40.61047904156711 ], [ -73.820878416581081, 40.612257346320838 ], [ -73.821284209869532, 40.611096928782722 ], [ -73.820487004895298, 40.610224379794225 ], [ -73.821614599572314, 40.608480319225912 ], [ -73.821862051752603, 40.609869213070262 ], [ -73.824103270241707, 40.612326097484768 ], [ -73.821416015752945, 40.615054764436394 ] ] ] ] } },
{ "type": "Feature", "properties": { "NTA2020": "QN1491", "NTAName": "Rockaway Community Park", "NTAType": "9", "BoroName": "Queens" }, "geometry": { "type": "MultiPolygon", "coordinates": [ [ [ [ -73.774641133096949, 40.600850796762209 ], [ -73.774763130184297, 40.600831744882157 ], [ -73.774763810993591, 40.600845786543644 ], [ -73.774641133096949, 40.600850796762209 ] ] ], [ [ [ -73.774616578840238, 40.600970651610155 ], [ -73.774479542469834, 40.60097089056422 ], [ -73.774747246556501, 40.600949791012269 ], [ -73.774616578840238, 40.600970651610155 ] ] ], [ [ [ -73.776358436947902, 40.609655838242517 ], [ -73.774128973942226, 40.608746595868261 ], [ -73.774814410089178, 40.608399563112521 ], [ -73.774602945990736, 40.607417648882738 ], [ -73.774848865466552, 40.608024832657343 ], [ -73.775238519861716, 40.608550943000502 ], [ -73.776007721528273, 40.609190754248331 ], [ -73.774590094698311, 40.607297656090445 ], [ -73.775187112613253, 40.604500256318723 ], [ -73.774687989644633, 40.604324648891968 ], [ -73.778180869783043, 40.60038554108597 ], [ -73.780109000851084, 40.600727429033959 ], [ -73.781940900082702, 40.599073841774448 ], [ -73.779684256162824, 40.59668797838993 ], [ -73.781952405442212, 40.596456491436918 ], [ -73.782091494921403, 40.597856018616518 ], [ -73.786704449899787, 40.597623998565581 ], [ -73.788373053079283, 40.597505637852095 ], [ -73.788238187877141, 40.596109836704379 ], [ -73.789162617740942, 40.596077299938301 ], [ -73.789068291215017, 40.598019927382808 ], [ -73.783505609051446, 40.602563439245493 ], [ -73.783666962925693, 40.605324435929312 ], [ -73.779270154449378, 40.609307361807723 ], [ -73.776358436947902, 40.609655838242517 ] ] ] ] } },
{ "type": "Feature", "properties": { "NTA2020": "QN8081", "NTAName": "LaGuardia Airport", "NTAType": "8", "BoroName": "Queens" }, "geometry": { "type": "MultiPolygon", "coordinates": [ [ [ [ -73.872809200162109, 40.785903108597608 ], [ -73.87282839783694, 40.785954461738527 ], [ -73.872774059405401, 40.785941921458999 ], [ -73.872809200162109, 40.785903108597608 ] ] ], [ [ [ -73.870899076890694, 40.785871426006224 ], [ -73.869780811926375, 40.785337933326012 ], [ -73.869181134377911, 40.785943489570201 ], [ -73.869870074343467, 40.785085907068385 ], [ -73.869437516571892, 40.783638399311343 ], [ -73.868605261847136, 40.783809150925649 ], [ -73.86848597381919, 40.783693656831552 ], [ -73.872322869189532, 40.781100761632636 ], [ -73.87021910757322, 40.781247327370593 ], [ -73.872557326737265, 40.780821121542758 ], [ -73.855051062718189, 40.772195389989278 ], [ -73.856462729894062, 40.770273061326463 ], [ -73.857883408780935, 40.770659711137533 ], [ -73.856245657462821, 40.768885713696633 ], [ -73.85704790262325, 40.769139555446479 ], [ -73.859375104297783, 40.76707532894288 ], [ -73.86268864176526, 40.766875911007624 ], [ -73.860433378196078, 40.763868882875812 ], [ -73.868002816888151, 40.770255169347564 ], [ -73.872595909434708, 40.771830944829389 ], [ -73.877536122094, 40.771253120208918 ], [ -73.887729880706146, 40.76691443487077 ], [ -73.889454867714292, 40.773532951628695 ], [ -73.883916279637106, 40.774132607094288 ], [ -73.884837423910511, 40.774952980745887 ], [ -73.884288305528273, 40.775483096534352 ], [ -73.88541287251148, 40.779659960035445 ], [ -73.878705625189667, 40.780585909447716 ], [ -73.878858374854914, 40.782398179183936 ], [ -73.879747778536768, 40.782836563704713 ], [ -73.879701636722601, 40.782882818072473 ], [ -73.878831467817335, 40.782430714494531 ], [ -73.878339232979613, 40.783025921252175 ], [ -73.875157548935576, 40.781509448648293 ], [ -73.870899076890694, 40.785871426006224 ] ] ] ] } },
{ "type": "Feature", "properties": { "NTA2020": "QN8191", "NTAName": "Flushing Meadows-Corona Park", "NTAType": "9", "BoroName": "Queens" }, "geometry": { "type": "Polygon", "coordinates": [ [ [ -73.846709335979227, 40.761345269135376 ], [ -73.843243813566005, 40.7553368037672 ], [ -73.83861858898014, 40.757044846391636 ], [ -73.837917327032343, 40.754541435301064 ], [ -73.83559153783257, 40.751377132770244 ], [ -73.832295356728466, 40.751941791138577 ], [ -73.833085823198999, 40.747989125404779 ], [ -73.83462522085614, 40.746880950882613 ], [ -73.836099890577103, 40.742429069781252 ], [ -73.837065086840695, 40.741864718571406 ], [ -73.835398128322382, 40.736912390053142 ], [ -73.836048456061704, 40.734265585288256 ], [ -73.830732144799853, 40.726549328468238 ], [ -73.827309003613621, 40.724646077496566 ], [ -73.82539923826937, 40.717414856985719 ], [ -73.819523438038686, 40.717339733202074 ], [ -73.819982308287848, 40.716575511264558 ], [ -73.823404688496751, 40.716550028700183 ], [ -73.829895786898589, 40.71457124264635 ], [ -73.831458669196707, 40.714554450439962 ], [ -73.829833283005755, 40.715567783658585 ], [ -73.834883593467183, 40.719303272416177 ], [ -73.839854342243555, 40.728177569785188 ], [ -73.844188864655521, 40.732642019579956 ], [ -73.846893661055759, 40.738671217393161 ], [ -73.850115565483165, 40.740723562797434 ], [ -73.854369280664571, 40.748738930191138 ], [ -73.850864395778629, 40.74999564187307 ], [ -73.85407475724476, 40.757663254330012 ], [ -73.855769972959393, 40.759538342682959 ], [ -73.859123757292139, 40.761275499157605 ], [ -73.860936914229185, 40.76372861549131 ], [ -73.858619152817667, 40.761935597501676 ], [ -73.857654736163354, 40.763079822848731 ], [ -73.858500812554738, 40.763376432580102 ], [ -73.857638965359129, 40.763099448634001 ], [ -73.856963559398054, 40.764074427863271 ], [ -73.857582854705967, 40.763072901129341 ], [ -73.856586753886646, 40.762722840616995 ], [ -73.85760424037187, 40.763053281789162 ], [ -73.858176310705289, 40.762396294224025 ], [ -73.856611958135474, 40.761649541754338 ], [ -73.858194331325322, 40.762374107984741 ], [ -73.858585262182416, 40.761917009098859 ], [ -73.851585529011857, 40.759355420657144 ], [ -73.849301108143379, 40.760242875350158 ], [ -73.849874844962628, 40.761103812446038 ], [ -73.852072001778481, 40.760392884672299 ], [ -73.849811624751425, 40.76127097400834 ], [ -73.848686556591545, 40.760138494105675 ], [ -73.846709335979227, 40.761345269135376 ] ] ] } },
{ "type": "Feature", "properties": { "NTA2020": "QN8291", "NTAName": "Forest Park", "NTAType": "9", "BoroName": "Queens" }, "geometry": { "type": "Polygon", "coordinates": [ [ [ -73.836962377448742, 40.704212452834973 ], [ -73.845024728109536, 40.699359377518057 ], [ -73.849138371768689, 40.698282741201204 ], [ -73.850708421902297, 40.700203125103712 ], [ -73.854493198979952, 40.700642593754417 ], [ -73.85274511619896, 40.697560750768396 ], [ -73.868405188831517, 40.694731186243274 ], [ -73.870674217775374, 40.697841065518425 ], [ -73.86931433152246, 40.699355148004877 ], [ -73.869155960913361, 40.702893434162348 ], [ -73.862808555832942, 40.703410915805122 ], [ -73.858084514831106, 40.70289677765264 ], [ -73.858932242448816, 40.70132034542732 ], [ -73.85827405761421, 40.701223659908415 ], [ -73.855295713551712, 40.701991009608733 ], [ -73.855292758165888, 40.702595501786739 ], [ -73.852520189884061, 40.702291723616888 ], [ -73.854708238891718, 40.705210974814655 ], [ -73.854716524318079, 40.706769496829388 ], [ -73.8493315614799, 40.708388333680126 ], [ -73.843146252351332, 40.709223456920611 ], [ -73.838284287700787, 40.708409359127693 ], [ -73.837147029227268, 40.707957046765181 ], [ -73.838142215870903, 40.706258901948715 ], [ -73.836962377448742, 40.704212452834973 ] ] ] } },
{ "type": "Feature", "properties": { "NTA2020": "QN8381", "NTAName": "John F. Kennedy International Airport", "NTAType": "8", "BoroName": "Queens" }, "geometry": { "type": "MultiPolygon", "coordinates": [ [ [ [ -73.747130199195681, 40.637216860342342 ], [ -73.747120535231417, 40.6371512410254 ], [ -73.747157816149482, 40.637060523023365 ], [ -73.747130199195681, 40.637216860342342 ] ] ], [ [ [ -73.746943205062408, 40.637529202174306 ], [ -73.747049131707158, 40.637545133897142 ], [ -73.746939699465329, 40.637554235214068 ], [ -73.746943205062408, 40.637529202174306 ] ] ], [ [ [ -73.825034675023119, 40.66358013480766 ], [ -73.813268433275596, 40.662812918203016 ], [ -73.806143958186496, 40.664912730877703 ], [ -73.799819543303371, 40.665259262643922 ], [ -73.785025136520929, 40.663421073064818 ], [ -73.779329330524632, 40.661839520845156 ], [ -73.773829646578179, 40.659651158771609 ], [ -73.751573840592016, 40.647259301705617 ], [ -73.75204902476068, 40.646651937478389 ], [ -73.754927686429099, 40.647572721038649 ], [ -73.74776524915336, 40.642094843285214 ], [ -73.747446505952865, 40.640021636688481 ], [ -73.748450726553756, 40.635636138089005 ], [ -73.765008914051165, 40.629412182577312 ], [ -73.76860408643708, 40.624732718745918 ], [ -73.768667816293288, 40.622731964621629 ], [ -73.77018829077609, 40.619791010920096 ], [ -73.771654546224482, 40.620416427318339 ], [ -73.770811288166968, 40.622949747293475 ], [ -73.771727601970198, 40.62358502853138 ], [ -73.772031313652391, 40.622991213404525 ], [ -73.7721882393991, 40.622995794296159 ], [ -73.77511891122289, 40.61923384815514 ], [ -73.775180459353237, 40.619264718555158 ], [ -73.771738974493189, 40.62360572607102 ], [ -73.776542298216967, 40.627651725230422 ], [ -73.779468975558501, 40.627315505621674 ], [ -73.784194831657402, 40.620892670578122 ], [ -73.789558142232764, 40.622791995589154 ], [ -73.783630789498758, 40.628142521869322 ], [ -73.783489756629464, 40.630165116221249 ], [ -73.78434764110041, 40.631373320933804 ], [ -73.789427171295543, 40.634263035460357 ], [ -73.790792842109809, 40.634282043706222 ], [ -73.798118721380803, 40.631037509762386 ], [ -73.790811112504997, 40.634310355510962 ], [ -73.792223179714426, 40.635890088949118 ], [ -73.818303169562142, 40.646267664993758 ], [ -73.822151431980657, 40.650135289739964 ], [ -73.823465604214206, 40.655313016057079 ], [ -73.821746502158248, 40.66011836609097 ], [ -73.818695314926813, 40.661105051054307 ], [ -73.812621255175216, 40.660157050401182 ], [ -73.811455577687681, 40.660736552235491 ], [ -73.818671843080267, 40.662132777430443 ], [ -73.823318702297513, 40.660207910462624 ], [ -73.824929409634478, 40.655441531872171 ], [ -73.822907177007565, 40.648093446507474 ], [ -73.826144830596533, 40.650081840942789 ], [ -73.826392427563263, 40.648324349284621 ], [ -73.828599423386919, 40.657196973015218 ], [ -73.832705338159442, 40.665405773282522 ], [ -73.825034675023119, 40.66358013480766 ] ] ] ] } },
{ "type": "Feature", "properties": { "NTA2020": "QN8491", "NTAName": "Jamaica Bay (East)", "NTAType": "9", "BoroName": "Queens" }, "geometry": { "type": "MultiPolygon", "coordinates": [ [ [ [ -73.825483335231738, 40.591973386213795 ], [ -73.827619123698938, 40.589995259841281 ], [ -73.827285451960265, 40.591478763062121 ], [ -73.825483335231738, 40.591973386213795 ] ] ], [ [ [ -73.831932772557991, 40.593447796924323 ], [ -73.831168826445563, 40.591488144811969 ], [ -73.833573760626948, 40.589035171849318 ], [ -73.834586737828673, 40.589122164465444 ], [ -73.841798352951116, 40.592007595650017 ], [ -73.843364704196659, 40.593470143366403 ], [ -73.843500656979671, 40.595084109756058 ], [ -73.84056972163728, 40.597300702794342 ], [ -73.837458334803586, 40.596862867340597 ], [ -73.834760266146077, 40.593944293999122 ], [ -73.831932772557991, 40.593447796924323 ] ] ], [ [ [ -73.823040078492255, 40.600068075288569 ], [ -73.822978576461665, 40.600043707727572 ], [ -73.823031950349943, 40.599930516882495 ], [ -73.823040078492255, 40.600068075288569 ] ] ], [ [ [ -73.823180159642959, 40.600083849028316 ], [ -73.823152931592972, 40.599976663152468 ], [ -73.82317356136187, 40.599978005814378 ], [ -73.823180159642959, 40.600083849028316 ] ] ], [ [ [ -73.810169588195961, 40.602799763042619 ], [ -73.810488081081928, 40.598779311237116 ], [ -73.812220732878984, 40.598553907975351 ], [ -73.815014715687028, 40.602056290558636 ], [ -73.814801177495823, 40.604080343333671 ], [ -73.813208623288247, 40.604355439084571 ], [ -73.810169588195961, 40.602799763042619 ] ] ], [ [ [ -73.80085479651882, 40.606635045205763 ], [ -73.797927364987203, 40.606579405388359 ], [ -73.798409187081162, 40.606009968258078 ], [ -73.798265754249869, 40.605490196096625 ], [ -73.798677078462561, 40.605703683464441 ], [ -73.800109280789911, 40.605318866321298 ], [ -73.797811422063077, 40.605159920329768 ], [ -73.798037353647771, 40.604837037901412 ], [ -73.798768591810699, 40.605015969149342 ], [ -73.799937946077705, 40.604610036902947 ], [ -73.800205590802719, 40.604834629806277 ], [ -73.80048632023508, 40.604762818281053 ], [ -73.800046501627719, 40.604561682300591 ], [ -73.797900837249983, 40.604720086154323 ], [ -73.797663260297014, 40.605308388925394 ], [ -73.798215619927433, 40.605936297243574 ], [ -73.797661434223414, 40.606357755905812 ], [ -73.796347611337993, 40.605788002853622 ], [ -73.796114522882931, 40.60469396320255 ], [ -73.797319011781852, 40.604066678876684 ], [ -73.803811832342234, 40.604360997416656 ], [ -73.803935545540639, 40.605643741806055 ], [ -73.803143020330381, 40.606366935435574 ], [ -73.801817022668729, 40.606422953048302 ], [ -73.800773346019312, 40.607076295750538 ], [ -73.801074009502841, 40.606410565105108 ], [ -73.800338639245567, 40.606278815696939 ], [ -73.80085479651882, 40.606635045205763 ] ] ], [ [ [ -73.82952414988597, 40.60733932434313 ], [ -73.829608270394999, 40.60725635955864 ], [ -73.829571583904922, 40.607342391453173 ], [ -73.82952414988597, 40.60733932434313 ] ] ], [ [ [ -73.796656996590215, 40.608960915071478 ], [ -73.796008633177507, 40.6082173607887 ], [ -73.796549416766098, 40.607287540363771 ], [ -73.795819879997737, 40.608133920135081 ], [ -73.795516943675437, 40.60735496279829 ], [ -73.79527814038407, 40.605814321533884 ], [ -73.795726989541762, 40.605230613749356 ], [ -73.795701417647038, 40.606460525121989 ], [ -73.800526176542093, 40.607226338650833 ], [ -73.804014933374461, 40.606131500175017 ], [ -73.800994212305682, 40.608672097910777 ], [ -73.796656996590215, 40.608960915071478 ] ] ], [ [ [ -73.827301925429751, 40.609485389754127 ], [ -73.82581355251645, 40.608917723174869 ], [ -73.82576814632948, 40.607853874110468 ], [ -73.82679109718643, 40.607909690863082 ], [ -73.825667381928625, 40.607786224920879 ], [ -73.824605581976883, 40.604735633302894 ], [ -73.829086026328227, 40.605820966354131 ], [ -73.829039726699392, 40.607355214176003 ], [ -73.827079693817609, 40.608333084361533 ], [ -73.827301925429751, 40.609485389754127 ] ] ], [ [ [ -73.832128769035293, 40.609516642875036 ], [ -73.830056174472489, 40.607924796435675 ], [ -73.829877264363375, 40.606322837407134 ], [ -73.831775075842444, 40.605094363641498 ], [ -73.835520060796597, 40.605457621599875 ], [ -73.834226313009978, 40.608051343702321 ], [ -73.832128769035293, 40.609516642875036 ] ] ], [ [ [ -73.766719311134125, 40.615004231145207 ], [ -73.770875003769547, 40.61586372321711 ], [ -73.76854868123182, 40.620559678776011 ], [ -73.767459268844064, 40.620511322564013 ], [ -73.766719311134125, 40.615004231145207 ] ] ], [ [ [ -73.812521034774306, 40.620448693536837 ], [ -73.812687812816876, 40.62046327842576 ], [ -73.812609675009526, 40.620647417591634 ], [ -73.812521034774306, 40.620448693536837 ] ] ], [ [ [ -73.789558142893199, 40.622791995255348 ], [ -73.78419483198816, 40.620892670243741 ], [ -73.785215430766812, 40.620063493744617 ], [ -73.784460870682111, 40.617027834124691 ], [ -73.783225545300141, 40.61557873072347 ], [ -73.780793765035298, 40.614587567092556 ], [ -73.780906216216465, 40.613603676618915 ], [ -73.788659106275475, 40.610090594226982 ], [ -73.791397210122256, 40.607610854245003 ], [ -73.791172876724758, 40.608474599108924 ], [ -73.793651040956419, 40.608985814969337 ], [ -73.795056550974067, 40.610488966194481 ], [ -73.799173180598061, 40.612026245926856 ], [ -73.800539516770712, 40.611651630827247 ], [ -73.799316940773267, 40.613358220591749 ], [ -73.799402243667927, 40.614903069737792 ], [ -73.797275924771583, 40.616660412956485 ], [ -73.794575672594391, 40.622519149902168 ], [ -73.789558142893199, 40.622791995255348 ] ] ], [ [ [ -73.832156390473742, 40.624692178918743 ], [ -73.833097053352674, 40.62241474633862 ], [ -73.833108220241698, 40.621680888574481 ], [ -73.833682148644627, 40.621381306355488 ], [ -73.832676200485977, 40.623908275227031 ], [ -73.833559238143579, 40.623936035001762 ], [ -73.832156390473742, 40.624692178918743 ] ] ], [ [ [ -73.773485603527519, 40.625113148719983 ], [ -73.773810244093966, 40.624925596731138 ], [ -73.77383258726536, 40.624944848253634 ], [ -73.773485603527519, 40.625113148719983 ] ] ], [ [ [ -73.812491495811983, 40.626540675314033 ], [ -73.81168078177565, 40.623649644202359 ], [ -73.812515799823117, 40.623539448327783 ], [ -73.813012651774713, 40.622260227924222 ], [ -73.813031904918404, 40.623856768422101 ], [ -73.814478707742722, 40.625470874311112 ], [ -73.812491495811983, 40.626540675314033 ] ] ], [ [ [ -73.798819815766166, 40.625327944831142 ], [ -73.797815733081592, 40.624453153952501 ], [ -73.798754825193342, 40.625077757645165 ], [ -73.80037265255028, 40.624108342202845 ], [ -73.799227015097102, 40.624193464871382 ], [ -73.798677169956022, 40.623434954487792 ], [ -73.800162739973658, 40.619626849807965 ], [ -73.802064198536243, 40.620790913796618 ], [ -73.801310449056146, 40.618542873261966 ], [ -73.803474113080114, 40.614400964427723 ], [ -73.806409505885512, 40.622339556026155 ], [ -73.80541649344103, 40.623791861933228 ], [ -73.801627419722834, 40.625596190231754 ], [ -73.799060218572464, 40.62658052642459 ], [ -73.797591903593712, 40.626101422699655 ], [ -73.798819815766166, 40.625327944831142 ] ] ], [ [ [ -73.814293732240955, 40.629142401243492 ], [ -73.814668868408248, 40.627502561822908 ], [ -73.816445518978767, 40.629836064928149 ], [ -73.815276054676687, 40.630228105232923 ], [ -73.814293732240955, 40.629142401243492 ] ] ], [ [ [ -73.835976467953287, 40.632216695036064 ], [ -73.835063140247215, 40.631844236976505 ], [ -73.835064211954986, 40.631725749520704 ], [ -73.835937089489875, 40.631349653094098 ], [ -73.835976467953287, 40.632216695036064 ] ] ], [ [ [ -73.82419331921291, 40.639954072163242 ], [ -73.820672159424902, 40.628914861429649 ], [ -73.816230961210991, 40.624689825848471 ], [ -73.816752647115678, 40.623948497825857 ], [ -73.817952847206854, 40.62409328011757 ], [ -73.818662042865881, 40.62288315669565 ], [ -73.817578902895008, 40.621756160375142 ], [ -73.815387190927197, 40.621497779640904 ], [ -73.815431747042808, 40.620116531242424 ], [ -73.817180538784527, 40.619267274493389 ], [ -73.817774298346393, 40.61750112119325 ], [ -73.816526811783916, 40.614947009657769 ], [ -73.817498109700423, 40.614214132569543 ], [ -73.821416015752945, 40.615054764436394 ], [ -73.824103270241707, 40.612326097484768 ], [ -73.825753221052707, 40.614192081540288 ], [ -73.827256366328598, 40.613378714627267 ], [ -73.827875254716645, 40.613697629101189 ], [ -73.827502226094083, 40.614204667222992 ], [ -73.830919960014242, 40.61500548703367 ], [ -73.834018881343738, 40.614381166922428 ], [ -73.833701521180828, 40.620978602347442 ], [ -73.831587987143365, 40.622032807925322 ], [ -73.83267659705902, 40.621863729960459 ], [ -73.832588686186128, 40.622681386559087 ], [ -73.830387231268134, 40.622390847658004 ], [ -73.829188092233807, 40.624200612855745 ], [ -73.830414343542941, 40.622632073894344 ], [ -73.830461515762096, 40.624072221034787 ], [ -73.831095180378625, 40.622928837873303 ], [ -73.832134271719156, 40.623176828224928 ], [ -73.830627617812226, 40.626177623653511 ], [ -73.832303014303591, 40.627078757910461 ], [ -73.83228937353509, 40.628133707482284 ], [ -73.83177644033681, 40.628172030732358 ], [ -73.83156686812174, 40.628478726419743 ], [ -73.831617462285436, 40.628752310646732 ], [ -73.83304100841805, 40.62826127105977 ], [ -73.831146532389027, 40.632843912536437 ], [ -73.833406079792255, 40.638501355899244 ], [ -73.832216588191812, 40.638928490220955 ], [ -73.828085673532854, 40.635879726836798 ], [ -73.825916579491917, 40.635747413040122 ], [ -73.824430324973036, 40.636216520035745 ], [ -73.82419331921291, 40.639954072163242 ] ] ] ] } },
{ "type": "Feature", "properties": { "NTA2020": "QN8492", "NTAName": "Jacob Riis Park-Fort Tilden-Breezy Point Tip", "NTAType": "9", "BoroName": "Queens" }, "geometry": { "type": "Polygon", "coordinates": [ [ [ -73.862868921455032, 40.566830571544926 ], [ -73.865576083572108, 40.566560014700336 ], [ -73.866610892954668, 40.566093865691549 ], [ -73.866309412324412, 40.565546064125051 ], [ -73.866884010597403, 40.566083976778842 ], [ -73.868486947799752, 40.565527010300968 ], [ -73.868251175501754, 40.565069489459816 ], [ -73.86862321827094, 40.565538008775185 ], [ -73.870622148152478, 40.564813309494326 ], [ -73.870275884646986, 40.56417465359754 ], [ -73.870913162064838, 40.564764585510908 ], [ -73.872639712145556, 40.564084184026235 ], [ -73.872378780474875, 40.563575115556517 ], [ -73.873206280369772, 40.56406027224709 ], [ -73.894918172664816, 40.557078795293272 ], [ -73.902794226797084, 40.556732995094421 ], [ -73.9065857492389, 40.555710625377166 ], [ -73.940471611977273, 40.542863121313196 ], [ -73.940735455132767, 40.541833959950651 ], [ -73.940119148937825, 40.553232637014453 ], [ -73.938655638315964, 40.555676592264078 ], [ -73.936284948354412, 40.556999467852634 ], [ -73.932222040285865, 40.557676341959557 ], [ -73.929098781898546, 40.553093445098199 ], [ -73.922066124360896, 40.555149256470564 ], [ -73.920986313059444, 40.556275094437844 ], [ -73.909889457762347, 40.55667307009584 ], [ -73.91009502203336, 40.560772363846269 ], [ -73.903330228745787, 40.561846616767767 ], [ -73.88275680158246, 40.567569862123555 ], [ -73.883130947084169, 40.568380626013607 ], [ -73.881922589101464, 40.568731441525777 ], [ -73.877400179667973, 40.568926178831411 ], [ -73.86288301824888, 40.576059761756724 ], [ -73.863966419259725, 40.575026786720301 ], [ -73.863347400024821, 40.574021232447926 ], [ -73.866683598741687, 40.572988329533715 ], [ -73.862868921455032, 40.566830571544926 ] ] ] } },
{ "type": "Feature", "properties": { "NTA2020": "SI0101", "NTAName": "St. George-New Brighton", "NTAType": "0", "BoroName": "Staten Island" }, "geometry": { "type": "Polygon", "coordinates": [ [ [ -74.072581338735802, 40.637941875094846 ], [ -74.078788310356103, 40.638268558586745 ], [ -74.083733971445852, 40.635737145062897 ], [ -74.085878827673341, 40.636691590507276 ], [ -74.086905927620023, 40.635857244137078 ], [ -74.088705821859548, 40.636845207284729 ], [ -74.089703782054983, 40.635682501487338 ], [ -74.092438939919646, 40.635596384743032 ], [ -74.094093124240942, 40.639266913731554 ], [ -74.097672906348862, 40.638960679171817 ], [ -74.097879690218292, 40.640358055997773 ], [ -74.099904096045307, 40.640162954613956 ], [ -74.100391665799393, 40.643118366158909 ], [ -74.099569388415233, 40.643155282117526 ], [ -74.099716002402545, 40.644758871161692 ], [ -74.100902731387436, 40.644773235425575 ], [ -74.092988281876458, 40.645972780752643 ], [ -74.085707543782121, 40.648880553370653 ], [ -74.079809964287037, 40.648383312988123 ], [ -74.07650657152918, 40.646968818686133 ], [ -74.074452825635859, 40.645067487718258 ], [ -74.073591079192767, 40.644998928043172 ], [ -74.073856536846691, 40.645424815597217 ], [ -74.073338138569284, 40.645783115659846 ], [ -74.073690118064434, 40.645305724054992 ], [ -74.072698287990264, 40.64444127346755 ], [ -74.071658297597835, 40.64503374643521 ], [ -74.072291902818222, 40.644266047820622 ], [ -74.071131057209357, 40.643205263678453 ], [ -74.072109524446319, 40.642463216792933 ], [ -74.070329237154425, 40.642526128635083 ], [ -74.073144005199424, 40.641852973475565 ], [ -74.070193995592192, 40.642007502805491 ], [ -74.073086898193282, 40.641636814467219 ], [ -74.072890056095744, 40.640922672373627 ], [ -74.069983546539518, 40.641068943116998 ], [ -74.072850411948806, 40.640803687942643 ], [ -74.072581338735802, 40.637941875094846 ] ] ] } },
{ "type": "Feature", "properties": { "NTA2020": "SI0102", "NTAName": "Tompkinsville-Stapleton-Clifton-Fox Hills", "NTAType": "0", "BoroName": "Staten Island" }, "geometry": { "type": "Polygon", "coordinates": [ [ [ -74.072581338735802, 40.637941875094846 ], [ -74.073534475933656, 40.637641722632438 ], [ -74.073373428880359, 40.636610725639599 ], [ -74.072094838075628, 40.636647278127334 ], [ -74.073358220456498, 40.636536094667925 ], [ -74.072984746123794, 40.630308979484226 ], [ -74.068021735439515, 40.628787585185641 ], [ -74.072911778705915, 40.629996379407082 ], [ -74.072295202826723, 40.627138427008276 ], [ -74.075646135820207, 40.626663718556827 ], [ -74.071165686390017, 40.620698787293691 ], [ -74.071406082112063, 40.61943137895053 ], [ -74.074546767821857, 40.616942929617878 ], [ -74.074878055737372, 40.617421375552546 ], [ -74.078317656707725, 40.615561470788585 ], [ -74.08110332392782, 40.617788746039544 ], [ -74.087209827616292, 40.613306974007635 ], [ -74.087851475885699, 40.615243073684184 ], [ -74.08618571643342, 40.618057359104718 ], [ -74.084962118106986, 40.624625233034166 ], [ -74.083622367495366, 40.626922578123519 ], [ -74.080843713865306, 40.627379491045247 ], [ -74.079724920897405, 40.628950688899813 ], [ -74.085749288677306, 40.633955557726523 ], [ -74.084436474246885, 40.635405248050212 ], [ -74.078911515123906, 40.638240383420879 ], [ -74.072581338735802, 40.637941875094846 ] ] ] } },
{ "type": "Feature", "properties": { "NTA2020": "SI0103", "NTAName": "Rosebank-Shore Acres-Park Hill", "NTAType": "0", "BoroName": "Staten Island" }, "geometry": { "type": "Polygon", "coordinates": [ [ [ -74.056771816371665, 40.607899540088184 ], [ -74.065170911848867, 40.604213509349449 ], [ -74.06397858489224, 40.602143958328028 ], [ -74.073607985864911, 40.605504957137171 ], [ -74.083710910420663, 40.606441259319737 ], [ -74.090557112167303, 40.609001151342333 ], [ -74.087209827616292, 40.613306974007635 ], [ -74.08110332392782, 40.617788746039544 ], [ -74.078317656707725, 40.615561470788585 ], [ -74.071832929789736, 40.61890075146664 ], [ -74.071165686390017, 40.620698787293691 ], [ -74.075646135820207, 40.626663718556827 ], [ -74.072880587513509, 40.626929028469597 ], [ -74.072255009557722, 40.624608750194135 ], [ -74.070027350616314, 40.621454064353472 ], [ -74.066493352963832, 40.618897601595364 ], [ -74.06596065271782, 40.619359015593936 ], [ -74.066199079548696, 40.618722481288955 ], [ -74.06544586069532, 40.619202628792081 ], [ -74.066415586492226, 40.617872498166143 ], [ -74.064257217515916, 40.618171687585736 ], [ -74.065099084072074, 40.617510956125642 ], [ -74.063908921744556, 40.617328825652187 ], [ -74.064327458580976, 40.616988503524951 ], [ -74.061439614573231, 40.61437802120237 ], [ -74.060336807919697, 40.611901879717294 ], [ -74.059999197775412, 40.612783899115904 ], [ -74.060272248099452, 40.61181963993937 ], [ -74.059430762014102, 40.611654374605649 ], [ -74.056771816371665, 40.607899540088184 ] ] ] } },
{ "type": "Feature", "properties": { "NTA2020": "SI0104", "NTAName": "West New Brighton-Silver Lake-Grymes Hill", "NTAType": "0", "BoroName": "Staten Island" }, "geometry": { "type": "Polygon", "coordinates": [ [ [ -74.104722215338853, 40.645563658070344 ], [ -74.107797780280521, 40.645226161950802 ], [ -74.106546525781383, 40.644241296953602 ], [ -74.105422864893953, 40.638898967615489 ], [ -74.097879690218292, 40.640358055997773 ], [ -74.097672906348862, 40.638960679171817 ], [ -74.094093124240942, 40.639266913731554 ], [ -74.092438939919646, 40.635596384743032 ], [ -74.089703782054983, 40.635682501487338 ], [ -74.088705821859548, 40.636845207284729 ], [ -74.086905927620023, 40.635857244137078 ], [ -74.085878827673341, 40.636691590507276 ], [ -74.083733971445852, 40.635737145062897 ], [ -74.085749288677306, 40.633955557726523 ], [ -74.079724920897405, 40.628950688899813 ], [ -74.080843713865306, 40.627379491045247 ], [ -74.082988087972382, 40.627350072844102 ], [ -74.084154197217714, 40.626267115431595 ], [ -74.086223703604105, 40.617944065501732 ], [ -74.087851440045682, 40.61524323621466 ], [ -74.087209827616292, 40.613306974007635 ], [ -74.090557112167303, 40.609001151342333 ], [ -74.094335004586981, 40.610328012156998 ], [ -74.097660087128929, 40.610507748127809 ], [ -74.105695125215448, 40.61873798770592 ], [ -74.118202199894483, 40.625086782580503 ], [ -74.123033933145621, 40.629011216015869 ], [ -74.124891678751297, 40.631727990604944 ], [ -74.116836194840786, 40.63267481833892 ], [ -74.117199470739848, 40.634568098130728 ], [ -74.120238365954023, 40.634300559850033 ], [ -74.120629629136204, 40.636572750490913 ], [ -74.117549021946658, 40.636953633339822 ], [ -74.118067103625535, 40.641297919133805 ], [ -74.120932870268106, 40.640908708823332 ], [ -74.119607166818909, 40.641380309355029 ], [ -74.119956998758553, 40.642209453931855 ], [ -74.119426312923977, 40.64142352418488 ], [ -74.119400295325462, 40.642379379035489 ], [ -74.118616352362736, 40.641530365029183 ], [ -74.118836246169423, 40.642541864060526 ], [ -74.118401850835497, 40.641529800543061 ], [ -74.117497799623806, 40.641583252044164 ], [ -74.116721876638877, 40.642031756096756 ], [ -74.117224700826327, 40.643027360465382 ], [ -74.116666076463162, 40.64210676683669 ], [ -74.116670413826881, 40.643189824893028 ], [ -74.116142085697419, 40.642216454151196 ], [ -74.11535082182931, 40.642470540158371 ], [ -74.11395094068483, 40.644136591675434 ], [ -74.11288806510882, 40.644532444135137 ], [ -74.113857093222435, 40.644076012169982 ], [ -74.113330231924564, 40.643723496581337 ], [ -74.111161294691726, 40.645096422678868 ], [ -74.11176646583958, 40.644706159843182 ], [ -74.108864898959666, 40.645579128804165 ], [ -74.104722215338853, 40.645563658070344 ] ] ] } },
{ "type": "Feature", "properties": { "NTA2020": "SI0105", "NTAName": "Westerleigh-Castleton Corners", "NTAType": "0", "BoroName": "Staten Island" }, "geometry": { "type": "Polygon", "coordinates": [ [ [ -74.121256778397154, 40.627822750843244 ], [ -74.11806688584926, 40.625001473849359 ], [ -74.105695125215448, 40.61873798770592 ], [ -74.097660087128929, 40.610507748127809 ], [ -74.108985953050905, 40.610124954942563 ], [ -74.115640325826959, 40.61109610432456 ], [ -74.128758993506551, 40.608495794410835 ], [ -74.143544992339642, 40.6076811535684 ], [ -74.148694046155839, 40.608827952400283 ], [ -74.153684274478877, 40.612349682135246 ], [ -74.152086053425933, 40.617320988048149 ], [ -74.147646159340312, 40.622117976117011 ], [ -74.146112138449908, 40.624933433966198 ], [ -74.137002909029462, 40.624347010753276 ], [ -74.135810081900829, 40.625064339589855 ], [ -74.138063937124357, 40.627568472142904 ], [ -74.136742376944397, 40.628662536726679 ], [ -74.135861083505503, 40.628061529385455 ], [ -74.13408698129966, 40.629541681216971 ], [ -74.133437312207974, 40.629074346756269 ], [ -74.13107460187689, 40.631147730215126 ], [ -74.130141414758171, 40.629965208530798 ], [ -74.131309852520928, 40.62632834415264 ], [ -74.121256778397154, 40.627822750843244 ] ] ] } },
{ "type": "Feature", "properties": { "NTA2020": "SI0106", "NTAName": "Port Richmond", "NTAType": "0", "BoroName": "Staten Island" }, "geometry": { "type": "Polygon", "coordinates": [ [ [ -74.121874161910625, 40.641578315218467 ], [ -74.118067103625535, 40.641297919133805 ], [ -74.117549021946658, 40.636953633339822 ], [ -74.120629629136204, 40.636572750490913 ], [ -74.120238365954023, 40.634300559850033 ], [ -74.117199470739848, 40.634568098130728 ], [ -74.116836194840786, 40.63267481833892 ], [ -74.124891678751297, 40.631727990604944 ], [ -74.121256778397154, 40.627822750843244 ], [ -74.131309852520928, 40.62632834415264 ], [ -74.130141414758171, 40.629965208530798 ], [ -74.13107460187689, 40.631147730215126 ], [ -74.133437312207974, 40.629074346756269 ], [ -74.13408698129966, 40.629541681216971 ], [ -74.135861083505503, 40.628061529385455 ], [ -74.136742376944397, 40.628662536726679 ], [ -74.138063937124357, 40.627568472142904 ], [ -74.135810081900829, 40.625064339589855 ], [ -74.137002909029462, 40.624347010753276 ], [ -74.146112138449908, 40.624933433966198 ], [ -74.145439397970918, 40.627886598154362 ], [ -74.146222026609379, 40.629106957187616 ], [ -74.147526189638327, 40.629389288300359 ], [ -74.144782289076574, 40.637953780801176 ], [ -74.142297669808585, 40.64030580659125 ], [ -74.134352695735302, 40.64188679690276 ], [ -74.131255811802575, 40.641596830764001 ], [ -74.130183700133074, 40.640723826585813 ], [ -74.12949057637465, 40.641354835698607 ], [ -74.129977402627247, 40.640729872855786 ], [ -74.129307131869481, 40.640337411713737 ], [ -74.128907290334524, 40.641194827586332 ], [ -74.12881201847226, 40.640226978006673 ], [ -74.1275267724088, 40.640155304716664 ], [ -74.127147745638979, 40.639311056850403 ], [ -74.127053622052642, 40.640241737639158 ], [ -74.126069828621993, 40.640254472687609 ], [ -74.126368086889812, 40.641332380487114 ], [ -74.125640268706974, 40.641418492585039 ], [ -74.125578335693945, 40.640147328443796 ], [ -74.122603636017104, 40.640597074405505 ], [ -74.122825654103124, 40.641293875515217 ], [ -74.121874161910625, 40.641578315218467 ] ] ] } },
{ "type": "Feature", "properties": { "NTA2020": "SI0107", "NTAName": "Mariner's Harbor-Arlington-Graniteville", "NTAType": "0", "BoroName": "Staten Island" }, "geometry": { "type": "MultiPolygon", "coordinates": [ [ [ [ -74.159456024379466, 40.641448332319058 ], [ -74.161112425221731, 40.641835453737393 ], [ -74.161534031109326, 40.644156282423097 ], [ -74.157557788558265, 40.643239865478542 ], [ -74.159456024379466, 40.641448332319058 ] ] ], [ [ [ -74.179895683398968, 40.645268795975689 ], [ -74.179729877520359, 40.644380702112088 ], [ -74.179074665838939, 40.644646507056713 ], [ -74.179587137214099, 40.641917683464236 ], [ -74.179187280672934, 40.642987538991513 ], [ -74.178256621458942, 40.642129227365793 ], [ -74.17721118570951, 40.643122778603264 ], [ -74.176704891511747, 40.64241691128418 ], [ -74.176357866175337, 40.642327220563061 ], [ -74.176667955382456, 40.643386844771804 ], [ -74.175602509542969, 40.643311298170019 ], [ -74.175684707425773, 40.644710284895254 ], [ -74.174365729434768, 40.645136258143033 ], [ -74.172941238917858, 40.644204523358624 ], [ -74.172721453051892, 40.64294849899678 ], [ -74.171335872816769, 40.642855764549566 ], [ -74.171587219237352, 40.641029593394677 ], [ -74.172023158522208, 40.640989214657907 ], [ -74.172938961754014, 40.640579552697588 ], [ -74.172987988003115, 40.64048910506645 ], [ -74.171569946854234, 40.641011532092946 ], [ -74.171373822844032, 40.642085014766636 ], [ -74.1710501724002, 40.642593819632722 ], [ -74.171192608852294, 40.641739626515132 ], [ -74.169064316288654, 40.642130016798774 ], [ -74.166533757929628, 40.641422638386409 ], [ -74.16609989896034, 40.642406587001389 ], [ -74.16580110755902, 40.641224511449678 ], [ -74.164941390411826, 40.642208999889483 ], [ -74.165190417581115, 40.640642305276984 ], [ -74.164734265369304, 40.640391467527593 ], [ -74.164571323667275, 40.641418661596077 ], [ -74.164168868135079, 40.639994109727937 ], [ -74.16386249420357, 40.641052797343974 ], [ -74.163944913665759, 40.639914605816159 ], [ -74.163245779325038, 40.640957419185781 ], [ -74.161675346942346, 40.640610784766977 ], [ -74.162284652519631, 40.63876565226991 ], [ -74.161449178267702, 40.639428336668509 ], [ -74.16124015814863, 40.638595010611205 ], [ -74.160904907703923, 40.639386140816192 ], [ -74.161081617589062, 40.638567768312711 ], [ -74.160348199930453, 40.638443725951078 ], [ -74.15986410465041, 40.639927823692965 ], [ -74.160224664532208, 40.638339061840483 ], [ -74.159856977677805, 40.638729201717055 ], [ -74.15922711556972, 40.637796119758129 ], [ -74.15900957887429, 40.638822577909984 ], [ -74.157892629538807, 40.637965051231298 ], [ -74.157733525723486, 40.638879035165488 ], [ -74.157773659367905, 40.637957159243669 ], [ -74.154829324618561, 40.637723855418976 ], [ -74.154692638645258, 40.639193968114398 ], [ -74.154596701634432, 40.637343344571811 ], [ -74.152797035114034, 40.637132754852729 ], [ -74.152297861755017, 40.638274288263759 ], [ -74.151195450072919, 40.637730789038933 ], [ -74.151248279664571, 40.63940934238353 ], [ -74.151129650904849, 40.638500680074088 ], [ -74.149447329000509, 40.637405399485672 ], [ -74.148881755437699, 40.638705207973416 ], [ -74.148558150262303, 40.637437837528289 ], [ -74.148777920058848, 40.638876251127911 ], [ -74.14386163595745, 40.638887962514268 ], [ -74.143128023770899, 40.639680373128606 ], [ -74.143599982043213, 40.638514125689269 ], [ -74.144782289076574, 40.637953780801176 ], [ -74.147526189638327, 40.629389288300359 ], [ -74.146222026609379, 40.629106957187616 ], [ -74.145439397970918, 40.627886598154362 ], [ -74.146385936908771, 40.624200989172756 ], [ -74.15198995749482, 40.617478022560896 ], [ -74.153684274478877, 40.612349682135246 ], [ -74.163129993400773, 40.61884698223502 ], [ -74.168123051355991, 40.621048031221299 ], [ -74.174661012655406, 40.622509025029437 ], [ -74.181799074636501, 40.627845436594455 ], [ -74.196203595503079, 40.634686050233924 ], [ -74.19449480774604, 40.636449522450675 ], [ -74.194623100793635, 40.637391184067582 ], [ -74.19358317695, 40.637469117387418 ], [ -74.186524968977395, 40.643388662674198 ], [ -74.184835945809866, 40.644128266841506 ], [ -74.18365067064201, 40.642239641553431 ], [ -74.183667458720095, 40.644610485050272 ], [ -74.180040779492302, 40.644288140673844 ], [ -74.179895683398968, 40.645268795975689 ] ] ] ] } },
{ "type": "Feature", "properties": { "NTA2020": "SI0191", "NTAName": "Snug Harbor", "NTAType": "9", "BoroName": "Staten Island" }, "geometry": { "type": "Polygon", "coordinates": [ [ [ -74.100132191874579, 40.645064051455883 ], [ -74.100902731387436, 40.644773235425575 ], [ -74.099716002402545, 40.644758871161692 ], [ -74.099569388415233, 40.643155282117526 ], [ -74.100391665799393, 40.643118366158909 ], [ -74.099904096045307, 40.640162954613956 ], [ -74.105422864893953, 40.638898967615489 ], [ -74.106546525781383, 40.644241296953602 ], [ -74.107797780280521, 40.645226161950802 ], [ -74.104123563017453, 40.645740432200306 ], [ -74.100132191874579, 40.645064051455883 ] ] ] } },
{ "type": "Feature", "properties": { "NTA2020": "SI0201", "NTAName": "Grasmere-Arrochar-South Beach-Dongan Hills", "NTAType": "0", "BoroName": "Staten Island" }, "geometry": { "type": "Polygon", "coordinates": [ [ [ -74.073607985864854, 40.605504957137171 ], [ -74.061956178680774, 40.601236456452661 ], [ -74.061084139940775, 40.599816393848151 ], [ -74.06375933292199, 40.598934859522373 ], [ -74.059641205962066, 40.593709389063335 ], [ -74.065033323561806, 40.588990997865473 ], [ -74.064360037212481, 40.588267891174986 ], [ -74.067222768168833, 40.586734449257733 ], [ -74.070963101820411, 40.583181990402828 ], [ -74.07149180521229, 40.582168782652637 ], [ -74.070657815378155, 40.581625625037915 ], [ -74.07177638431078, 40.581876534159072 ], [ -74.074994130735149, 40.579236557416507 ], [ -74.073320324964982, 40.578457333008672 ], [ -74.073502638905396, 40.578196640060838 ], [ -74.07508288192615, 40.579160158755798 ], [ -74.075798195407117, 40.578309250650811 ], [ -74.075346225824617, 40.577887970074521 ], [ -74.088495964734022, 40.584788424160969 ], [ -74.089121479298754, 40.584142561194163 ], [ -74.092615968106045, 40.585939810669416 ], [ -74.098440008025477, 40.581241706007553 ], [ -74.105257753869154, 40.585921436740975 ], [ -74.100882515087804, 40.590179216145273 ], [ -74.100925761993949, 40.592350749079088 ], [ -74.100094377974813, 40.593660501754329 ], [ -74.093754536873291, 40.596744890307988 ], [ -74.091782573008203, 40.598719239311521 ], [ -74.092900363616423, 40.601358872717427 ], [ -74.092719091957562, 40.606362124201993 ], [ -74.090557112167261, 40.609001151342376 ], [ -74.083710910420663, 40.606441259319737 ], [ -74.073607985864854, 40.605504957137171 ] ] ] } },
{ "type": "Feature", "properties": { "NTA2020": "SI0202", "NTAName": "New Dorp-Midland Beach", "NTAType": "0", "BoroName": "Staten Island" }, "geometry": { "type": "Polygon", "coordinates": [ [ [ -74.07601596977959, 40.578244912793025 ], [ -74.079263212569089, 40.575671292205875 ], [ -74.078679339389154, 40.575081825223528 ], [ -74.079336405382577, 40.57562720401706 ], [ -74.080178674420495, 40.575180418259656 ], [ -74.08469075903615, 40.571477914443172 ], [ -74.08813355233562, 40.572827720227423 ], [ -74.092770581362004, 40.567943411274065 ], [ -74.104709790100586, 40.574005940076219 ], [ -74.108740178786263, 40.569916494851896 ], [ -74.094070710436228, 40.56273162013202 ], [ -74.095423717963271, 40.563154635568758 ], [ -74.09629202201873, 40.562420830773398 ], [ -74.098197672619975, 40.559836477307392 ], [ -74.097848159882716, 40.559033669091853 ], [ -74.100095491443568, 40.55895344562343 ], [ -74.113761611294876, 40.566497190110134 ], [ -74.116363362768908, 40.5639156379874 ], [ -74.124899042186158, 40.568949142948931 ], [ -74.121445355740946, 40.571775614681961 ], [ -74.121537289061422, 40.575153252579597 ], [ -74.109248354761917, 40.58267841303681 ], [ -74.105257753869196, 40.585921436740975 ], [ -74.098440008025534, 40.581241706007518 ], [ -74.092615968106088, 40.585939810669416 ], [ -74.089121479298811, 40.584142561194163 ], [ -74.088495964734022, 40.584788424160969 ], [ -74.07601596977959, 40.578244912793025 ] ] ] } },
{ "type": "Feature", "properties": { "NTA2020": "SI0203", "NTAName": "Todt Hill-Emerson Hill-Lighthouse Hill-Manor Heights", "NTAType": "0", "BoroName": "Staten Island" }, "geometry": { "type": "Polygon", "coordinates": [ [ [ -74.108985953050905, 40.610124954942563 ], [ -74.094335004586981, 40.610328012156998 ], [ -74.090557112167303, 40.609001151342333 ], [ -74.092719091957562, 40.606362124201993 ], [ -74.092900363616451, 40.601358872717441 ], [ -74.09178257300826, 40.598719239311521 ], [ -74.093754536873291, 40.596744890307988 ], [ -74.10009437797487, 40.593660501754293 ], [ -74.101494822137283, 40.589344261005124 ], [ -74.109248354761917, 40.58267841303681 ], [ -74.121537289061422, 40.575153252579597 ], [ -74.12706746958176, 40.576405219172173 ], [ -74.127734934165105, 40.575206624554959 ], [ -74.132784361878677, 40.5734790942332 ], [ -74.14418588119743, 40.572037410508742 ], [ -74.144387449388248, 40.569706101171121 ], [ -74.147901421709321, 40.570889581108482 ], [ -74.157259740857569, 40.56255331937416 ], [ -74.164941492937018, 40.560111797638911 ], [ -74.169825822506027, 40.561090421276809 ], [ -74.169828600603964, 40.570834448505202 ], [ -74.152308055766909, 40.580579303157315 ], [ -74.147274836530073, 40.585012222000479 ], [ -74.146321310595795, 40.586069297594889 ], [ -74.145419950014443, 40.591467024354898 ], [ -74.140022272398042, 40.598596533587759 ], [ -74.140462279052414, 40.603069980524886 ], [ -74.147140970299489, 40.605584834735438 ], [ -74.147230212546276, 40.608263022096068 ], [ -74.143544992339642, 40.6076811535684 ], [ -74.128758993506551, 40.608495794410835 ], [ -74.115640325826959, 40.61109610432456 ], [ -74.108985953050905, 40.610124954942563 ] ] ] } },
{ "type": "Feature", "properties": { "NTA2020": "SI0204", "NTAName": "New Springville-Willowbrook-Bulls Head-Travis", "NTAType": "0", "BoroName": "Staten Island" }, "geometry": { "type": "Polygon", "coordinates": [ [ [ -74.163129993400773, 40.61884698223502 ], [ -74.147230212546276, 40.608263022096068 ], [ -74.147140636329368, 40.605584599114238 ], [ -74.140462279052414, 40.603069980524886 ], [ -74.140022272398042, 40.598596533587759 ], [ -74.145419950014443, 40.591467024354898 ], [ -74.146321310595795, 40.586069297594889 ], [ -74.152308055766909, 40.580579303157315 ], [ -74.169828600603964, 40.570834448505202 ], [ -74.169623448769897, 40.578429044925855 ], [ -74.167962939193416, 40.588304029171034 ], [ -74.163419921270616, 40.592444235343329 ], [ -74.163602681592863, 40.593374199160394 ], [ -74.168863622316337, 40.594728086651358 ], [ -74.167196347647049, 40.602075311627729 ], [ -74.172561030142504, 40.602977765708964 ], [ -74.178224572216948, 40.599828060947424 ], [ -74.179544402045778, 40.596745398753235 ], [ -74.186503918165954, 40.589439250393269 ], [ -74.184778634812133, 40.589028183819003 ], [ -74.185385856174094, 40.587599653512925 ], [ -74.1907685232148, 40.585127468322625 ], [ -74.191317834595154, 40.585704488950711 ], [ -74.194232613255608, 40.585146806923724 ], [ -74.199649812058539, 40.582262627019006 ], [ -74.200583999594457, 40.579511001417792 ], [ -74.206028411108363, 40.579764267650624 ], [ -74.204400764336924, 40.58371294584213 ], [ -74.204122009747323, 40.58888147441251 ], [ -74.204646089432103, 40.589285745466015 ], [ -74.202014055332896, 40.59089579862264 ], [ -74.202467759565849, 40.590838824857535 ], [ -74.203052549116549, 40.591140542312623 ], [ -74.202027339208527, 40.590999079794749 ], [ -74.202316457681718, 40.591523964600306 ], [ -74.199740609769989, 40.593564669041314 ], [ -74.197513577187109, 40.596798986036937 ], [ -74.19730619713819, 40.598059522241115 ], [ -74.198759582052986, 40.601711975176428 ], [ -74.202218498512096, 40.605969680119266 ], [ -74.202816283745918, 40.608270827967502 ], [ -74.202443744493721, 40.613284693429549 ], [ -74.200453244444816, 40.616327996806532 ], [ -74.201069974690824, 40.620381539772623 ], [ -74.200428001919207, 40.620495411017011 ], [ -74.20163201104117, 40.623121565457588 ], [ -74.200791693845446, 40.630350124318518 ], [ -74.200400531182908, 40.631459467819894 ], [ -74.196785306321175, 40.633392239771965 ], [ -74.196203595503079, 40.634686050233924 ], [ -74.181799074636501, 40.627845436594455 ], [ -74.174661012655406, 40.622509025029437 ], [ -74.168123051355991, 40.621048031221299 ], [ -74.163129993400773, 40.61884698223502 ] ] ] } },
{ "type": "Feature", "properties": { "NTA2020": "SI0291", "NTAName": "Freshkills Park (North)", "NTAType": "9", "BoroName": "Staten Island" }, "geometry": { "type": "Polygon", "coordinates": [ [ [ -74.169623448769897, 40.578429044925855 ], [ -74.169825822506027, 40.561090421276809 ], [ -74.177580366570311, 40.563755440905773 ], [ -74.179369199156994, 40.570548314404284 ], [ -74.184402578689316, 40.573006983143813 ], [ -74.189039895126044, 40.572666506645739 ], [ -74.189557998398357, 40.576270001225026 ], [ -74.200583999594457, 40.579511001417792 ], [ -74.199649812058539, 40.582262627019006 ], [ -74.194232613255608, 40.585146806923724 ], [ -74.191317834595154, 40.585704488950711 ], [ -74.1907685232148, 40.585127468322625 ], [ -74.185385856174094, 40.587599653512925 ], [ -74.184778634812133, 40.589028183819003 ], [ -74.186503918165954, 40.589439250393269 ], [ -74.179544402045778, 40.596745398753235 ], [ -74.178224572216948, 40.599828060947424 ], [ -74.172561030142504, 40.602977765708964 ], [ -74.167196347647049, 40.602075311627729 ], [ -74.168863622316337, 40.594728086651358 ], [ -74.163602681592863, 40.593374199160394 ], [ -74.163419921270616, 40.592444235343329 ], [ -74.167962939193416, 40.588304029171034 ], [ -74.169623448769897, 40.578429044925855 ] ] ] } },
{ "type": "Feature", "properties": { "NTA2020": "SI0301", "NTAName": "Oakwood-Richmondtown", "NTAType": "0", "BoroName": "Staten Island" }, "geometry": { "type": "Polygon", "coordinates": [ [ [ -74.121537289061422, 40.575153252579653 ], [ -74.121445355740946, 40.571775614681961 ], [ -74.124899042186158, 40.568949142948931 ], [ -74.116363362768908, 40.563915637987442 ], [ -74.113761611294819, 40.566497190110191 ], [ -74.100095491443568, 40.558953445623459 ], [ -74.101846376747034, 40.556216988780186 ], [ -74.10140516844865, 40.555538525662676 ], [ -74.103098391115324, 40.555904641451335 ], [ -74.104844476363382, 40.553025814556449 ], [ -74.106563611012604, 40.55418692754818 ], [ -74.107686234639829, 40.553976670975125 ], [ -74.113010459727747, 40.54778006593417 ], [ -74.114942028330972, 40.549588650115872 ], [ -74.11656289990475, 40.549127742228364 ], [ -74.119458591593769, 40.552221906046107 ], [ -74.127300577341842, 40.557295173119051 ], [ -74.133210024627317, 40.552383876379643 ], [ -74.138850926837208, 40.556951179870552 ], [ -74.135613001655656, 40.558980027287539 ], [ -74.131736228836616, 40.564539519637961 ], [ -74.144387449388248, 40.569706101171121 ], [ -74.144185881197387, 40.572037410508798 ], [ -74.13278436187862, 40.5734790942332 ], [ -74.127734934165062, 40.575206624554959 ], [ -74.12706746958176, 40.576405219172173 ], [ -74.121537289061422, 40.575153252579653 ] ] ] } },
{ "type": "Feature", "properties": { "NTA2020": "SI0302", "NTAName": "Great Kills-Eltingville", "NTAType": "0", "BoroName": "Staten Island" }, "geometry": { "type": "Polygon", "coordinates": [ [ [ -74.147901421709321, 40.570889581108482 ], [ -74.131736228836616, 40.564539519637961 ], [ -74.135613001655656, 40.558980027287539 ], [ -74.138850926837208, 40.556951179870552 ], [ -74.133168259333402, 40.552356179160221 ], [ -74.13865265777541, 40.548485817448487 ], [ -74.135857124563273, 40.546451696213708 ], [ -74.137179871298699, 40.545792864660783 ], [ -74.136115407240538, 40.545019845680066 ], [ -74.137192875198195, 40.545784295202836 ], [ -74.137508335088455, 40.5455775572389 ], [ -74.136589070710571, 40.544845486096115 ], [ -74.136873486308644, 40.544682593910217 ], [ -74.137949660505484, 40.546000336575652 ], [ -74.138869513405226, 40.545130198110087 ], [ -74.137624307452427, 40.544253566921029 ], [ -74.138755347035598, 40.544933958929619 ], [ -74.137867985245336, 40.544052544131112 ], [ -74.139033071785221, 40.544704909797673 ], [ -74.139539379157455, 40.544295140872336 ], [ -74.138341512886143, 40.543551827809075 ], [ -74.13956971698569, 40.544272274830746 ], [ -74.139836977860952, 40.544052462341043 ], [ -74.13870632397385, 40.543291411337172 ], [ -74.138906365394519, 40.543131777602504 ], [ -74.14038573073617, 40.544033185008075 ], [ -74.139219934858858, 40.543166085138104 ], [ -74.140295719472746, 40.543640457658292 ], [ -74.139361328040266, 40.542825863998893 ], [ -74.140627155669549, 40.543113029692705 ], [ -74.139631690742718, 40.54254109806898 ], [ -74.139858598916788, 40.542357175129375 ], [ -74.140646148699275, 40.543094215404906 ], [ -74.141324267943531, 40.543094134333003 ], [ -74.140165100374574, 40.542366218433678 ], [ -74.140335282296462, 40.542228208757152 ], [ -74.14020723540699, 40.542365224299338 ], [ -74.141410735604083, 40.543022415080557 ], [ -74.140262904007017, 40.541961511522778 ], [ -74.141349013796003, 40.542577523131769 ], [ -74.141797199570519, 40.542200415382567 ], [ -74.140639841721338, 40.541694542037511 ], [ -74.140958168328879, 40.541432077965162 ], [ -74.142296322462656, 40.542257849658306 ], [ -74.141728926512926, 40.539339484097255 ], [ -74.142265130079991, 40.538140353664929 ], [ -74.141041579163343, 40.537346884462259 ], [ -74.142185748416651, 40.537917777286481 ], [ -74.141582876250183, 40.537087577953393 ], [ -74.143833856853391, 40.537136911849835 ], [ -74.144740698135763, 40.535801044211411 ], [ -74.149217331980964, 40.53424158776194 ], [ -74.150695535524079, 40.532545838938191 ], [ -74.1559900025442, 40.529419602714746 ], [ -74.15618731852328, 40.528611371091898 ], [ -74.157018619462718, 40.528977655809754 ], [ -74.159701345200872, 40.52729599232913 ], [ -74.168728990498138, 40.539526259098388 ], [ -74.169095354909501, 40.541027432598575 ], [ -74.180731025063437, 40.546679815299925 ], [ -74.171851664568564, 40.561520923021405 ], [ -74.164941492937018, 40.560111797638953 ], [ -74.157411367396378, 40.56249856675781 ], [ -74.147901421709321, 40.570889581108482 ] ] ] } },
{ "type": "Feature", "properties": { "NTA2020": "SI0303", "NTAName": "Arden Heights-Rossville", "NTAType": "0", "BoroName": "Staten Island" }, "geometry": { "type": "Polygon", "coordinates": [ [ [ -74.183623708384999, 40.565368264815511 ], [ -74.171851664568564, 40.561520923021405 ], [ -74.180731025063437, 40.546679815299896 ], [ -74.187573473427705, 40.550147682936064 ], [ -74.197307590511187, 40.543262046228975 ], [ -74.206990180707095, 40.541746680181284 ], [ -74.217788930069503, 40.541125401605967 ], [ -74.221315626496505, 40.550253074360548 ], [ -74.217783775541321, 40.553049188031792 ], [ -74.21756752792291, 40.554585810924088 ], [ -74.20699885216024, 40.557567489104137 ], [ -74.203228646034276, 40.556081142270386 ], [ -74.20091501274085, 40.556005261052 ], [ -74.193529125485284, 40.562425595832813 ], [ -74.19091666329804, 40.562619665104911 ], [ -74.183623708384999, 40.565368264815511 ] ] ] } },
{ "type": "Feature", "properties": { "NTA2020": "SI0304", "NTAName": "Annadale-Huguenot-Prince's Bay-Woodrow", "NTAType": "0", "BoroName": "Staten Island" }, "geometry": { "type": "Polygon", "coordinates": [ [ [ -74.187573473427648, 40.550147682936064 ], [ -74.169095354909501, 40.541027432598575 ], [ -74.168728990498138, 40.539526259098388 ], [ -74.159882769484923, 40.527369358159625 ], [ -74.162271961086404, 40.527194261805953 ], [ -74.169997111614734, 40.523045772452591 ], [ -74.172696672630138, 40.522968735523783 ], [ -74.177582955222391, 40.519230867368826 ], [ -74.181051927469639, 40.520663254540779 ], [ -74.184831164798993, 40.519341359103592 ], [ -74.195213399990678, 40.509977652955889 ], [ -74.199672053593744, 40.511426850479843 ], [ -74.200059256168188, 40.512619372038472 ], [ -74.199073070954825, 40.513083884537203 ], [ -74.208203705746016, 40.511638980458009 ], [ -74.217547550298391, 40.50336004949213 ], [ -74.221841443871256, 40.502538417356398 ], [ -74.222084998532793, 40.504272001415799 ], [ -74.223115998877304, 40.504843999992197 ], [ -74.223215823392565, 40.508658610814074 ], [ -74.226723287728205, 40.519163320588795 ], [ -74.223795957936304, 40.518196345929077 ], [ -74.224997658530725, 40.520460661350832 ], [ -74.223594126599409, 40.526305925294103 ], [ -74.224475141117594, 40.53890806628754 ], [ -74.223427510719873, 40.543604332164193 ], [ -74.220645360370852, 40.5485915096749 ], [ -74.217788930069446, 40.541125401606003 ], [ -74.206990180707095, 40.541746680181319 ], [ -74.19730759051113, 40.543262046228975 ], [ -74.187573473427648, 40.550147682936064 ] ] ] } },
{ "type": "Feature", "properties": { "NTA2020": "SI0305", "NTAName": "Tottenville-Charleston", "NTAType": "0", "BoroName": "Staten Island" }, "geometry": { "type": "Polygon", "coordinates": [ [ [ -74.214992569647663, 40.556794932796102 ], [ -74.205696050255469, 40.558516005602939 ], [ -74.21773358199421, 40.554457170148318 ], [ -74.217783775541321, 40.553049188031828 ], [ -74.221315626496505, 40.550253074360548 ], [ -74.220645360370852, 40.5485915096749 ], [ -74.223129736329554, 40.54432399087672 ], [ -74.224322170368978, 40.540164505726871 ], [ -74.223594126599409, 40.526305925294103 ], [ -74.224997658530725, 40.520460661350832 ], [ -74.223795957936304, 40.518196345929077 ], [ -74.226723287728205, 40.519163320588795 ], [ -74.226694614625629, 40.518548726760073 ], [ -74.223215823392565, 40.508658610814074 ], [ -74.223115998877304, 40.504843999992197 ], [ -74.222084998532793, 40.504272001415799 ], [ -74.221841443871256, 40.502538417356398 ], [ -74.225070578131607, 40.501764645163682 ], [ -74.227294135179662, 40.502297499121688 ], [ -74.231244432443603, 40.501826860821751 ], [ -74.23678845614225, 40.500000835465784 ], [ -74.239848512366422, 40.497583013138154 ], [ -74.244327982524311, 40.497546740209863 ], [ -74.246761027741897, 40.496133987612041 ], [ -74.249642194795911, 40.496837954831236 ], [ -74.251104114856119, 40.49893419735173 ], [ -74.253161245011597, 40.500125376216374 ], [ -74.254720276114028, 40.502965200657187 ], [ -74.255531858547627, 40.507861228852057 ], [ -74.253689118810613, 40.509425596439364 ], [ -74.254646512629051, 40.509826245924614 ], [ -74.254526217322365, 40.50997301488114 ], [ -74.253315798051318, 40.509861504541185 ], [ -74.253526850769006, 40.511677766534667 ], [ -74.253036353817393, 40.511433160961523 ], [ -74.2519519748828, 40.512997002044827 ], [ -74.252125913970602, 40.513710379800152 ], [ -74.250111710569954, 40.515044819855298 ], [ -74.250560072718201, 40.516106740530034 ], [ -74.249215286760958, 40.515084861299449 ], [ -74.249941588080361, 40.516137488191191 ], [ -74.248545892916709, 40.516169917148666 ], [ -74.249407707889091, 40.516980830418674 ], [ -74.248514490560311, 40.517475626265238 ], [ -74.247518118355316, 40.515735864778854 ], [ -74.246440396509485, 40.515965027503512 ], [ -74.246995569965875, 40.517182085195735 ], [ -74.246478997055078, 40.51668732771364 ], [ -74.245208614625, 40.517289743625696 ], [ -74.245634731699397, 40.518075580745979 ], [ -74.242324778332758, 40.518326525021941 ], [ -74.239822583167708, 40.520090711443963 ], [ -74.242932350363233, 40.521227160630374 ], [ -74.242801569438896, 40.52400729679087 ], [ -74.243965007586766, 40.524905365835473 ], [ -74.241507333228967, 40.531041342795312 ], [ -74.24204570286004, 40.534346377050639 ], [ -74.244147825386975, 40.536881409917228 ], [ -74.245336511762375, 40.536905994937413 ], [ -74.244427489220328, 40.538016433399129 ], [ -74.245602056983245, 40.540949594577548 ], [ -74.248034637356881, 40.543093240441635 ], [ -74.243363465529484, 40.547865135738611 ], [ -74.242203184630668, 40.546948677295191 ], [ -74.240391828100513, 40.547663310173967 ], [ -74.236414596610857, 40.550508223953969 ], [ -74.236399620864987, 40.552335333192154 ], [ -74.234898658009797, 40.553005217174075 ], [ -74.233324000803179, 40.552509143566105 ], [ -74.230710361982943, 40.555557594761723 ], [ -74.229319541858857, 40.555491587465539 ], [ -74.228332143720067, 40.556390354311652 ], [ -74.222574868013709, 40.555406209779832 ], [ -74.220867150934012, 40.555940202277952 ], [ -74.219743569307226, 40.554612672072665 ], [ -74.219080608995114, 40.554847002700711 ], [ -74.219337012791499, 40.55569136748381 ], [ -74.219217163710937, 40.555796970381415 ], [ -74.218593257828076, 40.554674210247981 ], [ -74.218750368805601, 40.556027740537459 ], [ -74.217753423917372, 40.555005284776371 ], [ -74.214740531988141, 40.556242389132329 ], [ -74.214992569647663, 40.556794932796102 ] ] ] } },
{ "type": "Feature", "properties": { "NTA2020": "SI0391", "NTAName": "Freshkills Park (South)", "NTAType": "9", "BoroName": "Staten Island" }, "geometry": { "type": "Polygon", "coordinates": [ [ [ -74.202949999144892, 40.580102000751623 ], [ -74.1895579983983, 40.576270001225062 ], [ -74.189039895126044, 40.572666506645739 ], [ -74.184402578689316, 40.573006983143848 ], [ -74.179369199156994, 40.570548314404327 ], [ -74.177580366570311, 40.563755440905815 ], [ -74.182958159453079, 40.56548020091099 ], [ -74.190916663297955, 40.562619665104961 ], [ -74.193173882982606, 40.56260434487514 ], [ -74.201164678795081, 40.555941756531048 ], [ -74.206998852160197, 40.557567489104173 ], [ -74.205696050255469, 40.558516005602939 ], [ -74.213240314088281, 40.556672624241038 ], [ -74.211174402600903, 40.560459882355282 ], [ -74.210726676911577, 40.565273911864914 ], [ -74.208017053156667, 40.570517957904734 ], [ -74.206028411108321, 40.579764267650624 ], [ -74.202949999144892, 40.580102000751623 ] ] ] } },
{ "type": "Feature", "properties": { "NTA2020": "SI9561", "NTAName": "Fort Wadsworth", "NTAType": "6", "BoroName": "Staten Island" }, "geometry": { "type": "Polygon", "coordinates": [ [ [ -74.059747346276339, 40.59384861207068 ], [ -74.063759332922061, 40.598934859522373 ], [ -74.061084139940832, 40.599816393848151 ], [ -74.06195617868083, 40.601236456452625 ], [ -74.06397858489224, 40.602143958328028 ], [ -74.065170911848867, 40.604213509349449 ], [ -74.056771816371665, 40.607899540088184 ], [ -74.056010414109167, 40.606780566634775 ], [ -74.05381069805442, 40.605912718853183 ], [ -74.05342199900808, 40.600516071041646 ], [ -74.052228268882573, 40.59977610230407 ], [ -74.054474223339056, 40.598755539548627 ], [ -74.059747346276339, 40.59384861207068 ] ] ] } },
{ "type": "Feature", "properties": { "NTA2020": "SI9591", "NTAName": "Hoffman & Swinburne Islands", "NTAType": "9", "BoroName": "Staten Island" }, "geometry": { "type": "MultiPolygon", "coordinates": [ [ [ [ -74.051071598037765, 40.566722493397982 ], [ -74.04931640362085, 40.565887747780614 ], [ -74.049236298420823, 40.565362736870888 ], [ -74.050026200927761, 40.565318181124205 ], [ -74.051071598037765, 40.566722493397982 ] ] ], [ [ [ -74.053140368210265, 40.57770271454077 ], [ -74.054060449399131, 40.577116445741645 ], [ -74.054897782108029, 40.577782440920011 ], [ -74.05484560052173, 40.579945791427789 ], [ -74.053686291504178, 40.580548759614608 ], [ -74.052931906398157, 40.579902474666049 ], [ -74.053140368210265, 40.57770271454077 ] ] ] ] } },
{ "type": "Feature", "properties": { "NTA2020": "SI9592", "NTAName": "Miller Field", "NTAType": "9", "BoroName": "Staten Island" }, "geometry": { "type": "Polygon", "coordinates": [ [ [ -74.08469075947518, 40.571477914191568 ], [ -74.086912636532233, 40.568985842683766 ], [ -74.086216322241953, 40.568532697644706 ], [ -74.087250783161053, 40.569081678193101 ], [ -74.089249060751314, 40.56701557053492 ], [ -74.09054960106333, 40.567083597211493 ], [ -74.094070710436171, 40.56273162013202 ], [ -74.108740178786263, 40.569916494851896 ], [ -74.104709790100529, 40.574005940076269 ], [ -74.092770581362004, 40.567943411274065 ], [ -74.087697375080168, 40.573061884544025 ], [ -74.08469075947518, 40.571477914191568 ] ] ] } },
{ "type": "Feature", "properties": { "NTA2020": "SI9593", "NTAName": "Great Kills Park", "NTAType": "9", "BoroName": "Staten Island" }, "geometry": { "type": "Polygon", "coordinates": [ [ [ -74.113383405284239, 40.548073375151766 ], [ -74.116545321769792, 40.547872393146797 ], [ -74.119864455054369, 40.545427351026106 ], [ -74.122213776191614, 40.545063383376302 ], [ -74.133564434981395, 40.531511175308403 ], [ -74.136907990762481, 40.529281918380242 ], [ -74.138883375387948, 40.529960680034286 ], [ -74.140610927031204, 40.534130600190331 ], [ -74.140255757242983, 40.535443547853419 ], [ -74.133953132434726, 40.535566460200094 ], [ -74.131195456893906, 40.537872408774739 ], [ -74.131813872017688, 40.538307358685898 ], [ -74.132424385133191, 40.537774960735121 ], [ -74.13191182124632, 40.537532840977207 ], [ -74.133391873773377, 40.536957984347737 ], [ -74.132874382809987, 40.536719632302564 ], [ -74.133035088395317, 40.536574875626073 ], [ -74.133860541402782, 40.536597961991433 ], [ -74.129969342030847, 40.539967769614314 ], [ -74.1296837544282, 40.539471719593379 ], [ -74.130521642830473, 40.539425558119817 ], [ -74.130002728150515, 40.539172394161291 ], [ -74.13179350815561, 40.538325991489323 ], [ -74.131164663126754, 40.537900135869286 ], [ -74.128133262713902, 40.54055296599784 ], [ -74.127387895777119, 40.54229542965966 ], [ -74.127629940381794, 40.543608893618348 ], [ -74.130114047150826, 40.545975725630747 ], [ -74.133086643658757, 40.546834295093028 ], [ -74.135857123466266, 40.546451696717639 ], [ -74.13865265777541, 40.548485817448487 ], [ -74.127300577341842, 40.557295173119051 ], [ -74.119458591593769, 40.552221906046107 ], [ -74.11656289990475, 40.549127742228364 ], [ -74.114942028330972, 40.549588650115872 ], [ -74.113383405284239, 40.548073375151766 ] ] ] } }
]
}
