MeasureID,GeoID,GeoType,TimePeriodID,Value,CI,Note,DisplayValue,indicator_id,indicator_label,measure_label,year
1195,101,UHF42,9,124.0,,,124,2379,asthma_ed_children,count,2005
1195,101,UHF42,10,116.0,,,116,2379,asthma_ed_children,count,2006
1195,101,UHF42,11,132.0,,,132,2379,asthma_ed_children,count,2007
1195,101,UHF42,12,126.0,,,126,2379,asthma_ed_children,count,2008
1195,101,UHF42,13,153.0,,,153,2379,asthma_ed_children,count,2009
1195,101,UHF42,14,150.0,,,150,2379,asthma_ed_children,count,2010
1195,101,UHF42,38,160.0,,,160,2379,asthma_ed_children,count,2011
1195,101,UHF42,39,201.0,,,201,2379,asthma_ed_children,count,2012
1195,101,UHF42,40,272.0,,,272,2379,asthma_ed_children,count,2013
1195,101,UHF42,41,258.0,,,258,2379,asthma_ed_children,count,2014
1195,101,UHF42,44,235.0,,,235,2379,asthma_ed_children,count,2015
1195,101,UHF42,45,214.0,,,214,2379,asthma_ed_children,count,2016
1195,101,UHF42,46,165.0,,,165,2379,asthma_ed_children,count,2017
1195,101,UHF42,47,169.0,,,169,2379,asthma_ed_children,count,2018
1195,101,UHF42,48,137.0,,,137,2379,asthma_ed_children,count,2019
1195,101,UHF42,49,49.0,,"The start of COVID-19 in Spring 2020 reduced the overall volume of ED visits, including those for asthma, which may have contributed to decreases in asthma ED visit and hospitalization counts and rates in 2020.",49,2379,asthma_ed_children,count,2020
1195,101,UHF42,289,73.0,,,73,2379,asthma_ed_children,count,2021
1195,101,UHF42,296,118.0,,,118,2379,asthma_ed_children,count,2022
1195,101,UHF42,298,155.0,,,155,2379,asthma_ed_children,count,2023
1195,102,UHF42,9,654.0,,,654,2379,asthma_ed_children,count,2005
1195,102,UHF42,10,772.0,,,772,2379,asthma_ed_children,count,2006
1195,102,UHF42,11,731.0,,,731,2379,asthma_ed_children,count,2007
1195,102,UHF42,12,794.0,,,794,2379,asthma_ed_children,count,2008
1195,102,UHF42,13,504.0,,,504,2379,asthma_ed_children,count,2009
1195,102,UHF42,14,483.0,,,483,2379,asthma_ed_children,count,2010
1195,102,UHF42,38,520.0,,,520,2379,asthma_ed_children,count,2011
1195,102,UHF42,39,842.0,,,842,2379,asthma_ed_children,count,2012
1195,102,UHF42,40,1184.0,,,"1,184",2379,asthma_ed_children,count,2013
1195,102,UHF42,41,1140.0,,,"1,140",2379,asthma_ed_children,count,2014
1195,102,UHF42,44,989.0,,,989,2379,asthma_ed_children,count,2015
1195,102,UHF42,45,942.0,,,942,2379,asthma_ed_children,count,2016
1195,102,UHF42,46,807.0,,,807,2379,asthma_ed_children,count,2017
1195,102,UHF42,47,672.0,,,672,2379,asthma_ed_children,count,2018
1195,102,UHF42,48,638.0,,,638,2379,asthma_ed_children,count,2019
1195,102,UHF42,49,251.0,,"The start of COVID-19 in Spring 2020 reduced the overall volume of ED visits, including those for asthma, which may have contributed to decreases in asthma ED visit and hospitalization counts and rates in 2020.",251,2379,asthma_ed_children,count,2020
1195,102,UHF42,289,370.0,,,370,2379,asthma_ed_children,count,2021
1195,102,UHF42,296,576.0,,,576,2379,asthma_ed_children,count,2022
1195,102,UHF42,298,543.0,,,543,2379,asthma_ed_children,count,2023
1195,103,UHF42,9,1165.0,,,"1,165",2379,asthma_ed_children,count,2005
1195,103,UHF42,10,1186.0,,,"1,186",2379,asthma_ed_children,count,2006
1195,103,UHF42,11,1209.0,,,"1,209",2379,asthma_ed_children,count,2007
1195,103,UHF42,12,1123.0,,,"1,123",2379,asthma_ed_children,count,2008
1195,103,UHF42,13,1286.0,,,"1,286",2379,asthma_ed_children,count,2009
1195,103,UHF42,14,1173.0,,,"1,173",2379,asthma_ed_children,count,2010
1195,103,UHF42,38,1209.0,,,"1,209",2379,asthma_ed_children,count,2011
1195,103,UHF42,39,1723.0,,,"1,723",2379,asthma_ed_children,count,2012
1195,103,UHF42,40,2147.0,,,"2,147",2379,asthma_ed_children,count,2013
1195,103,UHF42,41,2147.0,,,"2,147",2379,asthma_ed_children,count,2014
1195,103,UHF42,44,2064.0,,,"2,064",2379,asthma_ed_children,count,2015
1195,103,UHF42,45,1951.0,,,"1,951",2379,asthma_ed_children,count,2016
1195,103,UHF42,46,1619.0,,,"1,619",2379,asthma_ed_children,count,2017
1195,103,UHF42,47,1469.0,,,"1,469",2379,asthma_ed_children,count,2018
1195,103,UHF42,48,1266.0,,,"1,266",2379,asthma_ed_children,count,2019
1195,103,UHF42,49,430.0,,"The start of COVID-19 in Spring 2020 reduced the overall volume of ED visits, including those for asthma, which may have contributed to decreases in asthma ED visit and hospitalization counts and rates in 2020.",430,2379,asthma_ed_children,count,2020
1195,103,UHF42,289,580.0,,,580,2379,asthma_ed_children,count,2021
1195,103,UHF42,296,1027.0,,,"1,027",2379,asthma_ed_children,count,2022
1195,103,UHF42,298,1115.0,,,"1,115",2379,asthma_ed_children,count,2023
1195,104,UHF42,9,1119.0,,,"1,119",2379,asthma_ed_children,count,2005
1195,104,UHF42,10,1394.0,,,"1,394",2379,asthma_ed_children,count,2006
1195,104,UHF42,11,1348.0,,,"1,348",2379,asthma_ed_children,count,2007
1195,104,UHF42,12,1243.0,,,"1,243",2379,asthma_ed_children,count,2008
1195,104,UHF42,13,1041.0,,,"1,041",2379,asthma_ed_children,count,2009
1195,104,UHF42,14,1267.0,,,"1,267",2379,asthma_ed_children,count,2010
1195,104,UHF42,38,1589.0,,,"1,589",2379,asthma_ed_children,count,2011
1195,104,UHF42,39,1702.0,,,"1,702",2379,asthma_ed_children,count,2012
1195,104,UHF42,40,1666.0,,,"1,666",2379,asthma_ed_children,count,2013
1195,104,UHF42,41,1606.0,,,"1,606",2379,asthma_ed_children,count,2014
1195,104,UHF42,44,1571.0,,,"1,571",2379,asthma_ed_children,count,2015
1195,104,UHF42,45,1490.0,,,"1,490",2379,asthma_ed_children,count,2016
1195,104,UHF42,46,1169.0,,,"1,169",2379,asthma_ed_children,count,2017
1195,104,UHF42,47,968.0,,,968,2379,asthma_ed_children,count,2018
1195,104,UHF42,48,992.0,,,992,2379,asthma_ed_children,count,2019
1195,104,UHF42,49,359.0,,"The start of COVID-19 in Spring 2020 reduced the overall volume of ED visits, including those for asthma, which may have contributed to decreases in asthma ED visit and hospitalization counts and rates in 2020.",359,2379,asthma_ed_children,count,2020
1195,104,UHF42,289,571.0,,,571,2379,asthma_ed_children,count,2021
1195,104,UHF42,296,846.0,,,846,2379,asthma_ed_children,count,2022
1195,104,UHF42,298,945.0,,,945,2379,asthma_ed_children,count,2023
1195,105,UHF42,9,1630.0,,,"1,630",2379,asthma_ed_children,count,2005
1195,105,UHF42,10,1823.0,,,"1,823",2379,asthma_ed_children,count,2006
1195,105,UHF42,11,1645.0,,,"1,645",2379,asthma_ed_children,count,2007
1195,105,UHF42,12,1542.0,,,"1,542",2379,asthma_ed_children,count,2008
1195,105,UHF42,13,1435.0,,,"1,435",2379,asthma_ed_children,count,2009
1195,105,UHF42,14,1595.0,,,"1,595",2379,asthma_ed_children,count,2010
1195,105,UHF42,38,1647.0,,,"1,647",2379,asthma_ed_children,count,2011
1195,105,UHF42,39,1834.0,,,"1,834",2379,asthma_ed_children,count,2012
1195,105,UHF42,40,1936.0,,,"1,936",2379,asthma_ed_children,count,2013
1195,105,UHF42,41,1941.0,,,"1,941",2379,asthma_ed_children,count,2014
1195,105,UHF42,44,1981.0,,,"1,981",2379,asthma_ed_children,count,2015
1195,105,UHF42,45,1882.0,,,"1,882",2379,asthma_ed_children,count,2016
1195,105,UHF42,46,1575.0,,,"1,575",2379,asthma_ed_children,count,2017
1195,105,UHF42,47,1520.0,,,"1,520",2379,asthma_ed_children,count,2018
1195,105,UHF42,48,1186.0,,,"1,186",2379,asthma_ed_children,count,2019
1195,105,UHF42,49,499.0,,"The start of COVID-19 in Spring 2020 reduced the overall volume of ED visits, including those for asthma, which may have contributed to decreases in asthma ED visit and hospitalization counts and rates in 2020.",499,2379,asthma_ed_children,count,2020
1195,105,UHF42,289,661.0,,,661,2379,asthma_ed_children,count,2021
1195,105,UHF42,296,1024.0,,,"1,024",2379,asthma_ed_children,count,2022
1195,105,UHF42,298,1038.0,,,"1,038",2379,asthma_ed_children,count,2023
1195,106,UHF42,9,1575.0,,,"1,575",2379,asthma_ed_children,count,2005
1195,106,UHF42,10,1865.0,,,"1,865",2379,asthma_ed_children,count,2006
1195,106,UHF42,11,1651.0,,,"1,651",2379,asthma_ed_children,count,2007
1195,106,UHF42,12,1710.0,,,"1,710",2379,asthma_ed_children,count,2008
1195,106,UHF42,13,1686.0,,,"1,686",2379,asthma_ed_children,count,2009
1195,106,UHF42,14,1775.0,,,"1,775",2379,asthma_ed_children,count,2010
1195,106,UHF42,38,1977.0,,,"1,977",2379,asthma_ed_children,count,2011
1195,106,UHF42,39,1973.0,,,"1,973",2379,asthma_ed_children,count,2012
1195,106,UHF42,40,2049.0,,,"2,049",2379,asthma_ed_children,count,2013
1195,106,UHF42,41,2102.0,,,"2,102",2379,asthma_ed_children,count,2014
1195,106,UHF42,44,2096.0,,,"2,096",2379,asthma_ed_children,count,2015
1195,106,UHF42,45,2132.0,,,"2,132",2379,asthma_ed_children,count,2016
1195,106,UHF42,46,1700.0,,,"1,700",2379,asthma_ed_children,count,2017
1195,106,UHF42,47,1624.0,,,"1,624",2379,asthma_ed_children,count,2018
1195,106,UHF42,48,1470.0,,,"1,470",2379,asthma_ed_children,count,2019
1195,106,UHF42,49,577.0,,"The start of COVID-19 in Spring 2020 reduced the overall volume of ED visits, including those for asthma, which may have contributed to decreases in asthma ED visit and hospitalization counts and rates in 2020.",577,2379,asthma_ed_children,count,2020
1195,106,UHF42,289,703.0,,,703,2379,asthma_ed_children,count,2021
1195,106,UHF42,296,1134.0,,,"1,134",2379,asthma_ed_children,count,2022
1195,106,UHF42,298,1116.0,,,"1,116",2379,asthma_ed_children,count,2023
1195,107,UHF42,9,1115.0,,,"1,115",2379,asthma_ed_children,count,2005
1195,107,UHF42,10,1337.0,,,"1,337",2379,asthma_ed_children,count,2006
1195,107,UHF42,11,1236.0,,,"1,236",2379,asthma_ed_children,count,2007
1195,107,UHF42,12,1209.0,,,"1,209",2379,asthma_ed_children,count,2008
1195,107,UHF42,13,1473.0,,,"1,473",2379,asthma_ed_children,count,2009
1195,107,UHF42,14,1207.0,,,"1,207",2379,asthma_ed_children,count,2010
1195,107,UHF42,38,1386.0,,,"1,386",2379,asthma_ed_children,count,2011
1195,107,UHF42,39,1431.0,,,"1,431",2379,asthma_ed_children,count,2012
1195,107,UHF42,40,1513.0,,,"1,513",2379,asthma_ed_children,count,2013
1195,107,UHF42,41,1462.0,,,"1,462",2379,asthma_ed_children,count,2014
1195,107,UHF42,44,1450.0,,,"1,450",2379,asthma_ed_children,count,2015
1195,107,UHF42,45,1457.0,,,"1,457",2379,asthma_ed_children,count,2016
1195,107,UHF42,46,1236.0,,,"1,236",2379,asthma_ed_children,count,2017
1195,107,UHF42,47,1154.0,,,"1,154",2379,asthma_ed_children,count,2018
1195,107,UHF42,48,1017.0,,,"1,017",2379,asthma_ed_children,count,2019
1195,107,UHF42,49,406.0,,"The start of COVID-19 in Spring 2020 reduced the overall volume of ED visits, including those for asthma, which may have contributed to decreases in asthma ED visit and hospitalization counts and rates in 2020.",406,2379,asthma_ed_children,count,2020
1195,107,UHF42,289,527.0,,,527,2379,asthma_ed_children,count,2021
1195,107,UHF42,296,820.0,,,820,2379,asthma_ed_children,count,2022
1195,107,UHF42,298,720.0,,,720,2379,asthma_ed_children,count,2023
1195,201,UHF42,9,223.0,,,223,2379,asthma_ed_children,count,2005
1195,201,UHF42,10,199.0,,,199,2379,asthma_ed_children,count,2006
1195,201,UHF42,11,285.0,,,285,2379,asthma_ed_children,count,2007
1195,201,UHF42,12,175.0,,,175,2379,asthma_ed_children,count,2008
1195,201,UHF42,13,227.0,,,227,2379,asthma_ed_children,count,2009
1195,201,UHF42,14,203.0,,,203,2379,asthma_ed_children,count,2010
1195,201,UHF42,38,156.0,,,156,2379,asthma_ed_children,count,2011
1195,201,UHF42,39,202.0,,,202,2379,asthma_ed_children,count,2012
1195,201,UHF42,40,191.0,,,191,2379,asthma_ed_children,count,2013
1195,201,UHF42,41,163.0,,,163,2379,asthma_ed_children,count,2014
1195,201,UHF42,44,155.0,,,155,2379,asthma_ed_children,count,2015
1195,201,UHF42,45,146.0,,,146,2379,asthma_ed_children,count,2016
1195,201,UHF42,46,116.0,,,116,2379,asthma_ed_children,count,2017
1195,201,UHF42,47,103.0,,,103,2379,asthma_ed_children,count,2018
1195,201,UHF42,48,132.0,,,132,2379,asthma_ed_children,count,2019
1195,201,UHF42,49,29.0,,"The start of COVID-19 in Spring 2020 reduced the overall volume of ED visits, including those for asthma, which may have contributed to decreases in asthma ED visit and hospitalization counts and rates in 2020.",29,2379,asthma_ed_children,count,2020
1195,201,UHF42,289,51.0,,,51,2379,asthma_ed_children,count,2021
1195,201,UHF42,296,94.0,,,94,2379,asthma_ed_children,count,2022
1195,201,UHF42,298,106.0,,,106,2379,asthma_ed_children,count,2023
1195,202,UHF42,9,431.0,,,431,2379,asthma_ed_children,count,2005
1195,202,UHF42,10,413.0,,,413,2379,asthma_ed_children,count,2006
1195,202,UHF42,11,363.0,,,363,2379,asthma_ed_children,count,2007
1195,202,UHF42,12,386.0,,,386,2379,asthma_ed_children,count,2008
1195,202,UHF42,13,351.0,,,351,2379,asthma_ed_children,count,2009
1195,202,UHF42,14,383.0,,,383,2379,asthma_ed_children,count,2010
1195,202,UHF42,38,481.0,,,481,2379,asthma_ed_children,count,2011
1195,202,UHF42,39,462.0,,,462,2379,asthma_ed_children,count,2012
1195,202,UHF42,40,451.0,,,451,2379,asthma_ed_children,count,2013
1195,202,UHF42,41,401.0,,,401,2379,asthma_ed_children,count,2014
1195,202,UHF42,44,413.0,,,413,2379,asthma_ed_children,count,2015
1195,202,UHF42,45,414.0,,,414,2379,asthma_ed_children,count,2016
1195,202,UHF42,46,338.0,,,338,2379,asthma_ed_children,count,2017
1195,202,UHF42,47,427.0,,,427,2379,asthma_ed_children,count,2018
1195,202,UHF42,48,318.0,,,318,2379,asthma_ed_children,count,2019
1195,202,UHF42,49,135.0,,"The start of COVID-19 in Spring 2020 reduced the overall volume of ED visits, including those for asthma, which may have contributed to decreases in asthma ED visit and hospitalization counts and rates in 2020.",135,2379,asthma_ed_children,count,2020
1195,202,UHF42,289,177.0,,,177,2379,asthma_ed_children,count,2021
1195,202,UHF42,296,302.0,,,302,2379,asthma_ed_children,count,2022
1195,202,UHF42,298,336.0,,,336,2379,asthma_ed_children,count,2023
1195,203,UHF42,9,1785.0,,,"1,785",2379,asthma_ed_children,count,2005
1195,203,UHF42,10,1749.0,,,"1,749",2379,asthma_ed_children,count,2006
1195,203,UHF42,11,1650.0,,,"1,650",2379,asthma_ed_children,count,2007
1195,203,UHF42,12,1648.0,,,"1,648",2379,asthma_ed_children,count,2008
1195,203,UHF42,13,1712.0,,,"1,712",2379,asthma_ed_children,count,2009
1195,203,UHF42,14,1870.0,,,"1,870",2379,asthma_ed_children,count,2010
1195,203,UHF42,38,1980.0,,,"1,980",2379,asthma_ed_children,count,2011
1195,203,UHF42,39,2078.0,,,"2,078",2379,asthma_ed_children,count,2012
1195,203,UHF42,40,2037.0,,,"2,037",2379,asthma_ed_children,count,2013
1195,203,UHF42,41,2057.0,,,"2,057",2379,asthma_ed_children,count,2014
1195,203,UHF42,44,1856.0,,,"1,856",2379,asthma_ed_children,count,2015
1195,203,UHF42,45,1881.0,,,"1,881",2379,asthma_ed_children,count,2016
1195,203,UHF42,46,1578.0,,,"1,578",2379,asthma_ed_children,count,2017
1195,203,UHF42,47,1537.0,,,"1,537",2379,asthma_ed_children,count,2018
1195,203,UHF42,48,1377.0,,,"1,377",2379,asthma_ed_children,count,2019
1195,203,UHF42,49,578.0,,"The start of COVID-19 in Spring 2020 reduced the overall volume of ED visits, including those for asthma, which may have contributed to decreases in asthma ED visit and hospitalization counts and rates in 2020.",578,2379,asthma_ed_children,count,2020
1195,203,UHF42,289,599.0,,,599,2379,asthma_ed_children,count,2021
1195,203,UHF42,296,1103.0,,,"1,103",2379,asthma_ed_children,count,2022
1195,203,UHF42,298,1242.0,,,"1,242",2379,asthma_ed_children,count,2023
1195,204,UHF42,9,1106.0,,,"1,106",2379,asthma_ed_children,count,2005
1195,204,UHF42,10,1028.0,,,"1,028",2379,asthma_ed_children,count,2006
1195,204,UHF42,11,1039.0,,,"1,039",2379,asthma_ed_children,count,2007
1195,204,UHF42,12,1080.0,,,"1,080",2379,asthma_ed_children,count,2008
1195,204,UHF42,13,1143.0,,,"1,143",2379,asthma_ed_children,count,2009
1195,204,UHF42,14,1172.0,,,"1,172",2379,asthma_ed_children,count,2010
1195,204,UHF42,38,1241.0,,,"1,241",2379,asthma_ed_children,count,2011
1195,204,UHF42,39,1245.0,,,"1,245",2379,asthma_ed_children,count,2012
1195,204,UHF42,40,1274.0,,,"1,274",2379,asthma_ed_children,count,2013
1195,204,UHF42,41,1362.0,,,"1,362",2379,asthma_ed_children,count,2014
1195,204,UHF42,44,1167.0,,,"1,167",2379,asthma_ed_children,count,2015
1195,204,UHF42,45,1268.0,,,"1,268",2379,asthma_ed_children,count,2016
1195,204,UHF42,46,1130.0,,,"1,130",2379,asthma_ed_children,count,2017
1195,204,UHF42,47,1015.0,,,"1,015",2379,asthma_ed_children,count,2018
1195,204,UHF42,48,943.0,,,943,2379,asthma_ed_children,count,2019
1195,204,UHF42,49,423.0,,"The start of COVID-19 in Spring 2020 reduced the overall volume of ED visits, including those for asthma, which may have contributed to decreases in asthma ED visit and hospitalization counts and rates in 2020.",423,2379,asthma_ed_children,count,2020
1195,204,UHF42,289,376.0,,,376,2379,asthma_ed_children,count,2021
1195,204,UHF42,296,809.0,,,809,2379,asthma_ed_children,count,2022
1195,204,UHF42,298,750.0,,,750,2379,asthma_ed_children,count,2023
1195,205,UHF42,9,148.0,,,148,2379,asthma_ed_children,count,2005
1195,205,UHF42,10,130.0,,,130,2379,asthma_ed_children,count,2006
1195,205,UHF42,11,177.0,,,177,2379,asthma_ed_children,count,2007
1195,205,UHF42,12,177.0,,,177,2379,asthma_ed_children,count,2008
1195,205,UHF42,13,173.0,,,173,2379,asthma_ed_children,count,2009
1195,205,UHF42,14,176.0,,,176,2379,asthma_ed_children,count,2010
1195,205,UHF42,38,221.0,,,221,2379,asthma_ed_children,count,2011
1195,205,UHF42,39,226.0,,,226,2379,asthma_ed_children,count,2012
1195,205,UHF42,40,213.0,,,213,2379,asthma_ed_children,count,2013
1195,205,UHF42,41,202.0,,,202,2379,asthma_ed_children,count,2014
1195,205,UHF42,44,197.0,,,197,2379,asthma_ed_children,count,2015
1195,205,UHF42,45,207.0,,,207,2379,asthma_ed_children,count,2016
1195,205,UHF42,46,161.0,,,161,2379,asthma_ed_children,count,2017
1195,205,UHF42,47,166.0,,,166,2379,asthma_ed_children,count,2018
1195,205,UHF42,48,146.0,,,146,2379,asthma_ed_children,count,2019
1195,205,UHF42,49,41.0,,"The start of COVID-19 in Spring 2020 reduced the overall volume of ED visits, including those for asthma, which may have contributed to decreases in asthma ED visit and hospitalization counts and rates in 2020.",41,2379,asthma_ed_children,count,2020
1195,205,UHF42,289,59.0,,,59,2379,asthma_ed_children,count,2021
1195,205,UHF42,296,118.0,,,118,2379,asthma_ed_children,count,2022
1195,205,UHF42,298,153.0,,,153,2379,asthma_ed_children,count,2023
1195,206,UHF42,9,125.0,,,125,2379,asthma_ed_children,count,2005
1195,206,UHF42,10,171.0,,,171,2379,asthma_ed_children,count,2006
1195,206,UHF42,11,134.0,,,134,2379,asthma_ed_children,count,2007
1195,206,UHF42,12,155.0,,,155,2379,asthma_ed_children,count,2008
1195,206,UHF42,13,200.0,,,200,2379,asthma_ed_children,count,2009
1195,206,UHF42,14,198.0,,,198,2379,asthma_ed_children,count,2010
1195,206,UHF42,38,312.0,,,312,2379,asthma_ed_children,count,2011
1195,206,UHF42,39,321.0,,,321,2379,asthma_ed_children,count,2012
1195,206,UHF42,40,290.0,,,290,2379,asthma_ed_children,count,2013
1195,206,UHF42,41,276.0,,,276,2379,asthma_ed_children,count,2014
1195,206,UHF42,44,239.0,,,239,2379,asthma_ed_children,count,2015
1195,206,UHF42,45,308.0,,,308,2379,asthma_ed_children,count,2016
1195,206,UHF42,46,184.0,,,184,2379,asthma_ed_children,count,2017
1195,206,UHF42,47,233.0,,,233,2379,asthma_ed_children,count,2018
1195,206,UHF42,48,189.0,,,189,2379,asthma_ed_children,count,2019
1195,206,UHF42,49,80.0,,"The start of COVID-19 in Spring 2020 reduced the overall volume of ED visits, including those for asthma, which may have contributed to decreases in asthma ED visit and hospitalization counts and rates in 2020.",80,2379,asthma_ed_children,count,2020
1195,206,UHF42,289,79.0,,,79,2379,asthma_ed_children,count,2021
1195,206,UHF42,296,150.0,,,150,2379,asthma_ed_children,count,2022
1195,206,UHF42,298,196.0,,,196,2379,asthma_ed_children,count,2023
1195,207,UHF42,9,947.0,,,947,2379,asthma_ed_children,count,2005
1195,207,UHF42,10,1021.0,,,"1,021",2379,asthma_ed_children,count,2006
1195,207,UHF42,11,1039.0,,,"1,039",2379,asthma_ed_children,count,2007
1195,207,UHF42,12,939.0,,,939,2379,asthma_ed_children,count,2008
1195,207,UHF42,13,975.0,,,975,2379,asthma_ed_children,count,2009
1195,207,UHF42,14,1027.0,,,"1,027",2379,asthma_ed_children,count,2010
1195,207,UHF42,38,1129.0,,,"1,129",2379,asthma_ed_children,count,2011
1195,207,UHF42,39,1189.0,,,"1,189",2379,asthma_ed_children,count,2012
1195,207,UHF42,40,1138.0,,,"1,138",2379,asthma_ed_children,count,2013
1195,207,UHF42,41,1158.0,,,"1,158",2379,asthma_ed_children,count,2014
1195,207,UHF42,44,1160.0,,,"1,160",2379,asthma_ed_children,count,2015
1195,207,UHF42,45,1174.0,,,"1,174",2379,asthma_ed_children,count,2016
1195,207,UHF42,46,904.0,,,904,2379,asthma_ed_children,count,2017
1195,207,UHF42,47,971.0,,,971,2379,asthma_ed_children,count,2018
1195,207,UHF42,48,746.0,,,746,2379,asthma_ed_children,count,2019
1195,207,UHF42,49,291.0,,"The start of COVID-19 in Spring 2020 reduced the overall volume of ED visits, including those for asthma, which may have contributed to decreases in asthma ED visit and hospitalization counts and rates in 2020.",291,2379,asthma_ed_children,count,2020
1195,207,UHF42,289,451.0,,,451,2379,asthma_ed_children,count,2021
1195,207,UHF42,296,672.0,,,672,2379,asthma_ed_children,count,2022
1195,207,UHF42,298,705.0,,,705,2379,asthma_ed_children,count,2023
1195,208,UHF42,9,416.0,,,416,2379,asthma_ed_children,count,2005
1195,208,UHF42,10,447.0,,,447,2379,asthma_ed_children,count,2006
1195,208,UHF42,11,422.0,,,422,2379,asthma_ed_children,count,2007
1195,208,UHF42,12,433.0,,,433,2379,asthma_ed_children,count,2008
1195,208,UHF42,13,508.0,,,508,2379,asthma_ed_children,count,2009
1195,208,UHF42,14,510.0,,,510,2379,asthma_ed_children,count,2010
1195,208,UHF42,38,540.0,,,540,2379,asthma_ed_children,count,2011
1195,208,UHF42,39,606.0,,,606,2379,asthma_ed_children,count,2012
1195,208,UHF42,40,565.0,,,565,2379,asthma_ed_children,count,2013
1195,208,UHF42,41,530.0,,,530,2379,asthma_ed_children,count,2014
1195,208,UHF42,44,552.0,,,552,2379,asthma_ed_children,count,2015
1195,208,UHF42,45,562.0,,,562,2379,asthma_ed_children,count,2016
1195,208,UHF42,46,466.0,,,466,2379,asthma_ed_children,count,2017
1195,208,UHF42,47,474.0,,,474,2379,asthma_ed_children,count,2018
1195,208,UHF42,48,461.0,,,461,2379,asthma_ed_children,count,2019
1195,208,UHF42,49,168.0,,"The start of COVID-19 in Spring 2020 reduced the overall volume of ED visits, including those for asthma, which may have contributed to decreases in asthma ED visit and hospitalization counts and rates in 2020.",168,2379,asthma_ed_children,count,2020
1195,208,UHF42,289,214.0,,,214,2379,asthma_ed_children,count,2021
1195,208,UHF42,296,430.0,,,430,2379,asthma_ed_children,count,2022
1195,208,UHF42,298,439.0,,,439,2379,asthma_ed_children,count,2023
1195,209,UHF42,9,66.0,,,66,2379,asthma_ed_children,count,2005
1195,209,UHF42,10,73.0,,,73,2379,asthma_ed_children,count,2006
1195,209,UHF42,11,95.0,,,95,2379,asthma_ed_children,count,2007
1195,209,UHF42,12,81.0,,,81,2379,asthma_ed_children,count,2008
1195,209,UHF42,13,94.0,,,94,2379,asthma_ed_children,count,2009
1195,209,UHF42,14,113.0,,,113,2379,asthma_ed_children,count,2010
1195,209,UHF42,38,131.0,,,131,2379,asthma_ed_children,count,2011
1195,209,UHF42,39,131.0,,,131,2379,asthma_ed_children,count,2012
1195,209,UHF42,40,108.0,,,108,2379,asthma_ed_children,count,2013
1195,209,UHF42,41,113.0,,,113,2379,asthma_ed_children,count,2014
1195,209,UHF42,44,109.0,,,109,2379,asthma_ed_children,count,2015
1195,209,UHF42,45,156.0,,,156,2379,asthma_ed_children,count,2016
1195,209,UHF42,46,83.0,,,83,2379,asthma_ed_children,count,2017
1195,209,UHF42,47,111.0,,,111,2379,asthma_ed_children,count,2018
1195,209,UHF42,48,94.0,,,94,2379,asthma_ed_children,count,2019
1195,209,UHF42,49,36.0,,"The start of COVID-19 in Spring 2020 reduced the overall volume of ED visits, including those for asthma, which may have contributed to decreases in asthma ED visit and hospitalization counts and rates in 2020.",36,2379,asthma_ed_children,count,2020
1195,209,UHF42,289,43.0,,,43,2379,asthma_ed_children,count,2021
1195,209,UHF42,296,97.0,,,97,2379,asthma_ed_children,count,2022
1195,209,UHF42,298,111.0,,,111,2379,asthma_ed_children,count,2023
1195,210,UHF42,9,283.0,,,283,2379,asthma_ed_children,count,2005
1195,210,UHF42,10,290.0,,,290,2379,asthma_ed_children,count,2006
1195,210,UHF42,11,290.0,,,290,2379,asthma_ed_children,count,2007
1195,210,UHF42,12,269.0,,,269,2379,asthma_ed_children,count,2008
1195,210,UHF42,13,300.0,,,300,2379,asthma_ed_children,count,2009
1195,210,UHF42,14,297.0,,,297,2379,asthma_ed_children,count,2010
1195,210,UHF42,38,296.0,,,296,2379,asthma_ed_children,count,2011
1195,210,UHF42,39,301.0,,,301,2379,asthma_ed_children,count,2012
1195,210,UHF42,40,286.0,,,286,2379,asthma_ed_children,count,2013
1195,210,UHF42,41,329.0,,,329,2379,asthma_ed_children,count,2014
1195,210,UHF42,44,321.0,,,321,2379,asthma_ed_children,count,2015
1195,210,UHF42,45,338.0,,,338,2379,asthma_ed_children,count,2016
1195,210,UHF42,46,315.0,,,315,2379,asthma_ed_children,count,2017
1195,210,UHF42,47,311.0,,,311,2379,asthma_ed_children,count,2018
1195,210,UHF42,48,250.0,,,250,2379,asthma_ed_children,count,2019
1195,210,UHF42,49,116.0,,"The start of COVID-19 in Spring 2020 reduced the overall volume of ED visits, including those for asthma, which may have contributed to decreases in asthma ED visit and hospitalization counts and rates in 2020.",116,2379,asthma_ed_children,count,2020
1195,210,UHF42,289,183.0,,,183,2379,asthma_ed_children,count,2021
1195,210,UHF42,296,310.0,,,310,2379,asthma_ed_children,count,2022
1195,210,UHF42,298,306.0,,,306,2379,asthma_ed_children,count,2023
1195,211,UHF42,9,1444.0,,,"1,444",2379,asthma_ed_children,count,2005
1195,211,UHF42,10,1195.0,,,"1,195",2379,asthma_ed_children,count,2006
1195,211,UHF42,11,1192.0,,,"1,192",2379,asthma_ed_children,count,2007
1195,211,UHF42,12,1220.0,,,"1,220",2379,asthma_ed_children,count,2008
1195,211,UHF42,13,1333.0,,,"1,333",2379,asthma_ed_children,count,2009
1195,211,UHF42,14,1272.0,,,"1,272",2379,asthma_ed_children,count,2010
1195,211,UHF42,38,1330.0,,,"1,330",2379,asthma_ed_children,count,2011
1195,211,UHF42,39,1403.0,,,"1,403",2379,asthma_ed_children,count,2012
1195,211,UHF42,40,1396.0,,,"1,396",2379,asthma_ed_children,count,2013
1195,211,UHF42,41,1407.0,,,"1,407",2379,asthma_ed_children,count,2014
1195,211,UHF42,44,1266.0,,,"1,266",2379,asthma_ed_children,count,2015
1195,211,UHF42,45,1251.0,,,"1,251",2379,asthma_ed_children,count,2016
1195,211,UHF42,46,1018.0,,,"1,018",2379,asthma_ed_children,count,2017
1195,211,UHF42,47,902.0,,,902,2379,asthma_ed_children,count,2018
1195,211,UHF42,48,830.0,,,830,2379,asthma_ed_children,count,2019
1195,211,UHF42,49,283.0,,"The start of COVID-19 in Spring 2020 reduced the overall volume of ED visits, including those for asthma, which may have contributed to decreases in asthma ED visit and hospitalization counts and rates in 2020.",283,2379,asthma_ed_children,count,2020
1195,211,UHF42,289,418.0,,,418,2379,asthma_ed_children,count,2021
1195,211,UHF42,296,672.0,,,672,2379,asthma_ed_children,count,2022
1195,211,UHF42,298,575.0,,,575,2379,asthma_ed_children,count,2023
1195,301,UHF42,9,1119.0,,,"1,119",2379,asthma_ed_children,count,2005
1195,301,UHF42,10,953.0,,,953,2379,asthma_ed_children,count,2006
1195,301,UHF42,11,924.0,,,924,2379,asthma_ed_children,count,2007
1195,301,UHF42,12,899.0,,,899,2379,asthma_ed_children,count,2008
1195,301,UHF42,13,865.0,,,865,2379,asthma_ed_children,count,2009
1195,301,UHF42,14,839.0,,,839,2379,asthma_ed_children,count,2010
1195,301,UHF42,38,834.0,,,834,2379,asthma_ed_children,count,2011
1195,301,UHF42,39,777.0,,,777,2379,asthma_ed_children,count,2012
1195,301,UHF42,40,806.0,,,806,2379,asthma_ed_children,count,2013
1195,301,UHF42,41,824.0,,,824,2379,asthma_ed_children,count,2014
1195,301,UHF42,44,766.0,,,766,2379,asthma_ed_children,count,2015
1195,301,UHF42,45,765.0,,,765,2379,asthma_ed_children,count,2016
1195,301,UHF42,46,582.0,,,582,2379,asthma_ed_children,count,2017
1195,301,UHF42,47,648.0,,,648,2379,asthma_ed_children,count,2018
1195,301,UHF42,48,498.0,,,498,2379,asthma_ed_children,count,2019
1195,301,UHF42,49,154.0,,"The start of COVID-19 in Spring 2020 reduced the overall volume of ED visits, including those for asthma, which may have contributed to decreases in asthma ED visit and hospitalization counts and rates in 2020.",154,2379,asthma_ed_children,count,2020
1195,301,UHF42,289,305.0,,,305,2379,asthma_ed_children,count,2021
1195,301,UHF42,296,436.0,,,436,2379,asthma_ed_children,count,2022
1195,301,UHF42,298,457.0,,,457,2379,asthma_ed_children,count,2023
1195,302,UHF42,9,1840.0,,,"1,840",2379,asthma_ed_children,count,2005
1195,302,UHF42,10,1460.0,,,"1,460",2379,asthma_ed_children,count,2006
1195,302,UHF42,11,1458.0,,,"1,458",2379,asthma_ed_children,count,2007
1195,302,UHF42,12,1371.0,,,"1,371",2379,asthma_ed_children,count,2008
1195,302,UHF42,13,1452.0,,,"1,452",2379,asthma_ed_children,count,2009
1195,302,UHF42,14,1336.0,,,"1,336",2379,asthma_ed_children,count,2010
1195,302,UHF42,38,1399.0,,,"1,399",2379,asthma_ed_children,count,2011
1195,302,UHF42,39,1418.0,,,"1,418",2379,asthma_ed_children,count,2012
1195,302,UHF42,40,1358.0,,,"1,358",2379,asthma_ed_children,count,2013
1195,302,UHF42,41,1248.0,,,"1,248",2379,asthma_ed_children,count,2014
1195,302,UHF42,44,1236.0,,,"1,236",2379,asthma_ed_children,count,2015
1195,302,UHF42,45,1331.0,,,"1,331",2379,asthma_ed_children,count,2016
1195,302,UHF42,46,1107.0,,,"1,107",2379,asthma_ed_children,count,2017
1195,302,UHF42,47,1075.0,,,"1,075",2379,asthma_ed_children,count,2018
1195,302,UHF42,48,908.0,,,908,2379,asthma_ed_children,count,2019
1195,302,UHF42,49,355.0,,"The start of COVID-19 in Spring 2020 reduced the overall volume of ED visits, including those for asthma, which may have contributed to decreases in asthma ED visit and hospitalization counts and rates in 2020.",355,2379,asthma_ed_children,count,2020
1195,302,UHF42,289,560.0,,,560,2379,asthma_ed_children,count,2021
1195,302,UHF42,296,784.0,,,784,2379,asthma_ed_children,count,2022
1195,302,UHF42,298,804.0,,,804,2379,asthma_ed_children,count,2023
1195,303,UHF42,9,998.0,,,998,2379,asthma_ed_children,count,2005
1195,303,UHF42,10,1153.0,,,"1,153",2379,asthma_ed_children,count,2006
1195,303,UHF42,11,1184.0,,,"1,184",2379,asthma_ed_children,count,2007
1195,303,UHF42,12,1185.0,,,"1,185",2379,asthma_ed_children,count,2008
1195,303,UHF42,13,1139.0,,,"1,139",2379,asthma_ed_children,count,2009
1195,303,UHF42,14,938.0,,,938,2379,asthma_ed_children,count,2010
1195,303,UHF42,38,998.0,,,998,2379,asthma_ed_children,count,2011
1195,303,UHF42,39,1007.0,,,"1,007",2379,asthma_ed_children,count,2012
1195,303,UHF42,40,1011.0,,,"1,011",2379,asthma_ed_children,count,2013
1195,303,UHF42,41,947.0,,,947,2379,asthma_ed_children,count,2014
1195,303,UHF42,44,981.0,,,981,2379,asthma_ed_children,count,2015
1195,303,UHF42,45,959.0,,,959,2379,asthma_ed_children,count,2016
1195,303,UHF42,46,819.0,,,819,2379,asthma_ed_children,count,2017
1195,303,UHF42,47,799.0,,,799,2379,asthma_ed_children,count,2018
1195,303,UHF42,48,731.0,,,731,2379,asthma_ed_children,count,2019
1195,303,UHF42,49,238.0,,"The start of COVID-19 in Spring 2020 reduced the overall volume of ED visits, including those for asthma, which may have contributed to decreases in asthma ED visit and hospitalization counts and rates in 2020.",238,2379,asthma_ed_children,count,2020
1195,303,UHF42,289,307.0,,,307,2379,asthma_ed_children,count,2021
1195,303,UHF42,296,486.0,,,486,2379,asthma_ed_children,count,2022
1195,303,UHF42,298,548.0,,,548,2379,asthma_ed_children,count,2023
1195,304,UHF42,9,505.0,,,505,2379,asthma_ed_children,count,2005
1195,304,UHF42,10,301.0,,,301,2379,asthma_ed_children,count,2006
1195,304,UHF42,11,311.0,,,311,2379,asthma_ed_children,count,2007
1195,304,UHF42,12,314.0,,,314,2379,asthma_ed_children,count,2008
1195,304,UHF42,13,339.0,,,339,2379,asthma_ed_children,count,2009
1195,304,UHF42,14,299.0,,,299,2379,asthma_ed_children,count,2010
1195,304,UHF42,38,316.0,,,316,2379,asthma_ed_children,count,2011
1195,304,UHF42,39,319.0,,,319,2379,asthma_ed_children,count,2012
1195,304,UHF42,40,307.0,,,307,2379,asthma_ed_children,count,2013
1195,304,UHF42,41,328.0,,,328,2379,asthma_ed_children,count,2014
1195,304,UHF42,44,267.0,,,267,2379,asthma_ed_children,count,2015
1195,304,UHF42,45,280.0,,,280,2379,asthma_ed_children,count,2016
1195,304,UHF42,46,252.0,,,252,2379,asthma_ed_children,count,2017
1195,304,UHF42,47,229.0,,,229,2379,asthma_ed_children,count,2018
1195,304,UHF42,48,206.0,,,206,2379,asthma_ed_children,count,2019
1195,304,UHF42,49,87.0,,"The start of COVID-19 in Spring 2020 reduced the overall volume of ED visits, including those for asthma, which may have contributed to decreases in asthma ED visit and hospitalization counts and rates in 2020.",87,2379,asthma_ed_children,count,2020
1195,304,UHF42,289,89.0,,,89,2379,asthma_ed_children,count,2021
1195,304,UHF42,296,168.0,,,168,2379,asthma_ed_children,count,2022
1195,304,UHF42,298,201.0,,,201,2379,asthma_ed_children,count,2023
1195,305,UHF42,9,120.0,,,120,2379,asthma_ed_children,count,2005
1195,305,UHF42,10,129.0,,,129,2379,asthma_ed_children,count,2006
1195,305,UHF42,11,113.0,,,113,2379,asthma_ed_children,count,2007
1195,305,UHF42,12,133.0,,,133,2379,asthma_ed_children,count,2008
1195,305,UHF42,13,126.0,,,126,2379,asthma_ed_children,count,2009
1195,305,UHF42,14,126.0,,,126,2379,asthma_ed_children,count,2010
1195,305,UHF42,38,145.0,,,145,2379,asthma_ed_children,count,2011
1195,305,UHF42,39,101.0,,,101,2379,asthma_ed_children,count,2012
1195,305,UHF42,40,96.0,,,96,2379,asthma_ed_children,count,2013
1195,305,UHF42,41,110.0,,,110,2379,asthma_ed_children,count,2014
1195,305,UHF42,44,113.0,,,113,2379,asthma_ed_children,count,2015
1195,305,UHF42,45,81.0,,,81,2379,asthma_ed_children,count,2016
1195,305,UHF42,46,57.0,,,57,2379,asthma_ed_children,count,2017
1195,305,UHF42,47,92.0,,,92,2379,asthma_ed_children,count,2018
1195,305,UHF42,48,73.0,,,73,2379,asthma_ed_children,count,2019
1195,305,UHF42,49,27.0,,"The start of COVID-19 in Spring 2020 reduced the overall volume of ED visits, including those for asthma, which may have contributed to decreases in asthma ED visit and hospitalization counts and rates in 2020.",27,2379,asthma_ed_children,count,2020
1195,305,UHF42,289,48.0,,,48,2379,asthma_ed_children,count,2021
1195,305,UHF42,296,82.0,,,82,2379,asthma_ed_children,count,2022
1195,305,UHF42,298,49.0,,,49,2379,asthma_ed_children,count,2023
1195,306,UHF42,9,159.0,,,159,2379,asthma_ed_children,count,2005
1195,306,UHF42,10,138.0,,,138,2379,asthma_ed_children,count,2006
1195,306,UHF42,11,139.0,,,139,2379,asthma_ed_children,count,2007
1195,306,UHF42,12,106.0,,,106,2379,asthma_ed_children,count,2008
1195,306,UHF42,13,142.0,,,142,2379,asthma_ed_children,count,2009
1195,306,UHF42,14,118.0,,,118,2379,asthma_ed_children,count,2010
1195,306,UHF42,38,111.0,,,111,2379,asthma_ed_children,count,2011
1195,306,UHF42,39,133.0,,,133,2379,asthma_ed_children,count,2012
1195,306,UHF42,40,107.0,,,107,2379,asthma_ed_children,count,2013
1195,306,UHF42,41,108.0,,,108,2379,asthma_ed_children,count,2014
1195,306,UHF42,44,116.0,,,116,2379,asthma_ed_children,count,2015
1195,306,UHF42,45,128.0,,,128,2379,asthma_ed_children,count,2016
1195,306,UHF42,46,114.0,,,114,2379,asthma_ed_children,count,2017
1195,306,UHF42,47,101.0,,,101,2379,asthma_ed_children,count,2018
1195,306,UHF42,48,123.0,,,123,2379,asthma_ed_children,count,2019
1195,306,UHF42,49,37.0,,"The start of COVID-19 in Spring 2020 reduced the overall volume of ED visits, including those for asthma, which may have contributed to decreases in asthma ED visit and hospitalization counts and rates in 2020.",37,2379,asthma_ed_children,count,2020
1195,306,UHF42,289,41.0,,,41,2379,asthma_ed_children,count,2021
1195,306,UHF42,296,115.0,,,115,2379,asthma_ed_children,count,2022
1195,306,UHF42,298,105.0,,,105,2379,asthma_ed_children,count,2023
1195,307,UHF42,9,49.0,,,49,2379,asthma_ed_children,count,2005
1195,307,UHF42,10,63.0,,,63,2379,asthma_ed_children,count,2006
1195,307,UHF42,11,67.0,,,67,2379,asthma_ed_children,count,2007
1195,307,UHF42,12,82.0,,,82,2379,asthma_ed_children,count,2008
1195,307,UHF42,13,73.0,,,73,2379,asthma_ed_children,count,2009
1195,307,UHF42,14,79.0,,,79,2379,asthma_ed_children,count,2010
1195,307,UHF42,38,63.0,,,63,2379,asthma_ed_children,count,2011
1195,307,UHF42,39,68.0,,,68,2379,asthma_ed_children,count,2012
1195,307,UHF42,40,69.0,,,69,2379,asthma_ed_children,count,2013
1195,307,UHF42,41,74.0,,,74,2379,asthma_ed_children,count,2014
1195,307,UHF42,44,67.0,,,67,2379,asthma_ed_children,count,2015
1195,307,UHF42,45,82.0,,,82,2379,asthma_ed_children,count,2016
1195,307,UHF42,46,57.0,,,57,2379,asthma_ed_children,count,2017
1195,307,UHF42,47,46.0,,,46,2379,asthma_ed_children,count,2018
1195,307,UHF42,48,47.0,,,47,2379,asthma_ed_children,count,2019
1195,307,UHF42,49,21.0,,"The start of COVID-19 in Spring 2020 reduced the overall volume of ED visits, including those for asthma, which may have contributed to decreases in asthma ED visit and hospitalization counts and rates in 2020.",21,2379,asthma_ed_children,count,2020
1195,307,UHF42,289,22.0,,,22,2379,asthma_ed_children,count,2021
1195,307,UHF42,296,31.0,,,31,2379,asthma_ed_children,count,2022
1195,307,UHF42,298,65.0,,,65,2379,asthma_ed_children,count,2023
1195,308,UHF42,9,20.0,,,20,2379,asthma_ed_children,count,2005
1195,308,UHF42,10,28.0,,,28,2379,asthma_ed_children,count,2006
1195,308,UHF42,11,17.0,,,17,2379,asthma_ed_children,count,2007
1195,308,UHF42,12,20.0,,,20,2379,asthma_ed_children,count,2008
1195,308,UHF42,13,26.0,,,26,2379,asthma_ed_children,count,2009
1195,308,UHF42,14,28.0,,,28,2379,asthma_ed_children,count,2010
1195,308,UHF42,38,29.0,,,29,2379,asthma_ed_children,count,2011
1195,308,UHF42,39,17.0,,,17,2379,asthma_ed_children,count,2012
1195,308,UHF42,40,18.0,,,18,2379,asthma_ed_children,count,2013
1195,308,UHF42,41,22.0,,,22,2379,asthma_ed_children,count,2014
1195,308,UHF42,44,16.0,,,16,2379,asthma_ed_children,count,2015
1195,308,UHF42,45,21.0,,,21,2379,asthma_ed_children,count,2016
1195,308,UHF42,46,12.0,,,12,2379,asthma_ed_children,count,2017
1195,308,UHF42,47,18.0,,,18,2379,asthma_ed_children,count,2018
1195,308,UHF42,48,20.0,,,20,2379,asthma_ed_children,count,2019
1195,308,UHF42,49,5.0,,* Estimate is based on small numbers so should be interpreted with caution.,5*,2379,asthma_ed_children,count,2020
1195,308,UHF42,289,4.0,,* Estimate is based on small numbers so should be interpreted with caution.,4*,2379,asthma_ed_children,count,2021
1195,308,UHF42,296,16.0,,,16,2379,asthma_ed_children,count,2022
1195,308,UHF42,298,28.0,,,28,2379,asthma_ed_children,count,2023
1195,309,UHF42,9,384.0,,,384,2379,asthma_ed_children,count,2005
1195,309,UHF42,10,394.0,,,394,2379,asthma_ed_children,count,2006
1195,309,UHF42,11,442.0,,,442,2379,asthma_ed_children,count,2007
1195,309,UHF42,12,394.0,,,394,2379,asthma_ed_children,count,2008
1195,309,UHF42,13,418.0,,,418,2379,asthma_ed_children,count,2009
1195,309,UHF42,14,372.0,,,372,2379,asthma_ed_children,count,2010
1195,309,UHF42,38,482.0,,,482,2379,asthma_ed_children,count,2011
1195,309,UHF42,39,520.0,,,520,2379,asthma_ed_children,count,2012
1195,309,UHF42,40,405.0,,,405,2379,asthma_ed_children,count,2013
1195,309,UHF42,41,401.0,,,401,2379,asthma_ed_children,count,2014
1195,309,UHF42,44,444.0,,,444,2379,asthma_ed_children,count,2015
1195,309,UHF42,45,436.0,,,436,2379,asthma_ed_children,count,2016
1195,309,UHF42,46,333.0,,,333,2379,asthma_ed_children,count,2017
1195,309,UHF42,47,345.0,,,345,2379,asthma_ed_children,count,2018
1195,309,UHF42,48,345.0,,,345,2379,asthma_ed_children,count,2019
1195,309,UHF42,49,135.0,,"The start of COVID-19 in Spring 2020 reduced the overall volume of ED visits, including those for asthma, which may have contributed to decreases in asthma ED visit and hospitalization counts and rates in 2020.",135,2379,asthma_ed_children,count,2020
1195,309,UHF42,289,153.0,,,153,2379,asthma_ed_children,count,2021
1195,309,UHF42,296,263.0,,,263,2379,asthma_ed_children,count,2022
1195,309,UHF42,298,244.0,,,244,2379,asthma_ed_children,count,2023
1195,310,UHF42,9,24.0,,,24,2379,asthma_ed_children,count,2005
1195,310,UHF42,10,37.0,,,37,2379,asthma_ed_children,count,2006
1195,310,UHF42,11,28.0,,,28,2379,asthma_ed_children,count,2007
1195,310,UHF42,12,32.0,,,32,2379,asthma_ed_children,count,2008
1195,310,UHF42,13,35.0,,,35,2379,asthma_ed_children,count,2009
1195,310,UHF42,14,30.0,,,30,2379,asthma_ed_children,count,2010
1195,310,UHF42,38,64.0,,,64,2379,asthma_ed_children,count,2011
1195,310,UHF42,39,40.0,,,40,2379,asthma_ed_children,count,2012
1195,310,UHF42,40,51.0,,,51,2379,asthma_ed_children,count,2013
1195,310,UHF42,41,70.0,,,70,2379,asthma_ed_children,count,2014
1195,310,UHF42,44,48.0,,,48,2379,asthma_ed_children,count,2015
1195,310,UHF42,45,62.0,,,62,2379,asthma_ed_children,count,2016
1195,310,UHF42,46,38.0,,,38,2379,asthma_ed_children,count,2017
1195,310,UHF42,47,44.0,,,44,2379,asthma_ed_children,count,2018
1195,310,UHF42,48,48.0,,,48,2379,asthma_ed_children,count,2019
1195,310,UHF42,49,11.0,,"The start of COVID-19 in Spring 2020 reduced the overall volume of ED visits, including those for asthma, which may have contributed to decreases in asthma ED visit and hospitalization counts and rates in 2020.",11,2379,asthma_ed_children,count,2020
1195,310,UHF42,289,25.0,,,25,2379,asthma_ed_children,count,2021
1195,310,UHF42,296,34.0,,,34,2379,asthma_ed_children,count,2022
1195,310,UHF42,298,51.0,,,51,2379,asthma_ed_children,count,2023
1195,401,UHF42,9,350.0,,,350,2379,asthma_ed_children,count,2005
1195,401,UHF42,10,404.0,,,404,2379,asthma_ed_children,count,2006
1195,401,UHF42,11,420.0,,,420,2379,asthma_ed_children,count,2007
1195,401,UHF42,12,377.0,,,377,2379,asthma_ed_children,count,2008
1195,401,UHF42,13,354.0,,,354,2379,asthma_ed_children,count,2009
1195,401,UHF42,14,390.0,,,390,2379,asthma_ed_children,count,2010
1195,401,UHF42,38,403.0,,,403,2379,asthma_ed_children,count,2011
1195,401,UHF42,39,316.0,,,316,2379,asthma_ed_children,count,2012
1195,401,UHF42,40,260.0,,,260,2379,asthma_ed_children,count,2013
1195,401,UHF42,41,285.0,,,285,2379,asthma_ed_children,count,2014
1195,401,UHF42,44,291.0,,,291,2379,asthma_ed_children,count,2015
1195,401,UHF42,45,275.0,,,275,2379,asthma_ed_children,count,2016
1195,401,UHF42,46,259.0,,,259,2379,asthma_ed_children,count,2017
1195,401,UHF42,47,266.0,,,266,2379,asthma_ed_children,count,2018
1195,401,UHF42,48,220.0,,,220,2379,asthma_ed_children,count,2019
1195,401,UHF42,49,74.0,,"The start of COVID-19 in Spring 2020 reduced the overall volume of ED visits, including those for asthma, which may have contributed to decreases in asthma ED visit and hospitalization counts and rates in 2020.",74,2379,asthma_ed_children,count,2020
1195,401,UHF42,289,89.0,,,89,2379,asthma_ed_children,count,2021
1195,401,UHF42,296,151.0,,,151,2379,asthma_ed_children,count,2022
1195,401,UHF42,298,185.0,,,185,2379,asthma_ed_children,count,2023
1195,402,UHF42,9,790.0,,,790,2379,asthma_ed_children,count,2005
1195,402,UHF42,10,1042.0,,,"1,042",2379,asthma_ed_children,count,2006
1195,402,UHF42,11,939.0,,,939,2379,asthma_ed_children,count,2007
1195,402,UHF42,12,904.0,,,904,2379,asthma_ed_children,count,2008
1195,402,UHF42,13,1003.0,,,"1,003",2379,asthma_ed_children,count,2009
1195,402,UHF42,14,900.0,,,900,2379,asthma_ed_children,count,2010
1195,402,UHF42,38,1016.0,,,"1,016",2379,asthma_ed_children,count,2011
1195,402,UHF42,39,972.0,,,972,2379,asthma_ed_children,count,2012
1195,402,UHF42,40,718.0,,,718,2379,asthma_ed_children,count,2013
1195,402,UHF42,41,821.0,,,821,2379,asthma_ed_children,count,2014
1195,402,UHF42,44,1052.0,,,"1,052",2379,asthma_ed_children,count,2015
1195,402,UHF42,45,1060.0,,,"1,060",2379,asthma_ed_children,count,2016
1195,402,UHF42,46,949.0,,,949,2379,asthma_ed_children,count,2017
1195,402,UHF42,47,924.0,,,924,2379,asthma_ed_children,count,2018
1195,402,UHF42,48,715.0,,,715,2379,asthma_ed_children,count,2019
1195,402,UHF42,49,251.0,,"The start of COVID-19 in Spring 2020 reduced the overall volume of ED visits, including those for asthma, which may have contributed to decreases in asthma ED visit and hospitalization counts and rates in 2020.",251,2379,asthma_ed_children,count,2020
1195,402,UHF42,289,354.0,,,354,2379,asthma_ed_children,count,2021
1195,402,UHF42,296,624.0,,,624,2379,asthma_ed_children,count,2022
1195,402,UHF42,298,697.0,,,697,2379,asthma_ed_children,count,2023
1195,403,UHF42,9,270.0,,,270,2379,asthma_ed_children,count,2005
1195,403,UHF42,10,282.0,,,282,2379,asthma_ed_children,count,2006
1195,403,UHF42,11,259.0,,,259,2379,asthma_ed_children,count,2007
1195,403,UHF42,12,255.0,,,255,2379,asthma_ed_children,count,2008
1195,403,UHF42,13,271.0,,,271,2379,asthma_ed_children,count,2009
1195,403,UHF42,14,238.0,,,238,2379,asthma_ed_children,count,2010
1195,403,UHF42,38,255.0,,,255,2379,asthma_ed_children,count,2011
1195,403,UHF42,39,216.0,,,216,2379,asthma_ed_children,count,2012
1195,403,UHF42,40,254.0,,,254,2379,asthma_ed_children,count,2013
1195,403,UHF42,41,249.0,,,249,2379,asthma_ed_children,count,2014
1195,403,UHF42,44,228.0,,,228,2379,asthma_ed_children,count,2015
1195,403,UHF42,45,244.0,,,244,2379,asthma_ed_children,count,2016
1195,403,UHF42,46,204.0,,,204,2379,asthma_ed_children,count,2017
1195,403,UHF42,47,204.0,,,204,2379,asthma_ed_children,count,2018
1195,403,UHF42,48,171.0,,,171,2379,asthma_ed_children,count,2019
1195,403,UHF42,49,58.0,,"The start of COVID-19 in Spring 2020 reduced the overall volume of ED visits, including those for asthma, which may have contributed to decreases in asthma ED visit and hospitalization counts and rates in 2020.",58,2379,asthma_ed_children,count,2020
1195,403,UHF42,289,78.0,,,78,2379,asthma_ed_children,count,2021
1195,403,UHF42,296,181.0,,,181,2379,asthma_ed_children,count,2022
1195,403,UHF42,298,212.0,,,212,2379,asthma_ed_children,count,2023
1195,404,UHF42,9,38.0,,,38,2379,asthma_ed_children,count,2005
1195,404,UHF42,10,52.0,,,52,2379,asthma_ed_children,count,2006
1195,404,UHF42,11,60.0,,,60,2379,asthma_ed_children,count,2007
1195,404,UHF42,12,64.0,,,64,2379,asthma_ed_children,count,2008
1195,404,UHF42,13,62.0,,,62,2379,asthma_ed_children,count,2009
1195,404,UHF42,14,53.0,,,53,2379,asthma_ed_children,count,2010
1195,404,UHF42,38,38.0,,,38,2379,asthma_ed_children,count,2011
1195,404,UHF42,39,50.0,,,50,2379,asthma_ed_children,count,2012
1195,404,UHF42,40,40.0,,,40,2379,asthma_ed_children,count,2013
1195,404,UHF42,41,45.0,,,45,2379,asthma_ed_children,count,2014
1195,404,UHF42,44,50.0,,,50,2379,asthma_ed_children,count,2015
1195,404,UHF42,45,29.0,,,29,2379,asthma_ed_children,count,2016
1195,404,UHF42,46,27.0,,,27,2379,asthma_ed_children,count,2017
1195,404,UHF42,47,46.0,,,46,2379,asthma_ed_children,count,2018
1195,404,UHF42,48,27.0,,,27,2379,asthma_ed_children,count,2019
1195,404,UHF42,49,5.0,,* Estimate is based on small numbers so should be interpreted with caution.,5*,2379,asthma_ed_children,count,2020
1195,404,UHF42,289,28.0,,,28,2379,asthma_ed_children,count,2021
1195,404,UHF42,296,37.0,,,37,2379,asthma_ed_children,count,2022
1195,404,UHF42,298,41.0,,,41,2379,asthma_ed_children,count,2023
1195,405,UHF42,9,298.0,,,298,2379,asthma_ed_children,count,2005
1195,405,UHF42,10,253.0,,,253,2379,asthma_ed_children,count,2006
1195,405,UHF42,11,241.0,,,241,2379,asthma_ed_children,count,2007
1195,405,UHF42,12,252.0,,,252,2379,asthma_ed_children,count,2008
1195,405,UHF42,13,348.0,,,348,2379,asthma_ed_children,count,2009
1195,405,UHF42,14,345.0,,,345,2379,asthma_ed_children,count,2010
1195,405,UHF42,38,353.0,,,353,2379,asthma_ed_children,count,2011
1195,405,UHF42,39,348.0,,,348,2379,asthma_ed_children,count,2012
1195,405,UHF42,40,327.0,,,327,2379,asthma_ed_children,count,2013
1195,405,UHF42,41,327.0,,,327,2379,asthma_ed_children,count,2014
1195,405,UHF42,44,321.0,,,321,2379,asthma_ed_children,count,2015
1195,405,UHF42,45,291.0,,,291,2379,asthma_ed_children,count,2016
1195,405,UHF42,46,256.0,,,256,2379,asthma_ed_children,count,2017
1195,405,UHF42,47,237.0,,,237,2379,asthma_ed_children,count,2018
1195,405,UHF42,48,197.0,,,197,2379,asthma_ed_children,count,2019
1195,405,UHF42,49,74.0,,"The start of COVID-19 in Spring 2020 reduced the overall volume of ED visits, including those for asthma, which may have contributed to decreases in asthma ED visit and hospitalization counts and rates in 2020.",74,2379,asthma_ed_children,count,2020
1195,405,UHF42,289,97.0,,,97,2379,asthma_ed_children,count,2021
1195,405,UHF42,296,155.0,,,155,2379,asthma_ed_children,count,2022
1195,405,UHF42,298,173.0,,,173,2379,asthma_ed_children,count,2023
1195,406,UHF42,9,102.0,,,102,2379,asthma_ed_children,count,2005
1195,406,UHF42,10,125.0,,,125,2379,asthma_ed_children,count,2006
1195,406,UHF42,11,139.0,,,139,2379,asthma_ed_children,count,2007
1195,406,UHF42,12,109.0,,,109,2379,asthma_ed_children,count,2008
1195,406,UHF42,13,152.0,,,152,2379,asthma_ed_children,count,2009
1195,406,UHF42,14,149.0,,,149,2379,asthma_ed_children,count,2010
1195,406,UHF42,38,157.0,,,157,2379,asthma_ed_children,count,2011
1195,406,UHF42,39,157.0,,,157,2379,asthma_ed_children,count,2012
1195,406,UHF42,40,135.0,,,135,2379,asthma_ed_children,count,2013
1195,406,UHF42,41,152.0,,,152,2379,asthma_ed_children,count,2014
1195,406,UHF42,44,162.0,,,162,2379,asthma_ed_children,count,2015
1195,406,UHF42,45,148.0,,,148,2379,asthma_ed_children,count,2016
1195,406,UHF42,46,144.0,,,144,2379,asthma_ed_children,count,2017
1195,406,UHF42,47,147.0,,,147,2379,asthma_ed_children,count,2018
1195,406,UHF42,48,116.0,,,116,2379,asthma_ed_children,count,2019
1195,406,UHF42,49,45.0,,"The start of COVID-19 in Spring 2020 reduced the overall volume of ED visits, including those for asthma, which may have contributed to decreases in asthma ED visit and hospitalization counts and rates in 2020.",45,2379,asthma_ed_children,count,2020
1195,406,UHF42,289,42.0,,,42,2379,asthma_ed_children,count,2021
1195,406,UHF42,296,96.0,,,96,2379,asthma_ed_children,count,2022
1195,406,UHF42,298,108.0,,,108,2379,asthma_ed_children,count,2023
1195,407,UHF42,9,502.0,,,502,2379,asthma_ed_children,count,2005
1195,407,UHF42,10,589.0,,,589,2379,asthma_ed_children,count,2006
1195,407,UHF42,11,611.0,,,611,2379,asthma_ed_children,count,2007
1195,407,UHF42,12,576.0,,,576,2379,asthma_ed_children,count,2008
1195,407,UHF42,13,673.0,,,673,2379,asthma_ed_children,count,2009
1195,407,UHF42,14,700.0,,,700,2379,asthma_ed_children,count,2010
1195,407,UHF42,38,637.0,,,637,2379,asthma_ed_children,count,2011
1195,407,UHF42,39,675.0,,,675,2379,asthma_ed_children,count,2012
1195,407,UHF42,40,628.0,,,628,2379,asthma_ed_children,count,2013
1195,407,UHF42,41,666.0,,,666,2379,asthma_ed_children,count,2014
1195,407,UHF42,44,546.0,,,546,2379,asthma_ed_children,count,2015
1195,407,UHF42,45,574.0,,,574,2379,asthma_ed_children,count,2016
1195,407,UHF42,46,472.0,,,472,2379,asthma_ed_children,count,2017
1195,407,UHF42,47,386.0,,,386,2379,asthma_ed_children,count,2018
1195,407,UHF42,48,397.0,,,397,2379,asthma_ed_children,count,2019
1195,407,UHF42,49,135.0,,"The start of COVID-19 in Spring 2020 reduced the overall volume of ED visits, including those for asthma, which may have contributed to decreases in asthma ED visit and hospitalization counts and rates in 2020.",135,2379,asthma_ed_children,count,2020
1195,407,UHF42,289,216.0,,,216,2379,asthma_ed_children,count,2021
1195,407,UHF42,296,412.0,,,412,2379,asthma_ed_children,count,2022
1195,407,UHF42,298,390.0,,,390,2379,asthma_ed_children,count,2023
1195,408,UHF42,9,852.0,,,852,2379,asthma_ed_children,count,2005
1195,408,UHF42,10,952.0,,,952,2379,asthma_ed_children,count,2006
1195,408,UHF42,11,685.0,,,685,2379,asthma_ed_children,count,2007
1195,408,UHF42,12,714.0,,,714,2379,asthma_ed_children,count,2008
1195,408,UHF42,13,1023.0,,,"1,023",2379,asthma_ed_children,count,2009
1195,408,UHF42,14,1006.0,,,"1,006",2379,asthma_ed_children,count,2010
1195,408,UHF42,38,994.0,,,994,2379,asthma_ed_children,count,2011
1195,408,UHF42,39,937.0,,,937,2379,asthma_ed_children,count,2012
1195,408,UHF42,40,948.0,,,948,2379,asthma_ed_children,count,2013
1195,408,UHF42,41,888.0,,,888,2379,asthma_ed_children,count,2014
1195,408,UHF42,44,847.0,,,847,2379,asthma_ed_children,count,2015
1195,408,UHF42,45,901.0,,,901,2379,asthma_ed_children,count,2016
1195,408,UHF42,46,860.0,,,860,2379,asthma_ed_children,count,2017
1195,408,UHF42,47,624.0,,,624,2379,asthma_ed_children,count,2018
1195,408,UHF42,48,648.0,,,648,2379,asthma_ed_children,count,2019
1195,408,UHF42,49,235.0,,"The start of COVID-19 in Spring 2020 reduced the overall volume of ED visits, including those for asthma, which may have contributed to decreases in asthma ED visit and hospitalization counts and rates in 2020.",235,2379,asthma_ed_children,count,2020
1195,408,UHF42,289,322.0,,,322,2379,asthma_ed_children,count,2021
1195,408,UHF42,296,546.0,,,546,2379,asthma_ed_children,count,2022
1195,408,UHF42,298,622.0,,,622,2379,asthma_ed_children,count,2023
1195,409,UHF42,9,391.0,,,391,2379,asthma_ed_children,count,2005
1195,409,UHF42,10,393.0,,,393,2379,asthma_ed_children,count,2006
1195,409,UHF42,11,326.0,,,326,2379,asthma_ed_children,count,2007
1195,409,UHF42,12,319.0,,,319,2379,asthma_ed_children,count,2008
1195,409,UHF42,13,452.0,,,452,2379,asthma_ed_children,count,2009
1195,409,UHF42,14,456.0,,,456,2379,asthma_ed_children,count,2010
1195,409,UHF42,38,408.0,,,408,2379,asthma_ed_children,count,2011
1195,409,UHF42,39,445.0,,,445,2379,asthma_ed_children,count,2012
1195,409,UHF42,40,379.0,,,379,2379,asthma_ed_children,count,2013
1195,409,UHF42,41,332.0,,,332,2379,asthma_ed_children,count,2014
1195,409,UHF42,44,336.0,,,336,2379,asthma_ed_children,count,2015
1195,409,UHF42,45,297.0,,,297,2379,asthma_ed_children,count,2016
1195,409,UHF42,46,276.0,,,276,2379,asthma_ed_children,count,2017
1195,409,UHF42,47,281.0,,,281,2379,asthma_ed_children,count,2018
1195,409,UHF42,48,250.0,,,250,2379,asthma_ed_children,count,2019
1195,409,UHF42,49,96.0,,"The start of COVID-19 in Spring 2020 reduced the overall volume of ED visits, including those for asthma, which may have contributed to decreases in asthma ED visit and hospitalization counts and rates in 2020.",96,2379,asthma_ed_children,count,2020
1195,409,UHF42,289,140.0,,,140,2379,asthma_ed_children,count,2021
1195,409,UHF42,296,253.0,,,253,2379,asthma_ed_children,count,2022
1195,409,UHF42,298,274.0,,,274,2379,asthma_ed_children,count,2023
1195,410,UHF42,9,445.0,,,445,2379,asthma_ed_children,count,2005
1195,410,UHF42,10,460.0,,,460,2379,asthma_ed_children,count,2006
1195,410,UHF42,11,497.0,,,497,2379,asthma_ed_children,count,2007
1195,410,UHF42,12,423.0,,,423,2379,asthma_ed_children,count,2008
1195,410,UHF42,13,541.0,,,541,2379,asthma_ed_children,count,2009
1195,410,UHF42,14,459.0,,,459,2379,asthma_ed_children,count,2010
1195,410,UHF42,38,466.0,,,466,2379,asthma_ed_children,count,2011
1195,410,UHF42,39,418.0,,,418,2379,asthma_ed_children,count,2012
1195,410,UHF42,40,351.0,,,351,2379,asthma_ed_children,count,2013
1195,410,UHF42,41,344.0,,,344,2379,asthma_ed_children,count,2014
1195,410,UHF42,44,348.0,,,348,2379,asthma_ed_children,count,2015
1195,410,UHF42,45,378.0,,,378,2379,asthma_ed_children,count,2016
1195,410,UHF42,46,325.0,,,325,2379,asthma_ed_children,count,2017
1195,410,UHF42,47,369.0,,,369,2379,asthma_ed_children,count,2018
1195,410,UHF42,48,253.0,,,253,2379,asthma_ed_children,count,2019
1195,410,UHF42,49,109.0,,"The start of COVID-19 in Spring 2020 reduced the overall volume of ED visits, including those for asthma, which may have contributed to decreases in asthma ED visit and hospitalization counts and rates in 2020.",109,2379,asthma_ed_children,count,2020
1195,410,UHF42,289,188.0,,,188,2379,asthma_ed_children,count,2021
1195,410,UHF42,296,276.0,,,276,2379,asthma_ed_children,count,2022
1195,410,UHF42,298,299.0,,,299,2379,asthma_ed_children,count,2023
1195,501,UHF42,9,260.0,,,260,2379,asthma_ed_children,count,2005
1195,501,UHF42,10,267.0,,,267,2379,asthma_ed_children,count,2006
1195,501,UHF42,11,230.0,,,230,2379,asthma_ed_children,count,2007
1195,501,UHF42,12,207.0,,,207,2379,asthma_ed_children,count,2008
1195,501,UHF42,13,244.0,,,244,2379,asthma_ed_children,count,2009
1195,501,UHF42,14,221.0,,,221,2379,asthma_ed_children,count,2010
1195,501,UHF42,38,307.0,,,307,2379,asthma_ed_children,count,2011
1195,501,UHF42,39,288.0,,,288,2379,asthma_ed_children,count,2012
1195,501,UHF42,40,253.0,,,253,2379,asthma_ed_children,count,2013
1195,501,UHF42,41,304.0,,,304,2379,asthma_ed_children,count,2014
1195,501,UHF42,44,239.0,,,239,2379,asthma_ed_children,count,2015
1195,501,UHF42,45,223.0,,,223,2379,asthma_ed_children,count,2016
1195,501,UHF42,46,209.0,,,209,2379,asthma_ed_children,count,2017
1195,501,UHF42,47,201.0,,,201,2379,asthma_ed_children,count,2018
1195,501,UHF42,48,209.0,,,209,2379,asthma_ed_children,count,2019
1195,501,UHF42,49,75.0,,"The start of COVID-19 in Spring 2020 reduced the overall volume of ED visits, including those for asthma, which may have contributed to decreases in asthma ED visit and hospitalization counts and rates in 2020.",75,2379,asthma_ed_children,count,2020
1195,501,UHF42,289,117.0,,,117,2379,asthma_ed_children,count,2021
1195,501,UHF42,296,137.0,,,137,2379,asthma_ed_children,count,2022
1195,501,UHF42,298,141.0,,,141,2379,asthma_ed_children,count,2023
1195,502,UHF42,9,306.0,,,306,2379,asthma_ed_children,count,2005
1195,502,UHF42,10,349.0,,,349,2379,asthma_ed_children,count,2006
1195,502,UHF42,11,274.0,,,274,2379,asthma_ed_children,count,2007
1195,502,UHF42,12,289.0,,,289,2379,asthma_ed_children,count,2008
1195,502,UHF42,13,327.0,,,327,2379,asthma_ed_children,count,2009
1195,502,UHF42,14,351.0,,,351,2379,asthma_ed_children,count,2010
1195,502,UHF42,38,368.0,,,368,2379,asthma_ed_children,count,2011
1195,502,UHF42,39,337.0,,,337,2379,asthma_ed_children,count,2012
1195,502,UHF42,40,316.0,,,316,2379,asthma_ed_children,count,2013
1195,502,UHF42,41,314.0,,,314,2379,asthma_ed_children,count,2014
1195,502,UHF42,44,280.0,,,280,2379,asthma_ed_children,count,2015
1195,502,UHF42,45,244.0,,,244,2379,asthma_ed_children,count,2016
1195,502,UHF42,46,245.0,,,245,2379,asthma_ed_children,count,2017
1195,502,UHF42,47,300.0,,,300,2379,asthma_ed_children,count,2018
1195,502,UHF42,48,248.0,,,248,2379,asthma_ed_children,count,2019
1195,502,UHF42,49,97.0,,"The start of COVID-19 in Spring 2020 reduced the overall volume of ED visits, including those for asthma, which may have contributed to decreases in asthma ED visit and hospitalization counts and rates in 2020.",97,2379,asthma_ed_children,count,2020
1195,502,UHF42,289,134.0,,,134,2379,asthma_ed_children,count,2021
1195,502,UHF42,296,197.0,,,197,2379,asthma_ed_children,count,2022
1195,502,UHF42,298,184.0,,,184,2379,asthma_ed_children,count,2023
1195,503,UHF42,9,87.0,,,87,2379,asthma_ed_children,count,2005
1195,503,UHF42,10,85.0,,,85,2379,asthma_ed_children,count,2006
1195,503,UHF42,11,55.0,,,55,2379,asthma_ed_children,count,2007
1195,503,UHF42,12,69.0,,,69,2379,asthma_ed_children,count,2008
1195,503,UHF42,13,81.0,,,81,2379,asthma_ed_children,count,2009
1195,503,UHF42,14,69.0,,,69,2379,asthma_ed_children,count,2010
1195,503,UHF42,38,95.0,,,95,2379,asthma_ed_children,count,2011
1195,503,UHF42,39,90.0,,,90,2379,asthma_ed_children,count,2012
1195,503,UHF42,40,57.0,,,57,2379,asthma_ed_children,count,2013
1195,503,UHF42,41,71.0,,,71,2379,asthma_ed_children,count,2014
1195,503,UHF42,44,70.0,,,70,2379,asthma_ed_children,count,2015
1195,503,UHF42,45,58.0,,,58,2379,asthma_ed_children,count,2016
1195,503,UHF42,46,55.0,,,55,2379,asthma_ed_children,count,2017
1195,503,UHF42,47,47.0,,,47,2379,asthma_ed_children,count,2018
1195,503,UHF42,48,50.0,,,50,2379,asthma_ed_children,count,2019
1195,503,UHF42,49,23.0,,"The start of COVID-19 in Spring 2020 reduced the overall volume of ED visits, including those for asthma, which may have contributed to decreases in asthma ED visit and hospitalization counts and rates in 2020.",23,2379,asthma_ed_children,count,2020
1195,503,UHF42,289,29.0,,,29,2379,asthma_ed_children,count,2021
1195,503,UHF42,296,42.0,,,42,2379,asthma_ed_children,count,2022
1195,503,UHF42,298,42.0,,,42,2379,asthma_ed_children,count,2023
1195,504,UHF42,9,164.0,,,164,2379,asthma_ed_children,count,2005
1195,504,UHF42,10,133.0,,,133,2379,asthma_ed_children,count,2006
1195,504,UHF42,11,122.0,,,122,2379,asthma_ed_children,count,2007
1195,504,UHF42,12,139.0,,,139,2379,asthma_ed_children,count,2008
1195,504,UHF42,13,152.0,,,152,2379,asthma_ed_children,count,2009
1195,504,UHF42,14,164.0,,,164,2379,asthma_ed_children,count,2010
1195,504,UHF42,38,147.0,,,147,2379,asthma_ed_children,count,2011
1195,504,UHF42,39,169.0,,,169,2379,asthma_ed_children,count,2012
1195,504,UHF42,40,134.0,,,134,2379,asthma_ed_children,count,2013
1195,504,UHF42,41,150.0,,,150,2379,asthma_ed_children,count,2014
1195,504,UHF42,44,132.0,,,132,2379,asthma_ed_children,count,2015
1195,504,UHF42,45,107.0,,,107,2379,asthma_ed_children,count,2016
1195,504,UHF42,46,109.0,,,109,2379,asthma_ed_children,count,2017
1195,504,UHF42,47,87.0,,,87,2379,asthma_ed_children,count,2018
1195,504,UHF42,48,72.0,,,72,2379,asthma_ed_children,count,2019
1195,504,UHF42,49,23.0,,"The start of COVID-19 in Spring 2020 reduced the overall volume of ED visits, including those for asthma, which may have contributed to decreases in asthma ED visit and hospitalization counts and rates in 2020.",23,2379,asthma_ed_children,count,2020
1195,504,UHF42,289,35.0,,,35,2379,asthma_ed_children,count,2021
1195,504,UHF42,296,77.0,,,77,2379,asthma_ed_children,count,2022
1195,504,UHF42,298,72.0,,,72,2379,asthma_ed_children,count,2023
1196,101,UHF42,9,101.7,,,101.7,2379,asthma_ed_children,rate_per_10k,2005
1196,101,UHF42,10,96.2,,,96.2,2379,asthma_ed_children,rate_per_10k,2006
1196,101,UHF42,11,110.2,,,110.2,2379,asthma_ed_children,rate_per_10k,2007
1196,101,UHF42,12,105.1,,,105.1,2379,asthma_ed_children,rate_per_10k,2008
1196,101,UHF42,13,127.3,,,127.3,2379,asthma_ed_children,rate_per_10k,2009
1196,101,UHF42,14,125.3,,,125.3,2379,asthma_ed_children,rate_per_10k,2010
1196,101,UHF42,38,132.5,,,132.5,2379,asthma_ed_children,rate_per_10k,2011
1196,101,UHF42,39,167.0,,,167.0,2379,asthma_ed_children,rate_per_10k,2012
1196,101,UHF42,40,226.7,,,226.7,2379,asthma_ed_children,rate_per_10k,2013
1196,101,UHF42,41,216.0,,,216.0,2379,asthma_ed_children,rate_per_10k,2014
1196,101,UHF42,44,195.6,,,195.6,2379,asthma_ed_children,rate_per_10k,2015
1196,101,UHF42,45,177.3,,,177.3,2379,asthma_ed_children,rate_per_10k,2016
1196,101,UHF42,46,132.6,,,132.6,2379,asthma_ed_children,rate_per_10k,2017
1196,101,UHF42,47,144.5,,,144.5,2379,asthma_ed_children,rate_per_10k,2018
1196,101,UHF42,48,110.5,,,110.5,2379,asthma_ed_children,rate_per_10k,2019
1196,101,UHF42,49,39.2,,"The start of COVID-19 in Spring 2020 reduced the overall volume of ED visits, including those for asthma, which may have contributed to decreases in asthma ED visit and hospitalization counts and rates in 2020.",39.2,2379,asthma_ed_children,rate_per_10k,2020
1196,101,UHF42,289,60.2,,,60.2,2379,asthma_ed_children,rate_per_10k,2021
1196,101,UHF42,296,100.5,,,100.5,2379,asthma_ed_children,rate_per_10k,2022
1196,101,UHF42,298,134.3,,,134.3,2379,asthma_ed_children,rate_per_10k,2023
1196,102,UHF42,9,192.6,,,192.6,2379,asthma_ed_children,rate_per_10k,2005
1196,102,UHF42,10,229.7,,,229.7,2379,asthma_ed_children,rate_per_10k,2006
1196,102,UHF42,11,219.2,,,219.2,2379,asthma_ed_children,rate_per_10k,2007
1196,102,UHF42,12,238.4,,,238.4,2379,asthma_ed_children,rate_per_10k,2008
1196,102,UHF42,13,151.4,,,151.4,2379,asthma_ed_children,rate_per_10k,2009
1196,102,UHF42,14,146.5,,,146.5,2379,asthma_ed_children,rate_per_10k,2010
1196,102,UHF42,38,153.9,,,153.9,2379,asthma_ed_children,rate_per_10k,2011
1196,102,UHF42,39,252.1,,,252.1,2379,asthma_ed_children,rate_per_10k,2012
1196,102,UHF42,40,357.7,,,357.7,2379,asthma_ed_children,rate_per_10k,2013
1196,102,UHF42,41,347.0,,,347.0,2379,asthma_ed_children,rate_per_10k,2014
1196,102,UHF42,44,301.9,,,301.9,2379,asthma_ed_children,rate_per_10k,2015
1196,102,UHF42,45,287.4,,,287.4,2379,asthma_ed_children,rate_per_10k,2016
1196,102,UHF42,46,238.1,,,238.1,2379,asthma_ed_children,rate_per_10k,2017
1196,102,UHF42,47,212.3,,,212.3,2379,asthma_ed_children,rate_per_10k,2018
1196,102,UHF42,48,191.5,,,191.5,2379,asthma_ed_children,rate_per_10k,2019
1196,102,UHF42,49,75.0,,"The start of COVID-19 in Spring 2020 reduced the overall volume of ED visits, including those for asthma, which may have contributed to decreases in asthma ED visit and hospitalization counts and rates in 2020.",75.0,2379,asthma_ed_children,rate_per_10k,2020
1196,102,UHF42,289,114.8,,,114.8,2379,asthma_ed_children,rate_per_10k,2021
1196,102,UHF42,296,186.0,,,186.0,2379,asthma_ed_children,rate_per_10k,2022
1196,102,UHF42,298,180.2,,,180.2,2379,asthma_ed_children,rate_per_10k,2023
1196,103,UHF42,9,228.4,,,228.4,2379,asthma_ed_children,rate_per_10k,2005
1196,103,UHF42,10,236.6,,,236.6,2379,asthma_ed_children,rate_per_10k,2006
1196,103,UHF42,11,243.8,,,243.8,2379,asthma_ed_children,rate_per_10k,2007
1196,103,UHF42,12,228.3,,,228.3,2379,asthma_ed_children,rate_per_10k,2008
1196,103,UHF42,13,262.5,,,262.5,2379,asthma_ed_children,rate_per_10k,2009
1196,103,UHF42,14,241.3,,,241.3,2379,asthma_ed_children,rate_per_10k,2010
1196,103,UHF42,38,257.9,,,257.9,2379,asthma_ed_children,rate_per_10k,2011
1196,103,UHF42,39,368.8,,,368.8,2379,asthma_ed_children,rate_per_10k,2012
1196,103,UHF42,40,461.0,,,461.0,2379,asthma_ed_children,rate_per_10k,2013
1196,103,UHF42,41,463.7,,,463.7,2379,asthma_ed_children,rate_per_10k,2014
1196,103,UHF42,44,443.6,,,443.6,2379,asthma_ed_children,rate_per_10k,2015
1196,103,UHF42,45,417.6,,,417.6,2379,asthma_ed_children,rate_per_10k,2016
1196,103,UHF42,46,324.7,,,324.7,2379,asthma_ed_children,rate_per_10k,2017
1196,103,UHF42,47,310.8,,,310.8,2379,asthma_ed_children,rate_per_10k,2018
1196,103,UHF42,48,256.1,,,256.1,2379,asthma_ed_children,rate_per_10k,2019
1196,103,UHF42,49,86.4,,"The start of COVID-19 in Spring 2020 reduced the overall volume of ED visits, including those for asthma, which may have contributed to decreases in asthma ED visit and hospitalization counts and rates in 2020.",86.4,2379,asthma_ed_children,rate_per_10k,2020
1196,103,UHF42,289,122.0,,,122.0,2379,asthma_ed_children,rate_per_10k,2021
1196,103,UHF42,296,228.5,,,228.5,2379,asthma_ed_children,rate_per_10k,2022
1196,103,UHF42,298,254.9,,,254.9,2379,asthma_ed_children,rate_per_10k,2023
1196,104,UHF42,9,211.0,,,211.0,2379,asthma_ed_children,rate_per_10k,2005
1196,104,UHF42,10,265.5,,,265.5,2379,asthma_ed_children,rate_per_10k,2006
1196,104,UHF42,11,257.8,,,257.8,2379,asthma_ed_children,rate_per_10k,2007
1196,104,UHF42,12,237.6,,,237.6,2379,asthma_ed_children,rate_per_10k,2008
1196,104,UHF42,13,198.2,,,198.2,2379,asthma_ed_children,rate_per_10k,2009
1196,104,UHF42,14,241.6,,,241.6,2379,asthma_ed_children,rate_per_10k,2010
1196,104,UHF42,38,304.7,,,304.7,2379,asthma_ed_children,rate_per_10k,2011
1196,104,UHF42,39,327.6,,,327.6,2379,asthma_ed_children,rate_per_10k,2012
1196,104,UHF42,40,321.7,,,321.7,2379,asthma_ed_children,rate_per_10k,2013
1196,104,UHF42,41,311.6,,,311.6,2379,asthma_ed_children,rate_per_10k,2014
1196,104,UHF42,44,303.2,,,303.2,2379,asthma_ed_children,rate_per_10k,2015
1196,104,UHF42,45,286.4,,,286.4,2379,asthma_ed_children,rate_per_10k,2016
1196,104,UHF42,46,224.6,,,224.6,2379,asthma_ed_children,rate_per_10k,2017
1196,104,UHF42,47,195.0,,,195.0,2379,asthma_ed_children,rate_per_10k,2018
1196,104,UHF42,48,191.7,,,191.7,2379,asthma_ed_children,rate_per_10k,2019
1196,104,UHF42,49,68.6,,"The start of COVID-19 in Spring 2020 reduced the overall volume of ED visits, including those for asthma, which may have contributed to decreases in asthma ED visit and hospitalization counts and rates in 2020.",68.6,2379,asthma_ed_children,rate_per_10k,2020
1196,104,UHF42,289,115.2,,,115.2,2379,asthma_ed_children,rate_per_10k,2021
1196,104,UHF42,296,174.5,,,174.5,2379,asthma_ed_children,rate_per_10k,2022
1196,104,UHF42,298,199.5,,,199.5,2379,asthma_ed_children,rate_per_10k,2023
1196,105,UHF42,9,340.4,,,340.4,2379,asthma_ed_children,rate_per_10k,2005
1196,105,UHF42,10,388.7,,,388.7,2379,asthma_ed_children,rate_per_10k,2006
1196,105,UHF42,11,356.2,,,356.2,2379,asthma_ed_children,rate_per_10k,2007
1196,105,UHF42,12,338.3,,,338.3,2379,asthma_ed_children,rate_per_10k,2008
1196,105,UHF42,13,317.7,,,317.7,2379,asthma_ed_children,rate_per_10k,2009
1196,105,UHF42,14,357.8,,,357.8,2379,asthma_ed_children,rate_per_10k,2010
1196,105,UHF42,38,370.3,,,370.3,2379,asthma_ed_children,rate_per_10k,2011
1196,105,UHF42,39,414.0,,,414.0,2379,asthma_ed_children,rate_per_10k,2012
1196,105,UHF42,40,438.9,,,438.9,2379,asthma_ed_children,rate_per_10k,2013
1196,105,UHF42,41,443.1,,,443.1,2379,asthma_ed_children,rate_per_10k,2014
1196,105,UHF42,44,450.6,,,450.6,2379,asthma_ed_children,rate_per_10k,2015
1196,105,UHF42,45,426.6,,,426.6,2379,asthma_ed_children,rate_per_10k,2016
1196,105,UHF42,46,352.1,,,352.1,2379,asthma_ed_children,rate_per_10k,2017
1196,105,UHF42,47,361.9,,,361.9,2379,asthma_ed_children,rate_per_10k,2018
1196,105,UHF42,48,268.1,,,268.1,2379,asthma_ed_children,rate_per_10k,2019
1196,105,UHF42,49,115.1,,"The start of COVID-19 in Spring 2020 reduced the overall volume of ED visits, including those for asthma, which may have contributed to decreases in asthma ED visit and hospitalization counts and rates in 2020.",115.1,2379,asthma_ed_children,rate_per_10k,2020
1196,105,UHF42,289,156.8,,,156.8,2379,asthma_ed_children,rate_per_10k,2021
1196,105,UHF42,296,248.2,,,248.2,2379,asthma_ed_children,rate_per_10k,2022
1196,105,UHF42,298,258.9,,,258.9,2379,asthma_ed_children,rate_per_10k,2023
1196,106,UHF42,9,342.3,,,342.3,2379,asthma_ed_children,rate_per_10k,2005
1196,106,UHF42,10,411.3,,,411.3,2379,asthma_ed_children,rate_per_10k,2006
1196,106,UHF42,11,367.4,,,367.4,2379,asthma_ed_children,rate_per_10k,2007
1196,106,UHF42,12,382.9,,,382.9,2379,asthma_ed_children,rate_per_10k,2008
1196,106,UHF42,13,378.5,,,378.5,2379,asthma_ed_children,rate_per_10k,2009
1196,106,UHF42,14,398.2,,,398.2,2379,asthma_ed_children,rate_per_10k,2010
1196,106,UHF42,38,447.3,,,447.3,2379,asthma_ed_children,rate_per_10k,2011
1196,106,UHF42,39,448.7,,,448.7,2379,asthma_ed_children,rate_per_10k,2012
1196,106,UHF42,40,468.3,,,468.3,2379,asthma_ed_children,rate_per_10k,2013
1196,106,UHF42,41,483.9,,,483.9,2379,asthma_ed_children,rate_per_10k,2014
1196,106,UHF42,44,481.3,,,481.3,2379,asthma_ed_children,rate_per_10k,2015
1196,106,UHF42,45,488.2,,,488.2,2379,asthma_ed_children,rate_per_10k,2016
1196,106,UHF42,46,387.8,,,387.8,2379,asthma_ed_children,rate_per_10k,2017
1196,106,UHF42,47,386.9,,,386.9,2379,asthma_ed_children,rate_per_10k,2018
1196,106,UHF42,48,339.5,,,339.5,2379,asthma_ed_children,rate_per_10k,2019
1196,106,UHF42,49,134.3,,"The start of COVID-19 in Spring 2020 reduced the overall volume of ED visits, including those for asthma, which may have contributed to decreases in asthma ED visit and hospitalization counts and rates in 2020.",134.3,2379,asthma_ed_children,rate_per_10k,2020
1196,106,UHF42,289,171.1,,,171.1,2379,asthma_ed_children,rate_per_10k,2021
1196,106,UHF42,296,284.3,,,284.3,2379,asthma_ed_children,rate_per_10k,2022
1196,106,UHF42,298,287.9,,,287.9,2379,asthma_ed_children,rate_per_10k,2023
1196,107,UHF42,9,362.2,,,362.2,2379,asthma_ed_children,rate_per_10k,2005
1196,107,UHF42,10,440.2,,,440.2,2379,asthma_ed_children,rate_per_10k,2006
1196,107,UHF42,11,410.0,,,410.0,2379,asthma_ed_children,rate_per_10k,2007
1196,107,UHF42,12,403.3,,,403.3,2379,asthma_ed_children,rate_per_10k,2008
1196,107,UHF42,13,492.0,,,492.0,2379,asthma_ed_children,rate_per_10k,2009
1196,107,UHF42,14,404.7,,,404.7,2379,asthma_ed_children,rate_per_10k,2010
1196,107,UHF42,38,470.3,,,470.3,2379,asthma_ed_children,rate_per_10k,2011
1196,107,UHF42,39,487.5,,,487.5,2379,asthma_ed_children,rate_per_10k,2012
1196,107,UHF42,40,517.7,,,517.7,2379,asthma_ed_children,rate_per_10k,2013
1196,107,UHF42,41,503.7,,,503.7,2379,asthma_ed_children,rate_per_10k,2014
1196,107,UHF42,44,497.9,,,497.9,2379,asthma_ed_children,rate_per_10k,2015
1196,107,UHF42,45,498.6,,,498.6,2379,asthma_ed_children,rate_per_10k,2016
1196,107,UHF42,46,425.5,,,425.5,2379,asthma_ed_children,rate_per_10k,2017
1196,107,UHF42,47,416.5,,,416.5,2379,asthma_ed_children,rate_per_10k,2018
1196,107,UHF42,48,354.5,,,354.5,2379,asthma_ed_children,rate_per_10k,2019
1196,107,UHF42,49,142.8,,"The start of COVID-19 in Spring 2020 reduced the overall volume of ED visits, including those for asthma, which may have contributed to decreases in asthma ED visit and hospitalization counts and rates in 2020.",142.8,2379,asthma_ed_children,rate_per_10k,2020
1196,107,UHF42,289,190.0,,,190.0,2379,asthma_ed_children,rate_per_10k,2021
1196,107,UHF42,296,294.5,,,294.5,2379,asthma_ed_children,rate_per_10k,2022
1196,107,UHF42,298,266.2,,,266.2,2379,asthma_ed_children,rate_per_10k,2023
1196,201,UHF42,9,110.5,,,110.5,2379,asthma_ed_children,rate_per_10k,2005
1196,201,UHF42,10,102.2,,,102.2,2379,asthma_ed_children,rate_per_10k,2006
1196,201,UHF42,11,151.2,,,151.2,2379,asthma_ed_children,rate_per_10k,2007
1196,201,UHF42,12,95.1,,,95.1,2379,asthma_ed_children,rate_per_10k,2008
1196,201,UHF42,13,125.3,,,125.3,2379,asthma_ed_children,rate_per_10k,2009
1196,201,UHF42,14,109.1,,,109.1,2379,asthma_ed_children,rate_per_10k,2010
1196,201,UHF42,38,85.8,,,85.8,2379,asthma_ed_children,rate_per_10k,2011
1196,201,UHF42,39,109.1,,,109.1,2379,asthma_ed_children,rate_per_10k,2012
1196,201,UHF42,40,101.2,,,101.2,2379,asthma_ed_children,rate_per_10k,2013
1196,201,UHF42,41,84.5,,,84.5,2379,asthma_ed_children,rate_per_10k,2014
1196,201,UHF42,44,78.7,,,78.7,2379,asthma_ed_children,rate_per_10k,2015
1196,201,UHF42,45,72.5,,,72.5,2379,asthma_ed_children,rate_per_10k,2016
1196,201,UHF42,46,55.2,,,55.2,2379,asthma_ed_children,rate_per_10k,2017
1196,201,UHF42,47,52.3,,,52.3,2379,asthma_ed_children,rate_per_10k,2018
1196,201,UHF42,48,61.8,,,61.8,2379,asthma_ed_children,rate_per_10k,2019
1196,201,UHF42,49,13.1,,"The start of COVID-19 in Spring 2020 reduced the overall volume of ED visits, including those for asthma, which may have contributed to decreases in asthma ED visit and hospitalization counts and rates in 2020.",13.1,2379,asthma_ed_children,rate_per_10k,2020
1196,201,UHF42,289,24.0,,,24.0,2379,asthma_ed_children,rate_per_10k,2021
1196,201,UHF42,296,42.7,,,42.7,2379,asthma_ed_children,rate_per_10k,2022
1196,201,UHF42,298,48.9,,,48.9,2379,asthma_ed_children,rate_per_10k,2023
1196,202,UHF42,9,162.3,,,162.3,2379,asthma_ed_children,rate_per_10k,2005
1196,202,UHF42,10,158.3,,,158.3,2379,asthma_ed_children,rate_per_10k,2006
1196,202,UHF42,11,141.2,,,141.2,2379,asthma_ed_children,rate_per_10k,2007
1196,202,UHF42,12,151.2,,,151.2,2379,asthma_ed_children,rate_per_10k,2008
1196,202,UHF42,13,137.4,,,137.4,2379,asthma_ed_children,rate_per_10k,2009
1196,202,UHF42,14,150.4,,,150.4,2379,asthma_ed_children,rate_per_10k,2010
1196,202,UHF42,38,181.4,,,181.4,2379,asthma_ed_children,rate_per_10k,2011
1196,202,UHF42,39,172.5,,,172.5,2379,asthma_ed_children,rate_per_10k,2012
1196,202,UHF42,40,166.6,,,166.6,2379,asthma_ed_children,rate_per_10k,2013
1196,202,UHF42,41,146.4,,,146.4,2379,asthma_ed_children,rate_per_10k,2014
1196,202,UHF42,44,148.9,,,148.9,2379,asthma_ed_children,rate_per_10k,2015
1196,202,UHF42,45,146.7,,,146.7,2379,asthma_ed_children,rate_per_10k,2016
1196,202,UHF42,46,115.7,,,115.7,2379,asthma_ed_children,rate_per_10k,2017
1196,202,UHF42,47,153.3,,,153.3,2379,asthma_ed_children,rate_per_10k,2018
1196,202,UHF42,48,107.6,,,107.6,2379,asthma_ed_children,rate_per_10k,2019
1196,202,UHF42,49,43.4,,"The start of COVID-19 in Spring 2020 reduced the overall volume of ED visits, including those for asthma, which may have contributed to decreases in asthma ED visit and hospitalization counts and rates in 2020.",43.4,2379,asthma_ed_children,rate_per_10k,2020
1196,202,UHF42,289,59.0,,,59.0,2379,asthma_ed_children,rate_per_10k,2021
1196,202,UHF42,296,100.8,,,100.8,2379,asthma_ed_children,rate_per_10k,2022
1196,202,UHF42,298,114.0,,,114.0,2379,asthma_ed_children,rate_per_10k,2023
1196,203,UHF42,9,286.2,,,286.2,2379,asthma_ed_children,rate_per_10k,2005
1196,203,UHF42,10,288.8,,,288.8,2379,asthma_ed_children,rate_per_10k,2006
1196,203,UHF42,11,280.2,,,280.2,2379,asthma_ed_children,rate_per_10k,2007
1196,203,UHF42,12,287.2,,,287.2,2379,asthma_ed_children,rate_per_10k,2008
1196,203,UHF42,13,304.0,,,304.0,2379,asthma_ed_children,rate_per_10k,2009
1196,203,UHF42,14,338.0,,,338.0,2379,asthma_ed_children,rate_per_10k,2010
1196,203,UHF42,38,361.4,,,361.4,2379,asthma_ed_children,rate_per_10k,2011
1196,203,UHF42,39,386.1,,,386.1,2379,asthma_ed_children,rate_per_10k,2012
1196,203,UHF42,40,385.1,,,385.1,2379,asthma_ed_children,rate_per_10k,2013
1196,203,UHF42,41,396.0,,,396.0,2379,asthma_ed_children,rate_per_10k,2014
1196,203,UHF42,44,363.7,,,363.7,2379,asthma_ed_children,rate_per_10k,2015
1196,203,UHF42,45,373.4,,,373.4,2379,asthma_ed_children,rate_per_10k,2016
1196,203,UHF42,46,307.5,,,307.5,2379,asthma_ed_children,rate_per_10k,2017
1196,203,UHF42,47,324.1,,,324.1,2379,asthma_ed_children,rate_per_10k,2018
1196,203,UHF42,48,275.8,,,275.8,2379,asthma_ed_children,rate_per_10k,2019
1196,203,UHF42,49,113.1,,"The start of COVID-19 in Spring 2020 reduced the overall volume of ED visits, including those for asthma, which may have contributed to decreases in asthma ED visit and hospitalization counts and rates in 2020.",113.1,2379,asthma_ed_children,rate_per_10k,2020
1196,203,UHF42,289,120.9,,,120.9,2379,asthma_ed_children,rate_per_10k,2021
1196,203,UHF42,296,222.9,,,222.9,2379,asthma_ed_children,rate_per_10k,2022
1196,203,UHF42,298,259.1,,,259.1,2379,asthma_ed_children,rate_per_10k,2023
1196,204,UHF42,9,269.3,,,269.3,2379,asthma_ed_children,rate_per_10k,2005
1196,204,UHF42,10,253.8,,,253.8,2379,asthma_ed_children,rate_per_10k,2006
1196,204,UHF42,11,259.4,,,259.4,2379,asthma_ed_children,rate_per_10k,2007
1196,204,UHF42,12,271.8,,,271.8,2379,asthma_ed_children,rate_per_10k,2008
1196,204,UHF42,13,287.7,,,287.7,2379,asthma_ed_children,rate_per_10k,2009
1196,204,UHF42,14,294.1,,,294.1,2379,asthma_ed_children,rate_per_10k,2010
1196,204,UHF42,38,322.4,,,322.4,2379,asthma_ed_children,rate_per_10k,2011
1196,204,UHF42,39,329.4,,,329.4,2379,asthma_ed_children,rate_per_10k,2012
1196,204,UHF42,40,343.0,,,343.0,2379,asthma_ed_children,rate_per_10k,2013
1196,204,UHF42,41,372.8,,,372.8,2379,asthma_ed_children,rate_per_10k,2014
1196,204,UHF42,44,324.7,,,324.7,2379,asthma_ed_children,rate_per_10k,2015
1196,204,UHF42,45,356.6,,,356.6,2379,asthma_ed_children,rate_per_10k,2016
1196,204,UHF42,46,301.3,,,301.3,2379,asthma_ed_children,rate_per_10k,2017
1196,204,UHF42,47,292.7,,,292.7,2379,asthma_ed_children,rate_per_10k,2018
1196,204,UHF42,48,259.3,,,259.3,2379,asthma_ed_children,rate_per_10k,2019
1196,204,UHF42,49,112.2,,"The start of COVID-19 in Spring 2020 reduced the overall volume of ED visits, including those for asthma, which may have contributed to decreases in asthma ED visit and hospitalization counts and rates in 2020.",112.2,2379,asthma_ed_children,rate_per_10k,2020
1196,204,UHF42,289,101.4,,,101.4,2379,asthma_ed_children,rate_per_10k,2021
1196,204,UHF42,296,224.5,,,224.5,2379,asthma_ed_children,rate_per_10k,2022
1196,204,UHF42,298,215.1,,,215.1,2379,asthma_ed_children,rate_per_10k,2023
1196,205,UHF42,9,71.5,,,71.5,2379,asthma_ed_children,rate_per_10k,2005
1196,205,UHF42,10,63.4,,,63.4,2379,asthma_ed_children,rate_per_10k,2006
1196,205,UHF42,11,86.8,,,86.8,2379,asthma_ed_children,rate_per_10k,2007
1196,205,UHF42,12,86.6,,,86.6,2379,asthma_ed_children,rate_per_10k,2008
1196,205,UHF42,13,84.1,,,84.1,2379,asthma_ed_children,rate_per_10k,2009
1196,205,UHF42,14,85.0,,,85.0,2379,asthma_ed_children,rate_per_10k,2010
1196,205,UHF42,38,111.0,,,111.0,2379,asthma_ed_children,rate_per_10k,2011
1196,205,UHF42,39,113.6,,,113.6,2379,asthma_ed_children,rate_per_10k,2012
1196,205,UHF42,40,107.2,,,107.2,2379,asthma_ed_children,rate_per_10k,2013
1196,205,UHF42,41,101.4,,,101.4,2379,asthma_ed_children,rate_per_10k,2014
1196,205,UHF42,44,98.5,,,98.5,2379,asthma_ed_children,rate_per_10k,2015
1196,205,UHF42,45,102.5,,,102.5,2379,asthma_ed_children,rate_per_10k,2016
1196,205,UHF42,46,85.8,,,85.8,2379,asthma_ed_children,rate_per_10k,2017
1196,205,UHF42,47,91.0,,,91.0,2379,asthma_ed_children,rate_per_10k,2018
1196,205,UHF42,48,77.4,,,77.4,2379,asthma_ed_children,rate_per_10k,2019
1196,205,UHF42,49,21.7,,"The start of COVID-19 in Spring 2020 reduced the overall volume of ED visits, including those for asthma, which may have contributed to decreases in asthma ED visit and hospitalization counts and rates in 2020.",21.7,2379,asthma_ed_children,rate_per_10k,2020
1196,205,UHF42,289,32.3,,,32.3,2379,asthma_ed_children,rate_per_10k,2021
1196,205,UHF42,296,65.8,,,65.8,2379,asthma_ed_children,rate_per_10k,2022
1196,205,UHF42,298,87.4,,,87.4,2379,asthma_ed_children,rate_per_10k,2023
1196,206,UHF42,9,19.8,,,19.8,2379,asthma_ed_children,rate_per_10k,2005
1196,206,UHF42,10,27.0,,,27.0,2379,asthma_ed_children,rate_per_10k,2006
1196,206,UHF42,11,21.0,,,21.0,2379,asthma_ed_children,rate_per_10k,2007
1196,206,UHF42,12,23.8,,,23.8,2379,asthma_ed_children,rate_per_10k,2008
1196,206,UHF42,13,30.0,,,30.0,2379,asthma_ed_children,rate_per_10k,2009
1196,206,UHF42,14,29.4,,,29.4,2379,asthma_ed_children,rate_per_10k,2010
1196,206,UHF42,38,47.8,,,47.8,2379,asthma_ed_children,rate_per_10k,2011
1196,206,UHF42,39,48.7,,,48.7,2379,asthma_ed_children,rate_per_10k,2012
1196,206,UHF42,40,43.5,,,43.5,2379,asthma_ed_children,rate_per_10k,2013
1196,206,UHF42,41,40.9,,,40.9,2379,asthma_ed_children,rate_per_10k,2014
1196,206,UHF42,44,35.0,,,35.0,2379,asthma_ed_children,rate_per_10k,2015
1196,206,UHF42,45,44.6,,,44.6,2379,asthma_ed_children,rate_per_10k,2016
1196,206,UHF42,46,27.4,,,27.4,2379,asthma_ed_children,rate_per_10k,2017
1196,206,UHF42,47,35.5,,,35.5,2379,asthma_ed_children,rate_per_10k,2018
1196,206,UHF42,48,27.6,,,27.6,2379,asthma_ed_children,rate_per_10k,2019
1196,206,UHF42,49,11.2,,"The start of COVID-19 in Spring 2020 reduced the overall volume of ED visits, including those for asthma, which may have contributed to decreases in asthma ED visit and hospitalization counts and rates in 2020.",11.2,2379,asthma_ed_children,rate_per_10k,2020
1196,206,UHF42,289,11.4,,,11.4,2379,asthma_ed_children,rate_per_10k,2021
1196,206,UHF42,296,22.0,,,22.0,2379,asthma_ed_children,rate_per_10k,2022
1196,206,UHF42,298,29.2,,,29.2,2379,asthma_ed_children,rate_per_10k,2023
1196,207,UHF42,9,166.1,,,166.1,2379,asthma_ed_children,rate_per_10k,2005
1196,207,UHF42,10,184.8,,,184.8,2379,asthma_ed_children,rate_per_10k,2006
1196,207,UHF42,11,193.8,,,193.8,2379,asthma_ed_children,rate_per_10k,2007
1196,207,UHF42,12,180.0,,,180.0,2379,asthma_ed_children,rate_per_10k,2008
1196,207,UHF42,13,190.8,,,190.8,2379,asthma_ed_children,rate_per_10k,2009
1196,207,UHF42,14,205.3,,,205.3,2379,asthma_ed_children,rate_per_10k,2010
1196,207,UHF42,38,233.8,,,233.8,2379,asthma_ed_children,rate_per_10k,2011
1196,207,UHF42,39,250.1,,,250.1,2379,asthma_ed_children,rate_per_10k,2012
1196,207,UHF42,40,243.0,,,243.0,2379,asthma_ed_children,rate_per_10k,2013
1196,207,UHF42,41,251.1,,,251.1,2379,asthma_ed_children,rate_per_10k,2014
1196,207,UHF42,44,255.5,,,255.5,2379,asthma_ed_children,rate_per_10k,2015
1196,207,UHF42,45,261.5,,,261.5,2379,asthma_ed_children,rate_per_10k,2016
1196,207,UHF42,46,199.7,,,199.7,2379,asthma_ed_children,rate_per_10k,2017
1196,207,UHF42,47,225.5,,,225.5,2379,asthma_ed_children,rate_per_10k,2018
1196,207,UHF42,48,168.9,,,168.9,2379,asthma_ed_children,rate_per_10k,2019
1196,207,UHF42,49,64.8,,"The start of COVID-19 in Spring 2020 reduced the overall volume of ED visits, including those for asthma, which may have contributed to decreases in asthma ED visit and hospitalization counts and rates in 2020.",64.8,2379,asthma_ed_children,rate_per_10k,2020
1196,207,UHF42,289,104.8,,,104.8,2379,asthma_ed_children,rate_per_10k,2021
1196,207,UHF42,296,160.9,,,160.9,2379,asthma_ed_children,rate_per_10k,2022
1196,207,UHF42,298,174.1,,,174.1,2379,asthma_ed_children,rate_per_10k,2023
1196,208,UHF42,9,116.1,,,116.1,2379,asthma_ed_children,rate_per_10k,2005
1196,208,UHF42,10,126.7,,,126.7,2379,asthma_ed_children,rate_per_10k,2006
1196,208,UHF42,11,121.2,,,121.2,2379,asthma_ed_children,rate_per_10k,2007
1196,208,UHF42,12,125.4,,,125.4,2379,asthma_ed_children,rate_per_10k,2008
1196,208,UHF42,13,147.4,,,147.4,2379,asthma_ed_children,rate_per_10k,2009
1196,208,UHF42,14,148.4,,,148.4,2379,asthma_ed_children,rate_per_10k,2010
1196,208,UHF42,38,153.7,,,153.7,2379,asthma_ed_children,rate_per_10k,2011
1196,208,UHF42,39,175.1,,,175.1,2379,asthma_ed_children,rate_per_10k,2012
1196,208,UHF42,40,165.7,,,165.7,2379,asthma_ed_children,rate_per_10k,2013
1196,208,UHF42,41,157.8,,,157.8,2379,asthma_ed_children,rate_per_10k,2014
1196,208,UHF42,44,166.9,,,166.9,2379,asthma_ed_children,rate_per_10k,2015
1196,208,UHF42,45,171.8,,,171.8,2379,asthma_ed_children,rate_per_10k,2016
1196,208,UHF42,46,137.7,,,137.7,2379,asthma_ed_children,rate_per_10k,2017
1196,208,UHF42,47,148.6,,,148.6,2379,asthma_ed_children,rate_per_10k,2018
1196,208,UHF42,48,139.9,,,139.9,2379,asthma_ed_children,rate_per_10k,2019
1196,208,UHF42,49,50.6,,"The start of COVID-19 in Spring 2020 reduced the overall volume of ED visits, including those for asthma, which may have contributed to decreases in asthma ED visit and hospitalization counts and rates in 2020.",50.6,2379,asthma_ed_children,rate_per_10k,2020
1196,208,UHF42,289,66.8,,,66.8,2379,asthma_ed_children,rate_per_10k,2021
1196,208,UHF42,296,140.4,,,140.4,2379,asthma_ed_children,rate_per_10k,2022
1196,208,UHF42,298,147.9,,,147.9,2379,asthma_ed_children,rate_per_10k,2023
1196,209,UHF42,9,24.5,,,24.5,2379,asthma_ed_children,rate_per_10k,2005
1196,209,UHF42,10,26.8,,,26.8,2379,asthma_ed_children,rate_per_10k,2006
1196,209,UHF42,11,34.3,,,34.3,2379,asthma_ed_children,rate_per_10k,2007
1196,209,UHF42,12,28.6,,,28.6,2379,asthma_ed_children,rate_per_10k,2008
1196,209,UHF42,13,32.2,,,32.2,2379,asthma_ed_children,rate_per_10k,2009
1196,209,UHF42,14,38.1,,,38.1,2379,asthma_ed_children,rate_per_10k,2010
1196,209,UHF42,38,46.8,,,46.8,2379,asthma_ed_children,rate_per_10k,2011
1196,209,UHF42,39,46.4,,,46.4,2379,asthma_ed_children,rate_per_10k,2012
1196,209,UHF42,40,37.9,,,37.9,2379,asthma_ed_children,rate_per_10k,2013
1196,209,UHF42,41,39.3,,,39.3,2379,asthma_ed_children,rate_per_10k,2014
1196,209,UHF42,44,37.4,,,37.4,2379,asthma_ed_children,rate_per_10k,2015
1196,209,UHF42,45,52.9,,,52.9,2379,asthma_ed_children,rate_per_10k,2016
1196,209,UHF42,46,27.6,,,27.6,2379,asthma_ed_children,rate_per_10k,2017
1196,209,UHF42,47,38.6,,,38.6,2379,asthma_ed_children,rate_per_10k,2018
1196,209,UHF42,48,30.8,,,30.8,2379,asthma_ed_children,rate_per_10k,2019
1196,209,UHF42,49,11.5,,"The start of COVID-19 in Spring 2020 reduced the overall volume of ED visits, including those for asthma, which may have contributed to decreases in asthma ED visit and hospitalization counts and rates in 2020.",11.5,2379,asthma_ed_children,rate_per_10k,2020
1196,209,UHF42,289,14.2,,,14.2,2379,asthma_ed_children,rate_per_10k,2021
1196,209,UHF42,296,33.1,,,33.1,2379,asthma_ed_children,rate_per_10k,2022
1196,209,UHF42,298,38.5,,,38.5,2379,asthma_ed_children,rate_per_10k,2023
1196,210,UHF42,9,65.6,,,65.6,2379,asthma_ed_children,rate_per_10k,2005
1196,210,UHF42,10,67.9,,,67.9,2379,asthma_ed_children,rate_per_10k,2006
1196,210,UHF42,11,68.3,,,68.3,2379,asthma_ed_children,rate_per_10k,2007
1196,210,UHF42,12,63.1,,,63.1,2379,asthma_ed_children,rate_per_10k,2008
1196,210,UHF42,13,69.7,,,69.7,2379,asthma_ed_children,rate_per_10k,2009
1196,210,UHF42,14,69.0,,,69.0,2379,asthma_ed_children,rate_per_10k,2010
1196,210,UHF42,38,75.5,,,75.5,2379,asthma_ed_children,rate_per_10k,2011
1196,210,UHF42,39,76.4,,,76.4,2379,asthma_ed_children,rate_per_10k,2012
1196,210,UHF42,40,72.1,,,72.1,2379,asthma_ed_children,rate_per_10k,2013
1196,210,UHF42,41,82.3,,,82.3,2379,asthma_ed_children,rate_per_10k,2014
1196,210,UHF42,44,79.7,,,79.7,2379,asthma_ed_children,rate_per_10k,2015
1196,210,UHF42,45,83.1,,,83.1,2379,asthma_ed_children,rate_per_10k,2016
1196,210,UHF42,46,72.9,,,72.9,2379,asthma_ed_children,rate_per_10k,2017
1196,210,UHF42,47,74.7,,,74.7,2379,asthma_ed_children,rate_per_10k,2018
1196,210,UHF42,48,57.0,,,57.0,2379,asthma_ed_children,rate_per_10k,2019
1196,210,UHF42,49,25.8,,"The start of COVID-19 in Spring 2020 reduced the overall volume of ED visits, including those for asthma, which may have contributed to decreases in asthma ED visit and hospitalization counts and rates in 2020.",25.8,2379,asthma_ed_children,rate_per_10k,2020
1196,210,UHF42,289,42.3,,,42.3,2379,asthma_ed_children,rate_per_10k,2021
1196,210,UHF42,296,73.8,,,73.8,2379,asthma_ed_children,rate_per_10k,2022
1196,210,UHF42,298,74.0,,,74.0,2379,asthma_ed_children,rate_per_10k,2023
1196,211,UHF42,9,345.0,,,345.0,2379,asthma_ed_children,rate_per_10k,2005
1196,211,UHF42,10,291.1,,,291.1,2379,asthma_ed_children,rate_per_10k,2006
1196,211,UHF42,11,295.2,,,295.2,2379,asthma_ed_children,rate_per_10k,2007
1196,211,UHF42,12,305.9,,,305.9,2379,asthma_ed_children,rate_per_10k,2008
1196,211,UHF42,13,335.4,,,335.4,2379,asthma_ed_children,rate_per_10k,2009
1196,211,UHF42,14,320.3,,,320.3,2379,asthma_ed_children,rate_per_10k,2010
1196,211,UHF42,38,336.0,,,336.0,2379,asthma_ed_children,rate_per_10k,2011
1196,211,UHF42,39,358.1,,,358.1,2379,asthma_ed_children,rate_per_10k,2012
1196,211,UHF42,40,359.5,,,359.5,2379,asthma_ed_children,rate_per_10k,2013
1196,211,UHF42,41,364.8,,,364.8,2379,asthma_ed_children,rate_per_10k,2014
1196,211,UHF42,44,330.5,,,330.5,2379,asthma_ed_children,rate_per_10k,2015
1196,211,UHF42,45,327.2,,,327.2,2379,asthma_ed_children,rate_per_10k,2016
1196,211,UHF42,46,262.6,,,262.6,2379,asthma_ed_children,rate_per_10k,2017
1196,211,UHF42,47,246.7,,,246.7,2379,asthma_ed_children,rate_per_10k,2018
1196,211,UHF42,48,216.8,,,216.8,2379,asthma_ed_children,rate_per_10k,2019
1196,211,UHF42,49,71.9,,"The start of COVID-19 in Spring 2020 reduced the overall volume of ED visits, including those for asthma, which may have contributed to decreases in asthma ED visit and hospitalization counts and rates in 2020.",71.9,2379,asthma_ed_children,rate_per_10k,2020
1196,211,UHF42,289,109.5,,,109.5,2379,asthma_ed_children,rate_per_10k,2021
1196,211,UHF42,296,181.7,,,181.7,2379,asthma_ed_children,rate_per_10k,2022
1196,211,UHF42,298,159.4,,,159.4,2379,asthma_ed_children,rate_per_10k,2023
1196,301,UHF42,9,257.4,,,257.4,2379,asthma_ed_children,rate_per_10k,2005
1196,301,UHF42,10,226.3,,,226.3,2379,asthma_ed_children,rate_per_10k,2006
1196,301,UHF42,11,228.8,,,228.8,2379,asthma_ed_children,rate_per_10k,2007
1196,301,UHF42,12,231.6,,,231.6,2379,asthma_ed_children,rate_per_10k,2008
1196,301,UHF42,13,235.4,,,235.4,2379,asthma_ed_children,rate_per_10k,2009
1196,301,UHF42,14,236.0,,,236.0,2379,asthma_ed_children,rate_per_10k,2010
1196,301,UHF42,38,236.0,,,236.0,2379,asthma_ed_children,rate_per_10k,2011
1196,301,UHF42,39,222.7,,,222.7,2379,asthma_ed_children,rate_per_10k,2012
1196,301,UHF42,40,233.5,,,233.5,2379,asthma_ed_children,rate_per_10k,2013
1196,301,UHF42,41,241.2,,,241.2,2379,asthma_ed_children,rate_per_10k,2014
1196,301,UHF42,44,224.1,,,224.1,2379,asthma_ed_children,rate_per_10k,2015
1196,301,UHF42,45,223.3,,,223.3,2379,asthma_ed_children,rate_per_10k,2016
1196,301,UHF42,46,170.3,,,170.3,2379,asthma_ed_children,rate_per_10k,2017
1196,301,UHF42,47,197.2,,,197.2,2379,asthma_ed_children,rate_per_10k,2018
1196,301,UHF42,48,146.9,,,146.9,2379,asthma_ed_children,rate_per_10k,2019
1196,301,UHF42,49,45.1,,"The start of COVID-19 in Spring 2020 reduced the overall volume of ED visits, including those for asthma, which may have contributed to decreases in asthma ED visit and hospitalization counts and rates in 2020.",45.1,2379,asthma_ed_children,rate_per_10k,2020
1196,301,UHF42,289,92.3,,,92.3,2379,asthma_ed_children,rate_per_10k,2021
1196,301,UHF42,296,143.2,,,143.2,2379,asthma_ed_children,rate_per_10k,2022
1196,301,UHF42,298,153.7,,,153.7,2379,asthma_ed_children,rate_per_10k,2023
1196,302,UHF42,9,687.1,,,687.1,2379,asthma_ed_children,rate_per_10k,2005
1196,302,UHF42,10,554.1,,,554.1,2379,asthma_ed_children,rate_per_10k,2006
1196,302,UHF42,11,566.4,,,566.4,2379,asthma_ed_children,rate_per_10k,2007
1196,302,UHF42,12,541.9,,,541.9,2379,asthma_ed_children,rate_per_10k,2008
1196,302,UHF42,13,587.1,,,587.1,2379,asthma_ed_children,rate_per_10k,2009
1196,302,UHF42,14,544.6,,,544.6,2379,asthma_ed_children,rate_per_10k,2010
1196,302,UHF42,38,565.4,,,565.4,2379,asthma_ed_children,rate_per_10k,2011
1196,302,UHF42,39,579.0,,,579.0,2379,asthma_ed_children,rate_per_10k,2012
1196,302,UHF42,40,562.5,,,562.5,2379,asthma_ed_children,rate_per_10k,2013
1196,302,UHF42,41,525.5,,,525.5,2379,asthma_ed_children,rate_per_10k,2014
1196,302,UHF42,44,522.7,,,522.7,2379,asthma_ed_children,rate_per_10k,2015
1196,302,UHF42,45,565.4,,,565.4,2379,asthma_ed_children,rate_per_10k,2016
1196,302,UHF42,46,436.7,,,436.7,2379,asthma_ed_children,rate_per_10k,2017
1196,302,UHF42,47,448.4,,,448.4,2379,asthma_ed_children,rate_per_10k,2018
1196,302,UHF42,48,359.3,,,359.3,2379,asthma_ed_children,rate_per_10k,2019
1196,302,UHF42,49,139.9,,"The start of COVID-19 in Spring 2020 reduced the overall volume of ED visits, including those for asthma, which may have contributed to decreases in asthma ED visit and hospitalization counts and rates in 2020.",139.9,2379,asthma_ed_children,rate_per_10k,2020
1196,302,UHF42,289,230.7,,,230.7,2379,asthma_ed_children,rate_per_10k,2021
1196,302,UHF42,296,328.0,,,328.0,2379,asthma_ed_children,rate_per_10k,2022
1196,302,UHF42,298,345.8,,,345.8,2379,asthma_ed_children,rate_per_10k,2023
1196,303,UHF42,9,485.7,,,485.7,2379,asthma_ed_children,rate_per_10k,2005
1196,303,UHF42,10,570.9,,,570.9,2379,asthma_ed_children,rate_per_10k,2006
1196,303,UHF42,11,601.7,,,601.7,2379,asthma_ed_children,rate_per_10k,2007
1196,303,UHF42,12,615.6,,,615.6,2379,asthma_ed_children,rate_per_10k,2008
1196,303,UHF42,13,610.9,,,610.9,2379,asthma_ed_children,rate_per_10k,2009
1196,303,UHF42,14,509.0,,,509.0,2379,asthma_ed_children,rate_per_10k,2010
1196,303,UHF42,38,580.5,,,580.5,2379,asthma_ed_children,rate_per_10k,2011
1196,303,UHF42,39,592.9,,,592.9,2379,asthma_ed_children,rate_per_10k,2012
1196,303,UHF42,40,602.9,,,602.9,2379,asthma_ed_children,rate_per_10k,2013
1196,303,UHF42,41,571.9,,,571.9,2379,asthma_ed_children,rate_per_10k,2014
1196,303,UHF42,44,593.0,,,593.0,2379,asthma_ed_children,rate_per_10k,2015
1196,303,UHF42,45,579.6,,,579.6,2379,asthma_ed_children,rate_per_10k,2016
1196,303,UHF42,46,482.2,,,482.2,2379,asthma_ed_children,rate_per_10k,2017
1196,303,UHF42,47,485.3,,,485.3,2379,asthma_ed_children,rate_per_10k,2018
1196,303,UHF42,48,432.8,,,432.8,2379,asthma_ed_children,rate_per_10k,2019
1196,303,UHF42,49,141.1,,"The start of COVID-19 in Spring 2020 reduced the overall volume of ED visits, including those for asthma, which may have contributed to decreases in asthma ED visit and hospitalization counts and rates in 2020.",141.1,2379,asthma_ed_children,rate_per_10k,2020
1196,303,UHF42,289,186.8,,,186.8,2379,asthma_ed_children,rate_per_10k,2021
1196,303,UHF42,296,307.9,,,307.9,2379,asthma_ed_children,rate_per_10k,2022
1196,303,UHF42,298,355.8,,,355.8,2379,asthma_ed_children,rate_per_10k,2023
1196,304,UHF42,9,260.3,,,260.3,2379,asthma_ed_children,rate_per_10k,2005
1196,304,UHF42,10,153.8,,,153.8,2379,asthma_ed_children,rate_per_10k,2006
1196,304,UHF42,11,158.2,,,158.2,2379,asthma_ed_children,rate_per_10k,2007
1196,304,UHF42,12,157.6,,,157.6,2379,asthma_ed_children,rate_per_10k,2008
1196,304,UHF42,13,168.5,,,168.5,2379,asthma_ed_children,rate_per_10k,2009
1196,304,UHF42,14,147.8,,,147.8,2379,asthma_ed_children,rate_per_10k,2010
1196,304,UHF42,38,160.0,,,160.0,2379,asthma_ed_children,rate_per_10k,2011
1196,304,UHF42,39,159.6,,,159.6,2379,asthma_ed_children,rate_per_10k,2012
1196,304,UHF42,40,151.9,,,151.9,2379,asthma_ed_children,rate_per_10k,2013
1196,304,UHF42,41,161.1,,,161.1,2379,asthma_ed_children,rate_per_10k,2014
1196,304,UHF42,44,129.7,,,129.7,2379,asthma_ed_children,rate_per_10k,2015
1196,304,UHF42,45,134.7,,,134.7,2379,asthma_ed_children,rate_per_10k,2016
1196,304,UHF42,46,118.3,,,118.3,2379,asthma_ed_children,rate_per_10k,2017
1196,304,UHF42,47,111.0,,,111.0,2379,asthma_ed_children,rate_per_10k,2018
1196,304,UHF42,48,94.9,,,94.9,2379,asthma_ed_children,rate_per_10k,2019
1196,304,UHF42,49,38.7,,"The start of COVID-19 in Spring 2020 reduced the overall volume of ED visits, including those for asthma, which may have contributed to decreases in asthma ED visit and hospitalization counts and rates in 2020.",38.7,2379,asthma_ed_children,rate_per_10k,2020
1196,304,UHF42,289,40.4,,,40.4,2379,asthma_ed_children,rate_per_10k,2021
1196,304,UHF42,296,74.7,,,74.7,2379,asthma_ed_children,rate_per_10k,2022
1196,304,UHF42,298,90.8,,,90.8,2379,asthma_ed_children,rate_per_10k,2023
1196,305,UHF42,9,68.5,,,68.5,2379,asthma_ed_children,rate_per_10k,2005
1196,305,UHF42,10,72.1,,,72.1,2379,asthma_ed_children,rate_per_10k,2006
1196,305,UHF42,11,62.1,,,62.1,2379,asthma_ed_children,rate_per_10k,2007
1196,305,UHF42,12,71.1,,,71.1,2379,asthma_ed_children,rate_per_10k,2008
1196,305,UHF42,13,65.7,,,65.7,2379,asthma_ed_children,rate_per_10k,2009
1196,305,UHF42,14,65.1,,,65.1,2379,asthma_ed_children,rate_per_10k,2010
1196,305,UHF42,38,74.5,,,74.5,2379,asthma_ed_children,rate_per_10k,2011
1196,305,UHF42,39,51.0,,,51.0,2379,asthma_ed_children,rate_per_10k,2012
1196,305,UHF42,40,47.8,,,47.8,2379,asthma_ed_children,rate_per_10k,2013
1196,305,UHF42,41,54.2,,,54.2,2379,asthma_ed_children,rate_per_10k,2014
1196,305,UHF42,44,54.9,,,54.9,2379,asthma_ed_children,rate_per_10k,2015
1196,305,UHF42,45,38.9,,,38.9,2379,asthma_ed_children,rate_per_10k,2016
1196,305,UHF42,46,27.0,,,27.0,2379,asthma_ed_children,rate_per_10k,2017
1196,305,UHF42,47,45.3,,,45.3,2379,asthma_ed_children,rate_per_10k,2018
1196,305,UHF42,48,33.7,,,33.7,2379,asthma_ed_children,rate_per_10k,2019
1196,305,UHF42,49,12.3,,"The start of COVID-19 in Spring 2020 reduced the overall volume of ED visits, including those for asthma, which may have contributed to decreases in asthma ED visit and hospitalization counts and rates in 2020.",12.3,2379,asthma_ed_children,rate_per_10k,2020
1196,305,UHF42,289,23.2,,,23.2,2379,asthma_ed_children,rate_per_10k,2021
1196,305,UHF42,296,39.4,,,39.4,2379,asthma_ed_children,rate_per_10k,2022
1196,305,UHF42,298,23.9,,,23.9,2379,asthma_ed_children,rate_per_10k,2023
1196,306,UHF42,9,231.9,,,231.9,2379,asthma_ed_children,rate_per_10k,2005
1196,306,UHF42,10,199.8,,,199.8,2379,asthma_ed_children,rate_per_10k,2006
1196,306,UHF42,11,200.9,,,200.9,2379,asthma_ed_children,rate_per_10k,2007
1196,306,UHF42,12,151.8,,,151.8,2379,asthma_ed_children,rate_per_10k,2008
1196,306,UHF42,13,202.6,,,202.6,2379,asthma_ed_children,rate_per_10k,2009
1196,306,UHF42,14,163.5,,,163.5,2379,asthma_ed_children,rate_per_10k,2010
1196,306,UHF42,38,157.6,,,157.6,2379,asthma_ed_children,rate_per_10k,2011
1196,306,UHF42,39,186.1,,,186.1,2379,asthma_ed_children,rate_per_10k,2012
1196,306,UHF42,40,147.8,,,147.8,2379,asthma_ed_children,rate_per_10k,2013
1196,306,UHF42,41,147.6,,,147.6,2379,asthma_ed_children,rate_per_10k,2014
1196,306,UHF42,44,155.6,,,155.6,2379,asthma_ed_children,rate_per_10k,2015
1196,306,UHF42,45,168.7,,,168.7,2379,asthma_ed_children,rate_per_10k,2016
1196,306,UHF42,46,139.2,,,139.2,2379,asthma_ed_children,rate_per_10k,2017
1196,306,UHF42,47,130.5,,,130.5,2379,asthma_ed_children,rate_per_10k,2018
1196,306,UHF42,48,146.6,,,146.6,2379,asthma_ed_children,rate_per_10k,2019
1196,306,UHF42,49,44.5,,"The start of COVID-19 in Spring 2020 reduced the overall volume of ED visits, including those for asthma, which may have contributed to decreases in asthma ED visit and hospitalization counts and rates in 2020.",44.5,2379,asthma_ed_children,rate_per_10k,2020
1196,306,UHF42,289,50.2,,,50.2,2379,asthma_ed_children,rate_per_10k,2021
1196,306,UHF42,296,140.2,,,140.2,2379,asthma_ed_children,rate_per_10k,2022
1196,306,UHF42,298,129.9,,,129.9,2379,asthma_ed_children,rate_per_10k,2023
1196,307,UHF42,9,93.6,,,93.6,2379,asthma_ed_children,rate_per_10k,2005
1196,307,UHF42,10,118.6,,,118.6,2379,asthma_ed_children,rate_per_10k,2006
1196,307,UHF42,11,124.8,,,124.8,2379,asthma_ed_children,rate_per_10k,2007
1196,307,UHF42,12,149.7,,,149.7,2379,asthma_ed_children,rate_per_10k,2008
1196,307,UHF42,13,131.0,,,131.0,2379,asthma_ed_children,rate_per_10k,2009
1196,307,UHF42,14,141.1,,,141.1,2379,asthma_ed_children,rate_per_10k,2010
1196,307,UHF42,38,116.8,,,116.8,2379,asthma_ed_children,rate_per_10k,2011
1196,307,UHF42,39,123.9,,,123.9,2379,asthma_ed_children,rate_per_10k,2012
1196,307,UHF42,40,123.8,,,123.8,2379,asthma_ed_children,rate_per_10k,2013
1196,307,UHF42,41,131.2,,,131.2,2379,asthma_ed_children,rate_per_10k,2014
1196,307,UHF42,44,116.6,,,116.6,2379,asthma_ed_children,rate_per_10k,2015
1196,307,UHF42,45,140.4,,,140.4,2379,asthma_ed_children,rate_per_10k,2016
1196,307,UHF42,46,90.3,,,90.3,2379,asthma_ed_children,rate_per_10k,2017
1196,307,UHF42,47,78.7,,,78.7,2379,asthma_ed_children,rate_per_10k,2018
1196,307,UHF42,48,72.6,,,72.6,2379,asthma_ed_children,rate_per_10k,2019
1196,307,UHF42,49,31.2,,"The start of COVID-19 in Spring 2020 reduced the overall volume of ED visits, including those for asthma, which may have contributed to decreases in asthma ED visit and hospitalization counts and rates in 2020.",31.2,2379,asthma_ed_children,rate_per_10k,2020
1196,307,UHF42,289,33.5,,,33.5,2379,asthma_ed_children,rate_per_10k,2021
1196,307,UHF42,296,47.0,,,47.0,2379,asthma_ed_children,rate_per_10k,2022
1196,307,UHF42,298,99.9,,,99.9,2379,asthma_ed_children,rate_per_10k,2023
1196,308,UHF42,9,38.0,,,38.0,2379,asthma_ed_children,rate_per_10k,2005
1196,308,UHF42,10,53.1,,,53.1,2379,asthma_ed_children,rate_per_10k,2006
1196,308,UHF42,11,32.3,,,32.3,2379,asthma_ed_children,rate_per_10k,2007
1196,308,UHF42,12,37.7,,,37.7,2379,asthma_ed_children,rate_per_10k,2008
1196,308,UHF42,13,48.7,,,48.7,2379,asthma_ed_children,rate_per_10k,2009
1196,308,UHF42,14,53.0,,,53.0,2379,asthma_ed_children,rate_per_10k,2010
1196,308,UHF42,38,56.0,,,56.0,2379,asthma_ed_children,rate_per_10k,2011
1196,308,UHF42,39,32.3,,,32.3,2379,asthma_ed_children,rate_per_10k,2012
1196,308,UHF42,40,33.7,,,33.7,2379,asthma_ed_children,rate_per_10k,2013
1196,308,UHF42,41,40.7,,,40.7,2379,asthma_ed_children,rate_per_10k,2014
1196,308,UHF42,44,29.1,,,29.1,2379,asthma_ed_children,rate_per_10k,2015
1196,308,UHF42,45,37.6,,,37.6,2379,asthma_ed_children,rate_per_10k,2016
1196,308,UHF42,46,20.1,,,20.1,2379,asthma_ed_children,rate_per_10k,2017
1196,308,UHF42,47,31.4,,,31.4,2379,asthma_ed_children,rate_per_10k,2018
1196,308,UHF42,48,32.6,,,32.6,2379,asthma_ed_children,rate_per_10k,2019
1196,308,UHF42,49,8.1,,* Estimate is based on small numbers so should be interpreted with caution.,8.1*,2379,asthma_ed_children,rate_per_10k,2020
1196,308,UHF42,289,6.9,,* Estimate is based on small numbers so should be interpreted with caution.,6.9*,2379,asthma_ed_children,rate_per_10k,2021
1196,308,UHF42,296,27.1,,,27.1,2379,asthma_ed_children,rate_per_10k,2022
1196,308,UHF42,298,47.9,,,47.9,2379,asthma_ed_children,rate_per_10k,2023
1196,309,UHF42,9,201.6,,,201.6,2379,asthma_ed_children,rate_per_10k,2005
1196,309,UHF42,10,210.4,,,210.4,2379,asthma_ed_children,rate_per_10k,2006
1196,309,UHF42,11,242.2,,,242.2,2379,asthma_ed_children,rate_per_10k,2007
1196,309,UHF42,12,220.5,,,220.5,2379,asthma_ed_children,rate_per_10k,2008
1196,309,UHF42,13,240.4,,,240.4,2379,asthma_ed_children,rate_per_10k,2009
1196,309,UHF42,14,219.3,,,219.3,2379,asthma_ed_children,rate_per_10k,2010
1196,309,UHF42,38,298.2,,,298.2,2379,asthma_ed_children,rate_per_10k,2011
1196,309,UHF42,39,322.4,,,322.4,2379,asthma_ed_children,rate_per_10k,2012
1196,309,UHF42,40,251.7,,,251.7,2379,asthma_ed_children,rate_per_10k,2013
1196,309,UHF42,41,249.0,,,249.0,2379,asthma_ed_children,rate_per_10k,2014
1196,309,UHF42,44,272.8,,,272.8,2379,asthma_ed_children,rate_per_10k,2015
1196,309,UHF42,45,264.9,,,264.9,2379,asthma_ed_children,rate_per_10k,2016
1196,309,UHF42,46,212.4,,,212.4,2379,asthma_ed_children,rate_per_10k,2017
1196,309,UHF42,47,228.3,,,228.3,2379,asthma_ed_children,rate_per_10k,2018
1196,309,UHF42,48,216.3,,,216.3,2379,asthma_ed_children,rate_per_10k,2019
1196,309,UHF42,49,83.7,,"The start of COVID-19 in Spring 2020 reduced the overall volume of ED visits, including those for asthma, which may have contributed to decreases in asthma ED visit and hospitalization counts and rates in 2020.",83.7,2379,asthma_ed_children,rate_per_10k,2020
1196,309,UHF42,289,96.9,,,96.9,2379,asthma_ed_children,rate_per_10k,2021
1196,309,UHF42,296,169.7,,,169.7,2379,asthma_ed_children,rate_per_10k,2022
1196,309,UHF42,298,159.7,,,159.7,2379,asthma_ed_children,rate_per_10k,2023
1196,310,UHF42,9,78.0,,,78.0,2379,asthma_ed_children,rate_per_10k,2005
1196,310,UHF42,10,115.3,,,115.3,2379,asthma_ed_children,rate_per_10k,2006
1196,310,UHF42,11,84.3,,,84.3,2379,asthma_ed_children,rate_per_10k,2007
1196,310,UHF42,12,92.5,,,92.5,2379,asthma_ed_children,rate_per_10k,2008
1196,310,UHF42,13,97.5,,,97.5,2379,asthma_ed_children,rate_per_10k,2009
1196,310,UHF42,14,81.0,,,81.0,2379,asthma_ed_children,rate_per_10k,2010
1196,310,UHF42,38,160.8,,,160.8,2379,asthma_ed_children,rate_per_10k,2011
1196,310,UHF42,39,98.5,,,98.5,2379,asthma_ed_children,rate_per_10k,2012
1196,310,UHF42,40,123.4,,,123.4,2379,asthma_ed_children,rate_per_10k,2013
1196,310,UHF42,41,166.4,,,166.4,2379,asthma_ed_children,rate_per_10k,2014
1196,310,UHF42,44,111.2,,,111.2,2379,asthma_ed_children,rate_per_10k,2015
1196,310,UHF42,45,140.4,,,140.4,2379,asthma_ed_children,rate_per_10k,2016
1196,310,UHF42,46,81.0,,,81.0,2379,asthma_ed_children,rate_per_10k,2017
1196,310,UHF42,47,102.6,,,102.6,2379,asthma_ed_children,rate_per_10k,2018
1196,310,UHF42,48,98.8,,,98.8,2379,asthma_ed_children,rate_per_10k,2019
1196,310,UHF42,49,23.0,,"The start of COVID-19 in Spring 2020 reduced the overall volume of ED visits, including those for asthma, which may have contributed to decreases in asthma ED visit and hospitalization counts and rates in 2020.",23.0,2379,asthma_ed_children,rate_per_10k,2020
1196,310,UHF42,289,53.8,,,53.8,2379,asthma_ed_children,rate_per_10k,2021
1196,310,UHF42,296,72.0,,,72.0,2379,asthma_ed_children,rate_per_10k,2022
1196,310,UHF42,298,109.5,,,109.5,2379,asthma_ed_children,rate_per_10k,2023
1196,401,UHF42,9,139.3,,,139.3,2379,asthma_ed_children,rate_per_10k,2005
1196,401,UHF42,10,165.2,,,165.2,2379,asthma_ed_children,rate_per_10k,2006
1196,401,UHF42,11,175.8,,,175.8,2379,asthma_ed_children,rate_per_10k,2007
1196,401,UHF42,12,159.7,,,159.7,2379,asthma_ed_children,rate_per_10k,2008
1196,401,UHF42,13,150.5,,,150.5,2379,asthma_ed_children,rate_per_10k,2009
1196,401,UHF42,14,167.5,,,167.5,2379,asthma_ed_children,rate_per_10k,2010
1196,401,UHF42,38,187.1,,,187.1,2379,asthma_ed_children,rate_per_10k,2011
1196,401,UHF42,39,146.0,,,146.0,2379,asthma_ed_children,rate_per_10k,2012
1196,401,UHF42,40,119.2,,,119.2,2379,asthma_ed_children,rate_per_10k,2013
1196,401,UHF42,41,130.1,,,130.1,2379,asthma_ed_children,rate_per_10k,2014
1196,401,UHF42,44,131.8,,,131.8,2379,asthma_ed_children,rate_per_10k,2015
1196,401,UHF42,45,122.8,,,122.8,2379,asthma_ed_children,rate_per_10k,2016
1196,401,UHF42,46,122.1,,,122.1,2379,asthma_ed_children,rate_per_10k,2017
1196,401,UHF42,47,125.4,,,125.4,2379,asthma_ed_children,rate_per_10k,2018
1196,401,UHF42,48,103.9,,,103.9,2379,asthma_ed_children,rate_per_10k,2019
1196,401,UHF42,49,33.8,,"The start of COVID-19 in Spring 2020 reduced the overall volume of ED visits, including those for asthma, which may have contributed to decreases in asthma ED visit and hospitalization counts and rates in 2020.",33.8,2379,asthma_ed_children,rate_per_10k,2020
1196,401,UHF42,289,42.7,,,42.7,2379,asthma_ed_children,rate_per_10k,2021
1196,401,UHF42,296,72.9,,,72.9,2379,asthma_ed_children,rate_per_10k,2022
1196,401,UHF42,298,91.3,,,91.3,2379,asthma_ed_children,rate_per_10k,2023
1196,402,UHF42,9,115.1,,,115.1,2379,asthma_ed_children,rate_per_10k,2005
1196,402,UHF42,10,153.0,,,153.0,2379,asthma_ed_children,rate_per_10k,2006
1196,402,UHF42,11,138.1,,,138.1,2379,asthma_ed_children,rate_per_10k,2007
1196,402,UHF42,12,131.8,,,131.8,2379,asthma_ed_children,rate_per_10k,2008
1196,402,UHF42,13,143.8,,,143.8,2379,asthma_ed_children,rate_per_10k,2009
1196,402,UHF42,14,127.5,,,127.5,2379,asthma_ed_children,rate_per_10k,2010
1196,402,UHF42,38,157.0,,,157.0,2379,asthma_ed_children,rate_per_10k,2011
1196,402,UHF42,39,149.8,,,149.8,2379,asthma_ed_children,rate_per_10k,2012
1196,402,UHF42,40,110.1,,,110.1,2379,asthma_ed_children,rate_per_10k,2013
1196,402,UHF42,41,125.9,,,125.9,2379,asthma_ed_children,rate_per_10k,2014
1196,402,UHF42,44,160.5,,,160.5,2379,asthma_ed_children,rate_per_10k,2015
1196,402,UHF42,45,160.0,,,160.0,2379,asthma_ed_children,rate_per_10k,2016
1196,402,UHF42,46,146.3,,,146.3,2379,asthma_ed_children,rate_per_10k,2017
1196,402,UHF42,47,148.6,,,148.6,2379,asthma_ed_children,rate_per_10k,2018
1196,402,UHF42,48,110.1,,,110.1,2379,asthma_ed_children,rate_per_10k,2019
1196,402,UHF42,49,37.7,,"The start of COVID-19 in Spring 2020 reduced the overall volume of ED visits, including those for asthma, which may have contributed to decreases in asthma ED visit and hospitalization counts and rates in 2020.",37.7,2379,asthma_ed_children,rate_per_10k,2020
1196,402,UHF42,289,55.1,,,55.1,2379,asthma_ed_children,rate_per_10k,2021
1196,402,UHF42,296,98.9,,,98.9,2379,asthma_ed_children,rate_per_10k,2022
1196,402,UHF42,298,112.7,,,112.7,2379,asthma_ed_children,rate_per_10k,2023
1196,403,UHF42,9,83.7,,,83.7,2379,asthma_ed_children,rate_per_10k,2005
1196,403,UHF42,10,88.5,,,88.5,2379,asthma_ed_children,rate_per_10k,2006
1196,403,UHF42,11,81.9,,,81.9,2379,asthma_ed_children,rate_per_10k,2007
1196,403,UHF42,12,80.2,,,80.2,2379,asthma_ed_children,rate_per_10k,2008
1196,403,UHF42,13,84.3,,,84.3,2379,asthma_ed_children,rate_per_10k,2009
1196,403,UHF42,14,73.9,,,73.9,2379,asthma_ed_children,rate_per_10k,2010
1196,403,UHF42,38,84.2,,,84.2,2379,asthma_ed_children,rate_per_10k,2011
1196,403,UHF42,39,71.2,,,71.2,2379,asthma_ed_children,rate_per_10k,2012
1196,403,UHF42,40,83.3,,,83.3,2379,asthma_ed_children,rate_per_10k,2013
1196,403,UHF42,41,81.3,,,81.3,2379,asthma_ed_children,rate_per_10k,2014
1196,403,UHF42,44,74.0,,,74.0,2379,asthma_ed_children,rate_per_10k,2015
1196,403,UHF42,45,78.3,,,78.3,2379,asthma_ed_children,rate_per_10k,2016
1196,403,UHF42,46,67.4,,,67.4,2379,asthma_ed_children,rate_per_10k,2017
1196,403,UHF42,47,70.7,,,70.7,2379,asthma_ed_children,rate_per_10k,2018
1196,403,UHF42,48,56.1,,,56.1,2379,asthma_ed_children,rate_per_10k,2019
1196,403,UHF42,49,18.4,,"The start of COVID-19 in Spring 2020 reduced the overall volume of ED visits, including those for asthma, which may have contributed to decreases in asthma ED visit and hospitalization counts and rates in 2020.",18.4,2379,asthma_ed_children,rate_per_10k,2020
1196,403,UHF42,289,25.8,,,25.8,2379,asthma_ed_children,rate_per_10k,2021
1196,403,UHF42,296,61.0,,,61.0,2379,asthma_ed_children,rate_per_10k,2022
1196,403,UHF42,298,72.9,,,72.9,2379,asthma_ed_children,rate_per_10k,2023
1196,404,UHF42,9,31.1,,,31.1,2379,asthma_ed_children,rate_per_10k,2005
1196,404,UHF42,10,42.7,,,42.7,2379,asthma_ed_children,rate_per_10k,2006
1196,404,UHF42,11,49.2,,,49.2,2379,asthma_ed_children,rate_per_10k,2007
1196,404,UHF42,12,51.7,,,51.7,2379,asthma_ed_children,rate_per_10k,2008
1196,404,UHF42,13,49.1,,,49.1,2379,asthma_ed_children,rate_per_10k,2009
1196,404,UHF42,14,41.6,,,41.6,2379,asthma_ed_children,rate_per_10k,2010
1196,404,UHF42,38,30.2,,,30.2,2379,asthma_ed_children,rate_per_10k,2011
1196,404,UHF42,39,39.7,,,39.7,2379,asthma_ed_children,rate_per_10k,2012
1196,404,UHF42,40,31.6,,,31.6,2379,asthma_ed_children,rate_per_10k,2013
1196,404,UHF42,41,35.4,,,35.4,2379,asthma_ed_children,rate_per_10k,2014
1196,404,UHF42,44,39.0,,,39.0,2379,asthma_ed_children,rate_per_10k,2015
1196,404,UHF42,45,22.4,,,22.4,2379,asthma_ed_children,rate_per_10k,2016
1196,404,UHF42,46,21.3,,,21.3,2379,asthma_ed_children,rate_per_10k,2017
1196,404,UHF42,47,38.2,,,38.2,2379,asthma_ed_children,rate_per_10k,2018
1196,404,UHF42,48,21.1,,,21.1,2379,asthma_ed_children,rate_per_10k,2019
1196,404,UHF42,49,3.7,,* Estimate is based on small numbers so should be interpreted with caution.,3.7*,2379,asthma_ed_children,rate_per_10k,2020
1196,404,UHF42,289,21.4,,,21.4,2379,asthma_ed_children,rate_per_10k,2021
1196,404,UHF42,296,28.8,,,28.8,2379,asthma_ed_children,rate_per_10k,2022
1196,404,UHF42,298,32.5,,,32.5,2379,asthma_ed_children,rate_per_10k,2023
1196,405,UHF42,9,93.3,,,93.3,2379,asthma_ed_children,rate_per_10k,2005
1196,405,UHF42,10,80.1,,,80.1,2379,asthma_ed_children,rate_per_10k,2006
1196,405,UHF42,11,76.8,,,76.8,2379,asthma_ed_children,rate_per_10k,2007
1196,405,UHF42,12,79.7,,,79.7,2379,asthma_ed_children,rate_per_10k,2008
1196,405,UHF42,13,108.3,,,108.3,2379,asthma_ed_children,rate_per_10k,2009
1196,405,UHF42,14,106.8,,,106.8,2379,asthma_ed_children,rate_per_10k,2010
1196,405,UHF42,38,109.4,,,109.4,2379,asthma_ed_children,rate_per_10k,2011
1196,405,UHF42,39,107.6,,,107.6,2379,asthma_ed_children,rate_per_10k,2012
1196,405,UHF42,40,100.7,,,100.7,2379,asthma_ed_children,rate_per_10k,2013
1196,405,UHF42,41,100.6,,,100.6,2379,asthma_ed_children,rate_per_10k,2014
1196,405,UHF42,44,98.5,,,98.5,2379,asthma_ed_children,rate_per_10k,2015
1196,405,UHF42,45,88.5,,,88.5,2379,asthma_ed_children,rate_per_10k,2016
1196,405,UHF42,46,71.6,,,71.6,2379,asthma_ed_children,rate_per_10k,2017
1196,405,UHF42,47,70.9,,,70.9,2379,asthma_ed_children,rate_per_10k,2018
1196,405,UHF42,48,55.1,,,55.1,2379,asthma_ed_children,rate_per_10k,2019
1196,405,UHF42,49,20.1,,"The start of COVID-19 in Spring 2020 reduced the overall volume of ED visits, including those for asthma, which may have contributed to decreases in asthma ED visit and hospitalization counts and rates in 2020.",20.1,2379,asthma_ed_children,rate_per_10k,2020
1196,405,UHF42,289,27.5,,,27.5,2379,asthma_ed_children,rate_per_10k,2021
1196,405,UHF42,296,44.9,,,44.9,2379,asthma_ed_children,rate_per_10k,2022
1196,405,UHF42,298,51.2,,,51.2,2379,asthma_ed_children,rate_per_10k,2023
1196,406,UHF42,9,72.9,,,72.9,2379,asthma_ed_children,rate_per_10k,2005
1196,406,UHF42,10,89.8,,,89.8,2379,asthma_ed_children,rate_per_10k,2006
1196,406,UHF42,11,100.0,,,100.0,2379,asthma_ed_children,rate_per_10k,2007
1196,406,UHF42,12,77.5,,,77.5,2379,asthma_ed_children,rate_per_10k,2008
1196,406,UHF42,13,106.0,,,106.0,2379,asthma_ed_children,rate_per_10k,2009
1196,406,UHF42,14,103.1,,,103.1,2379,asthma_ed_children,rate_per_10k,2010
1196,406,UHF42,38,109.4,,,109.4,2379,asthma_ed_children,rate_per_10k,2011
1196,406,UHF42,39,109.3,,,109.3,2379,asthma_ed_children,rate_per_10k,2012
1196,406,UHF42,40,93.7,,,93.7,2379,asthma_ed_children,rate_per_10k,2013
1196,406,UHF42,41,105.3,,,105.3,2379,asthma_ed_children,rate_per_10k,2014
1196,406,UHF42,44,111.8,,,111.8,2379,asthma_ed_children,rate_per_10k,2015
1196,406,UHF42,45,101.2,,,101.2,2379,asthma_ed_children,rate_per_10k,2016
1196,406,UHF42,46,96.8,,,96.8,2379,asthma_ed_children,rate_per_10k,2017
1196,406,UHF42,47,104.3,,,104.3,2379,asthma_ed_children,rate_per_10k,2018
1196,406,UHF42,48,77.9,,,77.9,2379,asthma_ed_children,rate_per_10k,2019
1196,406,UHF42,49,30.0,,"The start of COVID-19 in Spring 2020 reduced the overall volume of ED visits, including those for asthma, which may have contributed to decreases in asthma ED visit and hospitalization counts and rates in 2020.",30.0,2379,asthma_ed_children,rate_per_10k,2020
1196,406,UHF42,289,29.5,,,29.5,2379,asthma_ed_children,rate_per_10k,2021
1196,406,UHF42,296,66.4,,,66.4,2379,asthma_ed_children,rate_per_10k,2022
1196,406,UHF42,298,76.3,,,76.3,2379,asthma_ed_children,rate_per_10k,2023
1196,407,UHF42,9,110.8,,,110.8,2379,asthma_ed_children,rate_per_10k,2005
1196,407,UHF42,10,131.5,,,131.5,2379,asthma_ed_children,rate_per_10k,2006
1196,407,UHF42,11,137.4,,,137.4,2379,asthma_ed_children,rate_per_10k,2007
1196,407,UHF42,12,129.2,,,129.2,2379,asthma_ed_children,rate_per_10k,2008
1196,407,UHF42,13,149.3,,,149.3,2379,asthma_ed_children,rate_per_10k,2009
1196,407,UHF42,14,154.8,,,154.8,2379,asthma_ed_children,rate_per_10k,2010
1196,407,UHF42,38,135.6,,,135.6,2379,asthma_ed_children,rate_per_10k,2011
1196,407,UHF42,39,143.7,,,143.7,2379,asthma_ed_children,rate_per_10k,2012
1196,407,UHF42,40,133.4,,,133.4,2379,asthma_ed_children,rate_per_10k,2013
1196,407,UHF42,41,141.4,,,141.4,2379,asthma_ed_children,rate_per_10k,2014
1196,407,UHF42,44,115.4,,,115.4,2379,asthma_ed_children,rate_per_10k,2015
1196,407,UHF42,45,120.2,,,120.2,2379,asthma_ed_children,rate_per_10k,2016
1196,407,UHF42,46,100.2,,,100.2,2379,asthma_ed_children,rate_per_10k,2017
1196,407,UHF42,47,85.5,,,85.5,2379,asthma_ed_children,rate_per_10k,2018
1196,407,UHF42,48,84.2,,,84.2,2379,asthma_ed_children,rate_per_10k,2019
1196,407,UHF42,49,28.2,,"The start of COVID-19 in Spring 2020 reduced the overall volume of ED visits, including those for asthma, which may have contributed to decreases in asthma ED visit and hospitalization counts and rates in 2020.",28.2,2379,asthma_ed_children,rate_per_10k,2020
1196,407,UHF42,289,46.1,,,46.1,2379,asthma_ed_children,rate_per_10k,2021
1196,407,UHF42,296,90.9,,,90.9,2379,asthma_ed_children,rate_per_10k,2022
1196,407,UHF42,298,87.7,,,87.7,2379,asthma_ed_children,rate_per_10k,2023
1196,408,UHF42,9,171.2,,,171.2,2379,asthma_ed_children,rate_per_10k,2005
1196,408,UHF42,10,194.0,,,194.0,2379,asthma_ed_children,rate_per_10k,2006
1196,408,UHF42,11,141.4,,,141.4,2379,asthma_ed_children,rate_per_10k,2007
1196,408,UHF42,12,147.5,,,147.5,2379,asthma_ed_children,rate_per_10k,2008
1196,408,UHF42,13,210.6,,,210.6,2379,asthma_ed_children,rate_per_10k,2009
1196,408,UHF42,14,207.3,,,207.3,2379,asthma_ed_children,rate_per_10k,2010
1196,408,UHF42,38,198.1,,,198.1,2379,asthma_ed_children,rate_per_10k,2011
1196,408,UHF42,39,188.8,,,188.8,2379,asthma_ed_children,rate_per_10k,2012
1196,408,UHF42,40,192.9,,,192.9,2379,asthma_ed_children,rate_per_10k,2013
1196,408,UHF42,41,182.6,,,182.6,2379,asthma_ed_children,rate_per_10k,2014
1196,408,UHF42,44,175.2,,,175.2,2379,asthma_ed_children,rate_per_10k,2015
1196,408,UHF42,45,186.4,,,186.4,2379,asthma_ed_children,rate_per_10k,2016
1196,408,UHF42,46,175.7,,,175.7,2379,asthma_ed_children,rate_per_10k,2017
1196,408,UHF42,47,135.5,,,135.5,2379,asthma_ed_children,rate_per_10k,2018
1196,408,UHF42,48,134.8,,,134.8,2379,asthma_ed_children,rate_per_10k,2019
1196,408,UHF42,49,48.1,,"The start of COVID-19 in Spring 2020 reduced the overall volume of ED visits, including those for asthma, which may have contributed to decreases in asthma ED visit and hospitalization counts and rates in 2020.",48.1,2379,asthma_ed_children,rate_per_10k,2020
1196,408,UHF42,289,67.8,,,67.8,2379,asthma_ed_children,rate_per_10k,2021
1196,408,UHF42,296,119.1,,,119.1,2379,asthma_ed_children,rate_per_10k,2022
1196,408,UHF42,298,139.3,,,139.3,2379,asthma_ed_children,rate_per_10k,2023
1196,409,UHF42,9,116.9,,,116.9,2379,asthma_ed_children,rate_per_10k,2005
1196,409,UHF42,10,120.1,,,120.1,2379,asthma_ed_children,rate_per_10k,2006
1196,409,UHF42,11,101.7,,,101.7,2379,asthma_ed_children,rate_per_10k,2007
1196,409,UHF42,12,100.4,,,100.4,2379,asthma_ed_children,rate_per_10k,2008
1196,409,UHF42,13,143.0,,,143.0,2379,asthma_ed_children,rate_per_10k,2009
1196,409,UHF42,14,145.6,,,145.6,2379,asthma_ed_children,rate_per_10k,2010
1196,409,UHF42,38,126.6,,,126.6,2379,asthma_ed_children,rate_per_10k,2011
1196,409,UHF42,39,139.9,,,139.9,2379,asthma_ed_children,rate_per_10k,2012
1196,409,UHF42,40,120.6,,,120.6,2379,asthma_ed_children,rate_per_10k,2013
1196,409,UHF42,41,106.9,,,106.9,2379,asthma_ed_children,rate_per_10k,2014
1196,409,UHF42,44,109.1,,,109.1,2379,asthma_ed_children,rate_per_10k,2015
1196,409,UHF42,45,96.5,,,96.5,2379,asthma_ed_children,rate_per_10k,2016
1196,409,UHF42,46,87.4,,,87.4,2379,asthma_ed_children,rate_per_10k,2017
1196,409,UHF42,47,94.9,,,94.9,2379,asthma_ed_children,rate_per_10k,2018
1196,409,UHF42,48,80.9,,,80.9,2379,asthma_ed_children,rate_per_10k,2019
1196,409,UHF42,49,30.6,,"The start of COVID-19 in Spring 2020 reduced the overall volume of ED visits, including those for asthma, which may have contributed to decreases in asthma ED visit and hospitalization counts and rates in 2020.",30.6,2379,asthma_ed_children,rate_per_10k,2020
1196,409,UHF42,289,46.5,,,46.5,2379,asthma_ed_children,rate_per_10k,2021
1196,409,UHF42,296,87.3,,,87.3,2379,asthma_ed_children,rate_per_10k,2022
1196,409,UHF42,298,97.1,,,97.1,2379,asthma_ed_children,rate_per_10k,2023
1196,410,UHF42,9,210.8,,,210.8,2379,asthma_ed_children,rate_per_10k,2005
1196,410,UHF42,10,218.7,,,218.7,2379,asthma_ed_children,rate_per_10k,2006
1196,410,UHF42,11,236.8,,,236.8,2379,asthma_ed_children,rate_per_10k,2007
1196,410,UHF42,12,199.2,,,199.2,2379,asthma_ed_children,rate_per_10k,2008
1196,410,UHF42,13,250.1,,,250.1,2379,asthma_ed_children,rate_per_10k,2009
1196,410,UHF42,14,209.9,,,209.9,2379,asthma_ed_children,rate_per_10k,2010
1196,410,UHF42,38,209.3,,,209.3,2379,asthma_ed_children,rate_per_10k,2011
1196,410,UHF42,39,189.3,,,189.3,2379,asthma_ed_children,rate_per_10k,2012
1196,410,UHF42,40,160.0,,,160.0,2379,asthma_ed_children,rate_per_10k,2013
1196,410,UHF42,41,158.2,,,158.2,2379,asthma_ed_children,rate_per_10k,2014
1196,410,UHF42,44,161.0,,,161.0,2379,asthma_ed_children,rate_per_10k,2015
1196,410,UHF42,45,174.7,,,174.7,2379,asthma_ed_children,rate_per_10k,2016
1196,410,UHF42,46,135.0,,,135.0,2379,asthma_ed_children,rate_per_10k,2017
1196,410,UHF42,47,166.1,,,166.1,2379,asthma_ed_children,rate_per_10k,2018
1196,410,UHF42,48,107.1,,,107.1,2379,asthma_ed_children,rate_per_10k,2019
1196,410,UHF42,49,44.3,,"The start of COVID-19 in Spring 2020 reduced the overall volume of ED visits, including those for asthma, which may have contributed to decreases in asthma ED visit and hospitalization counts and rates in 2020.",44.3,2379,asthma_ed_children,rate_per_10k,2020
1196,410,UHF42,289,79.8,,,79.8,2379,asthma_ed_children,rate_per_10k,2021
1196,410,UHF42,296,119.3,,,119.3,2379,asthma_ed_children,rate_per_10k,2022
1196,410,UHF42,298,132.8,,,132.8,2379,asthma_ed_children,rate_per_10k,2023
1196,501,UHF42,9,181.1,,,181.1,2379,asthma_ed_children,rate_per_10k,2005
1196,501,UHF42,10,186.7,,,186.7,2379,asthma_ed_children,rate_per_10k,2006
1196,501,UHF42,11,160.1,,,160.1,2379,asthma_ed_children,rate_per_10k,2007
1196,501,UHF42,12,142.7,,,142.7,2379,asthma_ed_children,rate_per_10k,2008
1196,501,UHF42,13,167.1,,,167.1,2379,asthma_ed_children,rate_per_10k,2009
1196,501,UHF42,14,149.9,,,149.9,2379,asthma_ed_children,rate_per_10k,2010
1196,501,UHF42,38,225.5,,,225.5,2379,asthma_ed_children,rate_per_10k,2011
1196,501,UHF42,39,213.5,,,213.5,2379,asthma_ed_children,rate_per_10k,2012
1196,501,UHF42,40,188.3,,,188.3,2379,asthma_ed_children,rate_per_10k,2013
1196,501,UHF42,41,228.5,,,228.5,2379,asthma_ed_children,rate_per_10k,2014
1196,501,UHF42,44,180.0,,,180.0,2379,asthma_ed_children,rate_per_10k,2015
1196,501,UHF42,45,166.7,,,166.7,2379,asthma_ed_children,rate_per_10k,2016
1196,501,UHF42,46,147.8,,,147.8,2379,asthma_ed_children,rate_per_10k,2017
1196,501,UHF42,47,152.4,,,152.4,2379,asthma_ed_children,rate_per_10k,2018
1196,501,UHF42,48,147.9,,,147.9,2379,asthma_ed_children,rate_per_10k,2019
1196,501,UHF42,49,53.2,,"The start of COVID-19 in Spring 2020 reduced the overall volume of ED visits, including those for asthma, which may have contributed to decreases in asthma ED visit and hospitalization counts and rates in 2020.",53.2,2379,asthma_ed_children,rate_per_10k,2020
1196,501,UHF42,289,83.6,,,83.6,2379,asthma_ed_children,rate_per_10k,2021
1196,501,UHF42,296,98.2,,,98.2,2379,asthma_ed_children,rate_per_10k,2022
1196,501,UHF42,298,101.8,,,101.8,2379,asthma_ed_children,rate_per_10k,2023
1196,502,UHF42,9,145.1,,,145.1,2379,asthma_ed_children,rate_per_10k,2005
1196,502,UHF42,10,167.1,,,167.1,2379,asthma_ed_children,rate_per_10k,2006
1196,502,UHF42,11,131.7,,,131.7,2379,asthma_ed_children,rate_per_10k,2007
1196,502,UHF42,12,138.7,,,138.7,2379,asthma_ed_children,rate_per_10k,2008
1196,502,UHF42,13,156.9,,,156.9,2379,asthma_ed_children,rate_per_10k,2009
1196,502,UHF42,14,168.0,,,168.0,2379,asthma_ed_children,rate_per_10k,2010
1196,502,UHF42,38,180.4,,,180.4,2379,asthma_ed_children,rate_per_10k,2011
1196,502,UHF42,39,166.7,,,166.7,2379,asthma_ed_children,rate_per_10k,2012
1196,502,UHF42,40,157.0,,,157.0,2379,asthma_ed_children,rate_per_10k,2013
1196,502,UHF42,41,157.7,,,157.7,2379,asthma_ed_children,rate_per_10k,2014
1196,502,UHF42,44,141.0,,,141.0,2379,asthma_ed_children,rate_per_10k,2015
1196,502,UHF42,45,122.1,,,122.1,2379,asthma_ed_children,rate_per_10k,2016
1196,502,UHF42,46,124.4,,,124.4,2379,asthma_ed_children,rate_per_10k,2017
1196,502,UHF42,47,157.5,,,157.5,2379,asthma_ed_children,rate_per_10k,2018
1196,502,UHF42,48,124.9,,,124.9,2379,asthma_ed_children,rate_per_10k,2019
1196,502,UHF42,49,49.1,,"The start of COVID-19 in Spring 2020 reduced the overall volume of ED visits, including those for asthma, which may have contributed to decreases in asthma ED visit and hospitalization counts and rates in 2020.",49.1,2379,asthma_ed_children,rate_per_10k,2020
1196,502,UHF42,289,68.6,,,68.6,2379,asthma_ed_children,rate_per_10k,2021
1196,502,UHF42,296,100.3,,,100.3,2379,asthma_ed_children,rate_per_10k,2022
1196,502,UHF42,298,93.7,,,93.7,2379,asthma_ed_children,rate_per_10k,2023
1196,503,UHF42,9,60.9,,,60.9,2379,asthma_ed_children,rate_per_10k,2005
1196,503,UHF42,10,60.6,,,60.6,2379,asthma_ed_children,rate_per_10k,2006
1196,503,UHF42,11,39.7,,,39.7,2379,asthma_ed_children,rate_per_10k,2007
1196,503,UHF42,12,50.2,,,50.2,2379,asthma_ed_children,rate_per_10k,2008
1196,503,UHF42,13,59.5,,,59.5,2379,asthma_ed_children,rate_per_10k,2009
1196,503,UHF42,14,51.1,,,51.1,2379,asthma_ed_children,rate_per_10k,2010
1196,503,UHF42,38,71.2,,,71.2,2379,asthma_ed_children,rate_per_10k,2011
1196,503,UHF42,39,68.0,,,68.0,2379,asthma_ed_children,rate_per_10k,2012
1196,503,UHF42,40,43.3,,,43.3,2379,asthma_ed_children,rate_per_10k,2013
1196,503,UHF42,41,54.5,,,54.5,2379,asthma_ed_children,rate_per_10k,2014
1196,503,UHF42,44,53.9,,,53.9,2379,asthma_ed_children,rate_per_10k,2015
1196,503,UHF42,45,44.5,,,44.5,2379,asthma_ed_children,rate_per_10k,2016
1196,503,UHF42,46,39.7,,,39.7,2379,asthma_ed_children,rate_per_10k,2017
1196,503,UHF42,47,34.7,,,34.7,2379,asthma_ed_children,rate_per_10k,2018
1196,503,UHF42,48,35.2,,,35.2,2379,asthma_ed_children,rate_per_10k,2019
1196,503,UHF42,49,16.2,,"The start of COVID-19 in Spring 2020 reduced the overall volume of ED visits, including those for asthma, which may have contributed to decreases in asthma ED visit and hospitalization counts and rates in 2020.",16.2,2379,asthma_ed_children,rate_per_10k,2020
1196,503,UHF42,289,20.6,,,20.6,2379,asthma_ed_children,rate_per_10k,2021
1196,503,UHF42,296,29.4,,,29.4,2379,asthma_ed_children,rate_per_10k,2022
1196,503,UHF42,298,29.2,,,29.2,2379,asthma_ed_children,rate_per_10k,2023
1196,504,UHF42,9,50.2,,,50.2,2379,asthma_ed_children,rate_per_10k,2005
1196,504,UHF42,10,41.2,,,41.2,2379,asthma_ed_children,rate_per_10k,2006
1196,504,UHF42,11,38.2,,,38.2,2379,asthma_ed_children,rate_per_10k,2007
1196,504,UHF42,12,43.6,,,43.6,2379,asthma_ed_children,rate_per_10k,2008
1196,504,UHF42,13,47.8,,,47.8,2379,asthma_ed_children,rate_per_10k,2009
1196,504,UHF42,14,51.7,,,51.7,2379,asthma_ed_children,rate_per_10k,2010
1196,504,UHF42,38,45.6,,,45.6,2379,asthma_ed_children,rate_per_10k,2011
1196,504,UHF42,39,52.9,,,52.9,2379,asthma_ed_children,rate_per_10k,2012
1196,504,UHF42,40,42.3,,,42.3,2379,asthma_ed_children,rate_per_10k,2013
1196,504,UHF42,41,48.0,,,48.0,2379,asthma_ed_children,rate_per_10k,2014
1196,504,UHF42,44,42.6,,,42.6,2379,asthma_ed_children,rate_per_10k,2015
1196,504,UHF42,45,34.6,,,34.6,2379,asthma_ed_children,rate_per_10k,2016
1196,504,UHF42,46,34.0,,,34.0,2379,asthma_ed_children,rate_per_10k,2017
1196,504,UHF42,47,28.8,,,28.8,2379,asthma_ed_children,rate_per_10k,2018
1196,504,UHF42,48,22.6,,,22.6,2379,asthma_ed_children,rate_per_10k,2019
1196,504,UHF42,49,7.2,,"The start of COVID-19 in Spring 2020 reduced the overall volume of ED visits, including those for asthma, which may have contributed to decreases in asthma ED visit and hospitalization counts and rates in 2020.",7.2,2379,asthma_ed_children,rate_per_10k,2020
1196,504,UHF42,289,11.2,,,11.2,2379,asthma_ed_children,rate_per_10k,2021
1196,504,UHF42,296,24.6,,,24.6,2379,asthma_ed_children,rate_per_10k,2022
1196,504,UHF42,298,23.2,,,23.2,2379,asthma_ed_children,rate_per_10k,2023
1197,101,UHF42,9,376.0,,,376,2380,asthma_ed_adults,count,2005
1197,101,UHF42,10,395.0,,,395,2380,asthma_ed_adults,count,2006
1197,101,UHF42,11,485.0,,,485,2380,asthma_ed_adults,count,2007
1197,101,UHF42,12,576.0,,,576,2380,asthma_ed_adults,count,2008
1197,101,UHF42,13,573.0,,,573,2380,asthma_ed_adults,count,2009
1197,101,UHF42,14,542.0,,,542,2380,asthma_ed_adults,count,2010
1197,101,UHF42,38,481.0,,,481,2380,asthma_ed_adults,count,2011
1197,101,UHF42,39,534.0,,,534,2380,asthma_ed_adults,count,2012
1197,101,UHF42,40,556.0,,,556,2380,asthma_ed_adults,count,2013
1197,101,UHF42,41,527.0,,,527,2380,asthma_ed_adults,count,2014
1197,101,UHF42,45,559.0,,,559,2380,asthma_ed_adults,count,2016
1197,101,UHF42,46,394.0,,,394,2380,asthma_ed_adults,count,2017
1197,101,UHF42,47,412.0,,,412,2380,asthma_ed_adults,count,2018
1197,101,UHF42,48,331.0,,,331,2380,asthma_ed_adults,count,2019
1197,101,UHF42,49,189.0,,"The start of COVID-19 in Spring 2020 reduced the overall volume of ED visits, including those for asthma, which may have contributed to decreases in asthma ED visit and hospitalization counts and rates in 2020.",189,2380,asthma_ed_adults,count,2020
1197,101,UHF42,289,249.0,,,249,2380,asthma_ed_adults,count,2021
1197,101,UHF42,296,302.0,,,302,2380,asthma_ed_adults,count,2022
1197,101,UHF42,298,320.0,,,320,2380,asthma_ed_adults,count,2023
1197,102,UHF42,9,1604.0,,,"1,604",2380,asthma_ed_adults,count,2005
1197,102,UHF42,10,1722.0,,,"1,722",2380,asthma_ed_adults,count,2006
1197,102,UHF42,11,1717.0,,,"1,717",2380,asthma_ed_adults,count,2007
1197,102,UHF42,12,1989.0,,,"1,989",2380,asthma_ed_adults,count,2008
1197,102,UHF42,13,1759.0,,,"1,759",2380,asthma_ed_adults,count,2009
1197,102,UHF42,14,1359.0,,,"1,359",2380,asthma_ed_adults,count,2010
1197,102,UHF42,38,1380.0,,,"1,380",2380,asthma_ed_adults,count,2011
1197,102,UHF42,39,2084.0,,,"2,084",2380,asthma_ed_adults,count,2012
1197,102,UHF42,40,2526.0,,,"2,526",2380,asthma_ed_adults,count,2013
1197,102,UHF42,41,2615.0,,,"2,615",2380,asthma_ed_adults,count,2014
1197,102,UHF42,45,2231.0,,,"2,231",2380,asthma_ed_adults,count,2016
1197,102,UHF42,46,1900.0,,,"1,900",2380,asthma_ed_adults,count,2017
1197,102,UHF42,47,1957.0,,,"1,957",2380,asthma_ed_adults,count,2018
1197,102,UHF42,48,1999.0,,,"1,999",2380,asthma_ed_adults,count,2019
1197,102,UHF42,49,1039.0,,"The start of COVID-19 in Spring 2020 reduced the overall volume of ED visits, including those for asthma, which may have contributed to decreases in asthma ED visit and hospitalization counts and rates in 2020.","1,039",2380,asthma_ed_adults,count,2020
1197,102,UHF42,289,1266.0,,,"1,266",2380,asthma_ed_adults,count,2021
1197,102,UHF42,296,1485.0,,,"1,485",2380,asthma_ed_adults,count,2022
1197,102,UHF42,298,1625.0,,,"1,625",2380,asthma_ed_adults,count,2023
1197,103,UHF42,9,2762.0,,,"2,762",2380,asthma_ed_adults,count,2005
1197,103,UHF42,10,3142.0,,,"3,142",2380,asthma_ed_adults,count,2006
1197,103,UHF42,11,3318.0,,,"3,318",2380,asthma_ed_adults,count,2007
1197,103,UHF42,12,3439.0,,,"3,439",2380,asthma_ed_adults,count,2008
1197,103,UHF42,13,3498.0,,,"3,498",2380,asthma_ed_adults,count,2009
1197,103,UHF42,14,3131.0,,,"3,131",2380,asthma_ed_adults,count,2010
1197,103,UHF42,38,3034.0,,,"3,034",2380,asthma_ed_adults,count,2011
1197,103,UHF42,39,3676.0,,,"3,676",2380,asthma_ed_adults,count,2012
1197,103,UHF42,40,4175.0,,,"4,175",2380,asthma_ed_adults,count,2013
1197,103,UHF42,41,4119.0,,,"4,119",2380,asthma_ed_adults,count,2014
1197,103,UHF42,45,3560.0,,,"3,560",2380,asthma_ed_adults,count,2016
1197,103,UHF42,46,2835.0,,,"2,835",2380,asthma_ed_adults,count,2017
1197,103,UHF42,47,3067.0,,,"3,067",2380,asthma_ed_adults,count,2018
1197,103,UHF42,48,2597.0,,,"2,597",2380,asthma_ed_adults,count,2019
1197,103,UHF42,49,1550.0,,"The start of COVID-19 in Spring 2020 reduced the overall volume of ED visits, including those for asthma, which may have contributed to decreases in asthma ED visit and hospitalization counts and rates in 2020.","1,550",2380,asthma_ed_adults,count,2020
1197,103,UHF42,289,1489.0,,,"1,489",2380,asthma_ed_adults,count,2021
1197,103,UHF42,296,2019.0,,,"2,019",2380,asthma_ed_adults,count,2022
1197,103,UHF42,298,2443.0,,,"2,443",2380,asthma_ed_adults,count,2023
1197,104,UHF42,9,2562.0,,,"2,562",2380,asthma_ed_adults,count,2005
1197,104,UHF42,10,2863.0,,,"2,863",2380,asthma_ed_adults,count,2006
1197,104,UHF42,11,3188.0,,,"3,188",2380,asthma_ed_adults,count,2007
1197,104,UHF42,12,3481.0,,,"3,481",2380,asthma_ed_adults,count,2008
1197,104,UHF42,13,3494.0,,,"3,494",2380,asthma_ed_adults,count,2009
1197,104,UHF42,14,3244.0,,,"3,244",2380,asthma_ed_adults,count,2010
1197,104,UHF42,38,3135.0,,,"3,135",2380,asthma_ed_adults,count,2011
1197,104,UHF42,39,3767.0,,,"3,767",2380,asthma_ed_adults,count,2012
1197,104,UHF42,40,3846.0,,,"3,846",2380,asthma_ed_adults,count,2013
1197,104,UHF42,41,3850.0,,,"3,850",2380,asthma_ed_adults,count,2014
1197,104,UHF42,45,3250.0,,,"3,250",2380,asthma_ed_adults,count,2016
1197,104,UHF42,46,2618.0,,,"2,618",2380,asthma_ed_adults,count,2017
1197,104,UHF42,47,2572.0,,,"2,572",2380,asthma_ed_adults,count,2018
1197,104,UHF42,48,2463.0,,,"2,463",2380,asthma_ed_adults,count,2019
1197,104,UHF42,49,1554.0,,"The start of COVID-19 in Spring 2020 reduced the overall volume of ED visits, including those for asthma, which may have contributed to decreases in asthma ED visit and hospitalization counts and rates in 2020.","1,554",2380,asthma_ed_adults,count,2020
1197,104,UHF42,289,1593.0,,,"1,593",2380,asthma_ed_adults,count,2021
1197,104,UHF42,296,1810.0,,,"1,810",2380,asthma_ed_adults,count,2022
1197,104,UHF42,298,2176.0,,,"2,176",2380,asthma_ed_adults,count,2023
1197,105,UHF42,9,4213.0,,,"4,213",2380,asthma_ed_adults,count,2005
1197,105,UHF42,10,4294.0,,,"4,294",2380,asthma_ed_adults,count,2006
1197,105,UHF42,11,4576.0,,,"4,576",2380,asthma_ed_adults,count,2007
1197,105,UHF42,12,4430.0,,,"4,430",2380,asthma_ed_adults,count,2008
1197,105,UHF42,13,4285.0,,,"4,285",2380,asthma_ed_adults,count,2009
1197,105,UHF42,14,4459.0,,,"4,459",2380,asthma_ed_adults,count,2010
1197,105,UHF42,38,4426.0,,,"4,426",2380,asthma_ed_adults,count,2011
1197,105,UHF42,39,4457.0,,,"4,457",2380,asthma_ed_adults,count,2012
1197,105,UHF42,40,4306.0,,,"4,306",2380,asthma_ed_adults,count,2013
1197,105,UHF42,41,4462.0,,,"4,462",2380,asthma_ed_adults,count,2014
1197,105,UHF42,45,3901.0,,,"3,901",2380,asthma_ed_adults,count,2016
1197,105,UHF42,46,3236.0,,,"3,236",2380,asthma_ed_adults,count,2017
1197,105,UHF42,47,3512.0,,,"3,512",2380,asthma_ed_adults,count,2018
1197,105,UHF42,48,3138.0,,,"3,138",2380,asthma_ed_adults,count,2019
1197,105,UHF42,49,2046.0,,"The start of COVID-19 in Spring 2020 reduced the overall volume of ED visits, including those for asthma, which may have contributed to decreases in asthma ED visit and hospitalization counts and rates in 2020.","2,046",2380,asthma_ed_adults,count,2020
1197,105,UHF42,289,2190.0,,,"2,190",2380,asthma_ed_adults,count,2021
1197,105,UHF42,296,2461.0,,,"2,461",2380,asthma_ed_adults,count,2022
1197,105,UHF42,298,2588.0,,,"2,588",2380,asthma_ed_adults,count,2023
1197,106,UHF42,9,3504.0,,,"3,504",2380,asthma_ed_adults,count,2005
1197,106,UHF42,10,3950.0,,,"3,950",2380,asthma_ed_adults,count,2006
1197,106,UHF42,11,3990.0,,,"3,990",2380,asthma_ed_adults,count,2007
1197,106,UHF42,12,4119.0,,,"4,119",2380,asthma_ed_adults,count,2008
1197,106,UHF42,13,3919.0,,,"3,919",2380,asthma_ed_adults,count,2009
1197,106,UHF42,14,4059.0,,,"4,059",2380,asthma_ed_adults,count,2010
1197,106,UHF42,38,3937.0,,,"3,937",2380,asthma_ed_adults,count,2011
1197,106,UHF42,39,4447.0,,,"4,447",2380,asthma_ed_adults,count,2012
1197,106,UHF42,40,4493.0,,,"4,493",2380,asthma_ed_adults,count,2013
1197,106,UHF42,41,4473.0,,,"4,473",2380,asthma_ed_adults,count,2014
1197,106,UHF42,45,4507.0,,,"4,507",2380,asthma_ed_adults,count,2016
1197,106,UHF42,46,3882.0,,,"3,882",2380,asthma_ed_adults,count,2017
1197,106,UHF42,47,3832.0,,,"3,832",2380,asthma_ed_adults,count,2018
1197,106,UHF42,48,3682.0,,,"3,682",2380,asthma_ed_adults,count,2019
1197,106,UHF42,49,2454.0,,"The start of COVID-19 in Spring 2020 reduced the overall volume of ED visits, including those for asthma, which may have contributed to decreases in asthma ED visit and hospitalization counts and rates in 2020.","2,454",2380,asthma_ed_adults,count,2020
1197,106,UHF42,289,2159.0,,,"2,159",2380,asthma_ed_adults,count,2021
1197,106,UHF42,296,2604.0,,,"2,604",2380,asthma_ed_adults,count,2022
1197,106,UHF42,298,2717.0,,,"2,717",2380,asthma_ed_adults,count,2023
1197,107,UHF42,9,2518.0,,,"2,518",2380,asthma_ed_adults,count,2005
1197,107,UHF42,10,2890.0,,,"2,890",2380,asthma_ed_adults,count,2006
1197,107,UHF42,11,3119.0,,,"3,119",2380,asthma_ed_adults,count,2007
1197,107,UHF42,12,3238.0,,,"3,238",2380,asthma_ed_adults,count,2008
1197,107,UHF42,13,3220.0,,,"3,220",2380,asthma_ed_adults,count,2009
1197,107,UHF42,14,2973.0,,,"2,973",2380,asthma_ed_adults,count,2010
1197,107,UHF42,38,2902.0,,,"2,902",2380,asthma_ed_adults,count,2011
1197,107,UHF42,39,3261.0,,,"3,261",2380,asthma_ed_adults,count,2012
1197,107,UHF42,40,3281.0,,,"3,281",2380,asthma_ed_adults,count,2013
1197,107,UHF42,41,3463.0,,,"3,463",2380,asthma_ed_adults,count,2014
1197,107,UHF42,45,3244.0,,,"3,244",2380,asthma_ed_adults,count,2016
1197,107,UHF42,46,2788.0,,,"2,788",2380,asthma_ed_adults,count,2017
1197,107,UHF42,47,2629.0,,,"2,629",2380,asthma_ed_adults,count,2018
1197,107,UHF42,48,2534.0,,,"2,534",2380,asthma_ed_adults,count,2019
1197,107,UHF42,49,1552.0,,"The start of COVID-19 in Spring 2020 reduced the overall volume of ED visits, including those for asthma, which may have contributed to decreases in asthma ED visit and hospitalization counts and rates in 2020.","1,552",2380,asthma_ed_adults,count,2020
1197,107,UHF42,289,1499.0,,,"1,499",2380,asthma_ed_adults,count,2021
1197,107,UHF42,296,1903.0,,,"1,903",2380,asthma_ed_adults,count,2022
1197,107,UHF42,298,1961.0,,,"1,961",2380,asthma_ed_adults,count,2023
1197,201,UHF42,9,552.0,,,552,2380,asthma_ed_adults,count,2005
1197,201,UHF42,10,533.0,,,533,2380,asthma_ed_adults,count,2006
1197,201,UHF42,11,653.0,,,653,2380,asthma_ed_adults,count,2007
1197,201,UHF42,12,543.0,,,543,2380,asthma_ed_adults,count,2008
1197,201,UHF42,13,545.0,,,545,2380,asthma_ed_adults,count,2009
1197,201,UHF42,14,600.0,,,600,2380,asthma_ed_adults,count,2010
1197,201,UHF42,38,662.0,,,662,2380,asthma_ed_adults,count,2011
1197,201,UHF42,39,693.0,,,693,2380,asthma_ed_adults,count,2012
1197,201,UHF42,40,702.0,,,702,2380,asthma_ed_adults,count,2013
1197,201,UHF42,41,643.0,,,643,2380,asthma_ed_adults,count,2014
1197,201,UHF42,45,602.0,,,602,2380,asthma_ed_adults,count,2016
1197,201,UHF42,46,462.0,,,462,2380,asthma_ed_adults,count,2017
1197,201,UHF42,47,458.0,,,458,2380,asthma_ed_adults,count,2018
1197,201,UHF42,48,429.0,,,429,2380,asthma_ed_adults,count,2019
1197,201,UHF42,49,247.0,,"The start of COVID-19 in Spring 2020 reduced the overall volume of ED visits, including those for asthma, which may have contributed to decreases in asthma ED visit and hospitalization counts and rates in 2020.",247,2380,asthma_ed_adults,count,2020
1197,201,UHF42,289,221.0,,,221,2380,asthma_ed_adults,count,2021
1197,201,UHF42,296,351.0,,,351,2380,asthma_ed_adults,count,2022
1197,201,UHF42,298,385.0,,,385,2380,asthma_ed_adults,count,2023
1197,202,UHF42,9,1650.0,,,"1,650",2380,asthma_ed_adults,count,2005
1197,202,UHF42,10,1696.0,,,"1,696",2380,asthma_ed_adults,count,2006
1197,202,UHF42,11,1633.0,,,"1,633",2380,asthma_ed_adults,count,2007
1197,202,UHF42,12,1689.0,,,"1,689",2380,asthma_ed_adults,count,2008
1197,202,UHF42,13,1476.0,,,"1,476",2380,asthma_ed_adults,count,2009
1197,202,UHF42,14,1593.0,,,"1,593",2380,asthma_ed_adults,count,2010
1197,202,UHF42,38,1761.0,,,"1,761",2380,asthma_ed_adults,count,2011
1197,202,UHF42,39,1777.0,,,"1,777",2380,asthma_ed_adults,count,2012
1197,202,UHF42,40,1633.0,,,"1,633",2380,asthma_ed_adults,count,2013
1197,202,UHF42,41,1516.0,,,"1,516",2380,asthma_ed_adults,count,2014
1197,202,UHF42,45,1435.0,,,"1,435",2380,asthma_ed_adults,count,2016
1197,202,UHF42,46,1238.0,,,"1,238",2380,asthma_ed_adults,count,2017
1197,202,UHF42,47,1336.0,,,"1,336",2380,asthma_ed_adults,count,2018
1197,202,UHF42,48,1131.0,,,"1,131",2380,asthma_ed_adults,count,2019
1197,202,UHF42,49,719.0,,"The start of COVID-19 in Spring 2020 reduced the overall volume of ED visits, including those for asthma, which may have contributed to decreases in asthma ED visit and hospitalization counts and rates in 2020.",719,2380,asthma_ed_adults,count,2020
1197,202,UHF42,289,688.0,,,688,2380,asthma_ed_adults,count,2021
1197,202,UHF42,296,826.0,,,826,2380,asthma_ed_adults,count,2022
1197,202,UHF42,298,918.0,,,918,2380,asthma_ed_adults,count,2023
1197,203,UHF42,9,4561.0,,,"4,561",2380,asthma_ed_adults,count,2005
1197,203,UHF42,10,4020.0,,,"4,020",2380,asthma_ed_adults,count,2006
1197,203,UHF42,11,4347.0,,,"4,347",2380,asthma_ed_adults,count,2007
1197,203,UHF42,12,4775.0,,,"4,775",2380,asthma_ed_adults,count,2008
1197,203,UHF42,13,4877.0,,,"4,877",2380,asthma_ed_adults,count,2009
1197,203,UHF42,14,5426.0,,,"5,426",2380,asthma_ed_adults,count,2010
1197,203,UHF42,38,5453.0,,,"5,453",2380,asthma_ed_adults,count,2011
1197,203,UHF42,39,6088.0,,,"6,088",2380,asthma_ed_adults,count,2012
1197,203,UHF42,40,5921.0,,,"5,921",2380,asthma_ed_adults,count,2013
1197,203,UHF42,41,6007.0,,,"6,007",2380,asthma_ed_adults,count,2014
1197,203,UHF42,45,5327.0,,,"5,327",2380,asthma_ed_adults,count,2016
1197,203,UHF42,46,4109.0,,,"4,109",2380,asthma_ed_adults,count,2017
1197,203,UHF42,47,4414.0,,,"4,414",2380,asthma_ed_adults,count,2018
1197,203,UHF42,48,3640.0,,,"3,640",2380,asthma_ed_adults,count,2019
1197,203,UHF42,49,2485.0,,"The start of COVID-19 in Spring 2020 reduced the overall volume of ED visits, including those for asthma, which may have contributed to decreases in asthma ED visit and hospitalization counts and rates in 2020.","2,485",2380,asthma_ed_adults,count,2020
1197,203,UHF42,289,2081.0,,,"2,081",2380,asthma_ed_adults,count,2021
1197,203,UHF42,296,2657.0,,,"2,657",2380,asthma_ed_adults,count,2022
1197,203,UHF42,298,3089.0,,,"3,089",2380,asthma_ed_adults,count,2023
1197,204,UHF42,9,2143.0,,,"2,143",2380,asthma_ed_adults,count,2005
1197,204,UHF42,10,2180.0,,,"2,180",2380,asthma_ed_adults,count,2006
1197,204,UHF42,11,2222.0,,,"2,222",2380,asthma_ed_adults,count,2007
1197,204,UHF42,12,2556.0,,,"2,556",2380,asthma_ed_adults,count,2008
1197,204,UHF42,13,2581.0,,,"2,581",2380,asthma_ed_adults,count,2009
1197,204,UHF42,14,2796.0,,,"2,796",2380,asthma_ed_adults,count,2010
1197,204,UHF42,38,2926.0,,,"2,926",2380,asthma_ed_adults,count,2011
1197,204,UHF42,39,3196.0,,,"3,196",2380,asthma_ed_adults,count,2012
1197,204,UHF42,40,3204.0,,,"3,204",2380,asthma_ed_adults,count,2013
1197,204,UHF42,41,3393.0,,,"3,393",2380,asthma_ed_adults,count,2014
1197,204,UHF42,45,2840.0,,,"2,840",2380,asthma_ed_adults,count,2016
1197,204,UHF42,46,2464.0,,,"2,464",2380,asthma_ed_adults,count,2017
1197,204,UHF42,47,2561.0,,,"2,561",2380,asthma_ed_adults,count,2018
1197,204,UHF42,48,2381.0,,,"2,381",2380,asthma_ed_adults,count,2019
1197,204,UHF42,49,1424.0,,"The start of COVID-19 in Spring 2020 reduced the overall volume of ED visits, including those for asthma, which may have contributed to decreases in asthma ED visit and hospitalization counts and rates in 2020.","1,424",2380,asthma_ed_adults,count,2020
1197,204,UHF42,289,1065.0,,,"1,065",2380,asthma_ed_adults,count,2021
1197,204,UHF42,296,1506.0,,,"1,506",2380,asthma_ed_adults,count,2022
1197,204,UHF42,298,1791.0,,,"1,791",2380,asthma_ed_adults,count,2023
1197,205,UHF42,9,826.0,,,826,2380,asthma_ed_adults,count,2005
1197,205,UHF42,10,722.0,,,722,2380,asthma_ed_adults,count,2006
1197,205,UHF42,11,719.0,,,719,2380,asthma_ed_adults,count,2007
1197,205,UHF42,12,721.0,,,721,2380,asthma_ed_adults,count,2008
1197,205,UHF42,13,743.0,,,743,2380,asthma_ed_adults,count,2009
1197,205,UHF42,14,799.0,,,799,2380,asthma_ed_adults,count,2010
1197,205,UHF42,38,737.0,,,737,2380,asthma_ed_adults,count,2011
1197,205,UHF42,39,824.0,,,824,2380,asthma_ed_adults,count,2012
1197,205,UHF42,40,778.0,,,778,2380,asthma_ed_adults,count,2013
1197,205,UHF42,41,618.0,,,618,2380,asthma_ed_adults,count,2014
1197,205,UHF42,45,497.0,,,497,2380,asthma_ed_adults,count,2016
1197,205,UHF42,46,450.0,,,450,2380,asthma_ed_adults,count,2017
1197,205,UHF42,47,429.0,,,429,2380,asthma_ed_adults,count,2018
1197,205,UHF42,48,395.0,,,395,2380,asthma_ed_adults,count,2019
1197,205,UHF42,49,245.0,,"The start of COVID-19 in Spring 2020 reduced the overall volume of ED visits, including those for asthma, which may have contributed to decreases in asthma ED visit and hospitalization counts and rates in 2020.",245,2380,asthma_ed_adults,count,2020
1197,205,UHF42,289,300.0,,,300,2380,asthma_ed_adults,count,2021
1197,205,UHF42,296,308.0,,,308,2380,asthma_ed_adults,count,2022
1197,205,UHF42,298,325.0,,,325,2380,asthma_ed_adults,count,2023
1197,206,UHF42,9,567.0,,,567,2380,asthma_ed_adults,count,2005
1197,206,UHF42,10,579.0,,,579,2380,asthma_ed_adults,count,2006
1197,206,UHF42,11,583.0,,,583,2380,asthma_ed_adults,count,2007
1197,206,UHF42,12,598.0,,,598,2380,asthma_ed_adults,count,2008
1197,206,UHF42,13,684.0,,,684,2380,asthma_ed_adults,count,2009
1197,206,UHF42,14,693.0,,,693,2380,asthma_ed_adults,count,2010
1197,206,UHF42,38,847.0,,,847,2380,asthma_ed_adults,count,2011
1197,206,UHF42,39,926.0,,,926,2380,asthma_ed_adults,count,2012
1197,206,UHF42,40,747.0,,,747,2380,asthma_ed_adults,count,2013
1197,206,UHF42,41,829.0,,,829,2380,asthma_ed_adults,count,2014
1197,206,UHF42,45,668.0,,,668,2380,asthma_ed_adults,count,2016
1197,206,UHF42,46,493.0,,,493,2380,asthma_ed_adults,count,2017
1197,206,UHF42,47,653.0,,,653,2380,asthma_ed_adults,count,2018
1197,206,UHF42,48,520.0,,,520,2380,asthma_ed_adults,count,2019
1197,206,UHF42,49,249.0,,"The start of COVID-19 in Spring 2020 reduced the overall volume of ED visits, including those for asthma, which may have contributed to decreases in asthma ED visit and hospitalization counts and rates in 2020.",249,2380,asthma_ed_adults,count,2020
1197,206,UHF42,289,245.0,,,245,2380,asthma_ed_adults,count,2021
1197,206,UHF42,296,397.0,,,397,2380,asthma_ed_adults,count,2022
1197,206,UHF42,298,462.0,,,462,2380,asthma_ed_adults,count,2023
1197,207,UHF42,9,2272.0,,,"2,272",2380,asthma_ed_adults,count,2005
1197,207,UHF42,10,2353.0,,,"2,353",2380,asthma_ed_adults,count,2006
1197,207,UHF42,11,2316.0,,,"2,316",2380,asthma_ed_adults,count,2007
1197,207,UHF42,12,2626.0,,,"2,626",2380,asthma_ed_adults,count,2008
1197,207,UHF42,13,2715.0,,,"2,715",2380,asthma_ed_adults,count,2009
1197,207,UHF42,14,2980.0,,,"2,980",2380,asthma_ed_adults,count,2010
1197,207,UHF42,38,3378.0,,,"3,378",2380,asthma_ed_adults,count,2011
1197,207,UHF42,39,3411.0,,,"3,411",2380,asthma_ed_adults,count,2012
1197,207,UHF42,40,3274.0,,,"3,274",2380,asthma_ed_adults,count,2013
1197,207,UHF42,41,2954.0,,,"2,954",2380,asthma_ed_adults,count,2014
1197,207,UHF42,45,2885.0,,,"2,885",2380,asthma_ed_adults,count,2016
1197,207,UHF42,46,2412.0,,,"2,412",2380,asthma_ed_adults,count,2017
1197,207,UHF42,47,2608.0,,,"2,608",2380,asthma_ed_adults,count,2018
1197,207,UHF42,48,2206.0,,,"2,206",2380,asthma_ed_adults,count,2019
1197,207,UHF42,49,1350.0,,"The start of COVID-19 in Spring 2020 reduced the overall volume of ED visits, including those for asthma, which may have contributed to decreases in asthma ED visit and hospitalization counts and rates in 2020.","1,350",2380,asthma_ed_adults,count,2020
1197,207,UHF42,289,1497.0,,,"1,497",2380,asthma_ed_adults,count,2021
1197,207,UHF42,296,1690.0,,,"1,690",2380,asthma_ed_adults,count,2022
1197,207,UHF42,298,1992.0,,,"1,992",2380,asthma_ed_adults,count,2023
1197,208,UHF42,9,945.0,,,945,2380,asthma_ed_adults,count,2005
1197,208,UHF42,10,1113.0,,,"1,113",2380,asthma_ed_adults,count,2006
1197,208,UHF42,11,1033.0,,,"1,033",2380,asthma_ed_adults,count,2007
1197,208,UHF42,12,1182.0,,,"1,182",2380,asthma_ed_adults,count,2008
1197,208,UHF42,13,1290.0,,,"1,290",2380,asthma_ed_adults,count,2009
1197,208,UHF42,14,1446.0,,,"1,446",2380,asthma_ed_adults,count,2010
1197,208,UHF42,38,1624.0,,,"1,624",2380,asthma_ed_adults,count,2011
1197,208,UHF42,39,1628.0,,,"1,628",2380,asthma_ed_adults,count,2012
1197,208,UHF42,40,1499.0,,,"1,499",2380,asthma_ed_adults,count,2013
1197,208,UHF42,41,1601.0,,,"1,601",2380,asthma_ed_adults,count,2014
1197,208,UHF42,45,1535.0,,,"1,535",2380,asthma_ed_adults,count,2016
1197,208,UHF42,46,1318.0,,,"1,318",2380,asthma_ed_adults,count,2017
1197,208,UHF42,47,1304.0,,,"1,304",2380,asthma_ed_adults,count,2018
1197,208,UHF42,48,1340.0,,,"1,340",2380,asthma_ed_adults,count,2019
1197,208,UHF42,49,850.0,,"The start of COVID-19 in Spring 2020 reduced the overall volume of ED visits, including those for asthma, which may have contributed to decreases in asthma ED visit and hospitalization counts and rates in 2020.",850,2380,asthma_ed_adults,count,2020
1197,208,UHF42,289,657.0,,,657,2380,asthma_ed_adults,count,2021
1197,208,UHF42,296,887.0,,,887,2380,asthma_ed_adults,count,2022
1197,208,UHF42,298,1041.0,,,"1,041",2380,asthma_ed_adults,count,2023
1197,209,UHF42,9,401.0,,,401,2380,asthma_ed_adults,count,2005
1197,209,UHF42,10,394.0,,,394,2380,asthma_ed_adults,count,2006
1197,209,UHF42,11,444.0,,,444,2380,asthma_ed_adults,count,2007
1197,209,UHF42,12,367.0,,,367,2380,asthma_ed_adults,count,2008
1197,209,UHF42,13,451.0,,,451,2380,asthma_ed_adults,count,2009
1197,209,UHF42,14,470.0,,,470,2380,asthma_ed_adults,count,2010
1197,209,UHF42,38,424.0,,,424,2380,asthma_ed_adults,count,2011
1197,209,UHF42,39,534.0,,,534,2380,asthma_ed_adults,count,2012
1197,209,UHF42,40,507.0,,,507,2380,asthma_ed_adults,count,2013
1197,209,UHF42,41,488.0,,,488,2380,asthma_ed_adults,count,2014
1197,209,UHF42,45,402.0,,,402,2380,asthma_ed_adults,count,2016
1197,209,UHF42,46,302.0,,,302,2380,asthma_ed_adults,count,2017
1197,209,UHF42,47,337.0,,,337,2380,asthma_ed_adults,count,2018
1197,209,UHF42,48,357.0,,,357,2380,asthma_ed_adults,count,2019
1197,209,UHF42,49,171.0,,"The start of COVID-19 in Spring 2020 reduced the overall volume of ED visits, including those for asthma, which may have contributed to decreases in asthma ED visit and hospitalization counts and rates in 2020.",171,2380,asthma_ed_adults,count,2020
1197,209,UHF42,289,143.0,,,143,2380,asthma_ed_adults,count,2021
1197,209,UHF42,296,218.0,,,218,2380,asthma_ed_adults,count,2022
1197,209,UHF42,298,270.0,,,270,2380,asthma_ed_adults,count,2023
1197,210,UHF42,9,806.0,,,806,2380,asthma_ed_adults,count,2005
1197,210,UHF42,10,1037.0,,,"1,037",2380,asthma_ed_adults,count,2006
1197,210,UHF42,11,1037.0,,,"1,037",2380,asthma_ed_adults,count,2007
1197,210,UHF42,12,1051.0,,,"1,051",2380,asthma_ed_adults,count,2008
1197,210,UHF42,13,1121.0,,,"1,121",2380,asthma_ed_adults,count,2009
1197,210,UHF42,14,1201.0,,,"1,201",2380,asthma_ed_adults,count,2010
1197,210,UHF42,38,1240.0,,,"1,240",2380,asthma_ed_adults,count,2011
1197,210,UHF42,39,1327.0,,,"1,327",2380,asthma_ed_adults,count,2012
1197,210,UHF42,40,1296.0,,,"1,296",2380,asthma_ed_adults,count,2013
1197,210,UHF42,41,1293.0,,,"1,293",2380,asthma_ed_adults,count,2014
1197,210,UHF42,45,1214.0,,,"1,214",2380,asthma_ed_adults,count,2016
1197,210,UHF42,46,1140.0,,,"1,140",2380,asthma_ed_adults,count,2017
1197,210,UHF42,47,1059.0,,,"1,059",2380,asthma_ed_adults,count,2018
1197,210,UHF42,48,977.0,,,977,2380,asthma_ed_adults,count,2019
1197,210,UHF42,49,527.0,,"The start of COVID-19 in Spring 2020 reduced the overall volume of ED visits, including those for asthma, which may have contributed to decreases in asthma ED visit and hospitalization counts and rates in 2020.",527,2380,asthma_ed_adults,count,2020
1197,210,UHF42,289,535.0,,,535,2380,asthma_ed_adults,count,2021
1197,210,UHF42,296,658.0,,,658,2380,asthma_ed_adults,count,2022
1197,210,UHF42,298,699.0,,,699,2380,asthma_ed_adults,count,2023
1197,211,UHF42,9,3193.0,,,"3,193",2380,asthma_ed_adults,count,2005
1197,211,UHF42,10,2699.0,,,"2,699",2380,asthma_ed_adults,count,2006
1197,211,UHF42,11,2998.0,,,"2,998",2380,asthma_ed_adults,count,2007
1197,211,UHF42,12,3282.0,,,"3,282",2380,asthma_ed_adults,count,2008
1197,211,UHF42,13,3290.0,,,"3,290",2380,asthma_ed_adults,count,2009
1197,211,UHF42,14,3703.0,,,"3,703",2380,asthma_ed_adults,count,2010
1197,211,UHF42,38,3782.0,,,"3,782",2380,asthma_ed_adults,count,2011
1197,211,UHF42,39,4257.0,,,"4,257",2380,asthma_ed_adults,count,2012
1197,211,UHF42,40,3992.0,,,"3,992",2380,asthma_ed_adults,count,2013
1197,211,UHF42,41,3849.0,,,"3,849",2380,asthma_ed_adults,count,2014
1197,211,UHF42,45,3302.0,,,"3,302",2380,asthma_ed_adults,count,2016
1197,211,UHF42,46,2550.0,,,"2,550",2380,asthma_ed_adults,count,2017
1197,211,UHF42,47,2469.0,,,"2,469",2380,asthma_ed_adults,count,2018
1197,211,UHF42,48,2322.0,,,"2,322",2380,asthma_ed_adults,count,2019
1197,211,UHF42,49,1499.0,,"The start of COVID-19 in Spring 2020 reduced the overall volume of ED visits, including those for asthma, which may have contributed to decreases in asthma ED visit and hospitalization counts and rates in 2020.","1,499",2380,asthma_ed_adults,count,2020
1197,211,UHF42,289,1335.0,,,"1,335",2380,asthma_ed_adults,count,2021
1197,211,UHF42,296,1500.0,,,"1,500",2380,asthma_ed_adults,count,2022
1197,211,UHF42,298,1525.0,,,"1,525",2380,asthma_ed_adults,count,2023
1197,301,UHF42,9,2001.0,,,"2,001",2380,asthma_ed_adults,count,2005
1197,301,UHF42,10,1724.0,,,"1,724",2380,asthma_ed_adults,count,2006
1197,301,UHF42,11,2076.0,,,"2,076",2380,asthma_ed_adults,count,2007
1197,301,UHF42,12,2117.0,,,"2,117",2380,asthma_ed_adults,count,2008
1197,301,UHF42,13,2006.0,,,"2,006",2380,asthma_ed_adults,count,2009
1197,301,UHF42,14,1893.0,,,"1,893",2380,asthma_ed_adults,count,2010
1197,301,UHF42,38,2036.0,,,"2,036",2380,asthma_ed_adults,count,2011
1197,301,UHF42,39,2120.0,,,"2,120",2380,asthma_ed_adults,count,2012
1197,301,UHF42,40,2031.0,,,"2,031",2380,asthma_ed_adults,count,2013
1197,301,UHF42,41,2192.0,,,"2,192",2380,asthma_ed_adults,count,2014
1197,301,UHF42,45,1973.0,,,"1,973",2380,asthma_ed_adults,count,2016
1197,301,UHF42,46,1675.0,,,"1,675",2380,asthma_ed_adults,count,2017
1197,301,UHF42,47,1629.0,,,"1,629",2380,asthma_ed_adults,count,2018
1197,301,UHF42,48,1279.0,,,"1,279",2380,asthma_ed_adults,count,2019
1197,301,UHF42,49,704.0,,"The start of COVID-19 in Spring 2020 reduced the overall volume of ED visits, including those for asthma, which may have contributed to decreases in asthma ED visit and hospitalization counts and rates in 2020.",704,2380,asthma_ed_adults,count,2020
1197,301,UHF42,289,909.0,,,909,2380,asthma_ed_adults,count,2021
1197,301,UHF42,296,1006.0,,,"1,006",2380,asthma_ed_adults,count,2022
1197,301,UHF42,298,1082.0,,,"1,082",2380,asthma_ed_adults,count,2023
1197,302,UHF42,9,3556.0,,,"3,556",2380,asthma_ed_adults,count,2005
1197,302,UHF42,10,3439.0,,,"3,439",2380,asthma_ed_adults,count,2006
1197,302,UHF42,11,3836.0,,,"3,836",2380,asthma_ed_adults,count,2007
1197,302,UHF42,12,4079.0,,,"4,079",2380,asthma_ed_adults,count,2008
1197,302,UHF42,13,3981.0,,,"3,981",2380,asthma_ed_adults,count,2009
1197,302,UHF42,14,3698.0,,,"3,698",2380,asthma_ed_adults,count,2010
1197,302,UHF42,38,3664.0,,,"3,664",2380,asthma_ed_adults,count,2011
1197,302,UHF42,39,3938.0,,,"3,938",2380,asthma_ed_adults,count,2012
1197,302,UHF42,40,3731.0,,,"3,731",2380,asthma_ed_adults,count,2013
1197,302,UHF42,41,3720.0,,,"3,720",2380,asthma_ed_adults,count,2014
1197,302,UHF42,45,3761.0,,,"3,761",2380,asthma_ed_adults,count,2016
1197,302,UHF42,46,3217.0,,,"3,217",2380,asthma_ed_adults,count,2017
1197,302,UHF42,47,3233.0,,,"3,233",2380,asthma_ed_adults,count,2018
1197,302,UHF42,48,3235.0,,,"3,235",2380,asthma_ed_adults,count,2019
1197,302,UHF42,49,1915.0,,"The start of COVID-19 in Spring 2020 reduced the overall volume of ED visits, including those for asthma, which may have contributed to decreases in asthma ED visit and hospitalization counts and rates in 2020.","1,915",2380,asthma_ed_adults,count,2020
1197,302,UHF42,289,1991.0,,,"1,991",2380,asthma_ed_adults,count,2021
1197,302,UHF42,296,2128.0,,,"2,128",2380,asthma_ed_adults,count,2022
1197,302,UHF42,298,2333.0,,,"2,333",2380,asthma_ed_adults,count,2023
1197,303,UHF42,9,2304.0,,,"2,304",2380,asthma_ed_adults,count,2005
1197,303,UHF42,10,2857.0,,,"2,857",2380,asthma_ed_adults,count,2006
1197,303,UHF42,11,2831.0,,,"2,831",2380,asthma_ed_adults,count,2007
1197,303,UHF42,12,3145.0,,,"3,145",2380,asthma_ed_adults,count,2008
1197,303,UHF42,13,3188.0,,,"3,188",2380,asthma_ed_adults,count,2009
1197,303,UHF42,14,2579.0,,,"2,579",2380,asthma_ed_adults,count,2010
1197,303,UHF42,38,2782.0,,,"2,782",2380,asthma_ed_adults,count,2011
1197,303,UHF42,39,2880.0,,,"2,880",2380,asthma_ed_adults,count,2012
1197,303,UHF42,40,2810.0,,,"2,810",2380,asthma_ed_adults,count,2013
1197,303,UHF42,41,2990.0,,,"2,990",2380,asthma_ed_adults,count,2014
1197,303,UHF42,45,2806.0,,,"2,806",2380,asthma_ed_adults,count,2016
1197,303,UHF42,46,2440.0,,,"2,440",2380,asthma_ed_adults,count,2017
1197,303,UHF42,47,2399.0,,,"2,399",2380,asthma_ed_adults,count,2018
1197,303,UHF42,48,2176.0,,,"2,176",2380,asthma_ed_adults,count,2019
1197,303,UHF42,49,1360.0,,"The start of COVID-19 in Spring 2020 reduced the overall volume of ED visits, including those for asthma, which may have contributed to decreases in asthma ED visit and hospitalization counts and rates in 2020.","1,360",2380,asthma_ed_adults,count,2020
1197,303,UHF42,289,1355.0,,,"1,355",2380,asthma_ed_adults,count,2021
1197,303,UHF42,296,1446.0,,,"1,446",2380,asthma_ed_adults,count,2022
1197,303,UHF42,298,1539.0,,,"1,539",2380,asthma_ed_adults,count,2023
1197,304,UHF42,9,1291.0,,,"1,291",2380,asthma_ed_adults,count,2005
1197,304,UHF42,10,982.0,,,982,2380,asthma_ed_adults,count,2006
1197,304,UHF42,11,996.0,,,996,2380,asthma_ed_adults,count,2007
1197,304,UHF42,12,1230.0,,,"1,230",2380,asthma_ed_adults,count,2008
1197,304,UHF42,13,1126.0,,,"1,126",2380,asthma_ed_adults,count,2009
1197,304,UHF42,14,1104.0,,,"1,104",2380,asthma_ed_adults,count,2010
1197,304,UHF42,38,999.0,,,999,2380,asthma_ed_adults,count,2011
1197,304,UHF42,39,1108.0,,,"1,108",2380,asthma_ed_adults,count,2012
1197,304,UHF42,40,1033.0,,,"1,033",2380,asthma_ed_adults,count,2013
1197,304,UHF42,41,1122.0,,,"1,122",2380,asthma_ed_adults,count,2014
1197,304,UHF42,45,1159.0,,,"1,159",2380,asthma_ed_adults,count,2016
1197,304,UHF42,46,1084.0,,,"1,084",2380,asthma_ed_adults,count,2017
1197,304,UHF42,47,982.0,,,982,2380,asthma_ed_adults,count,2018
1197,304,UHF42,48,762.0,,,762,2380,asthma_ed_adults,count,2019
1197,304,UHF42,49,404.0,,"The start of COVID-19 in Spring 2020 reduced the overall volume of ED visits, including those for asthma, which may have contributed to decreases in asthma ED visit and hospitalization counts and rates in 2020.",404,2380,asthma_ed_adults,count,2020
1197,304,UHF42,289,356.0,,,356,2380,asthma_ed_adults,count,2021
1197,304,UHF42,296,425.0,,,425,2380,asthma_ed_adults,count,2022
1197,304,UHF42,298,489.0,,,489,2380,asthma_ed_adults,count,2023
1197,305,UHF42,9,397.0,,,397,2380,asthma_ed_adults,count,2005
1197,305,UHF42,10,426.0,,,426,2380,asthma_ed_adults,count,2006
1197,305,UHF42,11,386.0,,,386,2380,asthma_ed_adults,count,2007
1197,305,UHF42,12,451.0,,,451,2380,asthma_ed_adults,count,2008
1197,305,UHF42,13,393.0,,,393,2380,asthma_ed_adults,count,2009
1197,305,UHF42,14,397.0,,,397,2380,asthma_ed_adults,count,2010
1197,305,UHF42,38,459.0,,,459,2380,asthma_ed_adults,count,2011
1197,305,UHF42,39,386.0,,,386,2380,asthma_ed_adults,count,2012
1197,305,UHF42,40,398.0,,,398,2380,asthma_ed_adults,count,2013
1197,305,UHF42,41,445.0,,,445,2380,asthma_ed_adults,count,2014
1197,305,UHF42,45,340.0,,,340,2380,asthma_ed_adults,count,2016
1197,305,UHF42,46,280.0,,,280,2380,asthma_ed_adults,count,2017
1197,305,UHF42,47,299.0,,,299,2380,asthma_ed_adults,count,2018
1197,305,UHF42,48,316.0,,,316,2380,asthma_ed_adults,count,2019
1197,305,UHF42,49,199.0,,"The start of COVID-19 in Spring 2020 reduced the overall volume of ED visits, including those for asthma, which may have contributed to decreases in asthma ED visit and hospitalization counts and rates in 2020.",199,2380,asthma_ed_adults,count,2020
1197,305,UHF42,289,208.0,,,208,2380,asthma_ed_adults,count,2021
1197,305,UHF42,296,254.0,,,254,2380,asthma_ed_adults,count,2022
1197,305,UHF42,298,246.0,,,246,2380,asthma_ed_adults,count,2023
1197,306,UHF42,9,725.0,,,725,2380,asthma_ed_adults,count,2005
1197,306,UHF42,10,760.0,,,760,2380,asthma_ed_adults,count,2006
1197,306,UHF42,11,596.0,,,596,2380,asthma_ed_adults,count,2007
1197,306,UHF42,12,698.0,,,698,2380,asthma_ed_adults,count,2008
1197,306,UHF42,13,741.0,,,741,2380,asthma_ed_adults,count,2009
1197,306,UHF42,14,681.0,,,681,2380,asthma_ed_adults,count,2010
1197,306,UHF42,38,749.0,,,749,2380,asthma_ed_adults,count,2011
1197,306,UHF42,39,791.0,,,791,2380,asthma_ed_adults,count,2012
1197,306,UHF42,40,757.0,,,757,2380,asthma_ed_adults,count,2013
1197,306,UHF42,41,820.0,,,820,2380,asthma_ed_adults,count,2014
1197,306,UHF42,45,687.0,,,687,2380,asthma_ed_adults,count,2016
1197,306,UHF42,46,675.0,,,675,2380,asthma_ed_adults,count,2017
1197,306,UHF42,47,688.0,,,688,2380,asthma_ed_adults,count,2018
1197,306,UHF42,48,650.0,,,650,2380,asthma_ed_adults,count,2019
1197,306,UHF42,49,462.0,,"The start of COVID-19 in Spring 2020 reduced the overall volume of ED visits, including those for asthma, which may have contributed to decreases in asthma ED visit and hospitalization counts and rates in 2020.",462,2380,asthma_ed_adults,count,2020
1197,306,UHF42,289,487.0,,,487,2380,asthma_ed_adults,count,2021
1197,306,UHF42,296,461.0,,,461,2380,asthma_ed_adults,count,2022
1197,306,UHF42,298,451.0,,,451,2380,asthma_ed_adults,count,2023
1197,307,UHF42,9,410.0,,,410,2380,asthma_ed_adults,count,2005
1197,307,UHF42,10,509.0,,,509,2380,asthma_ed_adults,count,2006
1197,307,UHF42,11,494.0,,,494,2380,asthma_ed_adults,count,2007
1197,307,UHF42,12,494.0,,,494,2380,asthma_ed_adults,count,2008
1197,307,UHF42,13,502.0,,,502,2380,asthma_ed_adults,count,2009
1197,307,UHF42,14,520.0,,,520,2380,asthma_ed_adults,count,2010
1197,307,UHF42,38,552.0,,,552,2380,asthma_ed_adults,count,2011
1197,307,UHF42,39,549.0,,,549,2380,asthma_ed_adults,count,2012
1197,307,UHF42,40,556.0,,,556,2380,asthma_ed_adults,count,2013
1197,307,UHF42,41,587.0,,,587,2380,asthma_ed_adults,count,2014
1197,307,UHF42,45,456.0,,,456,2380,asthma_ed_adults,count,2016
1197,307,UHF42,46,378.0,,,378,2380,asthma_ed_adults,count,2017
1197,307,UHF42,47,401.0,,,401,2380,asthma_ed_adults,count,2018
1197,307,UHF42,48,297.0,,,297,2380,asthma_ed_adults,count,2019
1197,307,UHF42,49,161.0,,"The start of COVID-19 in Spring 2020 reduced the overall volume of ED visits, including those for asthma, which may have contributed to decreases in asthma ED visit and hospitalization counts and rates in 2020.",161,2380,asthma_ed_adults,count,2020
1197,307,UHF42,289,193.0,,,193,2380,asthma_ed_adults,count,2021
1197,307,UHF42,296,185.0,,,185,2380,asthma_ed_adults,count,2022
1197,307,UHF42,298,226.0,,,226,2380,asthma_ed_adults,count,2023
1197,308,UHF42,9,129.0,,,129,2380,asthma_ed_adults,count,2005
1197,308,UHF42,10,141.0,,,141,2380,asthma_ed_adults,count,2006
1197,308,UHF42,11,143.0,,,143,2380,asthma_ed_adults,count,2007
1197,308,UHF42,12,163.0,,,163,2380,asthma_ed_adults,count,2008
1197,308,UHF42,13,147.0,,,147,2380,asthma_ed_adults,count,2009
1197,308,UHF42,14,117.0,,,117,2380,asthma_ed_adults,count,2010
1197,308,UHF42,38,147.0,,,147,2380,asthma_ed_adults,count,2011
1197,308,UHF42,39,132.0,,,132,2380,asthma_ed_adults,count,2012
1197,308,UHF42,40,85.0,,,85,2380,asthma_ed_adults,count,2013
1197,308,UHF42,41,109.0,,,109,2380,asthma_ed_adults,count,2014
1197,308,UHF42,45,128.0,,,128,2380,asthma_ed_adults,count,2016
1197,308,UHF42,46,79.0,,,79,2380,asthma_ed_adults,count,2017
1197,308,UHF42,47,102.0,,,102,2380,asthma_ed_adults,count,2018
1197,308,UHF42,48,97.0,,,97,2380,asthma_ed_adults,count,2019
1197,308,UHF42,49,80.0,,"The start of COVID-19 in Spring 2020 reduced the overall volume of ED visits, including those for asthma, which may have contributed to decreases in asthma ED visit and hospitalization counts and rates in 2020.",80,2380,asthma_ed_adults,count,2020
1197,308,UHF42,289,54.0,,,54,2380,asthma_ed_adults,count,2021
1197,308,UHF42,296,61.0,,,61,2380,asthma_ed_adults,count,2022
1197,308,UHF42,298,56.0,,,56,2380,asthma_ed_adults,count,2023
1197,309,UHF42,9,1172.0,,,"1,172",2380,asthma_ed_adults,count,2005
1197,309,UHF42,10,1319.0,,,"1,319",2380,asthma_ed_adults,count,2006
1197,309,UHF42,11,1348.0,,,"1,348",2380,asthma_ed_adults,count,2007
1197,309,UHF42,12,1389.0,,,"1,389",2380,asthma_ed_adults,count,2008
1197,309,UHF42,13,1524.0,,,"1,524",2380,asthma_ed_adults,count,2009
1197,309,UHF42,14,1332.0,,,"1,332",2380,asthma_ed_adults,count,2010
1197,309,UHF42,38,1730.0,,,"1,730",2380,asthma_ed_adults,count,2011
1197,309,UHF42,39,1838.0,,,"1,838",2380,asthma_ed_adults,count,2012
1197,309,UHF42,40,1437.0,,,"1,437",2380,asthma_ed_adults,count,2013
1197,309,UHF42,41,1487.0,,,"1,487",2380,asthma_ed_adults,count,2014
1197,309,UHF42,45,1348.0,,,"1,348",2380,asthma_ed_adults,count,2016
1197,309,UHF42,46,1193.0,,,"1,193",2380,asthma_ed_adults,count,2017
1197,309,UHF42,47,1253.0,,,"1,253",2380,asthma_ed_adults,count,2018
1197,309,UHF42,48,1135.0,,,"1,135",2380,asthma_ed_adults,count,2019
1197,309,UHF42,49,633.0,,"The start of COVID-19 in Spring 2020 reduced the overall volume of ED visits, including those for asthma, which may have contributed to decreases in asthma ED visit and hospitalization counts and rates in 2020.",633,2380,asthma_ed_adults,count,2020
1197,309,UHF42,289,607.0,,,607,2380,asthma_ed_adults,count,2021
1197,309,UHF42,296,624.0,,,624,2380,asthma_ed_adults,count,2022
1197,309,UHF42,298,718.0,,,718,2380,asthma_ed_adults,count,2023
1197,310,UHF42,9,166.0,,,166,2380,asthma_ed_adults,count,2005
1197,310,UHF42,10,191.0,,,191,2380,asthma_ed_adults,count,2006
1197,310,UHF42,11,197.0,,,197,2380,asthma_ed_adults,count,2007
1197,310,UHF42,12,197.0,,,197,2380,asthma_ed_adults,count,2008
1197,310,UHF42,13,216.0,,,216,2380,asthma_ed_adults,count,2009
1197,310,UHF42,14,269.0,,,269,2380,asthma_ed_adults,count,2010
1197,310,UHF42,38,239.0,,,239,2380,asthma_ed_adults,count,2011
1197,310,UHF42,39,244.0,,,244,2380,asthma_ed_adults,count,2012
1197,310,UHF42,40,196.0,,,196,2380,asthma_ed_adults,count,2013
1197,310,UHF42,41,246.0,,,246,2380,asthma_ed_adults,count,2014
1197,310,UHF42,45,263.0,,,263,2380,asthma_ed_adults,count,2016
1197,310,UHF42,46,216.0,,,216,2380,asthma_ed_adults,count,2017
1197,310,UHF42,47,247.0,,,247,2380,asthma_ed_adults,count,2018
1197,310,UHF42,48,235.0,,,235,2380,asthma_ed_adults,count,2019
1197,310,UHF42,49,117.0,,"The start of COVID-19 in Spring 2020 reduced the overall volume of ED visits, including those for asthma, which may have contributed to decreases in asthma ED visit and hospitalization counts and rates in 2020.",117,2380,asthma_ed_adults,count,2020
1197,310,UHF42,289,148.0,,,148,2380,asthma_ed_adults,count,2021
1197,310,UHF42,296,115.0,,,115,2380,asthma_ed_adults,count,2022
1197,310,UHF42,298,110.0,,,110,2380,asthma_ed_adults,count,2023
1197,401,UHF42,9,928.0,,,928,2380,asthma_ed_adults,count,2005
1197,401,UHF42,10,1032.0,,,"1,032",2380,asthma_ed_adults,count,2006
1197,401,UHF42,11,946.0,,,946,2380,asthma_ed_adults,count,2007
1197,401,UHF42,12,998.0,,,998,2380,asthma_ed_adults,count,2008
1197,401,UHF42,13,992.0,,,992,2380,asthma_ed_adults,count,2009
1197,401,UHF42,14,1018.0,,,"1,018",2380,asthma_ed_adults,count,2010
1197,401,UHF42,38,1118.0,,,"1,118",2380,asthma_ed_adults,count,2011
1197,401,UHF42,39,1135.0,,,"1,135",2380,asthma_ed_adults,count,2012
1197,401,UHF42,40,1129.0,,,"1,129",2380,asthma_ed_adults,count,2013
1197,401,UHF42,41,1024.0,,,"1,024",2380,asthma_ed_adults,count,2014
1197,401,UHF42,45,1120.0,,,"1,120",2380,asthma_ed_adults,count,2016
1197,401,UHF42,46,903.0,,,903,2380,asthma_ed_adults,count,2017
1197,401,UHF42,47,825.0,,,825,2380,asthma_ed_adults,count,2018
1197,401,UHF42,48,740.0,,,740,2380,asthma_ed_adults,count,2019
1197,401,UHF42,49,434.0,,"The start of COVID-19 in Spring 2020 reduced the overall volume of ED visits, including those for asthma, which may have contributed to decreases in asthma ED visit and hospitalization counts and rates in 2020.",434,2380,asthma_ed_adults,count,2020
1197,401,UHF42,289,497.0,,,497,2380,asthma_ed_adults,count,2021
1197,401,UHF42,296,537.0,,,537,2380,asthma_ed_adults,count,2022
1197,401,UHF42,298,641.0,,,641,2380,asthma_ed_adults,count,2023
1197,402,UHF42,9,1530.0,,,"1,530",2380,asthma_ed_adults,count,2005
1197,402,UHF42,10,1672.0,,,"1,672",2380,asthma_ed_adults,count,2006
1197,402,UHF42,11,1348.0,,,"1,348",2380,asthma_ed_adults,count,2007
1197,402,UHF42,12,1479.0,,,"1,479",2380,asthma_ed_adults,count,2008
1197,402,UHF42,13,1521.0,,,"1,521",2380,asthma_ed_adults,count,2009
1197,402,UHF42,14,1387.0,,,"1,387",2380,asthma_ed_adults,count,2010
1197,402,UHF42,38,1447.0,,,"1,447",2380,asthma_ed_adults,count,2011
1197,402,UHF42,39,1570.0,,,"1,570",2380,asthma_ed_adults,count,2012
1197,402,UHF42,40,1545.0,,,"1,545",2380,asthma_ed_adults,count,2013
1197,402,UHF42,41,1556.0,,,"1,556",2380,asthma_ed_adults,count,2014
1197,402,UHF42,45,1558.0,,,"1,558",2380,asthma_ed_adults,count,2016
1197,402,UHF42,46,1363.0,,,"1,363",2380,asthma_ed_adults,count,2017
1197,402,UHF42,47,1347.0,,,"1,347",2380,asthma_ed_adults,count,2018
1197,402,UHF42,48,1249.0,,,"1,249",2380,asthma_ed_adults,count,2019
1197,402,UHF42,49,698.0,,"The start of COVID-19 in Spring 2020 reduced the overall volume of ED visits, including those for asthma, which may have contributed to decreases in asthma ED visit and hospitalization counts and rates in 2020.",698,2380,asthma_ed_adults,count,2020
1197,402,UHF42,289,842.0,,,842,2380,asthma_ed_adults,count,2021
1197,402,UHF42,296,801.0,,,801,2380,asthma_ed_adults,count,2022
1197,402,UHF42,298,1067.0,,,"1,067",2380,asthma_ed_adults,count,2023
1197,403,UHF42,9,438.0,,,438,2380,asthma_ed_adults,count,2005
1197,403,UHF42,10,512.0,,,512,2380,asthma_ed_adults,count,2006
1197,403,UHF42,11,555.0,,,555,2380,asthma_ed_adults,count,2007
1197,403,UHF42,12,554.0,,,554,2380,asthma_ed_adults,count,2008
1197,403,UHF42,13,516.0,,,516,2380,asthma_ed_adults,count,2009
1197,403,UHF42,14,529.0,,,529,2380,asthma_ed_adults,count,2010
1197,403,UHF42,38,615.0,,,615,2380,asthma_ed_adults,count,2011
1197,403,UHF42,39,620.0,,,620,2380,asthma_ed_adults,count,2012
1197,403,UHF42,40,623.0,,,623,2380,asthma_ed_adults,count,2013
1197,403,UHF42,41,624.0,,,624,2380,asthma_ed_adults,count,2014
1197,403,UHF42,45,511.0,,,511,2380,asthma_ed_adults,count,2016
1197,403,UHF42,46,454.0,,,454,2380,asthma_ed_adults,count,2017
1197,403,UHF42,47,410.0,,,410,2380,asthma_ed_adults,count,2018
1197,403,UHF42,48,395.0,,,395,2380,asthma_ed_adults,count,2019
1197,403,UHF42,49,204.0,,"The start of COVID-19 in Spring 2020 reduced the overall volume of ED visits, including those for asthma, which may have contributed to decreases in asthma ED visit and hospitalization counts and rates in 2020.",204,2380,asthma_ed_adults,count,2020
1197,403,UHF42,289,218.0,,,218,2380,asthma_ed_adults,count,2021
1197,403,UHF42,296,233.0,,,233,2380,asthma_ed_adults,count,2022
1197,403,UHF42,298,354.0,,,354,2380,asthma_ed_adults,count,2023
1197,404,UHF42,9,106.0,,,106,2380,asthma_ed_adults,count,2005
1197,404,UHF42,10,125.0,,,125,2380,asthma_ed_adults,count,2006
1197,404,UHF42,11,127.0,,,127,2380,asthma_ed_adults,count,2007
1197,404,UHF42,12,122.0,,,122,2380,asthma_ed_adults,count,2008
1197,404,UHF42,13,166.0,,,166,2380,asthma_ed_adults,count,2009
1197,404,UHF42,14,129.0,,,129,2380,asthma_ed_adults,count,2010
1197,404,UHF42,38,126.0,,,126,2380,asthma_ed_adults,count,2011
1197,404,UHF42,39,155.0,,,155,2380,asthma_ed_adults,count,2012
1197,404,UHF42,40,137.0,,,137,2380,asthma_ed_adults,count,2013
1197,404,UHF42,41,144.0,,,144,2380,asthma_ed_adults,count,2014
1197,404,UHF42,45,119.0,,,119,2380,asthma_ed_adults,count,2016
1197,404,UHF42,46,97.0,,,97,2380,asthma_ed_adults,count,2017
1197,404,UHF42,47,92.0,,,92,2380,asthma_ed_adults,count,2018
1197,404,UHF42,48,83.0,,,83,2380,asthma_ed_adults,count,2019
1197,404,UHF42,49,32.0,,"The start of COVID-19 in Spring 2020 reduced the overall volume of ED visits, including those for asthma, which may have contributed to decreases in asthma ED visit and hospitalization counts and rates in 2020.",32,2380,asthma_ed_adults,count,2020
1197,404,UHF42,289,44.0,,,44,2380,asthma_ed_adults,count,2021
1197,404,UHF42,296,72.0,,,72,2380,asthma_ed_adults,count,2022
1197,404,UHF42,298,134.0,,,134,2380,asthma_ed_adults,count,2023
1197,405,UHF42,9,837.0,,,837,2380,asthma_ed_adults,count,2005
1197,405,UHF42,10,642.0,,,642,2380,asthma_ed_adults,count,2006
1197,405,UHF42,11,571.0,,,571,2380,asthma_ed_adults,count,2007
1197,405,UHF42,12,761.0,,,761,2380,asthma_ed_adults,count,2008
1197,405,UHF42,13,751.0,,,751,2380,asthma_ed_adults,count,2009
1197,405,UHF42,14,789.0,,,789,2380,asthma_ed_adults,count,2010
1197,405,UHF42,38,792.0,,,792,2380,asthma_ed_adults,count,2011
1197,405,UHF42,39,830.0,,,830,2380,asthma_ed_adults,count,2012
1197,405,UHF42,40,813.0,,,813,2380,asthma_ed_adults,count,2013
1197,405,UHF42,41,873.0,,,873,2380,asthma_ed_adults,count,2014
1197,405,UHF42,45,777.0,,,777,2380,asthma_ed_adults,count,2016
1197,405,UHF42,46,647.0,,,647,2380,asthma_ed_adults,count,2017
1197,405,UHF42,47,645.0,,,645,2380,asthma_ed_adults,count,2018
1197,405,UHF42,48,606.0,,,606,2380,asthma_ed_adults,count,2019
1197,405,UHF42,49,382.0,,"The start of COVID-19 in Spring 2020 reduced the overall volume of ED visits, including those for asthma, which may have contributed to decreases in asthma ED visit and hospitalization counts and rates in 2020.",382,2380,asthma_ed_adults,count,2020
1197,405,UHF42,289,339.0,,,339,2380,asthma_ed_adults,count,2021
1197,405,UHF42,296,375.0,,,375,2380,asthma_ed_adults,count,2022
1197,405,UHF42,298,505.0,,,505,2380,asthma_ed_adults,count,2023
1197,406,UHF42,9,275.0,,,275,2380,asthma_ed_adults,count,2005
1197,406,UHF42,10,308.0,,,308,2380,asthma_ed_adults,count,2006
1197,406,UHF42,11,319.0,,,319,2380,asthma_ed_adults,count,2007
1197,406,UHF42,12,348.0,,,348,2380,asthma_ed_adults,count,2008
1197,406,UHF42,13,363.0,,,363,2380,asthma_ed_adults,count,2009
1197,406,UHF42,14,327.0,,,327,2380,asthma_ed_adults,count,2010
1197,406,UHF42,38,359.0,,,359,2380,asthma_ed_adults,count,2011
1197,406,UHF42,39,414.0,,,414,2380,asthma_ed_adults,count,2012
1197,406,UHF42,40,396.0,,,396,2380,asthma_ed_adults,count,2013
1197,406,UHF42,41,337.0,,,337,2380,asthma_ed_adults,count,2014
1197,406,UHF42,45,318.0,,,318,2380,asthma_ed_adults,count,2016
1197,406,UHF42,46,270.0,,,270,2380,asthma_ed_adults,count,2017
1197,406,UHF42,47,253.0,,,253,2380,asthma_ed_adults,count,2018
1197,406,UHF42,48,234.0,,,234,2380,asthma_ed_adults,count,2019
1197,406,UHF42,49,131.0,,"The start of COVID-19 in Spring 2020 reduced the overall volume of ED visits, including those for asthma, which may have contributed to decreases in asthma ED visit and hospitalization counts and rates in 2020.",131,2380,asthma_ed_adults,count,2020
1197,406,UHF42,289,125.0,,,125,2380,asthma_ed_adults,count,2021
1197,406,UHF42,296,139.0,,,139,2380,asthma_ed_adults,count,2022
1197,406,UHF42,298,179.0,,,179,2380,asthma_ed_adults,count,2023
1197,407,UHF42,9,1126.0,,,"1,126",2380,asthma_ed_adults,count,2005
1197,407,UHF42,10,1172.0,,,"1,172",2380,asthma_ed_adults,count,2006
1197,407,UHF42,11,1108.0,,,"1,108",2380,asthma_ed_adults,count,2007
1197,407,UHF42,12,1252.0,,,"1,252",2380,asthma_ed_adults,count,2008
1197,407,UHF42,13,1454.0,,,"1,454",2380,asthma_ed_adults,count,2009
1197,407,UHF42,14,1453.0,,,"1,453",2380,asthma_ed_adults,count,2010
1197,407,UHF42,38,1506.0,,,"1,506",2380,asthma_ed_adults,count,2011
1197,407,UHF42,39,1616.0,,,"1,616",2380,asthma_ed_adults,count,2012
1197,407,UHF42,40,1417.0,,,"1,417",2380,asthma_ed_adults,count,2013
1197,407,UHF42,41,1509.0,,,"1,509",2380,asthma_ed_adults,count,2014
1197,407,UHF42,45,1147.0,,,"1,147",2380,asthma_ed_adults,count,2016
1197,407,UHF42,46,1127.0,,,"1,127",2380,asthma_ed_adults,count,2017
1197,407,UHF42,47,987.0,,,987,2380,asthma_ed_adults,count,2018
1197,407,UHF42,48,1026.0,,,"1,026",2380,asthma_ed_adults,count,2019
1197,407,UHF42,49,586.0,,"The start of COVID-19 in Spring 2020 reduced the overall volume of ED visits, including those for asthma, which may have contributed to decreases in asthma ED visit and hospitalization counts and rates in 2020.",586,2380,asthma_ed_adults,count,2020
1197,407,UHF42,289,696.0,,,696,2380,asthma_ed_adults,count,2021
1197,407,UHF42,296,711.0,,,711,2380,asthma_ed_adults,count,2022
1197,407,UHF42,298,843.0,,,843,2380,asthma_ed_adults,count,2023
1197,408,UHF42,9,1931.0,,,"1,931",2380,asthma_ed_adults,count,2005
1197,408,UHF42,10,2171.0,,,"2,171",2380,asthma_ed_adults,count,2006
1197,408,UHF42,11,1597.0,,,"1,597",2380,asthma_ed_adults,count,2007
1197,408,UHF42,12,1783.0,,,"1,783",2380,asthma_ed_adults,count,2008
1197,408,UHF42,13,2247.0,,,"2,247",2380,asthma_ed_adults,count,2009
1197,408,UHF42,14,2373.0,,,"2,373",2380,asthma_ed_adults,count,2010
1197,408,UHF42,38,2387.0,,,"2,387",2380,asthma_ed_adults,count,2011
1197,408,UHF42,39,2547.0,,,"2,547",2380,asthma_ed_adults,count,2012
1197,408,UHF42,40,2534.0,,,"2,534",2380,asthma_ed_adults,count,2013
1197,408,UHF42,41,2496.0,,,"2,496",2380,asthma_ed_adults,count,2014
1197,408,UHF42,45,2151.0,,,"2,151",2380,asthma_ed_adults,count,2016
1197,408,UHF42,46,1925.0,,,"1,925",2380,asthma_ed_adults,count,2017
1197,408,UHF42,47,1555.0,,,"1,555",2380,asthma_ed_adults,count,2018
1197,408,UHF42,48,1898.0,,,"1,898",2380,asthma_ed_adults,count,2019
1197,408,UHF42,49,1191.0,,"The start of COVID-19 in Spring 2020 reduced the overall volume of ED visits, including those for asthma, which may have contributed to decreases in asthma ED visit and hospitalization counts and rates in 2020.","1,191",2380,asthma_ed_adults,count,2020
1197,408,UHF42,289,1214.0,,,"1,214",2380,asthma_ed_adults,count,2021
1197,408,UHF42,296,1263.0,,,"1,263",2380,asthma_ed_adults,count,2022
1197,408,UHF42,298,1358.0,,,"1,358",2380,asthma_ed_adults,count,2023
1197,409,UHF42,9,771.0,,,771,2380,asthma_ed_adults,count,2005
1197,409,UHF42,10,885.0,,,885,2380,asthma_ed_adults,count,2006
1197,409,UHF42,11,814.0,,,814,2380,asthma_ed_adults,count,2007
1197,409,UHF42,12,936.0,,,936,2380,asthma_ed_adults,count,2008
1197,409,UHF42,13,1042.0,,,"1,042",2380,asthma_ed_adults,count,2009
1197,409,UHF42,14,1093.0,,,"1,093",2380,asthma_ed_adults,count,2010
1197,409,UHF42,38,1101.0,,,"1,101",2380,asthma_ed_adults,count,2011
1197,409,UHF42,39,1087.0,,,"1,087",2380,asthma_ed_adults,count,2012
1197,409,UHF42,40,987.0,,,987,2380,asthma_ed_adults,count,2013
1197,409,UHF42,41,1013.0,,,"1,013",2380,asthma_ed_adults,count,2014
1197,409,UHF42,45,937.0,,,937,2380,asthma_ed_adults,count,2016
1197,409,UHF42,46,845.0,,,845,2380,asthma_ed_adults,count,2017
1197,409,UHF42,47,721.0,,,721,2380,asthma_ed_adults,count,2018
1197,409,UHF42,48,810.0,,,810,2380,asthma_ed_adults,count,2019
1197,409,UHF42,49,451.0,,"The start of COVID-19 in Spring 2020 reduced the overall volume of ED visits, including those for asthma, which may have contributed to decreases in asthma ED visit and hospitalization counts and rates in 2020.",451,2380,asthma_ed_adults,count,2020
1197,409,UHF42,289,530.0,,,530,2380,asthma_ed_adults,count,2021
1197,409,UHF42,296,525.0,,,525,2380,asthma_ed_adults,count,2022
1197,409,UHF42,298,638.0,,,638,2380,asthma_ed_adults,count,2023
1197,410,UHF42,9,746.0,,,746,2380,asthma_ed_adults,count,2005
1197,410,UHF42,10,718.0,,,718,2380,asthma_ed_adults,count,2006
1197,410,UHF42,11,715.0,,,715,2380,asthma_ed_adults,count,2007
1197,410,UHF42,12,932.0,,,932,2380,asthma_ed_adults,count,2008
1197,410,UHF42,13,893.0,,,893,2380,asthma_ed_adults,count,2009
1197,410,UHF42,14,967.0,,,967,2380,asthma_ed_adults,count,2010
1197,410,UHF42,38,1095.0,,,"1,095",2380,asthma_ed_adults,count,2011
1197,410,UHF42,39,1164.0,,,"1,164",2380,asthma_ed_adults,count,2012
1197,410,UHF42,40,928.0,,,928,2380,asthma_ed_adults,count,2013
1197,410,UHF42,41,1118.0,,,"1,118",2380,asthma_ed_adults,count,2014
1197,410,UHF42,45,1032.0,,,"1,032",2380,asthma_ed_adults,count,2016
1197,410,UHF42,46,982.0,,,982,2380,asthma_ed_adults,count,2017
1197,410,UHF42,47,983.0,,,983,2380,asthma_ed_adults,count,2018
1197,410,UHF42,48,1008.0,,,"1,008",2380,asthma_ed_adults,count,2019
1197,410,UHF42,49,625.0,,"The start of COVID-19 in Spring 2020 reduced the overall volume of ED visits, including those for asthma, which may have contributed to decreases in asthma ED visit and hospitalization counts and rates in 2020.",625,2380,asthma_ed_adults,count,2020
1197,410,UHF42,289,699.0,,,699,2380,asthma_ed_adults,count,2021
1197,410,UHF42,296,760.0,,,760,2380,asthma_ed_adults,count,2022
1197,410,UHF42,298,838.0,,,838,2380,asthma_ed_adults,count,2023
1197,501,UHF42,9,580.0,,,580,2380,asthma_ed_adults,count,2005
1197,501,UHF42,10,661.0,,,661,2380,asthma_ed_adults,count,2006
1197,501,UHF42,11,610.0,,,610,2380,asthma_ed_adults,count,2007
1197,501,UHF42,12,760.0,,,760,2380,asthma_ed_adults,count,2008
1197,501,UHF42,13,824.0,,,824,2380,asthma_ed_adults,count,2009
1197,501,UHF42,14,738.0,,,738,2380,asthma_ed_adults,count,2010
1197,501,UHF42,38,756.0,,,756,2380,asthma_ed_adults,count,2011
1197,501,UHF42,39,844.0,,,844,2380,asthma_ed_adults,count,2012
1197,501,UHF42,40,680.0,,,680,2380,asthma_ed_adults,count,2013
1197,501,UHF42,41,739.0,,,739,2380,asthma_ed_adults,count,2014
1197,501,UHF42,45,604.0,,,604,2380,asthma_ed_adults,count,2016
1197,501,UHF42,46,577.0,,,577,2380,asthma_ed_adults,count,2017
1197,501,UHF42,47,690.0,,,690,2380,asthma_ed_adults,count,2018
1197,501,UHF42,48,656.0,,,656,2380,asthma_ed_adults,count,2019
1197,501,UHF42,49,380.0,,"The start of COVID-19 in Spring 2020 reduced the overall volume of ED visits, including those for asthma, which may have contributed to decreases in asthma ED visit and hospitalization counts and rates in 2020.",380,2380,asthma_ed_adults,count,2020
1197,501,UHF42,289,404.0,,,404,2380,asthma_ed_adults,count,2021
1197,501,UHF42,296,423.0,,,423,2380,asthma_ed_adults,count,2022
1197,501,UHF42,298,442.0,,,442,2380,asthma_ed_adults,count,2023
1197,502,UHF42,9,740.0,,,740,2380,asthma_ed_adults,count,2005
1197,502,UHF42,10,798.0,,,798,2380,asthma_ed_adults,count,2006
1197,502,UHF42,11,764.0,,,764,2380,asthma_ed_adults,count,2007
1197,502,UHF42,12,982.0,,,982,2380,asthma_ed_adults,count,2008
1197,502,UHF42,13,1090.0,,,"1,090",2380,asthma_ed_adults,count,2009
1197,502,UHF42,14,1069.0,,,"1,069",2380,asthma_ed_adults,count,2010
1197,502,UHF42,38,1083.0,,,"1,083",2380,asthma_ed_adults,count,2011
1197,502,UHF42,39,1177.0,,,"1,177",2380,asthma_ed_adults,count,2012
1197,502,UHF42,40,1047.0,,,"1,047",2380,asthma_ed_adults,count,2013
1197,502,UHF42,41,1052.0,,,"1,052",2380,asthma_ed_adults,count,2014
1197,502,UHF42,45,835.0,,,835,2380,asthma_ed_adults,count,2016
1197,502,UHF42,46,834.0,,,834,2380,asthma_ed_adults,count,2017
1197,502,UHF42,47,864.0,,,864,2380,asthma_ed_adults,count,2018
1197,502,UHF42,48,835.0,,,835,2380,asthma_ed_adults,count,2019
1197,502,UHF42,49,523.0,,"The start of COVID-19 in Spring 2020 reduced the overall volume of ED visits, including those for asthma, which may have contributed to decreases in asthma ED visit and hospitalization counts and rates in 2020.",523,2380,asthma_ed_adults,count,2020
1197,502,UHF42,289,467.0,,,467,2380,asthma_ed_adults,count,2021
1197,502,UHF42,296,595.0,,,595,2380,asthma_ed_adults,count,2022
1197,502,UHF42,298,659.0,,,659,2380,asthma_ed_adults,count,2023
1197,503,UHF42,9,238.0,,,238,2380,asthma_ed_adults,count,2005
1197,503,UHF42,10,219.0,,,219,2380,asthma_ed_adults,count,2006
1197,503,UHF42,11,231.0,,,231,2380,asthma_ed_adults,count,2007
1197,503,UHF42,12,257.0,,,257,2380,asthma_ed_adults,count,2008
1197,503,UHF42,13,313.0,,,313,2380,asthma_ed_adults,count,2009
1197,503,UHF42,14,315.0,,,315,2380,asthma_ed_adults,count,2010
1197,503,UHF42,38,281.0,,,281,2380,asthma_ed_adults,count,2011
1197,503,UHF42,39,284.0,,,284,2380,asthma_ed_adults,count,2012
1197,503,UHF42,40,298.0,,,298,2380,asthma_ed_adults,count,2013
1197,503,UHF42,41,288.0,,,288,2380,asthma_ed_adults,count,2014
1197,503,UHF42,45,210.0,,,210,2380,asthma_ed_adults,count,2016
1197,503,UHF42,46,239.0,,,239,2380,asthma_ed_adults,count,2017
1197,503,UHF42,47,281.0,,,281,2380,asthma_ed_adults,count,2018
1197,503,UHF42,48,240.0,,,240,2380,asthma_ed_adults,count,2019
1197,503,UHF42,49,156.0,,"The start of COVID-19 in Spring 2020 reduced the overall volume of ED visits, including those for asthma, which may have contributed to decreases in asthma ED visit and hospitalization counts and rates in 2020.",156,2380,asthma_ed_adults,count,2020
1197,503,UHF42,289,141.0,,,141,2380,asthma_ed_adults,count,2021
1197,503,UHF42,296,146.0,,,146,2380,asthma_ed_adults,count,2022
1197,503,UHF42,298,181.0,,,181,2380,asthma_ed_adults,count,2023
1197,504,UHF42,9,448.0,,,448,2380,asthma_ed_adults,count,2005
1197,504,UHF42,10,481.0,,,481,2380,asthma_ed_adults,count,2006
1197,504,UHF42,11,500.0,,,500,2380,asthma_ed_adults,count,2007
1197,504,UHF42,12,507.0,,,507,2380,asthma_ed_adults,count,2008
1197,504,UHF42,13,536.0,,,536,2380,asthma_ed_adults,count,2009
1197,504,UHF42,14,556.0,,,556,2380,asthma_ed_adults,count,2010
1197,504,UHF42,38,599.0,,,599,2380,asthma_ed_adults,count,2011
1197,504,UHF42,39,688.0,,,688,2380,asthma_ed_adults,count,2012
1197,504,UHF42,40,520.0,,,520,2380,asthma_ed_adults,count,2013
1197,504,UHF42,41,498.0,,,498,2380,asthma_ed_adults,count,2014
1197,504,UHF42,45,415.0,,,415,2380,asthma_ed_adults,count,2016
1197,504,UHF42,46,362.0,,,362,2380,asthma_ed_adults,count,2017
1197,504,UHF42,47,375.0,,,375,2380,asthma_ed_adults,count,2018
1197,504,UHF42,48,304.0,,,304,2380,asthma_ed_adults,count,2019
1197,504,UHF42,49,207.0,,"The start of COVID-19 in Spring 2020 reduced the overall volume of ED visits, including those for asthma, which may have contributed to decreases in asthma ED visit and hospitalization counts and rates in 2020.",207,2380,asthma_ed_adults,count,2020
1197,504,UHF42,289,203.0,,,203,2380,asthma_ed_adults,count,2021
1197,504,UHF42,296,228.0,,,228,2380,asthma_ed_adults,count,2022
1197,504,UHF42,298,289.0,,,289,2380,asthma_ed_adults,count,2023
1198,101,UHF42,9,52.2,,,52.2,2380,asthma_ed_adults,rate_per_10k,2005
1198,101,UHF42,10,55.0,,,55.0,2380,asthma_ed_adults,rate_per_10k,2006
1198,101,UHF42,11,67.1,,,67.1,2380,asthma_ed_adults,rate_per_10k,2007
1198,101,UHF42,12,79.3,,,79.3,2380,asthma_ed_adults,rate_per_10k,2008
1198,101,UHF42,13,78.4,,,78.4,2380,asthma_ed_adults,rate_per_10k,2009
1198,101,UHF42,14,73.6,,,73.6,2380,asthma_ed_adults,rate_per_10k,2010
1198,101,UHF42,38,65.2,,,65.2,2380,asthma_ed_adults,rate_per_10k,2011
1198,101,UHF42,39,72.1,,,72.1,2380,asthma_ed_adults,rate_per_10k,2012
1198,101,UHF42,40,75.0,,,75.0,2380,asthma_ed_adults,rate_per_10k,2013
1198,101,UHF42,41,71.0,,,71.0,2380,asthma_ed_adults,rate_per_10k,2014
1198,101,UHF42,45,75.0,,,75.0,2380,asthma_ed_adults,rate_per_10k,2016
1198,101,UHF42,46,49.6,,,49.6,2380,asthma_ed_adults,rate_per_10k,2017
1198,101,UHF42,47,55.0,,,55.0,2380,asthma_ed_adults,rate_per_10k,2018
1198,101,UHF42,48,42.0,,,42.0,2380,asthma_ed_adults,rate_per_10k,2019
1198,101,UHF42,49,24.7,,"The start of COVID-19 in Spring 2020 reduced the overall volume of ED visits, including those for asthma, which may have contributed to decreases in asthma ED visit and hospitalization counts and rates in 2020.",24.7,2380,asthma_ed_adults,rate_per_10k,2020
1198,101,UHF42,289,33.5,,,33.5,2380,asthma_ed_adults,rate_per_10k,2021
1198,101,UHF42,296,41.6,,,41.6,2380,asthma_ed_adults,rate_per_10k,2022
1198,101,UHF42,298,44.8,,,44.8,2380,asthma_ed_adults,rate_per_10k,2023
1198,102,UHF42,9,112.0,,,112.0,2380,asthma_ed_adults,rate_per_10k,2005
1198,102,UHF42,10,120.4,,,120.4,2380,asthma_ed_adults,rate_per_10k,2006
1198,102,UHF42,11,119.5,,,119.5,2380,asthma_ed_adults,rate_per_10k,2007
1198,102,UHF42,12,137.5,,,137.5,2380,asthma_ed_adults,rate_per_10k,2008
1198,102,UHF42,13,120.4,,,120.4,2380,asthma_ed_adults,rate_per_10k,2009
1198,102,UHF42,14,92.4,,,92.4,2380,asthma_ed_adults,rate_per_10k,2010
1198,102,UHF42,38,89.8,,,89.8,2380,asthma_ed_adults,rate_per_10k,2011
1198,102,UHF42,39,134.3,,,134.3,2380,asthma_ed_adults,rate_per_10k,2012
1198,102,UHF42,40,161.2,,,161.2,2380,asthma_ed_adults,rate_per_10k,2013
1198,102,UHF42,41,165.3,,,165.3,2380,asthma_ed_adults,rate_per_10k,2014
1198,102,UHF42,45,139.1,,,139.1,2380,asthma_ed_adults,rate_per_10k,2016
1198,102,UHF42,46,112.8,,,112.8,2380,asthma_ed_adults,rate_per_10k,2017
1198,102,UHF42,47,122.1,,,122.1,2380,asthma_ed_adults,rate_per_10k,2018
1198,102,UHF42,48,118.2,,,118.2,2380,asthma_ed_adults,rate_per_10k,2019
1198,102,UHF42,49,62.6,,"The start of COVID-19 in Spring 2020 reduced the overall volume of ED visits, including those for asthma, which may have contributed to decreases in asthma ED visit and hospitalization counts and rates in 2020.",62.6,2380,asthma_ed_adults,rate_per_10k,2020
1198,102,UHF42,289,78.2,,,78.2,2380,asthma_ed_adults,rate_per_10k,2021
1198,102,UHF42,296,94.4,,,94.4,2380,asthma_ed_adults,rate_per_10k,2022
1198,102,UHF42,298,104.6,,,104.6,2380,asthma_ed_adults,rate_per_10k,2023
1198,103,UHF42,9,155.4,,,155.4,2380,asthma_ed_adults,rate_per_10k,2005
1198,103,UHF42,10,176.7,,,176.7,2380,asthma_ed_adults,rate_per_10k,2006
1198,103,UHF42,11,185.3,,,185.3,2380,asthma_ed_adults,rate_per_10k,2007
1198,103,UHF42,12,190.4,,,190.4,2380,asthma_ed_adults,rate_per_10k,2008
1198,103,UHF42,13,191.5,,,191.5,2380,asthma_ed_adults,rate_per_10k,2009
1198,103,UHF42,14,170.0,,,170.0,2380,asthma_ed_adults,rate_per_10k,2010
1198,103,UHF42,38,167.4,,,167.4,2380,asthma_ed_adults,rate_per_10k,2011
1198,103,UHF42,39,199.4,,,199.4,2380,asthma_ed_adults,rate_per_10k,2012
1198,103,UHF42,40,223.3,,,223.3,2380,asthma_ed_adults,rate_per_10k,2013
1198,103,UHF42,41,217.5,,,217.5,2380,asthma_ed_adults,rate_per_10k,2014
1198,103,UHF42,45,184.4,,,184.4,2380,asthma_ed_adults,rate_per_10k,2016
1198,103,UHF42,46,137.1,,,137.1,2380,asthma_ed_adults,rate_per_10k,2017
1198,103,UHF42,47,155.3,,,155.3,2380,asthma_ed_adults,rate_per_10k,2018
1198,103,UHF42,48,125.2,,,125.2,2380,asthma_ed_adults,rate_per_10k,2019
1198,103,UHF42,49,76.3,,"The start of COVID-19 in Spring 2020 reduced the overall volume of ED visits, including those for asthma, which may have contributed to decreases in asthma ED visit and hospitalization counts and rates in 2020.",76.3,2380,asthma_ed_adults,rate_per_10k,2020
1198,103,UHF42,289,75.7,,,75.7,2380,asthma_ed_adults,rate_per_10k,2021
1198,103,UHF42,296,107.6,,,107.6,2380,asthma_ed_adults,rate_per_10k,2022
1198,103,UHF42,298,132.4,,,132.4,2380,asthma_ed_adults,rate_per_10k,2023
1198,104,UHF42,9,117.3,,,117.3,2380,asthma_ed_adults,rate_per_10k,2005
1198,104,UHF42,10,131.0,,,131.0,2380,asthma_ed_adults,rate_per_10k,2006
1198,104,UHF42,11,144.8,,,144.8,2380,asthma_ed_adults,rate_per_10k,2007
1198,104,UHF42,12,156.8,,,156.8,2380,asthma_ed_adults,rate_per_10k,2008
1198,104,UHF42,13,155.8,,,155.8,2380,asthma_ed_adults,rate_per_10k,2009
1198,104,UHF42,14,143.4,,,143.4,2380,asthma_ed_adults,rate_per_10k,2010
1198,104,UHF42,38,137.8,,,137.8,2380,asthma_ed_adults,rate_per_10k,2011
1198,104,UHF42,39,163.6,,,163.6,2380,asthma_ed_adults,rate_per_10k,2012
1198,104,UHF42,40,165.5,,,165.5,2380,asthma_ed_adults,rate_per_10k,2013
1198,104,UHF42,41,164.1,,,164.1,2380,asthma_ed_adults,rate_per_10k,2014
1198,104,UHF42,45,136.4,,,136.4,2380,asthma_ed_adults,rate_per_10k,2016
1198,104,UHF42,46,108.4,,,108.4,2380,asthma_ed_adults,rate_per_10k,2017
1198,104,UHF42,47,110.6,,,110.6,2380,asthma_ed_adults,rate_per_10k,2018
1198,104,UHF42,48,101.7,,,101.7,2380,asthma_ed_adults,rate_per_10k,2019
1198,104,UHF42,49,65.3,,"The start of COVID-19 in Spring 2020 reduced the overall volume of ED visits, including those for asthma, which may have contributed to decreases in asthma ED visit and hospitalization counts and rates in 2020.",65.3,2380,asthma_ed_adults,rate_per_10k,2020
1198,104,UHF42,289,69.6,,,69.6,2380,asthma_ed_adults,rate_per_10k,2021
1198,104,UHF42,296,80.6,,,80.6,2380,asthma_ed_adults,rate_per_10k,2022
1198,104,UHF42,298,98.3,,,98.3,2380,asthma_ed_adults,rate_per_10k,2023
1198,105,UHF42,9,306.9,,,306.9,2380,asthma_ed_adults,rate_per_10k,2005
1198,105,UHF42,10,312.0,,,312.0,2380,asthma_ed_adults,rate_per_10k,2006
1198,105,UHF42,11,329.5,,,329.5,2380,asthma_ed_adults,rate_per_10k,2007
1198,105,UHF42,12,315.6,,,315.6,2380,asthma_ed_adults,rate_per_10k,2008
1198,105,UHF42,13,300.9,,,300.9,2380,asthma_ed_adults,rate_per_10k,2009
1198,105,UHF42,14,309.6,,,309.6,2380,asthma_ed_adults,rate_per_10k,2010
1198,105,UHF42,38,302.3,,,302.3,2380,asthma_ed_adults,rate_per_10k,2011
1198,105,UHF42,39,298.3,,,298.3,2380,asthma_ed_adults,rate_per_10k,2012
1198,105,UHF42,40,283.3,,,283.3,2380,asthma_ed_adults,rate_per_10k,2013
1198,105,UHF42,41,289.1,,,289.1,2380,asthma_ed_adults,rate_per_10k,2014
1198,105,UHF42,45,247.4,,,247.4,2380,asthma_ed_adults,rate_per_10k,2016
1198,105,UHF42,46,198.5,,,198.5,2380,asthma_ed_adults,rate_per_10k,2017
1198,105,UHF42,47,228.2,,,228.2,2380,asthma_ed_adults,rate_per_10k,2018
1198,105,UHF42,48,191.5,,,191.5,2380,asthma_ed_adults,rate_per_10k,2019
1198,105,UHF42,49,130.0,,"The start of COVID-19 in Spring 2020 reduced the overall volume of ED visits, including those for asthma, which may have contributed to decreases in asthma ED visit and hospitalization counts and rates in 2020.",130.0,2380,asthma_ed_adults,rate_per_10k,2020
1198,105,UHF42,289,140.9,,,140.9,2380,asthma_ed_adults,rate_per_10k,2021
1198,105,UHF42,296,160.8,,,160.8,2380,asthma_ed_adults,rate_per_10k,2022
1198,105,UHF42,298,171.9,,,171.9,2380,asthma_ed_adults,rate_per_10k,2023
1198,106,UHF42,9,257.9,,,257.9,2380,asthma_ed_adults,rate_per_10k,2005
1198,106,UHF42,10,288.3,,,288.3,2380,asthma_ed_adults,rate_per_10k,2006
1198,106,UHF42,11,286.9,,,286.9,2380,asthma_ed_adults,rate_per_10k,2007
1198,106,UHF42,12,291.4,,,291.4,2380,asthma_ed_adults,rate_per_10k,2008
1198,106,UHF42,13,271.9,,,271.9,2380,asthma_ed_adults,rate_per_10k,2009
1198,106,UHF42,14,274.3,,,274.3,2380,asthma_ed_adults,rate_per_10k,2010
1198,106,UHF42,38,263.4,,,263.4,2380,asthma_ed_adults,rate_per_10k,2011
1198,106,UHF42,39,291.9,,,291.9,2380,asthma_ed_adults,rate_per_10k,2012
1198,106,UHF42,40,289.9,,,289.9,2380,asthma_ed_adults,rate_per_10k,2013
1198,106,UHF42,41,284.3,,,284.3,2380,asthma_ed_adults,rate_per_10k,2014
1198,106,UHF42,45,280.4,,,280.4,2380,asthma_ed_adults,rate_per_10k,2016
1198,106,UHF42,46,235.8,,,235.8,2380,asthma_ed_adults,rate_per_10k,2017
1198,106,UHF42,47,241.8,,,241.8,2380,asthma_ed_adults,rate_per_10k,2018
1198,106,UHF42,48,222.3,,,222.3,2380,asthma_ed_adults,rate_per_10k,2019
1198,106,UHF42,49,151.9,,"The start of COVID-19 in Spring 2020 reduced the overall volume of ED visits, including those for asthma, which may have contributed to decreases in asthma ED visit and hospitalization counts and rates in 2020.",151.9,2380,asthma_ed_adults,rate_per_10k,2020
1198,106,UHF42,289,136.7,,,136.7,2380,asthma_ed_adults,rate_per_10k,2021
1198,106,UHF42,296,168.0,,,168.0,2380,asthma_ed_adults,rate_per_10k,2022
1198,106,UHF42,298,178.0,,,178.0,2380,asthma_ed_adults,rate_per_10k,2023
1198,107,UHF42,9,287.4,,,287.4,2380,asthma_ed_adults,rate_per_10k,2005
1198,107,UHF42,10,326.5,,,326.5,2380,asthma_ed_adults,rate_per_10k,2006
1198,107,UHF42,11,346.4,,,346.4,2380,asthma_ed_adults,rate_per_10k,2007
1198,107,UHF42,12,353.1,,,353.1,2380,asthma_ed_adults,rate_per_10k,2008
1198,107,UHF42,13,343.6,,,343.6,2380,asthma_ed_adults,rate_per_10k,2009
1198,107,UHF42,14,311.0,,,311.0,2380,asthma_ed_adults,rate_per_10k,2010
1198,107,UHF42,38,300.2,,,300.2,2380,asthma_ed_adults,rate_per_10k,2011
1198,107,UHF42,39,330.0,,,330.0,2380,asthma_ed_adults,rate_per_10k,2012
1198,107,UHF42,40,325.9,,,325.9,2380,asthma_ed_adults,rate_per_10k,2013
1198,107,UHF42,41,338.3,,,338.3,2380,asthma_ed_adults,rate_per_10k,2014
1198,107,UHF42,45,309.5,,,309.5,2380,asthma_ed_adults,rate_per_10k,2016
1198,107,UHF42,46,263.0,,,263.0,2380,asthma_ed_adults,rate_per_10k,2017
1198,107,UHF42,47,258.1,,,258.1,2380,asthma_ed_adults,rate_per_10k,2018
1198,107,UHF42,48,237.5,,,237.5,2380,asthma_ed_adults,rate_per_10k,2019
1198,107,UHF42,49,150.0,,"The start of COVID-19 in Spring 2020 reduced the overall volume of ED visits, including those for asthma, which may have contributed to decreases in asthma ED visit and hospitalization counts and rates in 2020.",150.0,2380,asthma_ed_adults,rate_per_10k,2020
1198,107,UHF42,289,145.9,,,145.9,2380,asthma_ed_adults,rate_per_10k,2021
1198,107,UHF42,296,183.9,,,183.9,2380,asthma_ed_adults,rate_per_10k,2022
1198,107,UHF42,298,192.3,,,192.3,2380,asthma_ed_adults,rate_per_10k,2023
1198,201,UHF42,9,59.8,,,59.8,2380,asthma_ed_adults,rate_per_10k,2005
1198,201,UHF42,10,57.4,,,57.4,2380,asthma_ed_adults,rate_per_10k,2006
1198,201,UHF42,11,69.2,,,69.2,2380,asthma_ed_adults,rate_per_10k,2007
1198,201,UHF42,12,56.4,,,56.4,2380,asthma_ed_adults,rate_per_10k,2008
1198,201,UHF42,13,55.4,,,55.4,2380,asthma_ed_adults,rate_per_10k,2009
1198,201,UHF42,14,57.9,,,57.9,2380,asthma_ed_adults,rate_per_10k,2010
1198,201,UHF42,38,65.4,,,65.4,2380,asthma_ed_adults,rate_per_10k,2011
1198,201,UHF42,39,66.8,,,66.8,2380,asthma_ed_adults,rate_per_10k,2012
1198,201,UHF42,40,66.3,,,66.3,2380,asthma_ed_adults,rate_per_10k,2013
1198,201,UHF42,41,59.7,,,59.7,2380,asthma_ed_adults,rate_per_10k,2014
1198,201,UHF42,45,54.3,,,54.3,2380,asthma_ed_adults,rate_per_10k,2016
1198,201,UHF42,46,39.9,,,39.9,2380,asthma_ed_adults,rate_per_10k,2017
1198,201,UHF42,47,42.6,,,42.6,2380,asthma_ed_adults,rate_per_10k,2018
1198,201,UHF42,48,36.6,,,36.6,2380,asthma_ed_adults,rate_per_10k,2019
1198,201,UHF42,49,21.3,,"The start of COVID-19 in Spring 2020 reduced the overall volume of ED visits, including those for asthma, which may have contributed to decreases in asthma ED visit and hospitalization counts and rates in 2020.",21.3,2380,asthma_ed_adults,rate_per_10k,2020
1198,201,UHF42,289,20.1,,,20.1,2380,asthma_ed_adults,rate_per_10k,2021
1198,201,UHF42,296,31.2,,,31.2,2380,asthma_ed_adults,rate_per_10k,2022
1198,201,UHF42,298,34.3,,,34.3,2380,asthma_ed_adults,rate_per_10k,2023
1198,202,UHF42,9,94.6,,,94.6,2380,asthma_ed_adults,rate_per_10k,2005
1198,202,UHF42,10,97.1,,,97.1,2380,asthma_ed_adults,rate_per_10k,2006
1198,202,UHF42,11,92.7,,,92.7,2380,asthma_ed_adults,rate_per_10k,2007
1198,202,UHF42,12,94.6,,,94.6,2380,asthma_ed_adults,rate_per_10k,2008
1198,202,UHF42,13,81.4,,,81.4,2380,asthma_ed_adults,rate_per_10k,2009
1198,202,UHF42,14,87.0,,,87.0,2380,asthma_ed_adults,rate_per_10k,2010
1198,202,UHF42,38,91.1,,,91.1,2380,asthma_ed_adults,rate_per_10k,2011
1198,202,UHF42,39,89.6,,,89.6,2380,asthma_ed_adults,rate_per_10k,2012
1198,202,UHF42,40,80.5,,,80.5,2380,asthma_ed_adults,rate_per_10k,2013
1198,202,UHF42,41,73.4,,,73.4,2380,asthma_ed_adults,rate_per_10k,2014
1198,202,UHF42,45,67.3,,,67.3,2380,asthma_ed_adults,rate_per_10k,2016
1198,202,UHF42,46,56.4,,,56.4,2380,asthma_ed_adults,rate_per_10k,2017
1198,202,UHF42,47,63.9,,,63.9,2380,asthma_ed_adults,rate_per_10k,2018
1198,202,UHF42,48,51.1,,,51.1,2380,asthma_ed_adults,rate_per_10k,2019
1198,202,UHF42,49,31.8,,"The start of COVID-19 in Spring 2020 reduced the overall volume of ED visits, including those for asthma, which may have contributed to decreases in asthma ED visit and hospitalization counts and rates in 2020.",31.8,2380,asthma_ed_adults,rate_per_10k,2020
1198,202,UHF42,289,32.0,,,32.0,2380,asthma_ed_adults,rate_per_10k,2021
1198,202,UHF42,296,38.4,,,38.4,2380,asthma_ed_adults,rate_per_10k,2022
1198,202,UHF42,298,42.8,,,42.8,2380,asthma_ed_adults,rate_per_10k,2023
1198,203,UHF42,9,197.6,,,197.6,2380,asthma_ed_adults,rate_per_10k,2005
1198,203,UHF42,10,173.7,,,173.7,2380,asthma_ed_adults,rate_per_10k,2006
1198,203,UHF42,11,186.8,,,186.8,2380,asthma_ed_adults,rate_per_10k,2007
1198,203,UHF42,12,202.8,,,202.8,2380,asthma_ed_adults,rate_per_10k,2008
1198,203,UHF42,13,204.2,,,204.2,2380,asthma_ed_adults,rate_per_10k,2009
1198,203,UHF42,14,224.3,,,224.3,2380,asthma_ed_adults,rate_per_10k,2010
1198,203,UHF42,38,218.0,,,218.0,2380,asthma_ed_adults,rate_per_10k,2011
1198,203,UHF42,39,241.1,,,241.1,2380,asthma_ed_adults,rate_per_10k,2012
1198,203,UHF42,40,232.8,,,232.8,2380,asthma_ed_adults,rate_per_10k,2013
1198,203,UHF42,41,235.2,,,235.2,2380,asthma_ed_adults,rate_per_10k,2014
1198,203,UHF42,45,208.5,,,208.5,2380,asthma_ed_adults,rate_per_10k,2016
1198,203,UHF42,46,149.9,,,149.9,2380,asthma_ed_adults,rate_per_10k,2017
1198,203,UHF42,47,173.2,,,173.2,2380,asthma_ed_adults,rate_per_10k,2018
1198,203,UHF42,48,133.0,,,133.0,2380,asthma_ed_adults,rate_per_10k,2019
1198,203,UHF42,49,89.6,,"The start of COVID-19 in Spring 2020 reduced the overall volume of ED visits, including those for asthma, which may have contributed to decreases in asthma ED visit and hospitalization counts and rates in 2020.",89.6,2380,asthma_ed_adults,rate_per_10k,2020
1198,203,UHF42,289,76.0,,,76.0,2380,asthma_ed_adults,rate_per_10k,2021
1198,203,UHF42,296,97.5,,,97.5,2380,asthma_ed_adults,rate_per_10k,2022
1198,203,UHF42,298,114.4,,,114.4,2380,asthma_ed_adults,rate_per_10k,2023
1198,204,UHF42,9,171.4,,,171.4,2380,asthma_ed_adults,rate_per_10k,2005
1198,204,UHF42,10,173.2,,,173.2,2380,asthma_ed_adults,rate_per_10k,2006
1198,204,UHF42,11,174.8,,,174.8,2380,asthma_ed_adults,rate_per_10k,2007
1198,204,UHF42,12,197.9,,,197.9,2380,asthma_ed_adults,rate_per_10k,2008
1198,204,UHF42,13,195.9,,,195.9,2380,asthma_ed_adults,rate_per_10k,2009
1198,204,UHF42,14,208.2,,,208.2,2380,asthma_ed_adults,rate_per_10k,2010
1198,204,UHF42,38,216.9,,,216.9,2380,asthma_ed_adults,rate_per_10k,2011
1198,204,UHF42,39,235.3,,,235.3,2380,asthma_ed_adults,rate_per_10k,2012
1198,204,UHF42,40,234.8,,,234.8,2380,asthma_ed_adults,rate_per_10k,2013
1198,204,UHF42,41,248.1,,,248.1,2380,asthma_ed_adults,rate_per_10k,2014
1198,204,UHF42,45,208.4,,,208.4,2380,asthma_ed_adults,rate_per_10k,2016
1198,204,UHF42,46,165.1,,,165.1,2380,asthma_ed_adults,rate_per_10k,2017
1198,204,UHF42,47,185.1,,,185.1,2380,asthma_ed_adults,rate_per_10k,2018
1198,204,UHF42,48,160.4,,,160.4,2380,asthma_ed_adults,rate_per_10k,2019
1198,204,UHF42,49,94.3,,"The start of COVID-19 in Spring 2020 reduced the overall volume of ED visits, including those for asthma, which may have contributed to decreases in asthma ED visit and hospitalization counts and rates in 2020.",94.3,2380,asthma_ed_adults,rate_per_10k,2020
1198,204,UHF42,289,70.4,,,70.4,2380,asthma_ed_adults,rate_per_10k,2021
1198,204,UHF42,296,100.8,,,100.8,2380,asthma_ed_adults,rate_per_10k,2022
1198,204,UHF42,298,121.3,,,121.3,2380,asthma_ed_adults,rate_per_10k,2023
1198,205,UHF42,9,89.7,,,89.7,2380,asthma_ed_adults,rate_per_10k,2005
1198,205,UHF42,10,78.0,,,78.0,2380,asthma_ed_adults,rate_per_10k,2006
1198,205,UHF42,11,76.8,,,76.8,2380,asthma_ed_adults,rate_per_10k,2007
1198,205,UHF42,12,75.7,,,75.7,2380,asthma_ed_adults,rate_per_10k,2008
1198,205,UHF42,13,76.3,,,76.3,2380,asthma_ed_adults,rate_per_10k,2009
1198,205,UHF42,14,80.9,,,80.9,2380,asthma_ed_adults,rate_per_10k,2010
1198,205,UHF42,38,76.8,,,76.8,2380,asthma_ed_adults,rate_per_10k,2011
1198,205,UHF42,39,84.3,,,84.3,2380,asthma_ed_adults,rate_per_10k,2012
1198,205,UHF42,40,78.4,,,78.4,2380,asthma_ed_adults,rate_per_10k,2013
1198,205,UHF42,41,61.5,,,61.5,2380,asthma_ed_adults,rate_per_10k,2014
1198,205,UHF42,45,48.5,,,48.5,2380,asthma_ed_adults,rate_per_10k,2016
1198,205,UHF42,46,46.6,,,46.6,2380,asthma_ed_adults,rate_per_10k,2017
1198,205,UHF42,47,45.3,,,45.3,2380,asthma_ed_adults,rate_per_10k,2018
1198,205,UHF42,48,40.7,,,40.7,2380,asthma_ed_adults,rate_per_10k,2019
1198,205,UHF42,49,25.5,,"The start of COVID-19 in Spring 2020 reduced the overall volume of ED visits, including those for asthma, which may have contributed to decreases in asthma ED visit and hospitalization counts and rates in 2020.",25.5,2380,asthma_ed_adults,rate_per_10k,2020
1198,205,UHF42,289,32.1,,,32.1,2380,asthma_ed_adults,rate_per_10k,2021
1198,205,UHF42,296,33.6,,,33.6,2380,asthma_ed_adults,rate_per_10k,2022
1198,205,UHF42,298,35.6,,,35.6,2380,asthma_ed_adults,rate_per_10k,2023
1198,206,UHF42,9,24.4,,,24.4,2380,asthma_ed_adults,rate_per_10k,2005
1198,206,UHF42,10,24.9,,,24.9,2380,asthma_ed_adults,rate_per_10k,2006
1198,206,UHF42,11,24.8,,,24.8,2380,asthma_ed_adults,rate_per_10k,2007
1198,206,UHF42,12,25.2,,,25.2,2380,asthma_ed_adults,rate_per_10k,2008
1198,206,UHF42,13,28.3,,,28.3,2380,asthma_ed_adults,rate_per_10k,2009
1198,206,UHF42,14,28.6,,,28.6,2380,asthma_ed_adults,rate_per_10k,2010
1198,206,UHF42,38,36.0,,,36.0,2380,asthma_ed_adults,rate_per_10k,2011
1198,206,UHF42,39,38.8,,,38.8,2380,asthma_ed_adults,rate_per_10k,2012
1198,206,UHF42,40,31.0,,,31.0,2380,asthma_ed_adults,rate_per_10k,2013
1198,206,UHF42,41,34.1,,,34.1,2380,asthma_ed_adults,rate_per_10k,2014
1198,206,UHF42,45,27.2,,,27.2,2380,asthma_ed_adults,rate_per_10k,2016
1198,206,UHF42,46,20.7,,,20.7,2380,asthma_ed_adults,rate_per_10k,2017
1198,206,UHF42,47,28.0,,,28.0,2380,asthma_ed_adults,rate_per_10k,2018
1198,206,UHF42,48,21.6,,,21.6,2380,asthma_ed_adults,rate_per_10k,2019
1198,206,UHF42,49,10.2,,"The start of COVID-19 in Spring 2020 reduced the overall volume of ED visits, including those for asthma, which may have contributed to decreases in asthma ED visit and hospitalization counts and rates in 2020.",10.2,2380,asthma_ed_adults,rate_per_10k,2020
1198,206,UHF42,289,10.4,,,10.4,2380,asthma_ed_adults,rate_per_10k,2021
1198,206,UHF42,296,17.2,,,17.2,2380,asthma_ed_adults,rate_per_10k,2022
1198,206,UHF42,298,20.0,,,20.0,2380,asthma_ed_adults,rate_per_10k,2023
1198,207,UHF42,9,99.3,,,99.3,2380,asthma_ed_adults,rate_per_10k,2005
1198,207,UHF42,10,103.5,,,103.5,2380,asthma_ed_adults,rate_per_10k,2006
1198,207,UHF42,11,102.2,,,102.2,2380,asthma_ed_adults,rate_per_10k,2007
1198,207,UHF42,12,115.7,,,115.7,2380,asthma_ed_adults,rate_per_10k,2008
1198,207,UHF42,13,118.9,,,118.9,2380,asthma_ed_adults,rate_per_10k,2009
1198,207,UHF42,14,130.0,,,130.0,2380,asthma_ed_adults,rate_per_10k,2010
1198,207,UHF42,38,146.4,,,146.4,2380,asthma_ed_adults,rate_per_10k,2011
1198,207,UHF42,39,146.5,,,146.5,2380,asthma_ed_adults,rate_per_10k,2012
1198,207,UHF42,40,139.5,,,139.5,2380,asthma_ed_adults,rate_per_10k,2013
1198,207,UHF42,41,125.3,,,125.3,2380,asthma_ed_adults,rate_per_10k,2014
1198,207,UHF42,45,122.2,,,122.2,2380,asthma_ed_adults,rate_per_10k,2016
1198,207,UHF42,46,98.4,,,98.4,2380,asthma_ed_adults,rate_per_10k,2017
1198,207,UHF42,47,111.2,,,111.2,2380,asthma_ed_adults,rate_per_10k,2018
1198,207,UHF42,48,90.1,,,90.1,2380,asthma_ed_adults,rate_per_10k,2019
1198,207,UHF42,49,55.4,,"The start of COVID-19 in Spring 2020 reduced the overall volume of ED visits, including those for asthma, which may have contributed to decreases in asthma ED visit and hospitalization counts and rates in 2020.",55.4,2380,asthma_ed_adults,rate_per_10k,2020
1198,207,UHF42,289,63.1,,,63.1,2380,asthma_ed_adults,rate_per_10k,2021
1198,207,UHF42,296,72.5,,,72.5,2380,asthma_ed_adults,rate_per_10k,2022
1198,207,UHF42,298,86.3,,,86.3,2380,asthma_ed_adults,rate_per_10k,2023
1198,208,UHF42,9,64.2,,,64.2,2380,asthma_ed_adults,rate_per_10k,2005
1198,208,UHF42,10,75.7,,,75.7,2380,asthma_ed_adults,rate_per_10k,2006
1198,208,UHF42,11,70.0,,,70.0,2380,asthma_ed_adults,rate_per_10k,2007
1198,208,UHF42,12,79.5,,,79.5,2380,asthma_ed_adults,rate_per_10k,2008
1198,208,UHF42,13,85.8,,,85.8,2380,asthma_ed_adults,rate_per_10k,2009
1198,208,UHF42,14,95.3,,,95.3,2380,asthma_ed_adults,rate_per_10k,2010
1198,208,UHF42,38,102.2,,,102.2,2380,asthma_ed_adults,rate_per_10k,2011
1198,208,UHF42,39,101.7,,,101.7,2380,asthma_ed_adults,rate_per_10k,2012
1198,208,UHF42,40,93.1,,,93.1,2380,asthma_ed_adults,rate_per_10k,2013
1198,208,UHF42,41,99.2,,,99.2,2380,asthma_ed_adults,rate_per_10k,2014
1198,208,UHF42,45,95.2,,,95.2,2380,asthma_ed_adults,rate_per_10k,2016
1198,208,UHF42,46,77.2,,,77.2,2380,asthma_ed_adults,rate_per_10k,2017
1198,208,UHF42,47,80.3,,,80.3,2380,asthma_ed_adults,rate_per_10k,2018
1198,208,UHF42,48,78.7,,,78.7,2380,asthma_ed_adults,rate_per_10k,2019
1198,208,UHF42,49,50.6,,"The start of COVID-19 in Spring 2020 reduced the overall volume of ED visits, including those for asthma, which may have contributed to decreases in asthma ED visit and hospitalization counts and rates in 2020.",50.6,2380,asthma_ed_adults,rate_per_10k,2020
1198,208,UHF42,289,39.8,,,39.8,2380,asthma_ed_adults,rate_per_10k,2021
1198,208,UHF42,296,55.5,,,55.5,2380,asthma_ed_adults,rate_per_10k,2022
1198,208,UHF42,298,66.0,,,66.0,2380,asthma_ed_adults,rate_per_10k,2023
1198,209,UHF42,9,24.8,,,24.8,2380,asthma_ed_adults,rate_per_10k,2005
1198,209,UHF42,10,24.3,,,24.3,2380,asthma_ed_adults,rate_per_10k,2006
1198,209,UHF42,11,27.0,,,27.0,2380,asthma_ed_adults,rate_per_10k,2007
1198,209,UHF42,12,21.9,,,21.9,2380,asthma_ed_adults,rate_per_10k,2008
1198,209,UHF42,13,26.4,,,26.4,2380,asthma_ed_adults,rate_per_10k,2009
1198,209,UHF42,14,27.2,,,27.2,2380,asthma_ed_adults,rate_per_10k,2010
1198,209,UHF42,38,26.2,,,26.2,2380,asthma_ed_adults,rate_per_10k,2011
1198,209,UHF42,39,32.4,,,32.4,2380,asthma_ed_adults,rate_per_10k,2012
1198,209,UHF42,40,30.4,,,30.4,2380,asthma_ed_adults,rate_per_10k,2013
1198,209,UHF42,41,29.0,,,29.0,2380,asthma_ed_adults,rate_per_10k,2014
1198,209,UHF42,45,23.5,,,23.5,2380,asthma_ed_adults,rate_per_10k,2016
1198,209,UHF42,46,17.7,,,17.7,2380,asthma_ed_adults,rate_per_10k,2017
1198,209,UHF42,47,20.5,,,20.5,2380,asthma_ed_adults,rate_per_10k,2018
1198,209,UHF42,48,20.8,,,20.8,2380,asthma_ed_adults,rate_per_10k,2019
1198,209,UHF42,49,9.9,,"The start of COVID-19 in Spring 2020 reduced the overall volume of ED visits, including those for asthma, which may have contributed to decreases in asthma ED visit and hospitalization counts and rates in 2020.",9.9,2380,asthma_ed_adults,rate_per_10k,2020
1198,209,UHF42,289,8.6,,,8.6,2380,asthma_ed_adults,rate_per_10k,2021
1198,209,UHF42,296,13.6,,,13.6,2380,asthma_ed_adults,rate_per_10k,2022
1198,209,UHF42,298,16.8,,,16.8,2380,asthma_ed_adults,rate_per_10k,2023
1198,210,UHF42,9,35.4,,,35.4,2380,asthma_ed_adults,rate_per_10k,2005
1198,210,UHF42,10,45.5,,,45.5,2380,asthma_ed_adults,rate_per_10k,2006
1198,210,UHF42,11,45.0,,,45.0,2380,asthma_ed_adults,rate_per_10k,2007
1198,210,UHF42,12,45.0,,,45.0,2380,asthma_ed_adults,rate_per_10k,2008
1198,210,UHF42,13,47.2,,,47.2,2380,asthma_ed_adults,rate_per_10k,2009
1198,210,UHF42,14,50.2,,,50.2,2380,asthma_ed_adults,rate_per_10k,2010
1198,210,UHF42,38,56.2,,,56.2,2380,asthma_ed_adults,rate_per_10k,2011
1198,210,UHF42,39,59.4,,,59.4,2380,asthma_ed_adults,rate_per_10k,2012
1198,210,UHF42,40,57.6,,,57.6,2380,asthma_ed_adults,rate_per_10k,2013
1198,210,UHF42,41,57.1,,,57.1,2380,asthma_ed_adults,rate_per_10k,2014
1198,210,UHF42,45,53.2,,,53.2,2380,asthma_ed_adults,rate_per_10k,2016
1198,210,UHF42,46,47.5,,,47.5,2380,asthma_ed_adults,rate_per_10k,2017
1198,210,UHF42,47,45.8,,,45.8,2380,asthma_ed_adults,rate_per_10k,2018
1198,210,UHF42,48,40.3,,,40.3,2380,asthma_ed_adults,rate_per_10k,2019
1198,210,UHF42,49,21.8,,"The start of COVID-19 in Spring 2020 reduced the overall volume of ED visits, including those for asthma, which may have contributed to decreases in asthma ED visit and hospitalization counts and rates in 2020.",21.8,2380,asthma_ed_adults,rate_per_10k,2020
1198,210,UHF42,289,23.0,,,23.0,2380,asthma_ed_adults,rate_per_10k,2021
1198,210,UHF42,296,29.0,,,29.0,2380,asthma_ed_adults,rate_per_10k,2022
1198,210,UHF42,298,30.9,,,30.9,2380,asthma_ed_adults,rate_per_10k,2023
1198,211,UHF42,9,224.6,,,224.6,2380,asthma_ed_adults,rate_per_10k,2005
1198,211,UHF42,10,188.0,,,188.0,2380,asthma_ed_adults,rate_per_10k,2006
1198,211,UHF42,11,205.9,,,205.9,2380,asthma_ed_adults,rate_per_10k,2007
1198,211,UHF42,12,220.8,,,220.8,2380,asthma_ed_adults,rate_per_10k,2008
1198,211,UHF42,13,216.1,,,216.1,2380,asthma_ed_adults,rate_per_10k,2009
1198,211,UHF42,14,238.3,,,238.3,2380,asthma_ed_adults,rate_per_10k,2010
1198,211,UHF42,38,233.8,,,233.8,2380,asthma_ed_adults,rate_per_10k,2011
1198,211,UHF42,39,260.5,,,260.5,2380,asthma_ed_adults,rate_per_10k,2012
1198,211,UHF42,40,242.8,,,242.8,2380,asthma_ed_adults,rate_per_10k,2013
1198,211,UHF42,41,233.1,,,233.1,2380,asthma_ed_adults,rate_per_10k,2014
1198,211,UHF42,45,199.9,,,199.9,2380,asthma_ed_adults,rate_per_10k,2016
1198,211,UHF42,46,146.3,,,146.3,2380,asthma_ed_adults,rate_per_10k,2017
1198,211,UHF42,47,149.3,,,149.3,2380,asthma_ed_adults,rate_per_10k,2018
1198,211,UHF42,48,133.4,,,133.4,2380,asthma_ed_adults,rate_per_10k,2019
1198,211,UHF42,49,85.3,,"The start of COVID-19 in Spring 2020 reduced the overall volume of ED visits, including those for asthma, which may have contributed to decreases in asthma ED visit and hospitalization counts and rates in 2020.",85.3,2380,asthma_ed_adults,rate_per_10k,2020
1198,211,UHF42,289,77.8,,,77.8,2380,asthma_ed_adults,rate_per_10k,2021
1198,211,UHF42,296,89.0,,,89.0,2380,asthma_ed_adults,rate_per_10k,2022
1198,211,UHF42,298,91.0,,,91.0,2380,asthma_ed_adults,rate_per_10k,2023
1198,301,UHF42,9,98.9,,,98.9,2380,asthma_ed_adults,rate_per_10k,2005
1198,301,UHF42,10,85.4,,,85.4,2380,asthma_ed_adults,rate_per_10k,2006
1198,301,UHF42,11,103.2,,,103.2,2380,asthma_ed_adults,rate_per_10k,2007
1198,301,UHF42,12,104.9,,,104.9,2380,asthma_ed_adults,rate_per_10k,2008
1198,301,UHF42,13,100.0,,,100.0,2380,asthma_ed_adults,rate_per_10k,2009
1198,301,UHF42,14,94.1,,,94.1,2380,asthma_ed_adults,rate_per_10k,2010
1198,301,UHF42,38,95.0,,,95.0,2380,asthma_ed_adults,rate_per_10k,2011
1198,301,UHF42,39,97.7,,,97.7,2380,asthma_ed_adults,rate_per_10k,2012
1198,301,UHF42,40,93.2,,,93.2,2380,asthma_ed_adults,rate_per_10k,2013
1198,301,UHF42,41,100.2,,,100.2,2380,asthma_ed_adults,rate_per_10k,2014
1198,301,UHF42,45,89.9,,,89.9,2380,asthma_ed_adults,rate_per_10k,2016
1198,301,UHF42,46,72.8,,,72.8,2380,asthma_ed_adults,rate_per_10k,2017
1198,301,UHF42,47,73.6,,,73.6,2380,asthma_ed_adults,rate_per_10k,2018
1198,301,UHF42,48,55.3,,,55.3,2380,asthma_ed_adults,rate_per_10k,2019
1198,301,UHF42,49,31.1,,"The start of COVID-19 in Spring 2020 reduced the overall volume of ED visits, including those for asthma, which may have contributed to decreases in asthma ED visit and hospitalization counts and rates in 2020.",31.1,2380,asthma_ed_adults,rate_per_10k,2020
1198,301,UHF42,289,41.7,,,41.7,2380,asthma_ed_adults,rate_per_10k,2021
1198,301,UHF42,296,48.5,,,48.5,2380,asthma_ed_adults,rate_per_10k,2022
1198,301,UHF42,298,52.0,,,52.0,2380,asthma_ed_adults,rate_per_10k,2023
1198,302,UHF42,9,290.6,,,290.6,2380,asthma_ed_adults,rate_per_10k,2005
1198,302,UHF42,10,277.5,,,277.5,2380,asthma_ed_adults,rate_per_10k,2006
1198,302,UHF42,11,306.7,,,306.7,2380,asthma_ed_adults,rate_per_10k,2007
1198,302,UHF42,12,321.8,,,321.8,2380,asthma_ed_adults,rate_per_10k,2008
1198,302,UHF42,13,311.2,,,311.2,2380,asthma_ed_adults,rate_per_10k,2009
1198,302,UHF42,14,284.3,,,284.3,2380,asthma_ed_adults,rate_per_10k,2010
1198,302,UHF42,38,259.8,,,259.8,2380,asthma_ed_adults,rate_per_10k,2011
1198,302,UHF42,39,277.9,,,277.9,2380,asthma_ed_adults,rate_per_10k,2012
1198,302,UHF42,40,263.7,,,263.7,2380,asthma_ed_adults,rate_per_10k,2013
1198,302,UHF42,41,263.3,,,263.3,2380,asthma_ed_adults,rate_per_10k,2014
1198,302,UHF42,45,266.5,,,266.5,2380,asthma_ed_adults,rate_per_10k,2016
1198,302,UHF42,46,209.3,,,209.3,2380,asthma_ed_adults,rate_per_10k,2017
1198,302,UHF42,47,221.8,,,221.8,2380,asthma_ed_adults,rate_per_10k,2018
1198,302,UHF42,48,209.3,,,209.3,2380,asthma_ed_adults,rate_per_10k,2019
1198,302,UHF42,49,126.3,,"The start of COVID-19 in Spring 2020 reduced the overall volume of ED visits, including those for asthma, which may have contributed to decreases in asthma ED visit and hospitalization counts and rates in 2020.",126.3,2380,asthma_ed_adults,rate_per_10k,2020
1198,302,UHF42,289,136.6,,,136.6,2380,asthma_ed_adults,rate_per_10k,2021
1198,302,UHF42,296,143.9,,,143.9,2380,asthma_ed_adults,rate_per_10k,2022
1198,302,UHF42,298,157.7,,,157.7,2380,asthma_ed_adults,rate_per_10k,2023
1198,303,UHF42,9,278.2,,,278.2,2380,asthma_ed_adults,rate_per_10k,2005
1198,303,UHF42,10,342.7,,,342.7,2380,asthma_ed_adults,rate_per_10k,2006
1198,303,UHF42,11,338.0,,,338.0,2380,asthma_ed_adults,rate_per_10k,2007
1198,303,UHF42,12,371.6,,,371.6,2380,asthma_ed_adults,rate_per_10k,2008
1198,303,UHF42,13,375.4,,,375.4,2380,asthma_ed_adults,rate_per_10k,2009
1198,303,UHF42,14,299.5,,,299.5,2380,asthma_ed_adults,rate_per_10k,2010
1198,303,UHF42,38,317.9,,,317.9,2380,asthma_ed_adults,rate_per_10k,2011
1198,303,UHF42,39,325.6,,,325.6,2380,asthma_ed_adults,rate_per_10k,2012
1198,303,UHF42,40,316.8,,,316.8,2380,asthma_ed_adults,rate_per_10k,2013
1198,303,UHF42,41,336.2,,,336.2,2380,asthma_ed_adults,rate_per_10k,2014
1198,303,UHF42,45,314.5,,,314.5,2380,asthma_ed_adults,rate_per_10k,2016
1198,303,UHF42,46,260.8,,,260.8,2380,asthma_ed_adults,rate_per_10k,2017
1198,303,UHF42,47,263.6,,,263.6,2380,asthma_ed_adults,rate_per_10k,2018
1198,303,UHF42,48,230.9,,,230.9,2380,asthma_ed_adults,rate_per_10k,2019
1198,303,UHF42,49,147.5,,"The start of COVID-19 in Spring 2020 reduced the overall volume of ED visits, including those for asthma, which may have contributed to decreases in asthma ED visit and hospitalization counts and rates in 2020.",147.5,2380,asthma_ed_adults,rate_per_10k,2020
1198,303,UHF42,289,150.7,,,150.7,2380,asthma_ed_adults,rate_per_10k,2021
1198,303,UHF42,296,163.1,,,163.1,2380,asthma_ed_adults,rate_per_10k,2022
1198,303,UHF42,298,173.2,,,173.2,2380,asthma_ed_adults,rate_per_10k,2023
1198,304,UHF42,9,67.9,,,67.9,2380,asthma_ed_adults,rate_per_10k,2005
1198,304,UHF42,10,51.7,,,51.7,2380,asthma_ed_adults,rate_per_10k,2006
1198,304,UHF42,11,52.5,,,52.5,2380,asthma_ed_adults,rate_per_10k,2007
1198,304,UHF42,12,64.9,,,64.9,2380,asthma_ed_adults,rate_per_10k,2008
1198,304,UHF42,13,59.8,,,59.8,2380,asthma_ed_adults,rate_per_10k,2009
1198,304,UHF42,14,58.9,,,58.9,2380,asthma_ed_adults,rate_per_10k,2010
1198,304,UHF42,38,54.0,,,54.0,2380,asthma_ed_adults,rate_per_10k,2011
1198,304,UHF42,39,59.4,,,59.4,2380,asthma_ed_adults,rate_per_10k,2012
1198,304,UHF42,40,55.2,,,55.2,2380,asthma_ed_adults,rate_per_10k,2013
1198,304,UHF42,41,59.9,,,59.9,2380,asthma_ed_adults,rate_per_10k,2014
1198,304,UHF42,45,61.7,,,61.7,2380,asthma_ed_adults,rate_per_10k,2016
1198,304,UHF42,46,56.1,,,56.1,2380,asthma_ed_adults,rate_per_10k,2017
1198,304,UHF42,47,52.8,,,52.8,2380,asthma_ed_adults,rate_per_10k,2018
1198,304,UHF42,48,38.9,,,38.9,2380,asthma_ed_adults,rate_per_10k,2019
1198,304,UHF42,49,20.7,,"The start of COVID-19 in Spring 2020 reduced the overall volume of ED visits, including those for asthma, which may have contributed to decreases in asthma ED visit and hospitalization counts and rates in 2020.",20.7,2380,asthma_ed_adults,rate_per_10k,2020
1198,304,UHF42,289,19.4,,,19.4,2380,asthma_ed_adults,rate_per_10k,2021
1198,304,UHF42,296,22.0,,,22.0,2380,asthma_ed_adults,rate_per_10k,2022
1198,304,UHF42,298,25.2,,,25.2,2380,asthma_ed_adults,rate_per_10k,2023
1198,305,UHF42,9,20.7,,,20.7,2380,asthma_ed_adults,rate_per_10k,2005
1198,305,UHF42,10,22.3,,,22.3,2380,asthma_ed_adults,rate_per_10k,2006
1198,305,UHF42,11,20.2,,,20.2,2380,asthma_ed_adults,rate_per_10k,2007
1198,305,UHF42,12,23.6,,,23.6,2380,asthma_ed_adults,rate_per_10k,2008
1198,305,UHF42,13,20.7,,,20.7,2380,asthma_ed_adults,rate_per_10k,2009
1198,305,UHF42,14,21.1,,,21.1,2380,asthma_ed_adults,rate_per_10k,2010
1198,305,UHF42,38,24.7,,,24.7,2380,asthma_ed_adults,rate_per_10k,2011
1198,305,UHF42,39,20.6,,,20.6,2380,asthma_ed_adults,rate_per_10k,2012
1198,305,UHF42,40,21.2,,,21.2,2380,asthma_ed_adults,rate_per_10k,2013
1198,305,UHF42,41,23.7,,,23.7,2380,asthma_ed_adults,rate_per_10k,2014
1198,305,UHF42,45,18.2,,,18.2,2380,asthma_ed_adults,rate_per_10k,2016
1198,305,UHF42,46,14.7,,,14.7,2380,asthma_ed_adults,rate_per_10k,2017
1198,305,UHF42,47,16.3,,,16.3,2380,asthma_ed_adults,rate_per_10k,2018
1198,305,UHF42,48,16.4,,,16.4,2380,asthma_ed_adults,rate_per_10k,2019
1198,305,UHF42,49,10.4,,"The start of COVID-19 in Spring 2020 reduced the overall volume of ED visits, including those for asthma, which may have contributed to decreases in asthma ED visit and hospitalization counts and rates in 2020.",10.4,2380,asthma_ed_adults,rate_per_10k,2020
1198,305,UHF42,289,12.2,,,12.2,2380,asthma_ed_adults,rate_per_10k,2021
1198,305,UHF42,296,14.3,,,14.3,2380,asthma_ed_adults,rate_per_10k,2022
1198,305,UHF42,298,13.8,,,13.8,2380,asthma_ed_adults,rate_per_10k,2023
1198,306,UHF42,9,57.8,,,57.8,2380,asthma_ed_adults,rate_per_10k,2005
1198,306,UHF42,10,59.7,,,59.7,2380,asthma_ed_adults,rate_per_10k,2006
1198,306,UHF42,11,46.2,,,46.2,2380,asthma_ed_adults,rate_per_10k,2007
1198,306,UHF42,12,53.3,,,53.3,2380,asthma_ed_adults,rate_per_10k,2008
1198,306,UHF42,13,56.2,,,56.2,2380,asthma_ed_adults,rate_per_10k,2009
1198,306,UHF42,14,49.9,,,49.9,2380,asthma_ed_adults,rate_per_10k,2010
1198,306,UHF42,38,54.8,,,54.8,2380,asthma_ed_adults,rate_per_10k,2011
1198,306,UHF42,39,57.0,,,57.0,2380,asthma_ed_adults,rate_per_10k,2012
1198,306,UHF42,40,54.0,,,54.0,2380,asthma_ed_adults,rate_per_10k,2013
1198,306,UHF42,41,57.9,,,57.9,2380,asthma_ed_adults,rate_per_10k,2014
1198,306,UHF42,45,47.5,,,47.5,2380,asthma_ed_adults,rate_per_10k,2016
1198,306,UHF42,46,43.7,,,43.7,2380,asthma_ed_adults,rate_per_10k,2017
1198,306,UHF42,47,47.0,,,47.0,2380,asthma_ed_adults,rate_per_10k,2018
1198,306,UHF42,48,41.1,,,41.1,2380,asthma_ed_adults,rate_per_10k,2019
1198,306,UHF42,49,30.9,,"The start of COVID-19 in Spring 2020 reduced the overall volume of ED visits, including those for asthma, which may have contributed to decreases in asthma ED visit and hospitalization counts and rates in 2020.",30.9,2380,asthma_ed_adults,rate_per_10k,2020
1198,306,UHF42,289,35.3,,,35.3,2380,asthma_ed_adults,rate_per_10k,2021
1198,306,UHF42,296,32.2,,,32.2,2380,asthma_ed_adults,rate_per_10k,2022
1198,306,UHF42,298,31.3,,,31.3,2380,asthma_ed_adults,rate_per_10k,2023
1198,307,UHF42,9,34.0,,,34.0,2380,asthma_ed_adults,rate_per_10k,2005
1198,307,UHF42,10,41.9,,,41.9,2380,asthma_ed_adults,rate_per_10k,2006
1198,307,UHF42,11,40.3,,,40.3,2380,asthma_ed_adults,rate_per_10k,2007
1198,307,UHF42,12,40.0,,,40.0,2380,asthma_ed_adults,rate_per_10k,2008
1198,307,UHF42,13,40.6,,,40.6,2380,asthma_ed_adults,rate_per_10k,2009
1198,307,UHF42,14,42.1,,,42.1,2380,asthma_ed_adults,rate_per_10k,2010
1198,307,UHF42,38,46.8,,,46.8,2380,asthma_ed_adults,rate_per_10k,2011
1198,307,UHF42,39,46.1,,,46.1,2380,asthma_ed_adults,rate_per_10k,2012
1198,307,UHF42,40,46.5,,,46.5,2380,asthma_ed_adults,rate_per_10k,2013
1198,307,UHF42,41,48.8,,,48.8,2380,asthma_ed_adults,rate_per_10k,2014
1198,307,UHF42,45,37.5,,,37.5,2380,asthma_ed_adults,rate_per_10k,2016
1198,307,UHF42,46,29.2,,,29.2,2380,asthma_ed_adults,rate_per_10k,2017
1198,307,UHF42,47,33.4,,,33.4,2380,asthma_ed_adults,rate_per_10k,2018
1198,307,UHF42,48,22.6,,,22.6,2380,asthma_ed_adults,rate_per_10k,2019
1198,307,UHF42,49,12.5,,"The start of COVID-19 in Spring 2020 reduced the overall volume of ED visits, including those for asthma, which may have contributed to decreases in asthma ED visit and hospitalization counts and rates in 2020.",12.5,2380,asthma_ed_adults,rate_per_10k,2020
1198,307,UHF42,289,16.3,,,16.3,2380,asthma_ed_adults,rate_per_10k,2021
1198,307,UHF42,296,15.3,,,15.3,2380,asthma_ed_adults,rate_per_10k,2022
1198,307,UHF42,298,18.4,,,18.4,2380,asthma_ed_adults,rate_per_10k,2023
1198,308,UHF42,9,17.1,,,17.1,2380,asthma_ed_adults,rate_per_10k,2005
1198,308,UHF42,10,18.7,,,18.7,2380,asthma_ed_adults,rate_per_10k,2006
1198,308,UHF42,11,19.0,,,19.0,2380,asthma_ed_adults,rate_per_10k,2007
1198,308,UHF42,12,21.6,,,21.6,2380,asthma_ed_adults,rate_per_10k,2008
1198,308,UHF42,13,19.6,,,19.6,2380,asthma_ed_adults,rate_per_10k,2009
1198,308,UHF42,14,15.8,,,15.8,2380,asthma_ed_adults,rate_per_10k,2010
1198,308,UHF42,38,20.4,,,20.4,2380,asthma_ed_adults,rate_per_10k,2011
1198,308,UHF42,39,18.2,,,18.2,2380,asthma_ed_adults,rate_per_10k,2012
1198,308,UHF42,40,11.7,,,11.7,2380,asthma_ed_adults,rate_per_10k,2013
1198,308,UHF42,41,15.0,,,15.0,2380,asthma_ed_adults,rate_per_10k,2014
1198,308,UHF42,45,17.6,,,17.6,2380,asthma_ed_adults,rate_per_10k,2016
1198,308,UHF42,46,10.4,,,10.4,2380,asthma_ed_adults,rate_per_10k,2017
1198,308,UHF42,47,14.0,,,14.0,2380,asthma_ed_adults,rate_per_10k,2018
1198,308,UHF42,48,12.6,,,12.6,2380,asthma_ed_adults,rate_per_10k,2019
1198,308,UHF42,49,10.8,,"The start of COVID-19 in Spring 2020 reduced the overall volume of ED visits, including those for asthma, which may have contributed to decreases in asthma ED visit and hospitalization counts and rates in 2020.",10.8,2380,asthma_ed_adults,rate_per_10k,2020
1198,308,UHF42,289,8.0,,,8.0,2380,asthma_ed_adults,rate_per_10k,2021
1198,308,UHF42,296,8.7,,,8.7,2380,asthma_ed_adults,rate_per_10k,2022
1198,308,UHF42,298,8.0,,,8.0,2380,asthma_ed_adults,rate_per_10k,2023
1198,309,UHF42,9,68.5,,,68.5,2380,asthma_ed_adults,rate_per_10k,2005
1198,309,UHF42,10,76.7,,,76.7,2380,asthma_ed_adults,rate_per_10k,2006
1198,309,UHF42,11,78.0,,,78.0,2380,asthma_ed_adults,rate_per_10k,2007
1198,309,UHF42,12,79.9,,,79.9,2380,asthma_ed_adults,rate_per_10k,2008
1198,309,UHF42,13,87.6,,,87.6,2380,asthma_ed_adults,rate_per_10k,2009
1198,309,UHF42,14,76.8,,,76.8,2380,asthma_ed_adults,rate_per_10k,2010
1198,309,UHF42,38,101.3,,,101.3,2380,asthma_ed_adults,rate_per_10k,2011
1198,309,UHF42,39,106.8,,,106.8,2380,asthma_ed_adults,rate_per_10k,2012
1198,309,UHF42,40,83.4,,,83.4,2380,asthma_ed_adults,rate_per_10k,2013
1198,309,UHF42,41,86.1,,,86.1,2380,asthma_ed_adults,rate_per_10k,2014
1198,309,UHF42,45,77.5,,,77.5,2380,asthma_ed_adults,rate_per_10k,2016
1198,309,UHF42,46,70.0,,,70.0,2380,asthma_ed_adults,rate_per_10k,2017
1198,309,UHF42,47,76.2,,,76.2,2380,asthma_ed_adults,rate_per_10k,2018
1198,309,UHF42,48,65.5,,,65.5,2380,asthma_ed_adults,rate_per_10k,2019
1198,309,UHF42,49,37.0,,"The start of COVID-19 in Spring 2020 reduced the overall volume of ED visits, including those for asthma, which may have contributed to decreases in asthma ED visit and hospitalization counts and rates in 2020.",37.0,2380,asthma_ed_adults,rate_per_10k,2020
1198,309,UHF42,289,38.2,,,38.2,2380,asthma_ed_adults,rate_per_10k,2021
1198,309,UHF42,296,38.4,,,38.4,2380,asthma_ed_adults,rate_per_10k,2022
1198,309,UHF42,298,43.7,,,43.7,2380,asthma_ed_adults,rate_per_10k,2023
1198,310,UHF42,9,45.0,,,45.0,2380,asthma_ed_adults,rate_per_10k,2005
1198,310,UHF42,10,49.0,,,49.0,2380,asthma_ed_adults,rate_per_10k,2006
1198,310,UHF42,11,48.1,,,48.1,2380,asthma_ed_adults,rate_per_10k,2007
1198,310,UHF42,12,45.8,,,45.8,2380,asthma_ed_adults,rate_per_10k,2008
1198,310,UHF42,13,48.3,,,48.3,2380,asthma_ed_adults,rate_per_10k,2009
1198,310,UHF42,14,57.9,,,57.9,2380,asthma_ed_adults,rate_per_10k,2010
1198,310,UHF42,38,47.8,,,47.8,2380,asthma_ed_adults,rate_per_10k,2011
1198,310,UHF42,39,47.9,,,47.9,2380,asthma_ed_adults,rate_per_10k,2012
1198,310,UHF42,40,38.0,,,38.0,2380,asthma_ed_adults,rate_per_10k,2013
1198,310,UHF42,41,47.0,,,47.0,2380,asthma_ed_adults,rate_per_10k,2014
1198,310,UHF42,45,48.7,,,48.7,2380,asthma_ed_adults,rate_per_10k,2016
1198,310,UHF42,46,37.8,,,37.8,2380,asthma_ed_adults,rate_per_10k,2017
1198,310,UHF42,47,47.7,,,47.7,2380,asthma_ed_adults,rate_per_10k,2018
1198,310,UHF42,48,40.0,,,40.0,2380,asthma_ed_adults,rate_per_10k,2019
1198,310,UHF42,49,20.9,,"The start of COVID-19 in Spring 2020 reduced the overall volume of ED visits, including those for asthma, which may have contributed to decreases in asthma ED visit and hospitalization counts and rates in 2020.",20.9,2380,asthma_ed_adults,rate_per_10k,2020
1198,310,UHF42,289,28.7,,,28.7,2380,asthma_ed_adults,rate_per_10k,2021
1198,310,UHF42,296,21.4,,,21.4,2380,asthma_ed_adults,rate_per_10k,2022
1198,310,UHF42,298,20.2,,,20.2,2380,asthma_ed_adults,rate_per_10k,2023
1198,401,UHF42,9,53.1,,,53.1,2380,asthma_ed_adults,rate_per_10k,2005
1198,401,UHF42,10,59.1,,,59.1,2380,asthma_ed_adults,rate_per_10k,2006
1198,401,UHF42,11,53.9,,,53.9,2380,asthma_ed_adults,rate_per_10k,2007
1198,401,UHF42,12,56.3,,,56.3,2380,asthma_ed_adults,rate_per_10k,2008
1198,401,UHF42,13,55.2,,,55.2,2380,asthma_ed_adults,rate_per_10k,2009
1198,401,UHF42,14,56.3,,,56.3,2380,asthma_ed_adults,rate_per_10k,2010
1198,401,UHF42,38,63.6,,,63.6,2380,asthma_ed_adults,rate_per_10k,2011
1198,401,UHF42,39,64.0,,,64.0,2380,asthma_ed_adults,rate_per_10k,2012
1198,401,UHF42,40,63.1,,,63.1,2380,asthma_ed_adults,rate_per_10k,2013
1198,401,UHF42,41,56.7,,,56.7,2380,asthma_ed_adults,rate_per_10k,2014
1198,401,UHF42,45,61.5,,,61.5,2380,asthma_ed_adults,rate_per_10k,2016
1198,401,UHF42,46,49.6,,,49.6,2380,asthma_ed_adults,rate_per_10k,2017
1198,401,UHF42,47,46.7,,,46.7,2380,asthma_ed_adults,rate_per_10k,2018
1198,401,UHF42,48,41.3,,,41.3,2380,asthma_ed_adults,rate_per_10k,2019
1198,401,UHF42,49,24.1,,"The start of COVID-19 in Spring 2020 reduced the overall volume of ED visits, including those for asthma, which may have contributed to decreases in asthma ED visit and hospitalization counts and rates in 2020.",24.1,2380,asthma_ed_adults,rate_per_10k,2020
1198,401,UHF42,289,28.9,,,28.9,2380,asthma_ed_adults,rate_per_10k,2021
1198,401,UHF42,296,31.5,,,31.5,2380,asthma_ed_adults,rate_per_10k,2022
1198,401,UHF42,298,38.0,,,38.0,2380,asthma_ed_adults,rate_per_10k,2023
1198,402,UHF42,9,41.3,,,41.3,2380,asthma_ed_adults,rate_per_10k,2005
1198,402,UHF42,10,45.2,,,45.2,2380,asthma_ed_adults,rate_per_10k,2006
1198,402,UHF42,11,36.2,,,36.2,2380,asthma_ed_adults,rate_per_10k,2007
1198,402,UHF42,12,39.3,,,39.3,2380,asthma_ed_adults,rate_per_10k,2008
1198,402,UHF42,13,39.8,,,39.8,2380,asthma_ed_adults,rate_per_10k,2009
1198,402,UHF42,14,35.8,,,35.8,2380,asthma_ed_adults,rate_per_10k,2010
1198,402,UHF42,38,39.6,,,39.6,2380,asthma_ed_adults,rate_per_10k,2011
1198,402,UHF42,39,42.6,,,42.6,2380,asthma_ed_adults,rate_per_10k,2012
1198,402,UHF42,40,41.5,,,41.5,2380,asthma_ed_adults,rate_per_10k,2013
1198,402,UHF42,41,41.3,,,41.3,2380,asthma_ed_adults,rate_per_10k,2014
1198,402,UHF42,45,41.0,,,41.0,2380,asthma_ed_adults,rate_per_10k,2016
1198,402,UHF42,46,36.1,,,36.1,2380,asthma_ed_adults,rate_per_10k,2017
1198,402,UHF42,47,37.5,,,37.5,2380,asthma_ed_adults,rate_per_10k,2018
1198,402,UHF42,48,33.2,,,33.2,2380,asthma_ed_adults,rate_per_10k,2019
1198,402,UHF42,49,18.5,,"The start of COVID-19 in Spring 2020 reduced the overall volume of ED visits, including those for asthma, which may have contributed to decreases in asthma ED visit and hospitalization counts and rates in 2020.",18.5,2380,asthma_ed_adults,rate_per_10k,2020
1198,402,UHF42,289,22.9,,,22.9,2380,asthma_ed_adults,rate_per_10k,2021
1198,402,UHF42,296,22.2,,,22.2,2380,asthma_ed_adults,rate_per_10k,2022
1198,402,UHF42,298,29.7,,,29.7,2380,asthma_ed_adults,rate_per_10k,2023
1198,403,UHF42,9,21.1,,,21.1,2380,asthma_ed_adults,rate_per_10k,2005
1198,403,UHF42,10,24.7,,,24.7,2380,asthma_ed_adults,rate_per_10k,2006
1198,403,UHF42,11,26.6,,,26.6,2380,asthma_ed_adults,rate_per_10k,2007
1198,403,UHF42,12,26.3,,,26.3,2380,asthma_ed_adults,rate_per_10k,2008
1198,403,UHF42,13,24.2,,,24.2,2380,asthma_ed_adults,rate_per_10k,2009
1198,403,UHF42,14,24.5,,,24.5,2380,asthma_ed_adults,rate_per_10k,2010
1198,403,UHF42,38,29.6,,,29.6,2380,asthma_ed_adults,rate_per_10k,2011
1198,403,UHF42,39,29.5,,,29.5,2380,asthma_ed_adults,rate_per_10k,2012
1198,403,UHF42,40,29.3,,,29.3,2380,asthma_ed_adults,rate_per_10k,2013
1198,403,UHF42,41,29.0,,,29.0,2380,asthma_ed_adults,rate_per_10k,2014
1198,403,UHF42,45,23.3,,,23.3,2380,asthma_ed_adults,rate_per_10k,2016
1198,403,UHF42,46,20.9,,,20.9,2380,asthma_ed_adults,rate_per_10k,2017
1198,403,UHF42,47,19.6,,,19.6,2380,asthma_ed_adults,rate_per_10k,2018
1198,403,UHF42,48,18.1,,,18.1,2380,asthma_ed_adults,rate_per_10k,2019
1198,403,UHF42,49,9.3,,"The start of COVID-19 in Spring 2020 reduced the overall volume of ED visits, including those for asthma, which may have contributed to decreases in asthma ED visit and hospitalization counts and rates in 2020.",9.3,2380,asthma_ed_adults,rate_per_10k,2020
1198,403,UHF42,289,10.3,,,10.3,2380,asthma_ed_adults,rate_per_10k,2021
1198,403,UHF42,296,11.2,,,11.2,2380,asthma_ed_adults,rate_per_10k,2022
1198,403,UHF42,298,17.0,,,17.0,2380,asthma_ed_adults,rate_per_10k,2023
1198,404,UHF42,9,15.2,,,15.2,2380,asthma_ed_adults,rate_per_10k,2005
1198,404,UHF42,10,17.9,,,17.9,2380,asthma_ed_adults,rate_per_10k,2006
1198,404,UHF42,11,18.1,,,18.1,2380,asthma_ed_adults,rate_per_10k,2007
1198,404,UHF42,12,17.3,,,17.3,2380,asthma_ed_adults,rate_per_10k,2008
1198,404,UHF42,13,23.3,,,23.3,2380,asthma_ed_adults,rate_per_10k,2009
1198,404,UHF42,14,18.0,,,18.0,2380,asthma_ed_adults,rate_per_10k,2010
1198,404,UHF42,38,17.5,,,17.5,2380,asthma_ed_adults,rate_per_10k,2011
1198,404,UHF42,39,21.4,,,21.4,2380,asthma_ed_adults,rate_per_10k,2012
1198,404,UHF42,40,18.8,,,18.8,2380,asthma_ed_adults,rate_per_10k,2013
1198,404,UHF42,41,19.6,,,19.6,2380,asthma_ed_adults,rate_per_10k,2014
1198,404,UHF42,45,16.1,,,16.1,2380,asthma_ed_adults,rate_per_10k,2016
1198,404,UHF42,46,12.9,,,12.9,2380,asthma_ed_adults,rate_per_10k,2017
1198,404,UHF42,47,12.9,,,12.9,2380,asthma_ed_adults,rate_per_10k,2018
1198,404,UHF42,48,11.1,,,11.1,2380,asthma_ed_adults,rate_per_10k,2019
1198,404,UHF42,49,4.2,,"The start of COVID-19 in Spring 2020 reduced the overall volume of ED visits, including those for asthma, which may have contributed to decreases in asthma ED visit and hospitalization counts and rates in 2020.",4.2,2380,asthma_ed_adults,rate_per_10k,2020
1198,404,UHF42,289,5.9,,,5.9,2380,asthma_ed_adults,rate_per_10k,2021
1198,404,UHF42,296,9.9,,,9.9,2380,asthma_ed_adults,rate_per_10k,2022
1198,404,UHF42,298,18.5,,,18.5,2380,asthma_ed_adults,rate_per_10k,2023
1198,405,UHF42,9,42.9,,,42.9,2380,asthma_ed_adults,rate_per_10k,2005
1198,405,UHF42,10,33.0,,,33.0,2380,asthma_ed_adults,rate_per_10k,2006
1198,405,UHF42,11,29.3,,,29.3,2380,asthma_ed_adults,rate_per_10k,2007
1198,405,UHF42,12,38.7,,,38.7,2380,asthma_ed_adults,rate_per_10k,2008
1198,405,UHF42,13,37.9,,,37.9,2380,asthma_ed_adults,rate_per_10k,2009
1198,405,UHF42,14,39.6,,,39.6,2380,asthma_ed_adults,rate_per_10k,2010
1198,405,UHF42,38,39.0,,,39.0,2380,asthma_ed_adults,rate_per_10k,2011
1198,405,UHF42,39,40.8,,,40.8,2380,asthma_ed_adults,rate_per_10k,2012
1198,405,UHF42,40,39.9,,,39.9,2380,asthma_ed_adults,rate_per_10k,2013
1198,405,UHF42,41,42.8,,,42.8,2380,asthma_ed_adults,rate_per_10k,2014
1198,405,UHF42,45,38.3,,,38.3,2380,asthma_ed_adults,rate_per_10k,2016
1198,405,UHF42,46,29.2,,,29.2,2380,asthma_ed_adults,rate_per_10k,2017
1198,405,UHF42,47,31.3,,,31.3,2380,asthma_ed_adults,rate_per_10k,2018
1198,405,UHF42,48,27.6,,,27.6,2380,asthma_ed_adults,rate_per_10k,2019
1198,405,UHF42,49,17.4,,"The start of COVID-19 in Spring 2020 reduced the overall volume of ED visits, including those for asthma, which may have contributed to decreases in asthma ED visit and hospitalization counts and rates in 2020.",17.4,2380,asthma_ed_adults,rate_per_10k,2020
1198,405,UHF42,289,16.1,,,16.1,2380,asthma_ed_adults,rate_per_10k,2021
1198,405,UHF42,296,18.1,,,18.1,2380,asthma_ed_adults,rate_per_10k,2022
1198,405,UHF42,298,24.6,,,24.6,2380,asthma_ed_adults,rate_per_10k,2023
1198,406,UHF42,9,37.7,,,37.7,2380,asthma_ed_adults,rate_per_10k,2005
1198,406,UHF42,10,42.2,,,42.2,2380,asthma_ed_adults,rate_per_10k,2006
1198,406,UHF42,11,43.3,,,43.3,2380,asthma_ed_adults,rate_per_10k,2007
1198,406,UHF42,12,46.7,,,46.7,2380,asthma_ed_adults,rate_per_10k,2008
1198,406,UHF42,13,48.1,,,48.1,2380,asthma_ed_adults,rate_per_10k,2009
1198,406,UHF42,14,42.9,,,42.9,2380,asthma_ed_adults,rate_per_10k,2010
1198,406,UHF42,38,46.4,,,46.4,2380,asthma_ed_adults,rate_per_10k,2011
1198,406,UHF42,39,53.1,,,53.1,2380,asthma_ed_adults,rate_per_10k,2012
1198,406,UHF42,40,50.4,,,50.4,2380,asthma_ed_adults,rate_per_10k,2013
1198,406,UHF42,41,42.6,,,42.6,2380,asthma_ed_adults,rate_per_10k,2014
1198,406,UHF42,45,39.9,,,39.9,2380,asthma_ed_adults,rate_per_10k,2016
1198,406,UHF42,46,32.8,,,32.8,2380,asthma_ed_adults,rate_per_10k,2017
1198,406,UHF42,47,32.2,,,32.2,2380,asthma_ed_adults,rate_per_10k,2018
1198,406,UHF42,48,28.5,,,28.5,2380,asthma_ed_adults,rate_per_10k,2019
1198,406,UHF42,49,16.2,,"The start of COVID-19 in Spring 2020 reduced the overall volume of ED visits, including those for asthma, which may have contributed to decreases in asthma ED visit and hospitalization counts and rates in 2020.",16.2,2380,asthma_ed_adults,rate_per_10k,2020
1198,406,UHF42,289,16.1,,,16.1,2380,asthma_ed_adults,rate_per_10k,2021
1198,406,UHF42,296,17.6,,,17.6,2380,asthma_ed_adults,rate_per_10k,2022
1198,406,UHF42,298,22.8,,,22.8,2380,asthma_ed_adults,rate_per_10k,2023
1198,407,UHF42,9,56.6,,,56.6,2380,asthma_ed_adults,rate_per_10k,2005
1198,407,UHF42,10,59.1,,,59.1,2380,asthma_ed_adults,rate_per_10k,2006
1198,407,UHF42,11,55.7,,,55.7,2380,asthma_ed_adults,rate_per_10k,2007
1198,407,UHF42,12,62.5,,,62.5,2380,asthma_ed_adults,rate_per_10k,2008
1198,407,UHF42,13,71.7,,,71.7,2380,asthma_ed_adults,rate_per_10k,2009
1198,407,UHF42,14,71.0,,,71.0,2380,asthma_ed_adults,rate_per_10k,2010
1198,407,UHF42,38,69.0,,,69.0,2380,asthma_ed_adults,rate_per_10k,2011
1198,407,UHF42,39,73.3,,,73.3,2380,asthma_ed_adults,rate_per_10k,2012
1198,407,UHF42,40,63.7,,,63.7,2380,asthma_ed_adults,rate_per_10k,2013
1198,407,UHF42,41,67.2,,,67.2,2380,asthma_ed_adults,rate_per_10k,2014
1198,407,UHF42,45,50.6,,,50.6,2380,asthma_ed_adults,rate_per_10k,2016
1198,407,UHF42,46,49.4,,,49.4,2380,asthma_ed_adults,rate_per_10k,2017
1198,407,UHF42,47,45.3,,,45.3,2380,asthma_ed_adults,rate_per_10k,2018
1198,407,UHF42,48,45.1,,,45.1,2380,asthma_ed_adults,rate_per_10k,2019
1198,407,UHF42,49,26.1,,"The start of COVID-19 in Spring 2020 reduced the overall volume of ED visits, including those for asthma, which may have contributed to decreases in asthma ED visit and hospitalization counts and rates in 2020.",26.1,2380,asthma_ed_adults,rate_per_10k,2020
1198,407,UHF42,289,31.2,,,31.2,2380,asthma_ed_adults,rate_per_10k,2021
1198,407,UHF42,296,33.0,,,33.0,2380,asthma_ed_adults,rate_per_10k,2022
1198,407,UHF42,298,39.5,,,39.5,2380,asthma_ed_adults,rate_per_10k,2023
1198,408,UHF42,9,90.9,,,90.9,2380,asthma_ed_adults,rate_per_10k,2005
1198,408,UHF42,10,102.2,,,102.2,2380,asthma_ed_adults,rate_per_10k,2006
1198,408,UHF42,11,74.9,,,74.9,2380,asthma_ed_adults,rate_per_10k,2007
1198,408,UHF42,12,82.9,,,82.9,2380,asthma_ed_adults,rate_per_10k,2008
1198,408,UHF42,13,102.9,,,102.9,2380,asthma_ed_adults,rate_per_10k,2009
1198,408,UHF42,14,107.3,,,107.3,2380,asthma_ed_adults,rate_per_10k,2010
1198,408,UHF42,38,100.1,,,100.1,2380,asthma_ed_adults,rate_per_10k,2011
1198,408,UHF42,39,105.7,,,105.7,2380,asthma_ed_adults,rate_per_10k,2012
1198,408,UHF42,40,103.9,,,103.9,2380,asthma_ed_adults,rate_per_10k,2013
1198,408,UHF42,41,101.4,,,101.4,2380,asthma_ed_adults,rate_per_10k,2014
1198,408,UHF42,45,86.4,,,86.4,2380,asthma_ed_adults,rate_per_10k,2016
1198,408,UHF42,46,73.1,,,73.1,2380,asthma_ed_adults,rate_per_10k,2017
1198,408,UHF42,47,62.5,,,62.5,2380,asthma_ed_adults,rate_per_10k,2018
1198,408,UHF42,48,72.0,,,72.0,2380,asthma_ed_adults,rate_per_10k,2019
1198,408,UHF42,49,45.3,,"The start of COVID-19 in Spring 2020 reduced the overall volume of ED visits, including those for asthma, which may have contributed to decreases in asthma ED visit and hospitalization counts and rates in 2020.",45.3,2380,asthma_ed_adults,rate_per_10k,2020
1198,408,UHF42,289,46.4,,,46.4,2380,asthma_ed_adults,rate_per_10k,2021
1198,408,UHF42,296,49.5,,,49.5,2380,asthma_ed_adults,rate_per_10k,2022
1198,408,UHF42,298,53.7,,,53.7,2380,asthma_ed_adults,rate_per_10k,2023
1198,409,UHF42,9,51.4,,,51.4,2380,asthma_ed_adults,rate_per_10k,2005
1198,409,UHF42,10,59.3,,,59.3,2380,asthma_ed_adults,rate_per_10k,2006
1198,409,UHF42,11,54.5,,,54.5,2380,asthma_ed_adults,rate_per_10k,2007
1198,409,UHF42,12,62.4,,,62.4,2380,asthma_ed_adults,rate_per_10k,2008
1198,409,UHF42,13,68.8,,,68.8,2380,asthma_ed_adults,rate_per_10k,2009
1198,409,UHF42,14,71.6,,,71.6,2380,asthma_ed_adults,rate_per_10k,2010
1198,409,UHF42,38,66.8,,,66.8,2380,asthma_ed_adults,rate_per_10k,2011
1198,409,UHF42,39,65.4,,,65.4,2380,asthma_ed_adults,rate_per_10k,2012
1198,409,UHF42,40,58.8,,,58.8,2380,asthma_ed_adults,rate_per_10k,2013
1198,409,UHF42,41,59.9,,,59.9,2380,asthma_ed_adults,rate_per_10k,2014
1198,409,UHF42,45,54.9,,,54.9,2380,asthma_ed_adults,rate_per_10k,2016
1198,409,UHF42,46,46.7,,,46.7,2380,asthma_ed_adults,rate_per_10k,2017
1198,409,UHF42,47,42.1,,,42.1,2380,asthma_ed_adults,rate_per_10k,2018
1198,409,UHF42,48,44.7,,,44.7,2380,asthma_ed_adults,rate_per_10k,2019
1198,409,UHF42,49,25.0,,"The start of COVID-19 in Spring 2020 reduced the overall volume of ED visits, including those for asthma, which may have contributed to decreases in asthma ED visit and hospitalization counts and rates in 2020.",25.0,2380,asthma_ed_adults,rate_per_10k,2020
1198,409,UHF42,289,29.8,,,29.8,2380,asthma_ed_adults,rate_per_10k,2021
1198,409,UHF42,296,30.3,,,30.3,2380,asthma_ed_adults,rate_per_10k,2022
1198,409,UHF42,298,37.1,,,37.1,2380,asthma_ed_adults,rate_per_10k,2023
1198,410,UHF42,9,94.8,,,94.8,2380,asthma_ed_adults,rate_per_10k,2005
1198,410,UHF42,10,90.8,,,90.8,2380,asthma_ed_adults,rate_per_10k,2006
1198,410,UHF42,11,89.5,,,89.5,2380,asthma_ed_adults,rate_per_10k,2007
1198,410,UHF42,12,115.0,,,115.0,2380,asthma_ed_adults,rate_per_10k,2008
1198,410,UHF42,13,108.0,,,108.0,2380,asthma_ed_adults,rate_per_10k,2009
1198,410,UHF42,14,115.0,,,115.0,2380,asthma_ed_adults,rate_per_10k,2010
1198,410,UHF42,38,123.0,,,123.0,2380,asthma_ed_adults,rate_per_10k,2011
1198,410,UHF42,39,130.4,,,130.4,2380,asthma_ed_adults,rate_per_10k,2012
1198,410,UHF42,40,103.6,,,103.6,2380,asthma_ed_adults,rate_per_10k,2013
1198,410,UHF42,41,124.7,,,124.7,2380,asthma_ed_adults,rate_per_10k,2014
1198,410,UHF42,45,115.6,,,115.6,2380,asthma_ed_adults,rate_per_10k,2016
1198,410,UHF42,46,96.0,,,96.0,2380,asthma_ed_adults,rate_per_10k,2017
1198,410,UHF42,47,104.6,,,104.6,2380,asthma_ed_adults,rate_per_10k,2018
1198,410,UHF42,48,99.4,,,99.4,2380,asthma_ed_adults,rate_per_10k,2019
1198,410,UHF42,49,60.6,,"The start of COVID-19 in Spring 2020 reduced the overall volume of ED visits, including those for asthma, which may have contributed to decreases in asthma ED visit and hospitalization counts and rates in 2020.",60.6,2380,asthma_ed_adults,rate_per_10k,2020
1198,410,UHF42,289,69.5,,,69.5,2380,asthma_ed_adults,rate_per_10k,2021
1198,410,UHF42,296,76.3,,,76.3,2380,asthma_ed_adults,rate_per_10k,2022
1198,410,UHF42,298,85.1,,,85.1,2380,asthma_ed_adults,rate_per_10k,2023
1198,501,UHF42,9,123.3,,,123.3,2380,asthma_ed_adults,rate_per_10k,2005
1198,501,UHF42,10,138.9,,,138.9,2380,asthma_ed_adults,rate_per_10k,2006
1198,501,UHF42,11,126.6,,,126.6,2380,asthma_ed_adults,rate_per_10k,2007
1198,501,UHF42,12,154.8,,,154.8,2380,asthma_ed_adults,rate_per_10k,2008
1198,501,UHF42,13,165.2,,,165.2,2380,asthma_ed_adults,rate_per_10k,2009
1198,501,UHF42,14,146.3,,,146.3,2380,asthma_ed_adults,rate_per_10k,2010
1198,501,UHF42,38,158.7,,,158.7,2380,asthma_ed_adults,rate_per_10k,2011
1198,501,UHF42,39,176.7,,,176.7,2380,asthma_ed_adults,rate_per_10k,2012
1198,501,UHF42,40,140.8,,,140.8,2380,asthma_ed_adults,rate_per_10k,2013
1198,501,UHF42,41,151.5,,,151.5,2380,asthma_ed_adults,rate_per_10k,2014
1198,501,UHF42,45,121.5,,,121.5,2380,asthma_ed_adults,rate_per_10k,2016
1198,501,UHF42,46,107.9,,,107.9,2380,asthma_ed_adults,rate_per_10k,2017
1198,501,UHF42,47,137.2,,,137.2,2380,asthma_ed_adults,rate_per_10k,2018
1198,501,UHF42,48,120.2,,,120.2,2380,asthma_ed_adults,rate_per_10k,2019
1198,501,UHF42,49,71.1,,"The start of COVID-19 in Spring 2020 reduced the overall volume of ED visits, including those for asthma, which may have contributed to decreases in asthma ED visit and hospitalization counts and rates in 2020.",71.1,2380,asthma_ed_adults,rate_per_10k,2020
1198,501,UHF42,289,75.2,,,75.2,2380,asthma_ed_adults,rate_per_10k,2021
1198,501,UHF42,296,78.8,,,78.8,2380,asthma_ed_adults,rate_per_10k,2022
1198,501,UHF42,298,82.3,,,82.3,2380,asthma_ed_adults,rate_per_10k,2023
1198,502,UHF42,9,81.1,,,81.1,2380,asthma_ed_adults,rate_per_10k,2005
1198,502,UHF42,10,86.9,,,86.9,2380,asthma_ed_adults,rate_per_10k,2006
1198,502,UHF42,11,82.6,,,82.6,2380,asthma_ed_adults,rate_per_10k,2007
1198,502,UHF42,12,104.9,,,104.9,2380,asthma_ed_adults,rate_per_10k,2008
1198,502,UHF42,13,115.3,,,115.3,2380,asthma_ed_adults,rate_per_10k,2009
1198,502,UHF42,14,112.2,,,112.2,2380,asthma_ed_adults,rate_per_10k,2010
1198,502,UHF42,38,115.1,,,115.1,2380,asthma_ed_adults,rate_per_10k,2011
1198,502,UHF42,39,124.5,,,124.5,2380,asthma_ed_adults,rate_per_10k,2012
1198,502,UHF42,40,109.7,,,109.7,2380,asthma_ed_adults,rate_per_10k,2013
1198,502,UHF42,41,109.4,,,109.4,2380,asthma_ed_adults,rate_per_10k,2014
1198,502,UHF42,45,85.5,,,85.5,2380,asthma_ed_adults,rate_per_10k,2016
1198,502,UHF42,46,82.8,,,82.8,2380,asthma_ed_adults,rate_per_10k,2017
1198,502,UHF42,47,89.0,,,89.0,2380,asthma_ed_adults,rate_per_10k,2018
1198,502,UHF42,48,81.0,,,81.0,2380,asthma_ed_adults,rate_per_10k,2019
1198,502,UHF42,49,51.4,,"The start of COVID-19 in Spring 2020 reduced the overall volume of ED visits, including those for asthma, which may have contributed to decreases in asthma ED visit and hospitalization counts and rates in 2020.",51.4,2380,asthma_ed_adults,rate_per_10k,2020
1198,502,UHF42,289,45.7,,,45.7,2380,asthma_ed_adults,rate_per_10k,2021
1198,502,UHF42,296,58.7,,,58.7,2380,asthma_ed_adults,rate_per_10k,2022
1198,502,UHF42,298,64.7,,,64.7,2380,asthma_ed_adults,rate_per_10k,2023
1198,503,UHF42,9,36.0,,,36.0,2380,asthma_ed_adults,rate_per_10k,2005
1198,503,UHF42,10,33.1,,,33.1,2380,asthma_ed_adults,rate_per_10k,2006
1198,503,UHF42,11,34.8,,,34.8,2380,asthma_ed_adults,rate_per_10k,2007
1198,503,UHF42,12,38.5,,,38.5,2380,asthma_ed_adults,rate_per_10k,2008
1198,503,UHF42,13,46.7,,,46.7,2380,asthma_ed_adults,rate_per_10k,2009
1198,503,UHF42,14,46.9,,,46.9,2380,asthma_ed_adults,rate_per_10k,2010
1198,503,UHF42,38,41.1,,,41.1,2380,asthma_ed_adults,rate_per_10k,2011
1198,503,UHF42,39,41.3,,,41.3,2380,asthma_ed_adults,rate_per_10k,2012
1198,503,UHF42,40,43.0,,,43.0,2380,asthma_ed_adults,rate_per_10k,2013
1198,503,UHF42,41,41.3,,,41.3,2380,asthma_ed_adults,rate_per_10k,2014
1198,503,UHF42,45,29.7,,,29.7,2380,asthma_ed_adults,rate_per_10k,2016
1198,503,UHF42,46,32.1,,,32.1,2380,asthma_ed_adults,rate_per_10k,2017
1198,503,UHF42,47,38.3,,,38.3,2380,asthma_ed_adults,rate_per_10k,2018
1198,503,UHF42,48,31.3,,,31.3,2380,asthma_ed_adults,rate_per_10k,2019
1198,503,UHF42,49,20.7,,"The start of COVID-19 in Spring 2020 reduced the overall volume of ED visits, including those for asthma, which may have contributed to decreases in asthma ED visit and hospitalization counts and rates in 2020.",20.7,2380,asthma_ed_adults,rate_per_10k,2020
1198,503,UHF42,289,18.6,,,18.6,2380,asthma_ed_adults,rate_per_10k,2021
1198,503,UHF42,296,19.3,,,19.3,2380,asthma_ed_adults,rate_per_10k,2022
1198,503,UHF42,298,23.8,,,23.8,2380,asthma_ed_adults,rate_per_10k,2023
1198,504,UHF42,9,31.6,,,31.6,2380,asthma_ed_adults,rate_per_10k,2005
1198,504,UHF42,10,33.8,,,33.8,2380,asthma_ed_adults,rate_per_10k,2006
1198,504,UHF42,11,34.9,,,34.9,2380,asthma_ed_adults,rate_per_10k,2007
1198,504,UHF42,12,35.0,,,35.0,2380,asthma_ed_adults,rate_per_10k,2008
1198,504,UHF42,13,36.6,,,36.6,2380,asthma_ed_adults,rate_per_10k,2009
1198,504,UHF42,14,37.7,,,37.7,2380,asthma_ed_adults,rate_per_10k,2010
1198,504,UHF42,38,39.2,,,39.2,2380,asthma_ed_adults,rate_per_10k,2011
1198,504,UHF42,39,44.9,,,44.9,2380,asthma_ed_adults,rate_per_10k,2012
1198,504,UHF42,40,33.9,,,33.9,2380,asthma_ed_adults,rate_per_10k,2013
1198,504,UHF42,41,32.4,,,32.4,2380,asthma_ed_adults,rate_per_10k,2014
1198,504,UHF42,45,27.0,,,27.0,2380,asthma_ed_adults,rate_per_10k,2016
1198,504,UHF42,46,22.6,,,22.6,2380,asthma_ed_adults,rate_per_10k,2017
1198,504,UHF42,47,24.6,,,24.6,2380,asthma_ed_adults,rate_per_10k,2018
1198,504,UHF42,48,18.9,,,18.9,2380,asthma_ed_adults,rate_per_10k,2019
1198,504,UHF42,49,13.1,,"The start of COVID-19 in Spring 2020 reduced the overall volume of ED visits, including those for asthma, which may have contributed to decreases in asthma ED visit and hospitalization counts and rates in 2020.",13.1,2380,asthma_ed_adults,rate_per_10k,2020
1198,504,UHF42,289,13.0,,,13.0,2380,asthma_ed_adults,rate_per_10k,2021
1198,504,UHF42,296,14.7,,,14.7,2380,asthma_ed_adults,rate_per_10k,2022
1198,504,UHF42,298,18.7,,,18.7,2380,asthma_ed_adults,rate_per_10k,2023
1199,101,UHF42,9,54.1,,,54.1,2380,asthma_ed_adults,estimated_count,2005
1199,101,UHF42,10,57.5,,,57.5,2380,asthma_ed_adults,estimated_count,2006
1199,101,UHF42,11,69.7,,,69.7,2380,asthma_ed_adults,estimated_count,2007
1199,101,UHF42,12,80.3,,,80.3,2380,asthma_ed_adults,estimated_count,2008
1199,101,UHF42,13,79.4,,,79.4,2380,asthma_ed_adults,estimated_count,2009
1199,101,UHF42,14,74.4,,,74.4,2380,asthma_ed_adults,estimated_count,2010
1199,101,UHF42,38,67.3,,,67.3,2380,asthma_ed_adults,estimated_count,2011
1199,101,UHF42,39,73.6,,,73.6,2380,asthma_ed_adults,estimated_count,2012
1199,101,UHF42,40,76.2,,,76.2,2380,asthma_ed_adults,estimated_count,2013
1199,101,UHF42,41,74.6,,,74.6,2380,asthma_ed_adults,estimated_count,2014
1199,101,UHF42,45,78.3,,,78.3,2380,asthma_ed_adults,estimated_count,2016
1199,101,UHF42,46,52.1,,,52.1,2380,asthma_ed_adults,estimated_count,2017
1199,101,UHF42,47,60.2,,,60.2,2380,asthma_ed_adults,estimated_count,2018
1199,101,UHF42,48,44.0,,,44.0,2380,asthma_ed_adults,estimated_count,2019
1199,101,UHF42,49,25.4,,"The start of COVID-19 in Spring 2020 reduced the overall volume of ED visits, including those for asthma, which may have contributed to decreases in asthma ED visit and hospitalization counts and rates in 2020.",25.4,2380,asthma_ed_adults,estimated_count,2020
1199,101,UHF42,289,35.2,,,35.2,2380,asthma_ed_adults,estimated_count,2021
1199,101,UHF42,296,43.9,,,43.9,2380,asthma_ed_adults,estimated_count,2022
1199,101,UHF42,298,47.6,,,47.6,2380,asthma_ed_adults,estimated_count,2023
1199,102,UHF42,9,115.7,,,115.7,2380,asthma_ed_adults,estimated_count,2005
1199,102,UHF42,10,122.2,,,122.2,2380,asthma_ed_adults,estimated_count,2006
1199,102,UHF42,11,121.4,,,121.4,2380,asthma_ed_adults,estimated_count,2007
1199,102,UHF42,12,140.7,,,140.7,2380,asthma_ed_adults,estimated_count,2008
1199,102,UHF42,13,121.5,,,121.5,2380,asthma_ed_adults,estimated_count,2009
1199,102,UHF42,14,92.9,,,92.9,2380,asthma_ed_adults,estimated_count,2010
1199,102,UHF42,38,89.2,,,89.2,2380,asthma_ed_adults,estimated_count,2011
1199,102,UHF42,39,137.6,,,137.6,2380,asthma_ed_adults,estimated_count,2012
1199,102,UHF42,40,166.5,,,166.5,2380,asthma_ed_adults,estimated_count,2013
1199,102,UHF42,41,170.7,,,170.7,2380,asthma_ed_adults,estimated_count,2014
1199,102,UHF42,45,145.7,,,145.7,2380,asthma_ed_adults,estimated_count,2016
1199,102,UHF42,46,117.7,,,117.7,2380,asthma_ed_adults,estimated_count,2017
1199,102,UHF42,47,125.7,,,125.7,2380,asthma_ed_adults,estimated_count,2018
1199,102,UHF42,48,123.6,,,123.6,2380,asthma_ed_adults,estimated_count,2019
1199,102,UHF42,49,67.0,,"The start of COVID-19 in Spring 2020 reduced the overall volume of ED visits, including those for asthma, which may have contributed to decreases in asthma ED visit and hospitalization counts and rates in 2020.",67.0,2380,asthma_ed_adults,estimated_count,2020
1199,102,UHF42,289,82.9,,,82.9,2380,asthma_ed_adults,estimated_count,2021
1199,102,UHF42,296,99.8,,,99.8,2380,asthma_ed_adults,estimated_count,2022
1199,102,UHF42,298,112.8,,,112.8,2380,asthma_ed_adults,estimated_count,2023
1199,103,UHF42,9,151.4,,,151.4,2380,asthma_ed_adults,estimated_count,2005
1199,103,UHF42,10,174.5,,,174.5,2380,asthma_ed_adults,estimated_count,2006
1199,103,UHF42,11,183.6,,,183.6,2380,asthma_ed_adults,estimated_count,2007
1199,103,UHF42,12,189.3,,,189.3,2380,asthma_ed_adults,estimated_count,2008
1199,103,UHF42,13,191.8,,,191.8,2380,asthma_ed_adults,estimated_count,2009
1199,103,UHF42,14,170.2,,,170.2,2380,asthma_ed_adults,estimated_count,2010
1199,103,UHF42,38,168.4,,,168.4,2380,asthma_ed_adults,estimated_count,2011
1199,103,UHF42,39,199.4,,,199.4,2380,asthma_ed_adults,estimated_count,2012
1199,103,UHF42,40,221.5,,,221.5,2380,asthma_ed_adults,estimated_count,2013
1199,103,UHF42,41,216.1,,,216.1,2380,asthma_ed_adults,estimated_count,2014
1199,103,UHF42,45,182.1,,,182.1,2380,asthma_ed_adults,estimated_count,2016
1199,103,UHF42,46,135.0,,,135.0,2380,asthma_ed_adults,estimated_count,2017
1199,103,UHF42,47,155.8,,,155.8,2380,asthma_ed_adults,estimated_count,2018
1199,103,UHF42,48,123.8,,,123.8,2380,asthma_ed_adults,estimated_count,2019
1199,103,UHF42,49,75.6,,"The start of COVID-19 in Spring 2020 reduced the overall volume of ED visits, including those for asthma, which may have contributed to decreases in asthma ED visit and hospitalization counts and rates in 2020.",75.6,2380,asthma_ed_adults,estimated_count,2020
1199,103,UHF42,289,74.9,,,74.9,2380,asthma_ed_adults,estimated_count,2021
1199,103,UHF42,296,107.2,,,107.2,2380,asthma_ed_adults,estimated_count,2022
1199,103,UHF42,298,132.3,,,132.3,2380,asthma_ed_adults,estimated_count,2023
1199,104,UHF42,9,116.2,,,116.2,2380,asthma_ed_adults,estimated_count,2005
1199,104,UHF42,10,129.3,,,129.3,2380,asthma_ed_adults,estimated_count,2006
1199,104,UHF42,11,143.4,,,143.4,2380,asthma_ed_adults,estimated_count,2007
1199,104,UHF42,12,155.1,,,155.1,2380,asthma_ed_adults,estimated_count,2008
1199,104,UHF42,13,154.2,,,154.2,2380,asthma_ed_adults,estimated_count,2009
1199,104,UHF42,14,142.0,,,142.0,2380,asthma_ed_adults,estimated_count,2010
1199,104,UHF42,38,136.4,,,136.4,2380,asthma_ed_adults,estimated_count,2011
1199,104,UHF42,39,162.3,,,162.3,2380,asthma_ed_adults,estimated_count,2012
1199,104,UHF42,40,164.7,,,164.7,2380,asthma_ed_adults,estimated_count,2013
1199,104,UHF42,41,163.3,,,163.3,2380,asthma_ed_adults,estimated_count,2014
1199,104,UHF42,45,136.8,,,136.8,2380,asthma_ed_adults,estimated_count,2016
1199,104,UHF42,46,108.1,,,108.1,2380,asthma_ed_adults,estimated_count,2017
1199,104,UHF42,47,112.1,,,112.1,2380,asthma_ed_adults,estimated_count,2018
1199,104,UHF42,48,102.3,,,102.3,2380,asthma_ed_adults,estimated_count,2019
1199,104,UHF42,49,65.6,,"The start of COVID-19 in Spring 2020 reduced the overall volume of ED visits, including those for asthma, which may have contributed to decreases in asthma ED visit and hospitalization counts and rates in 2020.",65.6,2380,asthma_ed_adults,estimated_count,2020
1199,104,UHF42,289,70.3,,,70.3,2380,asthma_ed_adults,estimated_count,2021
1199,104,UHF42,296,82.3,,,82.3,2380,asthma_ed_adults,estimated_count,2022
1199,104,UHF42,298,100.0,,,100.0,2380,asthma_ed_adults,estimated_count,2023
1199,105,UHF42,9,300.1,,,300.1,2380,asthma_ed_adults,estimated_count,2005
1199,105,UHF42,10,304.2,,,304.2,2380,asthma_ed_adults,estimated_count,2006
1199,105,UHF42,11,323.2,,,323.2,2380,asthma_ed_adults,estimated_count,2007
1199,105,UHF42,12,313.7,,,313.7,2380,asthma_ed_adults,estimated_count,2008
1199,105,UHF42,13,297.2,,,297.2,2380,asthma_ed_adults,estimated_count,2009
1199,105,UHF42,14,308.0,,,308.0,2380,asthma_ed_adults,estimated_count,2010
1199,105,UHF42,38,301.3,,,301.3,2380,asthma_ed_adults,estimated_count,2011
1199,105,UHF42,39,296.3,,,296.3,2380,asthma_ed_adults,estimated_count,2012
1199,105,UHF42,40,281.8,,,281.8,2380,asthma_ed_adults,estimated_count,2013
1199,105,UHF42,41,285.9,,,285.9,2380,asthma_ed_adults,estimated_count,2014
1199,105,UHF42,45,244.1,,,244.1,2380,asthma_ed_adults,estimated_count,2016
1199,105,UHF42,46,197.5,,,197.5,2380,asthma_ed_adults,estimated_count,2017
1199,105,UHF42,47,224.2,,,224.2,2380,asthma_ed_adults,estimated_count,2018
1199,105,UHF42,48,189.2,,,189.2,2380,asthma_ed_adults,estimated_count,2019
1199,105,UHF42,49,129.3,,"The start of COVID-19 in Spring 2020 reduced the overall volume of ED visits, including those for asthma, which may have contributed to decreases in asthma ED visit and hospitalization counts and rates in 2020.",129.3,2380,asthma_ed_adults,estimated_count,2020
1199,105,UHF42,289,140.3,,,140.3,2380,asthma_ed_adults,estimated_count,2021
1199,105,UHF42,296,160.2,,,160.2,2380,asthma_ed_adults,estimated_count,2022
1199,105,UHF42,298,171.0,,,171.0,2380,asthma_ed_adults,estimated_count,2023
1199,106,UHF42,9,250.7,,,250.7,2380,asthma_ed_adults,estimated_count,2005
1199,106,UHF42,10,280.8,,,280.8,2380,asthma_ed_adults,estimated_count,2006
1199,106,UHF42,11,278.5,,,278.5,2380,asthma_ed_adults,estimated_count,2007
1199,106,UHF42,12,287.5,,,287.5,2380,asthma_ed_adults,estimated_count,2008
1199,106,UHF42,13,267.4,,,267.4,2380,asthma_ed_adults,estimated_count,2009
1199,106,UHF42,14,271.0,,,271.0,2380,asthma_ed_adults,estimated_count,2010
1199,106,UHF42,38,262.8,,,262.8,2380,asthma_ed_adults,estimated_count,2011
1199,106,UHF42,39,289.1,,,289.1,2380,asthma_ed_adults,estimated_count,2012
1199,106,UHF42,40,285.3,,,285.3,2380,asthma_ed_adults,estimated_count,2013
1199,106,UHF42,41,279.3,,,279.3,2380,asthma_ed_adults,estimated_count,2014
1199,106,UHF42,45,275.3,,,275.3,2380,asthma_ed_adults,estimated_count,2016
1199,106,UHF42,46,231.8,,,231.8,2380,asthma_ed_adults,estimated_count,2017
1199,106,UHF42,47,235.8,,,235.8,2380,asthma_ed_adults,estimated_count,2018
1199,106,UHF42,48,219.3,,,219.3,2380,asthma_ed_adults,estimated_count,2019
1199,106,UHF42,49,150.5,,"The start of COVID-19 in Spring 2020 reduced the overall volume of ED visits, including those for asthma, which may have contributed to decreases in asthma ED visit and hospitalization counts and rates in 2020.",150.5,2380,asthma_ed_adults,estimated_count,2020
1199,106,UHF42,289,136.5,,,136.5,2380,asthma_ed_adults,estimated_count,2021
1199,106,UHF42,296,168.4,,,168.4,2380,asthma_ed_adults,estimated_count,2022
1199,106,UHF42,298,179.0,,,179.0,2380,asthma_ed_adults,estimated_count,2023
1199,107,UHF42,9,280.0,,,280.0,2380,asthma_ed_adults,estimated_count,2005
1199,107,UHF42,10,319.1,,,319.1,2380,asthma_ed_adults,estimated_count,2006
1199,107,UHF42,11,341.1,,,341.1,2380,asthma_ed_adults,estimated_count,2007
1199,107,UHF42,12,349.1,,,349.1,2380,asthma_ed_adults,estimated_count,2008
1199,107,UHF42,13,340.8,,,340.8,2380,asthma_ed_adults,estimated_count,2009
1199,107,UHF42,14,307.1,,,307.1,2380,asthma_ed_adults,estimated_count,2010
1199,107,UHF42,38,297.3,,,297.3,2380,asthma_ed_adults,estimated_count,2011
1199,107,UHF42,39,323.8,,,323.8,2380,asthma_ed_adults,estimated_count,2012
1199,107,UHF42,40,324.5,,,324.5,2380,asthma_ed_adults,estimated_count,2013
1199,107,UHF42,41,337.7,,,337.7,2380,asthma_ed_adults,estimated_count,2014
1199,107,UHF42,45,309.1,,,309.1,2380,asthma_ed_adults,estimated_count,2016
1199,107,UHF42,46,260.2,,,260.2,2380,asthma_ed_adults,estimated_count,2017
1199,107,UHF42,47,256.0,,,256.0,2380,asthma_ed_adults,estimated_count,2018
1199,107,UHF42,48,237.1,,,237.1,2380,asthma_ed_adults,estimated_count,2019
1199,107,UHF42,49,149.7,,"The start of COVID-19 in Spring 2020 reduced the overall volume of ED visits, including those for asthma, which may have contributed to decreases in asthma ED visit and hospitalization counts and rates in 2020.",149.7,2380,asthma_ed_adults,estimated_count,2020
1199,107,UHF42,289,145.9,,,145.9,2380,asthma_ed_adults,estimated_count,2021
1199,107,UHF42,296,184.4,,,184.4,2380,asthma_ed_adults,estimated_count,2022
1199,107,UHF42,298,193.5,,,193.5,2380,asthma_ed_adults,estimated_count,2023
1199,201,UHF42,9,63.8,,,63.8,2380,asthma_ed_adults,estimated_count,2005
1199,201,UHF42,10,63.0,,,63.0,2380,asthma_ed_adults,estimated_count,2006
1199,201,UHF42,11,77.2,,,77.2,2380,asthma_ed_adults,estimated_count,2007
1199,201,UHF42,12,64.9,,,64.9,2380,asthma_ed_adults,estimated_count,2008
1199,201,UHF42,13,62.2,,,62.2,2380,asthma_ed_adults,estimated_count,2009
1199,201,UHF42,14,68.2,,,68.2,2380,asthma_ed_adults,estimated_count,2010
1199,201,UHF42,38,76.3,,,76.3,2380,asthma_ed_adults,estimated_count,2011
1199,201,UHF42,39,80.8,,,80.8,2380,asthma_ed_adults,estimated_count,2012
1199,201,UHF42,40,82.2,,,82.2,2380,asthma_ed_adults,estimated_count,2013
1199,201,UHF42,41,73.5,,,73.5,2380,asthma_ed_adults,estimated_count,2014
1199,201,UHF42,45,65.8,,,65.8,2380,asthma_ed_adults,estimated_count,2016
1199,201,UHF42,46,46.5,,,46.5,2380,asthma_ed_adults,estimated_count,2017
1199,201,UHF42,47,51.5,,,51.5,2380,asthma_ed_adults,estimated_count,2018
1199,201,UHF42,48,43.2,,,43.2,2380,asthma_ed_adults,estimated_count,2019
1199,201,UHF42,49,25.0,,"The start of COVID-19 in Spring 2020 reduced the overall volume of ED visits, including those for asthma, which may have contributed to decreases in asthma ED visit and hospitalization counts and rates in 2020.",25.0,2380,asthma_ed_adults,estimated_count,2020
1199,201,UHF42,289,22.6,,,22.6,2380,asthma_ed_adults,estimated_count,2021
1199,201,UHF42,296,35.0,,,35.0,2380,asthma_ed_adults,estimated_count,2022
1199,201,UHF42,298,38.5,,,38.5,2380,asthma_ed_adults,estimated_count,2023
1199,202,UHF42,9,97.4,,,97.4,2380,asthma_ed_adults,estimated_count,2005
1199,202,UHF42,10,100.3,,,100.3,2380,asthma_ed_adults,estimated_count,2006
1199,202,UHF42,11,96.5,,,96.5,2380,asthma_ed_adults,estimated_count,2007
1199,202,UHF42,12,100.1,,,100.1,2380,asthma_ed_adults,estimated_count,2008
1199,202,UHF42,13,87.5,,,87.5,2380,asthma_ed_adults,estimated_count,2009
1199,202,UHF42,14,93.9,,,93.9,2380,asthma_ed_adults,estimated_count,2010
1199,202,UHF42,38,100.5,,,100.5,2380,asthma_ed_adults,estimated_count,2011
1199,202,UHF42,39,96.6,,,96.6,2380,asthma_ed_adults,estimated_count,2012
1199,202,UHF42,40,87.8,,,87.8,2380,asthma_ed_adults,estimated_count,2013
1199,202,UHF42,41,81.6,,,81.6,2380,asthma_ed_adults,estimated_count,2014
1199,202,UHF42,45,77.2,,,77.2,2380,asthma_ed_adults,estimated_count,2016
1199,202,UHF42,46,63.9,,,63.9,2380,asthma_ed_adults,estimated_count,2017
1199,202,UHF42,47,71.3,,,71.3,2380,asthma_ed_adults,estimated_count,2018
1199,202,UHF42,48,57.2,,,57.2,2380,asthma_ed_adults,estimated_count,2019
1199,202,UHF42,49,35.7,,"The start of COVID-19 in Spring 2020 reduced the overall volume of ED visits, including those for asthma, which may have contributed to decreases in asthma ED visit and hospitalization counts and rates in 2020.",35.7,2380,asthma_ed_adults,estimated_count,2020
1199,202,UHF42,289,35.5,,,35.5,2380,asthma_ed_adults,estimated_count,2021
1199,202,UHF42,296,40.9,,,40.9,2380,asthma_ed_adults,estimated_count,2022
1199,202,UHF42,298,45.8,,,45.8,2380,asthma_ed_adults,estimated_count,2023
1199,203,UHF42,9,195.1,,,195.1,2380,asthma_ed_adults,estimated_count,2005
1199,203,UHF42,10,171.0,,,171.0,2380,asthma_ed_adults,estimated_count,2006
1199,203,UHF42,11,184.5,,,184.5,2380,asthma_ed_adults,estimated_count,2007
1199,203,UHF42,12,199.8,,,199.8,2380,asthma_ed_adults,estimated_count,2008
1199,203,UHF42,13,202.2,,,202.2,2380,asthma_ed_adults,estimated_count,2009
1199,203,UHF42,14,221.9,,,221.9,2380,asthma_ed_adults,estimated_count,2010
1199,203,UHF42,38,217.2,,,217.2,2380,asthma_ed_adults,estimated_count,2011
1199,203,UHF42,39,239.6,,,239.6,2380,asthma_ed_adults,estimated_count,2012
1199,203,UHF42,40,232.4,,,232.4,2380,asthma_ed_adults,estimated_count,2013
1199,203,UHF42,41,235.4,,,235.4,2380,asthma_ed_adults,estimated_count,2014
1199,203,UHF42,45,209.2,,,209.2,2380,asthma_ed_adults,estimated_count,2016
1199,203,UHF42,46,150.4,,,150.4,2380,asthma_ed_adults,estimated_count,2017
1199,203,UHF42,47,175.2,,,175.2,2380,asthma_ed_adults,estimated_count,2018
1199,203,UHF42,48,134.9,,,134.9,2380,asthma_ed_adults,estimated_count,2019
1199,203,UHF42,49,90.5,,"The start of COVID-19 in Spring 2020 reduced the overall volume of ED visits, including those for asthma, which may have contributed to decreases in asthma ED visit and hospitalization counts and rates in 2020.",90.5,2380,asthma_ed_adults,estimated_count,2020
1199,203,UHF42,289,77.0,,,77.0,2380,asthma_ed_adults,estimated_count,2021
1199,203,UHF42,296,98.9,,,98.9,2380,asthma_ed_adults,estimated_count,2022
1199,203,UHF42,298,116.5,,,116.5,2380,asthma_ed_adults,estimated_count,2023
1199,204,UHF42,9,166.3,,,166.3,2380,asthma_ed_adults,estimated_count,2005
1199,204,UHF42,10,166.9,,,166.9,2380,asthma_ed_adults,estimated_count,2006
1199,204,UHF42,11,169.8,,,169.8,2380,asthma_ed_adults,estimated_count,2007
1199,204,UHF42,12,191.2,,,191.2,2380,asthma_ed_adults,estimated_count,2008
1199,204,UHF42,13,190.3,,,190.3,2380,asthma_ed_adults,estimated_count,2009
1199,204,UHF42,14,202.0,,,202.0,2380,asthma_ed_adults,estimated_count,2010
1199,204,UHF42,38,212.2,,,212.2,2380,asthma_ed_adults,estimated_count,2011
1199,204,UHF42,39,229.2,,,229.2,2380,asthma_ed_adults,estimated_count,2012
1199,204,UHF42,40,229.1,,,229.1,2380,asthma_ed_adults,estimated_count,2013
1199,204,UHF42,41,243.1,,,243.1,2380,asthma_ed_adults,estimated_count,2014
1199,204,UHF42,45,205.5,,,205.5,2380,asthma_ed_adults,estimated_count,2016
1199,204,UHF42,46,163.7,,,163.7,2380,asthma_ed_adults,estimated_count,2017
1199,204,UHF42,47,183.1,,,183.1,2380,asthma_ed_adults,estimated_count,2018
1199,204,UHF42,48,160.1,,,160.1,2380,asthma_ed_adults,estimated_count,2019
1199,204,UHF42,49,94.2,,"The start of COVID-19 in Spring 2020 reduced the overall volume of ED visits, including those for asthma, which may have contributed to decreases in asthma ED visit and hospitalization counts and rates in 2020.",94.2,2380,asthma_ed_adults,estimated_count,2020
1199,204,UHF42,289,70.6,,,70.6,2380,asthma_ed_adults,estimated_count,2021
1199,204,UHF42,296,101.7,,,101.7,2380,asthma_ed_adults,estimated_count,2022
1199,204,UHF42,298,123.3,,,123.3,2380,asthma_ed_adults,estimated_count,2023
1199,205,UHF42,9,95.6,,,95.6,2380,asthma_ed_adults,estimated_count,2005
1199,205,UHF42,10,81.0,,,81.0,2380,asthma_ed_adults,estimated_count,2006
1199,205,UHF42,11,79.3,,,79.3,2380,asthma_ed_adults,estimated_count,2007
1199,205,UHF42,12,78.9,,,78.9,2380,asthma_ed_adults,estimated_count,2008
1199,205,UHF42,13,81.2,,,81.2,2380,asthma_ed_adults,estimated_count,2009
1199,205,UHF42,14,85.4,,,85.4,2380,asthma_ed_adults,estimated_count,2010
1199,205,UHF42,38,80.1,,,80.1,2380,asthma_ed_adults,estimated_count,2011
1199,205,UHF42,39,89.8,,,89.8,2380,asthma_ed_adults,estimated_count,2012
1199,205,UHF42,40,83.3,,,83.3,2380,asthma_ed_adults,estimated_count,2013
1199,205,UHF42,41,65.0,,,65.0,2380,asthma_ed_adults,estimated_count,2014
1199,205,UHF42,45,49.8,,,49.8,2380,asthma_ed_adults,estimated_count,2016
1199,205,UHF42,46,48.3,,,48.3,2380,asthma_ed_adults,estimated_count,2017
1199,205,UHF42,47,46.8,,,46.8,2380,asthma_ed_adults,estimated_count,2018
1199,205,UHF42,48,41.9,,,41.9,2380,asthma_ed_adults,estimated_count,2019
1199,205,UHF42,49,26.4,,"The start of COVID-19 in Spring 2020 reduced the overall volume of ED visits, including those for asthma, which may have contributed to decreases in asthma ED visit and hospitalization counts and rates in 2020.",26.4,2380,asthma_ed_adults,estimated_count,2020
1199,205,UHF42,289,32.3,,,32.3,2380,asthma_ed_adults,estimated_count,2021
1199,205,UHF42,296,34.2,,,34.2,2380,asthma_ed_adults,estimated_count,2022
1199,205,UHF42,298,36.2,,,36.2,2380,asthma_ed_adults,estimated_count,2023
1199,206,UHF42,9,24.9,,,24.9,2380,asthma_ed_adults,estimated_count,2005
1199,206,UHF42,10,25.5,,,25.5,2380,asthma_ed_adults,estimated_count,2006
1199,206,UHF42,11,25.2,,,25.2,2380,asthma_ed_adults,estimated_count,2007
1199,206,UHF42,12,25.5,,,25.5,2380,asthma_ed_adults,estimated_count,2008
1199,206,UHF42,13,28.6,,,28.6,2380,asthma_ed_adults,estimated_count,2009
1199,206,UHF42,14,28.9,,,28.9,2380,asthma_ed_adults,estimated_count,2010
1199,206,UHF42,38,36.0,,,36.0,2380,asthma_ed_adults,estimated_count,2011
1199,206,UHF42,39,38.9,,,38.9,2380,asthma_ed_adults,estimated_count,2012
1199,206,UHF42,40,31.0,,,31.0,2380,asthma_ed_adults,estimated_count,2013
1199,206,UHF42,41,34.3,,,34.3,2380,asthma_ed_adults,estimated_count,2014
1199,206,UHF42,45,27.5,,,27.5,2380,asthma_ed_adults,estimated_count,2016
1199,206,UHF42,46,20.7,,,20.7,2380,asthma_ed_adults,estimated_count,2017
1199,206,UHF42,47,28.3,,,28.3,2380,asthma_ed_adults,estimated_count,2018
1199,206,UHF42,48,21.7,,,21.7,2380,asthma_ed_adults,estimated_count,2019
1199,206,UHF42,49,10.3,,"The start of COVID-19 in Spring 2020 reduced the overall volume of ED visits, including those for asthma, which may have contributed to decreases in asthma ED visit and hospitalization counts and rates in 2020.",10.3,2380,asthma_ed_adults,estimated_count,2020
1199,206,UHF42,289,10.7,,,10.7,2380,asthma_ed_adults,estimated_count,2021
1199,206,UHF42,296,17.5,,,17.5,2380,asthma_ed_adults,estimated_count,2022
1199,206,UHF42,298,20.7,,,20.7,2380,asthma_ed_adults,estimated_count,2023
1199,207,UHF42,9,97.5,,,97.5,2380,asthma_ed_adults,estimated_count,2005
1199,207,UHF42,10,102.5,,,102.5,2380,asthma_ed_adults,estimated_count,2006
1199,207,UHF42,11,101.0,,,101.0,2380,asthma_ed_adults,estimated_count,2007
1199,207,UHF42,12,114.8,,,114.8,2380,asthma_ed_adults,estimated_count,2008
1199,207,UHF42,13,117.8,,,117.8,2380,asthma_ed_adults,estimated_count,2009
1199,207,UHF42,14,129.8,,,129.8,2380,asthma_ed_adults,estimated_count,2010
1199,207,UHF42,38,146.1,,,146.1,2380,asthma_ed_adults,estimated_count,2011
1199,207,UHF42,39,146.6,,,146.6,2380,asthma_ed_adults,estimated_count,2012
1199,207,UHF42,40,139.9,,,139.9,2380,asthma_ed_adults,estimated_count,2013
1199,207,UHF42,41,125.9,,,125.9,2380,asthma_ed_adults,estimated_count,2014
1199,207,UHF42,45,123.7,,,123.7,2380,asthma_ed_adults,estimated_count,2016
1199,207,UHF42,46,100.3,,,100.3,2380,asthma_ed_adults,estimated_count,2017
1199,207,UHF42,47,117.5,,,117.5,2380,asthma_ed_adults,estimated_count,2018
1199,207,UHF42,48,92.1,,,92.1,2380,asthma_ed_adults,estimated_count,2019
1199,207,UHF42,49,57.1,,"The start of COVID-19 in Spring 2020 reduced the overall volume of ED visits, including those for asthma, which may have contributed to decreases in asthma ED visit and hospitalization counts and rates in 2020.",57.1,2380,asthma_ed_adults,estimated_count,2020
1199,207,UHF42,289,65.4,,,65.4,2380,asthma_ed_adults,estimated_count,2021
1199,207,UHF42,296,75.3,,,75.3,2380,asthma_ed_adults,estimated_count,2022
1199,207,UHF42,298,89.4,,,89.4,2380,asthma_ed_adults,estimated_count,2023
1199,208,UHF42,9,65.2,,,65.2,2380,asthma_ed_adults,estimated_count,2005
1199,208,UHF42,10,78.1,,,78.1,2380,asthma_ed_adults,estimated_count,2006
1199,208,UHF42,11,71.1,,,71.1,2380,asthma_ed_adults,estimated_count,2007
1199,208,UHF42,12,79.9,,,79.9,2380,asthma_ed_adults,estimated_count,2008
1199,208,UHF42,13,86.4,,,86.4,2380,asthma_ed_adults,estimated_count,2009
1199,208,UHF42,14,97.1,,,97.1,2380,asthma_ed_adults,estimated_count,2010
1199,208,UHF42,38,104.2,,,104.2,2380,asthma_ed_adults,estimated_count,2011
1199,208,UHF42,39,104.0,,,104.0,2380,asthma_ed_adults,estimated_count,2012
1199,208,UHF42,40,93.9,,,93.9,2380,asthma_ed_adults,estimated_count,2013
1199,208,UHF42,41,99.8,,,99.8,2380,asthma_ed_adults,estimated_count,2014
1199,208,UHF42,45,98.6,,,98.6,2380,asthma_ed_adults,estimated_count,2016
1199,208,UHF42,46,80.3,,,80.3,2380,asthma_ed_adults,estimated_count,2017
1199,208,UHF42,47,84.2,,,84.2,2380,asthma_ed_adults,estimated_count,2018
1199,208,UHF42,48,81.3,,,81.3,2380,asthma_ed_adults,estimated_count,2019
1199,208,UHF42,49,52.4,,"The start of COVID-19 in Spring 2020 reduced the overall volume of ED visits, including those for asthma, which may have contributed to decreases in asthma ED visit and hospitalization counts and rates in 2020.",52.4,2380,asthma_ed_adults,estimated_count,2020
1199,208,UHF42,289,42.0,,,42.0,2380,asthma_ed_adults,estimated_count,2021
1199,208,UHF42,296,59.8,,,59.8,2380,asthma_ed_adults,estimated_count,2022
1199,208,UHF42,298,71.5,,,71.5,2380,asthma_ed_adults,estimated_count,2023
1199,209,UHF42,9,25.1,,,25.1,2380,asthma_ed_adults,estimated_count,2005
1199,209,UHF42,10,24.7,,,24.7,2380,asthma_ed_adults,estimated_count,2006
1199,209,UHF42,11,27.5,,,27.5,2380,asthma_ed_adults,estimated_count,2007
1199,209,UHF42,12,22.2,,,22.2,2380,asthma_ed_adults,estimated_count,2008
1199,209,UHF42,13,26.9,,,26.9,2380,asthma_ed_adults,estimated_count,2009
1199,209,UHF42,14,27.5,,,27.5,2380,asthma_ed_adults,estimated_count,2010
1199,209,UHF42,38,26.4,,,26.4,2380,asthma_ed_adults,estimated_count,2011
1199,209,UHF42,39,32.7,,,32.7,2380,asthma_ed_adults,estimated_count,2012
1199,209,UHF42,40,30.1,,,30.1,2380,asthma_ed_adults,estimated_count,2013
1199,209,UHF42,41,29.0,,,29.0,2380,asthma_ed_adults,estimated_count,2014
1199,209,UHF42,45,23.7,,,23.7,2380,asthma_ed_adults,estimated_count,2016
1199,209,UHF42,46,18.1,,,18.1,2380,asthma_ed_adults,estimated_count,2017
1199,209,UHF42,47,20.9,,,20.9,2380,asthma_ed_adults,estimated_count,2018
1199,209,UHF42,48,21.0,,,21.0,2380,asthma_ed_adults,estimated_count,2019
1199,209,UHF42,49,10.0,,"The start of COVID-19 in Spring 2020 reduced the overall volume of ED visits, including those for asthma, which may have contributed to decreases in asthma ED visit and hospitalization counts and rates in 2020.",10.0,2380,asthma_ed_adults,estimated_count,2020
1199,209,UHF42,289,9.3,,,9.3,2380,asthma_ed_adults,estimated_count,2021
1199,209,UHF42,296,14.4,,,14.4,2380,asthma_ed_adults,estimated_count,2022
1199,209,UHF42,298,17.9,,,17.9,2380,asthma_ed_adults,estimated_count,2023
1199,210,UHF42,9,37.8,,,37.8,2380,asthma_ed_adults,estimated_count,2005
1199,210,UHF42,10,47.2,,,47.2,2380,asthma_ed_adults,estimated_count,2006
1199,210,UHF42,11,46.9,,,46.9,2380,asthma_ed_adults,estimated_count,2007
1199,210,UHF42,12,46.2,,,46.2,2380,asthma_ed_adults,estimated_count,2008
1199,210,UHF42,13,48.3,,,48.3,2380,asthma_ed_adults,estimated_count,2009
1199,210,UHF42,14,51.4,,,51.4,2380,asthma_ed_adults,estimated_count,2010
1199,210,UHF42,38,57.2,,,57.2,2380,asthma_ed_adults,estimated_count,2011
1199,210,UHF42,39,60.5,,,60.5,2380,asthma_ed_adults,estimated_count,2012
1199,210,UHF42,40,57.9,,,57.9,2380,asthma_ed_adults,estimated_count,2013
1199,210,UHF42,41,58.9,,,58.9,2380,asthma_ed_adults,estimated_count,2014
1199,210,UHF42,45,56.9,,,56.9,2380,asthma_ed_adults,estimated_count,2016
1199,210,UHF42,46,50.3,,,50.3,2380,asthma_ed_adults,estimated_count,2017
1199,210,UHF42,47,47.3,,,47.3,2380,asthma_ed_adults,estimated_count,2018
1199,210,UHF42,48,43.2,,,43.2,2380,asthma_ed_adults,estimated_count,2019
1199,210,UHF42,49,22.9,,"The start of COVID-19 in Spring 2020 reduced the overall volume of ED visits, including those for asthma, which may have contributed to decreases in asthma ED visit and hospitalization counts and rates in 2020.",22.9,2380,asthma_ed_adults,estimated_count,2020
1199,210,UHF42,289,25.4,,,25.4,2380,asthma_ed_adults,estimated_count,2021
1199,210,UHF42,296,32.0,,,32.0,2380,asthma_ed_adults,estimated_count,2022
1199,210,UHF42,298,34.5,,,34.5,2380,asthma_ed_adults,estimated_count,2023
1199,211,UHF42,9,225.3,,,225.3,2380,asthma_ed_adults,estimated_count,2005
1199,211,UHF42,10,187.5,,,187.5,2380,asthma_ed_adults,estimated_count,2006
1199,211,UHF42,11,204.8,,,204.8,2380,asthma_ed_adults,estimated_count,2007
1199,211,UHF42,12,225.5,,,225.5,2380,asthma_ed_adults,estimated_count,2008
1199,211,UHF42,13,220.1,,,220.1,2380,asthma_ed_adults,estimated_count,2009
1199,211,UHF42,14,245.8,,,245.8,2380,asthma_ed_adults,estimated_count,2010
1199,211,UHF42,38,246.3,,,246.3,2380,asthma_ed_adults,estimated_count,2011
1199,211,UHF42,39,274.0,,,274.0,2380,asthma_ed_adults,estimated_count,2012
1199,211,UHF42,40,256.9,,,256.9,2380,asthma_ed_adults,estimated_count,2013
1199,211,UHF42,41,247.0,,,247.0,2380,asthma_ed_adults,estimated_count,2014
1199,211,UHF42,45,206.8,,,206.8,2380,asthma_ed_adults,estimated_count,2016
1199,211,UHF42,46,152.8,,,152.8,2380,asthma_ed_adults,estimated_count,2017
1199,211,UHF42,47,158.7,,,158.7,2380,asthma_ed_adults,estimated_count,2018
1199,211,UHF42,48,138.3,,,138.3,2380,asthma_ed_adults,estimated_count,2019
1199,211,UHF42,49,87.6,,"The start of COVID-19 in Spring 2020 reduced the overall volume of ED visits, including those for asthma, which may have contributed to decreases in asthma ED visit and hospitalization counts and rates in 2020.",87.6,2380,asthma_ed_adults,estimated_count,2020
1199,211,UHF42,289,80.1,,,80.1,2380,asthma_ed_adults,estimated_count,2021
1199,211,UHF42,296,91.3,,,91.3,2380,asthma_ed_adults,estimated_count,2022
1199,211,UHF42,298,92.1,,,92.1,2380,asthma_ed_adults,estimated_count,2023
1199,301,UHF42,9,97.7,,,97.7,2380,asthma_ed_adults,estimated_count,2005
1199,301,UHF42,10,84.5,,,84.5,2380,asthma_ed_adults,estimated_count,2006
1199,301,UHF42,11,102.6,,,102.6,2380,asthma_ed_adults,estimated_count,2007
1199,301,UHF42,12,104.9,,,104.9,2380,asthma_ed_adults,estimated_count,2008
1199,301,UHF42,13,100.0,,,100.0,2380,asthma_ed_adults,estimated_count,2009
1199,301,UHF42,14,94.0,,,94.0,2380,asthma_ed_adults,estimated_count,2010
1199,301,UHF42,38,95.4,,,95.4,2380,asthma_ed_adults,estimated_count,2011
1199,301,UHF42,39,98.2,,,98.2,2380,asthma_ed_adults,estimated_count,2012
1199,301,UHF42,40,93.5,,,93.5,2380,asthma_ed_adults,estimated_count,2013
1199,301,UHF42,41,100.8,,,100.8,2380,asthma_ed_adults,estimated_count,2014
1199,301,UHF42,45,90.4,,,90.4,2380,asthma_ed_adults,estimated_count,2016
1199,301,UHF42,46,73.1,,,73.1,2380,asthma_ed_adults,estimated_count,2017
1199,301,UHF42,47,75.3,,,75.3,2380,asthma_ed_adults,estimated_count,2018
1199,301,UHF42,48,55.6,,,55.6,2380,asthma_ed_adults,estimated_count,2019
1199,301,UHF42,49,31.4,,"The start of COVID-19 in Spring 2020 reduced the overall volume of ED visits, including those for asthma, which may have contributed to decreases in asthma ED visit and hospitalization counts and rates in 2020.",31.4,2380,asthma_ed_adults,estimated_count,2020
1199,301,UHF42,289,42.0,,,42.0,2380,asthma_ed_adults,estimated_count,2021
1199,301,UHF42,296,49.1,,,49.1,2380,asthma_ed_adults,estimated_count,2022
1199,301,UHF42,298,52.6,,,52.6,2380,asthma_ed_adults,estimated_count,2023
1199,302,UHF42,9,286.4,,,286.4,2380,asthma_ed_adults,estimated_count,2005
1199,302,UHF42,10,274.4,,,274.4,2380,asthma_ed_adults,estimated_count,2006
1199,302,UHF42,11,305.6,,,305.6,2380,asthma_ed_adults,estimated_count,2007
1199,302,UHF42,12,322.6,,,322.6,2380,asthma_ed_adults,estimated_count,2008
1199,302,UHF42,13,310.4,,,310.4,2380,asthma_ed_adults,estimated_count,2009
1199,302,UHF42,14,284.5,,,284.5,2380,asthma_ed_adults,estimated_count,2010
1199,302,UHF42,38,261.1,,,261.1,2380,asthma_ed_adults,estimated_count,2011
1199,302,UHF42,39,279.9,,,279.9,2380,asthma_ed_adults,estimated_count,2012
1199,302,UHF42,40,267.3,,,267.3,2380,asthma_ed_adults,estimated_count,2013
1199,302,UHF42,41,267.8,,,267.8,2380,asthma_ed_adults,estimated_count,2014
1199,302,UHF42,45,269.4,,,269.4,2380,asthma_ed_adults,estimated_count,2016
1199,302,UHF42,46,209.5,,,209.5,2380,asthma_ed_adults,estimated_count,2017
1199,302,UHF42,47,218.6,,,218.6,2380,asthma_ed_adults,estimated_count,2018
1199,302,UHF42,48,211.0,,,211.0,2380,asthma_ed_adults,estimated_count,2019
1199,302,UHF42,49,127.1,,"The start of COVID-19 in Spring 2020 reduced the overall volume of ED visits, including those for asthma, which may have contributed to decreases in asthma ED visit and hospitalization counts and rates in 2020.",127.1,2380,asthma_ed_adults,estimated_count,2020
1199,302,UHF42,289,136.2,,,136.2,2380,asthma_ed_adults,estimated_count,2021
1199,302,UHF42,296,143.9,,,143.9,2380,asthma_ed_adults,estimated_count,2022
1199,302,UHF42,298,157.9,,,157.9,2380,asthma_ed_adults,estimated_count,2023
1199,303,UHF42,9,276.5,,,276.5,2380,asthma_ed_adults,estimated_count,2005
1199,303,UHF42,10,342.7,,,342.7,2380,asthma_ed_adults,estimated_count,2006
1199,303,UHF42,11,335.6,,,335.6,2380,asthma_ed_adults,estimated_count,2007
1199,303,UHF42,12,370.4,,,370.4,2380,asthma_ed_adults,estimated_count,2008
1199,303,UHF42,13,376.3,,,376.3,2380,asthma_ed_adults,estimated_count,2009
1199,303,UHF42,14,299.0,,,299.0,2380,asthma_ed_adults,estimated_count,2010
1199,303,UHF42,38,317.7,,,317.7,2380,asthma_ed_adults,estimated_count,2011
1199,303,UHF42,39,327.1,,,327.1,2380,asthma_ed_adults,estimated_count,2012
1199,303,UHF42,40,319.8,,,319.8,2380,asthma_ed_adults,estimated_count,2013
1199,303,UHF42,41,339.7,,,339.7,2380,asthma_ed_adults,estimated_count,2014
1199,303,UHF42,45,317.4,,,317.4,2380,asthma_ed_adults,estimated_count,2016
1199,303,UHF42,46,263.5,,,263.5,2380,asthma_ed_adults,estimated_count,2017
1199,303,UHF42,47,262.4,,,262.4,2380,asthma_ed_adults,estimated_count,2018
1199,303,UHF42,48,234.4,,,234.4,2380,asthma_ed_adults,estimated_count,2019
1199,303,UHF42,49,148.7,,"The start of COVID-19 in Spring 2020 reduced the overall volume of ED visits, including those for asthma, which may have contributed to decreases in asthma ED visit and hospitalization counts and rates in 2020.",148.7,2380,asthma_ed_adults,estimated_count,2020
1199,303,UHF42,289,152.6,,,152.6,2380,asthma_ed_adults,estimated_count,2021
1199,303,UHF42,296,165.8,,,165.8,2380,asthma_ed_adults,estimated_count,2022
1199,303,UHF42,298,176.2,,,176.2,2380,asthma_ed_adults,estimated_count,2023
1199,304,UHF42,9,70.3,,,70.3,2380,asthma_ed_adults,estimated_count,2005
1199,304,UHF42,10,53.4,,,53.4,2380,asthma_ed_adults,estimated_count,2006
1199,304,UHF42,11,54.6,,,54.6,2380,asthma_ed_adults,estimated_count,2007
1199,304,UHF42,12,66.6,,,66.6,2380,asthma_ed_adults,estimated_count,2008
1199,304,UHF42,13,61.2,,,61.2,2380,asthma_ed_adults,estimated_count,2009
1199,304,UHF42,14,59.3,,,59.3,2380,asthma_ed_adults,estimated_count,2010
1199,304,UHF42,38,55.7,,,55.7,2380,asthma_ed_adults,estimated_count,2011
1199,304,UHF42,39,61.9,,,61.9,2380,asthma_ed_adults,estimated_count,2012
1199,304,UHF42,40,57.6,,,57.6,2380,asthma_ed_adults,estimated_count,2013
1199,304,UHF42,41,61.6,,,61.6,2380,asthma_ed_adults,estimated_count,2014
1199,304,UHF42,45,64.2,,,64.2,2380,asthma_ed_adults,estimated_count,2016
1199,304,UHF42,46,58.6,,,58.6,2380,asthma_ed_adults,estimated_count,2017
1199,304,UHF42,47,56.0,,,56.0,2380,asthma_ed_adults,estimated_count,2018
1199,304,UHF42,48,41.3,,,41.3,2380,asthma_ed_adults,estimated_count,2019
1199,304,UHF42,49,21.2,,"The start of COVID-19 in Spring 2020 reduced the overall volume of ED visits, including those for asthma, which may have contributed to decreases in asthma ED visit and hospitalization counts and rates in 2020.",21.2,2380,asthma_ed_adults,estimated_count,2020
1199,304,UHF42,289,21.5,,,21.5,2380,asthma_ed_adults,estimated_count,2021
1199,304,UHF42,296,24.3,,,24.3,2380,asthma_ed_adults,estimated_count,2022
1199,304,UHF42,298,27.0,,,27.0,2380,asthma_ed_adults,estimated_count,2023
1199,305,UHF42,9,22.1,,,22.1,2380,asthma_ed_adults,estimated_count,2005
1199,305,UHF42,10,24.5,,,24.5,2380,asthma_ed_adults,estimated_count,2006
1199,305,UHF42,11,22.0,,,22.0,2380,asthma_ed_adults,estimated_count,2007
1199,305,UHF42,12,25.5,,,25.5,2380,asthma_ed_adults,estimated_count,2008
1199,305,UHF42,13,22.4,,,22.4,2380,asthma_ed_adults,estimated_count,2009
1199,305,UHF42,14,21.9,,,21.9,2380,asthma_ed_adults,estimated_count,2010
1199,305,UHF42,38,26.7,,,26.7,2380,asthma_ed_adults,estimated_count,2011
1199,305,UHF42,39,21.5,,,21.5,2380,asthma_ed_adults,estimated_count,2012
1199,305,UHF42,40,21.9,,,21.9,2380,asthma_ed_adults,estimated_count,2013
1199,305,UHF42,41,25.9,,,25.9,2380,asthma_ed_adults,estimated_count,2014
1199,305,UHF42,45,20.3,,,20.3,2380,asthma_ed_adults,estimated_count,2016
1199,305,UHF42,46,16.6,,,16.6,2380,asthma_ed_adults,estimated_count,2017
1199,305,UHF42,47,18.0,,,18.0,2380,asthma_ed_adults,estimated_count,2018
1199,305,UHF42,48,19.4,,,19.4,2380,asthma_ed_adults,estimated_count,2019
1199,305,UHF42,49,11.7,,"The start of COVID-19 in Spring 2020 reduced the overall volume of ED visits, including those for asthma, which may have contributed to decreases in asthma ED visit and hospitalization counts and rates in 2020.",11.7,2380,asthma_ed_adults,estimated_count,2020
1199,305,UHF42,289,13.8,,,13.8,2380,asthma_ed_adults,estimated_count,2021
1199,305,UHF42,296,15.5,,,15.5,2380,asthma_ed_adults,estimated_count,2022
1199,305,UHF42,298,14.5,,,14.5,2380,asthma_ed_adults,estimated_count,2023
1199,306,UHF42,9,60.6,,,60.6,2380,asthma_ed_adults,estimated_count,2005
1199,306,UHF42,10,63.8,,,63.8,2380,asthma_ed_adults,estimated_count,2006
1199,306,UHF42,11,49.4,,,49.4,2380,asthma_ed_adults,estimated_count,2007
1199,306,UHF42,12,57.6,,,57.6,2380,asthma_ed_adults,estimated_count,2008
1199,306,UHF42,13,59.8,,,59.8,2380,asthma_ed_adults,estimated_count,2009
1199,306,UHF42,14,53.7,,,53.7,2380,asthma_ed_adults,estimated_count,2010
1199,306,UHF42,38,58.8,,,58.8,2380,asthma_ed_adults,estimated_count,2011
1199,306,UHF42,39,61.8,,,61.8,2380,asthma_ed_adults,estimated_count,2012
1199,306,UHF42,40,59.1,,,59.1,2380,asthma_ed_adults,estimated_count,2013
1199,306,UHF42,41,62.5,,,62.5,2380,asthma_ed_adults,estimated_count,2014
1199,306,UHF42,45,51.0,,,51.0,2380,asthma_ed_adults,estimated_count,2016
1199,306,UHF42,46,46.0,,,46.0,2380,asthma_ed_adults,estimated_count,2017
1199,306,UHF42,47,52.2,,,52.2,2380,asthma_ed_adults,estimated_count,2018
1199,306,UHF42,48,43.2,,,43.2,2380,asthma_ed_adults,estimated_count,2019
1199,306,UHF42,49,32.7,,"The start of COVID-19 in Spring 2020 reduced the overall volume of ED visits, including those for asthma, which may have contributed to decreases in asthma ED visit and hospitalization counts and rates in 2020.",32.7,2380,asthma_ed_adults,estimated_count,2020
1199,306,UHF42,289,36.5,,,36.5,2380,asthma_ed_adults,estimated_count,2021
1199,306,UHF42,296,33.6,,,33.6,2380,asthma_ed_adults,estimated_count,2022
1199,306,UHF42,298,33.0,,,33.0,2380,asthma_ed_adults,estimated_count,2023
1199,307,UHF42,9,37.7,,,37.7,2380,asthma_ed_adults,estimated_count,2005
1199,307,UHF42,10,46.0,,,46.0,2380,asthma_ed_adults,estimated_count,2006
1199,307,UHF42,11,44.4,,,44.4,2380,asthma_ed_adults,estimated_count,2007
1199,307,UHF42,12,45.4,,,45.4,2380,asthma_ed_adults,estimated_count,2008
1199,307,UHF42,13,45.5,,,45.5,2380,asthma_ed_adults,estimated_count,2009
1199,307,UHF42,14,49.4,,,49.4,2380,asthma_ed_adults,estimated_count,2010
1199,307,UHF42,38,54.7,,,54.7,2380,asthma_ed_adults,estimated_count,2011
1199,307,UHF42,39,52.1,,,52.1,2380,asthma_ed_adults,estimated_count,2012
1199,307,UHF42,40,53.6,,,53.6,2380,asthma_ed_adults,estimated_count,2013
1199,307,UHF42,41,56.5,,,56.5,2380,asthma_ed_adults,estimated_count,2014
1199,307,UHF42,45,43.0,,,43.0,2380,asthma_ed_adults,estimated_count,2016
1199,307,UHF42,46,31.1,,,31.1,2380,asthma_ed_adults,estimated_count,2017
1199,307,UHF42,47,39.3,,,39.3,2380,asthma_ed_adults,estimated_count,2018
1199,307,UHF42,48,24.7,,,24.7,2380,asthma_ed_adults,estimated_count,2019
1199,307,UHF42,49,13.2,,"The start of COVID-19 in Spring 2020 reduced the overall volume of ED visits, including those for asthma, which may have contributed to decreases in asthma ED visit and hospitalization counts and rates in 2020.",13.2,2380,asthma_ed_adults,estimated_count,2020
1199,307,UHF42,289,18.3,,,18.3,2380,asthma_ed_adults,estimated_count,2021
1199,307,UHF42,296,16.3,,,16.3,2380,asthma_ed_adults,estimated_count,2022
1199,307,UHF42,298,19.5,,,19.5,2380,asthma_ed_adults,estimated_count,2023
1199,308,UHF42,9,17.6,,,17.6,2380,asthma_ed_adults,estimated_count,2005
1199,308,UHF42,10,19.4,,,19.4,2380,asthma_ed_adults,estimated_count,2006
1199,308,UHF42,11,20.1,,,20.1,2380,asthma_ed_adults,estimated_count,2007
1199,308,UHF42,12,23.5,,,23.5,2380,asthma_ed_adults,estimated_count,2008
1199,308,UHF42,13,21.1,,,21.1,2380,asthma_ed_adults,estimated_count,2009
1199,308,UHF42,14,16.7,,,16.7,2380,asthma_ed_adults,estimated_count,2010
1199,308,UHF42,38,22.2,,,22.2,2380,asthma_ed_adults,estimated_count,2011
1199,308,UHF42,39,19.8,,,19.8,2380,asthma_ed_adults,estimated_count,2012
1199,308,UHF42,40,12.6,,,12.6,2380,asthma_ed_adults,estimated_count,2013
1199,308,UHF42,41,15.5,,,15.5,2380,asthma_ed_adults,estimated_count,2014
1199,308,UHF42,45,17.9,,,17.9,2380,asthma_ed_adults,estimated_count,2016
1199,308,UHF42,46,10.6,,,10.6,2380,asthma_ed_adults,estimated_count,2017
1199,308,UHF42,47,14.3,,,14.3,2380,asthma_ed_adults,estimated_count,2018
1199,308,UHF42,48,12.9,,,12.9,2380,asthma_ed_adults,estimated_count,2019
1199,308,UHF42,49,10.8,,"The start of COVID-19 in Spring 2020 reduced the overall volume of ED visits, including those for asthma, which may have contributed to decreases in asthma ED visit and hospitalization counts and rates in 2020.",10.8,2380,asthma_ed_adults,estimated_count,2020
1199,308,UHF42,289,8.0,,,8.0,2380,asthma_ed_adults,estimated_count,2021
1199,308,UHF42,296,8.9,,,8.9,2380,asthma_ed_adults,estimated_count,2022
1199,308,UHF42,298,7.7,,,7.7,2380,asthma_ed_adults,estimated_count,2023
1199,309,UHF42,9,70.2,,,70.2,2380,asthma_ed_adults,estimated_count,2005
1199,309,UHF42,10,78.7,,,78.7,2380,asthma_ed_adults,estimated_count,2006
1199,309,UHF42,11,79.9,,,79.9,2380,asthma_ed_adults,estimated_count,2007
1199,309,UHF42,12,82.9,,,82.9,2380,asthma_ed_adults,estimated_count,2008
1199,309,UHF42,13,91.7,,,91.7,2380,asthma_ed_adults,estimated_count,2009
1199,309,UHF42,14,80.0,,,80.0,2380,asthma_ed_adults,estimated_count,2010
1199,309,UHF42,38,104.3,,,104.3,2380,asthma_ed_adults,estimated_count,2011
1199,309,UHF42,39,111.0,,,111.0,2380,asthma_ed_adults,estimated_count,2012
1199,309,UHF42,40,87.7,,,87.7,2380,asthma_ed_adults,estimated_count,2013
1199,309,UHF42,41,90.3,,,90.3,2380,asthma_ed_adults,estimated_count,2014
1199,309,UHF42,45,81.1,,,81.1,2380,asthma_ed_adults,estimated_count,2016
1199,309,UHF42,46,70.6,,,70.6,2380,asthma_ed_adults,estimated_count,2017
1199,309,UHF42,47,78.8,,,78.8,2380,asthma_ed_adults,estimated_count,2018
1199,309,UHF42,48,67.3,,,67.3,2380,asthma_ed_adults,estimated_count,2019
1199,309,UHF42,49,38.0,,"The start of COVID-19 in Spring 2020 reduced the overall volume of ED visits, including those for asthma, which may have contributed to decreases in asthma ED visit and hospitalization counts and rates in 2020.",38.0,2380,asthma_ed_adults,estimated_count,2020
1199,309,UHF42,289,39.2,,,39.2,2380,asthma_ed_adults,estimated_count,2021
1199,309,UHF42,296,38.9,,,38.9,2380,asthma_ed_adults,estimated_count,2022
1199,309,UHF42,298,44.6,,,44.6,2380,asthma_ed_adults,estimated_count,2023
1199,310,UHF42,9,47.3,,,47.3,2380,asthma_ed_adults,estimated_count,2005
1199,310,UHF42,10,49.7,,,49.7,2380,asthma_ed_adults,estimated_count,2006
1199,310,UHF42,11,46.8,,,46.8,2380,asthma_ed_adults,estimated_count,2007
1199,310,UHF42,12,49.9,,,49.9,2380,asthma_ed_adults,estimated_count,2008
1199,310,UHF42,13,54.5,,,54.5,2380,asthma_ed_adults,estimated_count,2009
1199,310,UHF42,14,67.6,,,67.6,2380,asthma_ed_adults,estimated_count,2010
1199,310,UHF42,38,55.1,,,55.1,2380,asthma_ed_adults,estimated_count,2011
1199,310,UHF42,39,61.7,,,61.7,2380,asthma_ed_adults,estimated_count,2012
1199,310,UHF42,40,51.9,,,51.9,2380,asthma_ed_adults,estimated_count,2013
1199,310,UHF42,41,62.6,,,62.6,2380,asthma_ed_adults,estimated_count,2014
1199,310,UHF42,45,60.6,,,60.6,2380,asthma_ed_adults,estimated_count,2016
1199,310,UHF42,46,43.1,,,43.1,2380,asthma_ed_adults,estimated_count,2017
1199,310,UHF42,47,56.7,,,56.7,2380,asthma_ed_adults,estimated_count,2018
1199,310,UHF42,48,47.7,,,47.7,2380,asthma_ed_adults,estimated_count,2019
1199,310,UHF42,49,24.5,,"The start of COVID-19 in Spring 2020 reduced the overall volume of ED visits, including those for asthma, which may have contributed to decreases in asthma ED visit and hospitalization counts and rates in 2020.",24.5,2380,asthma_ed_adults,estimated_count,2020
1199,310,UHF42,289,33.1,,,33.1,2380,asthma_ed_adults,estimated_count,2021
1199,310,UHF42,296,24.0,,,24.0,2380,asthma_ed_adults,estimated_count,2022
1199,310,UHF42,298,22.5,,,22.5,2380,asthma_ed_adults,estimated_count,2023
1199,401,UHF42,9,54.5,,,54.5,2380,asthma_ed_adults,estimated_count,2005
1199,401,UHF42,10,61.1,,,61.1,2380,asthma_ed_adults,estimated_count,2006
1199,401,UHF42,11,56.3,,,56.3,2380,asthma_ed_adults,estimated_count,2007
1199,401,UHF42,12,59.4,,,59.4,2380,asthma_ed_adults,estimated_count,2008
1199,401,UHF42,13,58.7,,,58.7,2380,asthma_ed_adults,estimated_count,2009
1199,401,UHF42,14,60.1,,,60.1,2380,asthma_ed_adults,estimated_count,2010
1199,401,UHF42,38,69.0,,,69.0,2380,asthma_ed_adults,estimated_count,2011
1199,401,UHF42,39,69.2,,,69.2,2380,asthma_ed_adults,estimated_count,2012
1199,401,UHF42,40,68.7,,,68.7,2380,asthma_ed_adults,estimated_count,2013
1199,401,UHF42,41,62.1,,,62.1,2380,asthma_ed_adults,estimated_count,2014
1199,401,UHF42,45,68.9,,,68.9,2380,asthma_ed_adults,estimated_count,2016
1199,401,UHF42,46,53.5,,,53.5,2380,asthma_ed_adults,estimated_count,2017
1199,401,UHF42,47,51.3,,,51.3,2380,asthma_ed_adults,estimated_count,2018
1199,401,UHF42,48,44.6,,,44.6,2380,asthma_ed_adults,estimated_count,2019
1199,401,UHF42,49,25.9,,"The start of COVID-19 in Spring 2020 reduced the overall volume of ED visits, including those for asthma, which may have contributed to decreases in asthma ED visit and hospitalization counts and rates in 2020.",25.9,2380,asthma_ed_adults,estimated_count,2020
1199,401,UHF42,289,29.9,,,29.9,2380,asthma_ed_adults,estimated_count,2021
1199,401,UHF42,296,32.6,,,32.6,2380,asthma_ed_adults,estimated_count,2022
1199,401,UHF42,298,39.1,,,39.1,2380,asthma_ed_adults,estimated_count,2023
1199,402,UHF42,9,41.6,,,41.6,2380,asthma_ed_adults,estimated_count,2005
1199,402,UHF42,10,45.2,,,45.2,2380,asthma_ed_adults,estimated_count,2006
1199,402,UHF42,11,36.4,,,36.4,2380,asthma_ed_adults,estimated_count,2007
1199,402,UHF42,12,39.6,,,39.6,2380,asthma_ed_adults,estimated_count,2008
1199,402,UHF42,13,40.5,,,40.5,2380,asthma_ed_adults,estimated_count,2009
1199,402,UHF42,14,36.4,,,36.4,2380,asthma_ed_adults,estimated_count,2010
1199,402,UHF42,38,40.3,,,40.3,2380,asthma_ed_adults,estimated_count,2011
1199,402,UHF42,39,43.0,,,43.0,2380,asthma_ed_adults,estimated_count,2012
1199,402,UHF42,40,42.0,,,42.0,2380,asthma_ed_adults,estimated_count,2013
1199,402,UHF42,41,41.8,,,41.8,2380,asthma_ed_adults,estimated_count,2014
1199,402,UHF42,45,41.2,,,41.2,2380,asthma_ed_adults,estimated_count,2016
1199,402,UHF42,46,36.2,,,36.2,2380,asthma_ed_adults,estimated_count,2017
1199,402,UHF42,47,37.8,,,37.8,2380,asthma_ed_adults,estimated_count,2018
1199,402,UHF42,48,33.6,,,33.6,2380,asthma_ed_adults,estimated_count,2019
1199,402,UHF42,49,18.7,,"The start of COVID-19 in Spring 2020 reduced the overall volume of ED visits, including those for asthma, which may have contributed to decreases in asthma ED visit and hospitalization counts and rates in 2020.",18.7,2380,asthma_ed_adults,estimated_count,2020
1199,402,UHF42,289,23.2,,,23.2,2380,asthma_ed_adults,estimated_count,2021
1199,402,UHF42,296,22.8,,,22.8,2380,asthma_ed_adults,estimated_count,2022
1199,402,UHF42,298,30.4,,,30.4,2380,asthma_ed_adults,estimated_count,2023
1199,403,UHF42,9,21.6,,,21.6,2380,asthma_ed_adults,estimated_count,2005
1199,403,UHF42,10,24.6,,,24.6,2380,asthma_ed_adults,estimated_count,2006
1199,403,UHF42,11,26.5,,,26.5,2380,asthma_ed_adults,estimated_count,2007
1199,403,UHF42,12,26.0,,,26.0,2380,asthma_ed_adults,estimated_count,2008
1199,403,UHF42,13,23.4,,,23.4,2380,asthma_ed_adults,estimated_count,2009
1199,403,UHF42,14,23.9,,,23.9,2380,asthma_ed_adults,estimated_count,2010
1199,403,UHF42,38,29.8,,,29.8,2380,asthma_ed_adults,estimated_count,2011
1199,403,UHF42,39,30.1,,,30.1,2380,asthma_ed_adults,estimated_count,2012
1199,403,UHF42,40,29.9,,,29.9,2380,asthma_ed_adults,estimated_count,2013
1199,403,UHF42,41,28.6,,,28.6,2380,asthma_ed_adults,estimated_count,2014
1199,403,UHF42,45,24.6,,,24.6,2380,asthma_ed_adults,estimated_count,2016
1199,403,UHF42,46,21.8,,,21.8,2380,asthma_ed_adults,estimated_count,2017
1199,403,UHF42,47,20.5,,,20.5,2380,asthma_ed_adults,estimated_count,2018
1199,403,UHF42,48,19.6,,,19.6,2380,asthma_ed_adults,estimated_count,2019
1199,403,UHF42,49,10.4,,"The start of COVID-19 in Spring 2020 reduced the overall volume of ED visits, including those for asthma, which may have contributed to decreases in asthma ED visit and hospitalization counts and rates in 2020.",10.4,2380,asthma_ed_adults,estimated_count,2020
1199,403,UHF42,289,11.7,,,11.7,2380,asthma_ed_adults,estimated_count,2021
1199,403,UHF42,296,12.7,,,12.7,2380,asthma_ed_adults,estimated_count,2022
1199,403,UHF42,298,19.2,,,19.2,2380,asthma_ed_adults,estimated_count,2023
1199,404,UHF42,9,16.3,,,16.3,2380,asthma_ed_adults,estimated_count,2005
1199,404,UHF42,10,17.4,,,17.4,2380,asthma_ed_adults,estimated_count,2006
1199,404,UHF42,11,18.7,,,18.7,2380,asthma_ed_adults,estimated_count,2007
1199,404,UHF42,12,17.1,,,17.1,2380,asthma_ed_adults,estimated_count,2008
1199,404,UHF42,13,23.2,,,23.2,2380,asthma_ed_adults,estimated_count,2009
1199,404,UHF42,14,18.3,,,18.3,2380,asthma_ed_adults,estimated_count,2010
1199,404,UHF42,38,17.4,,,17.4,2380,asthma_ed_adults,estimated_count,2011
1199,404,UHF42,39,22.6,,,22.6,2380,asthma_ed_adults,estimated_count,2012
1199,404,UHF42,40,19.3,,,19.3,2380,asthma_ed_adults,estimated_count,2013
1199,404,UHF42,41,19.3,,,19.3,2380,asthma_ed_adults,estimated_count,2014
1199,404,UHF42,45,16.7,,,16.7,2380,asthma_ed_adults,estimated_count,2016
1199,404,UHF42,46,13.3,,,13.3,2380,asthma_ed_adults,estimated_count,2017
1199,404,UHF42,47,14.0,,,14.0,2380,asthma_ed_adults,estimated_count,2018
1199,404,UHF42,48,11.7,,,11.7,2380,asthma_ed_adults,estimated_count,2019
1199,404,UHF42,49,4.3,,"The start of COVID-19 in Spring 2020 reduced the overall volume of ED visits, including those for asthma, which may have contributed to decreases in asthma ED visit and hospitalization counts and rates in 2020.",4.3,2380,asthma_ed_adults,estimated_count,2020
1199,404,UHF42,289,6.0,,,6.0,2380,asthma_ed_adults,estimated_count,2021
1199,404,UHF42,296,10.2,,,10.2,2380,asthma_ed_adults,estimated_count,2022
1199,404,UHF42,298,19.2,,,19.2,2380,asthma_ed_adults,estimated_count,2023
1199,405,UHF42,9,43.3,,,43.3,2380,asthma_ed_adults,estimated_count,2005
1199,405,UHF42,10,33.7,,,33.7,2380,asthma_ed_adults,estimated_count,2006
1199,405,UHF42,11,29.8,,,29.8,2380,asthma_ed_adults,estimated_count,2007
1199,405,UHF42,12,39.5,,,39.5,2380,asthma_ed_adults,estimated_count,2008
1199,405,UHF42,13,38.3,,,38.3,2380,asthma_ed_adults,estimated_count,2009
1199,405,UHF42,14,39.9,,,39.9,2380,asthma_ed_adults,estimated_count,2010
1199,405,UHF42,38,39.9,,,39.9,2380,asthma_ed_adults,estimated_count,2011
1199,405,UHF42,39,41.5,,,41.5,2380,asthma_ed_adults,estimated_count,2012
1199,405,UHF42,40,40.3,,,40.3,2380,asthma_ed_adults,estimated_count,2013
1199,405,UHF42,41,43.8,,,43.8,2380,asthma_ed_adults,estimated_count,2014
1199,405,UHF42,45,40.5,,,40.5,2380,asthma_ed_adults,estimated_count,2016
1199,405,UHF42,46,30.6,,,30.6,2380,asthma_ed_adults,estimated_count,2017
1199,405,UHF42,47,32.9,,,32.9,2380,asthma_ed_adults,estimated_count,2018
1199,405,UHF42,48,28.9,,,28.9,2380,asthma_ed_adults,estimated_count,2019
1199,405,UHF42,49,18.3,,"The start of COVID-19 in Spring 2020 reduced the overall volume of ED visits, including those for asthma, which may have contributed to decreases in asthma ED visit and hospitalization counts and rates in 2020.",18.3,2380,asthma_ed_adults,estimated_count,2020
1199,405,UHF42,289,17.5,,,17.5,2380,asthma_ed_adults,estimated_count,2021
1199,405,UHF42,296,19.5,,,19.5,2380,asthma_ed_adults,estimated_count,2022
1199,405,UHF42,298,25.9,,,25.9,2380,asthma_ed_adults,estimated_count,2023
1199,406,UHF42,9,38.3,,,38.3,2380,asthma_ed_adults,estimated_count,2005
1199,406,UHF42,10,42.4,,,42.4,2380,asthma_ed_adults,estimated_count,2006
1199,406,UHF42,11,43.4,,,43.4,2380,asthma_ed_adults,estimated_count,2007
1199,406,UHF42,12,47.7,,,47.7,2380,asthma_ed_adults,estimated_count,2008
1199,406,UHF42,13,49.2,,,49.2,2380,asthma_ed_adults,estimated_count,2009
1199,406,UHF42,14,43.7,,,43.7,2380,asthma_ed_adults,estimated_count,2010
1199,406,UHF42,38,47.4,,,47.4,2380,asthma_ed_adults,estimated_count,2011
1199,406,UHF42,39,54.9,,,54.9,2380,asthma_ed_adults,estimated_count,2012
1199,406,UHF42,40,51.7,,,51.7,2380,asthma_ed_adults,estimated_count,2013
1199,406,UHF42,41,42.9,,,42.9,2380,asthma_ed_adults,estimated_count,2014
1199,406,UHF42,45,40.6,,,40.6,2380,asthma_ed_adults,estimated_count,2016
1199,406,UHF42,46,33.7,,,33.7,2380,asthma_ed_adults,estimated_count,2017
1199,406,UHF42,47,33.8,,,33.8,2380,asthma_ed_adults,estimated_count,2018
1199,406,UHF42,48,29.1,,,29.1,2380,asthma_ed_adults,estimated_count,2019
1199,406,UHF42,49,17.7,,"The start of COVID-19 in Spring 2020 reduced the overall volume of ED visits, including those for asthma, which may have contributed to decreases in asthma ED visit and hospitalization counts and rates in 2020.",17.7,2380,asthma_ed_adults,estimated_count,2020
1199,406,UHF42,289,16.8,,,16.8,2380,asthma_ed_adults,estimated_count,2021
1199,406,UHF42,296,18.8,,,18.8,2380,asthma_ed_adults,estimated_count,2022
1199,406,UHF42,298,23.9,,,23.9,2380,asthma_ed_adults,estimated_count,2023
1199,407,UHF42,9,56.5,,,56.5,2380,asthma_ed_adults,estimated_count,2005
1199,407,UHF42,10,59.1,,,59.1,2380,asthma_ed_adults,estimated_count,2006
1199,407,UHF42,11,55.5,,,55.5,2380,asthma_ed_adults,estimated_count,2007
1199,407,UHF42,12,61.9,,,61.9,2380,asthma_ed_adults,estimated_count,2008
1199,407,UHF42,13,70.1,,,70.1,2380,asthma_ed_adults,estimated_count,2009
1199,407,UHF42,14,69.6,,,69.6,2380,asthma_ed_adults,estimated_count,2010
1199,407,UHF42,38,68.0,,,68.0,2380,asthma_ed_adults,estimated_count,2011
1199,407,UHF42,39,73.0,,,73.0,2380,asthma_ed_adults,estimated_count,2012
1199,407,UHF42,40,63.5,,,63.5,2380,asthma_ed_adults,estimated_count,2013
1199,407,UHF42,41,67.5,,,67.5,2380,asthma_ed_adults,estimated_count,2014
1199,407,UHF42,45,50.4,,,50.4,2380,asthma_ed_adults,estimated_count,2016
1199,407,UHF42,46,49.5,,,49.5,2380,asthma_ed_adults,estimated_count,2017
1199,407,UHF42,47,45.4,,,45.4,2380,asthma_ed_adults,estimated_count,2018
1199,407,UHF42,48,45.3,,,45.3,2380,asthma_ed_adults,estimated_count,2019
1199,407,UHF42,49,26.2,,"The start of COVID-19 in Spring 2020 reduced the overall volume of ED visits, including those for asthma, which may have contributed to decreases in asthma ED visit and hospitalization counts and rates in 2020.",26.2,2380,asthma_ed_adults,estimated_count,2020
1199,407,UHF42,289,31.6,,,31.6,2380,asthma_ed_adults,estimated_count,2021
1199,407,UHF42,296,33.7,,,33.7,2380,asthma_ed_adults,estimated_count,2022
1199,407,UHF42,298,40.3,,,40.3,2380,asthma_ed_adults,estimated_count,2023
1199,408,UHF42,9,90.8,,,90.8,2380,asthma_ed_adults,estimated_count,2005
1199,408,UHF42,10,101.5,,,101.5,2380,asthma_ed_adults,estimated_count,2006
1199,408,UHF42,11,74.6,,,74.6,2380,asthma_ed_adults,estimated_count,2007
1199,408,UHF42,12,82.7,,,82.7,2380,asthma_ed_adults,estimated_count,2008
1199,408,UHF42,13,102.0,,,102.0,2380,asthma_ed_adults,estimated_count,2009
1199,408,UHF42,14,106.5,,,106.5,2380,asthma_ed_adults,estimated_count,2010
1199,408,UHF42,38,99.4,,,99.4,2380,asthma_ed_adults,estimated_count,2011
1199,408,UHF42,39,105.3,,,105.3,2380,asthma_ed_adults,estimated_count,2012
1199,408,UHF42,40,103.1,,,103.1,2380,asthma_ed_adults,estimated_count,2013
1199,408,UHF42,41,100.8,,,100.8,2380,asthma_ed_adults,estimated_count,2014
1199,408,UHF42,45,88.0,,,88.0,2380,asthma_ed_adults,estimated_count,2016
1199,408,UHF42,46,73.7,,,73.7,2380,asthma_ed_adults,estimated_count,2017
1199,408,UHF42,47,62.3,,,62.3,2380,asthma_ed_adults,estimated_count,2018
1199,408,UHF42,48,72.8,,,72.8,2380,asthma_ed_adults,estimated_count,2019
1199,408,UHF42,49,46.3,,"The start of COVID-19 in Spring 2020 reduced the overall volume of ED visits, including those for asthma, which may have contributed to decreases in asthma ED visit and hospitalization counts and rates in 2020.",46.3,2380,asthma_ed_adults,estimated_count,2020
1199,408,UHF42,289,48.3,,,48.3,2380,asthma_ed_adults,estimated_count,2021
1199,408,UHF42,296,51.6,,,51.6,2380,asthma_ed_adults,estimated_count,2022
1199,408,UHF42,298,55.8,,,55.8,2380,asthma_ed_adults,estimated_count,2023
1199,409,UHF42,9,52.6,,,52.6,2380,asthma_ed_adults,estimated_count,2005
1199,409,UHF42,10,60.3,,,60.3,2380,asthma_ed_adults,estimated_count,2006
1199,409,UHF42,11,55.8,,,55.8,2380,asthma_ed_adults,estimated_count,2007
1199,409,UHF42,12,63.7,,,63.7,2380,asthma_ed_adults,estimated_count,2008
1199,409,UHF42,13,70.5,,,70.5,2380,asthma_ed_adults,estimated_count,2009
1199,409,UHF42,14,73.5,,,73.5,2380,asthma_ed_adults,estimated_count,2010
1199,409,UHF42,38,69.0,,,69.0,2380,asthma_ed_adults,estimated_count,2011
1199,409,UHF42,39,67.2,,,67.2,2380,asthma_ed_adults,estimated_count,2012
1199,409,UHF42,40,60.6,,,60.6,2380,asthma_ed_adults,estimated_count,2013
1199,409,UHF42,41,61.6,,,61.6,2380,asthma_ed_adults,estimated_count,2014
1199,409,UHF42,45,57.7,,,57.7,2380,asthma_ed_adults,estimated_count,2016
1199,409,UHF42,46,49.6,,,49.6,2380,asthma_ed_adults,estimated_count,2017
1199,409,UHF42,47,43.9,,,43.9,2380,asthma_ed_adults,estimated_count,2018
1199,409,UHF42,48,47.6,,,47.6,2380,asthma_ed_adults,estimated_count,2019
1199,409,UHF42,49,26.8,,"The start of COVID-19 in Spring 2020 reduced the overall volume of ED visits, including those for asthma, which may have contributed to decreases in asthma ED visit and hospitalization counts and rates in 2020.",26.8,2380,asthma_ed_adults,estimated_count,2020
1199,409,UHF42,289,32.8,,,32.8,2380,asthma_ed_adults,estimated_count,2021
1199,409,UHF42,296,32.2,,,32.2,2380,asthma_ed_adults,estimated_count,2022
1199,409,UHF42,298,39.0,,,39.0,2380,asthma_ed_adults,estimated_count,2023
1199,410,UHF42,9,96.9,,,96.9,2380,asthma_ed_adults,estimated_count,2005
1199,410,UHF42,10,92.8,,,92.8,2380,asthma_ed_adults,estimated_count,2006
1199,410,UHF42,11,91.6,,,91.6,2380,asthma_ed_adults,estimated_count,2007
1199,410,UHF42,12,117.3,,,117.3,2380,asthma_ed_adults,estimated_count,2008
1199,410,UHF42,13,110.4,,,110.4,2380,asthma_ed_adults,estimated_count,2009
1199,410,UHF42,14,117.1,,,117.1,2380,asthma_ed_adults,estimated_count,2010
1199,410,UHF42,38,124.4,,,124.4,2380,asthma_ed_adults,estimated_count,2011
1199,410,UHF42,39,132.1,,,132.1,2380,asthma_ed_adults,estimated_count,2012
1199,410,UHF42,40,106.0,,,106.0,2380,asthma_ed_adults,estimated_count,2013
1199,410,UHF42,41,126.0,,,126.0,2380,asthma_ed_adults,estimated_count,2014
1199,410,UHF42,45,119.9,,,119.9,2380,asthma_ed_adults,estimated_count,2016
1199,410,UHF42,46,99.1,,,99.1,2380,asthma_ed_adults,estimated_count,2017
1199,410,UHF42,47,110.4,,,110.4,2380,asthma_ed_adults,estimated_count,2018
1199,410,UHF42,48,103.9,,,103.9,2380,asthma_ed_adults,estimated_count,2019
1199,410,UHF42,49,64.3,,"The start of COVID-19 in Spring 2020 reduced the overall volume of ED visits, including those for asthma, which may have contributed to decreases in asthma ED visit and hospitalization counts and rates in 2020.",64.3,2380,asthma_ed_adults,estimated_count,2020
1199,410,UHF42,289,74.9,,,74.9,2380,asthma_ed_adults,estimated_count,2021
1199,410,UHF42,296,83.0,,,83.0,2380,asthma_ed_adults,estimated_count,2022
1199,410,UHF42,298,92.3,,,92.3,2380,asthma_ed_adults,estimated_count,2023
1199,501,UHF42,9,117.0,,,117.0,2380,asthma_ed_adults,estimated_count,2005
1199,501,UHF42,10,134.2,,,134.2,2380,asthma_ed_adults,estimated_count,2006
1199,501,UHF42,11,122.5,,,122.5,2380,asthma_ed_adults,estimated_count,2007
1199,501,UHF42,12,149.5,,,149.5,2380,asthma_ed_adults,estimated_count,2008
1199,501,UHF42,13,160.9,,,160.9,2380,asthma_ed_adults,estimated_count,2009
1199,501,UHF42,14,142.7,,,142.7,2380,asthma_ed_adults,estimated_count,2010
1199,501,UHF42,38,156.1,,,156.1,2380,asthma_ed_adults,estimated_count,2011
1199,501,UHF42,39,174.7,,,174.7,2380,asthma_ed_adults,estimated_count,2012
1199,501,UHF42,40,137.9,,,137.9,2380,asthma_ed_adults,estimated_count,2013
1199,501,UHF42,41,148.4,,,148.4,2380,asthma_ed_adults,estimated_count,2014
1199,501,UHF42,45,121.0,,,121.0,2380,asthma_ed_adults,estimated_count,2016
1199,501,UHF42,46,107.3,,,107.3,2380,asthma_ed_adults,estimated_count,2017
1199,501,UHF42,47,135.3,,,135.3,2380,asthma_ed_adults,estimated_count,2018
1199,501,UHF42,48,119.9,,,119.9,2380,asthma_ed_adults,estimated_count,2019
1199,501,UHF42,49,71.4,,"The start of COVID-19 in Spring 2020 reduced the overall volume of ED visits, including those for asthma, which may have contributed to decreases in asthma ED visit and hospitalization counts and rates in 2020.",71.4,2380,asthma_ed_adults,estimated_count,2020
1199,501,UHF42,289,75.0,,,75.0,2380,asthma_ed_adults,estimated_count,2021
1199,501,UHF42,296,79.5,,,79.5,2380,asthma_ed_adults,estimated_count,2022
1199,501,UHF42,298,84.5,,,84.5,2380,asthma_ed_adults,estimated_count,2023
1199,502,UHF42,9,81.3,,,81.3,2380,asthma_ed_adults,estimated_count,2005
1199,502,UHF42,10,86.8,,,86.8,2380,asthma_ed_adults,estimated_count,2006
1199,502,UHF42,11,83.2,,,83.2,2380,asthma_ed_adults,estimated_count,2007
1199,502,UHF42,12,104.7,,,104.7,2380,asthma_ed_adults,estimated_count,2008
1199,502,UHF42,13,116.1,,,116.1,2380,asthma_ed_adults,estimated_count,2009
1199,502,UHF42,14,113.1,,,113.1,2380,asthma_ed_adults,estimated_count,2010
1199,502,UHF42,38,115.2,,,115.2,2380,asthma_ed_adults,estimated_count,2011
1199,502,UHF42,39,126.0,,,126.0,2380,asthma_ed_adults,estimated_count,2012
1199,502,UHF42,40,110.9,,,110.9,2380,asthma_ed_adults,estimated_count,2013
1199,502,UHF42,41,111.4,,,111.4,2380,asthma_ed_adults,estimated_count,2014
1199,502,UHF42,45,90.5,,,90.5,2380,asthma_ed_adults,estimated_count,2016
1199,502,UHF42,46,85.7,,,85.7,2380,asthma_ed_adults,estimated_count,2017
1199,502,UHF42,47,95.5,,,95.5,2380,asthma_ed_adults,estimated_count,2018
1199,502,UHF42,48,86.3,,,86.3,2380,asthma_ed_adults,estimated_count,2019
1199,502,UHF42,49,53.2,,"The start of COVID-19 in Spring 2020 reduced the overall volume of ED visits, including those for asthma, which may have contributed to decreases in asthma ED visit and hospitalization counts and rates in 2020.",53.2,2380,asthma_ed_adults,estimated_count,2020
1199,502,UHF42,289,48.4,,,48.4,2380,asthma_ed_adults,estimated_count,2021
1199,502,UHF42,296,61.0,,,61.0,2380,asthma_ed_adults,estimated_count,2022
1199,502,UHF42,298,66.9,,,66.9,2380,asthma_ed_adults,estimated_count,2023
1199,503,UHF42,9,36.4,,,36.4,2380,asthma_ed_adults,estimated_count,2005
1199,503,UHF42,10,33.9,,,33.9,2380,asthma_ed_adults,estimated_count,2006
1199,503,UHF42,11,36.5,,,36.5,2380,asthma_ed_adults,estimated_count,2007
1199,503,UHF42,12,38.9,,,38.9,2380,asthma_ed_adults,estimated_count,2008
1199,503,UHF42,13,47.9,,,47.9,2380,asthma_ed_adults,estimated_count,2009
1199,503,UHF42,14,49.2,,,49.2,2380,asthma_ed_adults,estimated_count,2010
1199,503,UHF42,38,41.5,,,41.5,2380,asthma_ed_adults,estimated_count,2011
1199,503,UHF42,39,41.5,,,41.5,2380,asthma_ed_adults,estimated_count,2012
1199,503,UHF42,40,44.2,,,44.2,2380,asthma_ed_adults,estimated_count,2013
1199,503,UHF42,41,44.3,,,44.3,2380,asthma_ed_adults,estimated_count,2014
1199,503,UHF42,45,32.1,,,32.1,2380,asthma_ed_adults,estimated_count,2016
1199,503,UHF42,46,33.2,,,33.2,2380,asthma_ed_adults,estimated_count,2017
1199,503,UHF42,47,42.1,,,42.1,2380,asthma_ed_adults,estimated_count,2018
1199,503,UHF42,48,33.0,,,33.0,2380,asthma_ed_adults,estimated_count,2019
1199,503,UHF42,49,23.1,,"The start of COVID-19 in Spring 2020 reduced the overall volume of ED visits, including those for asthma, which may have contributed to decreases in asthma ED visit and hospitalization counts and rates in 2020.",23.1,2380,asthma_ed_adults,estimated_count,2020
1199,503,UHF42,289,21.3,,,21.3,2380,asthma_ed_adults,estimated_count,2021
1199,503,UHF42,296,21.0,,,21.0,2380,asthma_ed_adults,estimated_count,2022
1199,503,UHF42,298,26.1,,,26.1,2380,asthma_ed_adults,estimated_count,2023
1199,504,UHF42,9,31.9,,,31.9,2380,asthma_ed_adults,estimated_count,2005
1199,504,UHF42,10,34.6,,,34.6,2380,asthma_ed_adults,estimated_count,2006
1199,504,UHF42,11,35.2,,,35.2,2380,asthma_ed_adults,estimated_count,2007
1199,504,UHF42,12,35.2,,,35.2,2380,asthma_ed_adults,estimated_count,2008
1199,504,UHF42,13,36.3,,,36.3,2380,asthma_ed_adults,estimated_count,2009
1199,504,UHF42,14,38.6,,,38.6,2380,asthma_ed_adults,estimated_count,2010
1199,504,UHF42,38,39.6,,,39.6,2380,asthma_ed_adults,estimated_count,2011
1199,504,UHF42,39,45.9,,,45.9,2380,asthma_ed_adults,estimated_count,2012
1199,504,UHF42,40,35.8,,,35.8,2380,asthma_ed_adults,estimated_count,2013
1199,504,UHF42,41,34.5,,,34.5,2380,asthma_ed_adults,estimated_count,2014
1199,504,UHF42,45,29.0,,,29.0,2380,asthma_ed_adults,estimated_count,2016
1199,504,UHF42,46,24.0,,,24.0,2380,asthma_ed_adults,estimated_count,2017
1199,504,UHF42,47,26.6,,,26.6,2380,asthma_ed_adults,estimated_count,2018
1199,504,UHF42,48,19.7,,,19.7,2380,asthma_ed_adults,estimated_count,2019
1199,504,UHF42,49,14.0,,"The start of COVID-19 in Spring 2020 reduced the overall volume of ED visits, including those for asthma, which may have contributed to decreases in asthma ED visit and hospitalization counts and rates in 2020.",14.0,2380,asthma_ed_adults,estimated_count,2020
1199,504,UHF42,289,13.8,,,13.8,2380,asthma_ed_adults,estimated_count,2021
1199,504,UHF42,296,15.5,,,15.5,2380,asthma_ed_adults,estimated_count,2022
1199,504,UHF42,298,20.1,,,20.1,2380,asthma_ed_adults,estimated_count,2023
1224,101,UHF42,46,88.0,,,88.0,2388,asthma_ed_all_ages,rate_per_10k,2017
1224,102,UHF42,46,54.0,,,54.0,2388,asthma_ed_all_ages,rate_per_10k,2017
1224,103,UHF42,46,98.0,,,98.0,2388,asthma_ed_all_ages,rate_per_10k,2017
1224,104,UHF42,46,78.0,,,78.0,2388,asthma_ed_all_ages,rate_per_10k,2017
1224,105,UHF42,46,99.0,,,99.0,2388,asthma_ed_all_ages,rate_per_10k,2017
1224,106,UHF42,46,98.0,,,98.0,2388,asthma_ed_all_ages,rate_per_10k,2017
1224,107,UHF42,46,96.0,,,96.0,2388,asthma_ed_all_ages,rate_per_10k,2017
1224,201,UHF42,46,94.0,,,94.0,2388,asthma_ed_all_ages,rate_per_10k,2017
1224,202,UHF42,46,94.0,,,94.0,2388,asthma_ed_all_ages,rate_per_10k,2017
1224,203,UHF42,46,94.0,,,94.0,2388,asthma_ed_all_ages,rate_per_10k,2017
1224,204,UHF42,46,84.0,,,84.0,2388,asthma_ed_all_ages,rate_per_10k,2017
1224,205,UHF42,46,87.0,,,87.0,2388,asthma_ed_all_ages,rate_per_10k,2017
1224,206,UHF42,46,73.0,,,73.0,2388,asthma_ed_all_ages,rate_per_10k,2017
1224,207,UHF42,46,62.0,,,62.0,2388,asthma_ed_all_ages,rate_per_10k,2017
1224,208,UHF42,46,76.0,,,76.0,2388,asthma_ed_all_ages,rate_per_10k,2017
1224,209,UHF42,46,80.0,,,80.0,2388,asthma_ed_all_ages,rate_per_10k,2017
1224,210,UHF42,46,78.0,,,78.0,2388,asthma_ed_all_ages,rate_per_10k,2017
1224,211,UHF42,46,93.0,,,93.0,2388,asthma_ed_all_ages,rate_per_10k,2017
1224,301,UHF42,46,100.0,,,100.0,2388,asthma_ed_all_ages,rate_per_10k,2017
1224,302,UHF42,46,99.0,,,99.0,2388,asthma_ed_all_ages,rate_per_10k,2017
1224,303,UHF42,46,99.0,,,99.0,2388,asthma_ed_all_ages,rate_per_10k,2017
1224,304,UHF42,46,99.0,,,99.0,2388,asthma_ed_all_ages,rate_per_10k,2017
1224,305,UHF42,46,95.0,,,95.0,2388,asthma_ed_all_ages,rate_per_10k,2017
1224,306,UHF42,46,94.0,,,94.0,2388,asthma_ed_all_ages,rate_per_10k,2017
1224,307,UHF42,46,91.0,,,91.0,2388,asthma_ed_all_ages,rate_per_10k,2017
1224,308,UHF42,46,99.0,,,99.0,2388,asthma_ed_all_ages,rate_per_10k,2017
1224,309,UHF42,46,100.0,,,100.0,2388,asthma_ed_all_ages,rate_per_10k,2017
1224,310,UHF42,46,99.0,,,99.0,2388,asthma_ed_all_ages,rate_per_10k,2017
1224,401,UHF42,46,66.0,,,66.0,2388,asthma_ed_all_ages,rate_per_10k,2017
1224,402,UHF42,46,72.0,,,72.0,2388,asthma_ed_all_ages,rate_per_10k,2017
1224,403,UHF42,46,77.0,,,77.0,2388,asthma_ed_all_ages,rate_per_10k,2017
1224,404,UHF42,46,74.0,,,74.0,2388,asthma_ed_all_ages,rate_per_10k,2017
1224,405,UHF42,46,71.0,,,71.0,2388,asthma_ed_all_ages,rate_per_10k,2017
1224,406,UHF42,46,62.0,,,62.0,2388,asthma_ed_all_ages,rate_per_10k,2017
1224,407,UHF42,46,65.0,,,65.0,2388,asthma_ed_all_ages,rate_per_10k,2017
1224,408,UHF42,46,74.0,,,74.0,2388,asthma_ed_all_ages,rate_per_10k,2017
1224,409,UHF42,46,40.0,,,40.0,2388,asthma_ed_all_ages,rate_per_10k,2017
1224,410,UHF42,46,84.0,,,84.0,2388,asthma_ed_all_ages,rate_per_10k,2017
1224,501,UHF42,46,55.0,,,55.0,2388,asthma_ed_all_ages,rate_per_10k,2017
1224,502,UHF42,46,73.0,,,73.0,2388,asthma_ed_all_ages,rate_per_10k,2017
1224,503,UHF42,46,56.0,,,56.0,2388,asthma_ed_all_ages,rate_per_10k,2017
1224,504,UHF42,46,60.0,,,60.0,2388,asthma_ed_all_ages,rate_per_10k,2017
