MeasureID,GeoID,GeoType,TimePeriodID,Value,CI,Note,DisplayValue,indicator_id,indicator_label,measure_label,year
30,101,UHF42,49,2000.0,,* Estimate is based on small numbers so should be interpreted with caution.,"2,000*",18,adults_recent_asthma_attack,estimated_number,2020
30,101,UHF42,289,4000.0,,* Estimate is based on small numbers so should be interpreted with caution.,"4,000*",18,adults_recent_asthma_attack,estimated_number,2021
30,101,UHF42,296,5000.0,,* Estimate is based on small numbers so should be interpreted with caution.,"5,000*",18,adults_recent_asthma_attack,estimated_number,2022
30,102,UHF42,49,,,** Estimate is suppressed due to insufficient data.,**,18,adults_recent_asthma_attack,estimated_number,2020
30,102,UHF42,289,10000.0,,* Estimate is based on small numbers so should be interpreted with caution.,"10,000*",18,adults_recent_asthma_attack,estimated_number,2021
30,102,UHF42,296,7000.0,,* Estimate is based on small numbers so should be interpreted with caution.,"7,000*",18,adults_recent_asthma_attack,estimated_number,2022
30,103,UHF42,49,8000.0,,* Estimate is based on small numbers so should be interpreted with caution.,"8,000*",18,adults_recent_asthma_attack,estimated_number,2020
30,103,UHF42,289,9000.0,,* Estimate is based on small numbers so should be interpreted with caution.,"9,000*",18,adults_recent_asthma_attack,estimated_number,2021
30,103,UHF42,296,13000.0,,,"13,000",18,adults_recent_asthma_attack,estimated_number,2022
30,104,UHF42,49,13000.0,,* Estimate is based on small numbers so should be interpreted with caution.,"13,000*",18,adults_recent_asthma_attack,estimated_number,2020
30,104,UHF42,289,18000.0,,,"18,000",18,adults_recent_asthma_attack,estimated_number,2021
30,104,UHF42,296,18000.0,,,"18,000",18,adults_recent_asthma_attack,estimated_number,2022
30,105,UHF42,49,20000.0,,,"20,000",18,adults_recent_asthma_attack,estimated_number,2020
30,105,UHF42,289,34000.0,,,"34,000",18,adults_recent_asthma_attack,estimated_number,2021
30,105,UHF42,296,26000.0,,,"26,000",18,adults_recent_asthma_attack,estimated_number,2022
30,106,UHF42,49,20000.0,,,"20,000",18,adults_recent_asthma_attack,estimated_number,2020
30,106,UHF42,289,34000.0,,,"34,000",18,adults_recent_asthma_attack,estimated_number,2021
30,106,UHF42,296,26000.0,,,"26,000",18,adults_recent_asthma_attack,estimated_number,2022
30,107,UHF42,49,20000.0,,,"20,000",18,adults_recent_asthma_attack,estimated_number,2020
30,107,UHF42,289,34000.0,,,"34,000",18,adults_recent_asthma_attack,estimated_number,2021
30,107,UHF42,296,26000.0,,,"26,000",18,adults_recent_asthma_attack,estimated_number,2022
30,201,UHF42,49,1000.0,,* Estimate is based on small numbers so should be interpreted with caution.,"1,000*",18,adults_recent_asthma_attack,estimated_number,2020
30,201,UHF42,289,,,** Estimate is suppressed due to insufficient data.,**,18,adults_recent_asthma_attack,estimated_number,2021
30,201,UHF42,296,1000.0,,* Estimate is based on small numbers so should be interpreted with caution.,"1,000*",18,adults_recent_asthma_attack,estimated_number,2022
30,202,UHF42,49,4000.0,,* Estimate is based on small numbers so should be interpreted with caution.,"4,000*",18,adults_recent_asthma_attack,estimated_number,2020
30,202,UHF42,289,10000.0,,* Estimate is based on small numbers so should be interpreted with caution.,"10,000*",18,adults_recent_asthma_attack,estimated_number,2021
30,202,UHF42,296,8000.0,,* Estimate is based on small numbers so should be interpreted with caution.,"8,000*",18,adults_recent_asthma_attack,estimated_number,2022
30,203,UHF42,49,15000.0,,,"15,000",18,adults_recent_asthma_attack,estimated_number,2020
30,203,UHF42,289,13000.0,,,"13,000",18,adults_recent_asthma_attack,estimated_number,2021
30,203,UHF42,296,11000.0,,,"11,000",18,adults_recent_asthma_attack,estimated_number,2022
30,204,UHF42,49,,,** Estimate is suppressed due to insufficient data.,**,18,adults_recent_asthma_attack,estimated_number,2020
30,204,UHF42,289,11000.0,,* Estimate is based on small numbers so should be interpreted with caution.,"11,000*",18,adults_recent_asthma_attack,estimated_number,2021
30,204,UHF42,296,11000.0,,* Estimate is based on small numbers so should be interpreted with caution.,"11,000*",18,adults_recent_asthma_attack,estimated_number,2022
30,205,UHF42,49,,,** Estimate is suppressed due to insufficient data.,**,18,adults_recent_asthma_attack,estimated_number,2020
30,205,UHF42,289,,,** Estimate is suppressed due to insufficient data.,**,18,adults_recent_asthma_attack,estimated_number,2021
30,205,UHF42,296,,,** Estimate is suppressed due to insufficient data.,**,18,adults_recent_asthma_attack,estimated_number,2022
30,206,UHF42,49,8000.0,,* Estimate is based on small numbers so should be interpreted with caution.,"8,000*",18,adults_recent_asthma_attack,estimated_number,2020
30,206,UHF42,289,9000.0,,* Estimate is based on small numbers so should be interpreted with caution.,"9,000*",18,adults_recent_asthma_attack,estimated_number,2021
30,206,UHF42,296,4000.0,,* Estimate is based on small numbers so should be interpreted with caution.,"4,000*",18,adults_recent_asthma_attack,estimated_number,2022
30,207,UHF42,49,5000.0,,* Estimate is based on small numbers so should be interpreted with caution.,"5,000*",18,adults_recent_asthma_attack,estimated_number,2020
30,207,UHF42,289,12000.0,,* Estimate is based on small numbers so should be interpreted with caution.,"12,000*",18,adults_recent_asthma_attack,estimated_number,2021
30,207,UHF42,296,13000.0,,* Estimate is based on small numbers so should be interpreted with caution.,"13,000*",18,adults_recent_asthma_attack,estimated_number,2022
30,208,UHF42,49,11000.0,,* Estimate is based on small numbers so should be interpreted with caution.,"11,000*",18,adults_recent_asthma_attack,estimated_number,2020
30,208,UHF42,289,2000.0,,* Estimate is based on small numbers so should be interpreted with caution.,"2,000*",18,adults_recent_asthma_attack,estimated_number,2021
30,208,UHF42,296,8000.0,,* Estimate is based on small numbers so should be interpreted with caution.,"8,000*",18,adults_recent_asthma_attack,estimated_number,2022
30,209,UHF42,49,3000.0,,* Estimate is based on small numbers so should be interpreted with caution.,"3,000*",18,adults_recent_asthma_attack,estimated_number,2020
30,209,UHF42,289,15000.0,,* Estimate is based on small numbers so should be interpreted with caution.,"15,000*",18,adults_recent_asthma_attack,estimated_number,2021
30,209,UHF42,296,6000.0,,* Estimate is based on small numbers so should be interpreted with caution.,"6,000*",18,adults_recent_asthma_attack,estimated_number,2022
30,210,UHF42,49,8000.0,,* Estimate is based on small numbers so should be interpreted with caution.,"8,000*",18,adults_recent_asthma_attack,estimated_number,2020
30,210,UHF42,289,10000.0,,* Estimate is based on small numbers so should be interpreted with caution.,"10,000*",18,adults_recent_asthma_attack,estimated_number,2021
30,210,UHF42,296,7000.0,,* Estimate is based on small numbers so should be interpreted with caution.,"7,000*",18,adults_recent_asthma_attack,estimated_number,2022
30,211,UHF42,49,9000.0,,* Estimate is based on small numbers so should be interpreted with caution.,"9,000*",18,adults_recent_asthma_attack,estimated_number,2020
30,211,UHF42,289,7000.0,,* Estimate is based on small numbers so should be interpreted with caution.,"7,000*",18,adults_recent_asthma_attack,estimated_number,2021
30,211,UHF42,296,16000.0,,* Estimate is based on small numbers so should be interpreted with caution.,"16,000*",18,adults_recent_asthma_attack,estimated_number,2022
30,301,UHF42,49,12000.0,,* Estimate is based on small numbers so should be interpreted with caution.,"12,000*",18,adults_recent_asthma_attack,estimated_number,2020
30,301,UHF42,289,6000.0,,* Estimate is based on small numbers so should be interpreted with caution.,"6,000*",18,adults_recent_asthma_attack,estimated_number,2021
30,301,UHF42,296,13000.0,,* Estimate is based on small numbers so should be interpreted with caution.,"13,000*",18,adults_recent_asthma_attack,estimated_number,2022
30,302,UHF42,49,9000.0,,* Estimate is based on small numbers so should be interpreted with caution.,"9,000*",18,adults_recent_asthma_attack,estimated_number,2020
30,302,UHF42,289,6000.0,,* Estimate is based on small numbers so should be interpreted with caution.,"6,000*",18,adults_recent_asthma_attack,estimated_number,2021
30,302,UHF42,296,,,** Estimate is suppressed due to insufficient data.,**,18,adults_recent_asthma_attack,estimated_number,2022
30,303,UHF42,49,10000.0,,* Estimate is based on small numbers so should be interpreted with caution.,"10,000*",18,adults_recent_asthma_attack,estimated_number,2020
30,303,UHF42,289,7000.0,,* Estimate is based on small numbers so should be interpreted with caution.,"7,000*",18,adults_recent_asthma_attack,estimated_number,2021
30,303,UHF42,296,3000.0,,* Estimate is based on small numbers so should be interpreted with caution.,"3,000*",18,adults_recent_asthma_attack,estimated_number,2022
30,304,UHF42,49,6000.0,,* Estimate is based on small numbers so should be interpreted with caution.,"6,000*",18,adults_recent_asthma_attack,estimated_number,2020
30,304,UHF42,289,11000.0,,* Estimate is based on small numbers so should be interpreted with caution.,"11,000*",18,adults_recent_asthma_attack,estimated_number,2021
30,304,UHF42,296,15000.0,,* Estimate is based on small numbers so should be interpreted with caution.,"15,000*",18,adults_recent_asthma_attack,estimated_number,2022
30,305,UHF42,49,7000.0,,* Estimate is based on small numbers so should be interpreted with caution.,"7,000*",18,adults_recent_asthma_attack,estimated_number,2020
30,305,UHF42,289,16000.0,,* Estimate is based on small numbers so should be interpreted with caution.,"16,000*",18,adults_recent_asthma_attack,estimated_number,2021
30,305,UHF42,296,11000.0,,,"11,000",18,adults_recent_asthma_attack,estimated_number,2022
30,306,UHF42,49,4000.0,,* Estimate is based on small numbers so should be interpreted with caution.,"4,000*",18,adults_recent_asthma_attack,estimated_number,2020
30,306,UHF42,289,11000.0,,* Estimate is based on small numbers so should be interpreted with caution.,"11,000*",18,adults_recent_asthma_attack,estimated_number,2021
30,306,UHF42,296,4000.0,,* Estimate is based on small numbers so should be interpreted with caution.,"4,000*",18,adults_recent_asthma_attack,estimated_number,2022
30,307,UHF42,49,7000.0,,* Estimate is based on small numbers so should be interpreted with caution.,"7,000*",18,adults_recent_asthma_attack,estimated_number,2020
30,307,UHF42,289,16000.0,,* Estimate is based on small numbers so should be interpreted with caution.,"16,000*",18,adults_recent_asthma_attack,estimated_number,2021
30,307,UHF42,296,11000.0,,,"11,000",18,adults_recent_asthma_attack,estimated_number,2022
30,308,UHF42,49,4000.0,,* Estimate is based on small numbers so should be interpreted with caution.,"4,000*",18,adults_recent_asthma_attack,estimated_number,2020
30,308,UHF42,289,11000.0,,* Estimate is based on small numbers so should be interpreted with caution.,"11,000*",18,adults_recent_asthma_attack,estimated_number,2021
30,308,UHF42,296,4000.0,,* Estimate is based on small numbers so should be interpreted with caution.,"4,000*",18,adults_recent_asthma_attack,estimated_number,2022
30,309,UHF42,49,8000.0,,* Estimate is based on small numbers so should be interpreted with caution.,"8,000*",18,adults_recent_asthma_attack,estimated_number,2020
30,309,UHF42,289,8000.0,,* Estimate is based on small numbers so should be interpreted with caution.,"8,000*",18,adults_recent_asthma_attack,estimated_number,2021
30,309,UHF42,296,9000.0,,* Estimate is based on small numbers so should be interpreted with caution.,"9,000*",18,adults_recent_asthma_attack,estimated_number,2022
30,310,UHF42,49,8000.0,,* Estimate is based on small numbers so should be interpreted with caution.,"8,000*",18,adults_recent_asthma_attack,estimated_number,2020
30,310,UHF42,289,8000.0,,* Estimate is based on small numbers so should be interpreted with caution.,"8,000*",18,adults_recent_asthma_attack,estimated_number,2021
30,310,UHF42,296,9000.0,,* Estimate is based on small numbers so should be interpreted with caution.,"9,000*",18,adults_recent_asthma_attack,estimated_number,2022
30,401,UHF42,49,,,** Estimate is suppressed due to insufficient data.,**,18,adults_recent_asthma_attack,estimated_number,2020
30,401,UHF42,289,9000.0,,* Estimate is based on small numbers so should be interpreted with caution.,"9,000*",18,adults_recent_asthma_attack,estimated_number,2021
30,401,UHF42,296,,,** Estimate is suppressed due to insufficient data.,**,18,adults_recent_asthma_attack,estimated_number,2022
30,402,UHF42,49,4000.0,,* Estimate is based on small numbers so should be interpreted with caution.,"4,000*",18,adults_recent_asthma_attack,estimated_number,2020
30,402,UHF42,289,6000.0,,* Estimate is based on small numbers so should be interpreted with caution.,"6,000*",18,adults_recent_asthma_attack,estimated_number,2021
30,402,UHF42,296,11000.0,,* Estimate is based on small numbers so should be interpreted with caution.,"11,000*",18,adults_recent_asthma_attack,estimated_number,2022
30,403,UHF42,49,,,** Estimate is suppressed due to insufficient data.,**,18,adults_recent_asthma_attack,estimated_number,2020
30,403,UHF42,289,,,** Estimate is suppressed due to insufficient data.,**,18,adults_recent_asthma_attack,estimated_number,2021
30,403,UHF42,296,4000.0,,* Estimate is based on small numbers so should be interpreted with caution.,"4,000*",18,adults_recent_asthma_attack,estimated_number,2022
30,404,UHF42,49,5000.0,,* Estimate is based on small numbers so should be interpreted with caution.,"5,000*",18,adults_recent_asthma_attack,estimated_number,2020
30,404,UHF42,289,4000.0,,* Estimate is based on small numbers so should be interpreted with caution.,"4,000*",18,adults_recent_asthma_attack,estimated_number,2021
30,404,UHF42,296,,,** Estimate is suppressed due to insufficient data.,**,18,adults_recent_asthma_attack,estimated_number,2022
30,405,UHF42,49,,,** Estimate is suppressed due to insufficient data.,**,18,adults_recent_asthma_attack,estimated_number,2020
30,405,UHF42,289,8000.0,,* Estimate is based on small numbers so should be interpreted with caution.,"8,000*",18,adults_recent_asthma_attack,estimated_number,2021
30,405,UHF42,296,4000.0,,* Estimate is based on small numbers so should be interpreted with caution.,"4,000*",18,adults_recent_asthma_attack,estimated_number,2022
30,406,UHF42,49,5000.0,,* Estimate is based on small numbers so should be interpreted with caution.,"5,000*",18,adults_recent_asthma_attack,estimated_number,2020
30,406,UHF42,289,4000.0,,* Estimate is based on small numbers so should be interpreted with caution.,"4,000*",18,adults_recent_asthma_attack,estimated_number,2021
30,406,UHF42,296,,,** Estimate is suppressed due to insufficient data.,**,18,adults_recent_asthma_attack,estimated_number,2022
30,407,UHF42,49,,,** Estimate is suppressed due to insufficient data.,**,18,adults_recent_asthma_attack,estimated_number,2020
30,407,UHF42,289,9000.0,,* Estimate is based on small numbers so should be interpreted with caution.,"9,000*",18,adults_recent_asthma_attack,estimated_number,2021
30,407,UHF42,296,9000.0,,* Estimate is based on small numbers so should be interpreted with caution.,"9,000*",18,adults_recent_asthma_attack,estimated_number,2022
30,408,UHF42,49,3000.0,,* Estimate is based on small numbers so should be interpreted with caution.,"3,000*",18,adults_recent_asthma_attack,estimated_number,2020
30,408,UHF42,289,4000.0,,* Estimate is based on small numbers so should be interpreted with caution.,"4,000*",18,adults_recent_asthma_attack,estimated_number,2021
30,408,UHF42,296,12000.0,,* Estimate is based on small numbers so should be interpreted with caution.,"12,000*",18,adults_recent_asthma_attack,estimated_number,2022
30,409,UHF42,49,0.0,,* Estimate is based on small numbers so should be interpreted with caution.,0*,18,adults_recent_asthma_attack,estimated_number,2020
30,409,UHF42,289,,,** Estimate is suppressed due to insufficient data.,**,18,adults_recent_asthma_attack,estimated_number,2021
30,409,UHF42,296,,,** Estimate is suppressed due to insufficient data.,**,18,adults_recent_asthma_attack,estimated_number,2022
30,410,UHF42,49,,,** Estimate is suppressed due to insufficient data.,**,18,adults_recent_asthma_attack,estimated_number,2020
30,410,UHF42,289,7000.0,,* Estimate is based on small numbers so should be interpreted with caution.,"7,000*",18,adults_recent_asthma_attack,estimated_number,2021
30,410,UHF42,296,4000.0,,* Estimate is based on small numbers so should be interpreted with caution.,"4,000*",18,adults_recent_asthma_attack,estimated_number,2022
30,501,UHF42,49,,,** Estimate is suppressed due to insufficient data.,**,18,adults_recent_asthma_attack,estimated_number,2020
30,501,UHF42,289,7000.0,,* Estimate is based on small numbers so should be interpreted with caution.,"7,000*",18,adults_recent_asthma_attack,estimated_number,2021
30,501,UHF42,296,,,** Estimate is suppressed due to insufficient data.,**,18,adults_recent_asthma_attack,estimated_number,2022
30,502,UHF42,49,,,** Estimate is suppressed due to insufficient data.,**,18,adults_recent_asthma_attack,estimated_number,2020
30,502,UHF42,289,7000.0,,* Estimate is based on small numbers so should be interpreted with caution.,"7,000*",18,adults_recent_asthma_attack,estimated_number,2021
30,502,UHF42,296,,,** Estimate is suppressed due to insufficient data.,**,18,adults_recent_asthma_attack,estimated_number,2022
30,503,UHF42,49,11000.0,,* Estimate is based on small numbers so should be interpreted with caution.,"11,000*",18,adults_recent_asthma_attack,estimated_number,2020
30,503,UHF42,289,9000.0,,* Estimate is based on small numbers so should be interpreted with caution.,"9,000*",18,adults_recent_asthma_attack,estimated_number,2021
30,503,UHF42,296,7000.0,,* Estimate is based on small numbers so should be interpreted with caution.,"7,000*",18,adults_recent_asthma_attack,estimated_number,2022
30,504,UHF42,49,11000.0,,* Estimate is based on small numbers so should be interpreted with caution.,"11,000*",18,adults_recent_asthma_attack,estimated_number,2020
30,504,UHF42,289,9000.0,,* Estimate is based on small numbers so should be interpreted with caution.,"9,000*",18,adults_recent_asthma_attack,estimated_number,2021
30,504,UHF42,296,7000.0,,* Estimate is based on small numbers so should be interpreted with caution.,"7,000*",18,adults_recent_asthma_attack,estimated_number,2022
31,101,UHF42,7,5.1,"(2.9, 9.1)",,5.1,18,adults_recent_asthma_attack,age_adjusted_pct,2003
31,101,UHF42,8,6.8,"(2.7, 16.1)",* Estimate is based on small numbers so should be interpreted with caution.,6.8*,18,adults_recent_asthma_attack,age_adjusted_pct,2004
31,101,UHF42,10,4.4,"(2.1, 9.2)",* Estimate is based on small numbers so should be interpreted with caution.,4.4*,18,adults_recent_asthma_attack,age_adjusted_pct,2006
31,101,UHF42,11,3.5,"(1.6, 7.3)",* Estimate is based on small numbers so should be interpreted with caution.,3.5*,18,adults_recent_asthma_attack,age_adjusted_pct,2007
31,101,UHF42,12,4.7,"(2.2, 9.8)",* Estimate is based on small numbers so should be interpreted with caution.,4.7*,18,adults_recent_asthma_attack,age_adjusted_pct,2008
31,101,UHF42,13,6.7,"(3.1, 13.9)",* Estimate is based on small numbers so should be interpreted with caution.,6.7*,18,adults_recent_asthma_attack,age_adjusted_pct,2009
31,101,UHF42,14,6.1,"(2.4, 14.5)",* Estimate is based on small numbers so should be interpreted with caution.,6.1*,18,adults_recent_asthma_attack,age_adjusted_pct,2010
31,101,UHF42,38,,,** Estimate is suppressed due to insufficient data.,**,18,adults_recent_asthma_attack,age_adjusted_pct,2011
31,101,UHF42,39,,,** Estimate is suppressed due to insufficient data.,**,18,adults_recent_asthma_attack,age_adjusted_pct,2012
31,101,UHF42,40,8.0,"(3.0, 20.0)",* Estimate is based on small numbers so should be interpreted with caution.,8.0*,18,adults_recent_asthma_attack,age_adjusted_pct,2013
31,101,UHF42,41,,,** Estimate is suppressed due to insufficient data.,**,18,adults_recent_asthma_attack,age_adjusted_pct,2014
31,101,UHF42,44,,,** Estimate is suppressed due to insufficient data.,**,18,adults_recent_asthma_attack,age_adjusted_pct,2015
31,101,UHF42,45,7.9,"(3.3, 17.9)",* Estimate is based on small numbers so should be interpreted with caution.,7.9*,18,adults_recent_asthma_attack,age_adjusted_pct,2016
31,101,UHF42,46,,,** Estimate is suppressed due to insufficient data.,**,18,adults_recent_asthma_attack,age_adjusted_pct,2017
31,101,UHF42,47,4.2,"(1.8, 9.5)",* Estimate is based on small numbers so should be interpreted with caution.,4.2*,18,adults_recent_asthma_attack,age_adjusted_pct,2018
31,101,UHF42,48,,,** Estimate is suppressed due to insufficient data.,**,18,adults_recent_asthma_attack,age_adjusted_pct,2019
31,101,UHF42,49,2.5,"(1.0, 6.0)",* Estimate is based on small numbers so should be interpreted with caution.,2.5*,18,adults_recent_asthma_attack,age_adjusted_pct,2020
31,101,UHF42,289,7.8,"(3.2, 18.1)",* Estimate is based on small numbers so should be interpreted with caution.,7.8*,18,adults_recent_asthma_attack,age_adjusted_pct,2021
31,101,UHF42,296,6.1,"(2.5, 14.3)",* Estimate is based on small numbers so should be interpreted with caution.,6.1*,18,adults_recent_asthma_attack,age_adjusted_pct,2022
31,102,UHF42,7,5.9,"(3.3, 10.5)",,5.9,18,adults_recent_asthma_attack,age_adjusted_pct,2003
31,102,UHF42,8,4.1,"(2.2, 7.6)",* Estimate is based on small numbers so should be interpreted with caution.,4.1*,18,adults_recent_asthma_attack,age_adjusted_pct,2004
31,102,UHF42,10,3.2,"(1.5, 6.7)",* Estimate is based on small numbers so should be interpreted with caution.,3.2*,18,adults_recent_asthma_attack,age_adjusted_pct,2006
31,102,UHF42,11,2.3,"(1.0, 5.1)",* Estimate is based on small numbers so should be interpreted with caution.,2.3*,18,adults_recent_asthma_attack,age_adjusted_pct,2007
31,102,UHF42,12,4.3,"(2.0, 8.8)",* Estimate is based on small numbers so should be interpreted with caution.,4.3*,18,adults_recent_asthma_attack,age_adjusted_pct,2008
31,102,UHF42,13,5.7,"(2.3, 13.4)",* Estimate is based on small numbers so should be interpreted with caution.,5.7*,18,adults_recent_asthma_attack,age_adjusted_pct,2009
31,102,UHF42,14,5.8,"(3.2, 10.2)",,5.8,18,adults_recent_asthma_attack,age_adjusted_pct,2010
31,102,UHF42,38,4.9,"(2.3, 10.2)",* Estimate is based on small numbers so should be interpreted with caution.,4.9*,18,adults_recent_asthma_attack,age_adjusted_pct,2011
31,102,UHF42,39,6.3,"(2.8, 13.9)",* Estimate is based on small numbers so should be interpreted with caution.,6.3*,18,adults_recent_asthma_attack,age_adjusted_pct,2012
31,102,UHF42,40,6.5,"(2.8, 14.2)",* Estimate is based on small numbers so should be interpreted with caution.,6.5*,18,adults_recent_asthma_attack,age_adjusted_pct,2013
31,102,UHF42,41,6.8,"(3.0, 14.7)",* Estimate is based on small numbers so should be interpreted with caution.,6.8*,18,adults_recent_asthma_attack,age_adjusted_pct,2014
31,102,UHF42,44,8.0,"(4.8, 13.2)",,8.0,18,adults_recent_asthma_attack,age_adjusted_pct,2015
31,102,UHF42,45,5.0,"(2.2, 10.9)",* Estimate is based on small numbers so should be interpreted with caution.,5.0*,18,adults_recent_asthma_attack,age_adjusted_pct,2016
31,102,UHF42,46,5.6,"(2.7, 11.2)",* Estimate is based on small numbers so should be interpreted with caution.,5.6*,18,adults_recent_asthma_attack,age_adjusted_pct,2017
31,102,UHF42,47,3.2,"(1.3, 7.9)",* Estimate is based on small numbers so should be interpreted with caution.,3.2*,18,adults_recent_asthma_attack,age_adjusted_pct,2018
31,102,UHF42,48,7.1,"(2.8, 16.8)",* Estimate is based on small numbers so should be interpreted with caution.,7.1*,18,adults_recent_asthma_attack,age_adjusted_pct,2019
31,102,UHF42,49,,,** Estimate is suppressed due to insufficient data.,**,18,adults_recent_asthma_attack,age_adjusted_pct,2020
31,102,UHF42,289,6.0,"(2.6, 13.4)",* Estimate is based on small numbers so should be interpreted with caution.,6.0*,18,adults_recent_asthma_attack,age_adjusted_pct,2021
31,102,UHF42,296,3.9,"(1.7, 8.7)",* Estimate is based on small numbers so should be interpreted with caution.,3.9*,18,adults_recent_asthma_attack,age_adjusted_pct,2022
31,103,UHF42,7,4.8,"(2.8, 8.0)",,4.8,18,adults_recent_asthma_attack,age_adjusted_pct,2003
31,103,UHF42,8,7.5,"(4.8, 11.6)",,7.5,18,adults_recent_asthma_attack,age_adjusted_pct,2004
31,103,UHF42,10,7.4,"(4.1, 12.8)",* Estimate is based on small numbers so should be interpreted with caution.,7.4*,18,adults_recent_asthma_attack,age_adjusted_pct,2006
31,103,UHF42,11,2.1,"(1.0, 4.3)",* Estimate is based on small numbers so should be interpreted with caution.,2.1*,18,adults_recent_asthma_attack,age_adjusted_pct,2007
31,103,UHF42,12,12.0,"(6.9, 20.0)",,12.0,18,adults_recent_asthma_attack,age_adjusted_pct,2008
31,103,UHF42,13,8.5,"(4.9, 14.4)",,8.5,18,adults_recent_asthma_attack,age_adjusted_pct,2009
31,103,UHF42,14,9.9,"(6.0, 15.8)",,9.9,18,adults_recent_asthma_attack,age_adjusted_pct,2010
31,103,UHF42,38,5.5,"(2.1, 13.7)",* Estimate is based on small numbers so should be interpreted with caution.,5.5*,18,adults_recent_asthma_attack,age_adjusted_pct,2011
31,103,UHF42,39,4.4,"(2.3, 8.2)",* Estimate is based on small numbers so should be interpreted with caution.,4.4*,18,adults_recent_asthma_attack,age_adjusted_pct,2012
31,103,UHF42,40,7.9,"(4.2, 14.3)",* Estimate is based on small numbers so should be interpreted with caution.,7.9*,18,adults_recent_asthma_attack,age_adjusted_pct,2013
31,103,UHF42,41,3.2,"(1.2, 8.0)",* Estimate is based on small numbers so should be interpreted with caution.,3.2*,18,adults_recent_asthma_attack,age_adjusted_pct,2014
31,103,UHF42,44,7.9,"(5.0, 12.2)",,7.9,18,adults_recent_asthma_attack,age_adjusted_pct,2015
31,103,UHF42,45,1.6,"(0.7, 3.6)",* Estimate is based on small numbers so should be interpreted with caution.,1.6*,18,adults_recent_asthma_attack,age_adjusted_pct,2016
31,103,UHF42,46,8.1,"(4.8, 13.3)",,8.1,18,adults_recent_asthma_attack,age_adjusted_pct,2017
31,103,UHF42,47,6.9,"(3.8, 12.2)",,6.9,18,adults_recent_asthma_attack,age_adjusted_pct,2018
31,103,UHF42,48,,,** Estimate is suppressed due to insufficient data.,**,18,adults_recent_asthma_attack,age_adjusted_pct,2019
31,103,UHF42,49,4.7,"(2.3, 9.4)",* Estimate is based on small numbers so should be interpreted with caution.,4.7*,18,adults_recent_asthma_attack,age_adjusted_pct,2020
31,103,UHF42,289,5.0,"(2.7, 9.1)",* Estimate is based on small numbers so should be interpreted with caution.,5.0*,18,adults_recent_asthma_attack,age_adjusted_pct,2021
31,103,UHF42,296,6.9,"(4.4, 10.6)",,6.9,18,adults_recent_asthma_attack,age_adjusted_pct,2022
31,104,UHF42,7,6.1,"(3.7, 9.9)",,6.1,18,adults_recent_asthma_attack,age_adjusted_pct,2003
31,104,UHF42,8,6.9,"(4.1, 11.4)",,6.9,18,adults_recent_asthma_attack,age_adjusted_pct,2004
31,104,UHF42,10,9.0,"(5.3, 15.0)",,9.0,18,adults_recent_asthma_attack,age_adjusted_pct,2006
31,104,UHF42,11,6.3,"(3.6, 11.0)",,6.3,18,adults_recent_asthma_attack,age_adjusted_pct,2007
31,104,UHF42,12,6.7,"(3.3, 13.4)",* Estimate is based on small numbers so should be interpreted with caution.,6.7*,18,adults_recent_asthma_attack,age_adjusted_pct,2008
31,104,UHF42,13,6.2,"(3.9, 9.7)",,6.2,18,adults_recent_asthma_attack,age_adjusted_pct,2009
31,104,UHF42,14,2.1,"(1.1, 3.9)",* Estimate is based on small numbers so should be interpreted with caution.,2.1*,18,adults_recent_asthma_attack,age_adjusted_pct,2010
31,104,UHF42,38,10.0,"(4.6, 20.2)",* Estimate is based on small numbers so should be interpreted with caution.,10.0*,18,adults_recent_asthma_attack,age_adjusted_pct,2011
31,104,UHF42,39,6.7,"(3.2, 13.4)",* Estimate is based on small numbers so should be interpreted with caution.,6.7*,18,adults_recent_asthma_attack,age_adjusted_pct,2012
31,104,UHF42,40,5.0,"(2.5, 9.9)",* Estimate is based on small numbers so should be interpreted with caution.,5.0*,18,adults_recent_asthma_attack,age_adjusted_pct,2013
31,104,UHF42,41,3.4,"(1.7, 6.5)",* Estimate is based on small numbers so should be interpreted with caution.,3.4*,18,adults_recent_asthma_attack,age_adjusted_pct,2014
31,104,UHF42,44,6.1,"(3.8, 9.6)",,6.1,18,adults_recent_asthma_attack,age_adjusted_pct,2015
31,104,UHF42,45,6.3,"(3.5, 11.0)",,6.3,18,adults_recent_asthma_attack,age_adjusted_pct,2016
31,104,UHF42,46,7.2,"(4.7, 11.0)",,7.2,18,adults_recent_asthma_attack,age_adjusted_pct,2017
31,104,UHF42,47,8.6,"(5.3, 13.7)",,8.6,18,adults_recent_asthma_attack,age_adjusted_pct,2018
31,104,UHF42,48,8.0,"(4.7, 13.1)",,8.0,18,adults_recent_asthma_attack,age_adjusted_pct,2019
31,104,UHF42,49,5.7,"(2.6, 12.2)",* Estimate is based on small numbers so should be interpreted with caution.,5.7*,18,adults_recent_asthma_attack,age_adjusted_pct,2020
31,104,UHF42,289,8.2,"(5.0, 13.0)",,8.2,18,adults_recent_asthma_attack,age_adjusted_pct,2021
31,104,UHF42,296,7.7,"(4.9, 12.1)",,7.7,18,adults_recent_asthma_attack,age_adjusted_pct,2022
31,105,UHF42,7,8.8,"(6.2, 12.2)",,8.8,18,adults_recent_asthma_attack,age_adjusted_pct,2003
31,105,UHF42,8,10.2,"(7.2, 14.1)",,10.2,18,adults_recent_asthma_attack,age_adjusted_pct,2004
31,105,UHF42,10,8.8,"(6.5, 11.7)",,8.8,18,adults_recent_asthma_attack,age_adjusted_pct,2006
31,105,UHF42,11,7.4,"(5.5, 10.0)",,7.4,18,adults_recent_asthma_attack,age_adjusted_pct,2007
31,105,UHF42,12,9.0,"(6.1, 13.0)",,9.0,18,adults_recent_asthma_attack,age_adjusted_pct,2008
31,105,UHF42,13,6.5,"(4.6, 9.2)",,6.5,18,adults_recent_asthma_attack,age_adjusted_pct,2009
31,105,UHF42,14,6.8,"(4.8, 9.6)",,6.8,18,adults_recent_asthma_attack,age_adjusted_pct,2010
31,105,UHF42,38,7.5,"(4.7, 11.8)",,7.5,18,adults_recent_asthma_attack,age_adjusted_pct,2011
31,105,UHF42,39,10.7,"(7.8, 14.5)",,10.7,18,adults_recent_asthma_attack,age_adjusted_pct,2012
31,105,UHF42,40,7.0,"(4.7, 10.4)",,7.0,18,adults_recent_asthma_attack,age_adjusted_pct,2013
31,105,UHF42,41,6.3,"(4.3, 9.1)",,6.3,18,adults_recent_asthma_attack,age_adjusted_pct,2014
31,105,UHF42,44,9.9,"(7.9, 12.4)",,9.9,18,adults_recent_asthma_attack,age_adjusted_pct,2015
31,105,UHF42,45,8.4,"(5.7, 12.3)",,8.4,18,adults_recent_asthma_attack,age_adjusted_pct,2016
31,105,UHF42,46,7.0,"(4.8, 10.2)",,7.0,18,adults_recent_asthma_attack,age_adjusted_pct,2017
31,105,UHF42,47,7.1,"(4.9, 10.1)",,7.1,18,adults_recent_asthma_attack,age_adjusted_pct,2018
31,105,UHF42,48,6.2,"(3.8, 10.0)",,6.2,18,adults_recent_asthma_attack,age_adjusted_pct,2019
31,105,UHF42,49,6.0,"(3.6, 9.9)",,6.0,18,adults_recent_asthma_attack,age_adjusted_pct,2020
31,105,UHF42,289,9.1,"(5.9, 13.7)",,9.1,18,adults_recent_asthma_attack,age_adjusted_pct,2021
31,105,UHF42,296,6.4,"(4.4, 9.1)",,6.4,18,adults_recent_asthma_attack,age_adjusted_pct,2022
31,106,UHF42,7,8.8,"(6.2, 12.2)",,8.8,18,adults_recent_asthma_attack,age_adjusted_pct,2003
31,106,UHF42,8,10.2,"(7.2, 14.1)",,10.2,18,adults_recent_asthma_attack,age_adjusted_pct,2004
31,106,UHF42,10,8.8,"(6.5, 11.7)",,8.8,18,adults_recent_asthma_attack,age_adjusted_pct,2006
31,106,UHF42,11,7.4,"(5.5, 10.0)",,7.4,18,adults_recent_asthma_attack,age_adjusted_pct,2007
31,106,UHF42,12,9.0,"(6.1, 13.0)",,9.0,18,adults_recent_asthma_attack,age_adjusted_pct,2008
31,106,UHF42,13,6.5,"(4.6, 9.2)",,6.5,18,adults_recent_asthma_attack,age_adjusted_pct,2009
31,106,UHF42,14,6.8,"(4.8, 9.6)",,6.8,18,adults_recent_asthma_attack,age_adjusted_pct,2010
31,106,UHF42,38,7.5,"(4.7, 11.8)",,7.5,18,adults_recent_asthma_attack,age_adjusted_pct,2011
31,106,UHF42,39,10.7,"(7.8, 14.5)",,10.7,18,adults_recent_asthma_attack,age_adjusted_pct,2012
31,106,UHF42,40,7.0,"(4.7, 10.4)",,7.0,18,adults_recent_asthma_attack,age_adjusted_pct,2013
31,106,UHF42,41,6.3,"(4.3, 9.1)",,6.3,18,adults_recent_asthma_attack,age_adjusted_pct,2014
31,106,UHF42,44,9.9,"(7.9, 12.4)",,9.9,18,adults_recent_asthma_attack,age_adjusted_pct,2015
31,106,UHF42,45,8.4,"(5.7, 12.3)",,8.4,18,adults_recent_asthma_attack,age_adjusted_pct,2016
31,106,UHF42,46,7.0,"(4.8, 10.2)",,7.0,18,adults_recent_asthma_attack,age_adjusted_pct,2017
31,106,UHF42,47,7.1,"(4.9, 10.1)",,7.1,18,adults_recent_asthma_attack,age_adjusted_pct,2018
31,106,UHF42,48,6.2,"(3.8, 10.0)",,6.2,18,adults_recent_asthma_attack,age_adjusted_pct,2019
31,106,UHF42,49,6.0,"(3.6, 9.9)",,6.0,18,adults_recent_asthma_attack,age_adjusted_pct,2020
31,106,UHF42,289,9.1,"(5.9, 13.7)",,9.1,18,adults_recent_asthma_attack,age_adjusted_pct,2021
31,106,UHF42,296,6.4,"(4.4, 9.1)",,6.4,18,adults_recent_asthma_attack,age_adjusted_pct,2022
31,107,UHF42,7,8.8,"(6.2, 12.2)",,8.8,18,adults_recent_asthma_attack,age_adjusted_pct,2003
31,107,UHF42,8,10.2,"(7.2, 14.1)",,10.2,18,adults_recent_asthma_attack,age_adjusted_pct,2004
31,107,UHF42,10,8.8,"(6.5, 11.7)",,8.8,18,adults_recent_asthma_attack,age_adjusted_pct,2006
31,107,UHF42,11,7.4,"(5.5, 10.0)",,7.4,18,adults_recent_asthma_attack,age_adjusted_pct,2007
31,107,UHF42,12,9.0,"(6.1, 13.0)",,9.0,18,adults_recent_asthma_attack,age_adjusted_pct,2008
31,107,UHF42,13,6.5,"(4.6, 9.2)",,6.5,18,adults_recent_asthma_attack,age_adjusted_pct,2009
31,107,UHF42,14,6.8,"(4.8, 9.6)",,6.8,18,adults_recent_asthma_attack,age_adjusted_pct,2010
31,107,UHF42,38,7.5,"(4.7, 11.8)",,7.5,18,adults_recent_asthma_attack,age_adjusted_pct,2011
31,107,UHF42,39,10.7,"(7.8, 14.5)",,10.7,18,adults_recent_asthma_attack,age_adjusted_pct,2012
31,107,UHF42,40,7.0,"(4.7, 10.4)",,7.0,18,adults_recent_asthma_attack,age_adjusted_pct,2013
31,107,UHF42,41,6.3,"(4.3, 9.1)",,6.3,18,adults_recent_asthma_attack,age_adjusted_pct,2014
31,107,UHF42,44,9.9,"(7.9, 12.4)",,9.9,18,adults_recent_asthma_attack,age_adjusted_pct,2015
31,107,UHF42,45,8.4,"(5.7, 12.3)",,8.4,18,adults_recent_asthma_attack,age_adjusted_pct,2016
31,107,UHF42,46,7.0,"(4.8, 10.2)",,7.0,18,adults_recent_asthma_attack,age_adjusted_pct,2017
31,107,UHF42,47,7.1,"(4.9, 10.1)",,7.1,18,adults_recent_asthma_attack,age_adjusted_pct,2018
31,107,UHF42,48,6.2,"(3.8, 10.0)",,6.2,18,adults_recent_asthma_attack,age_adjusted_pct,2019
31,107,UHF42,49,6.0,"(3.6, 9.9)",,6.0,18,adults_recent_asthma_attack,age_adjusted_pct,2020
31,107,UHF42,289,9.1,"(5.9, 13.7)",,9.1,18,adults_recent_asthma_attack,age_adjusted_pct,2021
31,107,UHF42,296,6.4,"(4.4, 9.1)",,6.4,18,adults_recent_asthma_attack,age_adjusted_pct,2022
31,201,UHF42,7,3.1,"(1.6, 5.8)",* Estimate is based on small numbers so should be interpreted with caution.,3.1*,18,adults_recent_asthma_attack,age_adjusted_pct,2003
31,201,UHF42,8,3.5,"(1.7, 7.0)",* Estimate is based on small numbers so should be interpreted with caution.,3.5*,18,adults_recent_asthma_attack,age_adjusted_pct,2004
31,201,UHF42,10,8.0,"(3.8, 16.1)",* Estimate is based on small numbers so should be interpreted with caution.,8.0*,18,adults_recent_asthma_attack,age_adjusted_pct,2006
31,201,UHF42,11,7.9,"(3.5, 16.8)",* Estimate is based on small numbers so should be interpreted with caution.,7.9*,18,adults_recent_asthma_attack,age_adjusted_pct,2007
31,201,UHF42,12,5.3,"(2.1, 12.7)",* Estimate is based on small numbers so should be interpreted with caution.,5.3*,18,adults_recent_asthma_attack,age_adjusted_pct,2008
31,201,UHF42,13,7.5,"(3.8, 14.5)",* Estimate is based on small numbers so should be interpreted with caution.,7.5*,18,adults_recent_asthma_attack,age_adjusted_pct,2009
31,201,UHF42,14,0.5,"(0.2, 1.7)",* Estimate is based on small numbers so should be interpreted with caution.,0.5*,18,adults_recent_asthma_attack,age_adjusted_pct,2010
31,201,UHF42,38,1.9,"(0.6, 6.0)",* Estimate is based on small numbers so should be interpreted with caution.,1.9*,18,adults_recent_asthma_attack,age_adjusted_pct,2011
31,201,UHF42,39,4.2,"(1.9, 9.2)",* Estimate is based on small numbers so should be interpreted with caution.,4.2*,18,adults_recent_asthma_attack,age_adjusted_pct,2012
31,201,UHF42,40,1.7,"(0.5, 5.6)",* Estimate is based on small numbers so should be interpreted with caution.,1.7*,18,adults_recent_asthma_attack,age_adjusted_pct,2013
31,201,UHF42,41,,,** Estimate is suppressed due to insufficient data.,**,18,adults_recent_asthma_attack,age_adjusted_pct,2014
31,201,UHF42,44,5.2,"(1.9, 13.2)",* Estimate is based on small numbers so should be interpreted with caution.,5.2*,18,adults_recent_asthma_attack,age_adjusted_pct,2015
31,201,UHF42,45,,,** Estimate is suppressed due to insufficient data.,**,18,adults_recent_asthma_attack,age_adjusted_pct,2016
31,201,UHF42,46,1.7,"(0.5, 5.8)",* Estimate is based on small numbers so should be interpreted with caution.,1.7*,18,adults_recent_asthma_attack,age_adjusted_pct,2017
31,201,UHF42,47,,,** Estimate is suppressed due to insufficient data.,**,18,adults_recent_asthma_attack,age_adjusted_pct,2018
31,201,UHF42,48,3.9,"(1.8, 8.3)",* Estimate is based on small numbers so should be interpreted with caution.,3.9*,18,adults_recent_asthma_attack,age_adjusted_pct,2019
31,201,UHF42,49,1.2,"(0.4, 3.8)",* Estimate is based on small numbers so should be interpreted with caution.,1.2*,18,adults_recent_asthma_attack,age_adjusted_pct,2020
31,201,UHF42,289,,,** Estimate is suppressed due to insufficient data.,**,18,adults_recent_asthma_attack,age_adjusted_pct,2021
31,201,UHF42,296,0.9,"(0.3, 2.8)",* Estimate is based on small numbers so should be interpreted with caution.,0.9*,18,adults_recent_asthma_attack,age_adjusted_pct,2022
31,202,UHF42,7,6.5,"(3.7, 11.2)",* Estimate is based on small numbers so should be interpreted with caution.,6.5*,18,adults_recent_asthma_attack,age_adjusted_pct,2003
31,202,UHF42,8,8.8,"(5.3, 14.3)",,8.8,18,adults_recent_asthma_attack,age_adjusted_pct,2004
31,202,UHF42,10,6.4,"(3.9, 10.4)",,6.4,18,adults_recent_asthma_attack,age_adjusted_pct,2006
31,202,UHF42,11,4.3,"(2.1, 8.5)",* Estimate is based on small numbers so should be interpreted with caution.,4.3*,18,adults_recent_asthma_attack,age_adjusted_pct,2007
31,202,UHF42,12,3.5,"(1.4, 8.7)",* Estimate is based on small numbers so should be interpreted with caution.,3.5*,18,adults_recent_asthma_attack,age_adjusted_pct,2008
31,202,UHF42,13,6.7,"(3.6, 12.2)",* Estimate is based on small numbers so should be interpreted with caution.,6.7*,18,adults_recent_asthma_attack,age_adjusted_pct,2009
31,202,UHF42,14,3.3,"(1.6, 6.7)",* Estimate is based on small numbers so should be interpreted with caution.,3.3*,18,adults_recent_asthma_attack,age_adjusted_pct,2010
31,202,UHF42,38,1.9,"(0.7, 5.0)",* Estimate is based on small numbers so should be interpreted with caution.,1.9*,18,adults_recent_asthma_attack,age_adjusted_pct,2011
31,202,UHF42,39,3.8,"(2.0, 6.9)",* Estimate is based on small numbers so should be interpreted with caution.,3.8*,18,adults_recent_asthma_attack,age_adjusted_pct,2012
31,202,UHF42,40,2.4,"(1.1, 4.8)",* Estimate is based on small numbers so should be interpreted with caution.,2.4*,18,adults_recent_asthma_attack,age_adjusted_pct,2013
31,202,UHF42,41,1.1,"(0.2, 4.6)",* Estimate is based on small numbers so should be interpreted with caution.,1.1*,18,adults_recent_asthma_attack,age_adjusted_pct,2014
31,202,UHF42,44,3.6,"(1.8, 7.4)",* Estimate is based on small numbers so should be interpreted with caution.,3.6*,18,adults_recent_asthma_attack,age_adjusted_pct,2015
31,202,UHF42,45,2.5,"(1.2, 5.4)",* Estimate is based on small numbers so should be interpreted with caution.,2.5*,18,adults_recent_asthma_attack,age_adjusted_pct,2016
31,202,UHF42,46,4.3,"(2.3, 8.0)",* Estimate is based on small numbers so should be interpreted with caution.,4.3*,18,adults_recent_asthma_attack,age_adjusted_pct,2017
31,202,UHF42,47,7.4,"(3.8, 14.0)",* Estimate is based on small numbers so should be interpreted with caution.,7.4*,18,adults_recent_asthma_attack,age_adjusted_pct,2018
31,202,UHF42,48,6.2,"(2.9, 12.8)",* Estimate is based on small numbers so should be interpreted with caution.,6.2*,18,adults_recent_asthma_attack,age_adjusted_pct,2019
31,202,UHF42,49,2.4,"(1.1, 4.9)",* Estimate is based on small numbers so should be interpreted with caution.,2.4*,18,adults_recent_asthma_attack,age_adjusted_pct,2020
31,202,UHF42,289,5.7,"(2.9, 11.0)",* Estimate is based on small numbers so should be interpreted with caution.,5.7*,18,adults_recent_asthma_attack,age_adjusted_pct,2021
31,202,UHF42,296,3.7,"(1.8, 7.7)",* Estimate is based on small numbers so should be interpreted with caution.,3.7*,18,adults_recent_asthma_attack,age_adjusted_pct,2022
31,203,UHF42,7,5.9,"(3.4, 10.0)",,5.9,18,adults_recent_asthma_attack,age_adjusted_pct,2003
31,203,UHF42,8,4.6,"(2.4, 8.9)",* Estimate is based on small numbers so should be interpreted with caution.,4.6*,18,adults_recent_asthma_attack,age_adjusted_pct,2004
31,203,UHF42,10,7.7,"(5.4, 10.9)",,7.7,18,adults_recent_asthma_attack,age_adjusted_pct,2006
31,203,UHF42,11,5.0,"(3.2, 7.8)",,5.0,18,adults_recent_asthma_attack,age_adjusted_pct,2007
31,203,UHF42,12,3.1,"(1.2, 7.5)",* Estimate is based on small numbers so should be interpreted with caution.,3.1*,18,adults_recent_asthma_attack,age_adjusted_pct,2008
31,203,UHF42,13,6.0,"(2.7, 12.9)",* Estimate is based on small numbers so should be interpreted with caution.,6.0*,18,adults_recent_asthma_attack,age_adjusted_pct,2009
31,203,UHF42,14,3.8,"(1.8, 8.0)",* Estimate is based on small numbers so should be interpreted with caution.,3.8*,18,adults_recent_asthma_attack,age_adjusted_pct,2010
31,203,UHF42,38,10.6,"(5.1, 20.8)",* Estimate is based on small numbers so should be interpreted with caution.,10.6*,18,adults_recent_asthma_attack,age_adjusted_pct,2011
31,203,UHF42,39,2.6,"(1.2, 5.7)",* Estimate is based on small numbers so should be interpreted with caution.,2.6*,18,adults_recent_asthma_attack,age_adjusted_pct,2012
31,203,UHF42,40,6.0,"(3.3, 10.7)",,6.0,18,adults_recent_asthma_attack,age_adjusted_pct,2013
31,203,UHF42,41,2.0,"(1.0, 3.9)",* Estimate is based on small numbers so should be interpreted with caution.,2.0*,18,adults_recent_asthma_attack,age_adjusted_pct,2014
31,203,UHF42,44,8.3,"(5.3, 12.9)",,8.3,18,adults_recent_asthma_attack,age_adjusted_pct,2015
31,203,UHF42,45,5.7,"(3.6, 8.8)",,5.7,18,adults_recent_asthma_attack,age_adjusted_pct,2016
31,203,UHF42,46,7.5,"(4.5, 12.3)",,7.5,18,adults_recent_asthma_attack,age_adjusted_pct,2017
31,203,UHF42,47,4.4,"(2.3, 8.1)",* Estimate is based on small numbers so should be interpreted with caution.,4.4*,18,adults_recent_asthma_attack,age_adjusted_pct,2018
31,203,UHF42,48,6.5,"(3.3, 12.2)",* Estimate is based on small numbers so should be interpreted with caution.,6.5*,18,adults_recent_asthma_attack,age_adjusted_pct,2019
31,203,UHF42,49,6.6,"(3.6, 11.7)",* Estimate is based on small numbers so should be interpreted with caution.,6.6*,18,adults_recent_asthma_attack,age_adjusted_pct,2020
31,203,UHF42,289,5.6,"(3.0, 10.1)",* Estimate is based on small numbers so should be interpreted with caution.,5.6*,18,adults_recent_asthma_attack,age_adjusted_pct,2021
31,203,UHF42,296,4.3,"(2.6, 7.1)",,4.3,18,adults_recent_asthma_attack,age_adjusted_pct,2022
31,204,UHF42,7,5.7,"(3.4, 9.4)",,5.7,18,adults_recent_asthma_attack,age_adjusted_pct,2003
31,204,UHF42,8,7.4,"(4.9, 11.2)",,7.4,18,adults_recent_asthma_attack,age_adjusted_pct,2004
31,204,UHF42,10,6.6,"(3.9, 11.0)",,6.6,18,adults_recent_asthma_attack,age_adjusted_pct,2006
31,204,UHF42,11,3.1,"(1.4, 6.9)",* Estimate is based on small numbers so should be interpreted with caution.,3.1*,18,adults_recent_asthma_attack,age_adjusted_pct,2007
31,204,UHF42,12,4.1,"(1.9, 8.6)",* Estimate is based on small numbers so should be interpreted with caution.,4.1*,18,adults_recent_asthma_attack,age_adjusted_pct,2008
31,204,UHF42,13,5.8,"(2.3, 13.7)",* Estimate is based on small numbers so should be interpreted with caution.,5.8*,18,adults_recent_asthma_attack,age_adjusted_pct,2009
31,204,UHF42,14,7.7,"(3.9, 14.7)",* Estimate is based on small numbers so should be interpreted with caution.,7.7*,18,adults_recent_asthma_attack,age_adjusted_pct,2010
31,204,UHF42,38,9.3,"(4.9, 17.1)",* Estimate is based on small numbers so should be interpreted with caution.,9.3*,18,adults_recent_asthma_attack,age_adjusted_pct,2011
31,204,UHF42,39,6.3,"(3.6, 10.8)",,6.3,18,adults_recent_asthma_attack,age_adjusted_pct,2012
31,204,UHF42,40,4.8,"(2.5, 9.0)",* Estimate is based on small numbers so should be interpreted with caution.,4.8*,18,adults_recent_asthma_attack,age_adjusted_pct,2013
31,204,UHF42,41,6.4,"(3.4, 11.8)",* Estimate is based on small numbers so should be interpreted with caution.,6.4*,18,adults_recent_asthma_attack,age_adjusted_pct,2014
31,204,UHF42,44,9.2,"(5.5, 14.8)",,9.2,18,adults_recent_asthma_attack,age_adjusted_pct,2015
31,204,UHF42,45,5.1,"(2.5, 10.1)",* Estimate is based on small numbers so should be interpreted with caution.,5.1*,18,adults_recent_asthma_attack,age_adjusted_pct,2016
31,204,UHF42,46,3.6,"(1.6, 8.2)",* Estimate is based on small numbers so should be interpreted with caution.,3.6*,18,adults_recent_asthma_attack,age_adjusted_pct,2017
31,204,UHF42,47,5.9,"(2.2, 15.3)",* Estimate is based on small numbers so should be interpreted with caution.,5.9*,18,adults_recent_asthma_attack,age_adjusted_pct,2018
31,204,UHF42,48,8.4,"(3.3, 19.5)",* Estimate is based on small numbers so should be interpreted with caution.,8.4*,18,adults_recent_asthma_attack,age_adjusted_pct,2019
31,204,UHF42,49,3.9,"(1.5, 10.0)",* Estimate is based on small numbers so should be interpreted with caution.,3.9*,18,adults_recent_asthma_attack,age_adjusted_pct,2020
31,204,UHF42,289,9.0,"(3.9, 19.4)",* Estimate is based on small numbers so should be interpreted with caution.,9.0*,18,adults_recent_asthma_attack,age_adjusted_pct,2021
31,204,UHF42,296,7.0,"(2.9, 15.8)",* Estimate is based on small numbers so should be interpreted with caution.,7.0*,18,adults_recent_asthma_attack,age_adjusted_pct,2022
31,205,UHF42,7,5.9,"(3.1, 10.9)",* Estimate is based on small numbers so should be interpreted with caution.,5.9*,18,adults_recent_asthma_attack,age_adjusted_pct,2003
31,205,UHF42,8,3.2,"(1.7, 5.9)",* Estimate is based on small numbers so should be interpreted with caution.,3.2*,18,adults_recent_asthma_attack,age_adjusted_pct,2004
31,205,UHF42,10,5.4,"(2.3, 12.2)",* Estimate is based on small numbers so should be interpreted with caution.,5.4*,18,adults_recent_asthma_attack,age_adjusted_pct,2006
31,205,UHF42,11,,,** Estimate is suppressed due to insufficient data.,**,18,adults_recent_asthma_attack,age_adjusted_pct,2007
31,205,UHF42,12,,,** Estimate is suppressed due to insufficient data.,**,18,adults_recent_asthma_attack,age_adjusted_pct,2008
31,205,UHF42,13,2.7,"(1.1, 6.7)",* Estimate is based on small numbers so should be interpreted with caution.,2.7*,18,adults_recent_asthma_attack,age_adjusted_pct,2009
31,205,UHF42,14,,,** Estimate is suppressed due to insufficient data.,**,18,adults_recent_asthma_attack,age_adjusted_pct,2010
31,205,UHF42,38,,,** Estimate is suppressed due to insufficient data.,**,18,adults_recent_asthma_attack,age_adjusted_pct,2011
31,205,UHF42,39,1.7,"(0.4, 6.3)",* Estimate is based on small numbers so should be interpreted with caution.,1.7*,18,adults_recent_asthma_attack,age_adjusted_pct,2012
31,205,UHF42,40,1.5,"(0.5, 4.9)",* Estimate is based on small numbers so should be interpreted with caution.,1.5*,18,adults_recent_asthma_attack,age_adjusted_pct,2013
31,205,UHF42,41,0.7,"(0.2, 2.7)",* Estimate is based on small numbers so should be interpreted with caution.,0.7*,18,adults_recent_asthma_attack,age_adjusted_pct,2014
31,205,UHF42,44,3.6,"(1.4, 9.1)",* Estimate is based on small numbers so should be interpreted with caution.,3.6*,18,adults_recent_asthma_attack,age_adjusted_pct,2015
31,205,UHF42,45,1.6,"(0.4, 5.6)",* Estimate is based on small numbers so should be interpreted with caution.,1.6*,18,adults_recent_asthma_attack,age_adjusted_pct,2016
31,205,UHF42,46,2.9,"(1.3, 6.2)",* Estimate is based on small numbers so should be interpreted with caution.,2.9*,18,adults_recent_asthma_attack,age_adjusted_pct,2017
31,205,UHF42,47,0.8,"(0.2, 2.7)",* Estimate is based on small numbers so should be interpreted with caution.,0.8*,18,adults_recent_asthma_attack,age_adjusted_pct,2018
31,205,UHF42,48,,,** Estimate is suppressed due to insufficient data.,**,18,adults_recent_asthma_attack,age_adjusted_pct,2019
31,205,UHF42,49,,,** Estimate is suppressed due to insufficient data.,**,18,adults_recent_asthma_attack,age_adjusted_pct,2020
31,205,UHF42,289,,,** Estimate is suppressed due to insufficient data.,**,18,adults_recent_asthma_attack,age_adjusted_pct,2021
31,205,UHF42,296,,,** Estimate is suppressed due to insufficient data.,**,18,adults_recent_asthma_attack,age_adjusted_pct,2022
31,206,UHF42,7,3.9,"(2.3, 6.5)",,3.9,18,adults_recent_asthma_attack,age_adjusted_pct,2003
31,206,UHF42,8,3.2,"(1.7, 6.1)",* Estimate is based on small numbers so should be interpreted with caution.,3.2*,18,adults_recent_asthma_attack,age_adjusted_pct,2004
31,206,UHF42,10,2.7,"(1.4, 5.3)",* Estimate is based on small numbers so should be interpreted with caution.,2.7*,18,adults_recent_asthma_attack,age_adjusted_pct,2006
31,206,UHF42,11,2.0,"(1.0, 4.0)",* Estimate is based on small numbers so should be interpreted with caution.,2.0*,18,adults_recent_asthma_attack,age_adjusted_pct,2007
31,206,UHF42,12,3.5,"(1.5, 7.7)",* Estimate is based on small numbers so should be interpreted with caution.,3.5*,18,adults_recent_asthma_attack,age_adjusted_pct,2008
31,206,UHF42,13,0.8,"(0.3, 2.8)",* Estimate is based on small numbers so should be interpreted with caution.,0.8*,18,adults_recent_asthma_attack,age_adjusted_pct,2009
31,206,UHF42,14,1.8,"(0.6, 4.8)",* Estimate is based on small numbers so should be interpreted with caution.,1.8*,18,adults_recent_asthma_attack,age_adjusted_pct,2010
31,206,UHF42,38,3.2,"(1.4, 6.9)",* Estimate is based on small numbers so should be interpreted with caution.,3.2*,18,adults_recent_asthma_attack,age_adjusted_pct,2011
31,206,UHF42,39,4.0,"(1.8, 8.8)",* Estimate is based on small numbers so should be interpreted with caution.,4.0*,18,adults_recent_asthma_attack,age_adjusted_pct,2012
31,206,UHF42,40,3.7,"(1.4, 9.2)",* Estimate is based on small numbers so should be interpreted with caution.,3.7*,18,adults_recent_asthma_attack,age_adjusted_pct,2013
31,206,UHF42,41,3.1,"(1.4, 6.8)",* Estimate is based on small numbers so should be interpreted with caution.,3.1*,18,adults_recent_asthma_attack,age_adjusted_pct,2014
31,206,UHF42,44,2.8,"(1.4, 5.2)",* Estimate is based on small numbers so should be interpreted with caution.,2.8*,18,adults_recent_asthma_attack,age_adjusted_pct,2015
31,206,UHF42,45,2.4,"(1.0, 5.6)",* Estimate is based on small numbers so should be interpreted with caution.,2.4*,18,adults_recent_asthma_attack,age_adjusted_pct,2016
31,206,UHF42,46,2.2,"(1.1, 4.7)",* Estimate is based on small numbers so should be interpreted with caution.,2.2*,18,adults_recent_asthma_attack,age_adjusted_pct,2017
31,206,UHF42,47,1.6,"(0.7, 3.7)",* Estimate is based on small numbers so should be interpreted with caution.,1.6*,18,adults_recent_asthma_attack,age_adjusted_pct,2018
31,206,UHF42,48,2.1,"(1.1, 4.1)",* Estimate is based on small numbers so should be interpreted with caution.,2.1*,18,adults_recent_asthma_attack,age_adjusted_pct,2019
31,206,UHF42,49,3.4,"(1.7, 6.8)",* Estimate is based on small numbers so should be interpreted with caution.,3.4*,18,adults_recent_asthma_attack,age_adjusted_pct,2020
31,206,UHF42,289,4.2,"(1.6, 10.1)",* Estimate is based on small numbers so should be interpreted with caution.,4.2*,18,adults_recent_asthma_attack,age_adjusted_pct,2021
31,206,UHF42,296,2.0,"(0.8, 4.8)",* Estimate is based on small numbers so should be interpreted with caution.,2.0*,18,adults_recent_asthma_attack,age_adjusted_pct,2022
31,207,UHF42,7,2.0,"(1.0, 4.0)",* Estimate is based on small numbers so should be interpreted with caution.,2.0*,18,adults_recent_asthma_attack,age_adjusted_pct,2003
31,207,UHF42,8,7.4,"(4.6, 11.6)",,7.4,18,adults_recent_asthma_attack,age_adjusted_pct,2004
31,207,UHF42,10,3.8,"(2.2, 6.3)",,3.8,18,adults_recent_asthma_attack,age_adjusted_pct,2006
31,207,UHF42,11,3.9,"(2.0, 7.5)",* Estimate is based on small numbers so should be interpreted with caution.,3.9*,18,adults_recent_asthma_attack,age_adjusted_pct,2007
31,207,UHF42,12,3.9,"(1.7, 8.5)",* Estimate is based on small numbers so should be interpreted with caution.,3.9*,18,adults_recent_asthma_attack,age_adjusted_pct,2008
31,207,UHF42,13,1.4,"(0.4, 4.8)",* Estimate is based on small numbers so should be interpreted with caution.,1.4*,18,adults_recent_asthma_attack,age_adjusted_pct,2009
31,207,UHF42,14,,,** Estimate is suppressed due to insufficient data.,**,18,adults_recent_asthma_attack,age_adjusted_pct,2010
31,207,UHF42,38,1.3,"(0.3, 5.2)",* Estimate is based on small numbers so should be interpreted with caution.,1.3*,18,adults_recent_asthma_attack,age_adjusted_pct,2011
31,207,UHF42,39,2.0,"(0.8, 4.6)",* Estimate is based on small numbers so should be interpreted with caution.,2.0*,18,adults_recent_asthma_attack,age_adjusted_pct,2012
31,207,UHF42,40,6.4,"(3.4, 11.8)",* Estimate is based on small numbers so should be interpreted with caution.,6.4*,18,adults_recent_asthma_attack,age_adjusted_pct,2013
31,207,UHF42,41,3.1,"(1.6, 5.9)",* Estimate is based on small numbers so should be interpreted with caution.,3.1*,18,adults_recent_asthma_attack,age_adjusted_pct,2014
31,207,UHF42,44,5.0,"(2.9, 8.7)",,5.0,18,adults_recent_asthma_attack,age_adjusted_pct,2015
31,207,UHF42,45,1.4,"(0.6, 3.0)",* Estimate is based on small numbers so should be interpreted with caution.,1.4*,18,adults_recent_asthma_attack,age_adjusted_pct,2016
31,207,UHF42,46,4.0,"(2.3, 7.0)",,4.0,18,adults_recent_asthma_attack,age_adjusted_pct,2017
31,207,UHF42,47,,,** Estimate is suppressed due to insufficient data.,**,18,adults_recent_asthma_attack,age_adjusted_pct,2018
31,207,UHF42,48,7.1,"(3.6, 13.4)",* Estimate is based on small numbers so should be interpreted with caution.,7.1*,18,adults_recent_asthma_attack,age_adjusted_pct,2019
31,207,UHF42,49,2.4,"(1.1, 5.1)",* Estimate is based on small numbers so should be interpreted with caution.,2.4*,18,adults_recent_asthma_attack,age_adjusted_pct,2020
31,207,UHF42,289,5.2,"(2.5, 10.6)",* Estimate is based on small numbers so should be interpreted with caution.,5.2*,18,adults_recent_asthma_attack,age_adjusted_pct,2021
31,207,UHF42,296,5.1,"(2.5, 9.9)",* Estimate is based on small numbers so should be interpreted with caution.,5.1*,18,adults_recent_asthma_attack,age_adjusted_pct,2022
31,208,UHF42,7,3.8,"(1.9, 7.3)",* Estimate is based on small numbers so should be interpreted with caution.,3.8*,18,adults_recent_asthma_attack,age_adjusted_pct,2003
31,208,UHF42,8,3.9,"(1.9, 7.8)",* Estimate is based on small numbers so should be interpreted with caution.,3.9*,18,adults_recent_asthma_attack,age_adjusted_pct,2004
31,208,UHF42,10,,,** Estimate is suppressed due to insufficient data.,**,18,adults_recent_asthma_attack,age_adjusted_pct,2006
31,208,UHF42,11,2.5,"(1.0, 5.8)",* Estimate is based on small numbers so should be interpreted with caution.,2.5*,18,adults_recent_asthma_attack,age_adjusted_pct,2007
31,208,UHF42,12,3.0,"(1.2, 7.5)",* Estimate is based on small numbers so should be interpreted with caution.,3.0*,18,adults_recent_asthma_attack,age_adjusted_pct,2008
31,208,UHF42,13,2.3,"(1.0, 5.0)",* Estimate is based on small numbers so should be interpreted with caution.,2.3*,18,adults_recent_asthma_attack,age_adjusted_pct,2009
31,208,UHF42,14,3.3,"(1.5, 7.1)",* Estimate is based on small numbers so should be interpreted with caution.,3.3*,18,adults_recent_asthma_attack,age_adjusted_pct,2010
31,208,UHF42,38,,,** Estimate is suppressed due to insufficient data.,**,18,adults_recent_asthma_attack,age_adjusted_pct,2011
31,208,UHF42,39,6.0,"(2.5, 13.6)",* Estimate is based on small numbers so should be interpreted with caution.,6.0*,18,adults_recent_asthma_attack,age_adjusted_pct,2012
31,208,UHF42,40,4.3,"(1.8, 9.9)",* Estimate is based on small numbers so should be interpreted with caution.,4.3*,18,adults_recent_asthma_attack,age_adjusted_pct,2013
31,208,UHF42,41,,,** Estimate is suppressed due to insufficient data.,**,18,adults_recent_asthma_attack,age_adjusted_pct,2014
31,208,UHF42,44,5.2,"(2.7, 9.7)",* Estimate is based on small numbers so should be interpreted with caution.,5.2*,18,adults_recent_asthma_attack,age_adjusted_pct,2015
31,208,UHF42,45,9.6,"(3.7, 22.6)",* Estimate is based on small numbers so should be interpreted with caution.,9.6*,18,adults_recent_asthma_attack,age_adjusted_pct,2016
31,208,UHF42,46,3.8,"(1.7, 8.3)",* Estimate is based on small numbers so should be interpreted with caution.,3.8*,18,adults_recent_asthma_attack,age_adjusted_pct,2017
31,208,UHF42,47,2.3,"(0.9, 6.2)",* Estimate is based on small numbers so should be interpreted with caution.,2.3*,18,adults_recent_asthma_attack,age_adjusted_pct,2018
31,208,UHF42,48,6.5,"(2.7, 14.8)",* Estimate is based on small numbers so should be interpreted with caution.,6.5*,18,adults_recent_asthma_attack,age_adjusted_pct,2019
31,208,UHF42,49,8.0,"(3.0, 19.6)",* Estimate is based on small numbers so should be interpreted with caution.,8.0*,18,adults_recent_asthma_attack,age_adjusted_pct,2020
31,208,UHF42,289,1.2,"(0.5, 3.0)",* Estimate is based on small numbers so should be interpreted with caution.,1.2*,18,adults_recent_asthma_attack,age_adjusted_pct,2021
31,208,UHF42,296,5.0,"(2.1, 11.1)",* Estimate is based on small numbers so should be interpreted with caution.,5.0*,18,adults_recent_asthma_attack,age_adjusted_pct,2022
31,209,UHF42,7,2.0,"(1.0, 4.0)",* Estimate is based on small numbers so should be interpreted with caution.,2.0*,18,adults_recent_asthma_attack,age_adjusted_pct,2003
31,209,UHF42,8,3.8,"(2.0, 7.0)",* Estimate is based on small numbers so should be interpreted with caution.,3.8*,18,adults_recent_asthma_attack,age_adjusted_pct,2004
31,209,UHF42,10,3.5,"(2.0, 5.9)",,3.5,18,adults_recent_asthma_attack,age_adjusted_pct,2006
31,209,UHF42,11,4.5,"(2.3, 8.8)",* Estimate is based on small numbers so should be interpreted with caution.,4.5*,18,adults_recent_asthma_attack,age_adjusted_pct,2007
31,209,UHF42,12,,,** Estimate is suppressed due to insufficient data.,**,18,adults_recent_asthma_attack,age_adjusted_pct,2008
31,209,UHF42,13,3.5,"(1.5, 8.2)",* Estimate is based on small numbers so should be interpreted with caution.,3.5*,18,adults_recent_asthma_attack,age_adjusted_pct,2009
31,209,UHF42,14,2.7,"(1.2, 5.8)",* Estimate is based on small numbers so should be interpreted with caution.,2.7*,18,adults_recent_asthma_attack,age_adjusted_pct,2010
31,209,UHF42,38,,,** Estimate is suppressed due to insufficient data.,**,18,adults_recent_asthma_attack,age_adjusted_pct,2011
31,209,UHF42,39,,,** Estimate is suppressed due to insufficient data.,**,18,adults_recent_asthma_attack,age_adjusted_pct,2012
31,209,UHF42,40,,,** Estimate is suppressed due to insufficient data.,**,18,adults_recent_asthma_attack,age_adjusted_pct,2013
31,209,UHF42,41,2.1,"(0.6, 6.6)",* Estimate is based on small numbers so should be interpreted with caution.,2.1*,18,adults_recent_asthma_attack,age_adjusted_pct,2014
31,209,UHF42,44,2.7,"(1.4, 5.2)",* Estimate is based on small numbers so should be interpreted with caution.,2.7*,18,adults_recent_asthma_attack,age_adjusted_pct,2015
31,209,UHF42,45,4.4,"(1.7, 10.9)",* Estimate is based on small numbers so should be interpreted with caution.,4.4*,18,adults_recent_asthma_attack,age_adjusted_pct,2016
31,209,UHF42,46,2.2,"(0.8, 5.6)",* Estimate is based on small numbers so should be interpreted with caution.,2.2*,18,adults_recent_asthma_attack,age_adjusted_pct,2017
31,209,UHF42,47,3.0,"(1.3, 6.7)",* Estimate is based on small numbers so should be interpreted with caution.,3.0*,18,adults_recent_asthma_attack,age_adjusted_pct,2018
31,209,UHF42,48,8.5,"(4.5, 15.5)",* Estimate is based on small numbers so should be interpreted with caution.,8.5*,18,adults_recent_asthma_attack,age_adjusted_pct,2019
31,209,UHF42,49,2.4,"(0.9, 6.0)",* Estimate is based on small numbers so should be interpreted with caution.,2.4*,18,adults_recent_asthma_attack,age_adjusted_pct,2020
31,209,UHF42,289,9.4,"(4.5, 18.7)",* Estimate is based on small numbers so should be interpreted with caution.,9.4*,18,adults_recent_asthma_attack,age_adjusted_pct,2021
31,209,UHF42,296,3.3,"(1.6, 6.7)",* Estimate is based on small numbers so should be interpreted with caution.,3.3*,18,adults_recent_asthma_attack,age_adjusted_pct,2022
31,210,UHF42,7,2.7,"(1.3, 5.5)",* Estimate is based on small numbers so should be interpreted with caution.,2.7*,18,adults_recent_asthma_attack,age_adjusted_pct,2003
31,210,UHF42,8,4.5,"(2.4, 8.2)",* Estimate is based on small numbers so should be interpreted with caution.,4.5*,18,adults_recent_asthma_attack,age_adjusted_pct,2004
31,210,UHF42,10,3.5,"(1.7, 7.1)",* Estimate is based on small numbers so should be interpreted with caution.,3.5*,18,adults_recent_asthma_attack,age_adjusted_pct,2006
31,210,UHF42,11,4.5,"(2.4, 8.2)",* Estimate is based on small numbers so should be interpreted with caution.,4.5*,18,adults_recent_asthma_attack,age_adjusted_pct,2007
31,210,UHF42,12,4.6,"(2.1, 9.6)",* Estimate is based on small numbers so should be interpreted with caution.,4.6*,18,adults_recent_asthma_attack,age_adjusted_pct,2008
31,210,UHF42,13,3.5,"(1.6, 7.7)",* Estimate is based on small numbers so should be interpreted with caution.,3.5*,18,adults_recent_asthma_attack,age_adjusted_pct,2009
31,210,UHF42,14,,,** Estimate is suppressed due to insufficient data.,**,18,adults_recent_asthma_attack,age_adjusted_pct,2010
31,210,UHF42,38,4.1,"(1.8, 9.1)",* Estimate is based on small numbers so should be interpreted with caution.,4.1*,18,adults_recent_asthma_attack,age_adjusted_pct,2011
31,210,UHF42,39,5.5,"(2.9, 10.1)",* Estimate is based on small numbers so should be interpreted with caution.,5.5*,18,adults_recent_asthma_attack,age_adjusted_pct,2012
31,210,UHF42,40,2.3,"(1.1, 4.5)",* Estimate is based on small numbers so should be interpreted with caution.,2.3*,18,adults_recent_asthma_attack,age_adjusted_pct,2013
31,210,UHF42,41,3.2,"(1.2, 8.0)",* Estimate is based on small numbers so should be interpreted with caution.,3.2*,18,adults_recent_asthma_attack,age_adjusted_pct,2014
31,210,UHF42,44,6.3,"(3.8, 10.3)",,6.3,18,adults_recent_asthma_attack,age_adjusted_pct,2015
31,210,UHF42,45,3.0,"(1.7, 5.4)",,3.0,18,adults_recent_asthma_attack,age_adjusted_pct,2016
31,210,UHF42,46,2.5,"(1.2, 5.3)",* Estimate is based on small numbers so should be interpreted with caution.,2.5*,18,adults_recent_asthma_attack,age_adjusted_pct,2017
31,210,UHF42,47,3.0,"(1.7, 5.3)",,3.0,18,adults_recent_asthma_attack,age_adjusted_pct,2018
31,210,UHF42,48,2.7,"(1.3, 5.3)",* Estimate is based on small numbers so should be interpreted with caution.,2.7*,18,adults_recent_asthma_attack,age_adjusted_pct,2019
31,210,UHF42,49,3.6,"(1.6, 8.1)",* Estimate is based on small numbers so should be interpreted with caution.,3.6*,18,adults_recent_asthma_attack,age_adjusted_pct,2020
31,210,UHF42,289,4.7,"(2.5, 8.6)",* Estimate is based on small numbers so should be interpreted with caution.,4.7*,18,adults_recent_asthma_attack,age_adjusted_pct,2021
31,210,UHF42,296,,,** Estimate is suppressed due to insufficient data.,**,18,adults_recent_asthma_attack,age_adjusted_pct,2022
31,211,UHF42,7,9.5,"(5.8, 15.1)",,9.5,18,adults_recent_asthma_attack,age_adjusted_pct,2003
31,211,UHF42,8,10.3,"(6.5, 16.0)",,10.3,18,adults_recent_asthma_attack,age_adjusted_pct,2004
31,211,UHF42,10,5.8,"(3.5, 9.4)",,5.8,18,adults_recent_asthma_attack,age_adjusted_pct,2006
31,211,UHF42,11,3.6,"(1.9, 6.9)",* Estimate is based on small numbers so should be interpreted with caution.,3.6*,18,adults_recent_asthma_attack,age_adjusted_pct,2007
31,211,UHF42,12,3.3,"(1.6, 6.7)",* Estimate is based on small numbers so should be interpreted with caution.,3.3*,18,adults_recent_asthma_attack,age_adjusted_pct,2008
31,211,UHF42,13,7.3,"(4.1, 12.8)",,7.3,18,adults_recent_asthma_attack,age_adjusted_pct,2009
31,211,UHF42,14,3.9,"(2.1, 7.2)",* Estimate is based on small numbers so should be interpreted with caution.,3.9*,18,adults_recent_asthma_attack,age_adjusted_pct,2010
31,211,UHF42,38,4.6,"(2.5, 8.4)",* Estimate is based on small numbers so should be interpreted with caution.,4.6*,18,adults_recent_asthma_attack,age_adjusted_pct,2011
31,211,UHF42,39,6.2,"(3.4, 11.2)",* Estimate is based on small numbers so should be interpreted with caution.,6.2*,18,adults_recent_asthma_attack,age_adjusted_pct,2012
31,211,UHF42,40,7.0,"(3.9, 12.4)",,7.0,18,adults_recent_asthma_attack,age_adjusted_pct,2013
31,211,UHF42,41,6.3,"(3.2, 12.0)",* Estimate is based on small numbers so should be interpreted with caution.,6.3*,18,adults_recent_asthma_attack,age_adjusted_pct,2014
31,211,UHF42,44,6.0,"(3.3, 10.5)",,6.0,18,adults_recent_asthma_attack,age_adjusted_pct,2015
31,211,UHF42,45,5.3,"(3.1, 8.9)",,5.3,18,adults_recent_asthma_attack,age_adjusted_pct,2016
31,211,UHF42,46,2.2,"(1.0, 4.6)",* Estimate is based on small numbers so should be interpreted with caution.,2.2*,18,adults_recent_asthma_attack,age_adjusted_pct,2017
31,211,UHF42,47,5.9,"(2.5, 13.1)",* Estimate is based on small numbers so should be interpreted with caution.,5.9*,18,adults_recent_asthma_attack,age_adjusted_pct,2018
31,211,UHF42,48,5.5,"(2.5, 11.6)",* Estimate is based on small numbers so should be interpreted with caution.,5.5*,18,adults_recent_asthma_attack,age_adjusted_pct,2019
31,211,UHF42,49,5.5,"(2.4, 11.8)",* Estimate is based on small numbers so should be interpreted with caution.,5.5*,18,adults_recent_asthma_attack,age_adjusted_pct,2020
31,211,UHF42,289,5.4,"(2.1, 13.0)",* Estimate is based on small numbers so should be interpreted with caution.,5.4*,18,adults_recent_asthma_attack,age_adjusted_pct,2021
31,211,UHF42,296,9.2,"(5.0, 16.5)",* Estimate is based on small numbers so should be interpreted with caution.,9.2*,18,adults_recent_asthma_attack,age_adjusted_pct,2022
31,301,UHF42,7,3.4,"(1.6, 7.1)",* Estimate is based on small numbers so should be interpreted with caution.,3.4*,18,adults_recent_asthma_attack,age_adjusted_pct,2003
31,301,UHF42,8,5.5,"(3.0, 9.8)",* Estimate is based on small numbers so should be interpreted with caution.,5.5*,18,adults_recent_asthma_attack,age_adjusted_pct,2004
31,301,UHF42,10,4.9,"(2.4, 9.6)",* Estimate is based on small numbers so should be interpreted with caution.,4.9*,18,adults_recent_asthma_attack,age_adjusted_pct,2006
31,301,UHF42,11,3.8,"(2.0, 7.2)",* Estimate is based on small numbers so should be interpreted with caution.,3.8*,18,adults_recent_asthma_attack,age_adjusted_pct,2007
31,301,UHF42,12,5.7,"(2.4, 13.1)",* Estimate is based on small numbers so should be interpreted with caution.,5.7*,18,adults_recent_asthma_attack,age_adjusted_pct,2008
31,301,UHF42,13,2.6,"(1.2, 5.7)",* Estimate is based on small numbers so should be interpreted with caution.,2.6*,18,adults_recent_asthma_attack,age_adjusted_pct,2009
31,301,UHF42,14,4.1,"(1.9, 8.6)",* Estimate is based on small numbers so should be interpreted with caution.,4.1*,18,adults_recent_asthma_attack,age_adjusted_pct,2010
31,301,UHF42,38,,,** Estimate is suppressed due to insufficient data.,**,18,adults_recent_asthma_attack,age_adjusted_pct,2011
31,301,UHF42,39,3.1,"(1.3, 7.5)",* Estimate is based on small numbers so should be interpreted with caution.,3.1*,18,adults_recent_asthma_attack,age_adjusted_pct,2012
31,301,UHF42,40,6.2,"(3.2, 11.8)",* Estimate is based on small numbers so should be interpreted with caution.,6.2*,18,adults_recent_asthma_attack,age_adjusted_pct,2013
31,301,UHF42,41,5.2,"(2.7, 10.0)",* Estimate is based on small numbers so should be interpreted with caution.,5.2*,18,adults_recent_asthma_attack,age_adjusted_pct,2014
31,301,UHF42,44,8.3,"(5.4, 12.5)",,8.3,18,adults_recent_asthma_attack,age_adjusted_pct,2015
31,301,UHF42,45,4.5,"(1.8, 10.8)",* Estimate is based on small numbers so should be interpreted with caution.,4.5*,18,adults_recent_asthma_attack,age_adjusted_pct,2016
31,301,UHF42,46,7.2,"(4.1, 12.2)",,7.2,18,adults_recent_asthma_attack,age_adjusted_pct,2017
31,301,UHF42,47,4.5,"(2.1, 9.7)",* Estimate is based on small numbers so should be interpreted with caution.,4.5*,18,adults_recent_asthma_attack,age_adjusted_pct,2018
31,301,UHF42,48,8.4,"(3.9, 17.1)",* Estimate is based on small numbers so should be interpreted with caution.,8.4*,18,adults_recent_asthma_attack,age_adjusted_pct,2019
31,301,UHF42,49,6.1,"(2.6, 13.7)",* Estimate is based on small numbers so should be interpreted with caution.,6.1*,18,adults_recent_asthma_attack,age_adjusted_pct,2020
31,301,UHF42,289,2.7,"(1.3, 5.7)",* Estimate is based on small numbers so should be interpreted with caution.,2.7*,18,adults_recent_asthma_attack,age_adjusted_pct,2021
31,301,UHF42,296,5.7,"(2.5, 12.8)",* Estimate is based on small numbers so should be interpreted with caution.,5.7*,18,adults_recent_asthma_attack,age_adjusted_pct,2022
31,302,UHF42,7,8.9,"(5.5, 13.9)",,8.9,18,adults_recent_asthma_attack,age_adjusted_pct,2003
31,302,UHF42,8,3.9,"(2.1, 7.3)",* Estimate is based on small numbers so should be interpreted with caution.,3.9*,18,adults_recent_asthma_attack,age_adjusted_pct,2004
31,302,UHF42,10,10.7,"(6.7, 16.6)",,10.7,18,adults_recent_asthma_attack,age_adjusted_pct,2006
31,302,UHF42,11,6.5,"(3.9, 10.7)",,6.5,18,adults_recent_asthma_attack,age_adjusted_pct,2007
31,302,UHF42,12,5.9,"(2.8, 11.9)",* Estimate is based on small numbers so should be interpreted with caution.,5.9*,18,adults_recent_asthma_attack,age_adjusted_pct,2008
31,302,UHF42,13,4.5,"(2.3, 8.6)",* Estimate is based on small numbers so should be interpreted with caution.,4.5*,18,adults_recent_asthma_attack,age_adjusted_pct,2009
31,302,UHF42,14,2.8,"(1.4, 5.6)",* Estimate is based on small numbers so should be interpreted with caution.,2.8*,18,adults_recent_asthma_attack,age_adjusted_pct,2010
31,302,UHF42,38,1.8,"(0.5, 6.2)",* Estimate is based on small numbers so should be interpreted with caution.,1.8*,18,adults_recent_asthma_attack,age_adjusted_pct,2011
31,302,UHF42,39,11.5,"(5.0, 24.3)",* Estimate is based on small numbers so should be interpreted with caution.,11.5*,18,adults_recent_asthma_attack,age_adjusted_pct,2012
31,302,UHF42,40,3.6,"(1.8, 7.2)",* Estimate is based on small numbers so should be interpreted with caution.,3.6*,18,adults_recent_asthma_attack,age_adjusted_pct,2013
31,302,UHF42,41,4.1,"(2.1, 7.7)",* Estimate is based on small numbers so should be interpreted with caution.,4.1*,18,adults_recent_asthma_attack,age_adjusted_pct,2014
31,302,UHF42,44,6.2,"(3.4, 11.1)",* Estimate is based on small numbers so should be interpreted with caution.,6.2*,18,adults_recent_asthma_attack,age_adjusted_pct,2015
31,302,UHF42,45,7.1,"(3.5, 14.1)",* Estimate is based on small numbers so should be interpreted with caution.,7.1*,18,adults_recent_asthma_attack,age_adjusted_pct,2016
31,302,UHF42,46,1.9,"(0.9, 3.9)",* Estimate is based on small numbers so should be interpreted with caution.,1.9*,18,adults_recent_asthma_attack,age_adjusted_pct,2017
31,302,UHF42,47,9.3,"(5.4, 15.7)",,9.3,18,adults_recent_asthma_attack,age_adjusted_pct,2018
31,302,UHF42,48,2.6,"(1.2, 5.4)",* Estimate is based on small numbers so should be interpreted with caution.,2.6*,18,adults_recent_asthma_attack,age_adjusted_pct,2019
31,302,UHF42,49,7.9,"(4.0, 15.0)",* Estimate is based on small numbers so should be interpreted with caution.,7.9*,18,adults_recent_asthma_attack,age_adjusted_pct,2020
31,302,UHF42,289,4.7,"(1.8, 11.6)",* Estimate is based on small numbers so should be interpreted with caution.,4.7*,18,adults_recent_asthma_attack,age_adjusted_pct,2021
31,302,UHF42,296,,,** Estimate is suppressed due to insufficient data.,**,18,adults_recent_asthma_attack,age_adjusted_pct,2022
31,303,UHF42,7,7.9,"(4.8, 12.8)",,7.9,18,adults_recent_asthma_attack,age_adjusted_pct,2003
31,303,UHF42,8,8.6,"(5.1, 14.1)",,8.6,18,adults_recent_asthma_attack,age_adjusted_pct,2004
31,303,UHF42,10,7.6,"(4.2, 13.4)",* Estimate is based on small numbers so should be interpreted with caution.,7.6*,18,adults_recent_asthma_attack,age_adjusted_pct,2006
31,303,UHF42,11,5.8,"(2.8, 11.6)",* Estimate is based on small numbers so should be interpreted with caution.,5.8*,18,adults_recent_asthma_attack,age_adjusted_pct,2007
31,303,UHF42,12,12.6,"(6.8, 22.1)",,12.6,18,adults_recent_asthma_attack,age_adjusted_pct,2008
31,303,UHF42,13,,,** Estimate is suppressed due to insufficient data.,**,18,adults_recent_asthma_attack,age_adjusted_pct,2009
31,303,UHF42,14,15.3,"(6.6, 31.4)",* Estimate is based on small numbers so should be interpreted with caution.,15.3*,18,adults_recent_asthma_attack,age_adjusted_pct,2010
31,303,UHF42,38,15.7,"(8.0, 28.5)",* Estimate is based on small numbers so should be interpreted with caution.,15.7*,18,adults_recent_asthma_attack,age_adjusted_pct,2011
31,303,UHF42,39,,,** Estimate is suppressed due to insufficient data.,**,18,adults_recent_asthma_attack,age_adjusted_pct,2012
31,303,UHF42,40,1.8,"(0.7, 4.5)",* Estimate is based on small numbers so should be interpreted with caution.,1.8*,18,adults_recent_asthma_attack,age_adjusted_pct,2013
31,303,UHF42,41,8.7,"(4.6, 15.8)",* Estimate is based on small numbers so should be interpreted with caution.,8.7*,18,adults_recent_asthma_attack,age_adjusted_pct,2014
31,303,UHF42,44,7.3,"(4.4, 11.8)",,7.3,18,adults_recent_asthma_attack,age_adjusted_pct,2015
31,303,UHF42,45,,,** Estimate is suppressed due to insufficient data.,**,18,adults_recent_asthma_attack,age_adjusted_pct,2016
31,303,UHF42,46,12.6,"(4.7, 29.7)",* Estimate is based on small numbers so should be interpreted with caution.,12.6*,18,adults_recent_asthma_attack,age_adjusted_pct,2017
31,303,UHF42,47,2.2,"(0.8, 6.3)",* Estimate is based on small numbers so should be interpreted with caution.,2.2*,18,adults_recent_asthma_attack,age_adjusted_pct,2018
31,303,UHF42,48,4.7,"(1.8, 11.7)",* Estimate is based on small numbers so should be interpreted with caution.,4.7*,18,adults_recent_asthma_attack,age_adjusted_pct,2019
31,303,UHF42,49,12.6,"(7.2, 21.1)",,12.6,18,adults_recent_asthma_attack,age_adjusted_pct,2020
31,303,UHF42,289,8.6,"(4.6, 15.4)",* Estimate is based on small numbers so should be interpreted with caution.,8.6*,18,adults_recent_asthma_attack,age_adjusted_pct,2021
31,303,UHF42,296,4.1,"(1.6, 10.5)",* Estimate is based on small numbers so should be interpreted with caution.,4.1*,18,adults_recent_asthma_attack,age_adjusted_pct,2022
31,304,UHF42,7,3.8,"(1.6, 9.1)",* Estimate is based on small numbers so should be interpreted with caution.,3.8*,18,adults_recent_asthma_attack,age_adjusted_pct,2003
31,304,UHF42,8,4.1,"(2.1, 7.9)",* Estimate is based on small numbers so should be interpreted with caution.,4.1*,18,adults_recent_asthma_attack,age_adjusted_pct,2004
31,304,UHF42,10,9.8,"(3.6, 23.8)",* Estimate is based on small numbers so should be interpreted with caution.,9.8*,18,adults_recent_asthma_attack,age_adjusted_pct,2006
31,304,UHF42,11,3.3,"(1.5, 7.0)",* Estimate is based on small numbers so should be interpreted with caution.,3.3*,18,adults_recent_asthma_attack,age_adjusted_pct,2007
31,304,UHF42,12,6.0,"(2.8, 12.2)",* Estimate is based on small numbers so should be interpreted with caution.,6.0*,18,adults_recent_asthma_attack,age_adjusted_pct,2008
31,304,UHF42,13,1.8,"(0.8, 3.6)",* Estimate is based on small numbers so should be interpreted with caution.,1.8*,18,adults_recent_asthma_attack,age_adjusted_pct,2009
31,304,UHF42,14,8.3,"(3.6, 18.2)",* Estimate is based on small numbers so should be interpreted with caution.,8.3*,18,adults_recent_asthma_attack,age_adjusted_pct,2010
31,304,UHF42,38,,,** Estimate is suppressed due to insufficient data.,**,18,adults_recent_asthma_attack,age_adjusted_pct,2011
31,304,UHF42,39,3.0,"(1.2, 7.0)",* Estimate is based on small numbers so should be interpreted with caution.,3.0*,18,adults_recent_asthma_attack,age_adjusted_pct,2012
31,304,UHF42,40,1.6,"(0.7, 3.9)",* Estimate is based on small numbers so should be interpreted with caution.,1.6*,18,adults_recent_asthma_attack,age_adjusted_pct,2013
31,304,UHF42,41,4.3,"(1.8, 10.0)",* Estimate is based on small numbers so should be interpreted with caution.,4.3*,18,adults_recent_asthma_attack,age_adjusted_pct,2014
31,304,UHF42,44,4.0,"(2.0, 7.9)",* Estimate is based on small numbers so should be interpreted with caution.,4.0*,18,adults_recent_asthma_attack,age_adjusted_pct,2015
31,304,UHF42,45,,,** Estimate is suppressed due to insufficient data.,**,18,adults_recent_asthma_attack,age_adjusted_pct,2016
31,304,UHF42,46,1.1,"(0.3, 3.9)",* Estimate is based on small numbers so should be interpreted with caution.,1.1*,18,adults_recent_asthma_attack,age_adjusted_pct,2017
31,304,UHF42,47,1.6,"(0.5, 4.7)",* Estimate is based on small numbers so should be interpreted with caution.,1.6*,18,adults_recent_asthma_attack,age_adjusted_pct,2018
31,304,UHF42,48,4.5,"(1.6, 11.7)",* Estimate is based on small numbers so should be interpreted with caution.,4.5*,18,adults_recent_asthma_attack,age_adjusted_pct,2019
31,304,UHF42,49,3.1,"(1.3, 7.3)",* Estimate is based on small numbers so should be interpreted with caution.,3.1*,18,adults_recent_asthma_attack,age_adjusted_pct,2020
31,304,UHF42,289,6.3,"(2.6, 14.8)",* Estimate is based on small numbers so should be interpreted with caution.,6.3*,18,adults_recent_asthma_attack,age_adjusted_pct,2021
31,304,UHF42,296,8.0,"(3.1, 19.2)",* Estimate is based on small numbers so should be interpreted with caution.,8.0*,18,adults_recent_asthma_attack,age_adjusted_pct,2022
31,305,UHF42,7,4.5,"(2.4, 8.4)",* Estimate is based on small numbers so should be interpreted with caution.,4.5*,18,adults_recent_asthma_attack,age_adjusted_pct,2003
31,305,UHF42,8,2.9,"(1.4, 5.8)",* Estimate is based on small numbers so should be interpreted with caution.,2.9*,18,adults_recent_asthma_attack,age_adjusted_pct,2004
31,305,UHF42,10,8.4,"(4.7, 14.7)",,8.4,18,adults_recent_asthma_attack,age_adjusted_pct,2006
31,305,UHF42,11,3.1,"(1.6, 5.8)",* Estimate is based on small numbers so should be interpreted with caution.,3.1*,18,adults_recent_asthma_attack,age_adjusted_pct,2007
31,305,UHF42,12,4.2,"(2.0, 8.8)",* Estimate is based on small numbers so should be interpreted with caution.,4.2*,18,adults_recent_asthma_attack,age_adjusted_pct,2008
31,305,UHF42,13,2.5,"(0.9, 6.7)",* Estimate is based on small numbers so should be interpreted with caution.,2.5*,18,adults_recent_asthma_attack,age_adjusted_pct,2009
31,305,UHF42,14,1.2,"(0.5, 2.5)",* Estimate is based on small numbers so should be interpreted with caution.,1.2*,18,adults_recent_asthma_attack,age_adjusted_pct,2010
31,305,UHF42,38,1.8,"(0.9, 3.6)",* Estimate is based on small numbers so should be interpreted with caution.,1.8*,18,adults_recent_asthma_attack,age_adjusted_pct,2011
31,305,UHF42,39,2.1,"(1.0, 4.3)",* Estimate is based on small numbers so should be interpreted with caution.,2.1*,18,adults_recent_asthma_attack,age_adjusted_pct,2012
31,305,UHF42,40,4.7,"(2.6, 8.6)",* Estimate is based on small numbers so should be interpreted with caution.,4.7*,18,adults_recent_asthma_attack,age_adjusted_pct,2013
31,305,UHF42,41,2.8,"(1.1, 6.7)",* Estimate is based on small numbers so should be interpreted with caution.,2.8*,18,adults_recent_asthma_attack,age_adjusted_pct,2014
31,305,UHF42,44,5.7,"(3.1, 10.5)",* Estimate is based on small numbers so should be interpreted with caution.,5.7*,18,adults_recent_asthma_attack,age_adjusted_pct,2015
31,305,UHF42,45,6.2,"(3.2, 11.7)",* Estimate is based on small numbers so should be interpreted with caution.,6.2*,18,adults_recent_asthma_attack,age_adjusted_pct,2016
31,305,UHF42,46,4.2,"(2.4, 7.2)",,4.2,18,adults_recent_asthma_attack,age_adjusted_pct,2017
31,305,UHF42,47,4.9,"(2.5, 9.2)",* Estimate is based on small numbers so should be interpreted with caution.,4.9*,18,adults_recent_asthma_attack,age_adjusted_pct,2018
31,305,UHF42,48,,,** Estimate is suppressed due to insufficient data.,**,18,adults_recent_asthma_attack,age_adjusted_pct,2019
31,305,UHF42,49,2.3,"(1.0, 5.2)",* Estimate is based on small numbers so should be interpreted with caution.,2.3*,18,adults_recent_asthma_attack,age_adjusted_pct,2020
31,305,UHF42,289,5.8,"(2.7, 12.3)",* Estimate is based on small numbers so should be interpreted with caution.,5.8*,18,adults_recent_asthma_attack,age_adjusted_pct,2021
31,305,UHF42,296,3.7,"(1.9, 7.0)",* Estimate is based on small numbers so should be interpreted with caution.,3.7*,18,adults_recent_asthma_attack,age_adjusted_pct,2022
31,306,UHF42,7,5.0,"(2.2, 11.0)",* Estimate is based on small numbers so should be interpreted with caution.,5.0*,18,adults_recent_asthma_attack,age_adjusted_pct,2003
31,306,UHF42,8,2.7,"(1.3, 5.6)",* Estimate is based on small numbers so should be interpreted with caution.,2.7*,18,adults_recent_asthma_attack,age_adjusted_pct,2004
31,306,UHF42,10,4.3,"(2.5, 7.3)",,4.3,18,adults_recent_asthma_attack,age_adjusted_pct,2006
31,306,UHF42,11,4.2,"(2.3, 7.5)",* Estimate is based on small numbers so should be interpreted with caution.,4.2*,18,adults_recent_asthma_attack,age_adjusted_pct,2007
31,306,UHF42,12,7.4,"(3.3, 15.8)",* Estimate is based on small numbers so should be interpreted with caution.,7.4*,18,adults_recent_asthma_attack,age_adjusted_pct,2008
31,306,UHF42,13,1.3,"(0.5, 3.2)",* Estimate is based on small numbers so should be interpreted with caution.,1.3*,18,adults_recent_asthma_attack,age_adjusted_pct,2009
31,306,UHF42,14,,,** Estimate is suppressed due to insufficient data.,**,18,adults_recent_asthma_attack,age_adjusted_pct,2010
31,306,UHF42,38,2.5,"(1.1, 5.4)",* Estimate is based on small numbers so should be interpreted with caution.,2.5*,18,adults_recent_asthma_attack,age_adjusted_pct,2011
31,306,UHF42,39,2.9,"(1.5, 5.6)",* Estimate is based on small numbers so should be interpreted with caution.,2.9*,18,adults_recent_asthma_attack,age_adjusted_pct,2012
31,306,UHF42,40,4.3,"(2.3, 7.8)",* Estimate is based on small numbers so should be interpreted with caution.,4.3*,18,adults_recent_asthma_attack,age_adjusted_pct,2013
31,306,UHF42,41,4.0,"(1.7, 9.4)",* Estimate is based on small numbers so should be interpreted with caution.,4.0*,18,adults_recent_asthma_attack,age_adjusted_pct,2014
31,306,UHF42,44,6.4,"(3.3, 12.1)",* Estimate is based on small numbers so should be interpreted with caution.,6.4*,18,adults_recent_asthma_attack,age_adjusted_pct,2015
31,306,UHF42,45,,,** Estimate is suppressed due to insufficient data.,**,18,adults_recent_asthma_attack,age_adjusted_pct,2016
31,306,UHF42,46,3.7,"(1.7, 7.9)",* Estimate is based on small numbers so should be interpreted with caution.,3.7*,18,adults_recent_asthma_attack,age_adjusted_pct,2017
31,306,UHF42,47,4.5,"(2.1, 9.2)",* Estimate is based on small numbers so should be interpreted with caution.,4.5*,18,adults_recent_asthma_attack,age_adjusted_pct,2018
31,306,UHF42,48,2.9,"(1.4, 5.9)",* Estimate is based on small numbers so should be interpreted with caution.,2.9*,18,adults_recent_asthma_attack,age_adjusted_pct,2019
31,306,UHF42,49,2.0,"(0.8, 5.0)",* Estimate is based on small numbers so should be interpreted with caution.,2.0*,18,adults_recent_asthma_attack,age_adjusted_pct,2020
31,306,UHF42,289,5.5,"(2.4, 11.9)",* Estimate is based on small numbers so should be interpreted with caution.,5.5*,18,adults_recent_asthma_attack,age_adjusted_pct,2021
31,306,UHF42,296,1.8,"(0.8, 4.0)",* Estimate is based on small numbers so should be interpreted with caution.,1.8*,18,adults_recent_asthma_attack,age_adjusted_pct,2022
31,307,UHF42,7,4.5,"(2.4, 8.4)",* Estimate is based on small numbers so should be interpreted with caution.,4.5*,18,adults_recent_asthma_attack,age_adjusted_pct,2003
31,307,UHF42,8,2.9,"(1.4, 5.8)",* Estimate is based on small numbers so should be interpreted with caution.,2.9*,18,adults_recent_asthma_attack,age_adjusted_pct,2004
31,307,UHF42,10,8.4,"(4.7, 14.7)",,8.4,18,adults_recent_asthma_attack,age_adjusted_pct,2006
31,307,UHF42,11,3.1,"(1.6, 5.8)",* Estimate is based on small numbers so should be interpreted with caution.,3.1*,18,adults_recent_asthma_attack,age_adjusted_pct,2007
31,307,UHF42,12,4.2,"(2.0, 8.8)",* Estimate is based on small numbers so should be interpreted with caution.,4.2*,18,adults_recent_asthma_attack,age_adjusted_pct,2008
31,307,UHF42,13,2.5,"(0.9, 6.7)",* Estimate is based on small numbers so should be interpreted with caution.,2.5*,18,adults_recent_asthma_attack,age_adjusted_pct,2009
31,307,UHF42,14,1.2,"(0.5, 2.5)",* Estimate is based on small numbers so should be interpreted with caution.,1.2*,18,adults_recent_asthma_attack,age_adjusted_pct,2010
31,307,UHF42,38,1.8,"(0.9, 3.6)",* Estimate is based on small numbers so should be interpreted with caution.,1.8*,18,adults_recent_asthma_attack,age_adjusted_pct,2011
31,307,UHF42,39,2.1,"(1.0, 4.3)",* Estimate is based on small numbers so should be interpreted with caution.,2.1*,18,adults_recent_asthma_attack,age_adjusted_pct,2012
31,307,UHF42,40,4.7,"(2.6, 8.6)",* Estimate is based on small numbers so should be interpreted with caution.,4.7*,18,adults_recent_asthma_attack,age_adjusted_pct,2013
31,307,UHF42,41,2.8,"(1.1, 6.7)",* Estimate is based on small numbers so should be interpreted with caution.,2.8*,18,adults_recent_asthma_attack,age_adjusted_pct,2014
31,307,UHF42,44,5.7,"(3.1, 10.5)",* Estimate is based on small numbers so should be interpreted with caution.,5.7*,18,adults_recent_asthma_attack,age_adjusted_pct,2015
31,307,UHF42,45,6.2,"(3.2, 11.7)",* Estimate is based on small numbers so should be interpreted with caution.,6.2*,18,adults_recent_asthma_attack,age_adjusted_pct,2016
31,307,UHF42,46,4.2,"(2.4, 7.2)",,4.2,18,adults_recent_asthma_attack,age_adjusted_pct,2017
31,307,UHF42,47,4.9,"(2.5, 9.2)",* Estimate is based on small numbers so should be interpreted with caution.,4.9*,18,adults_recent_asthma_attack,age_adjusted_pct,2018
31,307,UHF42,48,,,** Estimate is suppressed due to insufficient data.,**,18,adults_recent_asthma_attack,age_adjusted_pct,2019
31,307,UHF42,49,2.3,"(1.0, 5.2)",* Estimate is based on small numbers so should be interpreted with caution.,2.3*,18,adults_recent_asthma_attack,age_adjusted_pct,2020
31,307,UHF42,289,5.8,"(2.7, 12.3)",* Estimate is based on small numbers so should be interpreted with caution.,5.8*,18,adults_recent_asthma_attack,age_adjusted_pct,2021
31,307,UHF42,296,3.7,"(1.9, 7.0)",* Estimate is based on small numbers so should be interpreted with caution.,3.7*,18,adults_recent_asthma_attack,age_adjusted_pct,2022
31,308,UHF42,7,5.0,"(2.2, 11.0)",* Estimate is based on small numbers so should be interpreted with caution.,5.0*,18,adults_recent_asthma_attack,age_adjusted_pct,2003
31,308,UHF42,8,2.7,"(1.3, 5.6)",* Estimate is based on small numbers so should be interpreted with caution.,2.7*,18,adults_recent_asthma_attack,age_adjusted_pct,2004
31,308,UHF42,10,4.3,"(2.5, 7.3)",,4.3,18,adults_recent_asthma_attack,age_adjusted_pct,2006
31,308,UHF42,11,4.2,"(2.3, 7.5)",* Estimate is based on small numbers so should be interpreted with caution.,4.2*,18,adults_recent_asthma_attack,age_adjusted_pct,2007
31,308,UHF42,12,7.4,"(3.3, 15.8)",* Estimate is based on small numbers so should be interpreted with caution.,7.4*,18,adults_recent_asthma_attack,age_adjusted_pct,2008
31,308,UHF42,13,1.3,"(0.5, 3.2)",* Estimate is based on small numbers so should be interpreted with caution.,1.3*,18,adults_recent_asthma_attack,age_adjusted_pct,2009
31,308,UHF42,14,,,** Estimate is suppressed due to insufficient data.,**,18,adults_recent_asthma_attack,age_adjusted_pct,2010
31,308,UHF42,38,2.5,"(1.1, 5.4)",* Estimate is based on small numbers so should be interpreted with caution.,2.5*,18,adults_recent_asthma_attack,age_adjusted_pct,2011
31,308,UHF42,39,2.9,"(1.5, 5.6)",* Estimate is based on small numbers so should be interpreted with caution.,2.9*,18,adults_recent_asthma_attack,age_adjusted_pct,2012
31,308,UHF42,40,4.3,"(2.3, 7.8)",* Estimate is based on small numbers so should be interpreted with caution.,4.3*,18,adults_recent_asthma_attack,age_adjusted_pct,2013
31,308,UHF42,41,4.0,"(1.7, 9.4)",* Estimate is based on small numbers so should be interpreted with caution.,4.0*,18,adults_recent_asthma_attack,age_adjusted_pct,2014
31,308,UHF42,44,6.4,"(3.3, 12.1)",* Estimate is based on small numbers so should be interpreted with caution.,6.4*,18,adults_recent_asthma_attack,age_adjusted_pct,2015
31,308,UHF42,45,,,** Estimate is suppressed due to insufficient data.,**,18,adults_recent_asthma_attack,age_adjusted_pct,2016
31,308,UHF42,46,3.7,"(1.7, 7.9)",* Estimate is based on small numbers so should be interpreted with caution.,3.7*,18,adults_recent_asthma_attack,age_adjusted_pct,2017
31,308,UHF42,47,4.5,"(2.1, 9.2)",* Estimate is based on small numbers so should be interpreted with caution.,4.5*,18,adults_recent_asthma_attack,age_adjusted_pct,2018
31,308,UHF42,48,2.9,"(1.4, 5.9)",* Estimate is based on small numbers so should be interpreted with caution.,2.9*,18,adults_recent_asthma_attack,age_adjusted_pct,2019
31,308,UHF42,49,2.0,"(0.8, 5.0)",* Estimate is based on small numbers so should be interpreted with caution.,2.0*,18,adults_recent_asthma_attack,age_adjusted_pct,2020
31,308,UHF42,289,5.5,"(2.4, 11.9)",* Estimate is based on small numbers so should be interpreted with caution.,5.5*,18,adults_recent_asthma_attack,age_adjusted_pct,2021
31,308,UHF42,296,1.8,"(0.8, 4.0)",* Estimate is based on small numbers so should be interpreted with caution.,1.8*,18,adults_recent_asthma_attack,age_adjusted_pct,2022
31,309,UHF42,7,4.5,"(2.6, 7.7)",,4.5,18,adults_recent_asthma_attack,age_adjusted_pct,2003
31,309,UHF42,8,5.1,"(3.0, 8.6)",,5.1,18,adults_recent_asthma_attack,age_adjusted_pct,2004
31,309,UHF42,10,6.8,"(4.3, 10.6)",,6.8,18,adults_recent_asthma_attack,age_adjusted_pct,2006
31,309,UHF42,11,6.4,"(3.8, 10.6)",,6.4,18,adults_recent_asthma_attack,age_adjusted_pct,2007
31,309,UHF42,12,4.2,"(2.2, 7.8)",* Estimate is based on small numbers so should be interpreted with caution.,4.2*,18,adults_recent_asthma_attack,age_adjusted_pct,2008
31,309,UHF42,13,3.3,"(1.8, 5.8)",,3.3,18,adults_recent_asthma_attack,age_adjusted_pct,2009
31,309,UHF42,14,4.6,"(2.6, 7.8)",,4.6,18,adults_recent_asthma_attack,age_adjusted_pct,2010
31,309,UHF42,38,2.1,"(0.9, 5.1)",* Estimate is based on small numbers so should be interpreted with caution.,2.1*,18,adults_recent_asthma_attack,age_adjusted_pct,2011
31,309,UHF42,39,5.3,"(2.4, 11.5)",* Estimate is based on small numbers so should be interpreted with caution.,5.3*,18,adults_recent_asthma_attack,age_adjusted_pct,2012
31,309,UHF42,40,5.2,"(2.9, 9.2)",,5.2,18,adults_recent_asthma_attack,age_adjusted_pct,2013
31,309,UHF42,41,3.8,"(2.0, 7.3)",* Estimate is based on small numbers so should be interpreted with caution.,3.8*,18,adults_recent_asthma_attack,age_adjusted_pct,2014
31,309,UHF42,44,6.1,"(3.5, 10.2)",,6.1,18,adults_recent_asthma_attack,age_adjusted_pct,2015
31,309,UHF42,45,1.0,"(0.3, 3.2)",* Estimate is based on small numbers so should be interpreted with caution.,1.0*,18,adults_recent_asthma_attack,age_adjusted_pct,2016
31,309,UHF42,46,5.1,"(2.5, 10.0)",* Estimate is based on small numbers so should be interpreted with caution.,5.1*,18,adults_recent_asthma_attack,age_adjusted_pct,2017
31,309,UHF42,47,9.9,"(5.6, 16.8)",,9.9,18,adults_recent_asthma_attack,age_adjusted_pct,2018
31,309,UHF42,48,4.5,"(2.4, 8.4)",* Estimate is based on small numbers so should be interpreted with caution.,4.5*,18,adults_recent_asthma_attack,age_adjusted_pct,2019
31,309,UHF42,49,3.9,"(2.1, 7.1)",* Estimate is based on small numbers so should be interpreted with caution.,3.9*,18,adults_recent_asthma_attack,age_adjusted_pct,2020
31,309,UHF42,289,4.0,"(2.0, 7.9)",* Estimate is based on small numbers so should be interpreted with caution.,4.0*,18,adults_recent_asthma_attack,age_adjusted_pct,2021
31,309,UHF42,296,4.1,"(2.1, 8.0)",* Estimate is based on small numbers so should be interpreted with caution.,4.1*,18,adults_recent_asthma_attack,age_adjusted_pct,2022
31,310,UHF42,7,4.5,"(2.6, 7.7)",,4.5,18,adults_recent_asthma_attack,age_adjusted_pct,2003
31,310,UHF42,8,5.1,"(3.0, 8.6)",,5.1,18,adults_recent_asthma_attack,age_adjusted_pct,2004
31,310,UHF42,10,6.8,"(4.3, 10.6)",,6.8,18,adults_recent_asthma_attack,age_adjusted_pct,2006
31,310,UHF42,11,6.4,"(3.8, 10.6)",,6.4,18,adults_recent_asthma_attack,age_adjusted_pct,2007
31,310,UHF42,12,4.2,"(2.2, 7.8)",* Estimate is based on small numbers so should be interpreted with caution.,4.2*,18,adults_recent_asthma_attack,age_adjusted_pct,2008
31,310,UHF42,13,3.3,"(1.8, 5.8)",,3.3,18,adults_recent_asthma_attack,age_adjusted_pct,2009
31,310,UHF42,14,4.6,"(2.6, 7.8)",,4.6,18,adults_recent_asthma_attack,age_adjusted_pct,2010
31,310,UHF42,38,2.1,"(0.9, 5.1)",* Estimate is based on small numbers so should be interpreted with caution.,2.1*,18,adults_recent_asthma_attack,age_adjusted_pct,2011
31,310,UHF42,39,5.3,"(2.4, 11.5)",* Estimate is based on small numbers so should be interpreted with caution.,5.3*,18,adults_recent_asthma_attack,age_adjusted_pct,2012
31,310,UHF42,40,5.2,"(2.9, 9.2)",,5.2,18,adults_recent_asthma_attack,age_adjusted_pct,2013
31,310,UHF42,41,3.8,"(2.0, 7.3)",* Estimate is based on small numbers so should be interpreted with caution.,3.8*,18,adults_recent_asthma_attack,age_adjusted_pct,2014
31,310,UHF42,44,6.1,"(3.5, 10.2)",,6.1,18,adults_recent_asthma_attack,age_adjusted_pct,2015
31,310,UHF42,45,1.0,"(0.3, 3.2)",* Estimate is based on small numbers so should be interpreted with caution.,1.0*,18,adults_recent_asthma_attack,age_adjusted_pct,2016
31,310,UHF42,46,5.1,"(2.5, 10.0)",* Estimate is based on small numbers so should be interpreted with caution.,5.1*,18,adults_recent_asthma_attack,age_adjusted_pct,2017
31,310,UHF42,47,9.9,"(5.6, 16.8)",,9.9,18,adults_recent_asthma_attack,age_adjusted_pct,2018
31,310,UHF42,48,4.5,"(2.4, 8.4)",* Estimate is based on small numbers so should be interpreted with caution.,4.5*,18,adults_recent_asthma_attack,age_adjusted_pct,2019
31,310,UHF42,49,3.9,"(2.1, 7.1)",* Estimate is based on small numbers so should be interpreted with caution.,3.9*,18,adults_recent_asthma_attack,age_adjusted_pct,2020
31,310,UHF42,289,4.0,"(2.0, 7.9)",* Estimate is based on small numbers so should be interpreted with caution.,4.0*,18,adults_recent_asthma_attack,age_adjusted_pct,2021
31,310,UHF42,296,4.1,"(2.1, 8.0)",* Estimate is based on small numbers so should be interpreted with caution.,4.1*,18,adults_recent_asthma_attack,age_adjusted_pct,2022
31,401,UHF42,7,3.4,"(1.8, 6.5)",* Estimate is based on small numbers so should be interpreted with caution.,3.4*,18,adults_recent_asthma_attack,age_adjusted_pct,2003
31,401,UHF42,8,4.0,"(1.8, 8.5)",* Estimate is based on small numbers so should be interpreted with caution.,4.0*,18,adults_recent_asthma_attack,age_adjusted_pct,2004
31,401,UHF42,10,3.4,"(1.9, 5.8)",,3.4,18,adults_recent_asthma_attack,age_adjusted_pct,2006
31,401,UHF42,11,6.1,"(3.5, 10.6)",,6.1,18,adults_recent_asthma_attack,age_adjusted_pct,2007
31,401,UHF42,12,3.4,"(1.5, 7.4)",* Estimate is based on small numbers so should be interpreted with caution.,3.4*,18,adults_recent_asthma_attack,age_adjusted_pct,2008
31,401,UHF42,13,2.9,"(1.2, 6.6)",* Estimate is based on small numbers so should be interpreted with caution.,2.9*,18,adults_recent_asthma_attack,age_adjusted_pct,2009
31,401,UHF42,14,0.8,"(0.3, 2.1)",* Estimate is based on small numbers so should be interpreted with caution.,0.8*,18,adults_recent_asthma_attack,age_adjusted_pct,2010
31,401,UHF42,38,3.7,"(1.4, 9.4)",* Estimate is based on small numbers so should be interpreted with caution.,3.7*,18,adults_recent_asthma_attack,age_adjusted_pct,2011
31,401,UHF42,39,,,** Estimate is suppressed due to insufficient data.,**,18,adults_recent_asthma_attack,age_adjusted_pct,2012
31,401,UHF42,40,,,** Estimate is suppressed due to insufficient data.,**,18,adults_recent_asthma_attack,age_adjusted_pct,2013
31,401,UHF42,41,3.1,"(1.2, 7.7)",* Estimate is based on small numbers so should be interpreted with caution.,3.1*,18,adults_recent_asthma_attack,age_adjusted_pct,2014
31,401,UHF42,44,7.6,"(3.5, 15.9)",* Estimate is based on small numbers so should be interpreted with caution.,7.6*,18,adults_recent_asthma_attack,age_adjusted_pct,2015
31,401,UHF42,45,,,** Estimate is suppressed due to insufficient data.,**,18,adults_recent_asthma_attack,age_adjusted_pct,2016
31,401,UHF42,46,5.4,"(2.1, 12.9)",* Estimate is based on small numbers so should be interpreted with caution.,5.4*,18,adults_recent_asthma_attack,age_adjusted_pct,2017
31,401,UHF42,47,8.5,"(3.7, 18.0)",* Estimate is based on small numbers so should be interpreted with caution.,8.5*,18,adults_recent_asthma_attack,age_adjusted_pct,2018
31,401,UHF42,48,0.4,"(0.1, 1.2)",* Estimate is based on small numbers so should be interpreted with caution.,0.4*,18,adults_recent_asthma_attack,age_adjusted_pct,2019
31,401,UHF42,49,3.5,"(1.3, 8.7)",* Estimate is based on small numbers so should be interpreted with caution.,3.5*,18,adults_recent_asthma_attack,age_adjusted_pct,2020
31,401,UHF42,289,5.0,"(2.4, 10.2)",* Estimate is based on small numbers so should be interpreted with caution.,5.0*,18,adults_recent_asthma_attack,age_adjusted_pct,2021
31,401,UHF42,296,,,** Estimate is suppressed due to insufficient data.,**,18,adults_recent_asthma_attack,age_adjusted_pct,2022
31,402,UHF42,7,5.2,"(3.1, 8.7)",,5.2,18,adults_recent_asthma_attack,age_adjusted_pct,2003
31,402,UHF42,8,2.0,"(0.9, 4.2)",* Estimate is based on small numbers so should be interpreted with caution.,2.0*,18,adults_recent_asthma_attack,age_adjusted_pct,2004
31,402,UHF42,10,2.3,"(1.0, 5.2)",* Estimate is based on small numbers so should be interpreted with caution.,2.3*,18,adults_recent_asthma_attack,age_adjusted_pct,2006
31,402,UHF42,11,2.9,"(1.6, 5.2)",,2.9,18,adults_recent_asthma_attack,age_adjusted_pct,2007
31,402,UHF42,12,4.0,"(2.1, 7.6)",* Estimate is based on small numbers so should be interpreted with caution.,4.0*,18,adults_recent_asthma_attack,age_adjusted_pct,2008
31,402,UHF42,13,1.5,"(0.7, 3.2)",* Estimate is based on small numbers so should be interpreted with caution.,1.5*,18,adults_recent_asthma_attack,age_adjusted_pct,2009
31,402,UHF42,14,2.4,"(1.1, 5.1)",* Estimate is based on small numbers so should be interpreted with caution.,2.4*,18,adults_recent_asthma_attack,age_adjusted_pct,2010
31,402,UHF42,38,6.0,"(2.8, 12.6)",* Estimate is based on small numbers so should be interpreted with caution.,6.0*,18,adults_recent_asthma_attack,age_adjusted_pct,2011
31,402,UHF42,39,2.4,"(1.0, 5.7)",* Estimate is based on small numbers so should be interpreted with caution.,2.4*,18,adults_recent_asthma_attack,age_adjusted_pct,2012
31,402,UHF42,40,1.9,"(0.8, 4.6)",* Estimate is based on small numbers so should be interpreted with caution.,1.9*,18,adults_recent_asthma_attack,age_adjusted_pct,2013
31,402,UHF42,41,2.3,"(1.0, 5.1)",* Estimate is based on small numbers so should be interpreted with caution.,2.3*,18,adults_recent_asthma_attack,age_adjusted_pct,2014
31,402,UHF42,44,4.4,"(2.8, 6.8)",,4.4,18,adults_recent_asthma_attack,age_adjusted_pct,2015
31,402,UHF42,45,4.7,"(2.6, 8.3)",,4.7,18,adults_recent_asthma_attack,age_adjusted_pct,2016
31,402,UHF42,46,2.5,"(1.4, 4.3)",,2.5,18,adults_recent_asthma_attack,age_adjusted_pct,2017
31,402,UHF42,47,3.8,"(1.7, 8.3)",* Estimate is based on small numbers so should be interpreted with caution.,3.8*,18,adults_recent_asthma_attack,age_adjusted_pct,2018
31,402,UHF42,48,1.6,"(0.7, 3.6)",* Estimate is based on small numbers so should be interpreted with caution.,1.6*,18,adults_recent_asthma_attack,age_adjusted_pct,2019
31,402,UHF42,49,0.9,"(0.4, 2.0)",* Estimate is based on small numbers so should be interpreted with caution.,0.9*,18,adults_recent_asthma_attack,age_adjusted_pct,2020
31,402,UHF42,289,1.8,"(0.9, 3.6)",* Estimate is based on small numbers so should be interpreted with caution.,1.8*,18,adults_recent_asthma_attack,age_adjusted_pct,2021
31,402,UHF42,296,2.9,"(1.5, 5.6)",* Estimate is based on small numbers so should be interpreted with caution.,2.9*,18,adults_recent_asthma_attack,age_adjusted_pct,2022
31,403,UHF42,7,2.4,"(1.1, 4.9)",* Estimate is based on small numbers so should be interpreted with caution.,2.4*,18,adults_recent_asthma_attack,age_adjusted_pct,2003
31,403,UHF42,8,4.2,"(2.2, 7.6)",* Estimate is based on small numbers so should be interpreted with caution.,4.2*,18,adults_recent_asthma_attack,age_adjusted_pct,2004
31,403,UHF42,10,4.6,"(2.1, 10.0)",* Estimate is based on small numbers so should be interpreted with caution.,4.6*,18,adults_recent_asthma_attack,age_adjusted_pct,2006
31,403,UHF42,11,2.5,"(1.0, 6.2)",* Estimate is based on small numbers so should be interpreted with caution.,2.5*,18,adults_recent_asthma_attack,age_adjusted_pct,2007
31,403,UHF42,12,2.6,"(1.0, 6.6)",* Estimate is based on small numbers so should be interpreted with caution.,2.6*,18,adults_recent_asthma_attack,age_adjusted_pct,2008
31,403,UHF42,13,5.1,"(2.6, 9.8)",* Estimate is based on small numbers so should be interpreted with caution.,5.1*,18,adults_recent_asthma_attack,age_adjusted_pct,2009
31,403,UHF42,14,2.9,"(1.4, 6.1)",* Estimate is based on small numbers so should be interpreted with caution.,2.9*,18,adults_recent_asthma_attack,age_adjusted_pct,2010
31,403,UHF42,38,0.4,"(0.1, 1.2)",* Estimate is based on small numbers so should be interpreted with caution.,0.4*,18,adults_recent_asthma_attack,age_adjusted_pct,2011
31,403,UHF42,39,2.9,"(1.1, 7.4)",* Estimate is based on small numbers so should be interpreted with caution.,2.9*,18,adults_recent_asthma_attack,age_adjusted_pct,2012
31,403,UHF42,40,1.8,"(0.7, 4.9)",* Estimate is based on small numbers so should be interpreted with caution.,1.8*,18,adults_recent_asthma_attack,age_adjusted_pct,2013
31,403,UHF42,41,1.9,"(0.6, 6.0)",* Estimate is based on small numbers so should be interpreted with caution.,1.9*,18,adults_recent_asthma_attack,age_adjusted_pct,2014
31,403,UHF42,44,5.0,"(2.4, 10.3)",* Estimate is based on small numbers so should be interpreted with caution.,5.0*,18,adults_recent_asthma_attack,age_adjusted_pct,2015
31,403,UHF42,45,,,** Estimate is suppressed due to insufficient data.,**,18,adults_recent_asthma_attack,age_adjusted_pct,2016
31,403,UHF42,46,3.8,"(1.6, 8.7)",* Estimate is based on small numbers so should be interpreted with caution.,3.8*,18,adults_recent_asthma_attack,age_adjusted_pct,2017
31,403,UHF42,47,,,** Estimate is suppressed due to insufficient data.,**,18,adults_recent_asthma_attack,age_adjusted_pct,2018
31,403,UHF42,48,1.0,"(0.2, 5.0)",* Estimate is based on small numbers so should be interpreted with caution.,1.0*,18,adults_recent_asthma_attack,age_adjusted_pct,2019
31,403,UHF42,49,,,** Estimate is suppressed due to insufficient data.,**,18,adults_recent_asthma_attack,age_adjusted_pct,2020
31,403,UHF42,289,1.6,"(0.5, 5.1)",* Estimate is based on small numbers so should be interpreted with caution.,1.6*,18,adults_recent_asthma_attack,age_adjusted_pct,2021
31,403,UHF42,296,1.8,"(0.8, 4.2)",* Estimate is based on small numbers so should be interpreted with caution.,1.8*,18,adults_recent_asthma_attack,age_adjusted_pct,2022
31,404,UHF42,7,3.9,"(2.1, 7.4)",* Estimate is based on small numbers so should be interpreted with caution.,3.9*,18,adults_recent_asthma_attack,age_adjusted_pct,2003
31,404,UHF42,8,4.5,"(1.8, 10.7)",* Estimate is based on small numbers so should be interpreted with caution.,4.5*,18,adults_recent_asthma_attack,age_adjusted_pct,2004
31,404,UHF42,10,2.9,"(1.2, 7.0)",* Estimate is based on small numbers so should be interpreted with caution.,2.9*,18,adults_recent_asthma_attack,age_adjusted_pct,2006
31,404,UHF42,11,3.0,"(1.5, 5.8)",* Estimate is based on small numbers so should be interpreted with caution.,3.0*,18,adults_recent_asthma_attack,age_adjusted_pct,2007
31,404,UHF42,12,2.0,"(0.8, 5.1)",* Estimate is based on small numbers so should be interpreted with caution.,2.0*,18,adults_recent_asthma_attack,age_adjusted_pct,2008
31,404,UHF42,13,4.8,"(2.2, 10.1)",* Estimate is based on small numbers so should be interpreted with caution.,4.8*,18,adults_recent_asthma_attack,age_adjusted_pct,2009
31,404,UHF42,14,2.4,"(1.1, 5.1)",* Estimate is based on small numbers so should be interpreted with caution.,2.4*,18,adults_recent_asthma_attack,age_adjusted_pct,2010
31,404,UHF42,38,3.3,"(1.4, 7.5)",* Estimate is based on small numbers so should be interpreted with caution.,3.3*,18,adults_recent_asthma_attack,age_adjusted_pct,2011
31,404,UHF42,39,2.1,"(0.8, 5.4)",* Estimate is based on small numbers so should be interpreted with caution.,2.1*,18,adults_recent_asthma_attack,age_adjusted_pct,2012
31,404,UHF42,40,1.3,"(0.4, 4.0)",* Estimate is based on small numbers so should be interpreted with caution.,1.3*,18,adults_recent_asthma_attack,age_adjusted_pct,2013
31,404,UHF42,41,,,** Estimate is suppressed due to insufficient data.,**,18,adults_recent_asthma_attack,age_adjusted_pct,2014
31,404,UHF42,44,7.0,"(3.3, 14.0)",* Estimate is based on small numbers so should be interpreted with caution.,7.0*,18,adults_recent_asthma_attack,age_adjusted_pct,2015
31,404,UHF42,45,6.2,"(2.4, 14.8)",* Estimate is based on small numbers so should be interpreted with caution.,6.2*,18,adults_recent_asthma_attack,age_adjusted_pct,2016
31,404,UHF42,46,1.9,"(0.7, 4.9)",* Estimate is based on small numbers so should be interpreted with caution.,1.9*,18,adults_recent_asthma_attack,age_adjusted_pct,2017
31,404,UHF42,47,2.5,"(1.0, 6.4)",* Estimate is based on small numbers so should be interpreted with caution.,2.5*,18,adults_recent_asthma_attack,age_adjusted_pct,2018
31,404,UHF42,48,2.1,"(0.8, 5.5)",* Estimate is based on small numbers so should be interpreted with caution.,2.1*,18,adults_recent_asthma_attack,age_adjusted_pct,2019
31,404,UHF42,49,3.6,"(1.6, 7.9)",* Estimate is based on small numbers so should be interpreted with caution.,3.6*,18,adults_recent_asthma_attack,age_adjusted_pct,2020
31,404,UHF42,289,2.2,"(0.8, 6.1)",* Estimate is based on small numbers so should be interpreted with caution.,2.2*,18,adults_recent_asthma_attack,age_adjusted_pct,2021
31,404,UHF42,296,,,** Estimate is suppressed due to insufficient data.,**,18,adults_recent_asthma_attack,age_adjusted_pct,2022
31,405,UHF42,7,3.2,"(1.7, 5.9)",* Estimate is based on small numbers so should be interpreted with caution.,3.2*,18,adults_recent_asthma_attack,age_adjusted_pct,2003
31,405,UHF42,8,2.5,"(1.2, 4.9)",* Estimate is based on small numbers so should be interpreted with caution.,2.5*,18,adults_recent_asthma_attack,age_adjusted_pct,2004
31,405,UHF42,10,5.5,"(2.5, 11.8)",* Estimate is based on small numbers so should be interpreted with caution.,5.5*,18,adults_recent_asthma_attack,age_adjusted_pct,2006
31,405,UHF42,11,4.3,"(1.6, 11.0)",* Estimate is based on small numbers so should be interpreted with caution.,4.3*,18,adults_recent_asthma_attack,age_adjusted_pct,2007
31,405,UHF42,12,12.1,"(7.0, 20.0)",,12.1,18,adults_recent_asthma_attack,age_adjusted_pct,2008
31,405,UHF42,13,3.3,"(1.4, 7.9)",* Estimate is based on small numbers so should be interpreted with caution.,3.3*,18,adults_recent_asthma_attack,age_adjusted_pct,2009
31,405,UHF42,14,4.2,"(2.0, 8.8)",* Estimate is based on small numbers so should be interpreted with caution.,4.2*,18,adults_recent_asthma_attack,age_adjusted_pct,2010
31,405,UHF42,38,6.2,"(2.4, 14.8)",* Estimate is based on small numbers so should be interpreted with caution.,6.2*,18,adults_recent_asthma_attack,age_adjusted_pct,2011
31,405,UHF42,39,6.4,"(3.0, 13.1)",* Estimate is based on small numbers so should be interpreted with caution.,6.4*,18,adults_recent_asthma_attack,age_adjusted_pct,2012
31,405,UHF42,40,3.6,"(1.6, 7.9)",* Estimate is based on small numbers so should be interpreted with caution.,3.6*,18,adults_recent_asthma_attack,age_adjusted_pct,2013
31,405,UHF42,41,4.7,"(2.2, 9.8)",* Estimate is based on small numbers so should be interpreted with caution.,4.7*,18,adults_recent_asthma_attack,age_adjusted_pct,2014
31,405,UHF42,44,5.9,"(3.1, 11.0)",* Estimate is based on small numbers so should be interpreted with caution.,5.9*,18,adults_recent_asthma_attack,age_adjusted_pct,2015
31,405,UHF42,45,4.9,"(2.5, 9.3)",* Estimate is based on small numbers so should be interpreted with caution.,4.9*,18,adults_recent_asthma_attack,age_adjusted_pct,2016
31,405,UHF42,46,4.8,"(2.9, 7.9)",,4.8,18,adults_recent_asthma_attack,age_adjusted_pct,2017
31,405,UHF42,47,5.0,"(2.4, 10.1)",* Estimate is based on small numbers so should be interpreted with caution.,5.0*,18,adults_recent_asthma_attack,age_adjusted_pct,2018
31,405,UHF42,48,3.7,"(1.4, 9.4)",* Estimate is based on small numbers so should be interpreted with caution.,3.7*,18,adults_recent_asthma_attack,age_adjusted_pct,2019
31,405,UHF42,49,,,** Estimate is suppressed due to insufficient data.,**,18,adults_recent_asthma_attack,age_adjusted_pct,2020
31,405,UHF42,289,3.9,"(1.8, 8.2)",* Estimate is based on small numbers so should be interpreted with caution.,3.9*,18,adults_recent_asthma_attack,age_adjusted_pct,2021
31,405,UHF42,296,1.9,"(0.7, 5.4)",* Estimate is based on small numbers so should be interpreted with caution.,1.9*,18,adults_recent_asthma_attack,age_adjusted_pct,2022
31,406,UHF42,7,3.9,"(2.1, 7.4)",* Estimate is based on small numbers so should be interpreted with caution.,3.9*,18,adults_recent_asthma_attack,age_adjusted_pct,2003
31,406,UHF42,8,4.5,"(1.8, 10.7)",* Estimate is based on small numbers so should be interpreted with caution.,4.5*,18,adults_recent_asthma_attack,age_adjusted_pct,2004
31,406,UHF42,10,2.9,"(1.2, 7.0)",* Estimate is based on small numbers so should be interpreted with caution.,2.9*,18,adults_recent_asthma_attack,age_adjusted_pct,2006
31,406,UHF42,11,3.0,"(1.5, 5.8)",* Estimate is based on small numbers so should be interpreted with caution.,3.0*,18,adults_recent_asthma_attack,age_adjusted_pct,2007
31,406,UHF42,12,2.0,"(0.8, 5.1)",* Estimate is based on small numbers so should be interpreted with caution.,2.0*,18,adults_recent_asthma_attack,age_adjusted_pct,2008
31,406,UHF42,13,4.8,"(2.2, 10.1)",* Estimate is based on small numbers so should be interpreted with caution.,4.8*,18,adults_recent_asthma_attack,age_adjusted_pct,2009
31,406,UHF42,14,2.4,"(1.1, 5.1)",* Estimate is based on small numbers so should be interpreted with caution.,2.4*,18,adults_recent_asthma_attack,age_adjusted_pct,2010
31,406,UHF42,38,3.3,"(1.4, 7.5)",* Estimate is based on small numbers so should be interpreted with caution.,3.3*,18,adults_recent_asthma_attack,age_adjusted_pct,2011
31,406,UHF42,39,2.1,"(0.8, 5.4)",* Estimate is based on small numbers so should be interpreted with caution.,2.1*,18,adults_recent_asthma_attack,age_adjusted_pct,2012
31,406,UHF42,40,1.3,"(0.4, 4.0)",* Estimate is based on small numbers so should be interpreted with caution.,1.3*,18,adults_recent_asthma_attack,age_adjusted_pct,2013
31,406,UHF42,41,,,** Estimate is suppressed due to insufficient data.,**,18,adults_recent_asthma_attack,age_adjusted_pct,2014
31,406,UHF42,44,7.0,"(3.3, 14.0)",* Estimate is based on small numbers so should be interpreted with caution.,7.0*,18,adults_recent_asthma_attack,age_adjusted_pct,2015
31,406,UHF42,45,6.2,"(2.4, 14.8)",* Estimate is based on small numbers so should be interpreted with caution.,6.2*,18,adults_recent_asthma_attack,age_adjusted_pct,2016
31,406,UHF42,46,1.9,"(0.7, 4.9)",* Estimate is based on small numbers so should be interpreted with caution.,1.9*,18,adults_recent_asthma_attack,age_adjusted_pct,2017
31,406,UHF42,47,2.5,"(1.0, 6.4)",* Estimate is based on small numbers so should be interpreted with caution.,2.5*,18,adults_recent_asthma_attack,age_adjusted_pct,2018
31,406,UHF42,48,2.1,"(0.8, 5.5)",* Estimate is based on small numbers so should be interpreted with caution.,2.1*,18,adults_recent_asthma_attack,age_adjusted_pct,2019
31,406,UHF42,49,3.6,"(1.6, 7.9)",* Estimate is based on small numbers so should be interpreted with caution.,3.6*,18,adults_recent_asthma_attack,age_adjusted_pct,2020
31,406,UHF42,289,2.2,"(0.8, 6.1)",* Estimate is based on small numbers so should be interpreted with caution.,2.2*,18,adults_recent_asthma_attack,age_adjusted_pct,2021
31,406,UHF42,296,,,** Estimate is suppressed due to insufficient data.,**,18,adults_recent_asthma_attack,age_adjusted_pct,2022
31,407,UHF42,7,3.2,"(1.7, 6.2)",* Estimate is based on small numbers so should be interpreted with caution.,3.2*,18,adults_recent_asthma_attack,age_adjusted_pct,2003
31,407,UHF42,8,3.9,"(2.0, 7.5)",* Estimate is based on small numbers so should be interpreted with caution.,3.9*,18,adults_recent_asthma_attack,age_adjusted_pct,2004
31,407,UHF42,10,1.7,"(0.7, 3.8)",* Estimate is based on small numbers so should be interpreted with caution.,1.7*,18,adults_recent_asthma_attack,age_adjusted_pct,2006
31,407,UHF42,11,6.9,"(3.8, 12.4)",* Estimate is based on small numbers so should be interpreted with caution.,6.9*,18,adults_recent_asthma_attack,age_adjusted_pct,2007
31,407,UHF42,12,4.4,"(2.0, 9.1)",* Estimate is based on small numbers so should be interpreted with caution.,4.4*,18,adults_recent_asthma_attack,age_adjusted_pct,2008
31,407,UHF42,13,8.2,"(4.5, 14.5)",,8.2,18,adults_recent_asthma_attack,age_adjusted_pct,2009
31,407,UHF42,14,0.9,"(0.2, 4.0)",* Estimate is based on small numbers so should be interpreted with caution.,0.9*,18,adults_recent_asthma_attack,age_adjusted_pct,2010
31,407,UHF42,38,3.9,"(1.8, 8.5)",* Estimate is based on small numbers so should be interpreted with caution.,3.9*,18,adults_recent_asthma_attack,age_adjusted_pct,2011
31,407,UHF42,39,4.9,"(2.3, 10.3)",* Estimate is based on small numbers so should be interpreted with caution.,4.9*,18,adults_recent_asthma_attack,age_adjusted_pct,2012
31,407,UHF42,40,1.6,"(0.6, 3.8)",* Estimate is based on small numbers so should be interpreted with caution.,1.6*,18,adults_recent_asthma_attack,age_adjusted_pct,2013
31,407,UHF42,41,4.0,"(1.8, 8.9)",* Estimate is based on small numbers so should be interpreted with caution.,4.0*,18,adults_recent_asthma_attack,age_adjusted_pct,2014
31,407,UHF42,44,6.8,"(3.5, 12.9)",* Estimate is based on small numbers so should be interpreted with caution.,6.8*,18,adults_recent_asthma_attack,age_adjusted_pct,2015
31,407,UHF42,45,2.8,"(1.1, 7.0)",* Estimate is based on small numbers so should be interpreted with caution.,2.8*,18,adults_recent_asthma_attack,age_adjusted_pct,2016
31,407,UHF42,46,2.9,"(1.5, 5.4)",* Estimate is based on small numbers so should be interpreted with caution.,2.9*,18,adults_recent_asthma_attack,age_adjusted_pct,2017
31,407,UHF42,47,2.3,"(1.1, 4.8)",* Estimate is based on small numbers so should be interpreted with caution.,2.3*,18,adults_recent_asthma_attack,age_adjusted_pct,2018
31,407,UHF42,48,3.0,"(1.5, 5.9)",* Estimate is based on small numbers so should be interpreted with caution.,3.0*,18,adults_recent_asthma_attack,age_adjusted_pct,2019
31,407,UHF42,49,,,** Estimate is suppressed due to insufficient data.,**,18,adults_recent_asthma_attack,age_adjusted_pct,2020
31,407,UHF42,289,4.3,"(2.3, 8.1)",* Estimate is based on small numbers so should be interpreted with caution.,4.3*,18,adults_recent_asthma_attack,age_adjusted_pct,2021
31,407,UHF42,296,4.0,"(2.0, 7.7)",* Estimate is based on small numbers so should be interpreted with caution.,4.0*,18,adults_recent_asthma_attack,age_adjusted_pct,2022
31,408,UHF42,7,4.8,"(2.7, 8.6)",* Estimate is based on small numbers so should be interpreted with caution.,4.8*,18,adults_recent_asthma_attack,age_adjusted_pct,2003
31,408,UHF42,8,3.7,"(1.9, 7.0)",* Estimate is based on small numbers so should be interpreted with caution.,3.7*,18,adults_recent_asthma_attack,age_adjusted_pct,2004
31,408,UHF42,10,5.2,"(2.9, 8.9)",,5.2,18,adults_recent_asthma_attack,age_adjusted_pct,2006
31,408,UHF42,11,5.1,"(3.0, 8.5)",,5.1,18,adults_recent_asthma_attack,age_adjusted_pct,2007
31,408,UHF42,12,5.6,"(2.5, 12.0)",* Estimate is based on small numbers so should be interpreted with caution.,5.6*,18,adults_recent_asthma_attack,age_adjusted_pct,2008
31,408,UHF42,13,3.5,"(1.5, 7.9)",* Estimate is based on small numbers so should be interpreted with caution.,3.5*,18,adults_recent_asthma_attack,age_adjusted_pct,2009
31,408,UHF42,14,3.7,"(1.6, 8.7)",* Estimate is based on small numbers so should be interpreted with caution.,3.7*,18,adults_recent_asthma_attack,age_adjusted_pct,2010
31,408,UHF42,38,2.6,"(1.0, 6.2)",* Estimate is based on small numbers so should be interpreted with caution.,2.6*,18,adults_recent_asthma_attack,age_adjusted_pct,2011
31,408,UHF42,39,3.5,"(1.6, 7.3)",* Estimate is based on small numbers so should be interpreted with caution.,3.5*,18,adults_recent_asthma_attack,age_adjusted_pct,2012
31,408,UHF42,40,2.5,"(1.0, 6.2)",* Estimate is based on small numbers so should be interpreted with caution.,2.5*,18,adults_recent_asthma_attack,age_adjusted_pct,2013
31,408,UHF42,41,3.2,"(1.5, 6.5)",* Estimate is based on small numbers so should be interpreted with caution.,3.2*,18,adults_recent_asthma_attack,age_adjusted_pct,2014
31,408,UHF42,44,5.1,"(2.8, 9.0)",,5.1,18,adults_recent_asthma_attack,age_adjusted_pct,2015
31,408,UHF42,45,,,** Estimate is suppressed due to insufficient data.,**,18,adults_recent_asthma_attack,age_adjusted_pct,2016
31,408,UHF42,46,6.0,"(2.6, 13.1)",* Estimate is based on small numbers so should be interpreted with caution.,6.0*,18,adults_recent_asthma_attack,age_adjusted_pct,2017
31,408,UHF42,47,1.6,"(0.8, 3.3)",* Estimate is based on small numbers so should be interpreted with caution.,1.6*,18,adults_recent_asthma_attack,age_adjusted_pct,2018
31,408,UHF42,48,3.2,"(1.2, 8.1)",* Estimate is based on small numbers so should be interpreted with caution.,3.2*,18,adults_recent_asthma_attack,age_adjusted_pct,2019
31,408,UHF42,49,1.5,"(0.6, 3.6)",* Estimate is based on small numbers so should be interpreted with caution.,1.5*,18,adults_recent_asthma_attack,age_adjusted_pct,2020
31,408,UHF42,289,1.5,"(0.6, 3.9)",* Estimate is based on small numbers so should be interpreted with caution.,1.5*,18,adults_recent_asthma_attack,age_adjusted_pct,2021
31,408,UHF42,296,4.8,"(2.4, 9.7)",* Estimate is based on small numbers so should be interpreted with caution.,4.8*,18,adults_recent_asthma_attack,age_adjusted_pct,2022
31,409,UHF42,7,2.2,"(1.0, 4.7)",* Estimate is based on small numbers so should be interpreted with caution.,2.2*,18,adults_recent_asthma_attack,age_adjusted_pct,2003
31,409,UHF42,8,2.9,"(1.5, 5.6)",* Estimate is based on small numbers so should be interpreted with caution.,2.9*,18,adults_recent_asthma_attack,age_adjusted_pct,2004
31,409,UHF42,10,4.4,"(2.5, 7.4)",,4.4,18,adults_recent_asthma_attack,age_adjusted_pct,2006
31,409,UHF42,11,3.5,"(1.7, 7.1)",* Estimate is based on small numbers so should be interpreted with caution.,3.5*,18,adults_recent_asthma_attack,age_adjusted_pct,2007
31,409,UHF42,12,,,** Estimate is suppressed due to insufficient data.,**,18,adults_recent_asthma_attack,age_adjusted_pct,2008
31,409,UHF42,13,2.5,"(1.0, 6.3)",* Estimate is based on small numbers so should be interpreted with caution.,2.5*,18,adults_recent_asthma_attack,age_adjusted_pct,2009
31,409,UHF42,14,2.1,"(0.8, 5.3)",* Estimate is based on small numbers so should be interpreted with caution.,2.1*,18,adults_recent_asthma_attack,age_adjusted_pct,2010
31,409,UHF42,38,,,** Estimate is suppressed due to insufficient data.,**,18,adults_recent_asthma_attack,age_adjusted_pct,2011
31,409,UHF42,39,,,** Estimate is suppressed due to insufficient data.,**,18,adults_recent_asthma_attack,age_adjusted_pct,2012
31,409,UHF42,40,2.9,"(1.3, 6.5)",* Estimate is based on small numbers so should be interpreted with caution.,2.9*,18,adults_recent_asthma_attack,age_adjusted_pct,2013
31,409,UHF42,41,0.8,"(0.2, 2.3)",* Estimate is based on small numbers so should be interpreted with caution.,0.8*,18,adults_recent_asthma_attack,age_adjusted_pct,2014
31,409,UHF42,44,,,** Estimate is suppressed due to insufficient data.,**,18,adults_recent_asthma_attack,age_adjusted_pct,2015
31,409,UHF42,45,,,** Estimate is suppressed due to insufficient data.,**,18,adults_recent_asthma_attack,age_adjusted_pct,2016
31,409,UHF42,46,,,** Estimate is suppressed due to insufficient data.,**,18,adults_recent_asthma_attack,age_adjusted_pct,2017
31,409,UHF42,47,1.5,"(0.6, 4.0)",* Estimate is based on small numbers so should be interpreted with caution.,1.5*,18,adults_recent_asthma_attack,age_adjusted_pct,2018
31,409,UHF42,48,,,** Estimate is suppressed due to insufficient data.,**,18,adults_recent_asthma_attack,age_adjusted_pct,2019
31,409,UHF42,49,0.0,"(NaN, NaN)",* Estimate is based on small numbers so should be interpreted with caution.,0.0*,18,adults_recent_asthma_attack,age_adjusted_pct,2020
31,409,UHF42,289,1.9,"(0.6, 6.3)",* Estimate is based on small numbers so should be interpreted with caution.,1.9*,18,adults_recent_asthma_attack,age_adjusted_pct,2021
31,409,UHF42,296,,,** Estimate is suppressed due to insufficient data.,**,18,adults_recent_asthma_attack,age_adjusted_pct,2022
31,410,UHF42,7,5.8,"(3.4, 9.9)",,5.8,18,adults_recent_asthma_attack,age_adjusted_pct,2003
31,410,UHF42,8,4.6,"(2.5, 8.1)",,4.6,18,adults_recent_asthma_attack,age_adjusted_pct,2004
31,410,UHF42,10,7.5,"(3.3, 16.1)",* Estimate is based on small numbers so should be interpreted with caution.,7.5*,18,adults_recent_asthma_attack,age_adjusted_pct,2006
31,410,UHF42,11,1.9,"(0.6, 6.3)",* Estimate is based on small numbers so should be interpreted with caution.,1.9*,18,adults_recent_asthma_attack,age_adjusted_pct,2007
31,410,UHF42,12,4.2,"(1.9, 8.9)",* Estimate is based on small numbers so should be interpreted with caution.,4.2*,18,adults_recent_asthma_attack,age_adjusted_pct,2008
31,410,UHF42,13,11.5,"(5.5, 22.5)",* Estimate is based on small numbers so should be interpreted with caution.,11.5*,18,adults_recent_asthma_attack,age_adjusted_pct,2009
31,410,UHF42,14,6.6,"(3.2, 13.0)",* Estimate is based on small numbers so should be interpreted with caution.,6.6*,18,adults_recent_asthma_attack,age_adjusted_pct,2010
31,410,UHF42,38,,,** Estimate is suppressed due to insufficient data.,**,18,adults_recent_asthma_attack,age_adjusted_pct,2011
31,410,UHF42,39,,,** Estimate is suppressed due to insufficient data.,**,18,adults_recent_asthma_attack,age_adjusted_pct,2012
31,410,UHF42,40,,,** Estimate is suppressed due to insufficient data.,**,18,adults_recent_asthma_attack,age_adjusted_pct,2013
31,410,UHF42,41,7.6,"(2.9, 18.0)",* Estimate is based on small numbers so should be interpreted with caution.,7.6*,18,adults_recent_asthma_attack,age_adjusted_pct,2014
31,410,UHF42,44,,,** Estimate is suppressed due to insufficient data.,**,18,adults_recent_asthma_attack,age_adjusted_pct,2015
31,410,UHF42,45,9.9,"(4.7, 19.5)",* Estimate is based on small numbers so should be interpreted with caution.,9.9*,18,adults_recent_asthma_attack,age_adjusted_pct,2016
31,410,UHF42,46,7.4,"(3.1, 16.7)",* Estimate is based on small numbers so should be interpreted with caution.,7.4*,18,adults_recent_asthma_attack,age_adjusted_pct,2017
31,410,UHF42,47,9.0,"(3.6, 20.5)",* Estimate is based on small numbers so should be interpreted with caution.,9.0*,18,adults_recent_asthma_attack,age_adjusted_pct,2018
31,410,UHF42,48,11.6,"(4.9, 24.9)",* Estimate is based on small numbers so should be interpreted with caution.,11.6*,18,adults_recent_asthma_attack,age_adjusted_pct,2019
31,410,UHF42,49,,,** Estimate is suppressed due to insufficient data.,**,18,adults_recent_asthma_attack,age_adjusted_pct,2020
31,410,UHF42,289,7.0,"(3.4, 13.8)",* Estimate is based on small numbers so should be interpreted with caution.,7.0*,18,adults_recent_asthma_attack,age_adjusted_pct,2021
31,410,UHF42,296,3.7,"(1.7, 7.9)",* Estimate is based on small numbers so should be interpreted with caution.,3.7*,18,adults_recent_asthma_attack,age_adjusted_pct,2022
31,501,UHF42,7,6.6,"(3.8, 11.2)",,6.6,18,adults_recent_asthma_attack,age_adjusted_pct,2003
31,501,UHF42,8,4.1,"(2.2, 7.7)",* Estimate is based on small numbers so should be interpreted with caution.,4.1*,18,adults_recent_asthma_attack,age_adjusted_pct,2004
31,501,UHF42,10,5.4,"(3.3, 8.8)",,5.4,18,adults_recent_asthma_attack,age_adjusted_pct,2006
31,501,UHF42,11,6.8,"(3.9, 11.5)",,6.8,18,adults_recent_asthma_attack,age_adjusted_pct,2007
31,501,UHF42,12,1.8,"(0.6, 4.9)",* Estimate is based on small numbers so should be interpreted with caution.,1.8*,18,adults_recent_asthma_attack,age_adjusted_pct,2008
31,501,UHF42,13,5.7,"(3.5, 9.1)",,5.7,18,adults_recent_asthma_attack,age_adjusted_pct,2009
31,501,UHF42,14,6.0,"(2.8, 12.7)",* Estimate is based on small numbers so should be interpreted with caution.,6.0*,18,adults_recent_asthma_attack,age_adjusted_pct,2010
31,501,UHF42,38,3.5,"(1.4, 8.7)",* Estimate is based on small numbers so should be interpreted with caution.,3.5*,18,adults_recent_asthma_attack,age_adjusted_pct,2011
31,501,UHF42,39,3.8,"(1.7, 8.3)",* Estimate is based on small numbers so should be interpreted with caution.,3.8*,18,adults_recent_asthma_attack,age_adjusted_pct,2012
31,501,UHF42,40,0.4,"(0.1, 1.7)",* Estimate is based on small numbers so should be interpreted with caution.,0.4*,18,adults_recent_asthma_attack,age_adjusted_pct,2013
31,501,UHF42,41,3.3,"(1.4, 7.3)",* Estimate is based on small numbers so should be interpreted with caution.,3.3*,18,adults_recent_asthma_attack,age_adjusted_pct,2014
31,501,UHF42,44,6.7,"(3.4, 12.8)",* Estimate is based on small numbers so should be interpreted with caution.,6.7*,18,adults_recent_asthma_attack,age_adjusted_pct,2015
31,501,UHF42,45,6.0,"(2.7, 12.8)",* Estimate is based on small numbers so should be interpreted with caution.,6.0*,18,adults_recent_asthma_attack,age_adjusted_pct,2016
31,501,UHF42,46,2.0,"(0.7, 5.6)",* Estimate is based on small numbers so should be interpreted with caution.,2.0*,18,adults_recent_asthma_attack,age_adjusted_pct,2017
31,501,UHF42,47,1.0,"(0.3, 3.3)",* Estimate is based on small numbers so should be interpreted with caution.,1.0*,18,adults_recent_asthma_attack,age_adjusted_pct,2018
31,501,UHF42,48,3.7,"(1.5, 8.8)",* Estimate is based on small numbers so should be interpreted with caution.,3.7*,18,adults_recent_asthma_attack,age_adjusted_pct,2019
31,501,UHF42,49,,,** Estimate is suppressed due to insufficient data.,**,18,adults_recent_asthma_attack,age_adjusted_pct,2020
31,501,UHF42,289,5.3,"(2.2, 12.1)",* Estimate is based on small numbers so should be interpreted with caution.,5.3*,18,adults_recent_asthma_attack,age_adjusted_pct,2021
31,501,UHF42,296,,,** Estimate is suppressed due to insufficient data.,**,18,adults_recent_asthma_attack,age_adjusted_pct,2022
31,502,UHF42,7,6.6,"(3.8, 11.2)",,6.6,18,adults_recent_asthma_attack,age_adjusted_pct,2003
31,502,UHF42,8,4.1,"(2.2, 7.7)",* Estimate is based on small numbers so should be interpreted with caution.,4.1*,18,adults_recent_asthma_attack,age_adjusted_pct,2004
31,502,UHF42,10,5.4,"(3.3, 8.8)",,5.4,18,adults_recent_asthma_attack,age_adjusted_pct,2006
31,502,UHF42,11,6.8,"(3.9, 11.5)",,6.8,18,adults_recent_asthma_attack,age_adjusted_pct,2007
31,502,UHF42,12,1.8,"(0.6, 4.9)",* Estimate is based on small numbers so should be interpreted with caution.,1.8*,18,adults_recent_asthma_attack,age_adjusted_pct,2008
31,502,UHF42,13,5.7,"(3.5, 9.1)",,5.7,18,adults_recent_asthma_attack,age_adjusted_pct,2009
31,502,UHF42,14,6.0,"(2.8, 12.7)",* Estimate is based on small numbers so should be interpreted with caution.,6.0*,18,adults_recent_asthma_attack,age_adjusted_pct,2010
31,502,UHF42,38,3.5,"(1.4, 8.7)",* Estimate is based on small numbers so should be interpreted with caution.,3.5*,18,adults_recent_asthma_attack,age_adjusted_pct,2011
31,502,UHF42,39,3.8,"(1.7, 8.3)",* Estimate is based on small numbers so should be interpreted with caution.,3.8*,18,adults_recent_asthma_attack,age_adjusted_pct,2012
31,502,UHF42,40,0.4,"(0.1, 1.7)",* Estimate is based on small numbers so should be interpreted with caution.,0.4*,18,adults_recent_asthma_attack,age_adjusted_pct,2013
31,502,UHF42,41,3.3,"(1.4, 7.3)",* Estimate is based on small numbers so should be interpreted with caution.,3.3*,18,adults_recent_asthma_attack,age_adjusted_pct,2014
31,502,UHF42,44,6.7,"(3.4, 12.8)",* Estimate is based on small numbers so should be interpreted with caution.,6.7*,18,adults_recent_asthma_attack,age_adjusted_pct,2015
31,502,UHF42,45,6.0,"(2.7, 12.8)",* Estimate is based on small numbers so should be interpreted with caution.,6.0*,18,adults_recent_asthma_attack,age_adjusted_pct,2016
31,502,UHF42,46,2.0,"(0.7, 5.6)",* Estimate is based on small numbers so should be interpreted with caution.,2.0*,18,adults_recent_asthma_attack,age_adjusted_pct,2017
31,502,UHF42,47,1.0,"(0.3, 3.3)",* Estimate is based on small numbers so should be interpreted with caution.,1.0*,18,adults_recent_asthma_attack,age_adjusted_pct,2018
31,502,UHF42,48,3.7,"(1.5, 8.8)",* Estimate is based on small numbers so should be interpreted with caution.,3.7*,18,adults_recent_asthma_attack,age_adjusted_pct,2019
31,502,UHF42,49,,,** Estimate is suppressed due to insufficient data.,**,18,adults_recent_asthma_attack,age_adjusted_pct,2020
31,502,UHF42,289,5.3,"(2.2, 12.1)",* Estimate is based on small numbers so should be interpreted with caution.,5.3*,18,adults_recent_asthma_attack,age_adjusted_pct,2021
31,502,UHF42,296,,,** Estimate is suppressed due to insufficient data.,**,18,adults_recent_asthma_attack,age_adjusted_pct,2022
31,503,UHF42,7,2.3,"(1.1, 4.6)",* Estimate is based on small numbers so should be interpreted with caution.,2.3*,18,adults_recent_asthma_attack,age_adjusted_pct,2003
31,503,UHF42,8,5.9,"(3.4, 10.0)",,5.9,18,adults_recent_asthma_attack,age_adjusted_pct,2004
31,503,UHF42,10,2.9,"(1.5, 5.7)",* Estimate is based on small numbers so should be interpreted with caution.,2.9*,18,adults_recent_asthma_attack,age_adjusted_pct,2006
31,503,UHF42,11,4.3,"(2.3, 7.7)",* Estimate is based on small numbers so should be interpreted with caution.,4.3*,18,adults_recent_asthma_attack,age_adjusted_pct,2007
31,503,UHF42,12,6.9,"(4.1, 11.3)",,6.9,18,adults_recent_asthma_attack,age_adjusted_pct,2008
31,503,UHF42,13,2.8,"(1.4, 5.3)",* Estimate is based on small numbers so should be interpreted with caution.,2.8*,18,adults_recent_asthma_attack,age_adjusted_pct,2009
31,503,UHF42,14,3.9,"(2.2, 6.8)",,3.9,18,adults_recent_asthma_attack,age_adjusted_pct,2010
31,503,UHF42,38,2.6,"(1.3, 5.0)",* Estimate is based on small numbers so should be interpreted with caution.,2.6*,18,adults_recent_asthma_attack,age_adjusted_pct,2011
31,503,UHF42,39,,,** Estimate is suppressed due to insufficient data.,**,18,adults_recent_asthma_attack,age_adjusted_pct,2012
31,503,UHF42,40,3.0,"(1.4, 6.5)",* Estimate is based on small numbers so should be interpreted with caution.,3.0*,18,adults_recent_asthma_attack,age_adjusted_pct,2013
31,503,UHF42,41,6.2,"(3.7, 10.1)",,6.2,18,adults_recent_asthma_attack,age_adjusted_pct,2014
31,503,UHF42,44,4.6,"(2.2, 9.2)",* Estimate is based on small numbers so should be interpreted with caution.,4.6*,18,adults_recent_asthma_attack,age_adjusted_pct,2015
31,503,UHF42,45,6.2,"(3.0, 12.4)",* Estimate is based on small numbers so should be interpreted with caution.,6.2*,18,adults_recent_asthma_attack,age_adjusted_pct,2016
31,503,UHF42,46,1.4,"(0.6, 3.2)",* Estimate is based on small numbers so should be interpreted with caution.,1.4*,18,adults_recent_asthma_attack,age_adjusted_pct,2017
31,503,UHF42,47,3.5,"(1.4, 8.7)",* Estimate is based on small numbers so should be interpreted with caution.,3.5*,18,adults_recent_asthma_attack,age_adjusted_pct,2018
31,503,UHF42,48,,,** Estimate is suppressed due to insufficient data.,**,18,adults_recent_asthma_attack,age_adjusted_pct,2019
31,503,UHF42,49,5.2,"(2.7, 9.6)",* Estimate is based on small numbers so should be interpreted with caution.,5.2*,18,adults_recent_asthma_attack,age_adjusted_pct,2020
31,503,UHF42,289,4.2,"(1.8, 9.6)",* Estimate is based on small numbers so should be interpreted with caution.,4.2*,18,adults_recent_asthma_attack,age_adjusted_pct,2021
31,503,UHF42,296,3.2,"(1.4, 6.9)",* Estimate is based on small numbers so should be interpreted with caution.,3.2*,18,adults_recent_asthma_attack,age_adjusted_pct,2022
31,504,UHF42,7,2.3,"(1.1, 4.6)",* Estimate is based on small numbers so should be interpreted with caution.,2.3*,18,adults_recent_asthma_attack,age_adjusted_pct,2003
31,504,UHF42,8,5.9,"(3.4, 10.0)",,5.9,18,adults_recent_asthma_attack,age_adjusted_pct,2004
31,504,UHF42,10,2.9,"(1.5, 5.7)",* Estimate is based on small numbers so should be interpreted with caution.,2.9*,18,adults_recent_asthma_attack,age_adjusted_pct,2006
31,504,UHF42,11,4.3,"(2.3, 7.7)",* Estimate is based on small numbers so should be interpreted with caution.,4.3*,18,adults_recent_asthma_attack,age_adjusted_pct,2007
31,504,UHF42,12,6.9,"(4.1, 11.3)",,6.9,18,adults_recent_asthma_attack,age_adjusted_pct,2008
31,504,UHF42,13,2.8,"(1.4, 5.3)",* Estimate is based on small numbers so should be interpreted with caution.,2.8*,18,adults_recent_asthma_attack,age_adjusted_pct,2009
31,504,UHF42,14,3.9,"(2.2, 6.8)",,3.9,18,adults_recent_asthma_attack,age_adjusted_pct,2010
31,504,UHF42,38,2.6,"(1.3, 5.0)",* Estimate is based on small numbers so should be interpreted with caution.,2.6*,18,adults_recent_asthma_attack,age_adjusted_pct,2011
31,504,UHF42,39,,,** Estimate is suppressed due to insufficient data.,**,18,adults_recent_asthma_attack,age_adjusted_pct,2012
31,504,UHF42,40,3.0,"(1.4, 6.5)",* Estimate is based on small numbers so should be interpreted with caution.,3.0*,18,adults_recent_asthma_attack,age_adjusted_pct,2013
31,504,UHF42,41,6.2,"(3.7, 10.1)",,6.2,18,adults_recent_asthma_attack,age_adjusted_pct,2014
31,504,UHF42,44,4.6,"(2.2, 9.2)",* Estimate is based on small numbers so should be interpreted with caution.,4.6*,18,adults_recent_asthma_attack,age_adjusted_pct,2015
31,504,UHF42,45,6.2,"(3.0, 12.4)",* Estimate is based on small numbers so should be interpreted with caution.,6.2*,18,adults_recent_asthma_attack,age_adjusted_pct,2016
31,504,UHF42,46,1.4,"(0.6, 3.2)",* Estimate is based on small numbers so should be interpreted with caution.,1.4*,18,adults_recent_asthma_attack,age_adjusted_pct,2017
31,504,UHF42,47,3.5,"(1.4, 8.7)",* Estimate is based on small numbers so should be interpreted with caution.,3.5*,18,adults_recent_asthma_attack,age_adjusted_pct,2018
31,504,UHF42,48,,,** Estimate is suppressed due to insufficient data.,**,18,adults_recent_asthma_attack,age_adjusted_pct,2019
31,504,UHF42,49,5.2,"(2.7, 9.6)",* Estimate is based on small numbers so should be interpreted with caution.,5.2*,18,adults_recent_asthma_attack,age_adjusted_pct,2020
31,504,UHF42,289,4.2,"(1.8, 9.6)",* Estimate is based on small numbers so should be interpreted with caution.,4.2*,18,adults_recent_asthma_attack,age_adjusted_pct,2021
31,504,UHF42,296,3.2,"(1.4, 6.9)",* Estimate is based on small numbers so should be interpreted with caution.,3.2*,18,adults_recent_asthma_attack,age_adjusted_pct,2022
363,101,UHF42,7,5.0,"(2.8, 8.7)",,5.0,18,adults_recent_asthma_attack,unadjusted_pct,2003
363,101,UHF42,8,5.8,"(2.3, 13.8)",* Estimate is based on small numbers so should be interpreted with caution.,5.8*,18,adults_recent_asthma_attack,unadjusted_pct,2004
363,101,UHF42,10,4.3,"(2.0, 9.1)",* Estimate is based on small numbers so should be interpreted with caution.,4.3*,18,adults_recent_asthma_attack,unadjusted_pct,2006
363,101,UHF42,11,3.5,"(1.6, 7.4)",* Estimate is based on small numbers so should be interpreted with caution.,3.5*,18,adults_recent_asthma_attack,unadjusted_pct,2007
363,101,UHF42,12,5.1,"(2.4, 10.2)",* Estimate is based on small numbers so should be interpreted with caution.,5.1*,18,adults_recent_asthma_attack,unadjusted_pct,2008
363,101,UHF42,13,6.1,"(2.9, 12.3)",* Estimate is based on small numbers so should be interpreted with caution.,6.1*,18,adults_recent_asthma_attack,unadjusted_pct,2009
363,101,UHF42,14,5.9,"(2.4, 13.7)",* Estimate is based on small numbers so should be interpreted with caution.,5.9*,18,adults_recent_asthma_attack,unadjusted_pct,2010
363,101,UHF42,38,,,** Estimate is suppressed due to insufficient data.,**,18,adults_recent_asthma_attack,unadjusted_pct,2011
363,101,UHF42,39,5.3,"(2.1, 12.8)",* Estimate is based on small numbers so should be interpreted with caution.,5.3*,18,adults_recent_asthma_attack,unadjusted_pct,2012
363,101,UHF42,40,,,** Estimate is suppressed due to insufficient data.,**,18,adults_recent_asthma_attack,unadjusted_pct,2013
363,101,UHF42,41,,,** Estimate is suppressed due to insufficient data.,**,18,adults_recent_asthma_attack,unadjusted_pct,2014
363,101,UHF42,44,,,** Estimate is suppressed due to insufficient data.,**,18,adults_recent_asthma_attack,unadjusted_pct,2015
363,101,UHF42,45,,,** Estimate is suppressed due to insufficient data.,**,18,adults_recent_asthma_attack,unadjusted_pct,2016
363,101,UHF42,46,3.4,"(1.3, 8.7)",* Estimate is based on small numbers so should be interpreted with caution.,3.4*,18,adults_recent_asthma_attack,unadjusted_pct,2017
363,101,UHF42,47,4.7,"(2.0, 10.7)",* Estimate is based on small numbers so should be interpreted with caution.,4.7*,18,adults_recent_asthma_attack,unadjusted_pct,2018
363,101,UHF42,48,,,** Estimate is suppressed due to insufficient data.,**,18,adults_recent_asthma_attack,unadjusted_pct,2019
363,101,UHF42,49,2.7,"(1.1, 6.6)",* Estimate is based on small numbers so should be interpreted with caution.,2.7*,18,adults_recent_asthma_attack,unadjusted_pct,2020
363,101,UHF42,289,6.3,"(2.4, 15.4)",* Estimate is based on small numbers so should be interpreted with caution.,6.3*,18,adults_recent_asthma_attack,unadjusted_pct,2021
363,101,UHF42,296,7.8,"(3.0, 18.8)",* Estimate is based on small numbers so should be interpreted with caution.,7.8*,18,adults_recent_asthma_attack,unadjusted_pct,2022
363,102,UHF42,7,5.1,"(2.9, 8.9)",,5.1,18,adults_recent_asthma_attack,unadjusted_pct,2003
363,102,UHF42,8,4.2,"(2.2, 7.7)",* Estimate is based on small numbers so should be interpreted with caution.,4.2*,18,adults_recent_asthma_attack,unadjusted_pct,2004
363,102,UHF42,10,3.2,"(1.5, 6.7)",* Estimate is based on small numbers so should be interpreted with caution.,3.2*,18,adults_recent_asthma_attack,unadjusted_pct,2006
363,102,UHF42,11,2.2,"(1.0, 5.1)",* Estimate is based on small numbers so should be interpreted with caution.,2.2*,18,adults_recent_asthma_attack,unadjusted_pct,2007
363,102,UHF42,12,4.2,"(2.0, 8.7)",* Estimate is based on small numbers so should be interpreted with caution.,4.2*,18,adults_recent_asthma_attack,unadjusted_pct,2008
363,102,UHF42,13,5.0,"(2.0, 12.1)",* Estimate is based on small numbers so should be interpreted with caution.,5.0*,18,adults_recent_asthma_attack,unadjusted_pct,2009
363,102,UHF42,14,5.6,"(3.1, 10.0)",,5.6,18,adults_recent_asthma_attack,unadjusted_pct,2010
363,102,UHF42,38,5.4,"(2.4, 11.8)",* Estimate is based on small numbers so should be interpreted with caution.,5.4*,18,adults_recent_asthma_attack,unadjusted_pct,2011
363,102,UHF42,39,6.2,"(2.7, 13.7)",* Estimate is based on small numbers so should be interpreted with caution.,6.2*,18,adults_recent_asthma_attack,unadjusted_pct,2012
363,102,UHF42,40,6.4,"(2.8, 14.2)",* Estimate is based on small numbers so should be interpreted with caution.,6.4*,18,adults_recent_asthma_attack,unadjusted_pct,2013
363,102,UHF42,41,5.8,"(2.6, 12.7)",* Estimate is based on small numbers so should be interpreted with caution.,5.8*,18,adults_recent_asthma_attack,unadjusted_pct,2014
363,102,UHF42,44,8.4,"(5.0, 13.9)",,8.4,18,adults_recent_asthma_attack,unadjusted_pct,2015
363,102,UHF42,45,5.7,"(2.5, 12.8)",* Estimate is based on small numbers so should be interpreted with caution.,5.7*,18,adults_recent_asthma_attack,unadjusted_pct,2016
363,102,UHF42,46,5.3,"(2.6, 10.4)",* Estimate is based on small numbers so should be interpreted with caution.,5.3*,18,adults_recent_asthma_attack,unadjusted_pct,2017
363,102,UHF42,47,3.4,"(1.3, 8.4)",* Estimate is based on small numbers so should be interpreted with caution.,3.4*,18,adults_recent_asthma_attack,unadjusted_pct,2018
363,102,UHF42,48,7.6,"(3.0, 17.9)",* Estimate is based on small numbers so should be interpreted with caution.,7.6*,18,adults_recent_asthma_attack,unadjusted_pct,2019
363,102,UHF42,49,,,** Estimate is suppressed due to insufficient data.,**,18,adults_recent_asthma_attack,unadjusted_pct,2020
363,102,UHF42,289,6.0,"(2.5, 13.5)",* Estimate is based on small numbers so should be interpreted with caution.,6.0*,18,adults_recent_asthma_attack,unadjusted_pct,2021
363,102,UHF42,296,4.1,"(1.7, 9.4)",* Estimate is based on small numbers so should be interpreted with caution.,4.1*,18,adults_recent_asthma_attack,unadjusted_pct,2022
363,103,UHF42,7,4.6,"(2.7, 7.8)",,4.6,18,adults_recent_asthma_attack,unadjusted_pct,2003
363,103,UHF42,8,7.0,"(4.4, 10.8)",,7.0,18,adults_recent_asthma_attack,unadjusted_pct,2004
363,103,UHF42,10,7.7,"(3.9, 14.4)",* Estimate is based on small numbers so should be interpreted with caution.,7.7*,18,adults_recent_asthma_attack,unadjusted_pct,2006
363,103,UHF42,11,2.0,"(0.9, 4.4)",* Estimate is based on small numbers so should be interpreted with caution.,2.0*,18,adults_recent_asthma_attack,unadjusted_pct,2007
363,103,UHF42,12,12.9,"(7.0, 22.5)",,12.9,18,adults_recent_asthma_attack,unadjusted_pct,2008
363,103,UHF42,13,9.2,"(5.0, 16.2)",* Estimate is based on small numbers so should be interpreted with caution.,9.2*,18,adults_recent_asthma_attack,unadjusted_pct,2009
363,103,UHF42,14,9.4,"(5.5, 15.6)",,9.4,18,adults_recent_asthma_attack,unadjusted_pct,2010
363,103,UHF42,38,,,** Estimate is suppressed due to insufficient data.,**,18,adults_recent_asthma_attack,unadjusted_pct,2011
363,103,UHF42,39,4.3,"(2.2, 8.5)",* Estimate is based on small numbers so should be interpreted with caution.,4.3*,18,adults_recent_asthma_attack,unadjusted_pct,2012
363,103,UHF42,40,6.8,"(3.5, 12.8)",* Estimate is based on small numbers so should be interpreted with caution.,6.8*,18,adults_recent_asthma_attack,unadjusted_pct,2013
363,103,UHF42,41,3.3,"(1.2, 8.4)",* Estimate is based on small numbers so should be interpreted with caution.,3.3*,18,adults_recent_asthma_attack,unadjusted_pct,2014
363,103,UHF42,44,7.5,"(4.6, 11.9)",,7.5,18,adults_recent_asthma_attack,unadjusted_pct,2015
363,103,UHF42,45,2.0,"(0.9, 4.3)",* Estimate is based on small numbers so should be interpreted with caution.,2.0*,18,adults_recent_asthma_attack,unadjusted_pct,2016
363,103,UHF42,46,8.2,"(4.7, 13.8)",,8.2,18,adults_recent_asthma_attack,unadjusted_pct,2017
363,103,UHF42,47,7.1,"(3.9, 12.7)",* Estimate is based on small numbers so should be interpreted with caution.,7.1*,18,adults_recent_asthma_attack,unadjusted_pct,2018
363,103,UHF42,48,,,** Estimate is suppressed due to insufficient data.,**,18,adults_recent_asthma_attack,unadjusted_pct,2019
363,103,UHF42,49,4.5,"(2.2, 9.0)",* Estimate is based on small numbers so should be interpreted with caution.,4.5*,18,adults_recent_asthma_attack,unadjusted_pct,2020
363,103,UHF42,289,5.0,"(2.6, 9.1)",* Estimate is based on small numbers so should be interpreted with caution.,5.0*,18,adults_recent_asthma_attack,unadjusted_pct,2021
363,103,UHF42,296,6.8,"(4.3, 10.6)",,6.8,18,adults_recent_asthma_attack,unadjusted_pct,2022
363,104,UHF42,7,6.3,"(3.9, 10.1)",,6.3,18,adults_recent_asthma_attack,unadjusted_pct,2003
363,104,UHF42,8,6.8,"(4.0, 11.4)",,6.8,18,adults_recent_asthma_attack,unadjusted_pct,2004
363,104,UHF42,10,8.9,"(5.1, 15.2)",,8.9,18,adults_recent_asthma_attack,unadjusted_pct,2006
363,104,UHF42,11,6.2,"(3.4, 10.9)",,6.2,18,adults_recent_asthma_attack,unadjusted_pct,2007
363,104,UHF42,12,6.6,"(3.0, 13.8)",* Estimate is based on small numbers so should be interpreted with caution.,6.6*,18,adults_recent_asthma_attack,unadjusted_pct,2008
363,104,UHF42,13,6.3,"(3.9, 9.9)",,6.3,18,adults_recent_asthma_attack,unadjusted_pct,2009
363,104,UHF42,14,2.0,"(1.0, 3.9)",* Estimate is based on small numbers so should be interpreted with caution.,2.0*,18,adults_recent_asthma_attack,unadjusted_pct,2010
363,104,UHF42,38,9.6,"(4.2, 20.3)",* Estimate is based on small numbers so should be interpreted with caution.,9.6*,18,adults_recent_asthma_attack,unadjusted_pct,2011
363,104,UHF42,39,6.6,"(3.2, 12.9)",* Estimate is based on small numbers so should be interpreted with caution.,6.6*,18,adults_recent_asthma_attack,unadjusted_pct,2012
363,104,UHF42,40,5.1,"(2.5, 10.0)",* Estimate is based on small numbers so should be interpreted with caution.,5.1*,18,adults_recent_asthma_attack,unadjusted_pct,2013
363,104,UHF42,41,3.5,"(1.8, 6.6)",* Estimate is based on small numbers so should be interpreted with caution.,3.5*,18,adults_recent_asthma_attack,unadjusted_pct,2014
363,104,UHF42,44,6.3,"(3.8, 10.0)",,6.3,18,adults_recent_asthma_attack,unadjusted_pct,2015
363,104,UHF42,45,6.3,"(3.5, 11.0)",,6.3,18,adults_recent_asthma_attack,unadjusted_pct,2016
363,104,UHF42,46,7.7,"(5.0, 11.6)",,7.7,18,adults_recent_asthma_attack,unadjusted_pct,2017
363,104,UHF42,47,8.7,"(5.3, 14.0)",,8.7,18,adults_recent_asthma_attack,unadjusted_pct,2018
363,104,UHF42,48,8.1,"(4.7, 13.4)",,8.1,18,adults_recent_asthma_attack,unadjusted_pct,2019
363,104,UHF42,49,5.6,"(2.5, 12.3)",* Estimate is based on small numbers so should be interpreted with caution.,5.6*,18,adults_recent_asthma_attack,unadjusted_pct,2020
363,104,UHF42,289,8.0,"(4.9, 12.9)",,8.0,18,adults_recent_asthma_attack,unadjusted_pct,2021
363,104,UHF42,296,7.7,"(4.9, 12.0)",,7.7,18,adults_recent_asthma_attack,unadjusted_pct,2022
363,105,UHF42,7,8.3,"(6.0, 11.6)",,8.3,18,adults_recent_asthma_attack,unadjusted_pct,2003
363,105,UHF42,8,10.0,"(7.1, 13.9)",,10.0,18,adults_recent_asthma_attack,unadjusted_pct,2004
363,105,UHF42,10,8.8,"(6.5, 12.0)",,8.8,18,adults_recent_asthma_attack,unadjusted_pct,2006
363,105,UHF42,11,7.3,"(5.3, 10.0)",,7.3,18,adults_recent_asthma_attack,unadjusted_pct,2007
363,105,UHF42,12,9.2,"(6.0, 13.7)",,9.2,18,adults_recent_asthma_attack,unadjusted_pct,2008
363,105,UHF42,13,6.4,"(4.4, 9.4)",,6.4,18,adults_recent_asthma_attack,unadjusted_pct,2009
363,105,UHF42,14,6.8,"(4.6, 10.1)",,6.8,18,adults_recent_asthma_attack,unadjusted_pct,2010
363,105,UHF42,38,7.5,"(4.6, 11.8)",,7.5,18,adults_recent_asthma_attack,unadjusted_pct,2011
363,105,UHF42,39,10.7,"(7.9, 14.5)",,10.7,18,adults_recent_asthma_attack,unadjusted_pct,2012
363,105,UHF42,40,6.1,"(4.2, 8.9)",,6.1,18,adults_recent_asthma_attack,unadjusted_pct,2013
363,105,UHF42,41,6.2,"(4.2, 9.0)",,6.2,18,adults_recent_asthma_attack,unadjusted_pct,2014
363,105,UHF42,44,9.6,"(7.5, 12.1)",,9.6,18,adults_recent_asthma_attack,unadjusted_pct,2015
363,105,UHF42,45,8.0,"(5.4, 11.7)",,8.0,18,adults_recent_asthma_attack,unadjusted_pct,2016
363,105,UHF42,46,7.4,"(5.0, 10.9)",,7.4,18,adults_recent_asthma_attack,unadjusted_pct,2017
363,105,UHF42,47,6.9,"(4.7, 10.0)",,6.9,18,adults_recent_asthma_attack,unadjusted_pct,2018
363,105,UHF42,48,6.4,"(3.8, 10.5)",,6.4,18,adults_recent_asthma_attack,unadjusted_pct,2019
363,105,UHF42,49,5.2,"(3.1, 8.5)",,5.2,18,adults_recent_asthma_attack,unadjusted_pct,2020
363,105,UHF42,289,8.8,"(5.7, 13.5)",,8.8,18,adults_recent_asthma_attack,unadjusted_pct,2021
363,105,UHF42,296,6.3,"(4.4, 8.9)",,6.3,18,adults_recent_asthma_attack,unadjusted_pct,2022
363,106,UHF42,7,8.3,"(6.0, 11.6)",,8.3,18,adults_recent_asthma_attack,unadjusted_pct,2003
363,106,UHF42,8,10.0,"(7.1, 13.9)",,10.0,18,adults_recent_asthma_attack,unadjusted_pct,2004
363,106,UHF42,10,8.8,"(6.5, 12.0)",,8.8,18,adults_recent_asthma_attack,unadjusted_pct,2006
363,106,UHF42,11,7.3,"(5.3, 10.0)",,7.3,18,adults_recent_asthma_attack,unadjusted_pct,2007
363,106,UHF42,12,9.2,"(6.0, 13.7)",,9.2,18,adults_recent_asthma_attack,unadjusted_pct,2008
363,106,UHF42,13,6.4,"(4.4, 9.4)",,6.4,18,adults_recent_asthma_attack,unadjusted_pct,2009
363,106,UHF42,14,6.8,"(4.6, 10.1)",,6.8,18,adults_recent_asthma_attack,unadjusted_pct,2010
363,106,UHF42,38,7.5,"(4.6, 11.8)",,7.5,18,adults_recent_asthma_attack,unadjusted_pct,2011
363,106,UHF42,39,10.7,"(7.9, 14.5)",,10.7,18,adults_recent_asthma_attack,unadjusted_pct,2012
363,106,UHF42,40,6.1,"(4.2, 8.9)",,6.1,18,adults_recent_asthma_attack,unadjusted_pct,2013
363,106,UHF42,41,6.2,"(4.2, 9.0)",,6.2,18,adults_recent_asthma_attack,unadjusted_pct,2014
363,106,UHF42,44,9.6,"(7.5, 12.1)",,9.6,18,adults_recent_asthma_attack,unadjusted_pct,2015
363,106,UHF42,45,8.0,"(5.4, 11.7)",,8.0,18,adults_recent_asthma_attack,unadjusted_pct,2016
363,106,UHF42,46,7.4,"(5.0, 10.9)",,7.4,18,adults_recent_asthma_attack,unadjusted_pct,2017
363,106,UHF42,47,6.9,"(4.7, 10.0)",,6.9,18,adults_recent_asthma_attack,unadjusted_pct,2018
363,106,UHF42,48,6.4,"(3.8, 10.5)",,6.4,18,adults_recent_asthma_attack,unadjusted_pct,2019
363,106,UHF42,49,5.2,"(3.1, 8.5)",,5.2,18,adults_recent_asthma_attack,unadjusted_pct,2020
363,106,UHF42,289,8.8,"(5.7, 13.5)",,8.8,18,adults_recent_asthma_attack,unadjusted_pct,2021
363,106,UHF42,296,6.3,"(4.4, 8.9)",,6.3,18,adults_recent_asthma_attack,unadjusted_pct,2022
363,107,UHF42,7,8.3,"(6.0, 11.6)",,8.3,18,adults_recent_asthma_attack,unadjusted_pct,2003
363,107,UHF42,8,10.0,"(7.1, 13.9)",,10.0,18,adults_recent_asthma_attack,unadjusted_pct,2004
363,107,UHF42,10,8.8,"(6.5, 12.0)",,8.8,18,adults_recent_asthma_attack,unadjusted_pct,2006
363,107,UHF42,11,7.3,"(5.3, 10.0)",,7.3,18,adults_recent_asthma_attack,unadjusted_pct,2007
363,107,UHF42,12,9.2,"(6.0, 13.7)",,9.2,18,adults_recent_asthma_attack,unadjusted_pct,2008
363,107,UHF42,13,6.4,"(4.4, 9.4)",,6.4,18,adults_recent_asthma_attack,unadjusted_pct,2009
363,107,UHF42,14,6.8,"(4.6, 10.1)",,6.8,18,adults_recent_asthma_attack,unadjusted_pct,2010
363,107,UHF42,38,7.5,"(4.6, 11.8)",,7.5,18,adults_recent_asthma_attack,unadjusted_pct,2011
363,107,UHF42,39,10.7,"(7.9, 14.5)",,10.7,18,adults_recent_asthma_attack,unadjusted_pct,2012
363,107,UHF42,40,6.1,"(4.2, 8.9)",,6.1,18,adults_recent_asthma_attack,unadjusted_pct,2013
363,107,UHF42,41,6.2,"(4.2, 9.0)",,6.2,18,adults_recent_asthma_attack,unadjusted_pct,2014
363,107,UHF42,44,9.6,"(7.5, 12.1)",,9.6,18,adults_recent_asthma_attack,unadjusted_pct,2015
363,107,UHF42,45,8.0,"(5.4, 11.7)",,8.0,18,adults_recent_asthma_attack,unadjusted_pct,2016
363,107,UHF42,46,7.4,"(5.0, 10.9)",,7.4,18,adults_recent_asthma_attack,unadjusted_pct,2017
363,107,UHF42,47,6.9,"(4.7, 10.0)",,6.9,18,adults_recent_asthma_attack,unadjusted_pct,2018
363,107,UHF42,48,6.4,"(3.8, 10.5)",,6.4,18,adults_recent_asthma_attack,unadjusted_pct,2019
363,107,UHF42,49,5.2,"(3.1, 8.5)",,5.2,18,adults_recent_asthma_attack,unadjusted_pct,2020
363,107,UHF42,289,8.8,"(5.7, 13.5)",,8.8,18,adults_recent_asthma_attack,unadjusted_pct,2021
363,107,UHF42,296,6.3,"(4.4, 8.9)",,6.3,18,adults_recent_asthma_attack,unadjusted_pct,2022
363,201,UHF42,7,3.3,"(1.7, 6.1)",* Estimate is based on small numbers so should be interpreted with caution.,3.3*,18,adults_recent_asthma_attack,unadjusted_pct,2003
363,201,UHF42,8,3.7,"(1.8, 7.6)",* Estimate is based on small numbers so should be interpreted with caution.,3.7*,18,adults_recent_asthma_attack,unadjusted_pct,2004
363,201,UHF42,10,7.8,"(3.5, 16.6)",* Estimate is based on small numbers so should be interpreted with caution.,7.8*,18,adults_recent_asthma_attack,unadjusted_pct,2006
363,201,UHF42,11,7.3,"(3.1, 16.3)",* Estimate is based on small numbers so should be interpreted with caution.,7.3*,18,adults_recent_asthma_attack,unadjusted_pct,2007
363,201,UHF42,12,4.8,"(1.9, 11.5)",* Estimate is based on small numbers so should be interpreted with caution.,4.8*,18,adults_recent_asthma_attack,unadjusted_pct,2008
363,201,UHF42,13,7.3,"(3.6, 14.5)",* Estimate is based on small numbers so should be interpreted with caution.,7.3*,18,adults_recent_asthma_attack,unadjusted_pct,2009
363,201,UHF42,14,0.4,"(0.1, 1.3)",* Estimate is based on small numbers so should be interpreted with caution.,0.4*,18,adults_recent_asthma_attack,unadjusted_pct,2010
363,201,UHF42,38,1.7,"(0.5, 4.9)",* Estimate is based on small numbers so should be interpreted with caution.,1.7*,18,adults_recent_asthma_attack,unadjusted_pct,2011
363,201,UHF42,39,4.1,"(1.8, 9.2)",* Estimate is based on small numbers so should be interpreted with caution.,4.1*,18,adults_recent_asthma_attack,unadjusted_pct,2012
363,201,UHF42,40,1.2,"(0.3, 4.1)",* Estimate is based on small numbers so should be interpreted with caution.,1.2*,18,adults_recent_asthma_attack,unadjusted_pct,2013
363,201,UHF42,41,,,** Estimate is suppressed due to insufficient data.,**,18,adults_recent_asthma_attack,unadjusted_pct,2014
363,201,UHF42,44,,,** Estimate is suppressed due to insufficient data.,**,18,adults_recent_asthma_attack,unadjusted_pct,2015
363,201,UHF42,45,,,** Estimate is suppressed due to insufficient data.,**,18,adults_recent_asthma_attack,unadjusted_pct,2016
363,201,UHF42,46,,,** Estimate is suppressed due to insufficient data.,**,18,adults_recent_asthma_attack,unadjusted_pct,2017
363,201,UHF42,47,,,** Estimate is suppressed due to insufficient data.,**,18,adults_recent_asthma_attack,unadjusted_pct,2018
363,201,UHF42,48,4.6,"(2.1, 9.9)",* Estimate is based on small numbers so should be interpreted with caution.,4.6*,18,adults_recent_asthma_attack,unadjusted_pct,2019
363,201,UHF42,49,1.3,"(0.5, 3.7)",* Estimate is based on small numbers so should be interpreted with caution.,1.3*,18,adults_recent_asthma_attack,unadjusted_pct,2020
363,201,UHF42,289,,,** Estimate is suppressed due to insufficient data.,**,18,adults_recent_asthma_attack,unadjusted_pct,2021
363,201,UHF42,296,1.3,"(0.4, 4.0)",* Estimate is based on small numbers so should be interpreted with caution.,1.3*,18,adults_recent_asthma_attack,unadjusted_pct,2022
363,202,UHF42,7,6.0,"(3.3, 10.8)",* Estimate is based on small numbers so should be interpreted with caution.,6.0*,18,adults_recent_asthma_attack,unadjusted_pct,2003
363,202,UHF42,8,8.9,"(5.3, 14.5)",,8.9,18,adults_recent_asthma_attack,unadjusted_pct,2004
363,202,UHF42,10,6.8,"(4.1, 11.1)",,6.8,18,adults_recent_asthma_attack,unadjusted_pct,2006
363,202,UHF42,11,4.7,"(2.2, 9.8)",* Estimate is based on small numbers so should be interpreted with caution.,4.7*,18,adults_recent_asthma_attack,unadjusted_pct,2007
363,202,UHF42,12,3.5,"(1.4, 8.6)",* Estimate is based on small numbers so should be interpreted with caution.,3.5*,18,adults_recent_asthma_attack,unadjusted_pct,2008
363,202,UHF42,13,7.0,"(3.5, 13.4)",* Estimate is based on small numbers so should be interpreted with caution.,7.0*,18,adults_recent_asthma_attack,unadjusted_pct,2009
363,202,UHF42,14,3.3,"(1.5, 7.1)",* Estimate is based on small numbers so should be interpreted with caution.,3.3*,18,adults_recent_asthma_attack,unadjusted_pct,2010
363,202,UHF42,38,1.8,"(0.7, 4.6)",* Estimate is based on small numbers so should be interpreted with caution.,1.8*,18,adults_recent_asthma_attack,unadjusted_pct,2011
363,202,UHF42,39,3.4,"(1.9, 6.3)",* Estimate is based on small numbers so should be interpreted with caution.,3.4*,18,adults_recent_asthma_attack,unadjusted_pct,2012
363,202,UHF42,40,2.4,"(1.1, 5.0)",* Estimate is based on small numbers so should be interpreted with caution.,2.4*,18,adults_recent_asthma_attack,unadjusted_pct,2013
363,202,UHF42,41,,,** Estimate is suppressed due to insufficient data.,**,18,adults_recent_asthma_attack,unadjusted_pct,2014
363,202,UHF42,44,3.8,"(1.7, 8.3)",* Estimate is based on small numbers so should be interpreted with caution.,3.8*,18,adults_recent_asthma_attack,unadjusted_pct,2015
363,202,UHF42,45,2.5,"(0.9, 6.3)",* Estimate is based on small numbers so should be interpreted with caution.,2.5*,18,adults_recent_asthma_attack,unadjusted_pct,2016
363,202,UHF42,46,4.2,"(2.1, 8.2)",* Estimate is based on small numbers so should be interpreted with caution.,4.2*,18,adults_recent_asthma_attack,unadjusted_pct,2017
363,202,UHF42,47,7.2,"(3.7, 13.5)",* Estimate is based on small numbers so should be interpreted with caution.,7.2*,18,adults_recent_asthma_attack,unadjusted_pct,2018
363,202,UHF42,48,5.3,"(2.5, 11.0)",* Estimate is based on small numbers so should be interpreted with caution.,5.3*,18,adults_recent_asthma_attack,unadjusted_pct,2019
363,202,UHF42,49,2.5,"(1.2, 5.4)",* Estimate is based on small numbers so should be interpreted with caution.,2.5*,18,adults_recent_asthma_attack,unadjusted_pct,2020
363,202,UHF42,289,5.0,"(2.6, 9.4)",* Estimate is based on small numbers so should be interpreted with caution.,5.0*,18,adults_recent_asthma_attack,unadjusted_pct,2021
363,202,UHF42,296,3.8,"(1.8, 7.8)",* Estimate is based on small numbers so should be interpreted with caution.,3.8*,18,adults_recent_asthma_attack,unadjusted_pct,2022
363,203,UHF42,7,6.3,"(3.7, 10.5)",,6.3,18,adults_recent_asthma_attack,unadjusted_pct,2003
363,203,UHF42,8,4.8,"(2.4, 9.6)",* Estimate is based on small numbers so should be interpreted with caution.,4.8*,18,adults_recent_asthma_attack,unadjusted_pct,2004
363,203,UHF42,10,7.7,"(5.4, 10.8)",,7.7,18,adults_recent_asthma_attack,unadjusted_pct,2006
363,203,UHF42,11,5.2,"(3.3, 8.0)",,5.2,18,adults_recent_asthma_attack,unadjusted_pct,2007
363,203,UHF42,12,3.3,"(1.3, 8.1)",* Estimate is based on small numbers so should be interpreted with caution.,3.3*,18,adults_recent_asthma_attack,unadjusted_pct,2008
363,203,UHF42,13,6.2,"(2.6, 13.8)",* Estimate is based on small numbers so should be interpreted with caution.,6.2*,18,adults_recent_asthma_attack,unadjusted_pct,2009
363,203,UHF42,14,4.1,"(1.9, 8.7)",* Estimate is based on small numbers so should be interpreted with caution.,4.1*,18,adults_recent_asthma_attack,unadjusted_pct,2010
363,203,UHF42,38,10.7,"(4.9, 21.7)",* Estimate is based on small numbers so should be interpreted with caution.,10.7*,18,adults_recent_asthma_attack,unadjusted_pct,2011
363,203,UHF42,39,2.9,"(1.3, 6.2)",* Estimate is based on small numbers so should be interpreted with caution.,2.9*,18,adults_recent_asthma_attack,unadjusted_pct,2012
363,203,UHF42,40,6.1,"(3.3, 11.0)",* Estimate is based on small numbers so should be interpreted with caution.,6.1*,18,adults_recent_asthma_attack,unadjusted_pct,2013
363,203,UHF42,41,2.1,"(1.0, 4.0)",* Estimate is based on small numbers so should be interpreted with caution.,2.1*,18,adults_recent_asthma_attack,unadjusted_pct,2014
363,203,UHF42,44,8.7,"(5.4, 13.6)",,8.7,18,adults_recent_asthma_attack,unadjusted_pct,2015
363,203,UHF42,45,5.5,"(3.5, 8.6)",,5.5,18,adults_recent_asthma_attack,unadjusted_pct,2016
363,203,UHF42,46,7.6,"(4.5, 12.5)",,7.6,18,adults_recent_asthma_attack,unadjusted_pct,2017
363,203,UHF42,47,4.5,"(2.3, 8.6)",* Estimate is based on small numbers so should be interpreted with caution.,4.5*,18,adults_recent_asthma_attack,unadjusted_pct,2018
363,203,UHF42,48,6.5,"(3.2, 12.5)",* Estimate is based on small numbers so should be interpreted with caution.,6.5*,18,adults_recent_asthma_attack,unadjusted_pct,2019
363,203,UHF42,49,6.1,"(3.4, 10.5)",,6.1,18,adults_recent_asthma_attack,unadjusted_pct,2020
363,203,UHF42,289,5.4,"(3.0, 9.4)",,5.4,18,adults_recent_asthma_attack,unadjusted_pct,2021
363,203,UHF42,296,4.3,"(2.6, 6.9)",,4.3,18,adults_recent_asthma_attack,unadjusted_pct,2022
363,204,UHF42,7,5.9,"(3.6, 9.3)",,5.9,18,adults_recent_asthma_attack,unadjusted_pct,2003
363,204,UHF42,8,8.0,"(5.3, 12.1)",,8.0,18,adults_recent_asthma_attack,unadjusted_pct,2004
363,204,UHF42,10,6.2,"(3.6, 10.4)",,6.2,18,adults_recent_asthma_attack,unadjusted_pct,2006
363,204,UHF42,11,2.8,"(1.3, 6.2)",* Estimate is based on small numbers so should be interpreted with caution.,2.8*,18,adults_recent_asthma_attack,unadjusted_pct,2007
363,204,UHF42,12,4.2,"(1.9, 9.1)",* Estimate is based on small numbers so should be interpreted with caution.,4.2*,18,adults_recent_asthma_attack,unadjusted_pct,2008
363,204,UHF42,13,,,** Estimate is suppressed due to insufficient data.,**,18,adults_recent_asthma_attack,unadjusted_pct,2009
363,204,UHF42,14,7.8,"(3.8, 15.3)",* Estimate is based on small numbers so should be interpreted with caution.,7.8*,18,adults_recent_asthma_attack,unadjusted_pct,2010
363,204,UHF42,38,10.0,"(5.0, 19.2)",* Estimate is based on small numbers so should be interpreted with caution.,10.0*,18,adults_recent_asthma_attack,unadjusted_pct,2011
363,204,UHF42,39,6.5,"(3.6, 11.3)",,6.5,18,adults_recent_asthma_attack,unadjusted_pct,2012
363,204,UHF42,40,4.7,"(2.3, 9.6)",* Estimate is based on small numbers so should be interpreted with caution.,4.7*,18,adults_recent_asthma_attack,unadjusted_pct,2013
363,204,UHF42,41,6.3,"(3.4, 11.4)",* Estimate is based on small numbers so should be interpreted with caution.,6.3*,18,adults_recent_asthma_attack,unadjusted_pct,2014
363,204,UHF42,44,10.6,"(6.3, 17.3)",,10.6,18,adults_recent_asthma_attack,unadjusted_pct,2015
363,204,UHF42,45,5.2,"(2.6, 10.2)",* Estimate is based on small numbers so should be interpreted with caution.,5.2*,18,adults_recent_asthma_attack,unadjusted_pct,2016
363,204,UHF42,46,3.7,"(1.5, 8.8)",* Estimate is based on small numbers so should be interpreted with caution.,3.7*,18,adults_recent_asthma_attack,unadjusted_pct,2017
363,204,UHF42,47,,,** Estimate is suppressed due to insufficient data.,**,18,adults_recent_asthma_attack,unadjusted_pct,2018
363,204,UHF42,48,7.8,"(3.1, 18.6)",* Estimate is based on small numbers so should be interpreted with caution.,7.8*,18,adults_recent_asthma_attack,unadjusted_pct,2019
363,204,UHF42,49,,,** Estimate is suppressed due to insufficient data.,**,18,adults_recent_asthma_attack,unadjusted_pct,2020
363,204,UHF42,289,8.1,"(3.4, 18.1)",* Estimate is based on small numbers so should be interpreted with caution.,8.1*,18,adults_recent_asthma_attack,unadjusted_pct,2021
363,204,UHF42,296,6.9,"(2.9, 15.9)",* Estimate is based on small numbers so should be interpreted with caution.,6.9*,18,adults_recent_asthma_attack,unadjusted_pct,2022
363,205,UHF42,7,5.4,"(2.9, 9.6)",* Estimate is based on small numbers so should be interpreted with caution.,5.4*,18,adults_recent_asthma_attack,unadjusted_pct,2003
363,205,UHF42,8,3.0,"(1.6, 5.5)",* Estimate is based on small numbers so should be interpreted with caution.,3.0*,18,adults_recent_asthma_attack,unadjusted_pct,2004
363,205,UHF42,10,5.4,"(2.3, 12.0)",* Estimate is based on small numbers so should be interpreted with caution.,5.4*,18,adults_recent_asthma_attack,unadjusted_pct,2006
363,205,UHF42,11,,,** Estimate is suppressed due to insufficient data.,**,18,adults_recent_asthma_attack,unadjusted_pct,2007
363,205,UHF42,12,,,** Estimate is suppressed due to insufficient data.,**,18,adults_recent_asthma_attack,unadjusted_pct,2008
363,205,UHF42,13,2.4,"(0.9, 6.3)",* Estimate is based on small numbers so should be interpreted with caution.,2.4*,18,adults_recent_asthma_attack,unadjusted_pct,2009
363,205,UHF42,14,,,** Estimate is suppressed due to insufficient data.,**,18,adults_recent_asthma_attack,unadjusted_pct,2010
363,205,UHF42,38,,,** Estimate is suppressed due to insufficient data.,**,18,adults_recent_asthma_attack,unadjusted_pct,2011
363,205,UHF42,39,,,** Estimate is suppressed due to insufficient data.,**,18,adults_recent_asthma_attack,unadjusted_pct,2012
363,205,UHF42,40,1.5,"(0.4, 5.2)",* Estimate is based on small numbers so should be interpreted with caution.,1.5*,18,adults_recent_asthma_attack,unadjusted_pct,2013
363,205,UHF42,41,0.7,"(0.2, 2.7)",* Estimate is based on small numbers so should be interpreted with caution.,0.7*,18,adults_recent_asthma_attack,unadjusted_pct,2014
363,205,UHF42,44,,,** Estimate is suppressed due to insufficient data.,**,18,adults_recent_asthma_attack,unadjusted_pct,2015
363,205,UHF42,45,1.6,"(0.4, 5.9)",* Estimate is based on small numbers so should be interpreted with caution.,1.6*,18,adults_recent_asthma_attack,unadjusted_pct,2016
363,205,UHF42,46,2.8,"(1.3, 6.0)",* Estimate is based on small numbers so should be interpreted with caution.,2.8*,18,adults_recent_asthma_attack,unadjusted_pct,2017
363,205,UHF42,47,0.8,"(0.2, 2.7)",* Estimate is based on small numbers so should be interpreted with caution.,0.8*,18,adults_recent_asthma_attack,unadjusted_pct,2018
363,205,UHF42,48,,,** Estimate is suppressed due to insufficient data.,**,18,adults_recent_asthma_attack,unadjusted_pct,2019
363,205,UHF42,49,,,** Estimate is suppressed due to insufficient data.,**,18,adults_recent_asthma_attack,unadjusted_pct,2020
363,205,UHF42,289,,,** Estimate is suppressed due to insufficient data.,**,18,adults_recent_asthma_attack,unadjusted_pct,2021
363,205,UHF42,296,,,** Estimate is suppressed due to insufficient data.,**,18,adults_recent_asthma_attack,unadjusted_pct,2022
363,206,UHF42,7,4.0,"(2.4, 6.7)",,4.0,18,adults_recent_asthma_attack,unadjusted_pct,2003
363,206,UHF42,8,3.2,"(1.7, 5.9)",* Estimate is based on small numbers so should be interpreted with caution.,3.2*,18,adults_recent_asthma_attack,unadjusted_pct,2004
363,206,UHF42,10,2.8,"(1.4, 5.5)",* Estimate is based on small numbers so should be interpreted with caution.,2.8*,18,adults_recent_asthma_attack,unadjusted_pct,2006
363,206,UHF42,11,2.0,"(1.0, 4.2)",* Estimate is based on small numbers so should be interpreted with caution.,2.0*,18,adults_recent_asthma_attack,unadjusted_pct,2007
363,206,UHF42,12,3.5,"(1.5, 7.9)",* Estimate is based on small numbers so should be interpreted with caution.,3.5*,18,adults_recent_asthma_attack,unadjusted_pct,2008
363,206,UHF42,13,0.9,"(0.3, 2.9)",* Estimate is based on small numbers so should be interpreted with caution.,0.9*,18,adults_recent_asthma_attack,unadjusted_pct,2009
363,206,UHF42,14,1.7,"(0.6, 4.5)",* Estimate is based on small numbers so should be interpreted with caution.,1.7*,18,adults_recent_asthma_attack,unadjusted_pct,2010
363,206,UHF42,38,3.4,"(1.5, 7.5)",* Estimate is based on small numbers so should be interpreted with caution.,3.4*,18,adults_recent_asthma_attack,unadjusted_pct,2011
363,206,UHF42,39,4.3,"(1.8, 9.8)",* Estimate is based on small numbers so should be interpreted with caution.,4.3*,18,adults_recent_asthma_attack,unadjusted_pct,2012
363,206,UHF42,40,3.6,"(1.3, 9.3)",* Estimate is based on small numbers so should be interpreted with caution.,3.6*,18,adults_recent_asthma_attack,unadjusted_pct,2013
363,206,UHF42,41,3.2,"(1.4, 7.2)",* Estimate is based on small numbers so should be interpreted with caution.,3.2*,18,adults_recent_asthma_attack,unadjusted_pct,2014
363,206,UHF42,44,2.7,"(1.4, 5.2)",* Estimate is based on small numbers so should be interpreted with caution.,2.7*,18,adults_recent_asthma_attack,unadjusted_pct,2015
363,206,UHF42,45,2.3,"(0.9, 5.6)",* Estimate is based on small numbers so should be interpreted with caution.,2.3*,18,adults_recent_asthma_attack,unadjusted_pct,2016
363,206,UHF42,46,2.3,"(1.1, 4.8)",* Estimate is based on small numbers so should be interpreted with caution.,2.3*,18,adults_recent_asthma_attack,unadjusted_pct,2017
363,206,UHF42,47,1.7,"(0.7, 4.0)",* Estimate is based on small numbers so should be interpreted with caution.,1.7*,18,adults_recent_asthma_attack,unadjusted_pct,2018
363,206,UHF42,48,2.0,"(1.0, 3.8)",* Estimate is based on small numbers so should be interpreted with caution.,2.0*,18,adults_recent_asthma_attack,unadjusted_pct,2019
363,206,UHF42,49,3.4,"(1.7, 6.6)",* Estimate is based on small numbers so should be interpreted with caution.,3.4*,18,adults_recent_asthma_attack,unadjusted_pct,2020
363,206,UHF42,289,4.0,"(1.6, 9.9)",* Estimate is based on small numbers so should be interpreted with caution.,4.0*,18,adults_recent_asthma_attack,unadjusted_pct,2021
363,206,UHF42,296,2.0,"(0.8, 4.9)",* Estimate is based on small numbers so should be interpreted with caution.,2.0*,18,adults_recent_asthma_attack,unadjusted_pct,2022
363,207,UHF42,7,2.2,"(1.1, 4.4)",* Estimate is based on small numbers so should be interpreted with caution.,2.2*,18,adults_recent_asthma_attack,unadjusted_pct,2003
363,207,UHF42,8,7.3,"(4.6, 11.5)",,7.3,18,adults_recent_asthma_attack,unadjusted_pct,2004
363,207,UHF42,10,3.8,"(2.2, 6.3)",,3.8,18,adults_recent_asthma_attack,unadjusted_pct,2006
363,207,UHF42,11,4.1,"(2.0, 8.2)",* Estimate is based on small numbers so should be interpreted with caution.,4.1*,18,adults_recent_asthma_attack,unadjusted_pct,2007
363,207,UHF42,12,3.9,"(1.7, 8.8)",* Estimate is based on small numbers so should be interpreted with caution.,3.9*,18,adults_recent_asthma_attack,unadjusted_pct,2008
363,207,UHF42,13,1.2,"(0.4, 3.9)",* Estimate is based on small numbers so should be interpreted with caution.,1.2*,18,adults_recent_asthma_attack,unadjusted_pct,2009
363,207,UHF42,14,,,** Estimate is suppressed due to insufficient data.,**,18,adults_recent_asthma_attack,unadjusted_pct,2010
363,207,UHF42,38,,,** Estimate is suppressed due to insufficient data.,**,18,adults_recent_asthma_attack,unadjusted_pct,2011
363,207,UHF42,39,1.9,"(0.8, 4.3)",* Estimate is based on small numbers so should be interpreted with caution.,1.9*,18,adults_recent_asthma_attack,unadjusted_pct,2012
363,207,UHF42,40,6.8,"(3.4, 12.9)",* Estimate is based on small numbers so should be interpreted with caution.,6.8*,18,adults_recent_asthma_attack,unadjusted_pct,2013
363,207,UHF42,41,3.1,"(1.6, 6.2)",* Estimate is based on small numbers so should be interpreted with caution.,3.1*,18,adults_recent_asthma_attack,unadjusted_pct,2014
363,207,UHF42,44,5.2,"(2.9, 9.1)",,5.2,18,adults_recent_asthma_attack,unadjusted_pct,2015
363,207,UHF42,45,1.6,"(0.8, 3.4)",* Estimate is based on small numbers so should be interpreted with caution.,1.6*,18,adults_recent_asthma_attack,unadjusted_pct,2016
363,207,UHF42,46,4.3,"(2.4, 7.5)",,4.3,18,adults_recent_asthma_attack,unadjusted_pct,2017
363,207,UHF42,47,,,** Estimate is suppressed due to insufficient data.,**,18,adults_recent_asthma_attack,unadjusted_pct,2018
363,207,UHF42,48,6.9,"(3.5, 13.2)",* Estimate is based on small numbers so should be interpreted with caution.,6.9*,18,adults_recent_asthma_attack,unadjusted_pct,2019
363,207,UHF42,49,2.3,"(1.0, 4.9)",* Estimate is based on small numbers so should be interpreted with caution.,2.3*,18,adults_recent_asthma_attack,unadjusted_pct,2020
363,207,UHF42,289,5.3,"(2.5, 10.9)",* Estimate is based on small numbers so should be interpreted with caution.,5.3*,18,adults_recent_asthma_attack,unadjusted_pct,2021
363,207,UHF42,296,5.3,"(2.5, 10.7)",* Estimate is based on small numbers so should be interpreted with caution.,5.3*,18,adults_recent_asthma_attack,unadjusted_pct,2022
363,208,UHF42,7,3.0,"(1.6, 5.7)",* Estimate is based on small numbers so should be interpreted with caution.,3.0*,18,adults_recent_asthma_attack,unadjusted_pct,2003
363,208,UHF42,8,3.8,"(1.8, 7.6)",* Estimate is based on small numbers so should be interpreted with caution.,3.8*,18,adults_recent_asthma_attack,unadjusted_pct,2004
363,208,UHF42,10,,,** Estimate is suppressed due to insufficient data.,**,18,adults_recent_asthma_attack,unadjusted_pct,2006
363,208,UHF42,11,2.5,"(1.1, 5.9)",* Estimate is based on small numbers so should be interpreted with caution.,2.5*,18,adults_recent_asthma_attack,unadjusted_pct,2007
363,208,UHF42,12,3.0,"(1.2, 7.3)",* Estimate is based on small numbers so should be interpreted with caution.,3.0*,18,adults_recent_asthma_attack,unadjusted_pct,2008
363,208,UHF42,13,2.3,"(1.1, 4.9)",* Estimate is based on small numbers so should be interpreted with caution.,2.3*,18,adults_recent_asthma_attack,unadjusted_pct,2009
363,208,UHF42,14,3.3,"(1.5, 7.2)",* Estimate is based on small numbers so should be interpreted with caution.,3.3*,18,adults_recent_asthma_attack,unadjusted_pct,2010
363,208,UHF42,38,,,** Estimate is suppressed due to insufficient data.,**,18,adults_recent_asthma_attack,unadjusted_pct,2011
363,208,UHF42,39,6.3,"(2.5, 15.1)",* Estimate is based on small numbers so should be interpreted with caution.,6.3*,18,adults_recent_asthma_attack,unadjusted_pct,2012
363,208,UHF42,40,4.2,"(1.7, 10.2)",* Estimate is based on small numbers so should be interpreted with caution.,4.2*,18,adults_recent_asthma_attack,unadjusted_pct,2013
363,208,UHF42,41,2.8,"(1.0, 7.3)",* Estimate is based on small numbers so should be interpreted with caution.,2.8*,18,adults_recent_asthma_attack,unadjusted_pct,2014
363,208,UHF42,44,5.0,"(2.6, 9.6)",* Estimate is based on small numbers so should be interpreted with caution.,5.0*,18,adults_recent_asthma_attack,unadjusted_pct,2015
363,208,UHF42,45,7.9,"(2.9, 19.7)",* Estimate is based on small numbers so should be interpreted with caution.,7.9*,18,adults_recent_asthma_attack,unadjusted_pct,2016
363,208,UHF42,46,4.4,"(1.8, 10.1)",* Estimate is based on small numbers so should be interpreted with caution.,4.4*,18,adults_recent_asthma_attack,unadjusted_pct,2017
363,208,UHF42,47,2.1,"(0.8, 5.8)",* Estimate is based on small numbers so should be interpreted with caution.,2.1*,18,adults_recent_asthma_attack,unadjusted_pct,2018
363,208,UHF42,48,6.7,"(2.6, 16.3)",* Estimate is based on small numbers so should be interpreted with caution.,6.7*,18,adults_recent_asthma_attack,unadjusted_pct,2019
363,208,UHF42,49,7.3,"(2.9, 16.8)",* Estimate is based on small numbers so should be interpreted with caution.,7.3*,18,adults_recent_asthma_attack,unadjusted_pct,2020
363,208,UHF42,289,1.2,"(0.5, 2.9)",* Estimate is based on small numbers so should be interpreted with caution.,1.2*,18,adults_recent_asthma_attack,unadjusted_pct,2021
363,208,UHF42,296,4.8,"(2.2, 10.3)",* Estimate is based on small numbers so should be interpreted with caution.,4.8*,18,adults_recent_asthma_attack,unadjusted_pct,2022
363,209,UHF42,7,2.1,"(1.1, 4.2)",* Estimate is based on small numbers so should be interpreted with caution.,2.1*,18,adults_recent_asthma_attack,unadjusted_pct,2003
363,209,UHF42,8,3.8,"(2.0, 7.0)",* Estimate is based on small numbers so should be interpreted with caution.,3.8*,18,adults_recent_asthma_attack,unadjusted_pct,2004
363,209,UHF42,10,3.8,"(2.2, 6.5)",,3.8,18,adults_recent_asthma_attack,unadjusted_pct,2006
363,209,UHF42,11,4.4,"(2.2, 8.7)",* Estimate is based on small numbers so should be interpreted with caution.,4.4*,18,adults_recent_asthma_attack,unadjusted_pct,2007
363,209,UHF42,12,,,** Estimate is suppressed due to insufficient data.,**,18,adults_recent_asthma_attack,unadjusted_pct,2008
363,209,UHF42,13,3.5,"(1.4, 8.6)",* Estimate is based on small numbers so should be interpreted with caution.,3.5*,18,adults_recent_asthma_attack,unadjusted_pct,2009
363,209,UHF42,14,2.9,"(1.3, 6.2)",* Estimate is based on small numbers so should be interpreted with caution.,2.9*,18,adults_recent_asthma_attack,unadjusted_pct,2010
363,209,UHF42,38,,,** Estimate is suppressed due to insufficient data.,**,18,adults_recent_asthma_attack,unadjusted_pct,2011
363,209,UHF42,39,,,** Estimate is suppressed due to insufficient data.,**,18,adults_recent_asthma_attack,unadjusted_pct,2012
363,209,UHF42,40,,,** Estimate is suppressed due to insufficient data.,**,18,adults_recent_asthma_attack,unadjusted_pct,2013
363,209,UHF42,41,2.0,"(0.7, 6.1)",* Estimate is based on small numbers so should be interpreted with caution.,2.0*,18,adults_recent_asthma_attack,unadjusted_pct,2014
363,209,UHF42,44,2.9,"(1.5, 5.6)",* Estimate is based on small numbers so should be interpreted with caution.,2.9*,18,adults_recent_asthma_attack,unadjusted_pct,2015
363,209,UHF42,45,,,** Estimate is suppressed due to insufficient data.,**,18,adults_recent_asthma_attack,unadjusted_pct,2016
363,209,UHF42,46,2.2,"(0.8, 5.9)",* Estimate is based on small numbers so should be interpreted with caution.,2.2*,18,adults_recent_asthma_attack,unadjusted_pct,2017
363,209,UHF42,47,3.2,"(1.3, 7.7)",* Estimate is based on small numbers so should be interpreted with caution.,3.2*,18,adults_recent_asthma_attack,unadjusted_pct,2018
363,209,UHF42,48,8.3,"(4.4, 15.2)",* Estimate is based on small numbers so should be interpreted with caution.,8.3*,18,adults_recent_asthma_attack,unadjusted_pct,2019
363,209,UHF42,49,2.1,"(0.8, 5.4)",* Estimate is based on small numbers so should be interpreted with caution.,2.1*,18,adults_recent_asthma_attack,unadjusted_pct,2020
363,209,UHF42,289,9.7,"(4.6, 19.3)",* Estimate is based on small numbers so should be interpreted with caution.,9.7*,18,adults_recent_asthma_attack,unadjusted_pct,2021
363,209,UHF42,296,3.5,"(1.7, 7.3)",* Estimate is based on small numbers so should be interpreted with caution.,3.5*,18,adults_recent_asthma_attack,unadjusted_pct,2022
363,210,UHF42,7,2.8,"(1.4, 5.7)",* Estimate is based on small numbers so should be interpreted with caution.,2.8*,18,adults_recent_asthma_attack,unadjusted_pct,2003
363,210,UHF42,8,4.4,"(2.4, 8.0)",* Estimate is based on small numbers so should be interpreted with caution.,4.4*,18,adults_recent_asthma_attack,unadjusted_pct,2004
363,210,UHF42,10,3.4,"(1.8, 6.7)",* Estimate is based on small numbers so should be interpreted with caution.,3.4*,18,adults_recent_asthma_attack,unadjusted_pct,2006
363,210,UHF42,11,5.1,"(2.8, 9.3)",* Estimate is based on small numbers so should be interpreted with caution.,5.1*,18,adults_recent_asthma_attack,unadjusted_pct,2007
363,210,UHF42,12,4.9,"(2.4, 9.7)",* Estimate is based on small numbers so should be interpreted with caution.,4.9*,18,adults_recent_asthma_attack,unadjusted_pct,2008
363,210,UHF42,13,3.4,"(1.5, 7.5)",* Estimate is based on small numbers so should be interpreted with caution.,3.4*,18,adults_recent_asthma_attack,unadjusted_pct,2009
363,210,UHF42,14,1.7,"(0.5, 6.0)",* Estimate is based on small numbers so should be interpreted with caution.,1.7*,18,adults_recent_asthma_attack,unadjusted_pct,2010
363,210,UHF42,38,4.8,"(2.0, 11.2)",* Estimate is based on small numbers so should be interpreted with caution.,4.8*,18,adults_recent_asthma_attack,unadjusted_pct,2011
363,210,UHF42,39,6.3,"(3.2, 12.3)",* Estimate is based on small numbers so should be interpreted with caution.,6.3*,18,adults_recent_asthma_attack,unadjusted_pct,2012
363,210,UHF42,40,2.7,"(1.4, 5.4)",* Estimate is based on small numbers so should be interpreted with caution.,2.7*,18,adults_recent_asthma_attack,unadjusted_pct,2013
363,210,UHF42,41,3.8,"(1.5, 9.6)",* Estimate is based on small numbers so should be interpreted with caution.,3.8*,18,adults_recent_asthma_attack,unadjusted_pct,2014
363,210,UHF42,44,6.8,"(4.0, 11.3)",,6.8,18,adults_recent_asthma_attack,unadjusted_pct,2015
363,210,UHF42,45,3.5,"(1.9, 6.4)",* Estimate is based on small numbers so should be interpreted with caution.,3.5*,18,adults_recent_asthma_attack,unadjusted_pct,2016
363,210,UHF42,46,2.9,"(1.3, 6.0)",* Estimate is based on small numbers so should be interpreted with caution.,2.9*,18,adults_recent_asthma_attack,unadjusted_pct,2017
363,210,UHF42,47,3.2,"(1.8, 5.7)",,3.2,18,adults_recent_asthma_attack,unadjusted_pct,2018
363,210,UHF42,48,2.8,"(1.4, 5.6)",* Estimate is based on small numbers so should be interpreted with caution.,2.8*,18,adults_recent_asthma_attack,unadjusted_pct,2019
363,210,UHF42,49,3.6,"(1.7, 7.5)",* Estimate is based on small numbers so should be interpreted with caution.,3.6*,18,adults_recent_asthma_attack,unadjusted_pct,2020
363,210,UHF42,289,4.8,"(2.5, 8.8)",* Estimate is based on small numbers so should be interpreted with caution.,4.8*,18,adults_recent_asthma_attack,unadjusted_pct,2021
363,210,UHF42,296,2.9,"(1.1, 7.5)",* Estimate is based on small numbers so should be interpreted with caution.,2.9*,18,adults_recent_asthma_attack,unadjusted_pct,2022
363,211,UHF42,7,8.1,"(5.5, 11.7)",,8.1,18,adults_recent_asthma_attack,unadjusted_pct,2003
363,211,UHF42,8,10.1,"(6.2, 16.0)",,10.1,18,adults_recent_asthma_attack,unadjusted_pct,2004
363,211,UHF42,10,6.0,"(3.6, 9.9)",,6.0,18,adults_recent_asthma_attack,unadjusted_pct,2006
363,211,UHF42,11,3.1,"(1.6, 6.1)",* Estimate is based on small numbers so should be interpreted with caution.,3.1*,18,adults_recent_asthma_attack,unadjusted_pct,2007
363,211,UHF42,12,3.0,"(1.5, 5.9)",* Estimate is based on small numbers so should be interpreted with caution.,3.0*,18,adults_recent_asthma_attack,unadjusted_pct,2008
363,211,UHF42,13,6.9,"(3.7, 12.5)",* Estimate is based on small numbers so should be interpreted with caution.,6.9*,18,adults_recent_asthma_attack,unadjusted_pct,2009
363,211,UHF42,14,3.7,"(2.0, 6.8)",* Estimate is based on small numbers so should be interpreted with caution.,3.7*,18,adults_recent_asthma_attack,unadjusted_pct,2010
363,211,UHF42,38,4.5,"(2.4, 8.3)",* Estimate is based on small numbers so should be interpreted with caution.,4.5*,18,adults_recent_asthma_attack,unadjusted_pct,2011
363,211,UHF42,39,6.4,"(3.3, 11.8)",* Estimate is based on small numbers so should be interpreted with caution.,6.4*,18,adults_recent_asthma_attack,unadjusted_pct,2012
363,211,UHF42,40,7.1,"(3.7, 12.9)",* Estimate is based on small numbers so should be interpreted with caution.,7.1*,18,adults_recent_asthma_attack,unadjusted_pct,2013
363,211,UHF42,41,5.7,"(2.7, 11.8)",* Estimate is based on small numbers so should be interpreted with caution.,5.7*,18,adults_recent_asthma_attack,unadjusted_pct,2014
363,211,UHF42,44,6.3,"(3.3, 11.7)",* Estimate is based on small numbers so should be interpreted with caution.,6.3*,18,adults_recent_asthma_attack,unadjusted_pct,2015
363,211,UHF42,45,5.0,"(2.9, 8.5)",,5.0,18,adults_recent_asthma_attack,unadjusted_pct,2016
363,211,UHF42,46,2.0,"(0.9, 4.1)",* Estimate is based on small numbers so should be interpreted with caution.,2.0*,18,adults_recent_asthma_attack,unadjusted_pct,2017
363,211,UHF42,47,5.8,"(2.4, 13.3)",* Estimate is based on small numbers so should be interpreted with caution.,5.8*,18,adults_recent_asthma_attack,unadjusted_pct,2018
363,211,UHF42,48,5.5,"(2.5, 11.8)",* Estimate is based on small numbers so should be interpreted with caution.,5.5*,18,adults_recent_asthma_attack,unadjusted_pct,2019
363,211,UHF42,49,5.6,"(2.4, 12.8)",* Estimate is based on small numbers so should be interpreted with caution.,5.6*,18,adults_recent_asthma_attack,unadjusted_pct,2020
363,211,UHF42,289,4.5,"(1.8, 11.2)",* Estimate is based on small numbers so should be interpreted with caution.,4.5*,18,adults_recent_asthma_attack,unadjusted_pct,2021
363,211,UHF42,296,8.8,"(4.7, 15.9)",* Estimate is based on small numbers so should be interpreted with caution.,8.8*,18,adults_recent_asthma_attack,unadjusted_pct,2022
363,301,UHF42,7,3.1,"(1.5, 6.5)",* Estimate is based on small numbers so should be interpreted with caution.,3.1*,18,adults_recent_asthma_attack,unadjusted_pct,2003
363,301,UHF42,8,5.4,"(2.9, 9.7)",* Estimate is based on small numbers so should be interpreted with caution.,5.4*,18,adults_recent_asthma_attack,unadjusted_pct,2004
363,301,UHF42,10,5.0,"(2.3, 10.2)",* Estimate is based on small numbers so should be interpreted with caution.,5.0*,18,adults_recent_asthma_attack,unadjusted_pct,2006
363,301,UHF42,11,3.6,"(1.9, 6.9)",* Estimate is based on small numbers so should be interpreted with caution.,3.6*,18,adults_recent_asthma_attack,unadjusted_pct,2007
363,301,UHF42,12,5.7,"(2.2, 13.8)",* Estimate is based on small numbers so should be interpreted with caution.,5.7*,18,adults_recent_asthma_attack,unadjusted_pct,2008
363,301,UHF42,13,3.1,"(1.3, 6.9)",* Estimate is based on small numbers so should be interpreted with caution.,3.1*,18,adults_recent_asthma_attack,unadjusted_pct,2009
363,301,UHF42,14,3.8,"(1.8, 8.1)",* Estimate is based on small numbers so should be interpreted with caution.,3.8*,18,adults_recent_asthma_attack,unadjusted_pct,2010
363,301,UHF42,38,,,** Estimate is suppressed due to insufficient data.,**,18,adults_recent_asthma_attack,unadjusted_pct,2011
363,301,UHF42,39,3.0,"(1.2, 7.6)",* Estimate is based on small numbers so should be interpreted with caution.,3.0*,18,adults_recent_asthma_attack,unadjusted_pct,2012
363,301,UHF42,40,6.5,"(3.2, 12.6)",* Estimate is based on small numbers so should be interpreted with caution.,6.5*,18,adults_recent_asthma_attack,unadjusted_pct,2013
363,301,UHF42,41,5.4,"(2.6, 10.6)",* Estimate is based on small numbers so should be interpreted with caution.,5.4*,18,adults_recent_asthma_attack,unadjusted_pct,2014
363,301,UHF42,44,8.5,"(5.5, 12.9)",,8.5,18,adults_recent_asthma_attack,unadjusted_pct,2015
363,301,UHF42,45,3.8,"(1.7, 8.4)",* Estimate is based on small numbers so should be interpreted with caution.,3.8*,18,adults_recent_asthma_attack,unadjusted_pct,2016
363,301,UHF42,46,7.7,"(4.2, 13.8)",* Estimate is based on small numbers so should be interpreted with caution.,7.7*,18,adults_recent_asthma_attack,unadjusted_pct,2017
363,301,UHF42,47,4.5,"(2.1, 9.5)",* Estimate is based on small numbers so should be interpreted with caution.,4.5*,18,adults_recent_asthma_attack,unadjusted_pct,2018
363,301,UHF42,48,10.1,"(4.3, 21.7)",* Estimate is based on small numbers so should be interpreted with caution.,10.1*,18,adults_recent_asthma_attack,unadjusted_pct,2019
363,301,UHF42,49,6.1,"(2.5, 14.3)",* Estimate is based on small numbers so should be interpreted with caution.,6.1*,18,adults_recent_asthma_attack,unadjusted_pct,2020
363,301,UHF42,289,2.7,"(1.3, 5.7)",* Estimate is based on small numbers so should be interpreted with caution.,2.7*,18,adults_recent_asthma_attack,unadjusted_pct,2021
363,301,UHF42,296,5.9,"(2.4, 13.6)",* Estimate is based on small numbers so should be interpreted with caution.,5.9*,18,adults_recent_asthma_attack,unadjusted_pct,2022
363,302,UHF42,7,8.4,"(5.3, 13.1)",,8.4,18,adults_recent_asthma_attack,unadjusted_pct,2003
363,302,UHF42,8,3.9,"(2.0, 7.3)",* Estimate is based on small numbers so should be interpreted with caution.,3.9*,18,adults_recent_asthma_attack,unadjusted_pct,2004
363,302,UHF42,10,10.5,"(6.3, 16.8)",,10.5,18,adults_recent_asthma_attack,unadjusted_pct,2006
363,302,UHF42,11,6.5,"(3.7, 11.1)",,6.5,18,adults_recent_asthma_attack,unadjusted_pct,2007
363,302,UHF42,12,5.6,"(2.6, 11.7)",* Estimate is based on small numbers so should be interpreted with caution.,5.6*,18,adults_recent_asthma_attack,unadjusted_pct,2008
363,302,UHF42,13,4.5,"(2.3, 8.9)",* Estimate is based on small numbers so should be interpreted with caution.,4.5*,18,adults_recent_asthma_attack,unadjusted_pct,2009
363,302,UHF42,14,2.6,"(1.3, 5.0)",* Estimate is based on small numbers so should be interpreted with caution.,2.6*,18,adults_recent_asthma_attack,unadjusted_pct,2010
363,302,UHF42,38,1.8,"(0.5, 6.2)",* Estimate is based on small numbers so should be interpreted with caution.,1.8*,18,adults_recent_asthma_attack,unadjusted_pct,2011
363,302,UHF42,39,9.5,"(3.7, 22.4)",* Estimate is based on small numbers so should be interpreted with caution.,9.5*,18,adults_recent_asthma_attack,unadjusted_pct,2012
363,302,UHF42,40,3.4,"(1.7, 6.9)",* Estimate is based on small numbers so should be interpreted with caution.,3.4*,18,adults_recent_asthma_attack,unadjusted_pct,2013
363,302,UHF42,41,3.6,"(1.8, 7.1)",* Estimate is based on small numbers so should be interpreted with caution.,3.6*,18,adults_recent_asthma_attack,unadjusted_pct,2014
363,302,UHF42,44,5.6,"(3.0, 10.1)",* Estimate is based on small numbers so should be interpreted with caution.,5.6*,18,adults_recent_asthma_attack,unadjusted_pct,2015
363,302,UHF42,45,7.9,"(3.4, 17.4)",* Estimate is based on small numbers so should be interpreted with caution.,7.9*,18,adults_recent_asthma_attack,unadjusted_pct,2016
363,302,UHF42,46,1.8,"(0.9, 3.8)",* Estimate is based on small numbers so should be interpreted with caution.,1.8*,18,adults_recent_asthma_attack,unadjusted_pct,2017
363,302,UHF42,47,9.9,"(5.4, 17.2)",,9.9,18,adults_recent_asthma_attack,unadjusted_pct,2018
363,302,UHF42,48,3.0,"(1.4, 6.4)",* Estimate is based on small numbers so should be interpreted with caution.,3.0*,18,adults_recent_asthma_attack,unadjusted_pct,2019
363,302,UHF42,49,7.5,"(3.7, 14.5)",* Estimate is based on small numbers so should be interpreted with caution.,7.5*,18,adults_recent_asthma_attack,unadjusted_pct,2020
363,302,UHF42,289,4.6,"(1.7, 11.5)",* Estimate is based on small numbers so should be interpreted with caution.,4.6*,18,adults_recent_asthma_attack,unadjusted_pct,2021
363,302,UHF42,296,,,** Estimate is suppressed due to insufficient data.,**,18,adults_recent_asthma_attack,unadjusted_pct,2022
363,303,UHF42,7,6.9,"(4.3, 10.9)",,6.9,18,adults_recent_asthma_attack,unadjusted_pct,2003
363,303,UHF42,8,8.8,"(4.9, 15.2)",,8.8,18,adults_recent_asthma_attack,unadjusted_pct,2004
363,303,UHF42,10,6.7,"(3.4, 12.6)",* Estimate is based on small numbers so should be interpreted with caution.,6.7*,18,adults_recent_asthma_attack,unadjusted_pct,2006
363,303,UHF42,11,5.9,"(2.7, 12.7)",* Estimate is based on small numbers so should be interpreted with caution.,5.9*,18,adults_recent_asthma_attack,unadjusted_pct,2007
363,303,UHF42,12,15.0,"(7.9, 26.6)",* Estimate is based on small numbers so should be interpreted with caution.,15.0*,18,adults_recent_asthma_attack,unadjusted_pct,2008
363,303,UHF42,13,,,** Estimate is suppressed due to insufficient data.,**,18,adults_recent_asthma_attack,unadjusted_pct,2009
363,303,UHF42,14,15.3,"(5.5, 36.2)",* Estimate is based on small numbers so should be interpreted with caution.,15.3*,18,adults_recent_asthma_attack,unadjusted_pct,2010
363,303,UHF42,38,,,** Estimate is suppressed due to insufficient data.,**,18,adults_recent_asthma_attack,unadjusted_pct,2011
363,303,UHF42,39,,,** Estimate is suppressed due to insufficient data.,**,18,adults_recent_asthma_attack,unadjusted_pct,2012
363,303,UHF42,40,1.7,"(0.7, 4.3)",* Estimate is based on small numbers so should be interpreted with caution.,1.7*,18,adults_recent_asthma_attack,unadjusted_pct,2013
363,303,UHF42,41,8.4,"(4.3, 15.8)",* Estimate is based on small numbers so should be interpreted with caution.,8.4*,18,adults_recent_asthma_attack,unadjusted_pct,2014
363,303,UHF42,44,6.9,"(4.1, 11.2)",,6.9,18,adults_recent_asthma_attack,unadjusted_pct,2015
363,303,UHF42,45,,,** Estimate is suppressed due to insufficient data.,**,18,adults_recent_asthma_attack,unadjusted_pct,2016
363,303,UHF42,46,,,** Estimate is suppressed due to insufficient data.,**,18,adults_recent_asthma_attack,unadjusted_pct,2017
363,303,UHF42,47,2.2,"(0.7, 6.2)",* Estimate is based on small numbers so should be interpreted with caution.,2.2*,18,adults_recent_asthma_attack,unadjusted_pct,2018
363,303,UHF42,48,4.8,"(1.8, 12.2)",* Estimate is based on small numbers so should be interpreted with caution.,4.8*,18,adults_recent_asthma_attack,unadjusted_pct,2019
363,303,UHF42,49,12.1,"(6.4, 21.7)",* Estimate is based on small numbers so should be interpreted with caution.,12.1*,18,adults_recent_asthma_attack,unadjusted_pct,2020
363,303,UHF42,289,8.4,"(4.5, 15.0)",* Estimate is based on small numbers so should be interpreted with caution.,8.4*,18,adults_recent_asthma_attack,unadjusted_pct,2021
363,303,UHF42,296,3.9,"(1.5, 9.8)",* Estimate is based on small numbers so should be interpreted with caution.,3.9*,18,adults_recent_asthma_attack,unadjusted_pct,2022
363,304,UHF42,7,3.5,"(1.5, 7.9)",* Estimate is based on small numbers so should be interpreted with caution.,3.5*,18,adults_recent_asthma_attack,unadjusted_pct,2003
363,304,UHF42,8,4.0,"(2.0, 7.7)",* Estimate is based on small numbers so should be interpreted with caution.,4.0*,18,adults_recent_asthma_attack,unadjusted_pct,2004
363,304,UHF42,10,6.8,"(2.8, 15.6)",* Estimate is based on small numbers so should be interpreted with caution.,6.8*,18,adults_recent_asthma_attack,unadjusted_pct,2006
363,304,UHF42,11,3.3,"(1.5, 7.3)",* Estimate is based on small numbers so should be interpreted with caution.,3.3*,18,adults_recent_asthma_attack,unadjusted_pct,2007
363,304,UHF42,12,7.1,"(3.1, 15.3)",* Estimate is based on small numbers so should be interpreted with caution.,7.1*,18,adults_recent_asthma_attack,unadjusted_pct,2008
363,304,UHF42,13,1.6,"(0.7, 3.3)",* Estimate is based on small numbers so should be interpreted with caution.,1.6*,18,adults_recent_asthma_attack,unadjusted_pct,2009
363,304,UHF42,14,7.5,"(3.2, 16.6)",* Estimate is based on small numbers so should be interpreted with caution.,7.5*,18,adults_recent_asthma_attack,unadjusted_pct,2010
363,304,UHF42,38,,,** Estimate is suppressed due to insufficient data.,**,18,adults_recent_asthma_attack,unadjusted_pct,2011
363,304,UHF42,39,3.2,"(1.3, 7.6)",* Estimate is based on small numbers so should be interpreted with caution.,3.2*,18,adults_recent_asthma_attack,unadjusted_pct,2012
363,304,UHF42,40,1.7,"(0.7, 4.1)",* Estimate is based on small numbers so should be interpreted with caution.,1.7*,18,adults_recent_asthma_attack,unadjusted_pct,2013
363,304,UHF42,41,4.1,"(1.7, 9.4)",* Estimate is based on small numbers so should be interpreted with caution.,4.1*,18,adults_recent_asthma_attack,unadjusted_pct,2014
363,304,UHF42,44,3.9,"(2.0, 7.7)",* Estimate is based on small numbers so should be interpreted with caution.,3.9*,18,adults_recent_asthma_attack,unadjusted_pct,2015
363,304,UHF42,45,,,** Estimate is suppressed due to insufficient data.,**,18,adults_recent_asthma_attack,unadjusted_pct,2016
363,304,UHF42,46,1.0,"(0.3, 3.4)",* Estimate is based on small numbers so should be interpreted with caution.,1.0*,18,adults_recent_asthma_attack,unadjusted_pct,2017
363,304,UHF42,47,1.7,"(0.6, 4.9)",* Estimate is based on small numbers so should be interpreted with caution.,1.7*,18,adults_recent_asthma_attack,unadjusted_pct,2018
363,304,UHF42,48,,,** Estimate is suppressed due to insufficient data.,**,18,adults_recent_asthma_attack,unadjusted_pct,2019
363,304,UHF42,49,3.3,"(1.3, 7.7)",* Estimate is based on small numbers so should be interpreted with caution.,3.3*,18,adults_recent_asthma_attack,unadjusted_pct,2020
363,304,UHF42,289,6.5,"(2.4, 16.3)",* Estimate is based on small numbers so should be interpreted with caution.,6.5*,18,adults_recent_asthma_attack,unadjusted_pct,2021
363,304,UHF42,296,7.9,"(2.9, 19.6)",* Estimate is based on small numbers so should be interpreted with caution.,7.9*,18,adults_recent_asthma_attack,unadjusted_pct,2022
363,305,UHF42,7,4.5,"(2.4, 8.2)",* Estimate is based on small numbers so should be interpreted with caution.,4.5*,18,adults_recent_asthma_attack,unadjusted_pct,2003
363,305,UHF42,8,2.9,"(1.4, 5.7)",* Estimate is based on small numbers so should be interpreted with caution.,2.9*,18,adults_recent_asthma_attack,unadjusted_pct,2004
363,305,UHF42,10,7.1,"(4.1, 11.9)",,7.1,18,adults_recent_asthma_attack,unadjusted_pct,2006
363,305,UHF42,11,3.3,"(1.7, 6.4)",* Estimate is based on small numbers so should be interpreted with caution.,3.3*,18,adults_recent_asthma_attack,unadjusted_pct,2007
363,305,UHF42,12,4.1,"(1.8, 8.7)",* Estimate is based on small numbers so should be interpreted with caution.,4.1*,18,adults_recent_asthma_attack,unadjusted_pct,2008
363,305,UHF42,13,,,** Estimate is suppressed due to insufficient data.,**,18,adults_recent_asthma_attack,unadjusted_pct,2009
363,305,UHF42,14,1.2,"(0.6, 2.7)",* Estimate is based on small numbers so should be interpreted with caution.,1.2*,18,adults_recent_asthma_attack,unadjusted_pct,2010
363,305,UHF42,38,2.0,"(0.9, 4.0)",* Estimate is based on small numbers so should be interpreted with caution.,2.0*,18,adults_recent_asthma_attack,unadjusted_pct,2011
363,305,UHF42,39,2.3,"(1.1, 4.7)",* Estimate is based on small numbers so should be interpreted with caution.,2.3*,18,adults_recent_asthma_attack,unadjusted_pct,2012
363,305,UHF42,40,4.8,"(2.5, 8.9)",* Estimate is based on small numbers so should be interpreted with caution.,4.8*,18,adults_recent_asthma_attack,unadjusted_pct,2013
363,305,UHF42,41,3.0,"(1.2, 7.4)",* Estimate is based on small numbers so should be interpreted with caution.,3.0*,18,adults_recent_asthma_attack,unadjusted_pct,2014
363,305,UHF42,44,5.9,"(3.0, 11.2)",* Estimate is based on small numbers so should be interpreted with caution.,5.9*,18,adults_recent_asthma_attack,unadjusted_pct,2015
363,305,UHF42,45,6.4,"(3.2, 12.4)",* Estimate is based on small numbers so should be interpreted with caution.,6.4*,18,adults_recent_asthma_attack,unadjusted_pct,2016
363,305,UHF42,46,4.0,"(2.2, 7.1)",,4.0,18,adults_recent_asthma_attack,unadjusted_pct,2017
363,305,UHF42,47,4.8,"(2.5, 9.1)",* Estimate is based on small numbers so should be interpreted with caution.,4.8*,18,adults_recent_asthma_attack,unadjusted_pct,2018
363,305,UHF42,48,,,** Estimate is suppressed due to insufficient data.,**,18,adults_recent_asthma_attack,unadjusted_pct,2019
363,305,UHF42,49,2.3,"(1.0, 5.1)",* Estimate is based on small numbers so should be interpreted with caution.,2.3*,18,adults_recent_asthma_attack,unadjusted_pct,2020
363,305,UHF42,289,5.3,"(2.4, 11.3)",* Estimate is based on small numbers so should be interpreted with caution.,5.3*,18,adults_recent_asthma_attack,unadjusted_pct,2021
363,305,UHF42,296,3.6,"(2.0, 6.4)",,3.6,18,adults_recent_asthma_attack,unadjusted_pct,2022
363,306,UHF42,7,5.4,"(2.6, 11.1)",* Estimate is based on small numbers so should be interpreted with caution.,5.4*,18,adults_recent_asthma_attack,unadjusted_pct,2003
363,306,UHF42,8,2.7,"(1.2, 5.9)",* Estimate is based on small numbers so should be interpreted with caution.,2.7*,18,adults_recent_asthma_attack,unadjusted_pct,2004
363,306,UHF42,10,4.4,"(2.5, 7.6)",,4.4,18,adults_recent_asthma_attack,unadjusted_pct,2006
363,306,UHF42,11,4.6,"(2.4, 8.9)",* Estimate is based on small numbers so should be interpreted with caution.,4.6*,18,adults_recent_asthma_attack,unadjusted_pct,2007
363,306,UHF42,12,6.9,"(3.5, 13.3)",* Estimate is based on small numbers so should be interpreted with caution.,6.9*,18,adults_recent_asthma_attack,unadjusted_pct,2008
363,306,UHF42,13,1.1,"(0.5, 2.7)",* Estimate is based on small numbers so should be interpreted with caution.,1.1*,18,adults_recent_asthma_attack,unadjusted_pct,2009
363,306,UHF42,14,2.4,"(0.9, 6.3)",* Estimate is based on small numbers so should be interpreted with caution.,2.4*,18,adults_recent_asthma_attack,unadjusted_pct,2010
363,306,UHF42,38,2.4,"(1.0, 5.4)",* Estimate is based on small numbers so should be interpreted with caution.,2.4*,18,adults_recent_asthma_attack,unadjusted_pct,2011
363,306,UHF42,39,2.7,"(1.4, 4.9)",* Estimate is based on small numbers so should be interpreted with caution.,2.7*,18,adults_recent_asthma_attack,unadjusted_pct,2012
363,306,UHF42,40,4.4,"(2.3, 8.4)",* Estimate is based on small numbers so should be interpreted with caution.,4.4*,18,adults_recent_asthma_attack,unadjusted_pct,2013
363,306,UHF42,41,4.3,"(1.6, 10.7)",* Estimate is based on small numbers so should be interpreted with caution.,4.3*,18,adults_recent_asthma_attack,unadjusted_pct,2014
363,306,UHF42,44,6.5,"(3.1, 13.2)",* Estimate is based on small numbers so should be interpreted with caution.,6.5*,18,adults_recent_asthma_attack,unadjusted_pct,2015
363,306,UHF42,45,,,** Estimate is suppressed due to insufficient data.,**,18,adults_recent_asthma_attack,unadjusted_pct,2016
363,306,UHF42,46,3.3,"(1.5, 7.1)",* Estimate is based on small numbers so should be interpreted with caution.,3.3*,18,adults_recent_asthma_attack,unadjusted_pct,2017
363,306,UHF42,47,4.3,"(2.0, 9.1)",* Estimate is based on small numbers so should be interpreted with caution.,4.3*,18,adults_recent_asthma_attack,unadjusted_pct,2018
363,306,UHF42,48,2.6,"(1.2, 5.6)",* Estimate is based on small numbers so should be interpreted with caution.,2.6*,18,adults_recent_asthma_attack,unadjusted_pct,2019
363,306,UHF42,49,1.9,"(0.7, 4.7)",* Estimate is based on small numbers so should be interpreted with caution.,1.9*,18,adults_recent_asthma_attack,unadjusted_pct,2020
363,306,UHF42,289,5.3,"(2.4, 11.6)",* Estimate is based on small numbers so should be interpreted with caution.,5.3*,18,adults_recent_asthma_attack,unadjusted_pct,2021
363,306,UHF42,296,1.9,"(0.8, 4.4)",* Estimate is based on small numbers so should be interpreted with caution.,1.9*,18,adults_recent_asthma_attack,unadjusted_pct,2022
363,307,UHF42,7,4.5,"(2.4, 8.2)",* Estimate is based on small numbers so should be interpreted with caution.,4.5*,18,adults_recent_asthma_attack,unadjusted_pct,2003
363,307,UHF42,8,2.9,"(1.4, 5.7)",* Estimate is based on small numbers so should be interpreted with caution.,2.9*,18,adults_recent_asthma_attack,unadjusted_pct,2004
363,307,UHF42,10,7.1,"(4.1, 11.9)",,7.1,18,adults_recent_asthma_attack,unadjusted_pct,2006
363,307,UHF42,11,3.3,"(1.7, 6.4)",* Estimate is based on small numbers so should be interpreted with caution.,3.3*,18,adults_recent_asthma_attack,unadjusted_pct,2007
363,307,UHF42,12,4.1,"(1.8, 8.7)",* Estimate is based on small numbers so should be interpreted with caution.,4.1*,18,adults_recent_asthma_attack,unadjusted_pct,2008
363,307,UHF42,13,,,** Estimate is suppressed due to insufficient data.,**,18,adults_recent_asthma_attack,unadjusted_pct,2009
363,307,UHF42,14,1.2,"(0.6, 2.7)",* Estimate is based on small numbers so should be interpreted with caution.,1.2*,18,adults_recent_asthma_attack,unadjusted_pct,2010
363,307,UHF42,38,2.0,"(0.9, 4.0)",* Estimate is based on small numbers so should be interpreted with caution.,2.0*,18,adults_recent_asthma_attack,unadjusted_pct,2011
363,307,UHF42,39,2.3,"(1.1, 4.7)",* Estimate is based on small numbers so should be interpreted with caution.,2.3*,18,adults_recent_asthma_attack,unadjusted_pct,2012
363,307,UHF42,40,4.8,"(2.5, 8.9)",* Estimate is based on small numbers so should be interpreted with caution.,4.8*,18,adults_recent_asthma_attack,unadjusted_pct,2013
363,307,UHF42,41,3.0,"(1.2, 7.4)",* Estimate is based on small numbers so should be interpreted with caution.,3.0*,18,adults_recent_asthma_attack,unadjusted_pct,2014
363,307,UHF42,44,5.9,"(3.0, 11.2)",* Estimate is based on small numbers so should be interpreted with caution.,5.9*,18,adults_recent_asthma_attack,unadjusted_pct,2015
363,307,UHF42,45,6.4,"(3.2, 12.4)",* Estimate is based on small numbers so should be interpreted with caution.,6.4*,18,adults_recent_asthma_attack,unadjusted_pct,2016
363,307,UHF42,46,4.0,"(2.2, 7.1)",,4.0,18,adults_recent_asthma_attack,unadjusted_pct,2017
363,307,UHF42,47,4.8,"(2.5, 9.1)",* Estimate is based on small numbers so should be interpreted with caution.,4.8*,18,adults_recent_asthma_attack,unadjusted_pct,2018
363,307,UHF42,48,,,** Estimate is suppressed due to insufficient data.,**,18,adults_recent_asthma_attack,unadjusted_pct,2019
363,307,UHF42,49,2.3,"(1.0, 5.1)",* Estimate is based on small numbers so should be interpreted with caution.,2.3*,18,adults_recent_asthma_attack,unadjusted_pct,2020
363,307,UHF42,289,5.3,"(2.4, 11.3)",* Estimate is based on small numbers so should be interpreted with caution.,5.3*,18,adults_recent_asthma_attack,unadjusted_pct,2021
363,307,UHF42,296,3.6,"(2.0, 6.4)",,3.6,18,adults_recent_asthma_attack,unadjusted_pct,2022
363,308,UHF42,7,5.4,"(2.6, 11.1)",* Estimate is based on small numbers so should be interpreted with caution.,5.4*,18,adults_recent_asthma_attack,unadjusted_pct,2003
363,308,UHF42,8,2.7,"(1.2, 5.9)",* Estimate is based on small numbers so should be interpreted with caution.,2.7*,18,adults_recent_asthma_attack,unadjusted_pct,2004
363,308,UHF42,10,4.4,"(2.5, 7.6)",,4.4,18,adults_recent_asthma_attack,unadjusted_pct,2006
363,308,UHF42,11,4.6,"(2.4, 8.9)",* Estimate is based on small numbers so should be interpreted with caution.,4.6*,18,adults_recent_asthma_attack,unadjusted_pct,2007
363,308,UHF42,12,6.9,"(3.5, 13.3)",* Estimate is based on small numbers so should be interpreted with caution.,6.9*,18,adults_recent_asthma_attack,unadjusted_pct,2008
363,308,UHF42,13,1.1,"(0.5, 2.7)",* Estimate is based on small numbers so should be interpreted with caution.,1.1*,18,adults_recent_asthma_attack,unadjusted_pct,2009
363,308,UHF42,14,2.4,"(0.9, 6.3)",* Estimate is based on small numbers so should be interpreted with caution.,2.4*,18,adults_recent_asthma_attack,unadjusted_pct,2010
363,308,UHF42,38,2.4,"(1.0, 5.4)",* Estimate is based on small numbers so should be interpreted with caution.,2.4*,18,adults_recent_asthma_attack,unadjusted_pct,2011
363,308,UHF42,39,2.7,"(1.4, 4.9)",* Estimate is based on small numbers so should be interpreted with caution.,2.7*,18,adults_recent_asthma_attack,unadjusted_pct,2012
363,308,UHF42,40,4.4,"(2.3, 8.4)",* Estimate is based on small numbers so should be interpreted with caution.,4.4*,18,adults_recent_asthma_attack,unadjusted_pct,2013
363,308,UHF42,41,4.3,"(1.6, 10.7)",* Estimate is based on small numbers so should be interpreted with caution.,4.3*,18,adults_recent_asthma_attack,unadjusted_pct,2014
363,308,UHF42,44,6.5,"(3.1, 13.2)",* Estimate is based on small numbers so should be interpreted with caution.,6.5*,18,adults_recent_asthma_attack,unadjusted_pct,2015
363,308,UHF42,45,,,** Estimate is suppressed due to insufficient data.,**,18,adults_recent_asthma_attack,unadjusted_pct,2016
363,308,UHF42,46,3.3,"(1.5, 7.1)",* Estimate is based on small numbers so should be interpreted with caution.,3.3*,18,adults_recent_asthma_attack,unadjusted_pct,2017
363,308,UHF42,47,4.3,"(2.0, 9.1)",* Estimate is based on small numbers so should be interpreted with caution.,4.3*,18,adults_recent_asthma_attack,unadjusted_pct,2018
363,308,UHF42,48,2.6,"(1.2, 5.6)",* Estimate is based on small numbers so should be interpreted with caution.,2.6*,18,adults_recent_asthma_attack,unadjusted_pct,2019
363,308,UHF42,49,1.9,"(0.7, 4.7)",* Estimate is based on small numbers so should be interpreted with caution.,1.9*,18,adults_recent_asthma_attack,unadjusted_pct,2020
363,308,UHF42,289,5.3,"(2.4, 11.6)",* Estimate is based on small numbers so should be interpreted with caution.,5.3*,18,adults_recent_asthma_attack,unadjusted_pct,2021
363,308,UHF42,296,1.9,"(0.8, 4.4)",* Estimate is based on small numbers so should be interpreted with caution.,1.9*,18,adults_recent_asthma_attack,unadjusted_pct,2022
363,309,UHF42,7,3.5,"(2.2, 5.7)",,3.5,18,adults_recent_asthma_attack,unadjusted_pct,2003
363,309,UHF42,8,5.0,"(2.8, 8.7)",,5.0,18,adults_recent_asthma_attack,unadjusted_pct,2004
363,309,UHF42,10,6.5,"(4.0, 10.4)",,6.5,18,adults_recent_asthma_attack,unadjusted_pct,2006
363,309,UHF42,11,6.7,"(3.9, 11.4)",,6.7,18,adults_recent_asthma_attack,unadjusted_pct,2007
363,309,UHF42,12,3.8,"(2.0, 7.2)",* Estimate is based on small numbers so should be interpreted with caution.,3.8*,18,adults_recent_asthma_attack,unadjusted_pct,2008
363,309,UHF42,13,3.0,"(1.7, 5.4)",,3.0,18,adults_recent_asthma_attack,unadjusted_pct,2009
363,309,UHF42,14,4.1,"(2.3, 7.1)",,4.1,18,adults_recent_asthma_attack,unadjusted_pct,2010
363,309,UHF42,38,1.9,"(0.7, 4.8)",* Estimate is based on small numbers so should be interpreted with caution.,1.9*,18,adults_recent_asthma_attack,unadjusted_pct,2011
363,309,UHF42,39,5.4,"(2.3, 11.8)",* Estimate is based on small numbers so should be interpreted with caution.,5.4*,18,adults_recent_asthma_attack,unadjusted_pct,2012
363,309,UHF42,40,5.5,"(3.0, 10.1)",* Estimate is based on small numbers so should be interpreted with caution.,5.5*,18,adults_recent_asthma_attack,unadjusted_pct,2013
363,309,UHF42,41,3.8,"(1.8, 7.6)",* Estimate is based on small numbers so should be interpreted with caution.,3.8*,18,adults_recent_asthma_attack,unadjusted_pct,2014
363,309,UHF42,44,5.9,"(3.4, 10.1)",,5.9,18,adults_recent_asthma_attack,unadjusted_pct,2015
363,309,UHF42,45,1.0,"(0.3, 3.5)",* Estimate is based on small numbers so should be interpreted with caution.,1.0*,18,adults_recent_asthma_attack,unadjusted_pct,2016
363,309,UHF42,46,5.0,"(2.4, 10.1)",* Estimate is based on small numbers so should be interpreted with caution.,5.0*,18,adults_recent_asthma_attack,unadjusted_pct,2017
363,309,UHF42,47,10.2,"(5.6, 17.7)",,10.2,18,adults_recent_asthma_attack,unadjusted_pct,2018
363,309,UHF42,48,4.2,"(2.3, 7.5)",* Estimate is based on small numbers so should be interpreted with caution.,4.2*,18,adults_recent_asthma_attack,unadjusted_pct,2019
363,309,UHF42,49,3.7,"(2.0, 6.8)",* Estimate is based on small numbers so should be interpreted with caution.,3.7*,18,adults_recent_asthma_attack,unadjusted_pct,2020
363,309,UHF42,289,3.9,"(1.9, 7.8)",* Estimate is based on small numbers so should be interpreted with caution.,3.9*,18,adults_recent_asthma_attack,unadjusted_pct,2021
363,309,UHF42,296,4.3,"(2.1, 8.6)",* Estimate is based on small numbers so should be interpreted with caution.,4.3*,18,adults_recent_asthma_attack,unadjusted_pct,2022
363,310,UHF42,7,3.5,"(2.2, 5.7)",,3.5,18,adults_recent_asthma_attack,unadjusted_pct,2003
363,310,UHF42,8,5.0,"(2.8, 8.7)",,5.0,18,adults_recent_asthma_attack,unadjusted_pct,2004
363,310,UHF42,10,6.5,"(4.0, 10.4)",,6.5,18,adults_recent_asthma_attack,unadjusted_pct,2006
363,310,UHF42,11,6.7,"(3.9, 11.4)",,6.7,18,adults_recent_asthma_attack,unadjusted_pct,2007
363,310,UHF42,12,3.8,"(2.0, 7.2)",* Estimate is based on small numbers so should be interpreted with caution.,3.8*,18,adults_recent_asthma_attack,unadjusted_pct,2008
363,310,UHF42,13,3.0,"(1.7, 5.4)",,3.0,18,adults_recent_asthma_attack,unadjusted_pct,2009
363,310,UHF42,14,4.1,"(2.3, 7.1)",,4.1,18,adults_recent_asthma_attack,unadjusted_pct,2010
363,310,UHF42,38,1.9,"(0.7, 4.8)",* Estimate is based on small numbers so should be interpreted with caution.,1.9*,18,adults_recent_asthma_attack,unadjusted_pct,2011
363,310,UHF42,39,5.4,"(2.3, 11.8)",* Estimate is based on small numbers so should be interpreted with caution.,5.4*,18,adults_recent_asthma_attack,unadjusted_pct,2012
363,310,UHF42,40,5.5,"(3.0, 10.1)",* Estimate is based on small numbers so should be interpreted with caution.,5.5*,18,adults_recent_asthma_attack,unadjusted_pct,2013
363,310,UHF42,41,3.8,"(1.8, 7.6)",* Estimate is based on small numbers so should be interpreted with caution.,3.8*,18,adults_recent_asthma_attack,unadjusted_pct,2014
363,310,UHF42,44,5.9,"(3.4, 10.1)",,5.9,18,adults_recent_asthma_attack,unadjusted_pct,2015
363,310,UHF42,45,1.0,"(0.3, 3.5)",* Estimate is based on small numbers so should be interpreted with caution.,1.0*,18,adults_recent_asthma_attack,unadjusted_pct,2016
363,310,UHF42,46,5.0,"(2.4, 10.1)",* Estimate is based on small numbers so should be interpreted with caution.,5.0*,18,adults_recent_asthma_attack,unadjusted_pct,2017
363,310,UHF42,47,10.2,"(5.6, 17.7)",,10.2,18,adults_recent_asthma_attack,unadjusted_pct,2018
363,310,UHF42,48,4.2,"(2.3, 7.5)",* Estimate is based on small numbers so should be interpreted with caution.,4.2*,18,adults_recent_asthma_attack,unadjusted_pct,2019
363,310,UHF42,49,3.7,"(2.0, 6.8)",* Estimate is based on small numbers so should be interpreted with caution.,3.7*,18,adults_recent_asthma_attack,unadjusted_pct,2020
363,310,UHF42,289,3.9,"(1.9, 7.8)",* Estimate is based on small numbers so should be interpreted with caution.,3.9*,18,adults_recent_asthma_attack,unadjusted_pct,2021
363,310,UHF42,296,4.3,"(2.1, 8.6)",* Estimate is based on small numbers so should be interpreted with caution.,4.3*,18,adults_recent_asthma_attack,unadjusted_pct,2022
363,401,UHF42,7,3.7,"(1.6, 8.1)",* Estimate is based on small numbers so should be interpreted with caution.,3.7*,18,adults_recent_asthma_attack,unadjusted_pct,2003
363,401,UHF42,8,3.6,"(1.7, 7.7)",* Estimate is based on small numbers so should be interpreted with caution.,3.6*,18,adults_recent_asthma_attack,unadjusted_pct,2004
363,401,UHF42,10,3.5,"(2.0, 6.2)",,3.5,18,adults_recent_asthma_attack,unadjusted_pct,2006
363,401,UHF42,11,6.3,"(3.5, 11.1)",,6.3,18,adults_recent_asthma_attack,unadjusted_pct,2007
363,401,UHF42,12,3.8,"(1.6, 8.4)",* Estimate is based on small numbers so should be interpreted with caution.,3.8*,18,adults_recent_asthma_attack,unadjusted_pct,2008
363,401,UHF42,13,2.7,"(1.2, 6.3)",* Estimate is based on small numbers so should be interpreted with caution.,2.7*,18,adults_recent_asthma_attack,unadjusted_pct,2009
363,401,UHF42,14,0.7,"(0.3, 1.7)",* Estimate is based on small numbers so should be interpreted with caution.,0.7*,18,adults_recent_asthma_attack,unadjusted_pct,2010
363,401,UHF42,38,3.7,"(1.4, 9.2)",* Estimate is based on small numbers so should be interpreted with caution.,3.7*,18,adults_recent_asthma_attack,unadjusted_pct,2011
363,401,UHF42,39,3.6,"(1.4, 9.0)",* Estimate is based on small numbers so should be interpreted with caution.,3.6*,18,adults_recent_asthma_attack,unadjusted_pct,2012
363,401,UHF42,40,,,** Estimate is suppressed due to insufficient data.,**,18,adults_recent_asthma_attack,unadjusted_pct,2013
363,401,UHF42,41,3.5,"(1.3, 9.1)",* Estimate is based on small numbers so should be interpreted with caution.,3.5*,18,adults_recent_asthma_attack,unadjusted_pct,2014
363,401,UHF42,44,7.8,"(3.2, 17.8)",* Estimate is based on small numbers so should be interpreted with caution.,7.8*,18,adults_recent_asthma_attack,unadjusted_pct,2015
363,401,UHF42,45,,,** Estimate is suppressed due to insufficient data.,**,18,adults_recent_asthma_attack,unadjusted_pct,2016
363,401,UHF42,46,,,** Estimate is suppressed due to insufficient data.,**,18,adults_recent_asthma_attack,unadjusted_pct,2017
363,401,UHF42,47,9.0,"(4.0, 19.0)",* Estimate is based on small numbers so should be interpreted with caution.,9.0*,18,adults_recent_asthma_attack,unadjusted_pct,2018
363,401,UHF42,48,0.4,"(0.1, 1.2)",* Estimate is based on small numbers so should be interpreted with caution.,0.4*,18,adults_recent_asthma_attack,unadjusted_pct,2019
363,401,UHF42,49,,,** Estimate is suppressed due to insufficient data.,**,18,adults_recent_asthma_attack,unadjusted_pct,2020
363,401,UHF42,289,5.6,"(2.5, 12.0)",* Estimate is based on small numbers so should be interpreted with caution.,5.6*,18,adults_recent_asthma_attack,unadjusted_pct,2021
363,401,UHF42,296,,,** Estimate is suppressed due to insufficient data.,**,18,adults_recent_asthma_attack,unadjusted_pct,2022
363,402,UHF42,7,5.4,"(3.3, 8.9)",,5.4,18,adults_recent_asthma_attack,unadjusted_pct,2003
363,402,UHF42,8,2.0,"(1.0, 4.2)",* Estimate is based on small numbers so should be interpreted with caution.,2.0*,18,adults_recent_asthma_attack,unadjusted_pct,2004
363,402,UHF42,10,2.5,"(1.0, 5.7)",* Estimate is based on small numbers so should be interpreted with caution.,2.5*,18,adults_recent_asthma_attack,unadjusted_pct,2006
363,402,UHF42,11,3.0,"(1.6, 5.5)",* Estimate is based on small numbers so should be interpreted with caution.,3.0*,18,adults_recent_asthma_attack,unadjusted_pct,2007
363,402,UHF42,12,4.1,"(2.1, 7.9)",* Estimate is based on small numbers so should be interpreted with caution.,4.1*,18,adults_recent_asthma_attack,unadjusted_pct,2008
363,402,UHF42,13,1.2,"(0.6, 2.6)",* Estimate is based on small numbers so should be interpreted with caution.,1.2*,18,adults_recent_asthma_attack,unadjusted_pct,2009
363,402,UHF42,14,2.2,"(1.0, 4.8)",* Estimate is based on small numbers so should be interpreted with caution.,2.2*,18,adults_recent_asthma_attack,unadjusted_pct,2010
363,402,UHF42,38,6.0,"(2.7, 12.7)",* Estimate is based on small numbers so should be interpreted with caution.,6.0*,18,adults_recent_asthma_attack,unadjusted_pct,2011
363,402,UHF42,39,2.5,"(1.0, 5.8)",* Estimate is based on small numbers so should be interpreted with caution.,2.5*,18,adults_recent_asthma_attack,unadjusted_pct,2012
363,402,UHF42,40,2.1,"(0.9, 4.9)",* Estimate is based on small numbers so should be interpreted with caution.,2.1*,18,adults_recent_asthma_attack,unadjusted_pct,2013
363,402,UHF42,41,2.2,"(1.0, 4.8)",* Estimate is based on small numbers so should be interpreted with caution.,2.2*,18,adults_recent_asthma_attack,unadjusted_pct,2014
363,402,UHF42,44,4.2,"(2.6, 6.8)",,4.2,18,adults_recent_asthma_attack,unadjusted_pct,2015
363,402,UHF42,45,5.0,"(2.7, 8.9)",* Estimate is based on small numbers so should be interpreted with caution.,5.0*,18,adults_recent_asthma_attack,unadjusted_pct,2016
363,402,UHF42,46,2.6,"(1.5, 4.4)",,2.6,18,adults_recent_asthma_attack,unadjusted_pct,2017
363,402,UHF42,47,4.1,"(1.8, 8.9)",* Estimate is based on small numbers so should be interpreted with caution.,4.1*,18,adults_recent_asthma_attack,unadjusted_pct,2018
363,402,UHF42,48,1.4,"(0.6, 3.3)",* Estimate is based on small numbers so should be interpreted with caution.,1.4*,18,adults_recent_asthma_attack,unadjusted_pct,2019
363,402,UHF42,49,1.0,"(0.4, 2.2)",* Estimate is based on small numbers so should be interpreted with caution.,1.0*,18,adults_recent_asthma_attack,unadjusted_pct,2020
363,402,UHF42,289,1.9,"(0.9, 3.8)",* Estimate is based on small numbers so should be interpreted with caution.,1.9*,18,adults_recent_asthma_attack,unadjusted_pct,2021
363,402,UHF42,296,3.1,"(1.6, 6.1)",* Estimate is based on small numbers so should be interpreted with caution.,3.1*,18,adults_recent_asthma_attack,unadjusted_pct,2022
363,403,UHF42,7,2.5,"(1.2, 5.1)",* Estimate is based on small numbers so should be interpreted with caution.,2.5*,18,adults_recent_asthma_attack,unadjusted_pct,2003
363,403,UHF42,8,4.2,"(2.2, 7.8)",* Estimate is based on small numbers so should be interpreted with caution.,4.2*,18,adults_recent_asthma_attack,unadjusted_pct,2004
363,403,UHF42,10,4.4,"(2.0, 9.5)",* Estimate is based on small numbers so should be interpreted with caution.,4.4*,18,adults_recent_asthma_attack,unadjusted_pct,2006
363,403,UHF42,11,2.6,"(1.0, 6.4)",* Estimate is based on small numbers so should be interpreted with caution.,2.6*,18,adults_recent_asthma_attack,unadjusted_pct,2007
363,403,UHF42,12,2.7,"(1.0, 6.6)",* Estimate is based on small numbers so should be interpreted with caution.,2.7*,18,adults_recent_asthma_attack,unadjusted_pct,2008
363,403,UHF42,13,5.5,"(2.7, 10.9)",* Estimate is based on small numbers so should be interpreted with caution.,5.5*,18,adults_recent_asthma_attack,unadjusted_pct,2009
363,403,UHF42,14,3.0,"(1.4, 6.2)",* Estimate is based on small numbers so should be interpreted with caution.,3.0*,18,adults_recent_asthma_attack,unadjusted_pct,2010
363,403,UHF42,38,0.4,"(0.1, 1.4)",* Estimate is based on small numbers so should be interpreted with caution.,0.4*,18,adults_recent_asthma_attack,unadjusted_pct,2011
363,403,UHF42,39,3.1,"(1.2, 7.7)",* Estimate is based on small numbers so should be interpreted with caution.,3.1*,18,adults_recent_asthma_attack,unadjusted_pct,2012
363,403,UHF42,40,1.9,"(0.7, 4.9)",* Estimate is based on small numbers so should be interpreted with caution.,1.9*,18,adults_recent_asthma_attack,unadjusted_pct,2013
363,403,UHF42,41,1.9,"(0.6, 5.9)",* Estimate is based on small numbers so should be interpreted with caution.,1.9*,18,adults_recent_asthma_attack,unadjusted_pct,2014
363,403,UHF42,44,5.1,"(2.5, 10.1)",* Estimate is based on small numbers so should be interpreted with caution.,5.1*,18,adults_recent_asthma_attack,unadjusted_pct,2015
363,403,UHF42,45,,,** Estimate is suppressed due to insufficient data.,**,18,adults_recent_asthma_attack,unadjusted_pct,2016
363,403,UHF42,46,5.3,"(2.3, 11.8)",* Estimate is based on small numbers so should be interpreted with caution.,5.3*,18,adults_recent_asthma_attack,unadjusted_pct,2017
363,403,UHF42,47,,,** Estimate is suppressed due to insufficient data.,**,18,adults_recent_asthma_attack,unadjusted_pct,2018
363,403,UHF42,48,0.7,"(0.2, 2.4)",* Estimate is based on small numbers so should be interpreted with caution.,0.7*,18,adults_recent_asthma_attack,unadjusted_pct,2019
363,403,UHF42,49,,,** Estimate is suppressed due to insufficient data.,**,18,adults_recent_asthma_attack,unadjusted_pct,2020
363,403,UHF42,289,,,** Estimate is suppressed due to insufficient data.,**,18,adults_recent_asthma_attack,unadjusted_pct,2021
363,403,UHF42,296,1.8,"(0.8, 3.7)",* Estimate is based on small numbers so should be interpreted with caution.,1.8*,18,adults_recent_asthma_attack,unadjusted_pct,2022
363,404,UHF42,7,4.0,"(2.1, 7.5)",* Estimate is based on small numbers so should be interpreted with caution.,4.0*,18,adults_recent_asthma_attack,unadjusted_pct,2003
363,404,UHF42,8,3.9,"(1.6, 9.2)",* Estimate is based on small numbers so should be interpreted with caution.,3.9*,18,adults_recent_asthma_attack,unadjusted_pct,2004
363,404,UHF42,10,2.8,"(1.1, 6.7)",* Estimate is based on small numbers so should be interpreted with caution.,2.8*,18,adults_recent_asthma_attack,unadjusted_pct,2006
363,404,UHF42,11,3.1,"(1.6, 6.1)",* Estimate is based on small numbers so should be interpreted with caution.,3.1*,18,adults_recent_asthma_attack,unadjusted_pct,2007
363,404,UHF42,12,2.1,"(0.8, 5.3)",* Estimate is based on small numbers so should be interpreted with caution.,2.1*,18,adults_recent_asthma_attack,unadjusted_pct,2008
363,404,UHF42,13,4.5,"(2.2, 9.1)",* Estimate is based on small numbers so should be interpreted with caution.,4.5*,18,adults_recent_asthma_attack,unadjusted_pct,2009
363,404,UHF42,14,2.4,"(1.2, 5.0)",* Estimate is based on small numbers so should be interpreted with caution.,2.4*,18,adults_recent_asthma_attack,unadjusted_pct,2010
363,404,UHF42,38,3.1,"(1.4, 6.9)",* Estimate is based on small numbers so should be interpreted with caution.,3.1*,18,adults_recent_asthma_attack,unadjusted_pct,2011
363,404,UHF42,39,2.1,"(0.8, 5.4)",* Estimate is based on small numbers so should be interpreted with caution.,2.1*,18,adults_recent_asthma_attack,unadjusted_pct,2012
363,404,UHF42,40,1.3,"(0.4, 3.9)",* Estimate is based on small numbers so should be interpreted with caution.,1.3*,18,adults_recent_asthma_attack,unadjusted_pct,2013
363,404,UHF42,41,,,** Estimate is suppressed due to insufficient data.,**,18,adults_recent_asthma_attack,unadjusted_pct,2014
363,404,UHF42,44,7.0,"(3.4, 14.0)",* Estimate is based on small numbers so should be interpreted with caution.,7.0*,18,adults_recent_asthma_attack,unadjusted_pct,2015
363,404,UHF42,45,6.4,"(2.5, 15.2)",* Estimate is based on small numbers so should be interpreted with caution.,6.4*,18,adults_recent_asthma_attack,unadjusted_pct,2016
363,404,UHF42,46,2.2,"(0.8, 5.9)",* Estimate is based on small numbers so should be interpreted with caution.,2.2*,18,adults_recent_asthma_attack,unadjusted_pct,2017
363,404,UHF42,47,2.3,"(1.0, 5.3)",* Estimate is based on small numbers so should be interpreted with caution.,2.3*,18,adults_recent_asthma_attack,unadjusted_pct,2018
363,404,UHF42,48,2.5,"(0.9, 6.7)",* Estimate is based on small numbers so should be interpreted with caution.,2.5*,18,adults_recent_asthma_attack,unadjusted_pct,2019
363,404,UHF42,49,3.6,"(1.6, 8.1)",* Estimate is based on small numbers so should be interpreted with caution.,3.6*,18,adults_recent_asthma_attack,unadjusted_pct,2020
363,404,UHF42,289,2.5,"(0.9, 6.5)",* Estimate is based on small numbers so should be interpreted with caution.,2.5*,18,adults_recent_asthma_attack,unadjusted_pct,2021
363,404,UHF42,296,,,** Estimate is suppressed due to insufficient data.,**,18,adults_recent_asthma_attack,unadjusted_pct,2022
363,405,UHF42,7,3.5,"(1.8, 6.5)",* Estimate is based on small numbers so should be interpreted with caution.,3.5*,18,adults_recent_asthma_attack,unadjusted_pct,2003
363,405,UHF42,8,2.5,"(1.2, 4.9)",* Estimate is based on small numbers so should be interpreted with caution.,2.5*,18,adults_recent_asthma_attack,unadjusted_pct,2004
363,405,UHF42,10,5.1,"(2.3, 10.9)",* Estimate is based on small numbers so should be interpreted with caution.,5.1*,18,adults_recent_asthma_attack,unadjusted_pct,2006
363,405,UHF42,11,3.9,"(1.5, 10.0)",* Estimate is based on small numbers so should be interpreted with caution.,3.9*,18,adults_recent_asthma_attack,unadjusted_pct,2007
363,405,UHF42,12,10.9,"(5.8, 19.3)",* Estimate is based on small numbers so should be interpreted with caution.,10.9*,18,adults_recent_asthma_attack,unadjusted_pct,2008
363,405,UHF42,13,3.5,"(1.4, 8.3)",* Estimate is based on small numbers so should be interpreted with caution.,3.5*,18,adults_recent_asthma_attack,unadjusted_pct,2009
363,405,UHF42,14,4.1,"(2.0, 8.4)",* Estimate is based on small numbers so should be interpreted with caution.,4.1*,18,adults_recent_asthma_attack,unadjusted_pct,2010
363,405,UHF42,38,,,** Estimate is suppressed due to insufficient data.,**,18,adults_recent_asthma_attack,unadjusted_pct,2011
363,405,UHF42,39,6.2,"(3.0, 12.6)",* Estimate is based on small numbers so should be interpreted with caution.,6.2*,18,adults_recent_asthma_attack,unadjusted_pct,2012
363,405,UHF42,40,3.6,"(1.6, 7.9)",* Estimate is based on small numbers so should be interpreted with caution.,3.6*,18,adults_recent_asthma_attack,unadjusted_pct,2013
363,405,UHF42,41,5.1,"(2.3, 10.6)",* Estimate is based on small numbers so should be interpreted with caution.,5.1*,18,adults_recent_asthma_attack,unadjusted_pct,2014
363,405,UHF42,44,6.2,"(3.2, 11.7)",* Estimate is based on small numbers so should be interpreted with caution.,6.2*,18,adults_recent_asthma_attack,unadjusted_pct,2015
363,405,UHF42,45,4.9,"(2.5, 9.5)",* Estimate is based on small numbers so should be interpreted with caution.,4.9*,18,adults_recent_asthma_attack,unadjusted_pct,2016
363,405,UHF42,46,4.7,"(2.8, 7.9)",,4.7,18,adults_recent_asthma_attack,unadjusted_pct,2017
363,405,UHF42,47,4.7,"(2.4, 9.1)",* Estimate is based on small numbers so should be interpreted with caution.,4.7*,18,adults_recent_asthma_attack,unadjusted_pct,2018
363,405,UHF42,48,3.5,"(1.4, 8.9)",* Estimate is based on small numbers so should be interpreted with caution.,3.5*,18,adults_recent_asthma_attack,unadjusted_pct,2019
363,405,UHF42,49,,,** Estimate is suppressed due to insufficient data.,**,18,adults_recent_asthma_attack,unadjusted_pct,2020
363,405,UHF42,289,3.9,"(1.8, 8.2)",* Estimate is based on small numbers so should be interpreted with caution.,3.9*,18,adults_recent_asthma_attack,unadjusted_pct,2021
363,405,UHF42,296,2.0,"(0.7, 5.7)",* Estimate is based on small numbers so should be interpreted with caution.,2.0*,18,adults_recent_asthma_attack,unadjusted_pct,2022
363,406,UHF42,7,4.0,"(2.1, 7.5)",* Estimate is based on small numbers so should be interpreted with caution.,4.0*,18,adults_recent_asthma_attack,unadjusted_pct,2003
363,406,UHF42,8,3.9,"(1.6, 9.2)",* Estimate is based on small numbers so should be interpreted with caution.,3.9*,18,adults_recent_asthma_attack,unadjusted_pct,2004
363,406,UHF42,10,2.8,"(1.1, 6.7)",* Estimate is based on small numbers so should be interpreted with caution.,2.8*,18,adults_recent_asthma_attack,unadjusted_pct,2006
363,406,UHF42,11,3.1,"(1.6, 6.1)",* Estimate is based on small numbers so should be interpreted with caution.,3.1*,18,adults_recent_asthma_attack,unadjusted_pct,2007
363,406,UHF42,12,2.1,"(0.8, 5.3)",* Estimate is based on small numbers so should be interpreted with caution.,2.1*,18,adults_recent_asthma_attack,unadjusted_pct,2008
363,406,UHF42,13,4.5,"(2.2, 9.1)",* Estimate is based on small numbers so should be interpreted with caution.,4.5*,18,adults_recent_asthma_attack,unadjusted_pct,2009
363,406,UHF42,14,2.4,"(1.2, 5.0)",* Estimate is based on small numbers so should be interpreted with caution.,2.4*,18,adults_recent_asthma_attack,unadjusted_pct,2010
363,406,UHF42,38,3.1,"(1.4, 6.9)",* Estimate is based on small numbers so should be interpreted with caution.,3.1*,18,adults_recent_asthma_attack,unadjusted_pct,2011
363,406,UHF42,39,2.1,"(0.8, 5.4)",* Estimate is based on small numbers so should be interpreted with caution.,2.1*,18,adults_recent_asthma_attack,unadjusted_pct,2012
363,406,UHF42,40,1.3,"(0.4, 3.9)",* Estimate is based on small numbers so should be interpreted with caution.,1.3*,18,adults_recent_asthma_attack,unadjusted_pct,2013
363,406,UHF42,41,,,** Estimate is suppressed due to insufficient data.,**,18,adults_recent_asthma_attack,unadjusted_pct,2014
363,406,UHF42,44,7.0,"(3.4, 14.0)",* Estimate is based on small numbers so should be interpreted with caution.,7.0*,18,adults_recent_asthma_attack,unadjusted_pct,2015
363,406,UHF42,45,6.4,"(2.5, 15.2)",* Estimate is based on small numbers so should be interpreted with caution.,6.4*,18,adults_recent_asthma_attack,unadjusted_pct,2016
363,406,UHF42,46,2.2,"(0.8, 5.9)",* Estimate is based on small numbers so should be interpreted with caution.,2.2*,18,adults_recent_asthma_attack,unadjusted_pct,2017
363,406,UHF42,47,2.3,"(1.0, 5.3)",* Estimate is based on small numbers so should be interpreted with caution.,2.3*,18,adults_recent_asthma_attack,unadjusted_pct,2018
363,406,UHF42,48,2.5,"(0.9, 6.7)",* Estimate is based on small numbers so should be interpreted with caution.,2.5*,18,adults_recent_asthma_attack,unadjusted_pct,2019
363,406,UHF42,49,3.6,"(1.6, 8.1)",* Estimate is based on small numbers so should be interpreted with caution.,3.6*,18,adults_recent_asthma_attack,unadjusted_pct,2020
363,406,UHF42,289,2.5,"(0.9, 6.5)",* Estimate is based on small numbers so should be interpreted with caution.,2.5*,18,adults_recent_asthma_attack,unadjusted_pct,2021
363,406,UHF42,296,,,** Estimate is suppressed due to insufficient data.,**,18,adults_recent_asthma_attack,unadjusted_pct,2022
363,407,UHF42,7,2.9,"(1.5, 5.4)",* Estimate is based on small numbers so should be interpreted with caution.,2.9*,18,adults_recent_asthma_attack,unadjusted_pct,2003
363,407,UHF42,8,4.1,"(2.0, 8.0)",* Estimate is based on small numbers so should be interpreted with caution.,4.1*,18,adults_recent_asthma_attack,unadjusted_pct,2004
363,407,UHF42,10,1.7,"(0.8, 4.0)",* Estimate is based on small numbers so should be interpreted with caution.,1.7*,18,adults_recent_asthma_attack,unadjusted_pct,2006
363,407,UHF42,11,6.9,"(3.7, 12.6)",* Estimate is based on small numbers so should be interpreted with caution.,6.9*,18,adults_recent_asthma_attack,unadjusted_pct,2007
363,407,UHF42,12,5.2,"(2.3, 11.3)",* Estimate is based on small numbers so should be interpreted with caution.,5.2*,18,adults_recent_asthma_attack,unadjusted_pct,2008
363,407,UHF42,13,8.6,"(4.6, 15.5)",* Estimate is based on small numbers so should be interpreted with caution.,8.6*,18,adults_recent_asthma_attack,unadjusted_pct,2009
363,407,UHF42,14,0.9,"(0.2, 4.2)",* Estimate is based on small numbers so should be interpreted with caution.,0.9*,18,adults_recent_asthma_attack,unadjusted_pct,2010
363,407,UHF42,38,3.7,"(1.7, 7.9)",* Estimate is based on small numbers so should be interpreted with caution.,3.7*,18,adults_recent_asthma_attack,unadjusted_pct,2011
363,407,UHF42,39,5.1,"(2.4, 10.8)",* Estimate is based on small numbers so should be interpreted with caution.,5.1*,18,adults_recent_asthma_attack,unadjusted_pct,2012
363,407,UHF42,40,1.6,"(0.6, 3.9)",* Estimate is based on small numbers so should be interpreted with caution.,1.6*,18,adults_recent_asthma_attack,unadjusted_pct,2013
363,407,UHF42,41,4.2,"(1.8, 9.1)",* Estimate is based on small numbers so should be interpreted with caution.,4.2*,18,adults_recent_asthma_attack,unadjusted_pct,2014
363,407,UHF42,44,6.7,"(3.4, 12.8)",* Estimate is based on small numbers so should be interpreted with caution.,6.7*,18,adults_recent_asthma_attack,unadjusted_pct,2015
363,407,UHF42,45,2.8,"(1.0, 7.1)",* Estimate is based on small numbers so should be interpreted with caution.,2.8*,18,adults_recent_asthma_attack,unadjusted_pct,2016
363,407,UHF42,46,3.0,"(1.5, 5.9)",* Estimate is based on small numbers so should be interpreted with caution.,3.0*,18,adults_recent_asthma_attack,unadjusted_pct,2017
363,407,UHF42,47,2.5,"(1.1, 5.4)",* Estimate is based on small numbers so should be interpreted with caution.,2.5*,18,adults_recent_asthma_attack,unadjusted_pct,2018
363,407,UHF42,48,2.9,"(1.4, 5.8)",* Estimate is based on small numbers so should be interpreted with caution.,2.9*,18,adults_recent_asthma_attack,unadjusted_pct,2019
363,407,UHF42,49,,,** Estimate is suppressed due to insufficient data.,**,18,adults_recent_asthma_attack,unadjusted_pct,2020
363,407,UHF42,289,4.3,"(2.4, 7.8)",* Estimate is based on small numbers so should be interpreted with caution.,4.3*,18,adults_recent_asthma_attack,unadjusted_pct,2021
363,407,UHF42,296,4.0,"(2.1, 7.7)",* Estimate is based on small numbers so should be interpreted with caution.,4.0*,18,adults_recent_asthma_attack,unadjusted_pct,2022
363,408,UHF42,7,5.0,"(2.7, 8.8)",* Estimate is based on small numbers so should be interpreted with caution.,5.0*,18,adults_recent_asthma_attack,unadjusted_pct,2003
363,408,UHF42,8,4.2,"(2.3, 7.7)",* Estimate is based on small numbers so should be interpreted with caution.,4.2*,18,adults_recent_asthma_attack,unadjusted_pct,2004
363,408,UHF42,10,5.1,"(2.9, 8.7)",,5.1,18,adults_recent_asthma_attack,unadjusted_pct,2006
363,408,UHF42,11,5.0,"(2.9, 8.4)",,5.0,18,adults_recent_asthma_attack,unadjusted_pct,2007
363,408,UHF42,12,5.9,"(2.5, 13.2)",* Estimate is based on small numbers so should be interpreted with caution.,5.9*,18,adults_recent_asthma_attack,unadjusted_pct,2008
363,408,UHF42,13,3.5,"(1.5, 8.0)",* Estimate is based on small numbers so should be interpreted with caution.,3.5*,18,adults_recent_asthma_attack,unadjusted_pct,2009
363,408,UHF42,14,3.8,"(1.6, 8.7)",* Estimate is based on small numbers so should be interpreted with caution.,3.8*,18,adults_recent_asthma_attack,unadjusted_pct,2010
363,408,UHF42,38,2.7,"(1.1, 6.6)",* Estimate is based on small numbers so should be interpreted with caution.,2.7*,18,adults_recent_asthma_attack,unadjusted_pct,2011
363,408,UHF42,39,3.5,"(1.6, 7.6)",* Estimate is based on small numbers so should be interpreted with caution.,3.5*,18,adults_recent_asthma_attack,unadjusted_pct,2012
363,408,UHF42,40,2.6,"(1.1, 6.2)",* Estimate is based on small numbers so should be interpreted with caution.,2.6*,18,adults_recent_asthma_attack,unadjusted_pct,2013
363,408,UHF42,41,3.3,"(1.6, 7.0)",* Estimate is based on small numbers so should be interpreted with caution.,3.3*,18,adults_recent_asthma_attack,unadjusted_pct,2014
363,408,UHF42,44,5.4,"(2.9, 9.6)",* Estimate is based on small numbers so should be interpreted with caution.,5.4*,18,adults_recent_asthma_attack,unadjusted_pct,2015
363,408,UHF42,45,,,** Estimate is suppressed due to insufficient data.,**,18,adults_recent_asthma_attack,unadjusted_pct,2016
363,408,UHF42,46,5.6,"(2.4, 12.6)",* Estimate is based on small numbers so should be interpreted with caution.,5.6*,18,adults_recent_asthma_attack,unadjusted_pct,2017
363,408,UHF42,47,1.7,"(0.8, 3.5)",* Estimate is based on small numbers so should be interpreted with caution.,1.7*,18,adults_recent_asthma_attack,unadjusted_pct,2018
363,408,UHF42,48,3.2,"(1.2, 8.3)",* Estimate is based on small numbers so should be interpreted with caution.,3.2*,18,adults_recent_asthma_attack,unadjusted_pct,2019
363,408,UHF42,49,1.4,"(0.6, 3.5)",* Estimate is based on small numbers so should be interpreted with caution.,1.4*,18,adults_recent_asthma_attack,unadjusted_pct,2020
363,408,UHF42,289,1.6,"(0.6, 4.5)",* Estimate is based on small numbers so should be interpreted with caution.,1.6*,18,adults_recent_asthma_attack,unadjusted_pct,2021
363,408,UHF42,296,4.8,"(2.4, 9.5)",* Estimate is based on small numbers so should be interpreted with caution.,4.8*,18,adults_recent_asthma_attack,unadjusted_pct,2022
363,409,UHF42,7,2.3,"(1.0, 4.9)",* Estimate is based on small numbers so should be interpreted with caution.,2.3*,18,adults_recent_asthma_attack,unadjusted_pct,2003
363,409,UHF42,8,2.9,"(1.5, 5.6)",* Estimate is based on small numbers so should be interpreted with caution.,2.9*,18,adults_recent_asthma_attack,unadjusted_pct,2004
363,409,UHF42,10,4.3,"(2.5, 7.3)",,4.3,18,adults_recent_asthma_attack,unadjusted_pct,2006
363,409,UHF42,11,3.4,"(1.7, 7.0)",* Estimate is based on small numbers so should be interpreted with caution.,3.4*,18,adults_recent_asthma_attack,unadjusted_pct,2007
363,409,UHF42,12,,,** Estimate is suppressed due to insufficient data.,**,18,adults_recent_asthma_attack,unadjusted_pct,2008
363,409,UHF42,13,2.4,"(1.0, 5.7)",* Estimate is based on small numbers so should be interpreted with caution.,2.4*,18,adults_recent_asthma_attack,unadjusted_pct,2009
363,409,UHF42,14,2.0,"(0.8, 5.1)",* Estimate is based on small numbers so should be interpreted with caution.,2.0*,18,adults_recent_asthma_attack,unadjusted_pct,2010
363,409,UHF42,38,,,** Estimate is suppressed due to insufficient data.,**,18,adults_recent_asthma_attack,unadjusted_pct,2011
363,409,UHF42,39,,,** Estimate is suppressed due to insufficient data.,**,18,adults_recent_asthma_attack,unadjusted_pct,2012
363,409,UHF42,40,3.2,"(1.4, 7.4)",* Estimate is based on small numbers so should be interpreted with caution.,3.2*,18,adults_recent_asthma_attack,unadjusted_pct,2013
363,409,UHF42,41,0.9,"(0.3, 2.7)",* Estimate is based on small numbers so should be interpreted with caution.,0.9*,18,adults_recent_asthma_attack,unadjusted_pct,2014
363,409,UHF42,44,,,** Estimate is suppressed due to insufficient data.,**,18,adults_recent_asthma_attack,unadjusted_pct,2015
363,409,UHF42,45,,,** Estimate is suppressed due to insufficient data.,**,18,adults_recent_asthma_attack,unadjusted_pct,2016
363,409,UHF42,46,,,** Estimate is suppressed due to insufficient data.,**,18,adults_recent_asthma_attack,unadjusted_pct,2017
363,409,UHF42,47,1.5,"(0.6, 4.2)",* Estimate is based on small numbers so should be interpreted with caution.,1.5*,18,adults_recent_asthma_attack,unadjusted_pct,2018
363,409,UHF42,48,,,** Estimate is suppressed due to insufficient data.,**,18,adults_recent_asthma_attack,unadjusted_pct,2019
363,409,UHF42,49,0.0,"(NaN, NaN)",* Estimate is based on small numbers so should be interpreted with caution.,0.0*,18,adults_recent_asthma_attack,unadjusted_pct,2020
363,409,UHF42,289,,,** Estimate is suppressed due to insufficient data.,**,18,adults_recent_asthma_attack,unadjusted_pct,2021
363,409,UHF42,296,,,** Estimate is suppressed due to insufficient data.,**,18,adults_recent_asthma_attack,unadjusted_pct,2022
363,410,UHF42,7,6.0,"(3.5, 10.0)",,6.0,18,adults_recent_asthma_attack,unadjusted_pct,2003
363,410,UHF42,8,4.4,"(2.5, 7.9)",,4.4,18,adults_recent_asthma_attack,unadjusted_pct,2004
363,410,UHF42,10,7.3,"(2.8, 17.8)",* Estimate is based on small numbers so should be interpreted with caution.,7.3*,18,adults_recent_asthma_attack,unadjusted_pct,2006
363,410,UHF42,11,1.9,"(0.6, 6.3)",* Estimate is based on small numbers so should be interpreted with caution.,1.9*,18,adults_recent_asthma_attack,unadjusted_pct,2007
363,410,UHF42,12,4.1,"(1.9, 8.8)",* Estimate is based on small numbers so should be interpreted with caution.,4.1*,18,adults_recent_asthma_attack,unadjusted_pct,2008
363,410,UHF42,13,10.7,"(5.4, 20.1)",* Estimate is based on small numbers so should be interpreted with caution.,10.7*,18,adults_recent_asthma_attack,unadjusted_pct,2009
363,410,UHF42,14,6.4,"(3.1, 12.8)",* Estimate is based on small numbers so should be interpreted with caution.,6.4*,18,adults_recent_asthma_attack,unadjusted_pct,2010
363,410,UHF42,38,,,** Estimate is suppressed due to insufficient data.,**,18,adults_recent_asthma_attack,unadjusted_pct,2011
363,410,UHF42,39,,,** Estimate is suppressed due to insufficient data.,**,18,adults_recent_asthma_attack,unadjusted_pct,2012
363,410,UHF42,40,,,** Estimate is suppressed due to insufficient data.,**,18,adults_recent_asthma_attack,unadjusted_pct,2013
363,410,UHF42,41,,,** Estimate is suppressed due to insufficient data.,**,18,adults_recent_asthma_attack,unadjusted_pct,2014
363,410,UHF42,44,,,** Estimate is suppressed due to insufficient data.,**,18,adults_recent_asthma_attack,unadjusted_pct,2015
363,410,UHF42,45,10.6,"(4.4, 23.1)",* Estimate is based on small numbers so should be interpreted with caution.,10.6*,18,adults_recent_asthma_attack,unadjusted_pct,2016
363,410,UHF42,46,,,** Estimate is suppressed due to insufficient data.,**,18,adults_recent_asthma_attack,unadjusted_pct,2017
363,410,UHF42,47,8.9,"(3.5, 20.9)",* Estimate is based on small numbers so should be interpreted with caution.,8.9*,18,adults_recent_asthma_attack,unadjusted_pct,2018
363,410,UHF42,48,,,** Estimate is suppressed due to insufficient data.,**,18,adults_recent_asthma_attack,unadjusted_pct,2019
363,410,UHF42,49,,,** Estimate is suppressed due to insufficient data.,**,18,adults_recent_asthma_attack,unadjusted_pct,2020
363,410,UHF42,289,7.6,"(3.6, 15.3)",* Estimate is based on small numbers so should be interpreted with caution.,7.6*,18,adults_recent_asthma_attack,unadjusted_pct,2021
363,410,UHF42,296,3.9,"(1.8, 8.3)",* Estimate is based on small numbers so should be interpreted with caution.,3.9*,18,adults_recent_asthma_attack,unadjusted_pct,2022
363,501,UHF42,7,6.2,"(3.6, 10.4)",,6.2,18,adults_recent_asthma_attack,unadjusted_pct,2003
363,501,UHF42,8,4.2,"(2.2, 7.8)",* Estimate is based on small numbers so should be interpreted with caution.,4.2*,18,adults_recent_asthma_attack,unadjusted_pct,2004
363,501,UHF42,10,5.5,"(3.4, 8.9)",,5.5,18,adults_recent_asthma_attack,unadjusted_pct,2006
363,501,UHF42,11,6.8,"(3.9, 11.6)",,6.8,18,adults_recent_asthma_attack,unadjusted_pct,2007
363,501,UHF42,12,1.5,"(0.6, 3.7)",* Estimate is based on small numbers so should be interpreted with caution.,1.5*,18,adults_recent_asthma_attack,unadjusted_pct,2008
363,501,UHF42,13,5.8,"(3.5, 9.3)",,5.8,18,adults_recent_asthma_attack,unadjusted_pct,2009
363,501,UHF42,14,6.1,"(2.7, 13.4)",* Estimate is based on small numbers so should be interpreted with caution.,6.1*,18,adults_recent_asthma_attack,unadjusted_pct,2010
363,501,UHF42,38,3.5,"(1.4, 8.2)",* Estimate is based on small numbers so should be interpreted with caution.,3.5*,18,adults_recent_asthma_attack,unadjusted_pct,2011
363,501,UHF42,39,3.9,"(1.7, 8.5)",* Estimate is based on small numbers so should be interpreted with caution.,3.9*,18,adults_recent_asthma_attack,unadjusted_pct,2012
363,501,UHF42,40,0.4,"(0.1, 1.5)",* Estimate is based on small numbers so should be interpreted with caution.,0.4*,18,adults_recent_asthma_attack,unadjusted_pct,2013
363,501,UHF42,41,3.2,"(1.4, 7.1)",* Estimate is based on small numbers so should be interpreted with caution.,3.2*,18,adults_recent_asthma_attack,unadjusted_pct,2014
363,501,UHF42,44,6.9,"(3.6, 12.9)",* Estimate is based on small numbers so should be interpreted with caution.,6.9*,18,adults_recent_asthma_attack,unadjusted_pct,2015
363,501,UHF42,45,6.7,"(2.8, 15.4)",* Estimate is based on small numbers so should be interpreted with caution.,6.7*,18,adults_recent_asthma_attack,unadjusted_pct,2016
363,501,UHF42,46,2.0,"(0.7, 5.3)",* Estimate is based on small numbers so should be interpreted with caution.,2.0*,18,adults_recent_asthma_attack,unadjusted_pct,2017
363,501,UHF42,47,1.1,"(0.3, 3.9)",* Estimate is based on small numbers so should be interpreted with caution.,1.1*,18,adults_recent_asthma_attack,unadjusted_pct,2018
363,501,UHF42,48,4.3,"(1.7, 10.7)",* Estimate is based on small numbers so should be interpreted with caution.,4.3*,18,adults_recent_asthma_attack,unadjusted_pct,2019
363,501,UHF42,49,,,** Estimate is suppressed due to insufficient data.,**,18,adults_recent_asthma_attack,unadjusted_pct,2020
363,501,UHF42,289,5.1,"(1.9, 12.9)",* Estimate is based on small numbers so should be interpreted with caution.,5.1*,18,adults_recent_asthma_attack,unadjusted_pct,2021
363,501,UHF42,296,,,** Estimate is suppressed due to insufficient data.,**,18,adults_recent_asthma_attack,unadjusted_pct,2022
363,502,UHF42,7,6.2,"(3.6, 10.4)",,6.2,18,adults_recent_asthma_attack,unadjusted_pct,2003
363,502,UHF42,8,4.2,"(2.2, 7.8)",* Estimate is based on small numbers so should be interpreted with caution.,4.2*,18,adults_recent_asthma_attack,unadjusted_pct,2004
363,502,UHF42,10,5.5,"(3.4, 8.9)",,5.5,18,adults_recent_asthma_attack,unadjusted_pct,2006
363,502,UHF42,11,6.8,"(3.9, 11.6)",,6.8,18,adults_recent_asthma_attack,unadjusted_pct,2007
363,502,UHF42,12,1.5,"(0.6, 3.7)",* Estimate is based on small numbers so should be interpreted with caution.,1.5*,18,adults_recent_asthma_attack,unadjusted_pct,2008
363,502,UHF42,13,5.8,"(3.5, 9.3)",,5.8,18,adults_recent_asthma_attack,unadjusted_pct,2009
363,502,UHF42,14,6.1,"(2.7, 13.4)",* Estimate is based on small numbers so should be interpreted with caution.,6.1*,18,adults_recent_asthma_attack,unadjusted_pct,2010
363,502,UHF42,38,3.5,"(1.4, 8.2)",* Estimate is based on small numbers so should be interpreted with caution.,3.5*,18,adults_recent_asthma_attack,unadjusted_pct,2011
363,502,UHF42,39,3.9,"(1.7, 8.5)",* Estimate is based on small numbers so should be interpreted with caution.,3.9*,18,adults_recent_asthma_attack,unadjusted_pct,2012
363,502,UHF42,40,0.4,"(0.1, 1.5)",* Estimate is based on small numbers so should be interpreted with caution.,0.4*,18,adults_recent_asthma_attack,unadjusted_pct,2013
363,502,UHF42,41,3.2,"(1.4, 7.1)",* Estimate is based on small numbers so should be interpreted with caution.,3.2*,18,adults_recent_asthma_attack,unadjusted_pct,2014
363,502,UHF42,44,6.9,"(3.6, 12.9)",* Estimate is based on small numbers so should be interpreted with caution.,6.9*,18,adults_recent_asthma_attack,unadjusted_pct,2015
363,502,UHF42,45,6.7,"(2.8, 15.4)",* Estimate is based on small numbers so should be interpreted with caution.,6.7*,18,adults_recent_asthma_attack,unadjusted_pct,2016
363,502,UHF42,46,2.0,"(0.7, 5.3)",* Estimate is based on small numbers so should be interpreted with caution.,2.0*,18,adults_recent_asthma_attack,unadjusted_pct,2017
363,502,UHF42,47,1.1,"(0.3, 3.9)",* Estimate is based on small numbers so should be interpreted with caution.,1.1*,18,adults_recent_asthma_attack,unadjusted_pct,2018
363,502,UHF42,48,4.3,"(1.7, 10.7)",* Estimate is based on small numbers so should be interpreted with caution.,4.3*,18,adults_recent_asthma_attack,unadjusted_pct,2019
363,502,UHF42,49,,,** Estimate is suppressed due to insufficient data.,**,18,adults_recent_asthma_attack,unadjusted_pct,2020
363,502,UHF42,289,5.1,"(1.9, 12.9)",* Estimate is based on small numbers so should be interpreted with caution.,5.1*,18,adults_recent_asthma_attack,unadjusted_pct,2021
363,502,UHF42,296,,,** Estimate is suppressed due to insufficient data.,**,18,adults_recent_asthma_attack,unadjusted_pct,2022
363,503,UHF42,7,2.4,"(1.2, 4.9)",* Estimate is based on small numbers so should be interpreted with caution.,2.4*,18,adults_recent_asthma_attack,unadjusted_pct,2003
363,503,UHF42,8,5.7,"(3.3, 9.7)",,5.7,18,adults_recent_asthma_attack,unadjusted_pct,2004
363,503,UHF42,10,3.1,"(1.5, 6.1)",* Estimate is based on small numbers so should be interpreted with caution.,3.1*,18,adults_recent_asthma_attack,unadjusted_pct,2006
363,503,UHF42,11,4.4,"(2.4, 7.8)",,4.4,18,adults_recent_asthma_attack,unadjusted_pct,2007
363,503,UHF42,12,7.4,"(4.4, 12.1)",,7.4,18,adults_recent_asthma_attack,unadjusted_pct,2008
363,503,UHF42,13,3.1,"(1.6, 6.0)",* Estimate is based on small numbers so should be interpreted with caution.,3.1*,18,adults_recent_asthma_attack,unadjusted_pct,2009
363,503,UHF42,14,3.9,"(2.2, 6.8)",,3.9,18,adults_recent_asthma_attack,unadjusted_pct,2010
363,503,UHF42,38,3.1,"(1.6, 5.9)",* Estimate is based on small numbers so should be interpreted with caution.,3.1*,18,adults_recent_asthma_attack,unadjusted_pct,2011
363,503,UHF42,39,,,** Estimate is suppressed due to insufficient data.,**,18,adults_recent_asthma_attack,unadjusted_pct,2012
363,503,UHF42,40,2.7,"(1.3, 5.7)",* Estimate is based on small numbers so should be interpreted with caution.,2.7*,18,adults_recent_asthma_attack,unadjusted_pct,2013
363,503,UHF42,41,5.8,"(3.6, 9.4)",,5.8,18,adults_recent_asthma_attack,unadjusted_pct,2014
363,503,UHF42,44,5.1,"(2.5, 10.1)",* Estimate is based on small numbers so should be interpreted with caution.,5.1*,18,adults_recent_asthma_attack,unadjusted_pct,2015
363,503,UHF42,45,5.9,"(2.9, 11.8)",* Estimate is based on small numbers so should be interpreted with caution.,5.9*,18,adults_recent_asthma_attack,unadjusted_pct,2016
363,503,UHF42,46,1.3,"(0.6, 3.0)",* Estimate is based on small numbers so should be interpreted with caution.,1.3*,18,adults_recent_asthma_attack,unadjusted_pct,2017
363,503,UHF42,47,3.5,"(1.5, 8.1)",* Estimate is based on small numbers so should be interpreted with caution.,3.5*,18,adults_recent_asthma_attack,unadjusted_pct,2018
363,503,UHF42,48,,,** Estimate is suppressed due to insufficient data.,**,18,adults_recent_asthma_attack,unadjusted_pct,2019
363,503,UHF42,49,5.2,"(2.8, 9.7)",* Estimate is based on small numbers so should be interpreted with caution.,5.2*,18,adults_recent_asthma_attack,unadjusted_pct,2020
363,503,UHF42,289,3.9,"(1.7, 8.6)",* Estimate is based on small numbers so should be interpreted with caution.,3.9*,18,adults_recent_asthma_attack,unadjusted_pct,2021
363,503,UHF42,296,3.3,"(1.5, 7.1)",* Estimate is based on small numbers so should be interpreted with caution.,3.3*,18,adults_recent_asthma_attack,unadjusted_pct,2022
363,504,UHF42,7,2.4,"(1.2, 4.9)",* Estimate is based on small numbers so should be interpreted with caution.,2.4*,18,adults_recent_asthma_attack,unadjusted_pct,2003
363,504,UHF42,8,5.7,"(3.3, 9.7)",,5.7,18,adults_recent_asthma_attack,unadjusted_pct,2004
363,504,UHF42,10,3.1,"(1.5, 6.1)",* Estimate is based on small numbers so should be interpreted with caution.,3.1*,18,adults_recent_asthma_attack,unadjusted_pct,2006
363,504,UHF42,11,4.4,"(2.4, 7.8)",,4.4,18,adults_recent_asthma_attack,unadjusted_pct,2007
363,504,UHF42,12,7.4,"(4.4, 12.1)",,7.4,18,adults_recent_asthma_attack,unadjusted_pct,2008
363,504,UHF42,13,3.1,"(1.6, 6.0)",* Estimate is based on small numbers so should be interpreted with caution.,3.1*,18,adults_recent_asthma_attack,unadjusted_pct,2009
363,504,UHF42,14,3.9,"(2.2, 6.8)",,3.9,18,adults_recent_asthma_attack,unadjusted_pct,2010
363,504,UHF42,38,3.1,"(1.6, 5.9)",* Estimate is based on small numbers so should be interpreted with caution.,3.1*,18,adults_recent_asthma_attack,unadjusted_pct,2011
363,504,UHF42,39,,,** Estimate is suppressed due to insufficient data.,**,18,adults_recent_asthma_attack,unadjusted_pct,2012
363,504,UHF42,40,2.7,"(1.3, 5.7)",* Estimate is based on small numbers so should be interpreted with caution.,2.7*,18,adults_recent_asthma_attack,unadjusted_pct,2013
363,504,UHF42,41,5.8,"(3.6, 9.4)",,5.8,18,adults_recent_asthma_attack,unadjusted_pct,2014
363,504,UHF42,44,5.1,"(2.5, 10.1)",* Estimate is based on small numbers so should be interpreted with caution.,5.1*,18,adults_recent_asthma_attack,unadjusted_pct,2015
363,504,UHF42,45,5.9,"(2.9, 11.8)",* Estimate is based on small numbers so should be interpreted with caution.,5.9*,18,adults_recent_asthma_attack,unadjusted_pct,2016
363,504,UHF42,46,1.3,"(0.6, 3.0)",* Estimate is based on small numbers so should be interpreted with caution.,1.3*,18,adults_recent_asthma_attack,unadjusted_pct,2017
363,504,UHF42,47,3.5,"(1.5, 8.1)",* Estimate is based on small numbers so should be interpreted with caution.,3.5*,18,adults_recent_asthma_attack,unadjusted_pct,2018
363,504,UHF42,48,,,** Estimate is suppressed due to insufficient data.,**,18,adults_recent_asthma_attack,unadjusted_pct,2019
363,504,UHF42,49,5.2,"(2.8, 9.7)",* Estimate is based on small numbers so should be interpreted with caution.,5.2*,18,adults_recent_asthma_attack,unadjusted_pct,2020
363,504,UHF42,289,3.9,"(1.7, 8.6)",* Estimate is based on small numbers so should be interpreted with caution.,3.9*,18,adults_recent_asthma_attack,unadjusted_pct,2021
363,504,UHF42,296,3.3,"(1.5, 7.1)",* Estimate is based on small numbers so should be interpreted with caution.,3.3*,18,adults_recent_asthma_attack,unadjusted_pct,2022
